tree
version=v4
num_class=1
num_tree_per_iteration=1
label_index=0
max_feature_idx=57
objective=quantile
feature_names=pm25_now pm25_lag1 pm25_lag2 pm25_lag3 pm25_lag6 pm25_lag12 pm25_lag24 pm25_lag48 pm25_lag72 pm25_lag168 pm25_mean6 pm25_mean24 pm25_mean72 pm25_mean168 pm25_std24 pm25_max24 pm25_min24 pm25_trend6 pm25_trend24 pm10_now nitrogen_dioxide_now ozone_now carbon_monoxide_now aerosol_optical_depth_now dust_now sulphur_dioxide_now pm_coarse_ratio temperature_2m_now relative_humidity_2m_now wind_speed_10m_now boundary_layer_height_now wind_u_now wind_v_now precip_sum24 temp_change24 horizon temperature_2m_tgt relative_humidity_2m_tgt dew_point_2m_tgt precipitation_tgt surface_pressure_tgt cloud_cover_tgt wind_speed_10m_tgt boundary_layer_height_tgt wind_u_tgt wind_v_tgt precip_cum_h wind_mean_h temp_diff_tgt blh_diff_tgt hour_sin hour_cos doy_sin doy_cos month dayofweek snaive_1d snaive_3d_mean
feature_infos=[0.60000002384185791:362.29998779296875] [0.5:358.60000610351562] [0.5:365.10000610351562] [0.60000002384185791:362.29998779296875] [0.60000002384185791:362.29998779296875] [0.60000002384185791:362.29998779296875] [0.60000002384185791:362.29998779296875] [0.60000002384185791:362.29998779296875] [0.60000002384185791:362.29998779296875] [0.60000002384185791:362.29998779296875] [0.61666667461395264:355.14999389648438] [0.66250002384185791:292.8416748046875] [9.0597219467163086:247.875] [20.088094711303711:220.05357360839844] [0.062409352511167526:86.876152038574219] [0.80000001192092896:365.10000610351562] [0.5:191.39999389648438] [-215.60000610351562:176] [-185.30000305175781:227.60000610351562] [0.80000001192092896:840.0999755859375] [0:317.70001220703125] [0:332] [59:12844] [0.029999999329447746:3.1700000762939453] [0:1287] [0.10000000149011612:97.900001525878906] [0.14162816107273102:1] [1.3999999761581421:46.099998474121094] [5:100] [0:35] [10:5205] [-30.195400238037109:26.683734893798828] [-32.10614013671875:29.681682586669922] [0:93.900001525878906] [-15.100000381469727:13.699999809265137] [1:3] [1.1000000238418579:46.5] [5:100] [-9.8999996185302734:28.700000762939453] [0:19.899999618530273] [965.4000244140625:1001.5] [0:100] [0:37.200000762939453] [10:5250] [-30.195400238037109:36.426445007324219] [-34.567955017089844:30.310888290405273] [0:45.700000762939453] [0:37.200000762939453] [-11.600000381469727:11.899999618530273] [-4830:3135] [-1:1] [-1:1] [-0.99999940395355225:0.99998557567596436] [-0.99997919797897339:0.99999076128005981] [1:12] [0:6] [0.5:365.10000610351562] [0.66666668653488159:307.63333129882812]
tree_sizes=1430 1486 1493 1492 1479 1490 1485 1494 1506 1503 1501 1504 1502 1507 1498 1511 1521 1492 1515 1520 1508 1507 1513 1508 1505 1511 1499 1509 1516 1517 1510 1516 1532 1511 1527 1508 1523 1519 1528 1514 1529 1521 1519 1517 1545 1519 1514 1517 1526 1535 1527 1518 1514 1512 1529 1511 1521 1511 1531 1514 1524 1520 1514 1525 1523 1508 1529 1531 1539 1527 1542 1524 1532 1514 1525 1517 1524 1518 1517 1514 1513 1513 1525 1532 1535 1540 1526 1522 1504 1503 1529 1538 1502 1547 1529 1511 1531 1520 1521 1532 1505 1512 1545 1530 1534 1530 1541 1516 1519 1528 1545 1510 1520 1542 1536 1523 1521 1520 1532 1525 1504 1539 1506 1527 1516 1532 1525 1508 1519 1516 1514 1529 1536 1522 1524 1517 1532 1533 1523 1508 1515 1535 1518 1505 1514 1516 1521 1512 1504 1518 1526 1529 1531 1501 1529 1537 1505 1518 1549 1519 1526 1515 1536 1531 1504 1513 1536 1515 1526 1520 1520 1544 1539 1497 1531 1513 1514 1509 1527 1506 1523 1533 1515 1525 1535 1520 1522 1523 1488 1522 1498 1504 1480 1513 1520 1535 1511 1537 1513 1489 1508 1521 1505 1524 1508 1515 1518 1498 1511 1515 1511 1517 1514 1510 1531 1521 1530 1513 1540 1520 1530 1496 1521 1521 1517 1538 1530 1529 1501 1519 1524 1507 1529 1511 1509 1501 1518 1522 1511 1513 1479 1532 1498 1517 1504 1535 1511 1495 1503 1515 1539 1494 1523 1507 1529 1510 1523 1525 1524 1526 1497 1532 1519 1520 1531 1500 1494 1521 1514 1518 1495 1507 1515 1501 1507 1524 1516 1536 1494 1494 1493 1530 1526 1524 1513 1515 1524 1506 1512 1527 1497 1524 1500 1517 1501 1526 1518 1525 1505 1531 1529 1503 1515 1517 1514 1514 1513 1512 1487 1507 1521 1510 1502 1544 1490 1530 1511 1492 1511 1492 1515 1536 1510 1508 1496 1503 1536 1496 1527 1536 1491 1505 1507 1514 1510 1504 1505 1519 1501 1475 1501 1543 1518 1501 1491 1535 1494 1503 1512 1510 1540 1510 1522 1516 1518 1493 1524 1522 1507 1536 1521 1497 1513 1499 1490 1512 1504 1511 1528 1524 1513 1495 1516 1504 1519 1515 1543 1503 1508 1502 1507 1511 1511 1502 1542 1490 1518 1503 1502 1497 1493 1512 1510 1540 1509 1509 1516 1504 1513 1514 1507 1528 1499 1511 1544 1532 1519 1521 1504 1496 1507 1513 1519 1521 1519 1522 1534 1517 1506 1502 1502 1492 1501 1511 1526 1503 1489 1499 1532 1532 1521 1535 1529 1523 1523 1510 1514 1503 1518 1517 1505 1529 1523 1515 1513 1474 1520 1509 1514 1495 1490 1502 1516 1507 1499 1536 1519 1500 1529 1509 1516 1525 1515 1516 1520 1522 1506 1540 1494 1539 1546 1525 1509 1513 1504 1506 1508 1547 1488 1508 1512 1533 1520 1513 1520 1495 1485 1519 1545 1514 1516 1486 1534 1535 1500 1494 1503 1500 1541 1524

Tree=0
num_leaves=15
num_cat=0
split_feature=50 51 23 50 24 33 49 36 19 53 10 44 23 52
split_gain=417.653 260.989 93.4092 39.772 32.4286 20.4266 18.5111 12.4576 10.9413 10.2462 9.78493 7.75127 6.52224 6.41739
threshold=-0.7865660786628722 0.12940952181816107 0.79500001668930065 -0.91597560048103321 14.500000000000002 1.7500000000000002 -207.49999999999997 26.349999427795414 103.95000076293947 -0.95242238044738758 29.808333396911625 -7.199610471725463 1.0049999952316286 -0.87812310457229603
decision_type=2 2 2 2 2 2 8 2 2 2 2 2 2 2
left_child=1 3 5 4 6 9 7 -1 -8 -3 -2 -4 -13 -6
right_child=10 2 11 -5 13 -7 8 -9 -10 -11 -12 12 -14 -15
leaf_value=0.268505992255335 0.25183739547045081 0.25994276390006926 0.24997734923995427 0.24389378333104439 0.25805922567349937 0.26633613696916425 0.25912210649267492 0.2611709566880801 0.25030641956901151 0.27882744221678663 0.24568018110401812 0.2623534338470172 0.25653536337598448 0.25068094243123112
leaf_weight=298 2039 54 134 1036 184 197 333 236 173 1311 17971 214 199 844
leaf_count=298 2039 54 134 1036 184 197 333 236 173 1311 17971 214 199 844
internal_value=0.251898 0.26449 0.278018 0.255244 0.259238 0.28422 0.265418 0.27185 0.258376 0.286433 0.248613 0.260048 0.263373 0.252915
internal_weight=25223 5213 2109 3104 2068 1562 1040 534 506 1365 20010 547 413 1028
internal_count=25223 5213 2109 3104 2068 1562 1040 534 506 1365 20010 547 413 1028
is_linear=0
shrinkage=1


Tree=1
num_leaves=15
num_cat=0
split_feature=48 50 50 43 19 43 35 50 35 19 35 24 1 2
split_gain=391.828 165.56 62.9731 51.376 42.8168 21.8518 15.5458 25.8578 12.8876 14.5246 12.4479 14.5523 10.7598 10.7281
threshold=-2.2499999999999996 -0.7865660786628722 -0.91597560048103321 252.50000000000003 99.099998474121108 107.50000000000001 2.5000000000000004 -0.6035533845424651 1.5000000000000002 70.65000152587892 1.5000000000000002 21.500000000000004 22.44999980926514 22.550000190734867
decision_type=2 2 2 10 2 8 2 2 2 2 2 2 2 2
left_child=1 3 5 4 -1 8 -4 -8 9 -2 -6 -12 -5 -9
right_child=2 -3 6 12 10 -7 7 13 -10 -11 11 -13 -14 -15
leaf_value=0.027094326693173545 0.0081082702190216505 0.001058862409855399 -0.0073731650604840666 0.021483944148124573 -0.0022862454093422056 0.0022210438338515592 0.013836230057662605 0.0087546730215995079 0.010947364902733129 -0.00072797885849637664 0.010531783734265669 0.0070659778985426927 0.0029539506595185477 -0.0032964287590706133
leaf_weight=1286 97 1281 14196 67 71 1298 159 182 276 184 305 244 307 5350
leaf_count=1286 97 1281 14196 67 71 1298 159 182 276 184 305 244 307 5350
internal_value=-6.18271e-05 0.0152884 -0.00258183 0.0233406 0.0266545 0.00620643 -0.00340428 -0.00119365 0.0144004 0.00651203 0.0154762 0.0179875 0.00619792 -0.00177914
internal_weight=25303 3561 21742 2280 1906 1855 19887 5691 557 281 620 549 374 5532
internal_count=25303 3561 21742 2280 1906 1855 19887 5691 557 281 620 549 374 5532
is_linear=0
shrinkage=0.05


Tree=2
num_leaves=15
num_cat=0
split_feature=50 51 44 50 24 19 17 3 35 0 53 30 34 53
split_gain=318.923 210.442 38.6354 33.1104 29.8051 28.6244 18.2008 15.2145 17.0306 14.732 13.5956 12.3406 7.97641 7.01755
threshold=-0.7865660786628722 0.12940952181816107 -5.0732009410858145 -0.91597560048103321 21.500000000000004 52.45000076293946 -73.700000762939439 35.549999237060554 1.5000000000000002 70.65000152587892 -0.76140165328979481 57.500000000000007 -2.4500000476837154 0.21652257442474368
decision_type=2 2 2 2 2 2 2 2 2 2 2 8 2 2
left_child=1 3 -3 4 6 -4 -1 8 -2 13 -7 -10 -12 -8
right_child=7 2 5 -5 -6 10 9 -9 11 -11 12 -13 -14 -15
leaf_value=0.016012377226146426 -0.0058398497789900056 0.01186710190795756 0.03404806422908889 -0.007374811875241462 -0.00094553022627045461 0.007005924468614479 0.0071437019996051856 -0.006465539359494463 0.0069970985742637383 -0.0010429918326672592 0.0080884505984398399 0.00096645510303118999 0.013595543455536025 0.012018162754018975
leaf_weight=152 1479 455 537 1050 900 218 485 16296 332 262 77 2022 803 359
leaf_count=152 1479 455 537 1050 900 218 485 16296 332 262 77 2022 803 359
internal_value=-0.000304086 0.0105991 0.0229048 0.00253574 0.00607011 0.0264894 0.0110095 -0.00317767 -0.000342182 0.00862007 0.0214892 0.00229695 0.0242697 0.0118033
internal_weight=25427 5298 2090 3208 2158 1635 1258 20129 3833 1106 1098 2354 880 844
internal_count=25427 5298 2090 3208 2158 1635 1258 20129 3833 1106 1098 2354 880 844
is_linear=0
shrinkage=0.05


Tree=3
num_leaves=15
num_cat=0
split_feature=48 50 50 43 10 19 35 50 43 19 35 54 19 2
split_gain=330.748 109.964 50.1268 41.7341 27.8301 23.1662 19.3394 26.3117 16.585 18.8172 10.1812 10.1509 9.46449 8.16371
threshold=-2.4500000476837154 -0.7865660786628722 -0.91597560048103321 127.50000000000001 27.458333969116214 106.75000000000001 2.5000000000000004 -0.6035533845424651 111.87500000000001 58.149999618530281 1.5000000000000002 3.5000000000000004 30.800000190734867 39.649999618530281
decision_type=2 2 2 8 2 2 2 2 8 2 2 2 2 2
left_child=1 3 8 5 -5 -1 -4 -8 9 -2 -11 -6 -10 -9
right_child=2 -3 6 4 11 -7 7 13 12 10 -12 -13 -14 -15
leaf_value=0.02584329499432618 0.013393073546031576 0.0012826440648761386 -0.0065554498740300979 0.027092590214054819 0.010830694648252063 0.0081455127356913955 0.012426816757843278 0.0023730330620927945 0.01147467502027991 -7.1735018132798394e-05 0.0077285707888902714 0.0038477249782119857 0.00027836292463434071 -0.003631524618877344
leaf_weight=818 153 994 14430 283 227 323 206 1267 149 270 243 411 1182 4450
leaf_count=818 153 994 14430 283 227 323 206 1267 149 270 243 411 1182 4450
internal_value=-0.0003907 0.0150098 -0.00250224 0.0215685 0.0134211 0.0279713 -0.00324437 -0.000836846 0.00503986 0.0114201 0.00656788 0.00742284 0.00178598 -0.00148158
internal_weight=25406 3056 22350 2062 921 1141 20353 5923 1997 666 513 638 1331 5717
internal_count=25406 3056 22350 2062 921 1141 20353 5923 1997 666 513 638 1331 5717
is_linear=0
shrinkage=0.05


Tree=4
num_leaves=15
num_cat=0
split_feature=48 21 43 0 48 17 53 3 6 47 2 51 26 2
split_gain=280.24 79.1817 54.7897 28.8591 25.0894 22.1692 12.6835 12.0755 11.9112 11.0982 9.84149 9.31535 8.18697 7.4005
threshold=-2.1499999761581416 64.500000000000014 117.50000000000001 24.150000572204593 -1.2499999999999998 4.2500000000000009 0.18281312286853793 47.049999237060554 47.049999237060554 6.8583333492279062 24.94999980926514 0.12940952181816107 0.65257322788238536 43.049999237060554
decision_type=2 2 8 2 2 2 2 2 2 2 2 2 2 2
left_child=1 -1 5 11 7 8 -5 9 -3 -2 -6 -4 -10 -8
right_child=4 2 3 6 10 -7 13 -9 12 -11 -12 -13 -14 -15
leaf_value=0.0010664185713508655 0.0072586791126647027 0.030142223910768352 0.01022605351755443 0.0012941938087658895 0.00082097490299694981 0.0088618605575409414 0.013401227390878137 -0.0013840575377928367 0.0062792731062426528 0.00056436673762251955 -0.0059528920714655318 0.029662875002058772 0.012007595003041788 0.0041473445655060993
leaf_weight=1093 678 507 91 676 1308 409 150 1901 99 751 16879 221 321 195
leaf_count=1093 678 507 91 676 1308 409 150 1901 99 751 16879 221 321 195
internal_value=-0.000511884 0.0120599 0.0166872 0.00940804 -0.0027145 0.0238262 0.00523278 0.00127245 0.0281377 0.00472898 -0.0034448 0.0224845 0.0209302 0.0128873
internal_weight=25279 3762 2669 1333 21517 1336 1021 3330 927 1429 18187 312 420 345
internal_count=25279 3762 2669 1333 21517 1336 1021 3330 927 1429 18187 312 420 345
is_linear=0
shrinkage=0.05


Tree=5
num_leaves=15
num_cat=0
split_feature=48 50 50 43 19 19 35 50 51 26 42 33 3 35
split_gain=245.09 92.0431 42.6312 39.4713 33.191 19.7349 17.3967 24.2924 14.5037 13.6977 9.13243 8.55819 8.46267 7.4095
threshold=-2.3500000238418575 -0.7865660786628722 -0.91597560048103321 67.500000000000014 69.049999237060561 106.75000000000001 2.5000000000000004 -0.6035533845424651 0.12940952181816107 0.77232274413108837 7.1499998569488534 1.0000000180025095e-35 36.250000000000007 2.5000000000000004
decision_type=2 2 2 8 2 2 2 2 2 2 2 2 2 2
left_child=1 3 9 5 8 -1 -4 10 -5 -2 -8 -10 -9 -7
right_child=2 -3 6 4 -6 13 7 12 11 -11 -12 -13 -14 -15
leaf_value=0.027060268078875422 0.00150112445521475 0.00055904771443502103 -0.0061517392301977548 0.0087047030868421787 0.0028748322270383021 0.0032063220542570825 0.013383641843637798 0.0025746065536000409 0.026155691835464869 0.0078471142825591728 0.0017798979229454626 0.012813066181402622 -0.0030849701877126001 0.0089324739559004957
leaf_weight=554 1485 1113 14273 283 594 115 121 1000 336 487 69 153 4660 166
leaf_count=554 1485 1113 14273 283 594 115 121 1000 336 487 69 153 4660 166
internal_value=-0.00058598 0.0120728 -0.00248926 0.017976 0.0125872 0.0265385 -0.00317712 -0.000878841 0.0193606 0.00451059 0.01625 0.0245591 -0.00148148 0.0149313
internal_weight=25409 3314 22095 2201 1366 835 20123 5850 772 1972 190 489 5660 281
internal_count=25409 3314 22095 2201 1366 835 20123 5850 772 1972 190 489 5660 281
is_linear=0
shrinkage=0.05


Tree=6
num_leaves=15
num_cat=0
split_feature=48 17 43 48 19 1 2 25 2 2 43 25 21 23
split_gain=210.876 60.8549 37.3664 22.4991 22.4336 21.7621 10.6773 14.3285 9.998 8.60717 11.0386 8.33436 7.19253 7.18491
threshold=-2.1499999761581416 4.1499998569488534 127.50000000000001 -1.3499999642372129 34.250000000000007 42.049999237060554 58.250000000000007 17.750000000000004 39.649999618530281 59.350000381469734 67.500000000000014 21.550000190734867 84.500000000000014 0.83499997854232799
decision_type=2 2 8 2 2 2 2 2 2 2 8 2 2 2
left_child=1 2 5 6 -4 12 7 -2 -5 10 -3 -7 -1 -6
right_child=3 9 4 8 13 11 -8 -9 -10 -11 -12 -13 -14 -15
leaf_value=0.013594316026579898 0.0022175737897877942 0.0080343419634668241 0.027597224476025774 -0.0015820027384521628 0.0068467713387936769 0.0070975087068341578 -0.001920832925475729 0.0083109836174572443 -0.0057799737046767136 -0.0012787029434420992 0.0014948162497243202 0.0090612194134457157 0.02909660101489793 -0.0031316668832158073
leaf_weight=66 1272 365 197 4838 703 223 1225 325 13838 673 526 299 443 207
leaf_count=66 1272 365 197 4838 703 223 1225 325 13838 673 526 299 443 207
internal_value=-0.000636653 0.0103691 0.0158333 -0.0025358 0.00932408 0.0226657 0.00162076 0.00430305 -0.0031644 0.00284625 0.00604328 0.0150188 0.0300674 0.00586956
internal_weight=25200 3702 2138 21498 1107 1031 2822 1597 18676 1564 891 522 509 910
internal_count=25200 3702 2138 21498 1107 1031 2822 1597 18676 1564 891 522 509 910
is_linear=0
shrinkage=0.05


Tree=7
num_leaves=15
num_cat=0
split_feature=50 51 31 19 35 26 35 2 43 43 2 43 35 8
split_gain=194.785 149.389 37.0698 23.8307 19.2435 23.8426 15.8607 14.1767 12.4114 9.97345 9.81729 9.50205 7.44114 6.63894
threshold=-0.7865660786628722 0.12940952181816107 -2.5082641839981075 51.049999237060554 2.5000000000000004 0.90639743208885204 2.5000000000000004 21.94999980926514 67.500000000000014 57.500000000000007 74.849998474121108 87.500000000000014 2.5000000000000004 28.849999427795414
decision_type=2 2 2 2 2 2 2 2 10 8 2 8 2 2
left_child=1 4 13 -4 -1 11 -2 -8 12 10 -9 -6 -5 -3
right_child=6 2 3 8 5 -7 7 9 -10 -11 -12 -13 -14 -15
leaf_value=-0.0016819986484054427 -0.0054934250269619228 0.016384915666188257 0.027356792868190507 0.0068965255447089218 0.0081654235472910508 0.017310763832724851 0.0081518233839064751 0.0057837345301823689 0.0066429034613715498 -0.0035410374443099277 -0.00089733068353970921 0.00087212299347584469 0.012972842685015328 0.0038897546464644233
leaf_weight=2098 13675 133 457 359 125 160 263 580 333 4612 930 797 344 476
leaf_count=2098 13675 133 457 359 125 160 263 580 333 4612 930 797 344 476
internal_value=-0.000759705 0.007774 0.0180824 0.022312 0.000924764 0.00630952 -0.00300947 -0.000949962 0.0178011 -0.00144488 0.00207237 0.00310086 0.0215778 0.00752019
internal_weight=25342 5282 2102 1493 3180 1082 20060 6385 1036 6122 1510 922 703 609
internal_count=25342 5282 2102 1493 3180 1082 20060 6385 1036 6122 1510 922 703 609
is_linear=0
shrinkage=0.05


Tree=8
num_leaves=15
num_cat=0
split_feature=48 50 50 23 51 48 43 0 50 50 43 47 2 43
split_gain=182.641 53.4483 44.3495 43.6295 19.6496 12.9048 12.8004 12.1073 10.1819 10.0207 9.46875 7.72156 7.47145 7.25623
threshold=-2.7499999999999996 -0.7865660786628722 -0.91597560048103321 0.69499999284744274 0.12940952181816107 -1.6500000357627866 147.50000000000003 41.649999618530281 -0.7865660786628722 -0.98296290636062611 127.50000000000001 6.7166664600372323 20.050000190734867 67.500000000000014
decision_type=2 2 2 2 2 2 8 2 2 2 10 2 2 8
left_child=1 3 6 4 11 8 7 -2 10 -9 -4 -1 -7 -5
right_child=2 -3 5 13 -6 12 -8 9 -10 -11 -12 -13 -14 -15
leaf_value=0.016223131011476249 0.011014267696588524 0.00089630216060907408 0.0093213646332760049 0.0077798257452321787 0.021621937696103696 0.0022382457723283205 0.0017321969811813086 -0.00026192866977356395 -0.00019673853273517142 0.0065229833077371643 -0.00017108092519918969 0.0052436550842413733 -0.0048655704994439095 0.00030360688633246802
leaf_weight=123 225 727 136 180 911 516 1357 312 1678 320 129 199 17991 339
leaf_count=123 225 727 136 180 911 516 1357 312 1678 320 129 199 17991 339
internal_value=-0.00074206 0.0121153 -0.00215313 0.0168218 0.0219107 -0.00288123 0.00455485 0.00930219 0.000990782 0.0055919 0.00990909 0.0108133 -0.00328806 0.00454631
internal_weight=25143 2479 22664 1752 1233 20450 2214 857 1943 632 265 322 18507 519
internal_count=25143 2479 22664 1752 1233 20450 2214 857 1943 632 265 322 18507 519
is_linear=0
shrinkage=0.05


Tree=9
num_leaves=15
num_cat=0
split_feature=48 51 23 51 35 48 23 35 3 43 43 21 42 3
split_gain=149.092 37.4644 34.0271 24.6649 18.2825 16.9292 12.1978 10.5155 12.0837 11.4305 8.29816 7.38934 7.13628 7.08158
threshold=-2.1499999761581416 0.60355338454246532 0.84499999880790722 0.37940952181816107 2.5000000000000004 -1.2499999999999998 0.31499999761581426 1.5000000000000002 44.45000076293946 62.500000000000007 81.250000000000014 87.500000000000014 6.8500001430511483 47.750000000000007
decision_type=2 2 2 2 2 2 2 2 2 8 8 2 2 2
left_child=1 2 3 6 -5 13 11 -7 9 -9 -8 -1 -6 -2
right_child=5 -3 -4 4 12 7 10 8 -10 -11 -12 -13 -14 -15
leaf_value=0.0053773430995058026 0.0029570146936744061 0.00068941804059014379 0.00028977559538990208 -0.0066034375749637183 0.022368518916461189 -0.0061391762570533887 0.0088898179790675748 0.0070048683222998388 -0.0043012337633176467 -0.00064683550739745598 0.0029137462033842704 0.017987554962414633 0.017992484133439266 -0.0010367045252322007
leaf_weight=87 1440 1074 555 59 367 7379 414 268 7424 3085 589 270 311 1886
leaf_count=87 1440 1074 555 59 367 7379 414 268 7424 3085 589 270 311 1886
internal_value=-0.000889842 0.00832976 0.0115101 0.0144115 0.0217738 -0.00249209 0.010292 -0.00309259 -0.00209373 0.000396966 0.00733958 0.0181608 0.0240698 0.000785371
internal_weight=25208 3726 2652 2097 737 21482 1360 18156 10777 3353 1003 357 678 3326
internal_count=25208 3726 2652 2097 737 21482 1360 18156 10777 3353 1003 357 678 3326
is_linear=0
shrinkage=0.05


Tree=10
num_leaves=15
num_cat=0
split_feature=49 43 3 43 23 10 35 43 21 35 21 35 0 21
split_gain=81.5137 66.0839 27.5156 23.1567 18.7083 12.9946 12.114 12.7709 11.3394 10.6058 10.0166 9.4039 9.16869 7.27172
threshold=-147.49999999999997 122.50000000000001 36.250000000000007 81.250000000000014 0.74500000476837169 24.716667175292972 2.5000000000000004 62.500000000000007 83.500000000000014 1.5000000000000002 36.500000000000007 1.5000000000000002 41.049999237060554 55.500000000000007
decision_type=8 10 2 8 2 2 2 8 2 2 2 2 2 2
left_child=1 4 3 9 8 -3 -4 10 -1 -2 -8 -5 -10 -11
right_child=2 5 6 11 -6 -7 7 -9 12 13 -12 -13 -14 -15
leaf_value=0.0024296298993457966 0.00036933989996424093 0.011000100669593983 -0.0047476067014058853 -0.0044805260517820486 0.0043762211669129336 -0.00064184537887582757 -1.4633469329140435e-05 -0.0035136748927382779 0.022331546774636162 0.0050518308298697235 0.0047775218277948985 0.0015614339472793514 0.0085264803786943323 0.011726137886385379
leaf_weight=78 306 337 11876 1371 276 1724 1089 3913 414 387 530 2391 329 273
leaf_count=78 306 337 11876 1371 276 1724 1089 3913 414 387 530 2391 329 273
internal_value=-0.000901835 0.00660038 -0.00197462 0.00140566 0.0164544 0.0013013 -0.00289299 -0.000958139 0.0202106 0.00826844 0.0027655 -0.000373808 0.0220916 0.011791
internal_weight=25294 3158 22136 4728 1097 2061 17408 5532 821 966 1619 3762 743 660
internal_count=25294 3158 22136 4728 1097 2061 17408 5532 821 966 1619 3762 743 660
is_linear=0
shrinkage=0.05


Tree=11
num_leaves=15
num_cat=0
split_feature=48 50 23 47 50 43 35 1 43 35 50 1 50 48
split_gain=128.787 59.7365 32.2073 17.8634 15.5986 14.7962 13.9222 9.25267 8.99646 8.25879 7.91433 6.44253 5.73716 5.71895
threshold=-1.8499999642372129 -0.7865660786628722 0.57499998807907116 6.7166664600372323 -0.91597560048103321 72.500000000000014 2.5000000000000004 19.650000572204593 92.500000000000014 1.5000000000000002 -0.37940952181816096 28.150000572204593 -1.0000000180025095e-35 -3.9500000476837154
decision_type=2 2 2 2 2 8 2 2 8 2 2 2 2 2
left_child=1 2 3 9 -2 -4 -6 -5 10 -1 -8 -10 -3 -9
right_child=4 12 5 7 6 -7 8 13 11 -11 -12 -13 -14 -15
leaf_value=0.0046413812222710175 0.0019646695301396046 0.0022380077777334555 0.0073795294374961158 0.022621795351972535 -0.004910264414631005 0.00076318131910242432 0.0123259710728008 0.013112041688866878 0.0038156556693792684 0.018729292999022543 0.0016513188439813186 -0.0038092465751974978 -0.0040952637115158645 0.0044364569221062317
leaf_weight=76 1537 997 466 147 13829 692 52 259 413 588 1460 3287 963 423
leaf_count=76 1537 997 466 147 13829 692 52 259 413 588 1460 3287 963 423
internal_value=-0.000868885 0.00667496 0.0115539 0.0163906 -0.00256169 0.00523116 -0.00295286 0.0112694 -0.000748756 0.0225223 0.00249014 -0.00207547 5.07602e-05 0.00858381
internal_weight=25189 4611 2651 1493 20578 1158 19041 829 5212 664 1512 3700 1960 682
internal_count=25189 4611 2651 1493 20578 1158 19041 829 5212 664 1512 3700 1960 682
is_linear=0
shrinkage=0.05


Tree=12
num_leaves=15
num_cat=0
split_feature=48 19 50 50 43 50 19 35 2 43 35 24 43 14
split_gain=105.563 45.7658 20.1017 19.6132 22.0526 15.5706 13.5653 13.2451 10.5914 16.3394 9.80954 8.78511 8.40897 7.77252
threshold=-1.9499999880790708 37.750000000000007 -0.91597560048103321 -1.0000000180025095e-35 67.500000000000014 -0.7865660786628722 117.70000076293947 1.5000000000000002 49.850000381469734 62.500000000000007 1.5000000000000002 21.500000000000004 122.50000000000001 17.967816352844242
decision_type=2 2 2 2 8 2 2 2 2 8 2 2 8 2
left_child=1 5 11 4 6 12 10 -4 9 -9 -3 -2 -1 -12
right_child=2 3 7 -5 -6 -7 -8 8 -10 -11 13 -13 -14 -15
leaf_value=0.028173467372376811 0.0047260348959065144 -0.0015301061533477965 -0.005967983364491591 -0.0037338594889427586 0.0016445212244925002 0.0040903721938827051 0.0027355118613084668 0.0055833976449448383 -0.0037273988382940022 -0.0011832062033718823 0.0078615659467715301 -0.0010093922822935854 0.018456908945574668 0.010808759300196884
leaf_weight=196 846 65 7171 791 1649 118 479 498 7491 4191 317 752 251 372
leaf_count=196 846 65 7171 791 1649 118 479 498 7491 4191 317 752 251 372
internal_value=-0.0010531 0.00613465 -0.00250942 0.00406869 0.00597856 0.0192609 0.0110097 -0.00295465 -0.00194832 -8.40616e-05 0.0151571 0.00286691 0.0234464 0.0168884
internal_weight=25187 4238 20949 3673 2882 565 1233 19351 12180 4689 754 1598 447 689
internal_count=25187 4238 20949 3673 2882 565 1233 19351 12180 4689 754 1598 447 689
is_linear=0
shrinkage=0.05


Tree=13
num_leaves=15
num_cat=0
split_feature=48 19 50 43 50 50 35 43 2 43 3 35 23 23
split_gain=104.606 48.8609 20.8861 18.93 17.7024 15.13 12.0896 11.0707 9.84666 9.01193 9.59195 8.56273 7.05464 6.29233
threshold=-1.8499999642372129 44.750000000000007 -0.7865660786628722 67.500000000000014 -0.7865660786628722 -0.91597560048103321 1.5000000000000002 122.50000000000001 20.050000190734867 67.500000000000014 54.750000000000007 2.5000000000000004 0.42499999701976782 0.58499997854232799
decision_type=2 2 2 8 2 2 2 8 2 8 2 2 2 2
left_child=1 4 3 11 7 12 -7 -1 -8 10 -10 -3 -2 -5
right_child=5 2 -4 13 -6 6 8 -9 9 -11 -12 -13 -14 -15
leaf_value=0.024890697013390875 0.0047144086366960221 0.0030274746815146854 -0.00066344872305155967 0.0050665729531051574 0.0048654023146253653 -0.0055073818373389712 0.0059540923974275364 0.014718676739704629 0.0035803494654774713 -0.0038406287360484253 -0.001131067148366716 0.008895803646969706 8.9422620949409145e-05 -0.00047734012128662336
leaf_weight=280 410 351 1751 522 229 7198 332 382 664 8802 2142 464 1119 657
leaf_count=280 410 351 1751 522 229 7198 332 382 664 8802 2142 464 1119 657
internal_value=-0.00103959 0.00574042 0.00321571 0.0067016 0.0161987 -0.00256251 -0.00294496 0.0202976 -0.00196653 -0.00221123 0.000255681 0.0125152 0.00221247 0.00261144
internal_weight=25303 4636 3745 1994 891 20667 19138 662 11940 11608 2806 815 1529 1179
internal_count=25303 4636 3745 1994 891 20667 19138 662 11940 11608 2806 815 1529 1179
is_linear=0
shrinkage=0.05


Tree=14
num_leaves=15
num_cat=0
split_feature=48 50 23 50 47 35 3 43 52 51 48 23 23 47
split_gain=93.8381 36.168 27.9321 18.028 14.477 13.0638 13.1468 16.4476 11.21 10.054 8.27636 6.66588 6.09788 10.4953
threshold=-2.1499999761581416 -0.7865660786628722 0.48499999940395361 -0.91597560048103321 6.7166664600372323 1.5000000000000002 49.850000381469734 87.500000000000014 0.65233618021011364 0.37940952181816107 -3.4500000476837154 0.31499999761581426 0.43500000238418585 6.116666555404664
decision_type=2 2 2 2 2 2 2 8 2 2 2 2 2 2
left_child=1 2 4 12 11 -5 7 -7 -6 -4 -10 -1 13 -2
right_child=3 -3 9 5 8 6 -8 -9 10 -11 -12 -13 -14 -15
leaf_value=0.026404693404391257 0.0074340089342761345 -0.00025945260530600565 0.0016144068250686129 -0.005196376993813645 0.0035147895237999899 0.0043323096100948769 -0.0035882158678863145 -0.0011058880156943364 0.021484871222196871 0.0069320785565858108 0.002546255094524187 0.010661586951230574 0.00070464855833416047 0.00082234440533078199
leaf_weight=189 212 1415 808 7237 303 888 7827 3848 202 518 92 271 1292 308
leaf_count=189 212 1415 808 7237 303 888 7827 3848 202 518 92 271 1292 308
internal_value=-0.00102478 0.00621323 0.0099603 -0.00229905 0.0159934 -0.00273599 -0.00175893 0.000320269 0.0105684 0.00506736 0.0173684 0.0226596 0.00246432 0.00698113
internal_weight=25410 3798 2383 21612 1057 19800 12563 4736 597 1326 294 460 1812 520
internal_count=25410 3798 2383 21612 1057 19800 12563 4736 597 1326 294 460 1812 520
is_linear=0
shrinkage=0.05


Tree=15
num_leaves=15
num_cat=0
split_feature=48 19 35 50 50 43 50 51 50 3 50 23 23 23
split_gain=85.1479 36.0938 21.9911 18.5527 13.4919 13.7634 10.5329 13.6557 9.75627 9.329 8.66311 7.71664 7.37702 7.24934
threshold=-2.7499999999999996 37.750000000000007 2.5000000000000004 -0.91597560048103321 -0.6035533845424651 72.500000000000014 -0.7865660786628722 0.37940952181816107 -0.6035533845424651 28.150000572204593 0.78656607866287243 0.49500000476837164 0.50499999523162853 0.91500002145767223
decision_type=2 2 2 2 2 8 2 2 2 2 2 2 2 2
left_child=1 8 3 11 5 -4 7 -3 -1 -6 -11 -2 -12 -9
right_child=2 6 4 -5 9 -7 -8 13 -10 10 12 -13 -14 -15
leaf_value=0.02453670612736919 0.0039895654556675632 0.0029221395398848138 0.0090612788239424133 -0.0041129055914215082 0.0046413491925960055 0.0032864652232658187 -7.7834210127622049e-05 0.010521936221414134 0.0048729380308531085 -0.0036073386989224419 0.0030027334028094668 -0.00031266101218842756 -0.0016079772123412214 0.0022288506491527482
leaf_weight=323 561 779 192 14516 493 885 670 517 52 3443 871 895 1040 114
leaf_count=323 561 779 192 14516 493 885 670 517 52 3443 871 895 1040 114
internal_value=-0.00103131 0.00779919 -0.00198114 -0.00300088 0.000372078 0.00548758 0.00516746 0.00760563 0.0218831 -0.000577942 -0.00118755 0.00236698 0.00150703 0.0130187
internal_weight=25351 2455 22896 15972 6924 1077 2080 1410 375 5847 5354 1456 1911 631
internal_count=25351 2455 22896 15972 6924 1077 2080 1410 375 5847 5354 1456 1911 631
is_linear=0
shrinkage=0.05


Tree=16
num_leaves=15
num_cat=0
split_feature=48 50 19 50 2 23 50 50 47 23 50 48 3 47
split_gain=75.0136 32.1794 24.9813 13.4147 11.2658 8.58278 7.44995 9.46126 7.35545 6.16113 6.2621 6.67812 5.98793 5.79953
threshold=-1.6500000357627866 -0.7865660786628722 28.849999427795414 -0.91597560048103321 21.94999980926514 0.91500002145767223 -0.91597560048103321 0.78656607866287243 6.4583332538604745 0.51499998569488536 0.98296290636062633 -1.0000000180025095e-35 43.250000000000007 10.616666793823244
decision_type=2 2 2 2 2 2 2 2 2 2 2 2 2 2
left_child=1 2 -1 8 -2 13 -6 -8 -4 10 11 -9 -3 -5
right_child=4 12 3 5 6 -7 7 9 -10 -11 -12 -13 -14 -15
leaf_value=0.023897774048621766 0.0020018327331745816 0.0017472834505050277 0.0042634695483761377 0.0097798935914243032 0.00093243490107655549 0.00065481736572348126 -0.0046319088920627229 -0.00069220400409523812 0.00023557909934187335 -0.0030551379486771285 -0.003980668300561741 0.0031753100640600782 -0.0021335635671344182 0.00087187882708169738
leaf_weight=260 925 979 764 707 1185 191 13321 846 910 2496 490 874 1435 82
leaf_count=260 925 979 764 707 1185 191 13321 846 910 2496 490 874 1435 82
internal_value=-0.00110991 0.00416073 0.0076881 0.00618618 -0.00250583 0.0108081 -0.00276558 -0.00301796 0.0034323 -0.00108779 0.000833332 0.00225433 -0.000111387 0.0130851
internal_weight=25465 5328 2914 2654 20137 980 19212 18027 1674 4706 2210 1720 2414 789
internal_count=25465 5328 2914 2654 20137 980 19212 18027 1674 4706 2210 1720 2414 789
is_linear=0
shrinkage=0.05


Tree=17
num_leaves=15
num_cat=0
split_feature=49 43 1 2 51 1 25 20 51 23 15 30 19 22
split_gain=42.2017 44.908 22.3604 13.3418 9.95717 9.58311 8.36682 7.34411 6.25043 8.50813 6.13167 5.76257 5.52715 5.52282
threshold=-37.499999999999993 81.250000000000014 35.649999618530281 22.550000190734867 -0.6035533845424651 18.94999980926514 17.44999980926514 6.9500000476837167 -0.12940952181816107 0.37500000000000006 82.299999237060561 102.50000000000001 81.599998474121108 313.50000000000006
decision_type=8 10 2 2 2 2 2 2 2 2 2 8 2 2
left_child=1 2 10 7 -5 -3 -4 -2 9 -6 -1 -9 -8 -13
right_child=3 5 6 4 8 -7 12 11 -10 -11 -12 13 -14 -15
leaf_value=0.010829999511223619 -0.0041367145816031473 0.010307099956130109 0.0010382476135114508 -0.0060898078742431909 0.0029694897189459311 -0.0012297400951853468 0.0098040078257543468 0.0086173309410973262 -0.0022517916024427103 -0.0011418952982276125 0.019035803509318792 0.013060555822710818 0.003155449704078649 0.0022397330823863671
leaf_weight=342 301 305 554 6502 674 3514 165 139 9907 1820 148 79 370 442
leaf_count=342 301 305 554 6502 674 3514 165 139 9907 1820 148 79 370 442
internal_value=-0.00115978 0.00275703 0.00982064 -0.00222502 -0.00251758 -0.000181511 0.00573703 0.00349639 -0.00168439 0.000551117 0.0186 0.00641791 0.0101376 0.00385122
internal_weight=25262 5398 1579 19864 18903 3819 1089 961 12401 2494 490 660 535 521
internal_count=25262 5398 1579 19864 18903 3819 1089 961 12401 2494 490 660 535 521
is_linear=0
shrinkage=0.05


Tree=18
num_leaves=15
num_cat=0
split_feature=48 35 10 3 43 50 23 43 50 50 48 50 53 34
split_gain=63.7999 19.4462 19.0131 14.9301 14.8188 12.0303 11.0297 10.1307 10.0624 9.72496 7.95662 6.80669 5.77103 5.51326
threshold=-2.7499999999999996 1.5000000000000002 18.60000038146973 42.899999618530281 122.50000000000001 -0.7865660786628722 0.91500002145767223 67.500000000000014 -0.91597560048103321 0.12940952181816109 0.15000000223517421 -0.6035533845424651 -0.77243989706039418 0.45000000298023229
decision_type=2 2 2 2 8 2 2 8 2 2 2 2 2 2
left_child=2 -2 -1 4 11 6 8 9 -4 -5 -11 -3 -10 -14
right_child=1 3 5 7 -6 -7 -8 -9 12 10 -12 -13 13 -15
leaf_value=0.022781738818746136 -0.003969662651640761 0.0087182710575070734 0.0048088701753017243 0.0023973398440625521 -0.00020200395158910721 -8.5636325738069145e-05 -0.0017706433504957226 -0.0040232201507676198 0.003589434324212798 -0.0029906555673448174 0.0025998437719368704 0.0034413382977338449 0.0091435194540473736 0.013965082956376558
leaf_weight=139 8229 203 727 824 3391 710 259 6868 109 1883 510 954 268 240
leaf_count=139 8229 203 727 824 3391 710 259 6868 109 1883 510 954 268 240
internal_value=-0.00115385 -0.00197665 0.00649472 -0.000881993 0.00149408 0.00535299 0.00774023 -0.00195394 0.00954948 0.000361015 -0.00125468 0.0063539 0.0142185 0.0164286
internal_weight=25314 22862 2452 14633 4548 2313 1603 10085 1344 3217 2393 1157 617 508
internal_count=25314 22862 2452 14633 4548 2313 1603 10085 1344 3217 2393 1157 617 508
is_linear=0
shrinkage=0.05


Tree=19
num_leaves=15
num_cat=0
split_feature=50 51 19 35 3 35 31 14 43 43 51 50 19 25
split_gain=53.0346 45.9711 20.3332 17.2588 14.5939 9.93506 9.50072 9.08515 8.30183 7.05719 8.70399 8.93031 7.01508 7.04105
threshold=-0.7865660786628722 0.12940952181816107 36.500000000000007 1.5000000000000002 37.899999618530281 2.5000000000000004 -5.3978300094604483 9.8521366119384783 102.50000000000001 81.250000000000014 -0.37940952181816096 0.12940952181816109 74.599998474121108 17.250000000000004
decision_type=2 2 2 2 2 2 2 2 10 8 2 2 2 2
left_child=1 5 8 -2 7 -1 -4 -5 -3 10 -6 -12 -8 -14
right_child=3 2 6 4 9 -7 12 -9 -10 -11 11 -13 13 -15
leaf_value=-0.002133065151523898 -0.0042702469795910586 0.022419369606103821 -0.0012090714299877441 -0.000424796892491605 0.0042664641586395357 0.0039290920778447249 0.0081032557509974033 0.0041903099820896073 0.014619669835843591 -0.0040833142697411532 0.0018302746709118356 -0.0025027856476203801 9.2679629192169569e-05 0.0041568904568259303
leaf_weight=2107 7397 183 319 1496 319 1040 658 1237 121 6337 781 2583 355 503
leaf_count=2107 7397 183 319 1496 319 1040 658 1237 121 6337 781 2583 355 503
internal_value=-0.00110744 0.00334592 0.00898325 -0.00227679 -0.00116078 -0.00050206 0.00692412 0.00207255 0.0207962 -0.00204387 -0.000301924 -0.00105809 0.00856487 0.00548387
internal_weight=25436 5286 2139 20150 12753 3147 1835 2733 304 10020 3683 3364 1516 858
internal_count=25436 5286 2139 20150 12753 3147 1835 2733 304 10020 3683 3364 1516 858
is_linear=0
shrinkage=0.05


Tree=20
num_leaves=15
num_cat=0
split_feature=48 19 50 43 19 3 43 50 21 36 43 43 50 23
split_gain=51.1134 26.4903 13.8726 13.4391 12.7199 11.3238 8.92876 8.15359 7.84058 6.68386 5.41819 5.12137 4.57029 4.43879
threshold=-1.4499999880790708 28.849999427795414 -1.0000000180025095e-35 117.50000000000001 60.899999618530281 42.899999618530281 41.875000000000007 0.78656607866287243 126.50000000000001 23.349999427795414 312.50000000000006 62.500000000000007 0.91597560048103344 0.51499998569488536
decision_type=2 2 2 8 2 2 8 2 2 2 10 10 2 2
left_child=1 8 3 4 9 6 -2 -7 -1 11 -10 -3 -4 -9
right_child=5 2 12 -5 -6 7 -8 13 10 -11 -12 -13 -14 -15
leaf_value=0.0047533518455192582 0.0030300068495190163 0.014240347363221549 -0.005027032553111585 0.00026483711975657816 0.0024928623149392537 -0.0046297950687793623 -0.00089413866046777904 0.00061268949673677815 0.024009511081315313 0.0054789445114345114 0.0047301149582780633 0.0066414474248083916 0.0021543097570714837 -0.0026700565959020543
leaf_weight=113 358 135 1113 1930 1752 9847 5379 1556 169 325 61 109 401 2086
leaf_count=113 358 135 1113 1930 1752 9847 5379 1556 169 325 61 109 401 2086
internal_value=-0.00117661 0.00280484 0.00198701 0.00344872 0.00600386 -0.0024423 -0.000580304 -0.0032332 0.0161048 0.0124439 0.02125 0.018622 -0.00211286 -0.00120756
internal_weight=25334 6108 5765 4251 2321 19226 5737 13489 343 569 230 244 1514 3642
internal_count=25334 6108 5765 4251 2321 19226 5737 13489 343 569 230 244 1514 3642
is_linear=0
shrinkage=0.05


Tree=21
num_leaves=15
num_cat=0
split_feature=50 51 19 3 30 26 53 6 25 50 50 51 36 3
split_gain=40.6918 40.9521 19.623 12.0887 9.90611 7.75536 7.45551 7.24022 6.36024 6.01476 5.74332 6.85807 9.30427 5.86048
threshold=-0.7865660786628722 0.12940952181816107 28.849999427795414 51.95000076293946 67.500000000000014 0.69486087560653698 -0.48313741385936732 70.90000152587892 26.44999980926514 -0.91597560048103321 0.78656607866287243 -0.37940952181816096 16.849999427795414 131.55000305175784
decision_type=2 2 2 2 8 2 2 2 2 2 2 2 2 2
left_child=1 5 -3 4 8 -1 -4 -8 -2 -7 -5 12 13 -12
right_child=3 2 6 10 -6 9 7 -9 -10 -11 11 -13 -14 -15
leaf_value=-0.0024268915905716502 0.0015564550990783666 0.020310633981706246 0.0023840207140211817 -0.0047007046953726692 -0.001604123390658029 0.0042697500101656427 0.0078401993963242451 0.0017441738917058263 0.0047283236653181413 -0.002689241026610327 0.0064752267260930743 -0.0026227637923490902 -0.0013056729191787591 0.0009615316794819328
leaf_weight=2278 1435 172 705 8293 6767 631 781 474 120 275 149 2861 403 110
leaf_count=2278 1435 172 705 8293 6767 631 781 474 120 275 149 2861 403 110
internal_value=-0.00116125 0.00272625 0.00807189 -0.00218831 -0.000727318 -0.000867252 0.0065736 0.00887352 0.00285942 0.00302402 -0.0032158 -0.00151854 0.00303571 0.0102416
internal_weight=25454 5316 2132 20138 8322 3184 1960 1255 1555 906 11816 3523 662 259
internal_count=25454 5316 2132 20138 8322 3184 1960 1255 1555 906 11816 3523 662 259
is_linear=0
shrinkage=0.05


Tree=22
num_leaves=15
num_cat=0
split_feature=35 49 3 23 51 25 3 2 20 21 11 47 49 2
split_gain=34.4434 28.2947 14.0907 12.3171 9.66469 12.094 9.19378 8.37492 7.50206 14.3118 6.22349 5.27664 4.99557 4.73383
threshold=2.5000000000000004 -9.9731059074401838 47.049999237060554 0.66500002145767223 -0.37940952181816096 17.44999980926514 47.049999237060554 21.550000190734867 6.0499999523162851 94.500000000000014 67.64166641235353 6.8583333492279062 52.500000000000007 24.94999980926514
decision_type=2 8 2 2 2 2 2 2 2 2 2 2 10 2
left_child=2 3 4 8 -1 7 10 -6 -2 -10 13 -11 -8 -3
right_child=1 6 -4 -5 5 -7 12 -9 9 11 -12 -13 -14 -15
leaf_value=-0.0037278118409901206 -0.00028922306214625957 0.0062189524250443268 -0.0035834464359057669 0.0011883775856221454 0.0045064332949318027 0.0026752379616454707 -0.00035465163268805103 -0.00087744765265832826 0.0036629055177438401 0.013604892972457948 0.008246512621474052 0.011469959340104585 -0.0061632675729347448 0.0001084285086637831
leaf_weight=2548 266 392 10228 1061 533 583 1887 3033 951 418 62 294 1723 1438
leaf_count=2548 266 392 10228 1061 533 583 1887 3033 951 418 62 294 1723 1438
internal_value=-0.00118713 0.00141026 -0.00249041 0.00531667 -0.00070598 0.000782639 -0.000718434 -0.000315997 0.00768695 0.00892708 0.00209779 0.0142521 -0.00219613 0.00152174
internal_weight=25417 8492 16925 2990 6697 4149 5502 3566 1929 1663 1892 712 3610 1830
internal_count=25417 8492 16925 2990 6697 4149 5502 3566 1929 1663 1892 712 3610 1830
is_linear=0
shrinkage=0.05


Tree=23
num_leaves=15
num_cat=0
split_feature=48 19 3 43 48 35 35 3 43 35 43 21 57 1
split_gain=41.2708 21.6141 14.157 10.0502 8.81223 8.70184 7.76561 7.0711 9.10462 6.09723 7.29789 4.90123 4.11995 6.73306
threshold=-1.8499999642372129 28.849999427795414 47.750000000000007 111.87500000000001 -3.2499999999999996 2.5000000000000004 2.5000000000000004 42.899999618530281 67.500000000000014 1.5000000000000002 57.500000000000007 51.500000000000007 32.349998474121101 30.94999980926514
decision_type=2 2 2 8 2 2 2 2 8 2 8 2 2 2
left_child=1 4 3 11 -1 -3 -5 8 -7 -4 -11 -2 -8 -14
right_child=2 5 9 6 -6 7 12 -9 -10 10 -12 -13 13 -15
leaf_value=0.022906484118154439 0.00046460087880672055 -0.00043924811860613066 -0.0040772015771358364 -0.0026694437119626946 0.0093251103287195665 0.0093524980130868986 -0.0027766233382894496 0.0014794373932370719 0.0041252643706110384 0.00010340113904829017 -0.0039782344281539218 0.0034851173187025971 0.0072775347806427861 0.00059395654759903489
leaf_weight=142 1029 1904 4784 4278 147 339 633 1486 644 2124 6056 703 326 784
leaf_count=142 1029 1904 4784 4278 147 339 633 1486 644 2124 6056 703 326 784
internal_value=-0.00118733 0.00305865 -0.00214382 -0.00045279 0.0160702 0.00216404 -0.00141851 0.00411658 0.00738671 -0.003154 -0.0023199 0.00289322 0.00138905 0.00321428
internal_weight=25379 4662 20717 7753 289 4373 6021 2469 983 12964 8180 1732 1743 1110
internal_count=25379 4662 20717 7753 289 4373 6021 2469 983 12964 8180 1732 1743 1110
is_linear=0
shrinkage=0.05


Tree=24
num_leaves=15
num_cat=0
split_feature=48 35 19 3 43 43 43 36 19 2 56 50 50 19
split_gain=36.1941 15.8301 13.2345 13.2115 12.8376 11.4453 7.78751 7.04989 5.89096 5.82688 5.42778 4.75612 4.6228 4.53698
threshold=-2.8500000238418575 1.5000000000000002 74.599998474121108 47.750000000000007 62.500000000000007 62.500000000000007 142.50000000000003 22.44999980926514 23.399999618530277 20.050000190734867 43.95000076293946 -0.37940952181816096 -0.7865660786628722 43.45000076293946
decision_type=2 2 2 2 8 8 10 2 2 2 2 2 2 2
left_child=2 12 5 4 -3 7 11 -1 -7 -6 -11 -5 13 -2
right_child=1 3 -4 6 9 8 -8 -9 -10 10 -12 -13 -14 -15
leaf_value=0.017215252942678803 0.003442743580872828 0.005090677129740798 0.00073548122877175562 0.0013434112412751718 0.0055948554426132838 0.016579285495496296 -0.0048273127534813826 0.01123021687801337 0.0034457119371880994 -0.0019117268242525743 0.0017831756179008532 -0.0015211032120098038 -0.0035769761344621107 -0.00089035345540544163
leaf_weight=138 193 764 1124 989 437 84 4085 224 722 2809 1560 4119 7392 759
leaf_count=138 193 764 1124 989 437 84 4085 224 722 2809 1560 4119 7392 759
internal_value=-0.00127101 -0.00186594 0.00470895 -0.000881 0.00103943 0.00841256 -0.00204444 0.0156989 0.00498774 7.68261e-05 -0.000478421 -0.000740525 -0.00360546 -0.000322247
internal_weight=25399 23107 2292 14763 5570 1168 9193 362 806 4806 4369 5108 8344 952
internal_count=25399 23107 2292 14763 5570 1168 9193 362 806 4806 4369 5108 8344 952
is_linear=0
shrinkage=0.05


Tree=25
num_leaves=15
num_cat=0
split_feature=2 43 21 54 51 43 51 43 28 57 1 53 2 16
split_gain=24.7375 23.8169 21.0691 11.7656 10.4672 8.51034 7.56051 11.3224 5.44739 5.30185 4.84056 4.88189 3.40187 4.12523
threshold=42.649999618530281 192.50000000000003 89.500000000000014 4.5000000000000009 -0.6035533845424651 72.500000000000014 -0.12940952181816107 81.250000000000014 66.500000000000014 37.183334350585945 96.500000000000014 0.85561370849609386 22.550000190734867 6.6499998569488534
decision_type=2 8 2 2 2 10 2 8 2 2 2 2 2 2
left_child=1 2 12 5 -2 -4 7 10 -8 -3 11 -6 13 -1
right_child=4 9 3 -5 6 -7 8 -9 -10 -11 -12 -13 -14 -15
leaf_value=-0.0041436851268265408 -0.0055014798828569847 -0.0027330322436146049 0.016850745939518116 0.0054688898003310621 0.0028975556377901467 0.0090481365781328177 -0.0002088669172131325 -0.0012238645467956542 -0.0027191496812224592 0.00066467299914393018 0.00087506552341763482 0.0093540418294806565 0.00047141212345775128 0.0045482565816318352
leaf_weight=64 5007 3100 161 691 338 182 2800 1779 6373 2440 408 143 1609 225
leaf_count=64 5007 3100 161 691 338 182 2800 1779 6373 2440 408 143 1609 225
internal_value=-0.0012199 0.000983257 0.00461931 0.0103257 -0.00232768 0.0178045 -0.00151506 0.000825242 -0.00219591 -0.000945947 0.00540044 0.00874745 0.00147275 0.00637124
internal_weight=25320 8472 2932 1034 16848 343 11841 2668 9173 5540 889 481 1898 289
internal_count=25320 8472 2932 1034 16848 343 11841 2668 9173 5540 889 481 1898 289
is_linear=0
shrinkage=0.05


Tree=26
num_leaves=15
num_cat=0
split_feature=50 43 35 19 43 54 10 43 25 32 56 1 45 25
split_gain=35.8613 24.7098 17.961 14.4451 12.227 9.15094 9.07525 9.20246 7.7123 5.54266 5.09849 5.04367 4.83253 4.80546
threshold=-0.7865660786628722 257.50000000000006 1.5000000000000002 74.15000152587892 62.500000000000007 4.5000000000000009 72.375000000000014 47.500000000000007 27.050000190734867 -3.378751158714294 59.549999237060554 37.750000000000007 -1.7778090238571165 16.050000190734867
decision_type=2 10 2 2 8 2 2 8 2 2 2 2 2 2
left_child=1 3 -2 4 5 -1 7 8 11 -7 -9 -4 -5 -14
right_child=2 -3 6 12 -6 9 -8 10 -10 -11 -12 -13 13 -15
leaf_value=0.018737638796033483 -0.0033576040372939051 -0.0025417617434025743 0.0063833749597573125 -0.00051409108925136839 0.0048978595910523434 1.1049952307871926e-05 -0.0024468891691573212 -0.0012902486774972171 0.0054948322324454507 0.0090840204735382433 0.0015221460932707525 0.0010885541554812414 -0.00040815142366364869 0.0027715639644745331
leaf_weight=142 7435 2008 156 760 1130 98 4873 5222 88 241 1655 723 325 580
leaf_count=142 7435 2008 156 760 1130 98 4873 5222 88 241 1655 723 325 580
internal_value=-0.0011546 0.0025085 -0.00211586 0.00517955 0.00854102 0.0151629 -0.000973129 8.02127e-05 0.00462129 0.0101862 -0.000564107 0.00309899 0.00189552 0.00434426
internal_weight=25436 5284 20152 3276 1611 481 12717 7844 967 339 6877 879 1665 905
internal_count=25436 5284 20152 3276 1611 481 12717 7844 967 339 6877 879 1665 905
is_linear=0
shrinkage=0.05


Tree=27
num_leaves=15
num_cat=0
split_feature=48 50 35 19 51 2 56 29 21 51 19 6 2 37
split_gain=32.8865 13.4531 11.6358 10.9605 8.85567 7.18304 8.11578 6.16185 5.9636 6.68199 5.60903 5.47879 5.0945 3.81963
threshold=-1.5500000119209287 -1.0000000180025095e-35 1.5000000000000002 28.849999427795414 0.12940952181816107 73.700000762939467 55.95000076293946 6.5499999523162851 126.50000000000001 0.12940952181816107 132.44999694824222 46.350000381469734 32.049999237060554 38.500000000000007
decision_type=2 2 2 2 2 2 2 2 2 2 2 2 2 2
left_child=1 3 -2 8 -5 6 12 10 -1 -10 -6 -8 13 -4
right_child=2 -3 5 4 7 -7 11 -9 9 -11 -12 -13 -14 -15
leaf_value=0.0010152255033226427 -0.0029700261423958392 -0.0034280023819955557 -0.0026141750786136575 -0.00078207464372563791 0.0049885327413030619 -0.002904012802637003 0.0049413569277656508 0.0018449145470266803 0.0053385848003905355 0.023009482520083512 0.00090323932508571964 0.0015896787447659266 -0.0022795600727061167 0.0027537498833177312
leaf_weight=85 7713 1388 529 1161 1062 4242 80 1402 96 136 458 2016 4010 1045
leaf_count=85 7713 1388 529 1161 1062 4242 80 1402 96 136 458 2016 4010 1045
internal_value=-0.00120375 0.0021059 -0.00217995 0.00345805 0.00274493 -0.0011993 -0.000286087 0.00420873 0.0122783 0.016281 0.00640523 0.00235992 -0.00128173 0.00112374
internal_weight=25423 5788 19635 4400 4083 11922 7680 2922 317 232 1520 2096 5584 1574
internal_count=25423 5788 19635 4400 4083 11922 7680 2922 317 232 1520 2096 5584 1574
is_linear=0
shrinkage=0.05


Tree=28
num_leaves=15
num_cat=0
split_feature=35 50 50 24 53 2 50 51 38 3 43 3 22 45
split_gain=31.732 24.7615 14.7757 11.7242 8.71921 6.61361 6.4533 9.02723 7.2847 5.5421 5.25368 5.23629 7.01457 5.21947
threshold=2.5000000000000004 -0.6035533845424651 -0.91597560048103321 9.5000000000000018 -0.48313741385936732 22.550000190734867 0.78656607866287243 0.91597560048103344 15.750000000000002 131.55000305175784 227.50000000000003 58.149999618530281 2951.5000000000005 -1.9879235029220579
decision_type=2 2 2 2 2 2 2 2 2 2 8 2 2 2
left_child=2 3 4 13 -1 -6 7 -3 9 -8 -5 12 -4 -2
right_child=1 6 11 10 5 -7 8 -9 -10 -11 -12 -13 -14 -15
leaf_value=-0.0033240049461284887 0.0053385264943172214 -0.0041356710898159529 -0.0018514525474687606 0.0063549130237256675 0.0075426992783231674 0.0014131473837045553 0.0045236546271119919 0.0017751609629958595 -0.00060739643815193364 -0.00074608668953348475 7.0457879023683913e-05 -0.0033510870405228052 0.0024876786232412929 0.0096469440098068144
leaf_weight=716 381 3183 7213 545 209 1149 771 1067 1023 300 719 7378 203 466
leaf_count=716 381 3183 7213 545 209 1149 771 1067 1023 300 719 7378 203 466
internal_value=-0.00111969 0.00137921 -0.00237232 0.0060561 0.0015739 0.00391813 -0.000184137 -0.00130282 0.00208175 0.00494449 0.00296703 -0.00292624 -0.00198357 0.0105776
internal_weight=25323 8455 16868 2111 2074 1358 6344 4250 2094 1071 1264 14794 7416 847
internal_count=25323 8455 16868 2111 2074 1358 6344 4250 2094 1071 1264 14794 7416 847
is_linear=0
shrinkage=0.05


Tree=29
num_leaves=15
num_cat=0
split_feature=49 43 3 43 51 51 23 24 51 19 20 25 3 25
split_gain=19.6417 17.0228 13.0002 9.16672 8.49662 5.80836 6.91308 5.67103 4.9835 4.94808 4.87536 4.80572 13.7395 4.66327
threshold=-252.49999999999997 67.500000000000014 30.550000190734867 122.50000000000001 -0.6035533845424651 -0.12940952181816107 0.51499998569488536 31.500000000000004 0.37940952181816107 25.150000572204593 9.7500000000000018 15.150000095367433 80.450000762939467 26.849999427795414
decision_type=8 10 2 8 2 2 2 2 2 2 2 2 2 2
left_child=1 7 3 -2 -4 6 10 8 -1 -3 -6 -7 13 -13
right_child=2 9 4 -5 5 11 -8 -9 -10 -11 -12 12 -14 -15
leaf_value=0.0046744643745685252 0.0036705692283879421 0.0086996040864384481 -0.0042678563746487959 -0.0004835342176544461 -0.0016348985089182045 -0.0030077437309054701 -0.0013182384526961635 0.001807849461660837 0.012803418461072009 1.069352064255237e-05 0.0026238457412477312 0.00033133918237983513 -0.0025820656546238219 0.0021732235049177744
leaf_weight=258 858 133 6307 2382 211 4749 1621 149 133 1774 914 1946 3101 620
leaf_count=258 858 133 6307 2382 211 4749 1621 149 133 1774 914 1946 3101 620
internal_value=-0.00127076 0.00297721 -0.00172961 0.0012 -0.00221752 -0.00149256 0.000551523 0.0107273 0.0138279 0.000738131 0.00354625 -0.00203146 -0.00104545 0.00165761
internal_weight=25156 2447 22709 3240 19469 13162 2746 540 391 1907 1125 10416 5667 2566
internal_count=25156 2447 22709 3240 19469 13162 2746 540 391 1907 1125 10416 5667 2566
is_linear=0
shrinkage=0.05


Tree=30
num_leaves=15
num_cat=0
split_feature=35 3 43 43 50 51 56 3 17 26 38 51 19 19
split_gain=25.0576 18.6437 19.4711 8.43774 7.486 11.1725 7.20037 8.41966 6.41762 5.44462 5.08361 4.39295 4.15319 4.10775
threshold=1.5000000000000002 51.95000076293946 62.500000000000007 81.250000000000014 0.12940952181816109 0.37940952181816107 58.350000381469734 13.750000000000002 -5.9500000476837149 0.69622549414634716 13.84999990463257 0.78656607866287243 25.150000572204593 161.85000610351565
decision_type=2 2 8 8 2 2 2 2 2 2 2 2 2 2
left_child=-1 2 8 4 9 13 7 -4 10 -3 -2 -8 -9 -6
right_child=1 3 6 -5 5 -7 11 12 -10 -11 -12 -13 -14 -15
leaf_value=-0.0025427307607611429 0.016300474099580586 7.6478573424696312e-06 0.0087259733155102149 -0.0032036477075436513 0.0022208824951430836 -0.0046748341859917325 0.0054272051149426284 0.0066818913623029512 0.0039801769242246519 0.0027170315309109857 0.0061125341062996602 6.6824568913774471e-05 -0.00086199965533525287 -0.0013863650309926725
leaf_weight=8384 135 564 157 5452 768 1415 700 304 1133 601 142 431 4788 408
leaf_count=8384 135 564 157 5452 768 1415 700 304 1133 601 142 431 4788 408
internal_value=-0.00112083 -1.7052e-05 0.00178205 -0.00153938 0.00028412 -0.001213 0.000602503 -0.000179693 0.00707746 0.00359574 0.0138153 0.00420245 -0.000540966 0.00237774
internal_weight=25382 16998 7790 9208 3756 2591 6380 5249 1410 1165 277 1131 5092 1176
internal_count=25382 16998 7790 9208 3756 2591 6380 5249 1410 1165 277 1131 5092 1176
is_linear=0
shrinkage=0.05


Tree=31
num_leaves=15
num_cat=0
split_feature=35 48 3 43 51 1 24 51 51 2 25 33 48 43
split_gain=24.2804 12.9221 10.2993 8.16231 6.72924 6.51486 6.61908 4.42293 5.1314 4.28649 4.79827 4.24184 3.88269 3.74475
threshold=2.5000000000000004 -3.0499999523162837 47.049999237060554 77.500000000000014 -0.6035533845424651 50.149999618530281 20.500000000000004 0.78656607866287243 0.91597560048103344 21.550000190734867 20.94999980926514 1.0000000180025095e-35 -4.5499999523162833 92.500000000000014
decision_type=2 2 2 8 2 2 2 2 2 2 2 2 2 10
left_child=2 5 3 9 11 6 12 13 -9 -1 -11 -3 -2 -6
right_child=1 4 -4 -5 7 -7 -8 8 -10 10 -12 -13 -14 -15
leaf_value=0.0073434827285378083 0.014075268994684151 -0.0063101092864338544 -0.0025539546374842015 -0.0015297646966915487 0.0030177676196401844 0.00056582137954991232 0.0029024644569497307 -0.0047246021372746323 0.0014931836740478114 0.00012149957928619571 0.0027592375716719094 0.00064040407726130393 0.0086993848118276009 0.00054123354180121415
leaf_weight=126 171 1335 10305 5286 1618 514 317 949 875 983 230 795 285 1647
leaf_count=126 171 1335 10305 5286 1618 514 317 949 875 983 230 795 285 1647
internal_value=-0.00117229 0.00100634 -0.00226683 -0.000727205 0.000180522 0.00560139 0.00847382 0.00116787 -0.000801528 0.00274648 0.00178659 -0.0021729 0.0122747 0.00226717
internal_weight=25436 8506 16930 6625 7219 1287 773 5089 1824 1339 1213 2130 456 3265
internal_count=25436 8506 16930 6625 7219 1287 773 5089 1824 1339 1213 2130 456 3265
is_linear=0
shrinkage=0.05


Tree=32
num_leaves=15
num_cat=0
split_feature=50 51 54 3 43 21 50 25 19 51 51 50 21 2
split_gain=22.1138 20.0533 13.4587 9.98518 8.25422 7.14638 6.03529 5.56928 5.0973 5.07356 6.0562 5.39654 4.70746 5.25005
threshold=-0.7865660786628722 0.12940952181816107 4.5000000000000009 58.95000076293946 47.500000000000007 125.50000000000001 -0.91597560048103321 26.849999427795414 205.1499938964844 -0.6035533845424651 1.0000000180025095e-35 -1.0000000180025095e-35 143.50000000000003 15.34999990463257
decision_type=2 2 2 2 8 2 2 2 2 2 2 2 2 2
left_child=1 6 5 4 7 -3 -1 -2 12 -5 -11 -12 13 -6
right_child=3 2 -4 9 8 -7 -8 -9 -10 10 11 -13 -14 -15
leaf_value=0.00054854122173036914 0.0012011684388365234 0.0040660176126308695 0.0023034904488130302 -0.00478091137753529 0.0055872513483031143 0.012303475917321671 -0.0037494475957020618 0.0046527361931780467 0.0046748631835515841 0.00073281588178077161 9.1710182928172272e-05 -0.0037355334709163073 -0.0037208617444125383 -0.00085803548742287641
leaf_weight=2096 1032 350 1453 3576 163 315 1046 90 102 1149 1044 4304 1648 6858
leaf_count=2096 1032 350 1453 3576 163 315 1046 90 102 1149 1044 4304 1648 6858
internal_value=-0.00117412 0.00170778 0.00545583 -0.00193382 -0.000804303 0.0112963 -0.000828047 0.00321555 -0.0013216 -0.00304126 -0.00220301 -0.00290967 -0.00145697 -0.000889633
internal_weight=25226 5260 2118 19966 9893 665 3142 1122 8771 10073 6497 5348 8669 7021
internal_count=25226 5260 2118 19966 9893 665 3142 1122 8771 10073 6497 5348 8669 7021
is_linear=0
shrinkage=0.05


Tree=33
num_leaves=15
num_cat=0
split_feature=35 50 50 42 19 53 3 50 47 0 50 3 0 53
split_gain=23.7504 15.3005 10.2085 9.42086 7.25776 6.12692 6.10499 5.30313 5.06339 5.32465 4.82839 4.65127 7.60475 4.55533
threshold=2.5000000000000004 -0.6035533845424651 -0.91597560048103321 6.1499998569488534 27.650000572204593 -0.53495380282402027 58.649999618530281 -0.91597560048103321 6.7166664600372323 42.899999618530281 0.78656607866287243 66.250000000000014 79.500000000000014 -0.51296770572662342
decision_type=2 2 2 2 2 2 2 2 2 2 2 2 2 2
left_child=2 3 5 4 -2 -1 -3 -5 9 -7 -8 12 -4 -14
right_child=1 6 11 7 -6 8 10 -9 -10 -11 -12 -13 13 -15
leaf_value=-0.0025473612811900111 0.018385045043005508 0.0011349147357632861 -0.0017648066997642941 -0.0016979661454757514 0.0044649283726986592 0.0063973906969701372 -0.0037149948635153852 0.0048458935669941638 -0.00019642376844878248 0.0012641999620097543 0.00061341489696380993 -0.0029335211715919422 0.0047685358897926709 0.0004859292046485388
leaf_weight=696 66 3083 8242 589 897 273 2008 548 689 468 1243 6199 92 251
leaf_count=696 66 3083 8242 589 897 273 2008 548 689 468 1243 6199 92 251
internal_value=-0.00120967 0.000956891 -0.00229019 0.00464455 0.00825796 0.000945692 -0.000271124 0.0015388 0.0028125 0.00565246 -0.00178013 -0.00275585 -0.00199826 0.0051983
internal_weight=25344 8434 16910 2100 963 2126 6334 1137 1430 741 3251 14784 8585 343
internal_count=25344 8434 16910 2100 963 2126 6334 1137 1430 741 3251 14784 8585 343
is_linear=0
shrinkage=0.05


Tree=34
num_leaves=15
num_cat=0
split_feature=35 50 50 24 50 51 38 23 35 50 1 23 2 5
split_gain=21.9698 13.6337 8.27835 7.37899 5.3406 7.85858 5.34118 5.15178 5.1466 6.09714 3.90074 4.82194 3.74549 3.52539
threshold=2.5000000000000004 -0.6035533845424651 -0.91597560048103321 21.500000000000004 0.78656607866287243 0.91597560048103344 20.650000572204593 0.76499998569488536 1.5000000000000002 0.91597560048103344 44.850000381469734 0.73500001430511486 112.34999847412111 35.250000000000007
decision_type=2 2 2 2 2 2 2 2 2 2 2 2 2 2
left_child=2 3 7 -2 5 10 12 -1 -4 -10 11 -3 -6 -11
right_child=1 4 8 -5 6 -7 -8 -9 9 13 -12 -13 -14 -15
leaf_value=0.0014177365960963621 0.0053871450165435516 -0.0019811552601287437 -0.0023603790403114353 0.00070868476389493191 0.0042295208308911385 0.0020143030514242748 -0.0011627144796271902 -0.0020685227860577507 -0.0020939378179322785 0.0025416942518213972 -0.0050957921114219932 0.0068353968508993255 -0.0012364492093827326 -0.00018464353185891399
leaf_weight=1506 1230 780 7430 852 1051 1042 687 585 6350 356 2231 169 401 680
leaf_count=1506 1230 780 7430 852 1051 1042 687 585 6350 356 2231 169 401 680
internal_value=-0.00119085 0.000891398 -0.0022306 0.00439292 -0.000259772 -0.00129017 0.00177059 0.000711565 -0.00264603 -0.00170768 -0.00252351 0.000161626 0.00348153 0.00183556
internal_weight=25350 8443 16907 2082 6361 4222 2139 2091 14816 7386 3180 949 1452 1036
internal_count=25350 8443 16907 2082 6361 4222 2139 2091 14816 7386 3180 949 1452 1036
is_linear=0
shrinkage=0.05


Tree=35
num_leaves=15
num_cat=0
split_feature=35 3 25 0 20 57 57 2 49 40 47 8 2 3
split_gain=20.3467 15.5582 10.4985 11.995 10.981 6.64674 5.98184 6.32857 5.61169 4.29814 4.13063 5.00817 3.84946 3.24331
threshold=1.5000000000000002 63.899999618530281 20.849999427795414 17.650000572204593 6.7500000000000009 44.783332824707038 43.250000000000007 37.049999237060554 57.500000000000007 989.14999389648449 10.016666889190676 43.250000000000007 131.55000305175784 47.45000076293946
decision_type=2 2 2 2 2 2 2 2 8 2 2 2 2 2
left_child=13 2 3 4 -2 -4 -5 10 9 -3 11 -8 -11 -1
right_child=1 8 5 6 -6 -7 7 -9 -10 12 -12 -13 -14 -15
leaf_value=-0.0012084176706644188 9.6308463413277492e-05 -0.0016342184126421665 -0.0035714133205560386 -0.0012576506576923467 0.012357249284654244 0.0046216423165980573 0.0062961436045589902 5.8517001934648089e-05 -0.0039770086197507964 0.0017598762769386015 -0.00056024588107505364 0.0028640880641315502 -0.0013267561163165813 -0.0024864945682796544
leaf_weight=3350 229 2553 194 3835 252 637 391 3320 2808 1006 316 803 667 5128
leaf_count=3350 229 2553 194 3835 252 637 391 3320 2808 1006 316 803 667 5128
internal_value=-0.00113907 -0.000141297 0.00112797 0.000635648 0.00823829 0.00647443 0.00020461 0.00137397 -0.00194066 -0.00078612 0.00404605 0.00538206 0.00117944 -0.00313855
internal_weight=25489 17011 9977 9146 481 831 8665 4830 7034 4226 1510 1194 1673 8478
internal_count=25489 17011 9977 9146 481 831 8665 4830 7034 4226 1510 1194 1673 8478
is_linear=0
shrinkage=0.05


Tree=36
num_leaves=15
num_cat=0
split_feature=35 1 43 43 50 51 54 43 52 29 1 57 57 50
split_gain=18.9596 13.2897 15.0245 9.46715 9.98209 8.10671 5.24671 4.95004 4.93509 4.40663 4.02601 4.39243 4.01484 3.66146
threshold=1.5000000000000002 34.399999618530281 111.87500000000001 81.250000000000014 0.12940952181816109 0.12940952181816107 3.5000000000000004 57.500000000000007 -0.29343378543853754 5.0499999523162851 73.450000762939467 65.083332061767592 32.083332061767585 -1.0000000180025095e-35
decision_type=2 2 8 8 2 2 2 10 2 2 2 2 2 2
left_child=13 2 6 4 8 -6 7 -2 -3 -10 11 -5 -4 -1
right_child=1 3 12 10 5 -7 -8 -9 9 -11 -12 -13 -14 -15
leaf_value=-0.00088261694982455041 0.015780453928917831 0.0011752883362692555 -0.0013805871329773366 -0.0020865177326079552 0.0016171233279544236 -0.0028638054610791892 0.0055113899893756528 0.0049666727118135561 0.0036507242244627164 0.0019544644376968206 -0.003601716895244007 0.00096765083007113164 0.0019830026262799955 -0.0026798540752203236
leaf_weight=3203 81 1144 1197 4451 755 2190 603 84 441 400 2663 1267 1553 5274
leaf_count=3203 81 1144 1197 4451 755 2190 603 84 441 400 2663 1267 1553 5274
internal_value=-0.00114671 -0.000174893 0.00255385 -0.000897456 0.00084008 -0.00100677 0.00868894 0.0164286 0.00357143 0.00645711 -0.00191932 -0.00116795 0.000815216 -0.00307353
internal_weight=25306 16829 3518 13311 4930 2945 768 165 1985 841 8381 5718 2750 8477
internal_count=25306 16829 3518 13311 4930 2945 768 165 1985 841 8381 5718 2750 8477
is_linear=0
shrinkage=0.05


Tree=37
num_leaves=15
num_cat=0
split_feature=35 3 56 2 43 51 19 50 42 54 48 50 43 53
split_gain=18.0203 13.5396 9.20407 7.23015 6.89216 7.5064 6.60686 6.28476 4.89769 4.79352 4.73296 3.96396 7.56424 3.85655
threshold=1.5000000000000002 46.750000000000007 47.649999618530281 21.94999980926514 81.250000000000014 0.12940952181816107 161.85000610351565 0.12940952181816109 8.1500000953674334 7.5000000000000009 -5.1499998569488517 -1.0000000180025095e-35 167.50000000000003 0.84658399224281322
decision_type=2 2 2 2 8 2 2 2 2 2 2 2 8 2
left_child=11 2 3 8 5 6 13 9 -2 -7 -4 12 -1 -3
right_child=1 4 10 -5 -6 7 -8 -9 -10 -11 -12 -13 -14 -15
leaf_value=0.00042630686098318009 0.0064791073783207866 0.0019155874404682529 0.0085299716675958977 -0.00067138016196597369 -0.002584109491434403 0.0030252442208974031 -0.0013261169761635038 -0.0026754729672012231 0.0014929902785396328 -4.784549704946854e-05 0.003311198944754774 -0.0025909620679645294 -0.0030865799495988773 0.0054221324791827929
leaf_weight=1266 389 406 84 3440 6343 351 267 1969 429 746 2181 5288 1943 201
leaf_count=1266 389 406 84 3440 6343 351 267 1969 429 746 2181 5288 1943 201
internal_value=-0.00113242 -0.00018316 0.00159727 0.000224929 -0.00131303 0.000329113 0.00438914 -0.000838753 0.00442029 0.00218157 0.00416483 -0.00300752 -0.00161386 0.00723663
internal_weight=25303 16806 6523 4258 10283 3940 874 3066 818 1097 2265 8497 3209 607
internal_count=25303 16806 6523 4258 10283 3940 874 3066 818 1097 2265 8497 3209 607
is_linear=0
shrinkage=0.05


Tree=38
num_leaves=15
num_cat=0
split_feature=3 43 35 19 25 51 51 50 14 1 21 43 19 50
split_gain=15.2623 16.5005 8.31358 5.548 6.74957 5.40379 5.59617 7.55403 5.43428 5.27913 4.73029 4.36175 4.53179 4.02897
threshold=61.100000381469734 47.500000000000007 2.5000000000000004 54.850000381469734 26.849999427795414 -0.6035533845424651 -0.12940952181816107 -1.0000000180025095e-35 41.048553466796882 18.94999980926514 95.500000000000014 41.875000000000007 130.6499938964844 -0.91597560048103321
decision_type=2 8 2 2 2 2 2 2 2 2 2 8 2 2
left_child=1 3 13 10 -5 -2 11 8 -8 -4 -1 12 -7 -3
right_child=5 2 9 4 -6 6 7 -9 -10 -11 -12 -13 -14 -15
leaf_value=0.0020593298682557997 -0.0040025402514500012 0.00044004558030898296 0.0082683747356947831 0.00083547834546371456 0.0040207648865312725 0.0035767592788053999 -0.00050482555436018144 -0.0029451670440596538 0.0011980490062992422 0.00057202353431947447 0.010795029937308907 -0.00068859164743621706 0.00035102294590283592 -0.001612212046896236
leaf_weight=267 3404 1373 254 1200 185 167 1251 4110 431 3955 144 1372 255 7026
leaf_count=267 3404 1373 254 1200 185 167 1251 4110 431 3955 144 1372 255 7026
internal_value=-0.00121123 -0.000140143 -0.00077984 0.00433001 0.00277778 -0.00261364 -0.00186677 -0.00262151 0.000200944 0.00103223 0.00937055 0.000570952 0.0049537 -0.00168807
internal_weight=25394 14404 12608 1796 1385 10990 7586 5792 1682 4209 411 1794 422 8399
internal_count=25394 14404 12608 1796 1385 10990 7586 5792 1682 4209 411 1794 422 8399
is_linear=0
shrinkage=0.05


Tree=39
num_leaves=15
num_cat=0
split_feature=35 0 43 20 49 26 45 10 53 44 47 20 43 4
split_gain=16.9781 10.995 8.87288 8.58877 8.24997 5.64094 5.24037 4.89135 6.55006 8.80636 4.08503 3.66796 3.63543 3.192
threshold=1.5000000000000002 17.650000572204593 142.50000000000003 6.7500000000000009 -242.49999999999997 0.67939892411232006 -2.0187581777572627 128.54166412353518 0.86004966497421276 2.1166771650314335 5.2583334445953378 9.5500001907348651 1447.5000000000002 61.100000381469734
decision_type=2 2 10 2 8 2 2 2 2 2 2 2 10 2
left_child=13 3 4 -2 11 12 -5 8 -6 10 -10 -3 -4 -1
right_child=1 2 5 6 7 -7 -8 -9 9 -11 -12 -13 -14 -15
leaf_value=-0.0011564746674146383 0.00040568619194449252 -0.00047952884897756913 0.0003633450455299734 0.0062952619662341161 3.8986154290515317e-05 -0.0037179943831668893 0.015844438424062909 -0.0020245294309401769 0.0042305922683645459 0.00030966201646105907 0.0014652557426873799 0.0049371281729226188 -0.0030576725226133749 -0.002407282179570452
leaf_weight=4752 239 221 2990 128 5970 3246 127 1330 255 538 172 628 917 3660
leaf_count=4752 239 221 2990 128 5970 3246 127 1330 255 538 172 628 917 3660
internal_value=-0.00109062 -0.000170236 -0.000395344 0.00710317 0.000638973 -0.00171227 0.0133019 0.000154077 0.000687544 0.00448718 0.00975972 0.00530268 -0.000430177 -0.00292211
internal_weight=25173 16761 16267 494 9114 7153 255 8265 6935 965 427 849 3907 8412
internal_count=25173 16761 16267 494 9114 7153 255 8265 6935 965 427 849 3907 8412
is_linear=0
shrinkage=0.05


Tree=40
num_leaves=15
num_cat=0
split_feature=50 43 19 3 0 21 26 50 50 29 37 30 11 42
split_gain=14.0521 10.0832 10.3867 9.23617 7.63199 5.35673 5.0441 5.46244 6.52996 6.43793 4.68351 4.50385 4.52003 4.43437
threshold=-0.7865660786628722 277.50000000000006 27.650000572204593 67.65000152587892 84.90000152587892 141.50000000000003 0.47897768020629888 -1.0000000180025095e-35 0.78656607866287243 4.1499998569488534 77.500000000000014 407.50000000000006 58.28541564941407 6.6499998569488534
decision_type=2 10 2 2 2 2 2 2 2 2 2 10 2 2
left_child=1 2 -1 4 5 6 -2 9 11 -8 -6 -9 -13 -4
right_child=3 -3 13 -5 10 -7 7 8 -10 -11 -12 12 -14 -15
leaf_value=0.010719014615349916 0.0027328694829117268 -0.0019577975761971016 0.0022222898174997963 -0.0022119550810206327 0.00061686216680627531 -0.0027704875764627884 0.0027282936783733368 -0.0028166134990143506 0.00016468117900180973 -0.0001286182449490693 0.0036385108146094465 -0.00024140918014987599 0.0032073632654198883 -0.00012791648388894595
leaf_weight=219 843 1971 1771 8375 288 1957 431 3375 2461 1876 138 299 55 1330
leaf_count=219 843 1971 1771 8375 288 1957 431 3375 2461 1876 138 299 55 1330
internal_value=-0.00113174 0.00115921 0.00283784 -0.00173513 -0.000828008 -0.00107765 -0.000577541 -0.000944517 -0.00171774 0.00112861 0.00566514 -0.00303423 0.00228022 0.00207168
internal_weight=25389 5291 3320 20098 11723 11297 9340 8497 6190 2307 426 3729 354 3101
internal_count=25389 5291 3320 20098 11723 11297 9340 8497 6190 2307 426 3729 354 3101
is_linear=0
shrinkage=0.05


Tree=41
num_leaves=15
num_cat=0
split_feature=35 49 3 20 17 43 10 22 20 0 45 15 17 21
split_gain=18.2647 8.77356 6.87129 6.3078 5.9629 5.16825 7.04272 4.48879 4.27944 6.05085 6.37129 3.79703 2.75697 3.87134
threshold=2.5000000000000004 47.500000000000007 47.049999237060554 89.850002288818374 10.050000190734865 92.500000000000014 39.591665267944343 929.50000000000011 8.5500001907348651 17.650000572204593 -1.9375332593917844 55.350000381469734 65.950000762939467 15.500000000000002
decision_type=2 10 2 2 2 8 2 2 2 2 2 2 2 2
left_child=2 4 3 8 5 6 -2 -3 -1 10 -10 -11 -4 -14
right_child=1 7 12 -5 -6 -7 -8 -9 9 11 -12 -13 13 -15
leaf_value=-0.0026149018436951148 0.0089768632060737933 0.00033051857606129537 -0.0020407671435073481 0.001939701775253339 -0.00012054988325732953 0.0014534361970931489 0.0025451046245899135 -0.0052138501007172764 -0.00034112882498016882 -0.0015677951917137105 0.010610597018733632 0.0003421816169147903 -0.0013188807294306215 0.00083436412282396658
leaf_weight=1783 307 1488 9519 271 2099 2196 1179 1169 79 1941 89 2430 343 334
leaf_count=1783 307 1488 9519 271 2099 2196 1179 1169 79 1941 89 2430 343 334
internal_value=-0.00107323 0.000823862 -0.00202661 -0.000767077 0.0019159 0.00312568 0.00539438 -0.00155043 -0.00109128 -0.000273688 0.00876404 -0.000640266 -0.00283951 0.000240173
internal_weight=25227 8438 16789 6593 5781 3682 1486 2657 6322 4539 168 4371 10196 677
internal_count=25227 8438 16789 6593 5781 3682 1486 2657 6322 4539 168 4371 10196 677
is_linear=0
shrinkage=0.05


Tree=42
num_leaves=15
num_cat=0
split_feature=3 43 56 51 51 50 14 2 6 52 27 11 25 25
split_gain=12.2149 14.64 6.07788 5.8458 6.41946 7.87209 6.2835 5.333 5.2657 5.18398 3.87718 5.16884 3.3363 3.30761
threshold=63.000000000000007 47.500000000000007 55.250000000000007 -0.6035533845424651 -0.12940952181816107 -1.0000000180025095e-35 32.030189514160163 16.050000190734867 41.95000076293946 -0.67803022265434254 12.34999990463257 108.86249923706056 25.94999980926514 17.650000572204593
decision_type=2 8 2 2 2 2 2 2 2 2 2 2 2 2
left_child=1 9 7 -2 10 6 -6 -3 -4 12 11 -5 -1 -10
right_child=3 2 8 4 5 -7 -8 -9 13 -11 -12 -13 -14 -15
leaf_value=-0.00025769793368148969 -0.0035336609142093568 0.0033344704325618656 0.0052410445358538954 0.0042630796291656505 -0.00096710295877142831 -0.0026071826812892225 0.0010035770638269592 -0.0014766769608474657 -8.1723882477339701e-05 0.0031873342188378537 -0.00020084637347416508 0.00034051362892690608 0.0037619984934414985 0.0022999677259647592
leaf_weight=676 3261 437 181 185 908 3999 711 9064 2598 1069 1325 273 76 639
leaf_count=676 3261 437 181 185 908 3999 711 9064 2598 1069 1325 273 76 639
internal_value=-0.00107863 -0.000145764 -0.000738264 -0.00236694 -0.00158616 -0.00241471 0.000524861 -0.00138839 0.00106768 0.00403878 0.00102342 0.0049359 0.000839894 0.000589774
internal_weight=25402 14740 12919 10662 7401 5618 1619 9501 3418 1821 1783 458 752 3237
internal_count=25402 14740 12919 10662 7401 5618 1619 9501 3418 1821 1783 458 752 3237
is_linear=0
shrinkage=0.05


Tree=43
num_leaves=15
num_cat=0
split_feature=35 3 56 2 51 6 40 19 57 45 15 3 43 3
split_gain=15.0137 10.5912 11.7009 9.11795 5.45539 4.75308 4.73871 5.46115 3.96922 3.93492 3.70775 3.30585 2.98634 2.91765
threshold=1.5000000000000002 63.000000000000007 59.199998855590827 20.050000190734867 -0.6035533845424651 60.199998855590827 989.04998779296886 90.000000000000014 95.149997711181655 -4.9740147590637198 90.90000152587892 47.45000076293946 147.50000000000003 109.54999923706056
decision_type=2 2 2 2 2 2 2 2 2 2 2 2 8 2
left_child=11 2 3 9 -3 -4 -6 8 -8 -2 -7 12 -1 -9
right_child=1 4 5 -5 6 10 7 13 -10 -11 -12 -13 -14 -15
leaf_value=0.00031534154646391135 -0.0016497302958020947 -0.0043868520799947184 0.0034853573866557366 -0.00062066703234045246 -0.0014721765089334695 -7.2923143801612632e-05 0.0011975384341916195 0.0010836622822957556 0.007520960596870953 0.0064200705170544469 0.0024329699468502893 -0.0018006927616854157 -0.0017258829536025606 -0.0010372477327617092
leaf_weight=1071 179 1944 822 6659 3068 769 148 703 103 463 972 5068 2260 1075
leaf_count=1071 179 1944 822 6659 3068 769 148 703 103 463 972 5068 2260 1075
internal_value=-0.00103184 -0.000172925 0.000884139 -0.000137465 -0.00165296 0.00378352 -0.000790093 0.00108141 0.00783525 0.00550613 0.00228155 -0.00275836 -0.00152799 8.94843e-05
internal_weight=25304 16905 9864 7301 7041 2563 5097 2029 251 642 1741 8399 3331 1778
internal_count=25304 16905 9864 7301 7041 2563 5097 2029 251 642 1741 8399 3331 1778
is_linear=0
shrinkage=0.05


Tree=44
num_leaves=15
num_cat=0
split_feature=35 51 51 51 51 17 3 31 23 51 23 51 38 51
split_gain=13.9659 8.48966 7.01323 5.86725 8.77784 6.72236 6.27662 5.78168 5.20206 4.76893 4.75159 3.7539 3.75073 5.13369
threshold=2.5000000000000004 -0.6035533845424651 0.78656607866287243 -0.37940952181816096 0.91597560048103344 85.15000152587892 104.90000152587892 -4.8513507843017569 0.44499999284744268 0.37940952181816107 0.79500001668930065 0.91597560048103344 23.050000190734867 -0.12940952181816107
decision_type=2 2 2 2 2 2 2 2 2 2 2 2 2 2
left_child=3 10 8 7 5 6 12 -1 9 -3 -2 -4 13 -5
right_child=1 2 11 4 -6 -7 -8 -9 -10 -11 -12 -13 -14 -15
leaf_value=-0.00028436728859245299 -0.0056113071686618122 0.0027753657541470427 -0.0034922148768845719 0.0024927524526105423 -0.0026410775571809255 0.0014188835123931246 -0.001946627729068183 -0.003032873109733397 0.00093056201694828979 0.0073841555136079807 0.0015915091163265739 0.00069182443926813289 -0.0011541175656705424 6.4031907129901669e-05
leaf_weight=1549 1625 1230 1072 533 2133 165 1290 4732 2623 392 483 1080 2071 4390
leaf_count=1549 1625 1230 1072 533 2133 165 1290 4732 2623 392 483 1080 2071 4390
internal_value=-0.00102609 0.000625366 0.00153192 -0.00185889 -0.0011386 -0.000413171 -0.000617315 -0.00306867 0.00270858 0.00492647 -0.00211993 -0.000790936 -2.4273e-05 0.000726737
internal_weight=25368 8505 6397 16863 10582 8449 8284 6281 4245 1622 2108 2152 6994 4923
internal_count=25368 8505 6397 16863 10582 8449 8284 6281 4245 1622 2108 2152 6994 4923
is_linear=0
shrinkage=0.05


Tree=45
num_leaves=15
num_cat=0
split_feature=35 2 3 56 25 51 51 21 0 21 34 48 3 25
split_gain=15.6778 10.4167 7.06457 6.65649 5.60185 6.84309 4.74228 4.04715 3.84954 3.18795 3.05723 4.03043 3.02304 3.38321
threshold=2.5000000000000004 43.250000000000007 62.050001144409187 39.649999618530281 16.250000000000004 -0.12940952181816107 -0.6035533845424651 104.50000000000001 11.250000000000002 169.50000000000003 1.6500000357627871 -1.3499999642372129 27.750000000000004 9.6500000953674334
decision_type=2 2 2 2 2 2 2 2 2 2 2 2 2 2
left_child=2 3 4 8 9 -6 -3 -5 -2 12 -7 -12 13 -1
right_child=1 6 -4 7 5 10 -8 -9 -10 -11 11 -13 -14 -15
leaf_value=-0.00060848992004972438 0.0090226459871381309 -0.0040440326070349652 -0.0016989439233735114 0.0022972282494898573 -0.0021531617112662041 0.00097946824752882171 0.00021828152175016951 0.0075594967522379557 0.00039383398689016888 -0.0028404526575871946 0.0017711452048373853 0.0039959022315130032 -0.0011888154750665835 0.0025580336982984051
leaf_weight=988 58 1469 7264 775 731 974 4113 552 1522 1316 132 111 4757 621
leaf_count=988 58 1469 7264 775 731 974 4113 552 1522 1316 132 111 4757 621
internal_value=-0.000963456 0.000788915 -0.00184394 0.00321049 -0.000954358 0.00143514 -0.000475681 0.00580778 0.00100629 -0.00156136 0.00372046 0.00863636 -0.00109473 0.000775169
internal_weight=25383 8489 16894 2907 9630 1948 5582 1327 1580 7682 1217 243 6366 1609
internal_count=25383 8489 16894 2907 9630 1948 5582 1327 1580 7682 1217 243 6366 1609
is_linear=0
shrinkage=0.05


Tree=46
num_leaves=15
num_cat=0
split_feature=35 2 51 23 26 21 20 2 47 19 40 51 4 52
split_gain=12.757 9.33708 6.21 9.5294 5.59735 5.29772 5.20052 6.68255 4.72619 5.02603 6.30124 4.70028 3.8799 3.65398
threshold=1.5000000000000002 28.349999427795414 -0.6035533845424651 0.79500001668930065 0.67668813467025768 187.50000000000003 5.6499998569488534 15.34999990463257 6.8166668415069589 179.50000000000003 989.14999389648449 0.37940952181816107 16.849999427795414 0.24372619390487674
decision_type=2 2 2 2 2 2 2 2 2 2 2 2 2 2
left_child=-1 6 3 -3 5 -5 -2 12 9 10 -4 -12 -8 -10
right_child=1 2 8 4 -6 -7 7 -9 13 -11 11 -13 -14 -15
leaf_value=-0.0013438376271694022 -0.0025016216846646317 -0.0049866016645923883 0.00039913296080689332 0.0047242439243956281 -0.0018139895678722475 -0.0016219221468000468 0.0045155977463005393 0.0031657660171891251 -0.0022242798767040154 -0.0012396389700250977 0.0032038092377542644 0.00035817207852236821 0.017493659213492271 0.00033058108663349415
leaf_weight=8467 438 2911 3986 400 375 130 107 1580 2598 1093 696 501 80 2166
leaf_count=8467 438 2911 3986 400 375 130 107 1580 2598 1093 696 501 80 2166
internal_value=-0.000960922 -0.000173102 -0.000624244 -0.00236017 0.00210382 0.00537037 0.00285553 0.00406021 -2.26256e-05 0.000878141 0.00152802 0.00469345 0.0127665 -0.00120863
internal_weight=25528 17061 14856 3816 905 530 2205 1767 11040 6276 5183 1197 187 4764
internal_count=25528 17061 14856 3816 905 530 2205 1767 11040 6276 5183 1197 187 4764
is_linear=0
shrinkage=0.05


Tree=47
num_leaves=15
num_cat=0
split_feature=3 43 56 6 43 35 3 0 12 24 21 44 17 26
split_gain=11.2927 12.0667 5.42887 8.23997 4.69162 4.82175 4.48619 4.22127 4.08691 3.82128 4.42448 3.72911 3.26992 3.24776
threshold=54.750000000000007 47.500000000000007 42.049999237060554 40.250000000000007 132.50000000000003 2.5000000000000004 14.750000000000002 22.150000572204593 47.250000000000007 151.50000000000003 162.50000000000003 6.1519517898559579 5.6499998569488534 0.42884531617164617
decision_type=2 8 2 2 10 2 2 2 2 2 2 2 2 2
left_child=1 7 6 -4 5 -2 -3 -1 -9 -8 -11 -5 -7 -6
right_child=4 2 3 11 13 12 9 8 -10 10 -12 -13 -14 -15
leaf_value=0.017394156695728722 -0.0011230596115860826 0.0030616120855307474 0.0043031232333137727 0.00018602154756147709 0.00017683295098272955 0.0016985472821208223 -0.0017287772891479481 0.00022416929941541011 0.0023855190039714022 0.0060719910932917932 -0.0033439572163931641 -0.0031124087840600258 -0.00093093123165803962 -0.0029999704195466962
leaf_weight=78 5124 286 608 3816 592 1183 5482 611 835 140 100 529 1262 4532
leaf_count=78 5124 286 608 3816 592 1183 5482 611 835 140 100 529 1262 4532
internal_value=-0.00102986 3.8014e-05 -0.000542796 0.000682046 -0.00207943 -0.00128579 -0.00155201 0.00419165 0.00351648 -0.00185974 0.0042 -8.61091e-05 0.000539714 -0.00324698
internal_weight=25178 12485 10961 4953 12693 7569 6008 1524 1446 5722 240 4345 2445 5124
internal_count=25178 12485 10961 4953 12693 7569 6008 1524 1446 5722 240 4345 2445 5124
is_linear=0
shrinkage=0.05


Tree=48
num_leaves=15
num_cat=0
split_feature=51 50 51 42 31 19 23 20 20 26 23 23 24 48
split_gain=9.66406 14.0305 18.1055 13.3503 9.44563 7.12501 6.97381 6.87787 5.42169 5.20228 3.79982 3.76971 3.7567 3.78473
threshold=-0.6035533845424651 -1.0000000180025095e-35 1.0000000180025095e-35 6.6499998569488534 -4.8513507843017569 19.849999427795414 0.66500002145767223 9.9499998092651385 57.850000381469734 0.38282783329486852 1.044999957084656 0.85500001907348644 43.500000000000007 2.4500000476837163
decision_type=2 2 2 2 2 2 2 2 2 2 2 2 2 2
left_child=4 3 6 5 12 -2 8 -7 -3 -4 -9 -6 -1 -14
right_child=1 2 9 -5 11 7 -8 10 -10 -11 -12 -13 13 -15
leaf_value=-0.00084416196294761613 0.017209434726601219 0.002927138908509627 0.0043906702448692032 -0.0006201223472106467 -0.0035789138806348211 -0.00098426713477873661 -0.00085397707314861608 0.0017656579452666463 -0.00048007374364552187 -0.002040955755738903 -0.0011604567662001192 -0.0001756048940849664 0.00023055890273908491 0.0063768454931069822
leaf_weight=1320 78 983 169 4109 4647 982 744 3019 345 7213 286 723 388 223
leaf_count=1320 78 983 169 4109 4647 982 744 3019 345 7213 286 723 388 223
internal_value=-0.000978447 -0.000353441 -0.00167688 0.00112329 -0.0025106 0.00304571 0.00244476 0.00274959 0.00460389 -0.0028355 0.00383861 -0.00358736 0.000486861 0.00369565
internal_weight=25229 17928 9454 8474 7301 4365 2072 4287 1328 7382 3305 5370 1931 611
internal_count=25229 17928 9454 8474 7301 4365 2072 4287 1328 7382 3305 5370 1931 611
is_linear=0
shrinkage=0.05


Tree=49
num_leaves=15
num_cat=0
split_feature=35 50 50 53 19 47 4 25 54 50 38 51 23 1
split_gain=10.0773 6.82837 5.99989 5.07347 4.10617 4.49676 4.06315 4.85126 3.98363 3.62081 5.04221 4.38411 3.69214 4.41708
threshold=2.5000000000000004 -0.91597560048103321 -0.6035533845424651 -0.54940786957740773 29.849999427795414 9.8166666030883807 65.299999237060561 35.049999237060554 9.5000000000000018 0.78656607866287243 13.050000190734865 0.91597560048103344 0.54500001668930065 36.750000000000007
decision_type=2 2 2 2 2 2 2 2 2 2 2 2 2 2
left_child=1 3 4 -1 -2 -6 7 -3 -5 11 -11 12 -4 -14
right_child=2 6 9 8 5 -7 -8 -9 -10 10 -12 -13 13 -15
leaf_value=-0.0027587624173188319 0.010163069506684498 -0.00099557642859044305 -0.0054352356856138956 0.0020646511403572573 0.0022752525464377654 -0.0034513897340370243 -0.0017430322128046455 0.00093012106447667759 -0.00033884514331177754 0.0029081727232135781 -0.00059012851734585256 0.00087789229022746523 0.0069497132732183279 -0.0011489852639842517
leaf_weight=663 185 8576 1690 940 1549 342 6128 210 521 828 1322 1073 188 1283
leaf_count=663 185 8576 1690 940 1549 342 6128 210 521 828 1322 1073 188 1283
internal_value=-0.00104438 -0.00174449 0.000365996 0.000904404 0.00269415 0.00197001 -0.00212209 -0.0014302 0.00254589 -0.000394121 0.00127315 -0.00124175 -0.00217755 -0.000340987
internal_weight=25498 17038 8460 2124 2076 1891 14914 8786 1461 6384 2150 4234 3161 1471
internal_count=25498 17038 8460 2124 2076 1891 14914 8786 1461 6384 2150 4234 3161 1471
is_linear=0
shrinkage=0.05


Tree=50
num_leaves=15
num_cat=0
split_feature=3 57 3 57 6 14 25 14 19 50 1 3 49 28
split_gain=9.05113 7.06257 6.5643 4.05851 3.69355 4.05984 3.84695 3.3647 3.93337 3.16583 3.14221 3.11099 3.06097 2.78468
threshold=82.799999237060561 66.216663360595717 42.899999618530281 36.383333206176765 69.299999237060561 11.43345880508423 40.45000076293946 10.148266315460207 123.15000152587892 0.78656607866287243 25.050000190734867 11.250000000000002 -1.0000000180025095e-35 45.500000000000007
decision_type=2 2 2 2 2 2 2 2 2 2 2 2 8 2
left_child=1 2 3 11 5 -3 -6 -5 10 -4 -9 -1 -2 -11
right_child=12 4 9 7 6 -7 -8 8 -10 13 -12 -13 -14 -15
leaf_value=0.0054936108864541465 -0.00049485089235041656 3.3739853042858637e-05 -0.002009456472331765 -0.0003357533198735042 -0.00019635278576767974 0.0024464435487357742 0.0021588069197062579 0.0049326116248183888 0.0055353420838358883 0.004270857059089174 0.00061030086770313496 -0.0011006930451501313 -0.0020562384091087024 -0.00042826687628417804
leaf_weight=130 1956 747 4882 1861 2723 1135 136 360 76 109 1591 3235 4997 1400
leaf_count=130 1956 747 4882 1861 2723 1135 136 360 76 109 1591 3235 4997 1400
internal_value=-0.00100166 -0.000419952 -0.000997511 3.23546e-05 0.00124079 0.00295454 0.000106308 0.00113135 0.00253559 -0.00216451 0.00206272 -0.00123704 -0.00253698 -0.000161292
internal_weight=25338 18385 13644 7253 4741 1882 2859 3888 2027 6391 1951 3365 6953 1509
internal_count=25338 18385 13644 7253 4741 1882 2859 3888 2027 6391 1951 3365 6953 1509
is_linear=0
shrinkage=0.05


Tree=51
num_leaves=15
num_cat=0
split_feature=3 43 52 50 21 27 6 2 22 11 19 49 2 15
split_gain=10.2704 14.386 7.03445 6.58237 4.21402 4.93577 4.06512 3.81707 3.89044 3.4426 3.38229 3.21147 3.06153 5.80102
threshold=82.799999237060561 72.500000000000014 -0.48314717411994929 -1.0000000180025095e-35 43.500000000000007 35.049999237060554 35.549999237060554 15.34999990463257 385.50000000000006 72.777084350585952 205.1499938964844 -9.9731059074401838 39.649999618530281 56.750000000000007
decision_type=2 8 2 2 2 2 2 2 2 2 2 8 2 2
left_child=1 2 -1 4 9 6 -6 8 -3 -4 12 -2 13 -9
right_child=11 7 3 -5 5 -7 -8 10 -10 -11 -12 -13 -14 -15
leaf_value=-3.4852340182180308e-05 -0.00027013599576179741 -0.0022186190040004595 -0.00016780194330673354 0.00076487352860761559 0.0099820061428028718 -0.0016311092957787207 0.0024862538457096563 -0.0013417621746284565 0.0054300716971340049 0.0027515853208846118 0.0024440530555741857 -0.0018841316797960318 -0.0015253989299666541 0.00093200877490410899
leaf_weight=2118 1416 131 221 1162 192 85 491 3267 196 140 278 5572 7542 2592
leaf_count=2118 1416 131 221 1162 192 85 491 3267 196 140 278 5572 7542 2592
internal_value=-0.0010473 -0.00042741 0.00206042 0.00397436 0.00667691 0.00875321 0.0101515 -0.00121147 0.00405044 0.00214286 -0.00134013 -0.00267791 -0.0014544 -0.000595503
internal_weight=25403 18415 4409 2291 1129 768 683 14006 327 361 13679 6988 13401 5859
internal_count=25403 18415 4409 2291 1129 768 683 14006 327 361 13679 6988 13401 5859
is_linear=0
shrinkage=0.05


Tree=52
num_leaves=15
num_cat=0
split_feature=35 43 21 3 52 56 51 52 17 38 0 50 27 19
split_gain=8.74042 7.55817 7.83502 5.72383 5.00348 4.38423 4.04742 3.38495 3.30527 3.23554 3.23017 3.67923 5.37051 2.75613
threshold=1.5000000000000002 62.500000000000007 46.500000000000007 42.899999618530281 -0.29343378543853754 29.349999427795414 0.12940952181816107 0.27694219350814825 4.2500000000000009 26.150000572204593 114.20000076293947 0.12940952181816109 29.849999427795414 127.85000228881837
decision_type=2 8 2 2 2 2 2 2 2 2 2 2 2 2
left_child=-1 2 6 5 -4 -3 13 -8 9 -7 11 12 -6 -2
right_child=1 3 4 -5 10 8 7 -9 -10 -11 -12 -13 -14 -15
leaf_value=-0.0011601409126652943 0.0026168928825775744 -0.0016617557810590889 0.0010070259232613573 -0.0015147198356519997 0.005528341059668926 0.0016583830410761614 -0.0013945457617885477 0.0013628744242286906 -0.00026246045758174447 0.0073588197094901185 -0.00026531900927744581 0.0015432301423941488 0.0016554309990741535 0.00017590172027939503
leaf_weight=8457 213 1502 813 7776 294 1876 1707 676 1105 139 117 221 165 314
leaf_count=8457 213 1502 813 7776 294 1876 1707 676 1105 139 117 221 165 314
internal_value=-0.00102521 -0.000368621 0.00137969 -0.00100661 0.00416667 0.000386441 -0.000171234 -0.00105098 0.00145367 0.00265432 0.00695787 0.00826087 0.0107783 0.00375233
internal_weight=25375 16918 4520 12398 1610 4622 2910 2383 3120 2015 797 680 459 527
internal_count=25375 16918 4520 12398 1610 4622 2910 2383 3120 2015 797 680 459 527
is_linear=0
shrinkage=0.05


Tree=53
num_leaves=15
num_cat=0
split_feature=35 2 43 3 25 52 28 2 43 26 30 43 45 1
split_gain=9.69384 5.70565 6.71038 5.08041 5.98806 4.28984 3.834 3.40112 2.99627 3.8089 4.34654 2.98885 2.96846 2.90665
threshold=2.5000000000000004 75.549999237060561 47.500000000000007 104.90000152587892 31.250000000000004 0.35846313834190374 71.500000000000014 22.550000190734867 57.500000000000007 0.52571961283683788 882.50000000000011 22.500000000000004 -3.9372576475143428 18.94999980926514
decision_type=2 2 8 2 2 2 2 2 8 2 8 10 2 2
left_child=3 2 5 4 7 -2 -6 12 -9 10 -10 -8 -1 -4
right_child=1 -3 13 -5 6 -7 11 8 9 -11 -12 -13 -14 -15
leaf_value=-0.0016357135012798646 0.0024354281556753536 -0.001334925649375412 0.005964595248377942 -0.0016585402944108629 0.00025174462881857532 0.0074725003170317307 0.0029871536853468684 -4.627324208392535e-05 0.0017167433590759085 -0.0015998353276826063 -0.0013691545208478779 0.0009995983550372511 0.0020737889726774213 0.00027061599718459953
leaf_weight=434 510 2657 268 3065 456 273 59 2357 882 7601 1238 158 650 4756
leaf_count=434 510 2657 268 3065 456 273 59 2357 882 7601 1238 158 650 4756
internal_value=-0.000940728 0.000440169 0.00131769 -0.00163217 -0.00122246 0.00559268 0.00334553 -0.0014584 -0.00169921 -0.00208663 -0.000211269 0.00865639 0.00121572 0.000641636
internal_weight=25364 8464 5807 16900 13835 783 673 13162 12078 9721 2120 217 1084 5024
internal_count=25364 8464 5807 16900 13835 783 673 13162 12078 9721 2120 217 1084 5024
is_linear=0
shrinkage=0.05


Tree=54
num_leaves=15
num_cat=0
split_feature=35 50 21 50 47 26 50 50 38 42 25 3 47 17
split_gain=9.35367 6.63098 4.56705 10.4918 9.35518 8.24114 5.90521 4.25005 4.46211 4.15867 4.06133 3.69467 3.56502 3.40904
threshold=2.5000000000000004 -0.6035533845424651 169.50000000000003 -0.37940952181816096 6.7166664600372323 0.47897768020629888 0.91597560048103344 0.78656607866287243 12.949999809265138 5.7500000000000009 47.350000381469734 131.55000305175784 9.0166668891906756 -8.5500001907348615
decision_type=2 2 2 2 2 2 2 2 2 2 2 2 2 2
left_child=2 9 3 4 10 -5 -7 -3 11 -2 -1 12 13 -9
right_child=1 7 -4 5 -6 6 -8 8 -10 -11 -12 -13 -14 -15
leaf_value=0.0009121591682449495 0.0033821783395684459 -0.0012012002286167795 -0.0021980966088734179 0.0019103427260625796 -0.00067658310374219249 -0.0019028060482315708 -0.00012853967381844415 0.0079449546620868044 -0.00020891031532080839 0.00096173667541983587 0.0015499701627885742 -0.00071831319758149971 -0.00050705384428492044 0.0035683791737894221
leaf_weight=1958 900 4239 2894 747 2311 6899 1978 133 1329 1261 93 263 108 278
leaf_count=1958 900 4239 2894 747 2311 6899 1978 133 1329 1261 93 263 108 278
internal_value=-0.000929295 0.000421898 -0.00161042 -0.00123464 0.00079826 -0.00215591 -0.00258074 -0.000393083 0.00143564 0.00280746 0.00324842 0.00440656 0.00681474 0.00889549
internal_weight=25391 8511 16880 13986 4362 9624 8877 6350 2111 2161 2051 782 519 411
internal_count=25391 8511 16880 13986 4362 9624 8877 6350 2111 2161 2051 782 519 411
is_linear=0
shrinkage=0.05


Tree=55
num_leaves=15
num_cat=0
split_feature=35 1 57 49 31 24 7 30 31 26 3 14 51 27
split_gain=9.003 6.72498 6.03922 5.18157 3.80299 3.80137 3.7817 3.64118 3.53165 3.33835 3.43653 3.13384 2.92361 5.46717
threshold=1.5000000000000002 31.150000572204593 38.583332061767585 52.500000000000007 -6.1563081741332999 85.500000000000014 24.550000190734867 947.50000000000011 6.0783488750457773 0.65257322788238536 200.00000000000003 14.888558864593508 0.37940952181816107 18.650000572204593
decision_type=2 2 2 8 2 2 2 8 2 2 2 2 2 2
left_child=-1 2 -2 4 -3 -5 11 -7 -8 -6 12 -4 13 -11
right_child=1 3 6 5 9 7 8 -9 -10 10 -12 -13 -14 -15
leaf_value=-0.0010380625524917823 -6.4822516997590355e-06 -0.0019586430823877376 0.005603830312391098 -0.0022093509493387176 -0.0010175678680181448 0.0026778859546619984 0.0046367120811909154 -0.0016353770861522331 -0.0015726854290557637 0.0023717606082594676 -0.002658520399842353 0.01335531273873293 0.00015632701203229039 0.00029211436456279808
leaf_weight=8365 1632 1291 53 4803 1836 477 834 393 216 1045 294 51 2821 1111
leaf_count=8365 1632 1291 53 4803 1836 477 834 393 216 1045 294 51 2821 1111
internal_value=-0.000949589 -0.000283691 0.00195637 -0.000728288 6.06553e-05 -0.00189425 0.0047079 0.00113636 0.00372641 0.000514963 0.00115414 0.0134211 0.00146681 0.00284857
internal_weight=25222 16857 2786 14071 8398 5673 1154 870 1050 7107 5271 104 4977 2156
internal_count=25222 16857 2786 14071 8398 5673 1154 870 1050 7107 5271 104 4977 2156
is_linear=0
shrinkage=0.05


Tree=56
num_leaves=15
num_cat=0
split_feature=51 50 51 43 33 47 35 45 1 38 1 17 20 16
split_gain=9.50305 10.6352 14.8844 9.33036 7.1451 5.91847 4.62385 4.17357 3.54944 5.73059 3.46836 5.38449 2.9736 2.96254
threshold=-0.6035533845424651 -1.0000000180025095e-35 0.37940952181816107 172.50000000000003 0.15000000223517421 6.616666555404664 1.5000000000000002 2.1650291681289677 107.20000076293947 21.44999980926514 25.44999980926514 -12.550000190734862 115.54999923706056 17.94999980926514
decision_type=2 2 2 10 2 2 2 2 2 2 2 2 2 2
left_child=4 3 6 5 -1 12 -3 -6 9 -8 11 -9 13 -2
right_child=1 2 -4 -5 7 -7 8 10 -10 -11 -12 -13 -14 -15
leaf_value=-0.0024085777701310131 0.005769840531628101 -0.00068908090537349569 -0.001914457660804908 -0.00092493950009620669 -0.0009732543524466668 0.00015568598355870526 0.0025658114997284638 0.012041835567675867 -0.0009268389301022265 -0.00037521457614162092 0.00083315155896913375 0.00093737874940926283 0.0019212602253257782 0.0010134384236213647
leaf_weight=4895 296 1069 5294 2848 1448 2421 1585 53 662 887 897 93 363 2535
leaf_count=4895 296 1069 5294 2848 1448 2421 1585 53 662 887 897 93 363 2535
internal_value=-0.000855026 -0.000233724 -0.00138161 0.00105452 -0.00236344 0.00223555 0.000839068 -0.000181928 0.00180661 0.00267526 0.00221747 0.00910256 0.00364544 0.00307814
internal_weight=25346 17960 9497 8463 7386 5615 4203 2491 3134 2472 1043 146 3194 2831
internal_count=25346 17960 9497 8463 7386 5615 4203 2491 3134 2472 1043 146 3194 2831
is_linear=0
shrinkage=0.05


Tree=57
num_leaves=15
num_cat=0
split_feature=3 43 57 3 17 56 17 29 49 54 13 6 34 21
split_gain=7.19134 10.1585 5.06949 5.60481 5.77087 4.99981 4.38941 4.3528 3.87119 3.69114 3.35597 3.18857 3.12359 3.11613
threshold=58.95000076293946 47.500000000000007 65.450000762939467 126.89999771118165 90.100002288818374 55.250000000000007 -37.04999923706054 7.1499998569488534 362.50000000000006 9.5000000000000018 47.262796401977546 43.45000076293946 -0.15000000223517415 175.50000000000003
decision_type=2 8 2 2 2 2 2 2 10 2 2 2 2 2
left_child=1 9 -2 4 6 13 7 -4 -7 10 -1 -12 -10 -3
right_child=2 5 3 -5 -6 8 -8 -9 12 -11 11 -13 -14 -15
leaf_value=0.0012537018628804393 -0.0021743972857760914 -0.00053299655278100922 0.002968595355577633 -0.0014095478925577952 0.0021845253851971581 0.00042733221867665826 -0.00033743374399797504 -0.0015234991440637217 0.0079799503743660499 -0.00019122665756266788 0.0060887582631297911 0.0015781475736500333 0.0021098818325338271 -0.0019597502492472744
leaf_weight=548 4297 7171 292 2816 144 2849 4002 155 62 477 186 464 78 1819
leaf_count=548 4297 7171 292 2816 144 2849 4002 155 62 477 186 464 78 1819
internal_value=-0.000869138 -8.92869e-05 -0.00177791 -0.000983287 9.45024e-05 -0.000600135 -0.000234359 0.00440919 0.00116872 0.00354599 0.00501656 0.00742424 0.009 -0.00118889
internal_weight=25360 13654 11706 7409 4593 11979 4449 447 2989 1675 1198 650 140 8990
internal_count=25360 13654 11706 7409 4593 11979 4449 447 2989 1675 1198 650 140 8990
is_linear=0
shrinkage=0.05


Tree=58
num_leaves=15
num_cat=0
split_feature=51 50 51 47 33 52 24 18 32 21 26 19 17 43
split_gain=9.12345 11.2377 13.9238 8.49632 7.13915 5.51788 5.03875 3.93337 3.79354 3.46286 3.5064 3.24581 3.28551 3.20633
threshold=-0.6035533845424651 -1.0000000180025095e-35 1.0000000180025095e-35 7.116666555404664 0.65000000596046459 0.29342973232269293 21.500000000000004 -8.2499999999999982 5.0665347576141366 140.50000000000003 0.70154631137847911 25.150000572204593 100.79999923706056 37.500000000000007
decision_type=2 2 2 2 2 2 2 2 2 2 2 2 2 10
left_child=4 3 13 6 -1 -4 11 9 -7 10 -6 -2 -13 -3
right_child=1 2 5 -5 7 8 -8 -9 -10 -11 -12 12 -14 -15
leaf_value=-0.0021337659304454409 0.01087460956876337 0.0021506082888246379 -0.0019421752157339695 -0.0004100306018223852 0.0041891257603779179 -0.00066151337354176487 0.00011981936310932402 -0.00065591245023229701 0.001900100454009325 -0.002475740177897819 -0.00058901183487540163 0.0012760914903578503 0.0011951407336898549 0.00065972125177344697
leaf_weight=5511 149 617 4467 3720 363 2670 1628 1228 198 163 123 2828 116 1474
leaf_count=5511 149 617 4467 3720 363 2670 1628 1228 198 163 123 2828 116 1474
internal_value=-0.000806453 -0.000194944 -0.00138088 0.00112945 -0.00228305 -0.0024064 0.0025354 0.000378907 -0.000691454 0.00349772 0.00558468 0.00371737 0.00332769 0.00221085
internal_weight=25255 17867 9426 8441 7388 7335 4721 1877 2868 649 486 3093 2944 2091
internal_count=25255 17867 9426 8441 7388 7335 4721 1877 2868 649 486 3093 2944 2091
is_linear=0
shrinkage=0.05


Tree=59
num_leaves=15
num_cat=0
split_feature=3 43 52 35 13 17 56 0 38 35 25 53 57 48
split_gain=7.67118 10.0122 5.63831 4.22012 3.51901 3.31726 2.99168 4.48378 3.56653 2.96743 2.90983 6.1735 2.85235 2.75016
threshold=86.950000762939467 72.500000000000014 0.022575936280190948 1.5000000000000002 137.11606597900393 13.650000095367433 57.649999618530281 29.750000000000004 25.44999980926514 2.5000000000000004 23.550000190734867 1.0000000180025095e-35 34.783332824707038 -4.3500001430511466
decision_type=2 8 2 2 2 2 2 2 2 2 2 2 2 2
left_child=1 2 10 -3 5 9 7 8 13 -4 -1 -12 -10 -5
right_child=-2 3 4 6 -6 -7 -8 -9 12 -11 11 -13 -14 -15
leaf_value=-0.00035989784457059415 -0.00122480062839001 -0.001149326638183096 0.0011853142751725916 0.0054526670216639445 0.0039404316860932121 0.00034967150333823916 0.00059423210689102043 -0.0013052390442789454 -0.00056635027623033469 0.0068652186233708933 0.0044015809342840542 0.00028251690258672771 0.010112597125224054 -0.00015273740813176928
leaf_weight=2113 6400 4822 583 153 68 884 2542 4881 50 325 118 539 83 1747
leaf_count=2113 6400 4822 583 153 68 884 2542 4881 50 325 118 539 83 1747
internal_value=-0.000876453 -0.000369491 0.00164871 -0.00102464 0.00377005 0.00329634 -0.000409889 -0.000948875 0.00102056 0.00540305 0.000215826 0.00309595 0.00863636 0.000445025
internal_weight=25308 18908 4630 14278 1860 1792 9456 6914 2033 908 2770 657 133 1900
internal_count=25308 18908 4630 14278 1860 1792 9456 6914 2033 908 2770 657 133 1900
is_linear=0
shrinkage=0.05


Tree=60
num_leaves=15
num_cat=0
split_feature=3 56 6 2 24 49 20 17 1 17 31 42 2 17
split_gain=8.67713 7.63855 6.58478 4.15626 4.06996 3.66726 3.51856 4.64967 3.45956 3.34759 3.13455 2.98647 4.00775 3.85153
threshold=66.250000000000014 55.250000000000007 41.95000076293946 33.45000076293946 153.50000000000003 1.0000000180025095e-35 6.5499999523162851 -7.1499998569488517 19.650000572204593 -4.3500001430511466 5.0459392070770273 5.0499999523162851 131.55000305175784 -37.04999923706054
decision_type=2 2 2 2 2 10 2 2 2 2 2 2 2 2
left_child=1 3 9 4 6 11 -1 8 -8 -3 -4 12 13 -2
right_child=5 2 10 -5 -6 -7 7 -9 -10 -11 -12 -13 -14 -15
leaf_value=-0.0017231065408726963 0.0022341008823089023 0.0050200145103816585 0.00088574878452223028 -0.0011346510918965615 0.0050763369301640611 -0.0017206035648630776 0.0062633071743560618 -8.0142706637418562e-05 0.0012713229851508379 0.0027681314797431706 -0.00074049779261702454 -0.0011245391232209141 -0.00077908505903331795 0.00024870879247312699
leaf_weight=1100 265 150 3626 6265 63 5176 197 2222 737 146 891 2439 877 1128
leaf_count=1100 265 150 3626 6265 63 5176 197 2222 737 146 891 2439 877 1128
internal_value=-0.000767438 -2.49898e-05 0.00162451 -0.000775912 0.000416954 -0.00192269 0.000215658 0.00106443 0.00400424 0.00872549 0.00114093 -0.000910152 0.000394736 0.00205631
internal_weight=25282 15397 4813 10584 4319 9885 4256 3156 934 296 4517 4709 2270 1393
internal_count=25282 15397 4813 10584 4319 9885 4256 3156 934 296 4517 4709 2270 1393
is_linear=0
shrinkage=0.05


Tree=61
num_leaves=15
num_cat=0
split_feature=35 1 56 51 23 26 21 0 20 17 51 31 10 57
split_gain=6.90697 6.21642 6.64334 5.11704 8.32269 3.43925 4.62989 3.24749 3.58457 3.1942 3.10727 2.95739 2.89426 3.79436
threshold=1.5000000000000002 39.149999618530281 43.95000076293946 -0.6035533845424651 0.76499998569488536 0.67939892411232006 185.50000000000003 14.750000000000002 4.2500000000000009 90.100002288818374 0.98296290636062633 -6.1563081741332999 194.50833129882815 83.683330535888686
decision_type=2 2 2 2 2 2 2 2 2 2 2 2 2 2
left_child=9 2 7 4 -3 6 -6 8 -2 -1 -11 -5 13 -13
right_child=1 3 -4 11 5 -7 -8 -9 -10 10 -12 12 -14 -15
leaf_value=-0.00082360678300275741 -0.0074738150959759962 -0.0052285054547129778 0.0035896589120563804 -0.0017320729583214555 0.0036863102739397276 -0.0009896745102143229 -0.00098375358706241037 -0.00028175569099693699 0.0074915303454118204 0.0011348474700671029 -0.00088326684853992198 -0.00023814308109888706 -0.0024108315423227314 0.00084284491133627775
leaf_weight=8211 64 2208 1445 1453 361 385 155 2978 194 78 76 4428 341 2867
leaf_count=8211 64 2208 1445 1453 361 385 155 2978 194 78 76 4428 341 2867
internal_value=-0.000691773 -0.000109244 0.00143786 -0.000703638 -0.00245111 0.00158617 0.00422053 0.0001756 0.00544776 -0.00186567 0.00506097 -0.000103859 0.000290347 0.000503079
internal_weight=25244 16879 4681 12198 3109 901 516 3236 258 8365 154 9089 7636 7295
internal_count=25244 16879 4681 12198 3109 901 516 3236 258 8365 154 9089 7636 7295
is_linear=0
shrinkage=0.05


Tree=62
num_leaves=15
num_cat=0
split_feature=3 43 54 8 56 6 38 3 25 51 25 53 20 25
split_gain=7.15319 7.7168 4.40072 3.79797 3.60574 6.60677 3.73533 3.10247 2.98681 2.46335 2.73165 3.99555 2.40527 2.50061
threshold=82.799999237060561 47.500000000000007 6.5000000000000009 107.00000000000001 47.649999618530281 45.699998855590827 18.349999427795414 27.750000000000004 7.2500000000000009 -0.12940952181816107 26.849999427795414 0.44312302768230444 53.049999237060554 10.250000000000002
decision_type=2 8 2 2 2 2 2 2 2 2 2 2 2 2
left_child=1 2 3 12 7 6 -6 -3 -9 -4 -11 -12 13 -1
right_child=-2 4 9 -5 5 -7 -8 8 -10 10 11 -13 -14 -15
leaf_value=0.0018103769658503654 -0.0011173677420913358 0.00010786141877469609 0.0024786120758634538 0.0042903944029899516 0.00087409120487920249 -0.00018332460174158902 0.005178331222964962 0.00059102828460628413 -0.0016030664884420292 -0.0004118084712403698 0.0031934750598992846 -0.00013155855324190429 0.00092216727818073224 0.0032765442675788642
leaf_weight=158 6857 2273 117 112 428 6255 303 589 5993 1205 100 180 519 260
leaf_count=158 6857 2273 117 112 428 6255 303 589 5993 1205 100 180 519 260
internal_value=-0.000825941 -0.000314021 0.00217775 0.00467894 -0.000732132 0.000117209 0.00458165 -0.00140158 -0.00195085 0.000521091 -5.01684e-05 0.00431034 0.00355333 0.00633177
internal_weight=25349 18492 2651 1049 15841 6986 731 8855 6582 1602 1485 280 937 418
internal_count=25349 18492 2651 1049 15841 6986 731 8855 6582 1602 1485 280 937 418
is_linear=0
shrinkage=0.05


Tree=63
num_leaves=15
num_cat=0
split_feature=35 1 56 57 51 51 23 29 2 0 48 5 54 45
split_gain=7.56936 4.5173 4.5538 4.35946 3.90277 6.30117 6.04055 3.89866 3.81017 3.42096 3.03896 2.79076 2.64891 2.44014
threshold=2.5000000000000004 52.45000076293946 30.650000572204593 95.149997711181655 -0.37940952181816096 0.91597560048103344 0.87500000000000011 4.4500000476837167 147.35000610351565 27.44999980926514 3.1499999761581425 146.90000152587893 10.500000000000002 -0.36280825734138483
decision_type=2 2 2 2 2 2 2 2 2 2 2 2 2 2
left_child=4 2 -2 -3 6 7 -1 12 13 -4 11 -9 -6 -5
right_child=1 3 9 8 5 -7 -8 10 -10 -11 -12 -13 -14 -15
leaf_value=-0.0017690510680839187 -0.00097719703882417019 -0.0016308202491744719 0.0066156118678290417 0.0007114744446330536 0.00091189339056948853 -0.0014863671170750952 0.00034617308279594574 -0.0005260255326808821 -0.001730630134232 0.0013396180483815582 0.004108978702309779 0.0010266493417429054 -0.00050816140595860996 0.0025812948128916425
leaf_weight=5106 1133 2889 473 636 1709 2086 1183 5892 570 2356 68 288 460 411
leaf_count=5106 1133 2889 473 636 1709 2086 1183 5892 570 2356 68 288 460 411
internal_value=-0.000662843 0.000555554 0.00178499 -0.000527016 -0.00127723 -0.000686294 -0.00226147 -7.53542e-05 0.00154579 0.00285488 -0.000709493 -0.000831988 0.00174621 0.00332545
internal_weight=25260 8468 3962 4506 16792 10503 6289 8417 1617 2829 6248 6180 2169 1047
internal_count=25260 8468 3962 4506 16792 10503 6289 8417 1617 2829 6248 6180 2169 1047
is_linear=0
shrinkage=0.05


Tree=64
num_leaves=15
num_cat=0
split_feature=35 17 50 50 53 19 31 48 43 10 52 10 57 17
split_gain=5.81285 4.363 7.33034 4.02773 4.50762 4.00124 3.27947 2.90886 2.7689 2.66539 2.47434 2.46378 2.35646 2.3405
threshold=2.5000000000000004 85.15000152587892 -1.0000000180025095e-35 -0.91597560048103321 -0.81427544355392445 28.849999427795414 2.8882712125778203 7.2500000000000009 62.500000000000007 130.16666412353518 -0.19337636232376096 50.358331680297859 35.31666564941407 22.349999427795414
decision_type=2 2 2 2 2 2 2 2 10 2 2 2 2 2
left_child=1 3 10 4 -1 8 9 12 -2 13 -3 -6 -7 -5
right_child=5 2 -4 6 11 7 -8 -9 -10 -11 -12 -13 -14 -15
leaf_value=-0.0040915257349368557 0.01200693355549759 0.00076905608972748754 -0.00063712733154395963 -0.00062190003688734235 0.0019577776544342784 -0.0015879634335476973 -0.0014118476166360108 -0.0093969455341394118 0.0038510998093376964 -0.0013072195970238619 0.0020150171138455099 -0.00022917112136800188 0.00043455999783095989 0.00028089162326618201
leaf_weight=407 74 78 187 7432 1028 1342 4000 281 280 1297 78 671 6428 1615
leaf_count=407 74 78 187 7432 1028 1342 4000 281 280 1297 78 671 6428 1615
internal_value=-0.000761267 -0.00129828 0.0042068 -0.00141555 0.000623817 0.000311942 -0.0017152 8.00137e-05 0.00543956 -0.001243 0.0118675 0.00175834 0.000263495 -0.000936846
internal_weight=25198 16793 343 16450 2106 8405 14344 8051 354 10344 156 1699 7770 9047
internal_count=25198 16793 343 16450 2106 8405 14344 8051 354 10344 156 1699 7770 9047
is_linear=0
shrinkage=0.05


Tree=65
num_leaves=15
num_cat=0
split_feature=2 56 57 3 25 44 0 29 17 54 2 19 25 27
split_gain=5.84694 6.33225 5.14026 5.25161 6.20091 4.05093 3.45522 3.17852 3.47485 3.16805 2.7016 3.37538 2.676 3.86353
threshold=49.850000381469734 38.95000076293946 55.716667175292976 126.89999771118165 38.549999237060554 5.7261488437652597 52.350000381469734 2.9500000476837163 -26.449999809265133 1.5000000000000002 74.849998474121108 229.35000610351565 22.750000000000004 26.150000572204593
decision_type=2 2 2 2 2 2 2 2 2 2 2 2 2 2
left_child=1 6 -2 4 7 12 -1 8 -4 -6 11 -9 -3 -14
right_child=2 5 3 -5 9 -7 -8 10 -10 -11 -12 -13 13 -15
leaf_value=-0.00098193564169151803 -0.0019499785724624774 0.00083225319714469264 0.0029248439618980693 -0.0011560766079847524 0.0018023158949696276 -0.0010035886090717075 0.0025332915010224137 -4.5774815628100242e-05 0.00025561316024379932 0.0007623834734591967 -0.0010666492689015588 0.0070950780942061979 0.00094468577611108286 0.0042137079866272501
leaf_weight=5243 4332 4532 94 2917 71 859 167 2717 768 489 2821 63 120 102
leaf_count=5243 4332 4532 94 2917 71 859 167 2717 768 489 2821 63 120 102
internal_value=-0.000789371 7.56809e-05 -0.00145708 -0.000829147 -8.74461e-05 0.00125111 -0.00114391 -0.000527577 0.00228211 0.00491228 -0.000963288 0.000143368 0.001822 0.00706896
internal_weight=25295 11023 14272 9940 7023 5613 5410 6463 862 560 5601 2780 4754 222
internal_count=25295 11023 14272 9940 7023 5613 5410 6463 862 560 5601 2780 4754 222
is_linear=0
shrinkage=0.05


Tree=66
num_leaves=15
num_cat=0
split_feature=2 43 50 51 57 24 42 26 21 48 5 13 52 53
split_gain=6.96142 6.57148 6.89841 8.29574 5.42318 4.9839 4.01898 3.57308 4.13162 4.01461 3.7097 4.31281 3.43614 3.17173
threshold=39.95000076293946 152.50000000000003 -1.0000000180025095e-35 0.37940952181816107 39.616666793823249 79.500000000000014 5.6499998569488534 0.67426103353500377 162.50000000000003 0.25000000745058065 24.550000190734867 76.77738189697267 0.45273815095424658 -0.85225707292556752
decision_type=2 8 2 2 2 2 2 2 2 2 2 2 2 2
left_child=4 2 6 -4 -1 -6 -2 8 9 -3 -11 -12 -5 -7
right_child=1 7 3 12 5 13 -8 -9 -10 10 11 -13 -14 -15
leaf_value=-0.0003792810967767822 0.0010316303396970608 -0.0011305932411519643 0.00034916492311938308 -0.0018016724046428453 0.00090158195573303019 0.00085372504790638475 -0.0001131771710605147 -0.0020375914406082322 -0.0016767748876356948 0.011312330038178319 -0.00014443298096916113 0.001987888841317498 -0.00024178526428409293 0.0066056539077733283
leaf_weight=3888 1596 1299 2718 2529 3271 99 1411 4343 1744 51 1196 251 852 180
leaf_count=3888 1596 1299 2718 2529 3271 99 1411 4343 1744 51 1196 251 852 180
internal_value=-0.000673796 -0.00120556 -0.000261081 -0.00122688 0.000612244 0.00202247 0.00169539 -0.00217225 -0.00118765 5.3426e-06 0.00176392 0.00124571 -0.00287673 0.0083218
internal_weight=25428 17990 9106 6099 7438 3550 3007 8884 4541 2797 1498 1447 3381 279
internal_count=25428 17990 9106 6099 7438 3550 3007 8884 4541 2797 1498 1447 3381 279
is_linear=0
shrinkage=0.05


Tree=67
num_leaves=15
num_cat=0
split_feature=35 49 4 20 34 25 25 26 19 42 17 25 45 2
split_gain=6.36629 4.00376 3.17628 3.57487 2.80696 2.83394 2.79725 2.76033 2.71114 2.68469 2.36438 2.55202 2.18376 2.17033
threshold=2.5000000000000004 1.0000000180025095e-35 66.700000762939467 5.9500000476837167 -0.74999999999999989 9.9499998092651385 34.049999237060554 0.47897768020629888 54.45000076293946 1.8499999642372134 -9.4499998092651349 13.050000190734865 3.9680314064025883 60.649999618530281
decision_type=2 8 2 2 2 2 2 2 2 2 2 2 2 2
left_child=2 8 3 -1 10 12 7 -5 -2 -9 11 -3 -6 -11
right_child=1 4 -4 6 5 -7 -8 9 -10 13 -12 -13 -14 -15
leaf_value=-0.0017330679659511685 0.0039622124676211654 0.0045530639400168313 -0.00083489612125738511 0.0010391590068400693 1.4703615974675483e-05 -0.0019296647394423932 0.0010612055814865243 0.0010505256503025406 0.00063972937331528007 -0.00026624721360609104 -5.5186238973585403e-05 -0.00049955323929727527 0.0067306042450398802 -0.001029974922551648
leaf_weight=1222 903 259 6534 1001 653 2684 260 356 2647 6169 920 179 132 1348
leaf_count=1222 903 259 6534 1001 653 2684 260 356 2647 6169 920 179 132 1348
internal_value=-0.000713496 0.000413138 -0.00127219 -0.000726414 -0.000524086 -0.00127767 -0.000384953 -0.000536921 0.00168539 -0.000851834 0.0013962 0.004375 0.0013522 -0.00105421
internal_weight=25267 8377 16890 10356 4827 3469 9134 8874 3550 7873 1358 438 785 7517
internal_count=25267 8377 16890 10356 4827 3469 9134 8874 3550 7873 1358 438 785 7517
is_linear=0
shrinkage=0.05


Tree=68
num_leaves=15
num_cat=0
split_feature=3 43 36 50 51 52 44 26 48 18 11 22 9 2
split_gain=5.11101 5.94337 3.91773 4.7145 4.4864 3.58343 3.52869 3.52002 5.99944 3.90179 3.38817 2.73825 3.47999 2.68865
threshold=90.200000762939467 52.500000000000007 11.650000095367433 -1.0000000180025095e-35 0.37940952181816107 -0.48314717411994929 3.6142313480377202 0.68648245930671703 1.1500000357627871 -46.850000381469719 102.80625152587892 1208.5000000000002 42.649999618530281 39.649999618530281
decision_type=2 8 2 2 2 2 2 2 2 2 2 2 2 2
left_child=1 5 3 -2 -5 -1 7 8 13 -10 -9 12 -11 -3
right_child=2 6 -4 4 -6 -7 -8 10 9 11 -12 -13 -14 -15
leaf_value=-9.3503909213897167e-05 0.0010680961975350646 0.00053802631444698477 -0.0014830160937942152 0.00025584004581794651 -0.0018271861317300101 0.0013222268532927721 -0.0012347028021634033 -0.00090589658455937541 0.0064591979289705965 8.778241802216832e-05 0.0011844258913384378 -0.0016770468209528094 0.0019298654188631985 -0.00092689624684478146
leaf_weight=1662 335 2011 4086 845 705 1685 4313 4129 73 944 170 308 1078 3070
leaf_count=1662 335 2011 4086 845 705 1685 4313 4129 73 944 170 308 1078 3070
internal_value=-0.000754013 -0.000360614 -0.00203227 -0.00014512 -0.0013141 0.00155347 -0.000759346 -0.000310779 0.000344274 0.00239743 -0.00144929 0.00200855 0.00267716 -0.000629544
internal_weight=25414 19443 5971 1885 1550 3347 16096 11783 7484 2403 4299 2330 2022 5081
internal_count=25414 19443 5971 1885 1550 3347 16096 11783 7484 2403 4299 2330 2022 5081
is_linear=0
shrinkage=0.05


Tree=69
num_leaves=15
num_cat=0
split_feature=43 50 51 26 50 48 37 52 0 17 20 15 1 11
split_gain=6.00654 13.3068 7.35022 4.2902 5.98881 5.46564 6.42397 3.98421 3.83973 3.71792 3.59433 3.42967 3.80072 3.53341
threshold=207.50000000000003 -1.0000000180025095e-35 0.37940952181816107 0.68742400407791149 -0.91597560048103321 0.55000001192092907 45.500000000000007 0.29342973232269293 17.650000572204593 90.100002288818374 30.250000000000004 56.399999618530281 36.350000381469734 47.833333969116218
decision_type=8 2 2 2 2 2 2 2 2 2 2 2 2 2
left_child=1 8 -3 5 -5 -2 -7 -4 -1 -10 11 -8 13 -13
right_child=3 2 7 4 -6 6 10 -9 9 -11 -12 12 -14 -15
leaf_value=0.011916771026221771 -0.0013139067213200667 0.00016307869818207456 -0.0018765421221535962 0.0024626751534865534 -0.001973543489659588 -0.0013531744032860471 -0.00016015873955806635 -0.00012328845864934801 0.00070766233116972268 0.0011417852559436812 -0.0010329525064544133 0.002758219748943384 0.0013602693958878263 0.0089667216043636012
leaf_weight=122 4617 3517 2722 353 3882 1630 457 1368 4602 194 504 163 1139 75
leaf_count=122 4617 3517 2722 353 3882 1630 457 1368 4602 194 504 163 1139 75
internal_value=-0.000701046 7.7781e-05 -0.00123211 -0.00146142 -0.00276207 -0.000817337 0.000542985 -0.00267073 0.00210227 0.00186642 0.00221891 0.00324295 0.00448089 0.010121
internal_weight=25345 12525 7607 12820 4235 8585 3968 4090 4918 4796 2338 1834 1377 238
internal_count=25345 12525 7607 12820 4235 8585 3968 4090 4918 4796 2338 1834 1377 238
is_linear=0
shrinkage=0.05


Tree=70
num_leaves=15
num_cat=0
split_feature=43 50 3 54 50 20 45 26 48 26 26 21 20 48
split_gain=5.60789 4.76918 4.7477 4.51822 4.26198 3.98751 3.82403 3.49873 3.44269 3.70766 3.44195 3.18917 3.57865 3.70817
threshold=72.500000000000014 -1.0000000180025095e-35 42.45000076293946 9.5000000000000018 0.78656607866287243 59.95000076293946 0.72231954336166393 0.66526016592979442 1.1500000357627871 0.4723897278308869 0.67939892411232006 158.50000000000003 31.849999427795414 0.25000000745058065
decision_type=8 2 2 2 2 2 2 2 2 2 2 2 2 2
left_child=1 3 6 -1 -3 7 -2 -6 -8 -10 11 12 13 -4
right_child=2 4 10 -5 5 -7 8 -9 9 -11 -12 -13 -14 -15
leaf_value=0.0016829235180741003 -0.00060772056758600669 -0.00075185070842037551 -0.00039160456418966031 -6.9968081317218467e-05 -0.0010543974563227687 -0.00060952502509933892 5.676748140587316e-05 0.0017973396268420141 0.0049291300654364274 0.0013562462932969793 -0.0015767079766255789 -0.0012319932116327905 -0.0012456235896976199 0.0015643284813612629
leaf_weight=1645 4391 2319 927 1381 289 1078 1605 924 166 605 5557 1975 1399 1172
leaf_count=1645 4391 2319 927 1381 289 1078 1605 924 166 605 5557 1975 1399 1172
internal_value=-0.000672681 0.00046037 -0.00115882 0.00199934 -0.000551949 0.000975662 -0.000115834 0.00293132 0.00149623 0.00421895 -0.00179801 -0.000905527 2.84944e-06 0.00130631
internal_weight=25433 7636 17797 3026 4610 2291 6767 1213 2376 771 11030 5473 3498 2099
internal_count=25433 7636 17797 3026 4610 2291 6767 1213 2376 771 11030 5473 3498 2099
is_linear=0
shrinkage=0.05


Tree=71
num_leaves=15
num_cat=0
split_feature=35 51 19 31 47 51 51 45 51 52 43 27 16 0
split_gain=5.28459 3.92642 3.62002 3.37216 2.76207 2.70348 4.98274 3.13064 3.72096 2.6979 2.89924 2.45928 2.06347 1.9458
threshold=2.5000000000000004 -0.6035533845424651 44.750000000000007 -4.8513507843017569 8.416666507720949 0.91597560048103344 0.78656607866287243 2.1650291681289677 -0.37940952181816096 0.42179998755455023 47.500000000000007 13.949999809265138 24.349999427795414 109.54999923706056
decision_type=2 2 2 2 2 2 2 2 2 2 8 2 2 2
left_child=5 3 -3 -2 9 6 7 8 -1 -4 12 -8 -11 -14
right_child=1 2 4 -5 -6 -7 11 -9 -10 10 -12 -13 13 -15
leaf_value=-0.0012958000584630909 0.0013613495729758182 0.0037824843971158029 0.00026226467440310303 -0.00308709784560076 -0.0014875865673710281 -0.0010911074325595704 0.0019816016707510527 1.7899310317318018e-05 -0.00029138958643662232 0.0020745960700599307 0.00087856921162062028 0.00060398110263419061 0.0061090828472970477 0.002943310165228535
leaf_weight=4451 603 911 2983 1508 1357 2124 131 3536 5704 117 796 940 114 56
leaf_count=4451 603 911 2983 1508 1357 2124 131 3536 5704 117 796 940 114 56
internal_value=-0.000692752 0.000328207 0.000950503 -0.00153465 0.000457389 -0.00120324 -0.000961956 -0.00121926 -0.00166503 0.00110893 0.00323422 0.00230805 0.00745791 0.0108333
internal_weight=25331 8445 6334 2111 5423 16886 14762 13691 10155 4066 1083 1071 287 170
internal_count=25331 8445 6334 2111 5423 16886 14762 13691 10155 4066 1083 1071 287 170
is_linear=0
shrinkage=0.05


Tree=72
num_leaves=15
num_cat=0
split_feature=35 48 26 44 10 3 27 51 50 15 52 56 17 19
split_gain=4.41144 3.78553 4.28868 3.61749 3.70025 3.2704 6.29494 3.35328 3.66649 2.64833 2.45996 2.55296 2.2772 2.18444
threshold=1.5000000000000002 4.9500000476837167 0.52085402607917797 4.6767566204071054 13.924999713897707 159.94999694824222 12.550000190734865 0.37940952181816107 0.12940952181816109 93.950000762939467 -0.37447345256805414 62.300001144409187 22.849999427795414 121.29999923706056
decision_type=2 2 2 2 2 2 2 2 2 2 2 2 2 2
left_child=12 3 -3 4 -2 6 7 9 -9 -6 13 -12 -1 -8
right_child=1 2 -4 -5 5 -7 10 8 -10 -11 11 -13 -14 -15
leaf_value=-0.00077915333037311394 0.0077457904724911597 0.0036066604849048752 -0.0039438525184649249 -0.0011819627747777055 0.0076365560344384027 -0.0017729854147451049 -6.9618464982782499e-05 0.0018838044486911008 -0.0016612439178559574 0.0018228522525885059 6.9997295835834468e-05 0.0010742686476613601 3.6272979660038389e-05 -0.0014070069430061637
leaf_weight=6907 86 107 1023 3029 97 913 3864 147 204 436 3857 1976 1552 1238
leaf_count=6907 86 107 1023 3029 97 913 3864 147 204 436 3857 1976 1552 1238
internal_value=-0.00070856 -0.000243423 -0.00302632 -4.31998e-05 0.000324289 0.000250352 0.000473834 0.00450783 0.000678669 0.00697053 0.0001439 0.000844599 -0.00164069 -0.000657278
internal_weight=25436 16977 1130 15847 12818 12732 11819 884 351 533 10935 5833 8459 5102
internal_count=25436 16977 1130 15847 12818 12732 11819 884 351 533 10935 5833 8459 5102
is_linear=0
shrinkage=0.05


Tree=73
num_leaves=15
num_cat=0
split_feature=3 56 7 19 56 3 42 3 56 6 15 28 51 49
split_gain=4.56026 6.093 5.27835 3.76916 3.6491 4.36378 3.10763 3.08187 2.90475 4.80151 2.59455 4.11391 2.59203 2.42477
threshold=80.450000762939467 55.549999237060554 30.250000000000004 229.35000610351565 144.1499938964844 159.94999694824222 5.0499999523162851 42.45000076293946 30.349999427795414 30.94999980926514 56.049999237060554 51.500000000000007 -0.91597560048103321 457.50000000000006
decision_type=2 2 2 2 2 2 2 2 2 2 2 2 2 10
left_child=1 7 -3 13 -2 6 -6 8 -1 -10 -11 -12 -13 -4
right_child=4 2 3 -5 5 -7 -8 -9 9 10 11 12 -14 -15
leaf_value=-0.0008060565742724784 -0.0012300302482970086 0.003902056542075984 0.00015336921102312691 0.0036696900606575165 0.00088857403761327398 -0.00086324446013361339 -9.7353781506718214e-05 -0.0010410863239443229 0.0028894765023239773 -0.00084837930012902582 -0.00087667307168263022 0.0027942063482758639 0.0011664513179254364 0.0039993569066584071
leaf_weight=2742 5099 262 5845 96 483 968 562 5163 726 1596 563 147 759 166
leaf_count=2742 5099 262 5845 96 483 968 562 5163 726 1596 563 147 759 166
internal_value=-0.000614802 -0.000192256 0.0010511 0.00074628 -0.00168633 0.000116163 0.00234597 -0.000869641 -0.000147487 0.000748486 -0.000121952 0.00138945 0.0034607 0.000580467
internal_weight=25177 18065 6369 6107 7112 2013 1045 11696 6533 3791 3065 1469 906 6011
internal_count=25177 18065 6369 6107 7112 2013 1045 11696 6533 3791 3065 1469 906 6011
is_linear=0
shrinkage=0.05


Tree=74
num_leaves=15
num_cat=0
split_feature=43 21 23 51 51 1 48 52 26 14 19 23 56 3
split_gain=4.99169 5.39665 5.1866 8.23675 5.20877 4.98593 4.03582 3.97656 3.89221 3.57065 3.49653 3.45869 3.41555 3.21839
threshold=212.50000000000003 121.50000000000001 0.70499998331069957 -0.7865660786628722 -0.6035533845424651 54.149999618530281 1.0500000119209292 -0.35846811532974238 0.66791471838951122 6.9859952926635751 25.150000572204593 1.5850000381469729 45.000000000000007 29.150000572204593
decision_type=8 2 2 2 2 2 2 2 2 2 2 2 2 2
left_child=1 7 4 5 -2 9 -6 8 -1 -4 -3 -7 -11 -10
right_child=2 10 3 -5 6 11 -8 -9 13 12 -12 -13 -14 -15
leaf_value=-0.0018232277293500972 -0.0020271692475296982 0.011568144732908943 -0.00057132634447084403 -0.00078920424126921278 -0.00084763763073233262 -0.00029619278037675402 0.0011988460643473089 0.00023348586778566103 0.0022338897890797653 0.0022301274140583052 0.0012069796514024803 0.0029112766102157971 0.0053890269280289643 -0.00034991175759045782
leaf_weight=1467 4590 90 150 2822 3268 802 448 5930 267 312 1346 67 218 3440
leaf_count=1467 4590 90 150 2822 3268 802 448 5930 267 312 1346 67 218 3440
internal_value=-0.000627702 7.96801e-05 -0.00132695 6.7335e-05 -0.00205989 0.00298589 -0.000665594 -0.000294225 -0.00130594 0.00615942 0.00295297 0.00046075 0.00805555 -0.000439872
internal_weight=25217 12540 12677 4371 8306 1549 3716 11104 5174 680 1436 869 530 3707
internal_count=25217 12540 12677 4371 8306 1549 3716 11104 5174 680 1436 869 530 3707
is_linear=0
shrinkage=0.05


Tree=75
num_leaves=15
num_cat=0
split_feature=3 20 57 24 14 0 48 13 3 56 20 15 42 30
split_gain=4.71533 4.58006 4.35723 3.89225 4.39191 3.83025 3.06367 3.29771 3.05182 3.88703 2.93495 3.42031 2.88096 2.62495
threshold=54.750000000000007 5.4500000476837167 51.616666793823249 127.50000000000001 9.9949584007263201 22.150000572204593 -1.0000000180025095e-35 45.468750000000007 186.05000305175784 181.85000610351565 115.54999923706056 104.65000152587892 5.5499999523162851 572.50000000000011
decision_type=2 2 2 2 2 2 2 2 2 2 2 2 2 10
left_child=1 -1 -2 4 -3 13 -5 -8 9 -4 -7 -12 -11 -6
right_child=2 3 8 6 5 10 7 -9 -10 12 11 -13 -14 -15
leaf_value=-0.0014666655038531066 -0.0017458356710430452 -0.00047161335563964351 -0.00030124855071937267 0.00070055809846815539 0.0063297163055353323 0.00024489596429145866 0.0069163317637782121 0.0013639885612702102 -0.0015971387777721485 0.0012633030292018834 0.0003851477047518559 0.0044685165027401339 -0.00013578643096802577 0.001385113170183804
leaf_weight=1403 3000 4593 8236 293 252 5315 103 152 1002 396 88 64 290 257
leaf_count=1403 3000 4593 8236 293 252 5315 103 152 1002 396 88 64 290 257
internal_value=-0.000603836 8.77881e-05 -0.00127339 0.000428236 0.000213157 0.00110591 0.00449821 0.00839623 -0.000767064 -0.00047134 0.000714806 0.00734568 0.00311781 0.00521194
internal_weight=25444 12520 12924 11117 10569 5976 548 255 9924 8922 5467 152 686 509
internal_count=25444 12520 12924 11117 10569 5976 548 255 9924 8922 5467 152 686 509
is_linear=0
shrinkage=0.05


Tree=76
num_leaves=15
num_cat=0
split_feature=43 3 25 33 31 48 26 0 34 54 25 17 43 51
split_gain=4.67842 4.43301 5.90651 5.55297 3.57949 4.59209 5.09457 3.41084 3.22686 3.12168 3.28781 3.27911 3.0005 2.9043
threshold=207.50000000000003 90.200000762939467 16.650000572204593 0.15000000223517421 -2.1800034046173091 0.94999998807907116 0.66329389810562145 24.94999980926514 1.6500000357627871 9.5000000000000018 41.250000000000007 24.750000000000004 72.500000000000014 -0.6035533845424651
decision_type=8 2 2 2 2 2 2 2 2 2 2 2 10 2
left_child=1 2 7 9 5 -2 -7 -1 -5 10 11 12 -4 -6
right_child=4 -3 3 8 13 6 -8 -9 -10 -11 -12 -13 -14 -15
leaf_value=0.0031977704797423057 -0.00095842839647949289 -0.0004802922991372555 0.0031046888592637803 0.0021729595313187255 -0.0016709524158212243 0.0015299976182290905 -0.00068427162773349569 -0.00023919848106849725 0.007793109432126518 -0.00012432425151217798 0.0019393197521475902 5.2800826634318894e-05 0.00056175716148902145 -0.00049841821094459993
leaf_weight=491 3122 3743 371 453 3830 1407 1200 5204 75 1168 67 684 218 3234
leaf_count=491 3122 3743 371 453 3830 1407 1200 5204 75 1168 67 684 218 3234
internal_value=-0.000614592 7.44942e-05 0.000691567 0.00246881 -0.00128603 -0.000356335 0.00119029 -0.000258546 0.00708178 0.00147339 0.00311111 0.00248246 0.00518364 -0.00203845
internal_weight=25267 12474 8731 3036 12793 5729 2607 5695 528 2508 1340 1273 589 7064
internal_count=25267 12474 8731 3036 12793 5729 2607 5695 528 2508 1340 1273 589 7064
is_linear=0
shrinkage=0.05


Tree=77
num_leaves=15
num_cat=0
split_feature=44 52 21 24 5 48 3 57 3 11 1 2 42 30
split_gain=4.8325 3.63729 3.75459 3.64319 4.18664 2.88409 2.94014 3.95764 3.33028 3.16714 2.97472 2.89314 4.5259 2.5715
threshold=5.0869722366333017 -0.49813632667064661 191.50000000000003 147.50000000000003 22.650000572204593 4.6499998569488534 200.00000000000003 99.049999237060561 61.100000381469734 41.456249237060554 31.44999980926514 147.35000610351565 6.2500000000000009 82.500000000000014
decision_type=2 2 2 2 2 2 2 2 2 2 2 2 2 8
left_child=1 -1 3 5 -5 6 7 8 9 -3 -11 12 -9 -12
right_child=-2 2 -4 4 -6 -7 -8 11 -10 10 13 -13 -14 -15
leaf_value=-0.00053756238994013834 -0.0012827108278623438 -0.0001719182141526886 -0.0014516533661729884 0.010779955264450547 0.0015761956842601588 -0.003103063011532313 -0.0012409838998408004 0.0015710004267961493 -0.00066328627886374331 0.0046367672301873032 0.0015851390158294629 -4.3095976347663328e-05 0.00010866505736319735 9.4973653183515942e-05
leaf_weight=7887 4122 2950 1263 55 834 791 520 912 2108 423 635 668 551 1726
leaf_count=7887 4122 2950 1263 55 834 791 520 912 2108 423 635 668 551 1726
internal_value=-0.000627579 -0.000324147 0.000176259 0.000446112 0.00350945 0.000201876 0.000422259 0.000614544 9.42423e-05 0.00071901 0.00192555 0.00251985 0.00375764 0.001221
internal_weight=25445 21323 13436 12173 889 11284 10493 9973 7842 5734 2784 2131 1463 2361
internal_count=25445 21323 13436 12173 889 11284 10493 9973 7842 5734 2784 2131 1463 2361
is_linear=0
shrinkage=0.05


Tree=78
num_leaves=15
num_cat=0
split_feature=51 31 50 51 25 51 31 2 11 26 48 48 26 54
split_gain=3.92748 7.01363 5.47048 13.2864 5.46953 4.34243 3.60643 3.22903 4.91895 4.1111 3.56201 2.8913 2.79711 2.66484
threshold=-0.6035533845424651 -2.5688560009002681 -1.0000000180025095e-35 0.37940952181816107 40.45000076293946 -0.37940952181816096 -5.3606712818145743 41.500000000000007 47.833333969116218 0.67333146929740917 1.4499999880790713 -1.6500000357627866 0.36088161170482641 11.500000000000002
decision_type=2 2 2 2 2 2 2 2 2 2 2 2 2 2
left_child=1 7 4 -4 5 13 -7 8 -1 10 -10 -6 -5 -2
right_child=2 -3 3 12 11 6 -8 -9 9 -11 -12 -13 -14 -15
leaf_value=0.00036600177993924917 -0.0019274946722348024 -0.0014141222841165041 0.00052141905626793255 0.0031947431555504045 0.0003146298796945007 -0.00094687801321260653 0.0007783396130277713 -0.00032599915528491773 0.0027921699003519052 -0.00035942777817841336 0.0086607140591525474 0.0014795801533585109 -0.0013334477132356706 0.0010499324270288758
leaf_weight=897 929 4469 4237 65 265 1341 5545 1779 53 67 72 258 5178 78
leaf_count=897 929 4469 4237 65 265 1341 5545 1779 53 67 72 258 5178 78
internal_value=-0.000535397 -0.00150878 -0.00013571 -0.000958905 0.000791596 0.000459951 0.000909222 0.00042043 0.00255232 0.00960396 0.0146296 0.00569418 -0.00263945 -0.00259095
internal_weight=25233 7337 17896 9480 8416 7893 6886 2868 1089 192 125 523 5243 1007
internal_count=25233 7337 17896 9480 8416 7893 6886 2868 1089 192 125 523 5243 1007
is_linear=0
shrinkage=0.05


Tree=79
num_leaves=15
num_cat=0
split_feature=37 3 25 35 20 43 22 3 13 57 29 52 2 11
split_gain=4.03905 4.37214 8.0613 4.66118 4.19085 2.98216 2.61937 2.60892 3.04641 2.71255 2.54805 2.48822 2.66796 2.90361
threshold=40.500000000000007 149.69999694824222 41.250000000000007 2.5000000000000004 23.94999980926514 302.50000000000006 1196.5000000000002 81.40000152587892 86.051486968994155 161.03333282470706 4.1499998569488534 -0.35846811532974238 57.45000076293946 64.852081298828139
decision_type=2 2 2 2 2 8 2 2 2 2 2 2 2 2
left_child=5 2 3 11 10 -1 -4 8 -8 -9 -5 12 13 -2
right_child=1 -3 6 4 -6 -7 7 9 -10 -11 -12 -13 -14 -15
leaf_value=0.00056561128764378178 -0.00055457284537116242 -0.0010385114307041986 -0.00050701155965608702 0.0034396419363944956 -0.0003663522185284761 -0.0017409589008236576 0.002835960399627949 0.00062764144891063259 0.0012729660845479385 0.0011737298968137546 0.0012207194295363313 -5.4830279099879772e-05 -0.000957059605108755 0.00072103023864588832
leaf_weight=883 2755 1959 130 491 3520 3318 62 276 73 119 2157 6341 2783 452
leaf_count=883 2755 1959 130 491 3520 3318 62 276 73 119 2157 6341 2783 452
internal_value=-0.000676893 -0.000394738 -0.000164068 -0.000359016 0.000762381 -0.00209095 0.00522388 0.00675926 0.0125862 0.00450617 0.0022611 -0.000920105 -0.00165 -0.000663663
internal_weight=25319 21118 19159 18499 6168 4201 660 530 135 395 2648 12331 5990 3207
internal_count=25319 21118 19159 18499 6168 4201 660 530 135 395 2648 12331 5990 3207
is_linear=0
shrinkage=0.05


Tree=80
num_leaves=15
num_cat=0
split_feature=2 25 34 40 43 51 5 49 44 20 3 12 40 17
split_gain=4.44839 4.69544 3.93711 4.56838 3.55281 4.98322 2.99028 2.86177 2.80544 2.61216 2.36387 4.1848 2.70486 2.07587
threshold=35.350000381469734 11.550000190734865 -1.5500000119209287 976.14999389648449 22.500000000000004 -0.12940952181816107 222.85000610351565 -86.874999999999986 3.6142313480377202 13.34999990463257 149.69999694824222 154.86597442626956 989.25000000000011 1.1500000357627871
decision_type=2 2 2 2 8 2 2 10 2 2 2 2 2 2
left_child=1 -1 3 -3 5 13 -7 -5 10 -4 11 -6 -13 -2
right_child=4 2 9 7 8 6 -8 -9 -10 -11 -12 12 -14 -15
leaf_value=-0.00014244785072341603 0.0029370722129956187 0.0068423918533936801 -0.00023310675706321048 -0.0018398180697119166 -0.00029825033201530258 -2.640072164422912e-05 0.0018947559705850625 0.0021731777766442139 -0.0012648991698552096 0.0022607335355844011 -0.0011401092107000794 -0.00058981930260038626 0.0013033700537561064 0.00051743847732032265
leaf_weight=3866 150 53 691 65 12075 1474 53 121 4175 873 1293 94 239 79
leaf_count=3866 150 53 691 65 12075 1474 53 121 4175 873 1293 94 239 79
internal_value=-0.000527637 0.000705229 0.00280474 0.00865462 -0.000883822 0.00125708 0.000204944 0.00443877 -0.00109471 0.0018615 -0.000747941 -0.000534709 0.00491254 0.00797071
internal_weight=25301 5669 1803 239 19632 1756 1527 186 17876 1564 13701 12408 333 229
internal_count=25301 5669 1803 239 19632 1756 1527 186 17876 1564 13701 12408 333 229
is_linear=0
shrinkage=0.05


Tree=81
num_leaves=15
num_cat=0
split_feature=3 12 52 45 2 56 6 52 0 4 49 23 26 21
split_gain=3.52405 4.74782 3.63799 3.56092 4.75237 2.74438 3.61266 2.418 2.28642 2.37892 2.28443 2.80565 2.24298 4.93129
threshold=149.69999694824222 154.86597442626956 0.34235194325447088 -2.9127216339111324 28.349999427795414 54.549999237060554 48.149999618530281 -0.50556187331676472 26.550000190734867 59.350000381469734 362.50000000000006 0.5249999761581422 0.38282783329486852 110.50000000000001
decision_type=2 2 2 2 2 2 2 2 2 2 10 2 2 2
left_child=1 3 -3 -1 10 8 -7 -8 9 -6 -5 -12 13 -9
right_child=-2 2 -4 4 5 6 7 12 -10 -11 11 -13 -14 -15
leaf_value=-0.00069916244689342247 -0.00093629563882754302 0.00047595166289445077 0.0037224182998394648 0.0011487028655174016 0.00020340244481084534 0.0028837076502119031 -0.00032812026442931362 0.0071178353127024797 -0.00067423158083535233 0.0075534871127386702 0.0015465612293415127 0.0099640556011447584 0.00021123273045799306 4.5845372704669301e-06
leaf_weight=7340 2059 463 53 1670 201 341 3060 93 6304 56 89 57 3275 175
leaf_count=7340 2059 463 53 1670 201 341 3060 93 6304 56 89 57 3275 175
internal_value=-0.000557713 -0.000381034 0.00431559 -0.000489834 -5.57705e-05 -0.000379209 0.000313487 5.06566e-05 -0.0011117 0.00342697 0.00233844 0.00814102 0.000938642 0.0052518
internal_weight=25236 23177 516 22661 15321 13505 6944 6603 6561 257 1816 146 3543 268
internal_count=25236 23177 516 22661 15321 13505 6944 6603 6561 257 1816 146 3543 268
is_linear=0
shrinkage=0.05


Tree=82
num_leaves=15
num_cat=0
split_feature=51 23 42 52 50 51 40 0 19 23 53 3 22 20
split_gain=3.98354 14.1735 5.84512 4.48627 4.06879 4.41478 3.95404 3.41712 3.15054 3.08631 2.72682 2.72616 6.23776 2.72068
threshold=-0.6035533845424651 0.70499998331069957 5.6499998569488534 0.29342973232269293 -1.0000000180025095e-35 1.0000000180025095e-35 989.14999389648449 28.849999427795414 21.750000000000004 0.80500000715255748 0.86004966497421276 90.200000762939467 3437.0000000000005 91.549999237060561
decision_type=2 2 2 2 2 2 2 2 2 2 2 2 2 2
left_child=1 -1 4 -4 8 6 -6 -3 -2 -8 -10 12 -7 -9
right_child=2 7 3 -5 5 11 9 13 10 -11 -12 -13 -14 -15
leaf_value=-0.0016798686351585429 0.010935757948724782 0.0058967495543736804 -0.0010103630209251948 0.00013152054106977252 5.8807614324522236e-05 -0.00028665665995395958 0.002566897019976424 0.00033012003791286164 0.00053236269033222529 -0.0012273186961203114 0.0014063082273530223 -0.00071722986782787575 0.0024951498030241627 0.0038535987067972611
leaf_weight=5139 78 126 5770 4789 643 1642 281 2148 2587 68 760 1233 79 50
leaf_count=5139 78 126 5770 4789 643 1642 281 2148 2587 68 760 1233 79 50
internal_value=-0.000624534 -0.00159441 -0.00022018 -0.000974076 0.000859638 -0.000235087 0.00263473 0.00164096 0.0021179 0.00683844 0.00186625 -0.00120445 8.37654e-05 0.00115942
internal_weight=25393 7463 17930 10559 7371 3946 992 2324 3425 349 3347 2954 1721 2198
internal_count=25393 7463 17930 10559 7371 3946 992 2324 3425 349 3347 2954 1721 2198
is_linear=0
shrinkage=0.05


Tree=83
num_leaves=15
num_cat=0
split_feature=3 57 20 15 3 23 25 28 49 1 19 25 43 51
split_gain=4.59144 4.25449 3.55211 3.82243 3.61067 3.29609 4.66045 4.01791 3.69895 4.89938 3.17239 2.86388 2.63827 3.47996
threshold=57.800001144409187 49.716667175292976 6.1499998569488534 56.95000076293946 25.750000000000004 0.41499999165534979 13.550000190734865 51.500000000000007 217.50000000000003 39.149999618530281 26.44999980926514 11.84999990463257 22.500000000000004 -0.12940952181816107
decision_type=2 2 2 2 2 2 2 2 8 2 2 2 8 2
left_child=2 -2 -1 4 11 10 8 -8 -7 -10 -5 -4 13 -3
right_child=1 12 3 5 -6 6 7 -9 9 -11 -12 -13 -14 -15
leaf_value=-0.00093531913836860867 -0.0018282521433426091 0.0024348038102364497 0.00019015284420944331 0.0038814663431256504 -0.00096254976788067424 -0.00032011188449860585 0.00011598611567251957 0.0021801110067035567 0.0053753836336799124 0.00010165016887338909 -0.00032050216950594651 0.0044857584861019671 -0.00048907714830362067 1.7059369753813299e-05
leaf_weight=2079 2245 200 1062 150 3003 1960 599 1249 226 412 2479 220 8259 1165
leaf_count=2079 2245 200 1062 150 3003 1960 599 1249 226 412 2479 220 8259 1165
internal_value=-0.000554547 -0.00127073 7.84433e-05 0.00042656 -0.000750874 0.00113973 0.00196813 0.00388052 0.000598158 0.00387346 -0.000263359 0.00146285 -0.00081171 0.00121818
internal_weight=25308 11869 13439 11360 4285 7075 4446 1848 2598 638 2629 1282 9624 1365
internal_count=25308 11869 13439 11360 4285 7075 4446 1848 2598 638 2629 1282 9624 1365
is_linear=0
shrinkage=0.05


Tree=84
num_leaves=15
num_cat=0
split_feature=43 23 51 54 51 21 3 23 51 49 19 26 11 26
split_gain=3.69385 4.31517 6.86466 3.9956 5.15893 3.89547 3.38422 3.66555 10.7526 3.63597 4.05139 3.22099 3.00541 2.93677
threshold=57.500000000000007 0.44499999284744268 -0.6035533845424651 9.5000000000000018 -0.12940952181816107 20.500000000000004 42.45000076293946 0.99500000476837169 -0.7865660786628722 87.500000000000014 101.15000152587892 0.65257322788238536 56.322917938232429 0.85210978984832775
decision_type=8 2 2 2 2 2 2 2 2 10 2 2 2 2
left_child=3 2 -2 5 -5 -1 9 -8 13 -3 12 -7 -11 -9
right_child=1 6 -4 4 -6 11 7 8 -10 10 -12 -13 -14 -15
leaf_value=-0.00015315466147289552 -0.0024968590338138113 1.5125495849182413e-06 -0.00028957758426917136 0.0012925235669439244 -0.00044594427685853608 -0.00020052760182570764 -0.00062089225674626363 0.0026508658056832298 -0.00055585093587235963 0.00076338627716064026 0.0041198949424144753 0.0017538560131583833 0.0042239193115248394 -0.0017798839675966073
leaf_weight=1214 2814 2454 4136 485 2463 527 6515 470 1636 819 121 1590 72 74
leaf_count=1214 2814 2454 4136 485 2463 527 6515 470 1636 819 121 1590 72 74
internal_value=-0.000486222 -0.000831809 -0.00182471 0.000565272 -0.000774173 0.00174948 -0.000263332 -0.000789777 0.000981734 0.00105581 0.00356164 0.00303949 0.00232519 0.00700361
internal_weight=25390 19111 6950 6279 2948 3331 12161 8695 2180 3466 1012 2117 891 544
internal_count=25390 19111 6950 6279 2948 3331 12161 8695 2180 3466 1012 2117 891 544
is_linear=0
shrinkage=0.05


Tree=85
num_leaves=15
num_cat=0
split_feature=51 33 42 52 50 37 51 25 1 0 38 30 16 24
split_gain=2.82062 4.89627 4.22092 4.18736 3.53121 3.4784 3.42917 3.2402 2.93752 6.95257 2.87401 3.73872 2.73912 2.38617
threshold=-0.6035533845424651 0.45000000298023229 5.6499998569488534 0.29342973232269293 -1.0000000180025095e-35 86.500000000000014 0.37940952181816107 39.850000381469734 39.750000000000007 38.250000000000007 16.650000572204593 257.50000000000006 32.649999618530281 36.500000000000007
decision_type=2 2 2 2 2 2 2 2 2 2 2 10 2 2
left_child=1 5 4 7 -2 8 -6 -4 9 -1 -5 12 -12 -3
right_child=2 13 3 10 6 -7 -8 -9 -10 -11 11 -13 -14 -15
leaf_value=-0.0006695353667407702 0.00071921046013963578 -0.00032109258146446472 -0.0012352582536357733 -9.965004411980103e-05 0.00050539614661008418 0.00073987009642666407 -0.00048026965751016867 0.00052225653721751041 -0.0014656493865144019 0.0030193399441342961 0.0069195218405820394 -0.00084578269165474769 0.00061384114715144105 0.0015438683697017747
leaf_weight=1219 3390 1293 5364 4250 1849 230 2062 431 3921 87 213 191 151 745
leaf_count=1219 3390 1293 5364 4250 1849 230 2062 431 3921 87 213 191 151 745
internal_value=-0.000562073 -0.00137575 -0.000220815 -0.000857683 0.000703733 -0.00215566 -0.000320073 -0.00176141 -0.00242219 -0.000364743 0.000233644 0.00358407 0.00649733 0.000712889
internal_weight=25396 7495 17901 10600 7301 5457 3911 5795 5227 1306 4805 555 364 2038
internal_count=25396 7495 17901 10600 7301 5457 3911 5795 5227 1306 4805 555 364 2038
is_linear=0
shrinkage=0.05


Tree=86
num_leaves=15
num_cat=0
split_feature=2 25 57 2 36 11 51 45 2 10 25 54 25 2
split_gain=3.2751 6.58499 4.18713 5.16257 3.84966 3.64048 3.17821 2.63343 3.4063 2.94488 2.74331 2.49155 3.96164 3.05276
threshold=106.50000000000001 40.45000076293946 65.450000762939467 56.250000000000007 12.650000095367433 73.789581298828139 -0.12940952181816107 -3.7588937282562251 15.34999990463257 59.458333969116218 19.050000190734867 9.5000000000000018 17.250000000000004 69.950000762939467
decision_type=2 2 2 2 2 2 2 2 2 2 2 2 2 2
left_child=1 2 3 7 -2 -3 -4 -1 -9 -10 -11 12 -8 -14
right_child=4 5 6 -5 -6 -7 11 8 9 10 -12 -13 13 -15
leaf_value=-0.00089890086755204518 -3.8015361589690415e-05 0.0028183422098482808 0.001360245967374612 -0.001248574543260687 -0.0013546635187946352 0.00077587008090751041 -0.00023784256711611749 0.0045381359030576499 -6.6083762715038341e-05 -0.00019614405553671833 0.0022258997717495206 -0.00074092144213860434 0.002393847483193625 0.00010377695787925771
leaf_weight=3310 1952 69 1734 3712 2481 298 1904 229 7179 60 69 1391 507 504
leaf_count=3310 1952 69 1734 3712 2481 298 1904 229 7179 60 69 1391 507 504
internal_value=-0.000537016 -0.000275554 -0.000395217 -0.000854212 -0.0017702 0.00627321 0.000710743 -0.000302571 0.000213991 2.18627e-05 0.00723021 -1.85369e-05 0.000811965 0.00332517
internal_weight=25399 20966 20599 14559 4433 367 6040 10847 7537 7308 129 4306 2915 1011
internal_count=25399 20966 20599 14559 4433 367 6040 10847 7537 7308 129 4306 2915 1011
is_linear=0
shrinkage=0.05


Tree=87
num_leaves=15
num_cat=0
split_feature=3 57 30 7 44 3 56 3 56 43 23 17 2 50
split_gain=3.73621 5.21818 3.49668 3.47867 3.35199 2.51468 4.82968 2.73813 2.38638 2.04851 2.30068 1.89492 1.86791 3.26401
threshold=166.00000000000003 178.51667022705081 25.02689361572266 192.09999847412112 4.5437498092651376 83.500000000000014 67.40000152587892 11.250000000000002 136.19999694824222 47.500000000000007 0.36500000953674322 -37.04999923706054 44.300001144409187 0.78656607866287243
decision_type=2 2 10 2 2 2 2 2 2 8 2 2 2 2
left_child=1 4 3 -3 5 6 7 -1 -7 10 -6 -10 -9 -14
right_child=-2 2 -4 -5 9 8 -8 12 11 -11 -12 -13 13 -15
leaf_value=0.0039001147022840448 -0.001032985175781405 0.0021750321245192286 0.00036530320781249202 0.00027934361745450179 -0.00077490076872928696 -0.00072655876940474551 0.00067061213525318724 5.4393913000781523e-05 0.0021581823497748083 -0.001249074232047022 0.0011303532811485944 1.3286610819306604e-05 -0.00091014859254826171 0.00050060914696431437
leaf_weight=115 1502 112 315 77 396 3350 3434 6102 105 4070 184 661 3702 1321
leaf_count=115 1502 112 315 77 396 3350 3434 6102 105 4070 184 661 3702 1321
internal_value=-0.000505972 -0.000353596 0.00463035 0.00982412 -0.000462688 -0.000164895 0.00014165 -0.000360001 -0.00125545 -0.00166309 0.00110169 0.00125 -0.0004423 -0.00115538
internal_weight=25446 23944 504 189 23440 18790 14674 11240 4116 4650 580 766 11125 5023
internal_count=25446 23944 504 189 23440 18790 14674 11240 4116 4650 580 766 11125 5023
is_linear=0
shrinkage=0.05


Tree=88
num_leaves=15
num_cat=0
split_feature=3 25 56 6 57 7 19 3 47 13 19 44 13 31
split_gain=3.30197 4.97025 3.38112 3.37736 3.19723 3.49027 2.92529 3.63204 2.75177 2.1555 2.36737 2.10546 3.24528 2.35356
threshold=80.450000762939467 20.849999427795414 112.59999847412111 94.200000762939467 43.250000000000007 42.199998855590827 205.1499938964844 65.799999237060561 6.8583333492279062 65.819343566894545 111.90000152587892 0.91978707909584057 111.10922622680665 -2.5297377109527583
decision_type=2 2 2 2 2 2 2 2 2 2 2 2 2 2
left_child=1 6 -2 -4 -3 9 11 8 -8 10 -6 12 -1 -13
right_child=2 4 3 -5 5 -7 7 -9 -10 -11 -12 13 -14 -15
leaf_value=-5.5439585396328548e-05 -0.0010850674263189733 -0.00085792536115402796 0.0068341146128694137 -8.0685837557043785e-05 0.0059935997393890245 0.00067556209920736497 0.00035831945909077403 -0.00072234496797323432 0.0071947142511879546 0.00031465145017443917 0.00052179873353497741 0.00078555743162695172 0.0025049244873073251 -0.00074881303345607816
leaf_weight=9464 4019 455 55 3137 84 1537 69 118 110 67 51 372 75 5653
leaf_count=9464 4019 455 55 3137 84 1537 69 118 110 67 51 372 75 5653
internal_value=-0.00044034 -7.8883e-05 -0.001344 -0.000128046 0.0021461 0.00311892 -0.000387815 0.00444625 0.00875661 0.00915094 0.0125862 -0.000482857 -2.04222e-05 -0.00121375
internal_weight=25266 18055 7211 3192 2194 1739 15861 297 179 202 135 15564 9539 6025
internal_count=25266 18055 7211 3192 2194 1739 15861 297 179 202 135 15564 9539 6025
is_linear=0
shrinkage=0.05


Tree=89
num_leaves=15
num_cat=0
split_feature=43 26 48 23 5 6 17 25 14 26 48 53 25 9
split_gain=3.35882 4.18016 4.21263 5.2186 3.90982 3.61931 4.30816 3.70666 3.09487 3.84123 2.94323 2.74186 3.51053 2.88497
threshold=207.50000000000003 0.68742400407791149 0.94999998807907116 0.82499998807907116 22.650000572204593 66.950000762939467 -69.700000762939439 42.750000000000007 6.4505441188812265 0.55112317204475414 -0.94999998807907093 0.53312596678733837 10.550000190734865 49.45000076293946
decision_type=8 2 2 2 2 2 2 2 2 2 2 2 2 2
left_child=5 2 -2 4 8 7 -7 -1 -4 -10 -3 12 13 -5
right_child=1 10 3 11 -6 6 -8 -9 9 -11 -12 -13 -14 -15
leaf_value=0.00043426202428627355 -0.0007164297061932099 0.00037901830590336233 -0.00075141663690199022 0.005791853738407491 -0.00037244102996433694 0.002085425851446871 -0.00027868092949765973 0.0019568716604950057 0.012201488555420623 0.00039606166904727278 -0.001405373382698117 0.0025965930567847556 0.00037502672114294737 0.0011978439617373261
leaf_weight=5941 4928 670 73 122 2448 190 6211 104 51 64 3698 96 489 106
leaf_count=5941 4928 670 73 122 2448 190 6211 104 51 64 3698 96 489 106
internal_value=-0.000482323 -0.00105253 -0.00039764 0.000941022 -0.000143614 0.000101958 -0.000726097 0.000978529 0.00661616 0.0114 -0.00230471 0.00441677 0.00325309 0.00823529
internal_weight=25191 12745 8377 3449 2636 12446 6401 6045 188 115 4368 813 717 228
internal_count=25191 12745 8377 3449 2636 12446 6401 6045 188 115 4368 813 717 228
is_linear=0
shrinkage=0.05


Tree=90
num_leaves=15
num_cat=0
split_feature=3 57 2 25 6 17 23 14 15 9 17 20 15 26
split_gain=3.01168 4.69493 2.62144 3.85625 2.55093 3.05831 2.88115 2.70436 2.12023 2.04327 2.01223 1.96937 2.08027 2.50275
threshold=91.15000152587892 65.450000762939467 54.649999618530281 27.650000572204593 70.40000152587892 2.2500000000000004 1.6050000190734866 19.176094055175785 62.750000000000007 26.150000572204593 78.000000000000014 5.9500000476837167 57.350000381469734 0.34965582191944128
decision_type=2 2 2 2 2 2 2 2 2 2 2 2 2 2
left_child=1 2 3 11 5 8 7 -6 -3 -10 -2 -1 13 -13
right_child=10 4 -4 -5 6 -7 -8 -9 9 -11 -12 12 -14 -15
leaf_value=-0.00084078414900602228 -0.00067313869359616346 -0.00063255211319731555 -0.0010313777009921625 0.0019120464908602081 -0.00099182553751555398 0.0001333156433385423 0.0020488693796702909 0.0003439773607452275 -0.0016951033053301712 0.0023282564457526656 0.0003120217489355929 0.0033456245728371407 0.00026610480086034443 -0.00062228332012798993
leaf_weight=1800 5355 169 3590 96 1294 1085 59 1846 56 811 522 131 4406 4047
leaf_count=1800 5355 169 3590 96 1294 1085 59 1846 56 811 522 131 4406 4047
internal_value=-0.000561183 -0.00026031 -0.000738638 -0.000338419 0.00100375 0.00234397 0.000110625 -0.000111112 0.00427342 0.00526226 -0.00155173 -0.000434867 -0.000118689 -0.000916907
internal_weight=25267 19390 14070 10480 5320 2121 3199 3140 1036 867 5877 10384 8584 4178
internal_count=25267 19390 14070 10480 5320 2121 3199 3140 1036 867 5877 10384 8584 4178
is_linear=0
shrinkage=0.05


Tree=91
num_leaves=15
num_cat=0
split_feature=43 54 51 25 4 21 25 2 23 51 51 57 34 25
split_gain=4.80027 3.19676 3.81563 3.614 3.48857 3.34988 3.27788 3.16705 4.32954 4.6984 3.05345 2.66717 2.56803 2.33122
threshold=52.500000000000007 9.5000000000000018 -0.12940952181816107 46.049999237060554 78.099998474121108 15.500000000000002 16.44999980926514 57.45000076293946 0.70499998331069957 -0.6035533845424651 0.37940952181816107 51.616666793823249 -0.74999999999999989 20.349999427795414
decision_type=8 2 2 2 2 2 2 2 2 2 2 2 2 2
left_child=1 5 -3 -4 -5 -1 -7 13 9 -9 -11 -10 -13 -2
right_child=7 2 3 4 -6 6 -8 8 11 10 -12 12 -14 -15
leaf_value=-0.00020567315371587517 -0.00025015280907381241 0.0011962443735204248 -0.00063257802405762152 0.0016556657452459784 -4.8493311873132515e-05 0.00072603725844279181 0.0012970602241326073 -0.0023949084684127629 -0.0015617889862509172 0.0003641773371717233 -0.0012791490826791945 0.00090778911807006142 -0.00025916289455994761 0.0010976701492046263
leaf_weight=865 11003 437 1948 111 252 1152 982 2213 702 1078 1167 916 1796 680
leaf_count=865 11003 437 1948 111 252 1152 982 2213 702 1078 1167 916 1796 680
internal_value=-0.000432997 0.000836372 -0.000395215 -0.00120853 0.00331099 0.00196244 0.00302239 -0.000806288 -0.00158082 -0.00260519 -0.000986697 -0.000239487 0.000473915 -0.000283504
internal_weight=25302 5747 2748 2311 363 2999 2134 19555 7872 4458 2245 3414 2712 11683
internal_count=25302 5747 2748 2311 363 2999 2134 19555 7872 4458 2245 3414 2712 11683
is_linear=0
shrinkage=0.05


Tree=92
num_leaves=15
num_cat=0
split_feature=3 17 56 56 0 42 0 40 22 26 9 24 3 32
split_gain=3.7875 4.4066 4.11459 3.13714 2.90948 3.35396 2.56683 2.97302 4.30308 2.75515 3.18791 2.65651 2.31269 1.98915
threshold=91.15000152587892 85.15000152587892 40.649999618530281 154.35000610351565 41.250000000000007 10.34999990463257 88.599998474121108 986.95001220703136 4063.0000000000005 0.69743588566780101 65.799999237060561 281.50000000000006 186.05000305175784 0.79330053925514232
decision_type=2 2 2 2 2 2 2 2 2 2 2 2 2 2
left_child=1 2 -1 -2 5 -4 -6 8 9 11 -11 -8 -5 -9
right_child=3 -3 4 12 6 -7 7 13 -10 10 -12 -13 -14 -15
leaf_value=-0.00064462217197337962 -0.00079346222473853755 0.0021836004999727064 0.0017469940394725667 0.00037834734166142383 -0.00013816624343323365 -0.00060027527429860048 -0.00025619338692349042 -0.00037472586469653748 0.0020471489336063753 0.00070484536987813436 0.003514746830595702 0.0036507405722166612 -0.00065985571541882302 0.001366400299508453
leaf_weight=7332 4261 63 2083 1045 8136 643 270 576 53 73 70 60 571 131
leaf_count=7332 4261 63 2083 1045 8136 643 270 576 53 73 70 60 571 131
internal_value=-0.00047425 -0.000138463 -0.000184443 -0.0015857 0.000382072 0.00181652 -3.67855e-05 0.00207964 0.00488806 0.00317805 0.00872549 0.000588234 0.000289052 -4.88157e-05
internal_weight=25367 19490 19427 5877 12095 2726 9369 1233 526 473 143 330 1616 707
internal_count=25367 19490 19427 5877 12095 2726 9369 1233 526 473 143 330 1616 707
is_linear=0
shrinkage=0.05


Tree=93
num_leaves=15
num_cat=0
split_feature=43 23 51 31 54 51 48 48 2 23 37 32 38 13
split_gain=4.65979 4.80221 5.42024 3.67017 3.14113 3.83881 3.28606 3.09373 4.77795 2.8147 3.04396 2.75301 3.80699 3.05446
threshold=207.50000000000003 0.50499999523162853 -0.6035533845424651 -6.1563081741332999 9.5000000000000018 -0.12940952181816107 2.3500000238418584 0.84999999403953563 58.649999618530281 0.99500000476837169 84.500000000000014 0.46590827405452734 8.9499998092651385 33.960414886474616
decision_type=8 2 2 2 2 2 2 2 2 2 2 2 2 2
left_child=3 2 -2 -1 11 6 -6 -3 -9 10 -10 12 -5 -14
right_child=1 7 -4 4 5 -7 -8 8 9 -11 -12 -13 13 -15
leaf_value=-0.0011514830002646731 -0.0022231020510948005 -0.00046713781293680724 -0.00014880779147853325 -7.4308698567902371e-05 0.0016748453113343742 -0.00037723793436561965 -0.00081493699038796179 0.0013343840363366172 -0.0015595285502547737 0.00066774104196790378 0.0015934927874848709 1.3897683524441516e-05 -0.0006457447429067285 0.0014546431942748022
leaf_weight=1517 3003 4248 2403 1225 720 2968 331 1627 1028 427 74 2649 356 2789
leaf_count=1517 3003 4248 2403 1225 720 2968 331 1627 1028 427 74 2649 356 2789
internal_value=-0.000308376 -0.00097894 -0.00211041 0.000376043 0.000693337 -0.000420701 0.00216305 -0.000151067 0.00103285 -0.000971411 -0.00230216 0.00133091 0.00210046 0.00301902
internal_weight=25365 12810 5406 12555 11038 4019 1051 7404 3156 1529 1102 7019 4370 3145
internal_count=25365 12810 5406 12555 11038 4019 1051 7404 3156 1529 1102 7019 4370 3145
is_linear=0
shrinkage=0.05


Tree=94
num_leaves=15
num_cat=0
split_feature=3 57 20 2 23 50 50 56 6 38 30 22 36 4
split_gain=2.92932 3.11929 2.70141 3.98333 4.04583 5.83336 3.9258 2.36627 5.15984 3.65283 2.33406 2.22428 2.20701 2.14953
threshold=149.69999694824222 170.91666412353518 6.1499998569488534 28.349999427795414 0.35500000417232519 0.78656607866287243 -0.6035533845424651 38.95000076293946 41.95000076293946 10.949999809265138 25.02689361572266 2539.5000000000005 12.84999990463257 32.049999237060554
decision_type=2 2 2 2 2 2 2 2 2 2 10 2 2 2
left_child=1 2 -1 13 5 6 -5 11 9 -9 -3 -6 -2 -4
right_child=12 10 3 4 7 -7 -8 8 -10 -11 -12 -13 -14 -15
leaf_value=-0.00081711597957196107 -0.00017967609696841708 0.001348049769777459 0.00057524716999174982 0.0001458225601429079 -0.00085444438703711665 0.00054879846681297638 -0.0018290122281979474 0.0032724194967672622 -4.9602230652935686e-07 0.0011912268012679032 0.00026802070931882134 0.0023134427840066354 -0.0017960451132818696 0.002461118332351461
leaf_weight=2416 1161 189 1833 739 2493 1250 2695 123 9478 849 328 51 902 699
leaf_count=2416 1161 189 1833 739 2493 1250 2695 123 9478 849 328 51 902 699
internal_value=-0.000425525 -0.000264114 -0.000352537 -0.000163206 -0.000429106 -0.00168726 -0.00274971 2.53756e-05 0.000358507 0.00380855 0.0035389 -0.00133908 -0.00222624 0.00168765
internal_weight=25206 23143 22626 20210 17678 4684 3434 12994 10450 972 517 2544 2063 2532
internal_count=25206 23143 22626 20210 17678 4684 3434 12994 10450 972 517 2544 2063 2532
is_linear=0
shrinkage=0.05


Tree=95
num_leaves=15
num_cat=0
split_feature=3 36 25 35 17 40 0 20 19 47 36 48 47 19
split_gain=3.07465 3.28594 3.28119 3.16824 2.69688 2.37892 2.26879 2.9773 2.65346 2.8746 2.289 2.19673 2.6969 2.18519
threshold=84.200000762939467 12.84999990463257 19.050000190734867 1.5000000000000002 90.100002288818374 988.75000000000011 28.150000572204593 4.4500000476837167 66.950000762939467 9.616666793823244 15.250000000000002 -0.55000001192092884 8.116666793823244 240.75000000000003
decision_type=2 2 2 2 2 2 2 2 2 2 2 2 2 2
left_child=2 -2 3 -1 -3 -6 7 -5 9 -9 11 -8 -13 -12
right_child=1 4 -4 6 5 -7 10 8 -10 -11 13 12 -14 -15
leaf_value=-0.00050696878701707792 2.9427378072642672e-05 -0.0010649921268945403 0.00048728750299572015 -0.0029825964504615618 0.0010038617206734512 -0.00021352226732179215 0.00013752150748553646 0.0025970790031303011 0.0096469760450054176 -0.00067988983277129846 -0.0004239203327441108 0.0036218920473135019 -0.00045282621028125327 0.0041582374702017182
leaf_weight=5186 2399 4167 3102 333 78 59 486 1058 65 601 7430 163 101 111
leaf_count=5186 2399 4167 3102 333 78 59 486 1058 65 601 7430 163 101 111
internal_value=-0.000417966 -0.00133547 -8.74194e-05 -0.000384072 -0.00216041 0.00452381 0.000121644 0.00160377 0.00243945 0.00201018 -0.000247562 0.00236842 0.0059489 -0.00051053
internal_weight=25339 6703 18636 15534 4304 137 10348 2057 1724 1659 8291 750 264 7541
internal_count=25339 6703 18636 15534 4304 137 10348 2057 1724 1659 8291 750 264 7541
is_linear=0
shrinkage=0.05


Tree=96
num_leaves=15
num_cat=0
split_feature=3 25 44 57 2 34 19 25 51 50 44 53 49 38
split_gain=3.13121 5.1477 3.47762 3.42087 3.25435 2.64344 2.60269 3.02606 3.14369 2.53829 2.37178 2.56796 2.25959 3.27899
threshold=161.85000610351565 38.549999237060554 4.0194127559661874 68.250000000000014 54.649999618530281 -1.0500000119209287 102.54999923706056 17.750000000000004 0.37940952181816107 -0.7865660786628722 -1.8221188783645628 0.11478523537516595 1.0000000180025095e-35 12.949999809265138
decision_type=2 2 2 2 2 2 2 2 2 2 2 2 10 2
left_child=1 2 3 4 -1 -6 7 8 -5 -4 11 -9 13 -3
right_child=-2 12 9 6 5 -7 -8 10 -10 -11 -12 -13 -14 -15
leaf_value=-6.5778041084786146e-05 -0.00090303750645517053 0.00045612275798754805 5.0301555136180661e-05 0.0021118411505426922 0.00039513142431928393 -0.0010840660189852058 -3.7929024360924461e-06 0.0054344226593473401 -0.00067169536220288545 -0.0011033712645017737 0.0012336988776790983 0.0036796795408105703 -0.00013062459222189327 0.0018267269733356507
leaf_weight=8174 1606 440 1430 730 788 3038 3447 68 784 3636 423 133 354 190
leaf_count=8174 1606 440 1430 730 788 3038 3447 68 784 3636 423 133 354 190
internal_value=-0.000518991 -0.00037323 -0.00052756 -0.000194659 -0.000670276 -0.00187174 0.00082663 0.00219274 0.000971127 -0.00168046 0.00509464 0.00945498 0.00314889 0.00492187
internal_weight=25241 23635 22651 17585 12000 3826 5585 2138 1514 5066 624 201 984 630
internal_count=25241 23635 22651 17585 12000 3826 5585 2138 1514 5066 624 201 984 630
is_linear=0
shrinkage=0.05


Tree=97
num_leaves=15
num_cat=0
split_feature=44 38 22 49 31 31 19 56 17 24 48 2 14 56
split_gain=3.05609 2.83003 3.38793 2.92714 3.4457 2.76049 2.4909 3.26686 3.13458 2.37284 3.52327 4.33834 2.86065 2.12432
threshold=1.0935630202293398 24.050000190734867 2045.5000000000002 62.500000000000007 -3.2330327033996578 -0.35348723828792566 143.6499938964844 66.500000000000014 -1.5500000119209287 43.500000000000007 1.8499999642372134 60.199998855590827 6.4505441188812265 93.000000000000014
decision_type=2 2 2 8 2 2 2 2 2 2 2 2 2 2
left_child=5 3 -3 -2 -5 9 7 -7 -9 13 -11 12 -12 -1
right_child=1 2 -4 4 -6 6 -8 8 -10 10 11 -13 -14 -15
leaf_value=-0.00060993900866832169 -0.00019347806996070384 0.00042392565933709866 0.0039949296411790009 0.00062891317519284118 -0.0014681391085023812 0.00038166990426058553 -0.00033382313720760462 0.0035279124561096715 0.00066429430229381276 -1.0023672693083707e-05 -0.0011088442846962192 -0.00043392176635419292 0.0050412206444287403 8.1943351621952974e-05
leaf_weight=6664 5263 628 50 189 3692 1771 791 354 510 2505 74 261 323 2391
leaf_count=6664 5263 628 50 189 3692 1771 791 354 510 2505 74 261 323 2391
internal_value=-0.000429032 -0.00111981 0.00197674 -0.00135132 -0.00239142 5.10932e-06 0.00125727 0.00199433 0.00449657 -0.000346746 0.000830443 0.00405689 0.00728501 -0.000758413
internal_weight=25466 9822 678 9144 3881 15644 3426 2635 864 12218 3163 658 397 9055
internal_count=25466 9822 678 9144 3881 15644 3426 2635 864 12218 3163 658 397 9055
is_linear=0
shrinkage=0.05


Tree=98
num_leaves=15
num_cat=0
split_feature=45 1 52 44 31 19 57 6 38 26 20 37 24 49
split_gain=2.70951 3.62811 2.34961 2.0511 2.68957 2.04917 2.74822 2.65216 2.47589 2.50492 2.03474 2.39837 1.79088 2.88282
threshold=-0.68538996577262867 25.050000190734867 -0.59869033098220814 0.69591933488845836 -3.9851181507110591 110.95000076293947 47.849998474121101 55.850000381469734 13.650000095367433 0.68591111898422252 9.3499999046325701 85.500000000000014 85.500000000000014 -47.499999999999993
decision_type=2 2 2 2 2 2 2 2 2 2 2 2 2 10
left_child=3 10 -3 4 -1 6 -6 8 9 -8 -2 -12 -4 -14
right_child=1 2 12 -5 5 -7 7 -9 -10 -11 11 -13 13 -15
leaf_value=-0.00068981442398931086 8.6980383878013481e-05 -0.00041672730735837138 5.2040814344261618e-06 -0.00067379485352560406 -6.9192808494500377e-05 -0.0003206469232281954 0.004912098597097128 0.00044777404826979703 0.0016275589714467979 0.00078959966293047027 0.0052229648392631113 -0.0013945769225737299 -0.00065908843947056893 0.0018896606482689715
leaf_weight=2589 338 4305 6013 6715 1205 1356 104 606 334 60 350 77 488 834
leaf_count=2589 338 4305 6013 6715 1205 1356 104 606 334 60 350 77 488 834
internal_value=-0.00045383 7.45055e-05 -0.000145924 -0.000958858 -0.000306515 0.000564625 0.0014683 0.00325853 0.0059252 0.0108046 0.0033871 0.00564073 0.000398229 0.00205706
internal_weight=25374 12405 11640 12969 6254 3665 2309 1104 498 164 765 427 7335 1322
internal_count=25374 12405 11640 12969 6254 3665 2309 1104 498 164 765 427 7335 1322
is_linear=0
shrinkage=0.05


Tree=99
num_leaves=15
num_cat=0
split_feature=44 2 23 48 3 25 52 34 29 21 37 41 19 22
split_gain=2.97458 2.79938 2.24308 2.21106 1.78382 3.57559 2.39236 2.56386 2.42749 2.31516 2.26083 3.41504 4.15203 2.64001
threshold=5.2237656116485605 15.34999990463257 0.17500000447034839 6.7500000000000009 149.69999694824222 41.750000000000007 -0.35846811532974238 0.75000000000000011 4.3500001430511483 18.500000000000004 77.500000000000014 1.5000000000000002 121.29999923706056 901.50000000000011
decision_type=2 2 2 2 2 2 2 2 2 2 2 2 2 2
left_child=1 2 -1 4 5 6 8 -8 9 -3 13 12 -12 -11
right_child=-2 3 -4 -5 -6 -7 7 -9 -10 10 11 -13 -14 -15
leaf_value=0.0095384690288704676 -0.00076750865336954605 -0.00097663748709534565 0.0019736242139041459 -0.0050116525662883679 -0.00041202005142743683 0.0007359624849078907 0.00043406335470487587 -0.00034181969496051122 -0.00061699770636760491 0.00063971063491866727 0.0036698501308912515 0.00042870440705943078 -0.00013200250859844002 -0.00077215469384569265
leaf_weight=57 4036 413 199 357 1836 570 6501 3784 5434 705 151 422 94 772
leaf_count=57 4036 413 199 357 1836 570 6501 3784 5434 705 151 422 94 772
internal_value=-0.000371139 -0.000134946 0.0049624 -0.000199298 -0.00013097 1.43179e-05 -0.000108281 0.000395822 -0.000756782 0.00051227 0.00117456 0.00356721 0.00813725 7.73357e-05
internal_weight=25331 21295 256 21039 20682 18846 18276 10285 7991 2557 2144 667 245 1477
internal_count=25331 21295 256 21039 20682 18846 18276 10285 7991 2557 2144 667 245 1477
is_linear=0
shrinkage=0.05


Tree=100
num_leaves=15
num_cat=0
split_feature=2 25 45 56 50 22 26 37 0 40 0 56 22 49
split_gain=3.66964 4.2262 2.86531 2.82532 3.86127 2.9614 2.73193 3.39557 2.69618 2.4421 2.33268 3.68432 2.30494 2.26209
threshold=54.649999618530281 19.849999427795414 -2.8491640090942378 89.049999237060561 0.78656607866287243 442.50000000000006 0.48961192369461065 76.500000000000014 17.650000572204593 989.04998779296886 75.099998474121108 41.750000000000007 690.50000000000011 247.50000000000003
decision_type=2 2 2 2 2 2 2 2 2 2 2 2 2 8
left_child=1 2 -1 4 -2 -5 7 -6 -4 -8 11 12 -3 -13
right_child=3 10 8 5 6 -7 9 -9 -10 -11 -12 13 -14 -15
leaf_value=-0.00054814809099157683 -0.00092053450252786977 -0.00082613503655212795 0.0040783847039916324 0.009900421695472849 0.007265508497881679 -5.0679636539179704e-05 -0.00051324349417784223 -0.0015043234691221132 0.00014962181780101095 0.0016686261363195514 -0.0002438760127332768 0.0017650214446854663 0.0035126311070417977 0.0029026476376992618
leaf_weight=4477 5482 228 338 54 96 5369 1337 64 6904 295 198 424 81 53
leaf_count=4477 5482 228 338 54 96 5369 1337 64 6904 295 198 424 81 53
internal_value=-0.00033058 0.000270195 4.68804e-06 -0.000931378 -0.00157469 -6.71832e-05 0.000438401 0.00647059 0.000619138 -0.000188795 0.0034004 0.00461055 0.000329152 0.00732033
internal_weight=25400 12703 11719 12697 7274 5423 1792 160 7242 1632 984 786 309 477
internal_count=25400 12703 11719 12697 7274 5423 1792 160 7242 1632 984 786 309 477
is_linear=0
shrinkage=0.05


Tree=101
num_leaves=15
num_cat=0
split_feature=43 3 51 6 47 24 50 51 20 28 4 33 24 33
split_gain=2.99017 3.39988 2.82439 3.1592 2.34125 4.34004 3.66526 2.57879 2.96887 2.61862 2.9364 2.95191 3.68337 2.5133
threshold=25.02689361572266 80.450000762939467 -0.37940952181816096 34.250000000000007 6.7166664600372323 147.50000000000003 -0.6035533845424651 -0.37940952181816096 28.250000000000004 64.500000000000014 46.350000381469734 2.7500000000000004 11.500000000000002 0.75000000000000011
decision_type=8 2 2 2 2 2 2 2 2 2 2 2 2 2
left_child=2 4 -1 -4 7 -6 -7 8 9 -2 -11 12 -12 -14
right_child=1 -3 3 -5 5 6 -8 -9 -10 10 11 -13 13 -15
leaf_value=0.0024434738164438759 -0.00032615756262669706 -0.00062105000147761604 0.0034321915728194792 8.0268964014328472e-05 -0.00061299348686895286 -0.00067255024377453209 0.0030427335865467328 0.00049157162284485273 -0.0024025146906965136 -0.00033467680968212024 0.00025200683160695104 5.3092069856460381e-06 0.0011785626433258815 0.0061253849578318999
leaf_weight=95 1533 5766 152 2311 8428 286 374 4651 884 420 109 160 102 52
leaf_count=95 1533 5766 152 2311 8428 286 374 4651 884 420 109 160 102 52
internal_value=-0.000367703 -0.000549946 0.00125 0.000903759 -0.000193722 -0.000740823 0.00313433 0.000434919 -0.000642203 0.000280804 0.00250293 0.00539261 0.00855311 0.0132927
internal_weight=25323 22765 2558 2463 16999 9088 660 7911 3260 2376 843 423 263 154
internal_count=25323 22765 2558 2463 16999 9088 660 7911 3260 2376 843 423 263 154
is_linear=0
shrinkage=0.05


Tree=102
num_leaves=15
num_cat=0
split_feature=43 54 24 23 51 51 50 19 27 10 17 56 6 17
split_gain=3.63262 2.46154 2.30127 2.16473 4.26775 2.67586 2.33194 2.16294 1.9733 2.05894 3.04158 2.1078 4.25395 2.22817
threshold=22.500000000000004 8.5000000000000018 2.5000000000000004 0.34499999880790716 -0.6035533845424651 0.60355338454246532 -1.0000000180025095e-35 229.35000610351565 35.750000000000007 150.97499847412112 78.000000000000014 49.049999237060554 49.750000000000007 1.9499999880790713
decision_type=8 2 2 2 2 2 2 2 2 2 2 2 2 2
left_child=1 7 -3 4 -2 -6 -7 -1 9 10 11 -5 13 -13
right_child=3 2 -4 8 5 6 -8 -9 -10 -11 -12 12 -14 -15
leaf_value=0.0017380334273717813 -0.002255822390450692 0.00072880458425173336 -0.00019971832401117739 -0.00034372018025824794 0.00038123489197979096 0.00018436162452690531 -0.0012752161803679465 -0.00027269113536727542 -0.0010710234350775753 -0.00063570658682563831 0.0012117796698613058 0.002818614743739567 4.5442104027749505e-05 0.00019623552593100587
leaf_weight=588 1803 436 732 6340 2247 707 1032 112 1280 1380 173 527 7694 359
leaf_count=588 1803 436 732 6340 2247 707 1032 112 1280 1380 173 527 7694 359
internal_value=-0.000354053 0.00176251 0.000348046 -0.000522674 -0.00136144 -0.000445447 -0.00191252 0.00408451 -0.000248552 -0.000101014 6.85282e-05 -1.00481e-05 0.000500581 0.00376116
internal_weight=25410 1868 1168 23542 5789 3986 1739 700 17753 16473 15093 14920 8580 886
internal_count=25410 1868 1168 23542 5789 3986 1739 700 17753 16473 15093 14920 8580 886
is_linear=0
shrinkage=0.05


Tree=103
num_leaves=15
num_cat=0
split_feature=2 34 50 26 16 51 40 16 2 25 56 26 0 25
split_gain=2.85957 3.08552 3.03759 3.91805 2.63698 2.56869 2.83646 2.5226 2.45511 4.58564 2.63959 2.33606 2.48626 2.28653
threshold=21.050000190734867 -1.6500000357627866 0.78656607866287243 0.36088161170482641 24.750000000000004 1.0000000180025095e-35 989.04998779296886 93.250000000000014 57.45000076293946 18.650000572204593 69.700000762939467 0.98790383338928234 65.799999237060561 37.350000381469734
decision_type=2 2 2 2 2 2 2 2 2 2 2 2 2 2
left_child=-1 -2 4 -4 -3 6 -5 11 9 -6 13 12 -8 -10
right_child=1 2 3 5 8 -7 7 -9 10 -11 -12 -13 -14 -15
leaf_value=0.0011562760954990869 0.00035528735266374275 -0.0011894565299441469 0.0073064806214206274 4.6410715903594013e-05 -0.00025613780909179728 -0.00029605177247253925 0.0042799637311679234 -0.001785560235615353 -0.0012235571288811782 0.00099993876715950684 -0.00014984662359236801 0.0041849396501447266 0.00086111748612738249 0.00048402708600245445
leaf_weight=1310 3615 3955 88 1223 3929 2599 115 79 2396 1015 4497 69 283 175
leaf_count=1310 3615 3955 88 1223 3929 2599 115 79 2396 1015 4497 69 283 175
internal_value=-0.00037227 -0.000496508 -0.000734842 0.000418718 -0.00105683 0.000196436 0.00166104 0.0046223 -0.000687075 0.00016754 -0.00128426 0.00600629 0.00431372 -0.00255909
internal_weight=25348 24038 20423 4456 15967 4368 1769 546 12012 4944 7068 467 398 2571
internal_count=25348 24038 20423 4456 15967 4368 1769 546 12012 4944 7068 467 398 2571
is_linear=0
shrinkage=0.05


Tree=104
num_leaves=15
num_cat=0
split_feature=1 56 56 6 2 17 48 24 42 53 6 23 36 17
split_gain=2.79013 2.85997 2.75838 3.3556 2.33162 3.21702 2.93354 2.25079 2.24643 2.23676 2.1983 2.48781 2.12597 2.02885
threshold=39.95000076293946 48.750000000000007 37.199998855590827 37.549999237060554 131.55000305175784 59.95000076293946 -1.4499999880790708 137.50000000000003 6.6499998569488534 0.91511079668998729 45.350000381469734 0.99500000476837169 13.250000000000002 -7.3500001430511466
decision_type=2 2 2 2 2 2 2 2 2 2 2 2 2 2
left_child=2 10 7 13 5 8 -7 -1 9 -3 11 -2 -6 -4
right_child=1 4 3 -5 12 6 -8 -9 -10 -11 -12 -13 -14 -15
leaf_value=-0.00030737030194982707 -0.0006917629444410364 1.6236512606242387e-05 0.0051735902740172139 0.00023775933422913779 -0.00014168795515793673 -0.00015907147199897527 0.00088256589435915908 0.0029918520118840074 -0.00041858999752647703 0.00065414764062766452 -0.0017574519777067343 0.0009437906366589182 -0.0012714240503115815 0.0017410516157767425
leaf_weight=4021 2899 4659 303 2454 1581 224 294 109 4297 754 1625 385 1145 506
leaf_count=4021 2899 4659 303 2454 1581 224 294 109 4297 754 1625 385 1145 506
internal_value=-0.000393019 -0.000730992 0.000423476 0.00150779 -0.000340945 5.85933e-06 0.00380682 -0.000434784 -0.000200618 0.000476672 -0.00175747 -0.00100789 -0.00163743 0.00427961
internal_weight=25256 17863 7393 3263 12954 10228 518 4130 9710 5413 4909 3284 2726 809
internal_count=25256 17863 7393 3263 12954 10228 518 4130 9710 5413 4909 3284 2726 809
is_linear=0
shrinkage=0.05


Tree=105
num_leaves=15
num_cat=0
split_feature=48 42 3 37 3 36 51 25 48 18 38 3 36 2
split_gain=2.44672 2.68416 2.72824 2.23652 2.60839 3.42297 2.97594 2.11297 2.6808 2.47463 2.64246 2.31801 2.67203 2.26316
threshold=5.1499998569488534 5.7500000000000009 15.84999990463257 45.500000000000007 159.94999694824222 9.7500000000000018 -0.12940952181816107 41.750000000000007 0.55000001192092907 14.750000000000002 14.750000000000002 86.950000762939467 18.050000190734867 27.550000190734867
decision_type=2 2 2 2 2 2 2 2 2 2 2 2 2 2
left_child=1 2 -1 -4 5 6 -5 8 -3 -9 -11 12 -10 -14
right_child=-2 7 3 4 -6 -7 -8 9 11 10 -12 -13 13 -15
leaf_value=0.0025959619273131073 -0.0026247909407312742 -0.00066908446360935741 -0.00053185446483796815 0.0029523718525702957 -0.00037481886475093358 0.00019552631518208425 0.00056638332707143423 -0.00042630036927044485 0.0014219772189435135 0.0004674340339635263 0.0026616319213307194 -0.00084918858480007194 0.0018856613959608087 -6.1623869299603509e-05
leaf_weight=145 1057 9769 1512 136 1153 7175 259 233 263 217 50 653 439 2329
leaf_count=145 1057 9769 1512 136 1153 7175 259 233 263 217 50 653 439 2329
internal_value=-0.000360237 -0.000257365 0.000351298 0.000251341 0.000559371 0.000897096 0.00537037 -0.000710092 -0.000829311 0.00245098 0.00564982 0.000319436 0.000902662 0.000435564
internal_weight=25390 24333 10380 10235 8723 7570 395 13953 13453 500 267 3684 3031 2768
internal_count=25390 24333 10380 10235 8723 7570 395 13953 13453 500 267 3684 3031 2768
is_linear=0
shrinkage=0.05


Tree=106
num_leaves=15
num_cat=0
split_feature=23 51 51 36 2 47 3 51 48 29 57 37 27 42
split_gain=2.43001 5.15274 3.37778 3.04128 4.19665 4.27572 3.83068 3.11341 2.88221 2.85999 3.01043 2.89284 2.41774 2.32886
threshold=0.34499999880790716 -0.6035533845424651 0.60355338454246532 11.84999990463257 204.6499938964844 2.1166666746139531 126.89999771118165 -0.37940952181816096 0.15000000223517421 6.2500000000000009 51.616666793823249 74.500000000000014 17.250000000000004 4.7500000000000009
decision_type=2 2 2 2 2 2 2 2 2 2 2 2 2 2
left_child=1 -1 -3 4 5 -2 9 -7 13 10 -5 -11 -13 -4
right_child=3 2 8 6 -6 7 -8 -9 -10 11 -12 12 -14 -15
leaf_value=-0.0023332254348641568 0.0014233933292879645 0.00052025211229272505 4.6744351778694754e-05 -0.00013458680119802512 -0.00068950191332602107 0.0016935654810174687 -0.0010485001779686469 0.00026940720446967398 0.0023054227260002062 1.8312515599683293e-05 0.00050185450633087299 0.00036557065434523887 -0.0013575576817509989 -0.001460121660496653
leaf_weight=1806 155 2610 563 3322 423 247 1571 994 97 5273 3712 518 2652 1445
leaf_count=1806 155 2610 563 3322 423 247 1571 994 97 5273 3712 518 2652 1445
internal_value=-0.000363809 -0.00119507 -0.000322753 -7.60196e-05 0.00186167 0.00317923 -0.000283739 0.00215428 -0.00180851 -4.42318e-05 0.000699885 -0.000664262 -0.00185535 -0.00222498
internal_weight=25388 6521 4715 18867 1819 1396 17048 1241 2105 15477 7034 8443 3170 2008
internal_count=25388 6521 4715 18867 1819 1396 17048 1241 2105 15477 7034 8443 3170 2008
is_linear=0
shrinkage=0.05


Tree=107
num_leaves=15
num_cat=0
split_feature=45 0 43 23 49 22 43 26 21 17 11 57 3 25
split_gain=2.06506 3.39136 3.04885 3.4699 2.41811 2.21974 2.45836 1.91573 2.91891 3.01624 2.56758 3.37091 2.3837 2.80607
threshold=-3.236080408096313 17.650000572204593 52.500000000000007 0.50499999523162853 122.50000000000001 323.50000000000006 132.50000000000003 0.68487977981567394 15.500000000000002 109.65000152587892 78.781250000000014 89.51666641235353 87.90000152587892 31.550000190734867
decision_type=2 2 10 2 10 2 8 2 2 2 2 2 2 2
left_child=-1 5 7 4 -4 -2 -7 12 -9 10 11 -10 13 -3
right_child=1 2 3 -5 -6 6 -8 8 9 -11 -12 -13 -14 -15
leaf_value=-0.00042331185559499307 -0.00083060777023020397 2.5937826181758737e-05 -0.00031898541448525979 2.6733947874510723e-05 -0.0027489365269510752 0.0092145215346535799 0.0027977215726664784 -8.0496880307378259e-05 0.0011558765260352816 0.0010590691448574957 0.00016392686898115575 0.0028393033977387669 -0.0013480591156861347 0.002170092890329654
leaf_weight=7356 120 1957 2659 7602 1452 51 188 1238 818 68 1286 151 394 63
leaf_count=7356 120 1957 2659 7602 1452 51 188 1238 818 68 1286 151 394 63
internal_value=-0.000276041 1.19055e-05 -8.70167e-05 -0.000555746 -0.0017241 0.0047561 0.0074498 0.000831244 0.00156679 0.00260823 0.00226269 0.00419305 -0.000255777 0.000443349
internal_weight=25403 18047 17688 11713 4111 359 239 5975 3561 2323 2255 969 2414 2020
internal_count=25403 18047 17688 11713 4111 359 239 5975 3561 2323 2255 969 2414 2020
is_linear=0
shrinkage=0.05


Tree=108
num_leaves=15
num_cat=0
split_feature=23 2 25 49 28 17 2 27 27 42 41 25 2 25
split_gain=3.06828 3.60894 3.38527 2.83094 2.37214 2.27363 3.47798 3.03218 2.48021 2.13931 2.10593 2.04165 2.2391 2.73418
threshold=0.34499999880790716 21.94999980926514 11.250000000000002 72.500000000000014 34.500000000000007 100.79999923706056 147.35000610351565 11.050000190734865 11.050000190734865 5.9500000476837167 2.5000000000000004 37.049999237060554 74.849998474121108 16.44999980926514
decision_type=2 2 2 8 2 2 2 2 2 2 2 2 2 2
left_child=1 2 -1 -3 -4 6 7 9 -7 -2 -10 12 13 -9
right_child=5 3 4 -5 -6 8 -8 11 10 -11 -12 -13 -14 -15
leaf_value=-2.2179051569749087e-05 0.0018512405090672958 -0.00023220760074569419 0.0015002958782291359 -0.0021146311272545442 0.0080319374768483241 -6.7149541493546539e-05 -0.00069963802858781206 -5.1293626486208015e-05 0.0011419502669338286 8.7067083877698717e-06 0.00029654998260807678 0.00055325102274551244 -0.00037753981398609996 0.00053910314718754934
leaf_weight=737 300 3453 105 2118 104 116 1796 9360 69 229 62 735 3566 2692
leaf_count=737 300 3453 105 2118 104 116 1796 9360 69 229 62 735 3566 2692
internal_value=-0.000265599 -0.0012004 0.00164226 -0.00168518 0.00710046 5.6772e-05 -7.49263e-06 0.000215485 0.00472763 0.00390538 0.0091844 9.3808e-05 -2.81558e-05 0.000297628
internal_weight=25442 6517 946 5571 209 18925 18678 16882 247 529 131 16353 15618 12052
internal_count=25442 6517 946 5571 209 18925 18678 16882 247 529 131 16353 15618 12052
is_linear=0
shrinkage=0.05


Tree=109
num_leaves=15
num_cat=0
split_feature=44 52 43 45 25 20 13 1 31 17 36 47 21 17
split_gain=1.97882 2.29038 2.81513 3.21263 2.47929 2.38802 2.47002 2.2783 2.17871 2.05145 2.02832 1.91252 1.8544 1.80802
threshold=5.0869722366333017 -0.49813632667064661 132.50000000000003 1.0609090924263003 44.149999618530281 47.750000000000007 66.716964721679702 39.399999618530281 -5.0515515804290763 -26.05000019073486 14.650000095367433 6.4166667461395273 2.5000000000000004 -7.3500001430511466
decision_type=2 2 8 2 2 2 2 2 2 2 2 2 2 2
left_child=1 4 8 7 5 6 11 10 -3 -10 -4 -1 -6 -8
right_child=-2 2 3 -5 12 -7 13 -9 9 -11 -12 -13 -14 -15
leaf_value=3.6680318863034021e-05 -0.00056314552188325745 -0.00040548629791538088 0.0022421094269104483 0.0004339365315403115 0.0010785927713556182 -0.00081283990947019337 5.2870014978732698e-05 -0.00087184401560953979 0.0018297750795529097 0.0003873000892071834 -9.6969708463290325e-06 -0.0010079171452906609 0.000267747855163697 0.001441940272855647
leaf_weight=1924 4136 863 70 3165 51 2894 817 3063 527 3896 1804 1564 275 476
leaf_count=1924 4136 863 70 3165 51 2894 817 3063 527 3896 1804 1564 275 476
internal_value=-0.000249659 -5.58449e-05 0.00034408 -0.000241619 -0.00072463 -0.000907613 -0.000220206 -0.001038 0.00124056 0.00168847 0.000334394 -0.000911951 0.00348214 0.00163853
internal_weight=25525 21389 13388 8102 8001 7675 4781 4937 5286 4423 1874 3488 326 1293
internal_count=25525 21389 13388 8102 8001 7675 4781 4937 5286 4423 1874 3488 326 1293
is_linear=0
shrinkage=0.05


Tree=110
num_leaves=15
num_cat=0
split_feature=3 25 51 56 6 11 27 6 56 27 20 54 44 13
split_gain=2.27857 3.29218 3.27216 2.53976 5.24626 2.38784 2.20508 2.15213 2.95567 2.12769 2.07889 2.12453 1.93048 2.63015
threshold=126.89999771118165 43.149999618530281 0.91597560048103344 44.649999618530281 41.049999237060554 67.991664886474624 34.149999618530281 38.45000076293946 34.399999618530281 9.3499999046325701 57.149999618530281 8.5000000000000018 2.1166771650314335 111.10922622680665
decision_type=2 2 2 2 2 2 2 2 2 2 2 2 2 2
left_child=1 2 3 7 -5 -3 10 8 -1 -2 12 -12 13 -6
right_child=9 5 -4 4 6 -7 -8 -9 -10 -11 11 -13 -14 -15
leaf_value=-0.00035466417764585417 8.6101154953056348e-05 0.0026181562031543561 -0.00077407595287081322 0.0023732881385068755 0.00046884414416057833 0.00044932425119705927 -0.00088500136103656811 -0.00095265893692868947 0.00059141130677541585 -0.00077263439389481403 0.00025066096899016381 -0.00057399240406919049 -0.00023140473713612622 0.0015089629449590652
leaf_weight=4348 923 70 2668 743 4142 388 810 2490 1377 2249 1396 1591 1820 302
leaf_count=4348 923 70 2668 743 4142 388 810 2490 1377 2249 1396 1591 1820 302
internal_value=-0.000354761 -0.000174905 -0.000264323 -3.38968e-05 0.00046976 0.00397436 0.000168304 -0.00069605 -0.000161292 -0.00160591 0.000388186 -0.000695697 0.000905322 0.0014661
internal_weight=25317 22145 21687 19019 10804 458 10061 8215 5725 3172 9251 2987 6264 4444
internal_count=25317 22145 21687 19019 10804 458 10061 8215 5725 3172 9251 2987 6264 4444
is_linear=0
shrinkage=0.05


Tree=111
num_leaves=15
num_cat=0
split_feature=48 47 37 0 1 37 26 56 21 47 48 26 57 27
split_gain=2.54745 2.16316 2.71527 2.98611 2.72354 2.42282 2.36997 2.19658 2.11631 2.19267 1.94176 3.37819 3.83951 2.22931
threshold=6.7500000000000009 6.7583334445953378 45.500000000000007 42.199998855590827 48.600000381469734 80.500000000000014 0.29563544690608984 42.049999237060554 132.50000000000003 11.016666889190676 1.5500000119209292 0.70791533589363109 118.75000000000001 30.750000000000004
decision_type=2 2 2 2 2 2 2 2 2 2 2 2 2 2
left_child=1 2 -1 4 5 7 8 -4 9 -3 -5 12 13 -12
right_child=-2 6 3 10 -6 -7 -8 -9 -10 -11 11 -13 -14 -15
leaf_value=-0.00050300792391383897 -0.0049060312373965659 0.00022377686226678013 0.00032267138670523285 0.00012347760473773641 0.0038177723202749802 -0.00066677161063321763 -0.00043332072608802868 0.0027325524495800616 0.00015316765761645836 0.0065897850365505793 -0.00087626359035994448 -0.003104870894782986 0.0012540390783932981 0.0014973391447488309
leaf_weight=2246 440 93 858 7342 57 555 10917 661 273 69 871 776 196 87
leaf_count=2246 440 93 858 7342 57 555 10917 661 273 69 871 776 196 87
internal_value=-0.000271307 -0.000204111 0.00022 0.000533163 0.00221625 0.0018858 -0.000713784 0.00291367 0.00286517 0.0072093 0.000144364 -0.00126289 0.000455325 -0.00086777
internal_weight=25441 25001 13649 11403 2131 2074 11352 1519 435 162 9272 1930 1154 958
internal_count=25441 25001 13649 11403 2131 2074 11352 1519 435 162 9272 1930 1154 958
is_linear=0
shrinkage=0.05


Tree=112
num_leaves=15
num_cat=0
split_feature=2 48 23 51 51 35 52 43 19 3 25 12 12 2
split_gain=2.19593 2.77102 2.49616 5.92143 5.07307 2.73264 2.38453 3.32672 1.8345 1.766 2.61669 2.29501 2.13095 2.07381
threshold=21.050000190734867 -4.8500001430511466 0.35500000417232519 -0.7865660786628722 0.37940952181816107 2.5000000000000004 -0.69057363271713246 47.500000000000007 46.95000076293946 186.05000305175784 38.549999237060554 58.061805725097663 101.0076370239258 74.849998474121108
decision_type=2 2 2 2 2 2 2 8 2 2 2 2 2 2
left_child=1 -1 3 -2 5 -5 -7 -8 -3 10 13 -12 -13 -4
right_child=2 8 9 4 -6 6 7 -9 -10 -11 11 12 -14 -15
leaf_value=0.006270344028084668 -0.0041269348277384417 6.4521678417449796e-05 6.2644436671765565e-05 -1.2267469582676711e-05 -0.00067154987891043631 -0.00067694531773048448 0.0072577309991659223 0.0015846023884852755 0.0024833677885760996 -0.00096902730617106985 0.0017772698501180052 -0.0003987896905678905 0.0007309243013114557 -0.00032704093489981475
leaf_weight=74 1299 1042 11494 1473 2401 165 187 405 191 930 79 321 578 4737
leaf_count=74 1299 1042 11494 1473 2401 165 187 405 191 930 79 321 578 4737
internal_value=-0.000306469 0.00168185 -0.000415093 -0.00130471 -0.000464341 0.00125 0.00367014 0.00513289 0.00107401 -0.000123699 -8.42212e-06 0.00248988 0.00171067 -0.000160398
internal_weight=25376 1307 24069 5930 4631 2230 757 592 1233 18139 17209 978 899 16231
internal_count=25376 1307 24069 5930 4631 2230 757 592 1233 18139 17209 978 899 16231
is_linear=0
shrinkage=0.05


Tree=113
num_leaves=15
num_cat=0
split_feature=3 57 18 53 23 51 1 25 23 51 35 57 0 50
split_gain=2.45196 3.05907 2.82897 3.44831 2.28944 3.81877 3.66177 2.07886 3.04114 2.81911 2.67858 2.54095 2.41842 2.48737
threshold=61.100000381469734 87.950000762939467 36.649999618530281 -0.42179730534553522 0.67500001192092907 -0.6035533845424651 53.500000000000007 13.84999990463257 0.42499999701976782 -0.37940952181816096 2.5000000000000004 68.250000000000014 28.150000572204593 0.78656607866287243
decision_type=2 2 2 2 2 2 2 2 2 2 2 2 2 2
left_child=2 4 7 -4 5 -2 -6 10 9 -9 -1 -10 -12 -14
right_child=1 -3 3 -5 6 -7 -8 8 11 -11 12 -13 13 -15
leaf_value=-0.00043040157458523986 -0.0020122572660150324 8.5016563244872919e-06 0.0036459169490855726 3.8891507534535325e-05 0.0019766829839105425 -0.00024665233828290222 -0.00038299940547805534 -0.0014858900103989613 0.00046393608700243875 0.00035097805091324031 0.0029211540381446129 0.001801401624375865 -0.00076504200845717882 0.0014962762831732541
leaf_weight=6546 1630 4934 76 119 107 2072 2253 574 1933 1272 955 614 1622 655
leaf_count=6546 1630 4934 76 119 107 2072 2253 574 1933 1272 955 614 1622 655
internal_value=-0.000286143 -0.000847721 0.000143989 0.00597561 -0.00159914 -0.00237338 -0.000379748 5.95856e-05 0.000961843 -0.000581898 -0.000346344 0.00207861 0.000829734 -5.90305e-05
internal_weight=25362 10996 14366 195 6062 3702 2360 14171 4393 1846 9778 2547 3232 2277
internal_count=25362 10996 14366 195 6062 3702 2360 14171 4393 1846 9778 2547 3232 2277
is_linear=0
shrinkage=0.05


Tree=114
num_leaves=15
num_cat=0
split_feature=43 26 20 23 51 51 23 1 1 48 50 24 56 20
split_gain=2.36135 3.41896 4.14172 3.25373 5.55382 3.58869 3.19456 3.68403 3.13126 2.85355 3.35386 2.62514 2.56119 2.43346
threshold=47.500000000000007 0.67057299613952648 58.95000076293946 0.54500001668930065 -0.6035533845424651 -0.91597560048103321 1.0249999761581423 52.100000381469734 28.150000572204593 0.35000000894069677 -1.0000000180025095e-35 107.50000000000001 49.049999237060554 34.850000381469734
decision_type=8 2 2 2 2 2 2 2 2 2 2 2 2 2
left_child=1 -1 -3 4 8 6 7 12 -2 10 -6 -8 -5 -11
right_child=3 2 -4 5 9 -7 11 -9 -10 13 -12 -13 -14 -15
leaf_value=-0.00067603172841079892 0.00014663154811248187 0.0013143181963236779 3.7809688555875894e-05 0.00055932402457653648 0.00014178050488467458 -0.0001710089245734464 0.0021776378350345025 -0.00084364518727694381 -0.001751430132340089 0.0023776588029994945 -0.00094370223784744826 -0.00027318686471793953 0.0031977111652533169 -0.00041886064508868458
leaf_weight=1087 703 1160 3007 416 3078 8621 261 608 3086 533 2258 89 128 365
leaf_count=1087 703 1160 3007 416 3078 8621 261 608 3086 533 2258 89 128 365
internal_value=-0.000358128 0.000585105 0.00123653 -0.000604288 -0.0012424 2.81247e-05 0.00227513 0.000981066 -0.00274941 -0.000323512 -0.000763189 0.00638889 0.00393502 0.00226872
internal_weight=25400 5254 4167 20146 10023 10123 1502 1152 3789 6234 5336 350 544 898
internal_count=25400 5254 4167 20146 10023 10123 1502 1152 3789 6234 5336 350 544 898
is_linear=0
shrinkage=0.05


Tree=115
num_leaves=15
num_cat=0
split_feature=44 2 57 25 4 51 48 31 22 35 2 17 25 6
split_gain=2.44302 2.5293 4.41479 2.71065 2.21846 3.54029 2.77753 3.21748 2.32955 2.17473 2.67957 2.38794 2.10609 1.70868
threshold=6.1519517898559579 57.45000076293946 49.45000076293946 15.250000000000002 32.049999237060554 0.37940952181816107 -1.5500000119209287 -5.7819004058837882 712.50000000000011 2.5000000000000004 16.050000190734867 -0.45000000298023218 37.049999237060554 63.449998855590827
decision_type=2 2 2 2 2 2 2 2 2 2 2 2 2 2
left_child=1 3 12 9 -5 -6 8 -8 -7 -1 -11 -12 -3 -4
right_child=-2 2 13 4 5 6 7 -9 -10 10 11 -13 -14 -15
leaf_value=-0.0002451914698873897 -0.00070054782303025835 -0.0013237120036720257 0.00039739650920917385 -0.00040861031899328264 0.00034225028655662229 0.0045160155561863582 -0.00054742631995108564 0.0039312483000434389 0.00074211277080576585 0.0058826907502562151 0.001735205085585143 -0.00054673427807782444 0.00056726726133851798 -0.0001354252817983696
leaf_weight=6033 2913 1729 1539 482 1464 69 54 206 260 124 1567 1318 94 7445
leaf_count=6033 2913 1729 1539 482 1464 69 54 206 260 124 1567 1318 94 7445
internal_value=-0.000236497 -5.89456e-05 -0.000608765 0.000454387 0.00189587 0.00261028 0.00585142 0.00962963 0.00266962 4.86069e-05 0.00114442 0.000820379 -0.00284506 -0.000152325
internal_weight=25297 22384 10807 11577 2535 2053 589 260 329 9042 3009 2885 1823 8984
internal_count=25297 22384 10807 11577 2535 2053 589 260 329 9042 3009 2885 1823 8984
is_linear=0
shrinkage=0.05


Tree=116
num_leaves=15
num_cat=0
split_feature=17 8 2 56 6 51 23 56 2 25 19 30 36 51
split_gain=2.34297 2.92918 2.01601 3.0393 3.90075 3.03943 4.12952 4.04698 2.80713 2.76201 2.6154 2.60042 2.35176 2.56736
threshold=90.100002288818374 88.599998474121108 107.70000076293947 57.649999618530281 54.750000000000007 -0.12940952181816107 1.6150000095367434 86.000000000000014 54.649999618530281 15.150000095367433 61.800001144409187 47.500000000000007 13.050000190734865 -0.12940952181816107
decision_type=2 2 2 2 2 2 2 2 2 2 2 10 2 2
left_child=2 -2 3 8 11 6 7 -6 -1 -7 -9 -5 13 -4
right_child=1 -3 12 4 5 9 -8 10 -10 -11 -12 -13 -14 -15
leaf_value=-7.6085401445380804e-05 0.0012510897243829325 0.00013623101973982171 0.00050403204787793834 0.0034762062463074188 -4.2693884210508203e-05 -0.0007232750733253316 0.0034627925180949026 0.008245135304393943 -0.00070511853443824108 0.00017550795491813441 0.00077171516973569931 0.0011956019726082937 -0.00095516011498989113 -0.00031074904841468646
leaf_weight=9816 91 335 608 156 1424 2182 67 78 3262 2671 613 703 2187 1105
leaf_count=9816 91 335 608 156 1424 2182 67 78 3262 2671 613 703 2187 1105
internal_value=-0.000262369 0.00337156 -0.00032594 -0.000131543 0.000642711 0.000251951 0.00179744 0.00137647 -0.000599023 -0.0004452 0.00448645 0.00380322 -0.00136829 2.03122e-05
internal_weight=25298 426 24872 20972 7894 7035 2182 2115 13078 4853 691 859 3900 1713
internal_count=25298 426 24872 20972 7894 7035 2182 2115 13078 4853 691 859 3900 1713
is_linear=0
shrinkage=0.05


Tree=117
num_leaves=15
num_cat=0
split_feature=40 30 17 23 49 0 3 17 48 17 52 50 23 50
split_gain=1.81373 2.34484 2.73588 1.87234 1.81436 1.67874 1.60921 3.51664 3.91121 1.9227 2.22161 1.85564 3.022 3.04507
threshold=994.54998779296886 152.50000000000003 12.650000095367433 0.69499999284744274 132.50000000000003 163.6499938964844 134.80000305175784 59.95000076293946 -1.4499999880790708 -78.899997711181626 0.5986820161342622 0.91597560048103344 0.49500000476837164 -0.7865660786628722
decision_type=2 10 2 2 8 2 2 2 2 2 2 2 2 2
left_child=6 2 4 -4 5 -2 7 9 -9 10 -1 12 13 -11
right_child=1 -3 3 -5 -6 -7 -8 8 -10 11 -12 -13 -14 -15
leaf_value=0.0013340394113852492 0.0043847536756535035 -0.0024752682615361704 -0.00081297066180563708 0.0015193642537147251 0.00037811031952383612 0.0012537517809786038 -0.00048845208294863245 -0.00034628113705046417 0.00073997048953457819 0.00014916006598551224 -0.0018195960272738552 0.00026920972473526683 -4.6782549536299211e-05 -0.00088366984457455928
leaf_weight=269 102 134 181 52 127 69 2426 299 411 2006 69 2610 9796 6562
leaf_count=269 102 134 181 52 127 69 2426 299 411 2006 69 2610 9796 6562
internal_value=-0.000446405 0.00211111 0.00359519 -0.000473252 0.00668831 0.00991713 -0.000516806 -0.000381719 0.00305555 -0.000497609 0.00318965 -0.000558522 -0.000735824 -0.00142108
internal_weight=25113 665 531 233 298 171 24448 22022 710 21312 338 20974 18364 8568
internal_count=25113 665 531 233 298 171 24448 22022 710 21312 338 20974 18364 8568
is_linear=0
shrinkage=0.05


Tree=118
num_leaves=15
num_cat=0
split_feature=50 23 49 3 49 3 5 24 52 31 6 13 20 32
split_gain=2.24428 2.46286 3.59805 4.02118 2.74174 2.55994 2.36343 2.33567 2.21764 2.02969 2.17793 2.43767 2.22041 2.02511
threshold=0.78656607866287243 0.7150000035762788 62.500000000000007 42.649999618530281 7.5000000000000009 36.500000000000007 89.500000000000014 137.50000000000003 0.30983042716979986 -6.1385221481323233 24.94999980926514 48.699405670166023 8.3499999046325701 -9.6735358238220197
decision_type=2 2 8 2 8 2 2 2 2 2 2 2 2 2
left_child=1 2 9 7 -3 -6 -7 -4 -2 -1 11 -11 -13 -10
right_child=8 4 3 -5 5 6 -8 -9 13 10 -12 12 -14 -15
leaf_value=-0.0010800528490401433 -3.1310292296230856e-05 -0.00034870128104005845 -0.00020027835871767017 -0.0015720020169231225 0.0023975177875977531 -3.991226118565235e-05 0.00064661809152771798 0.0022856992040553195 -0.0021813166451834262 0.00042169615563309815 -3.9943849134188534e-05 0.00048693476537339363 0.0041308619383561848 0.0013731298938917435
leaf_weight=1059 3197 2764 2260 3478 278 1683 1036 117 127 539 6644 100 114 1878
leaf_count=1059 3197 2764 2260 3478 278 1683 1036 117 127 539 6644 100 114 1878
internal_value=-0.000226231 -0.00046609 -0.000817332 -0.00176897 0.000406341 0.00145161 0.000972883 -0.000182238 0.000698387 -0.0001571 0.000137031 0.0026671 0.00705357 0.00199752
internal_weight=25274 20072 14311 5855 5761 2997 2719 2377 5202 8456 7397 753 214 2005
internal_count=25274 20072 14311 5855 5761 2997 2719 2377 5202 8456 7397 753 214 2005
is_linear=0
shrinkage=0.05


Tree=119
num_leaves=15
num_cat=0
split_feature=23 51 51 2 47 9 45 27 19 21 21 28 32 43
split_gain=2.39008 4.69299 3.83956 2.74858 2.24848 2.22564 2.20149 2.18616 2.09825 2.55099 1.90469 1.77269 2.16941 1.99989
threshold=0.34499999880790716 -0.6035533845424651 0.37940952181816107 21.94999980926514 3.6833333969116215 31.349999427795414 0.32016235589981085 35.549999237060554 46.95000076293946 131.50000000000003 18.500000000000004 68.500000000000014 2.0042777061462407 167.50000000000003
decision_type=2 2 2 2 2 2 2 2 2 2 2 2 2 10
left_child=1 -1 5 8 6 -3 -5 11 9 -4 -8 -2 13 -13
right_child=7 2 3 4 -6 -7 10 -9 -10 -11 -12 12 -14 -15
leaf_value=-0.0016927911062285207 0.00022144242856828248 -0.00081480653784222774 -0.0011461817320878095 -0.00045227028632362909 -0.0010599918011909596 0.00093935984311074568 -0.00026878703565207264 -0.00082364184116640721 0.0039584813166610817 0.0090089261991309171 0.0011694894487863448 0.00019668981669033019 -0.00051035788807850507 -0.00060263207971833835
leaf_weight=1822 7315 468 252 258 1838 1495 58 1383 73 57 95 4757 3198 2315
leaf_count=1822 7315 468 252 258 1838 1495 58 1383 73 57 95 4757 3198 2315
internal_value=-0.000252817 -0.00108621 -0.000232408 -0.00147861 -0.00214476 0.0014369 0.00117577 2.95067e-05 0.00239796 0.000485892 0.0057362 0.000180448 -0.000243192 0.000245692
internal_weight=25384 6416 4594 2631 2249 1963 411 18968 382 309 153 17585 10270 7072
internal_count=25384 6416 4594 2631 2249 1963 411 18968 382 309 153 17585 10270 7072
is_linear=0
shrinkage=0.05


Tree=120
num_leaves=15
num_cat=0
split_feature=42 48 57 0 56 43 16 10 22 27 19 13 10 43
split_gain=2.60715 4.18655 2.61108 3.04165 2.99768 2.01438 1.85406 1.83978 3.6364 4.44833 2.13093 1.8163 1.95841 1.92615
threshold=5.7500000000000009 2.8500000238418584 134.51667022705081 43.45000076293946 46.049999237060554 1492.5000000000002 101.65000152587892 101.71666336059572 3177.0000000000005 26.150000572204593 135.75000000000003 46.311309814453132 38.225000381469734 32.500000000000007
decision_type=2 2 2 2 2 10 2 2 2 2 2 2 2 10
left_child=1 5 3 4 -3 7 -4 8 11 10 -10 12 13 -1
right_child=-2 2 6 -5 -6 -7 -8 -9 9 -11 -12 -13 -14 -15
leaf_value=0.0024703268149637672 -0.00028517312740288441 -0.0011411176804164065 -0.00030676785718124103 -0.0026750546757211609 0.0053750129056971269 -0.00063233054331731102 0.0034386877095829564 -5.7036435743832781e-05 2.2661908496042436e-05 0.0038024933292986323 0.001508696724903644 0.00063700917521231038 -0.00067402380303894301 3.5878408783323005e-05
leaf_weight=195 14354 234 94 1221 68 526 53 2460 247 115 68 4079 965 665
leaf_count=195 14354 234 94 1221 68 526 53 2460 247 115 68 4079 965 665
internal_value=-0.000215746 0.000363635 -0.00193452 -0.00255382 0.00189102 0.000777062 0.00423567 0.000957518 0.00140763 0.00579545 0.00253846 0.00107879 -0.000231609 0.00149425
internal_weight=25344 10990 1670 1523 302 9320 147 8794 6334 430 315 5904 1825 860
internal_count=25344 10990 1670 1523 302 9320 147 8794 6334 430 315 5904 1825 860
is_linear=0
shrinkage=0.05


Tree=121
num_leaves=15
num_cat=0
split_feature=48 23 26 6 37 29 37 23 48 26 19 48 27 32
split_gain=2.57616 2.85199 2.11949 1.90698 2.05897 1.88321 2.74165 2.622 2.11934 2.82536 2.51942 2.18031 1.9774 1.91428
threshold=4.5499999523162851 0.9350000023841859 0.62650004029273998 13.750000000000002 38.500000000000007 4.9500000476837167 74.500000000000014 1.0249999761581423 1.3499999642372134 0.65507304668426525 120.34999847412111 1.1500000357627871 17.250000000000004 -9.0148162841796857
decision_type=2 2 2 2 2 2 2 2 2 2 2 2 2 2
left_child=3 2 -2 -1 -5 8 7 -7 10 -10 -6 -12 13 -8
right_child=1 -3 -4 4 5 6 12 -9 9 -11 11 -13 -14 -15
leaf_value=0.0020074395577260643 0.00057105206502517118 0.0025270855384725423 -0.0044025482211564318 -0.00065173946126002738 0.00055975487582508811 -2.163459277058145e-05 0.0018671258294732027 0.0012655914437018883 0.00086854415613512562 -0.0011862941716008441 -0.00012607673047166756 0.00073983557552709473 -0.00081167625852621118 -9.0239243999706224e-05
leaf_weight=301 271 86 1014 3250 3354 6180 87 726 347 1182 2244 61 4005 2264
leaf_count=301 271 86 1014 3250 3354 6180 87 726 347 1182 2244 61 4005 2264
internal_value=-0.000329368 -0.0024294 -0.00303089 -0.000208447 -0.000259385 -7.3315e-05 -0.000426463 0.000263157 0.000577937 -0.00106888 0.00102399 -0.000248381 -0.00117499 -2.32964e-05
internal_weight=25372 1371 1285 24001 23700 20450 13262 6906 7188 1529 5659 2305 6356 2351
internal_count=25372 1371 1285 24001 23700 20450 13262 6906 7188 1529 5659 2305 6356 2351
is_linear=0
shrinkage=0.05


Tree=122
num_leaves=15
num_cat=0
split_feature=17 2 21 51 23 48 0 47 14 8 6 19 3 20
split_gain=2.33 2.55391 2.4991 2.43022 5.04149 2.426 2.21711 2.14535 2.14453 1.7621 1.71266 2.11228 2.09197 2.02978
threshold=90.100002288818374 73.700000762939467 21.500000000000004 -0.7865660786628722 0.98500001430511486 -1.5500000119209287 50.95000076293946 4.8166668415069589 25.680206298828129 70.90000152587892 25.44999980926514 205.1499938964844 65.799999237060561 9.7500000000000018
decision_type=2 2 2 2 2 2 2 2 2 2 2 2 2 2
left_child=1 10 -2 4 -3 -4 -5 -8 9 -6 -1 13 -13 -12
right_child=2 3 5 6 8 -7 7 -9 -10 -11 11 12 -14 -15
leaf_value=0.00056896700978290081 2.7626026705772165e-05 -0.0029771476263856251 -8.1685300520126757e-05 0.003262953712756712 0.00023807548506105661 0.0011536575408277528 0.00011923449874251061 -0.00047945777503691418 -0.00010766615504875766 0.0022383451994842647 -0.00051436764911298857 0.0048825820992582378 -0.00080538950576839472 2.1249621124004581e-05
leaf_weight=2332 312 1627 51 51 51 85 2552 3391 122 75 3202 151 68 11273
leaf_count=2332 312 1627 51 51 51 85 2552 3391 122 75 3202 151 68 11273
internal_value=-0.000237251 -0.000302149 0.00329694 -0.00104645 -0.00261273 0.00869863 -0.000552966 -0.000649254 0.00391473 0.00823529 4.22623e-05 -0.000157781 0.00460699 -0.000233001
internal_weight=25343 24895 448 7869 1875 136 5994 5943 248 126 17026 14694 219 14475
internal_count=25343 24895 448 7869 1875 136 5994 5943 248 126 17026 14694 219 14475
is_linear=0
shrinkage=0.05


Tree=123
num_leaves=15
num_cat=0
split_feature=3 27 17 23 51 57 7 42 49 48 20 37 0 48
split_gain=2.45905 2.62029 2.50921 2.268 2.97724 2.27993 2.29823 2.00714 2.52958 2.42098 2.11194 2.4705 1.95143 2.48333
threshold=144.59999847412112 6.2500000000000009 90.100002288818374 0.35500000417232519 -0.6035533845424651 51.616666793823249 30.250000000000004 3.9500000476837163 -1742.4999999999998 0.15000000223517421 57.149999618530281 42.500000000000007 29.44999980926514 1.8499999642372134
decision_type=2 2 2 2 2 2 2 2 8 2 2 2 2 2
left_child=1 -1 3 4 -3 12 -7 10 -9 -10 11 -6 13 -5
right_child=-2 2 -4 5 7 6 -8 8 9 -11 -12 -13 -14 -15
leaf_value=0.0029214149195639066 -0.0004758324298603985 -0.0015579694424082409 0.00071054786908500076 2.3687902040963844e-05 -0.0016549923958719672 0.0040697686158911884 0.00015916898356419087 0.004535564848708061 -0.00071308662881288971 0.00070400525478479413 -0.00011763333447305056 0.0029097565423359174 -0.00035348170921434318 0.0032829673440446863
leaf_weight=102 2186 1798 199 1272 107 138 8621 66 3081 493 566 299 5976 246
leaf_count=102 2186 1798 199 1272 107 138 8621 66 3081 493 566 299 5976 246
internal_value=-0.000282195 -0.000129278 -0.00016658 -0.000216779 -0.00101246 9.74593e-05 0.000644884 -0.000337517 -0.000876714 -0.00106585 0.00167006 0.004375 -0.000542379 0.00105366
internal_weight=25150 22964 22862 22663 6410 16253 8759 4612 3640 3574 972 406 7494 1518
internal_count=25150 22964 22862 22663 6410 16253 8759 4612 3640 3574 972 406 7494 1518
is_linear=0
shrinkage=0.05


Tree=124
num_leaves=15
num_cat=0
split_feature=37 27 0 4 16 21 23 21 30 22 56 25 47 19
split_gain=1.71331 1.91788 1.79152 2.85322 3.97408 1.77554 2.07943 1.76271 2.81831 1.7062 2.34143 1.63148 1.53573 1.82824
threshold=45.500000000000007 20.650000572204593 28.150000572204593 46.750000000000007 18.550000190734867 179.50000000000003 0.89499998092651378 65.500000000000014 157.50000000000003 901.50000000000011 70.200000762939467 16.050000190734867 6.7166664600372323 198.59999847412112
decision_type=2 2 2 2 2 2 2 2 8 2 2 2 2 2
left_child=1 -1 3 7 -5 6 9 -2 -9 10 -3 -8 -4 -14
right_child=2 5 12 4 -6 -7 11 8 -10 -11 -12 -13 13 -15
leaf_value=-0.0031990355940033884 -0.0014892222288916807 -5.0303343548715174e-05 2.2360133102059491e-05 0.0081102182170013828 0.0016409745676702052 -0.00074867909391181466 0.0022734453753094556 0.0067330758284309096 0.0003783509332321727 -0.00096500321869689174 0.003154961016219131 -0.0013768456908129793 -0.00052438754946791178 0.00060281346668966717
leaf_weight=461 371 2258 10852 77 139 1643 92 83 866 904 110 56 6693 607
leaf_count=461 371 2258 10852 77 139 1643 92 83 866 904 110 56 6693 607
internal_value=-0.000319563 -0.00109686 -0.000101027 0.00153299 0.00672566 -0.000811158 -0.000160351 0.000639097 0.00177789 -0.000429617 0.000277543 0.00544304 -0.000240063 -0.000800275
internal_weight=25212 5524 19688 1536 216 5063 3420 1320 949 3272 2368 148 18152 7300
internal_count=25212 5524 19688 1536 216 5063 3420 1320 949 3272 2368 148 18152 7300
is_linear=0
shrinkage=0.05


Tree=125
num_leaves=15
num_cat=0
split_feature=2 25 49 23 51 33 33 52 25 13 50 48 29 21
split_gain=2.28125 4.31382 3.54959 4.37803 2.66212 1.99276 3.07701 2.20611 1.86935 3.80012 2.81512 1.97481 1.93089 1.70014
threshold=57.45000076293946 16.44999980926514 97.500000000000014 0.64499998092651378 -0.12940952181816107 0.65000000596046459 1.0500000119209292 0.99552232027053844 39.850000381469734 60.655355453491218 -1.0000000180025095e-35 -1.9499999880790708 5.9500000476837167 224.50000000000003
decision_type=2 2 10 2 2 2 2 2 2 2 2 2 2 2
left_child=1 -1 4 -4 13 7 -7 -3 12 -10 11 -11 -6 -2
right_child=2 5 3 -5 8 6 -8 -9 9 10 -12 -13 -14 -15
leaf_value=-0.00012418609581824373 0.00041254205987353333 0.00031837472848131668 -0.0032095574577220803 -2.0228036857314333e-05 -8.684060577449761e-05 0.0058183344906075837 0.0011879142002770057 0.0047269020374089725 0.0020739694310021807 -0.00028869507087261718 -0.00044711344332328359 0.00077572730341648891 -0.00083609825662417847 -0.0007663618586904251
leaf_weight=11009 2438 1938 1559 1241 2688 84 373 55 82 164 514 234 2661 250
leaf_count=11009 2438 1938 1559 1241 2688 84 373 55 82 164 514 234 2661 250
internal_value=-0.000326088 0.000119161 -0.000832279 -0.00238434 -0.000348967 0.00201219 0.00495717 0.00131553 -0.000907446 0.0010757 9.76127e-05 0.00321078 -0.00127729 0.000967382
internal_weight=25290 13459 11831 2800 9031 2450 457 1993 6343 994 912 398 5349 2688
internal_count=25290 13459 11831 2800 9031 2450 457 1993 6343 994 912 398 5349 2688
is_linear=0
shrinkage=0.05


Tree=126
num_leaves=15
num_cat=0
split_feature=2 47 51 26 28 37 26 8 51 17 6 48 15 2
split_gain=1.9312 2.33714 2.28108 3.10278 3.60852 3.19423 2.52639 2.33901 2.33345 4.75884 3.33677 2.63432 2.81024 3.30109
threshold=50.149999618530281 10.216666698455812 -0.7865660786628722 0.68134531378746044 51.500000000000007 84.500000000000014 0.73644965887069713 59.350000381469734 0.37940952181816107 19.94999980926514 37.199998855590827 -1.5500000119209287 88.599998474121108 83.700000762939467
decision_type=2 2 2 2 2 2 2 2 2 2 2 2 2 2
left_child=1 -1 3 4 -2 -5 -7 -6 -4 -10 -11 -12 -13 -14
right_child=2 -3 8 5 7 6 -8 -9 9 10 11 12 13 -15
leaf_value=0.00020656775175335849 -0.0015020804563301512 -0.0005989847055236163 0.00011269452620332984 -0.0031406380424052098 -0.00017135801848375303 0.0013916508375349742 -0.003318249135598729 0.0016527653466816752 -0.0010237055910920264 0.0024411511954218574 -0.0011007936692435873 -0.00096734044572393965 0.0022019866412303548 7.9731983927350795e-05
leaf_weight=8621 456 2476 5396 1691 427 103 72 383 2469 88 955 436 382 1310
leaf_count=8621 456 2476 5396 1691 427 103 72 383 2469 88 955 436 382 1310
internal_value=-0.000321465 0.000172413 -0.000708141 -0.00189688 1.56728e-05 -0.00318763 0.00310811 0.00201219 -0.000369366 -0.00107965 0.000202765 -8.56785e-05 0.000893357 0.00181551
internal_weight=25265 11097 14168 3132 1266 1866 175 810 11036 5640 3171 3083 2128 1692
internal_count=25265 11097 14168 3132 1266 1866 175 810 11036 5640 3171 3083 2128 1692
is_linear=0
shrinkage=0.05


Tree=127
num_leaves=15
num_cat=0
split_feature=17 47 24 49 34 34 40 42 49 23 1 22 0 1
split_gain=2.30962 2.5504 1.99879 3.07453 2.80202 2.59064 2.58542 2.17351 2.82739 4.23399 2.60335 2.16176 1.9451 1.92568
threshold=85.15000152587892 6.058333396911622 78.500000000000014 22.500000000000004 -1.0500000119209287 -2.8500000238418575 978.85000610351574 6.8500001430511483 117.50000000000001 0.78499999642372142 55.250000000000007 446.50000000000006 27.44999980926514 25.050000190734867
decision_type=2 2 2 10 2 2 2 2 10 2 2 2 2 2
left_child=2 -2 7 12 5 -5 11 8 -1 10 -10 -7 -4 -9
right_child=1 -3 3 4 -6 6 -8 13 9 -11 -12 -13 -14 -15
leaf_value=8.6681692764174374e-05 0.00010021443790635651 0.0014193418576336249 0.0035166938918930789 0.00037993728981073677 0.00024544235241312978 0.0016252610121761724 -0.00016684832254077687 0.0005296925442201967 -0.00017157335266479879 0.0006543540194899201 -0.0035561517371972156 0.0077113102043052488 -0.00042181174857093751 -0.00051473878510562433
leaf_weight=9866 388 127 155 183 879 59 50 1322 852 485 1169 95 1651 8017
leaf_count=9866 388 127 155 183 879 59 50 1322 852 485 1169 95 1651 8017
internal_value=-0.000282125 0.003 -0.000351512 0.000840362 0.00271943 0.00620907 0.00995327 -0.000520465 -8.56093e-05 -0.00158188 -0.0025874 0.0129878 -0.000484583 -0.00109584
internal_weight=25298 515 24783 3072 1266 387 204 21711 12372 2506 2021 154 1806 9339
internal_count=25298 515 24783 3072 1266 387 204 21711 12372 2506 2021 154 1806 9339
is_linear=0
shrinkage=0.05


Tree=128
num_leaves=15
num_cat=0
split_feature=45 2 43 20 30 17 23 25 48 45 2 24 25 43
split_gain=2.32067 2.03633 2.03714 3.312 2.5239 2.28165 1.84234 2.454 3.16741 2.06944 1.90683 2.57667 1.8248 1.78309
threshold=-3.236080408096313 21.050000190734867 47.500000000000007 35.649999618530281 82.500000000000014 45.350000381469734 0.54500001668930065 15.34999990463257 1.9499999880790713 2.5649960041046147 57.800001144409187 39.500000000000007 8.2500000000000018 192.50000000000003
decision_type=2 2 10 2 8 2 2 2 2 2 2 2 2 10
left_child=-1 -2 -3 4 12 6 -6 8 -8 -10 11 -11 -4 -5
right_child=1 2 3 13 5 -7 7 -9 9 10 -12 -13 -14 -15
leaf_value=-0.00044494275443234194 0.0014944785412167553 0.00017483728767337748 0.0030233280979966764 -0.00040758732530869133 -0.00057184091655355397 0.0047891078986771161 -0.00045567461109852632 0.00048557353296083919 -0.00048811446474922158 0.0015576356432168974 -0.000479364962340964 0.0098982531169190899 0.00048521162096153711 -0.0020039879535898868
leaf_weight=7403 710 5388 114 2969 2345 58 2674 1367 225 134 71 97 440 1265
leaf_count=7403 710 5388 114 2969 2345 58 2674 1367 225 134 71 97 440 1265
internal_value=-0.000344283 -3.55416e-05 -0.00014484 -0.000513639 0.000116124 -0.000143963 -0.000233282 0.000351681 -0.000406417 0.00310056 0.00573718 0.00786307 0.00333333 -0.00163054
internal_weight=25260 17857 17147 11759 7525 6971 6913 4568 3201 527 302 231 554 4234
internal_count=25260 17857 17147 11759 7525 6971 6913 4568 3201 527 302 231 554 4234
is_linear=0
shrinkage=0.05


Tree=129
num_leaves=15
num_cat=0
split_feature=3 44 11 2 50 26 20 30 45 22 38 3 9 8
split_gain=2.17044 1.96135 1.80328 2.64861 2.39076 2.32027 2.11305 3.44598 1.81924 1.69795 4.51194 1.68819 1.65283 1.6107
threshold=91.15000152587892 2.1166771650314335 40.187500000000007 33.45000076293946 0.78656607866287243 0.51287591457366954 47.149999618530281 142.50000000000003 -0.40378719568252558 3966.5000000000005 15.050000190734865 79.500000000000014 15.84999990463257 38.45000076293946
decision_type=2 2 2 2 2 2 2 10 2 2 2 2 2 2
left_child=2 -2 3 6 -5 -6 8 13 12 -4 11 -11 -1 -8
right_child=1 -3 9 4 5 -7 7 -9 -10 10 -12 -13 -14 -15
leaf_value=0.0023270128499595999 -0.00010428084444311854 -0.00084929698292320684 7.3803081613091771e-05 -0.0014325436523010011 0.0070379510534434022 -0.00014453031833023034 0.0027774775899102508 0.0053148577596644105 0.00061588609195043431 -0.00073698588073495231 0.0022940579262043332 0.00082730582106174926 -0.00095819254914227795 -0.00048930316013074922
leaf_weight=194 4075 1842 13190 1737 61 617 132 89 1187 141 97 57 1819 172
leaf_count=194 4075 1842 13190 1737 61 617 132 89 1187 141 97 57 1819 172
internal_value=-0.000247838 -0.00108571 6.92082e-06 -0.000712863 -0.00198969 0.000523255 0.000148486 0.00356079 -0.000280375 0.000327898 0.00401639 -0.000432693 -0.00119377 0.000891719
internal_weight=25410 5917 19493 6008 2415 678 3593 393 3200 13485 295 198 2013 304
internal_count=25410 5917 19493 6008 2415 678 3593 393 3200 13485 295 198 2013 304
is_linear=0
shrinkage=0.05


Tree=130
num_leaves=15
num_cat=0
split_feature=3 56 48 6 56 26 29 0 29 37 19 56 33 14
split_gain=2.59805 2.95096 2.82275 2.52976 2.44045 2.37217 2.18673 2.52826 2.05596 3.19494 2.01932 1.89762 2.07469 1.8537
threshold=84.200000762939467 57.649999618530281 0.55000001192092907 70.40000152587892 86.000000000000014 0.65772810578346264 12.250000000000002 30.550000190734867 1.7500000000000002 77.500000000000014 159.94999694824222 111.40000152587892 2.2500000000000004 28.950079917907718
decision_type=2 2 2 2 2 2 2 2 2 2 2 2 2 2
left_child=1 -1 3 6 5 -4 7 -3 9 -5 -10 12 -2 -6
right_child=11 2 4 8 13 -7 -8 -9 10 -11 -12 -13 -14 -15
leaf_value=-0.00013029009179070335 -0.00073980332507601909 0.005110015991037894 0.0014352707255079816 -7.6259088093976439e-05 0.0022378816355356542 -0.00039286221142730395 -0.002329791348008853 0.00058279469144202839 -0.00045078338568216688 0.0023415182495631209 0.00095907004434480584 -2.8466548127669367e-05 0.00057130947345562875 -0.00058288739741277644
leaf_weight=12373 3464 134 492 104 260 455 158 1908 2313 55 234 3145 167 50
leaf_count=12373 3464 134 492 104 260 455 158 1908 2313 55 234 3145 167 50
internal_value=-0.000213649 9.27412e-05 0.000985743 0.000441415 0.00308998 0.00179206 0.00169683 0.00213938 -0.000581739 0.00476331 -0.000932735 -0.00105069 -0.0018278 0.006875
internal_weight=25312 18536 6163 4906 1257 947 2200 2042 2706 159 2547 6776 3631 310
internal_count=25312 18536 6163 4906 1257 947 2200 2042 2706 159 2547 6776 3631 310
is_linear=0
shrinkage=0.05


Tree=131
num_leaves=15
num_cat=0
split_feature=23 49 50 1 29 19 8 30 53 50 21 15 36 38
split_gain=1.9108 3.69277 2.18287 2.16222 1.87985 2.31997 3.00028 2.67439 2.06635 2.36691 1.85903 1.849 1.71031 2.54648
threshold=0.42499999701976782 57.500000000000007 -0.98296290636062611 32.549999237060554 12.449999809265138 21.750000000000004 34.649999618530281 412.50000000000006 0.92191100120544445 0.91597560048103344 209.50000000000003 72.500000000000014 31.050000190734867 21.349999427795414
decision_type=2 10 2 2 2 2 2 10 2 2 2 2 2 2
left_child=1 4 -2 11 5 6 7 -1 9 -7 12 -3 13 -4
right_child=2 3 10 -5 -6 8 -8 -9 -10 -11 -12 -13 -14 -15
leaf_value=0.010622217643939818 -0.0012118628570441338 -0.00082609750184049931 0.00017269669963499183 -0.0023594591357062179 -0.002010254889135075 -0.00031149772925771968 -0.0015350468719882828 0.0031371378977910268 0.00041539639255213777 0.0005995780828741853 -0.0005374102802405468 0.0017363689172103668 0.00047580569097661961 -0.00042103500963192346
leaf_weight=51 738 479 7153 1562 446 4735 128 107 796 945 1047 87 3033 3996
leaf_count=51 738 479 7153 1562 446 4735 128 107 796 945 1047 87 3033 3996
internal_value=-0.000221824 -0.000789644 0.00011047 -0.00261459 -0.000247992 -3.83946e-05 0.00429054 0.00869048 -0.000235894 -0.000571179 0.000239844 3.47211e-05 0.00039036 0.000103503
internal_weight=25303 9336 15967 2128 7208 6762 286 158 6476 5680 15229 566 14182 11149
internal_count=25303 9336 15967 2128 7208 6762 286 158 6476 5680 15229 566 14182 11149
is_linear=0
shrinkage=0.05


Tree=132
num_leaves=15
num_cat=0
split_feature=23 50 50 43 3 36 3 5 51 41 3 0 15 5
split_gain=2.07165 3.44789 2.2799 1.74995 1.95725 2.01762 2.8224 2.97276 1.86537 1.7852 1.64598 3.04749 2.47722 3.3976
threshold=0.31499999761581426 0.91597560048103344 -0.6035533845424651 1697.5000000000002 166.00000000000003 12.050000190734865 41.649999618530281 146.90000152587893 1.0000000180025095e-35 99.500000000000014 66.250000000000014 45.000000000000007 90.90000152587892 37.549999237060554
decision_type=2 2 2 10 2 2 2 2 2 2 2 2 2 2
left_child=1 2 -1 4 5 6 -2 8 -8 10 12 -12 -7 -14
right_child=3 -3 -4 -5 -6 9 7 -9 -10 -11 11 -13 13 -15
leaf_value=4.0598751214607887e-05 0.0051406743521469934 0.00053008177975470813 -0.00093513784604408847 -0.00061546352190198345 -0.00045088978662430096 8.9264124190988484e-05 0.0016411572116684107 0.0010505718943138536 -0.00023390949059012964 -0.00056871984496987443 0.0021857287186085807 -0.00017827480964481839 0.0049219317696164088 0.00072804195510098378
leaf_weight=1282 53 747 3310 1030 1401 6961 216 389 646 2188 129 4952 88 1936
leaf_count=1282 53 747 3310 1030 1401 6961 216 389 646 2188 129 4952 88 1936
internal_value=-0.000256138 -0.00113012 -0.00164277 -2.22523e-05 8.72464e-05 0.000231101 0.00211568 0.00158208 -6.88085e-05 7.87002e-05 0.000285591 -0.000433118 0.00069205 0.00222714
internal_weight=25328 5339 4592 19989 18959 17558 1304 1251 862 16254 14066 5081 8985 2024
internal_count=25328 5339 4592 19989 18959 17558 1304 1251 862 16254 14066 5081 8985 2024
is_linear=0
shrinkage=0.05


Tree=133
num_leaves=15
num_cat=0
split_feature=48 24 18 23 2 57 43 44 30 48 2 25 57 36
split_gain=1.97341 2.30996 1.78927 1.63685 1.38529 2.05852 1.98545 2.13565 1.57521 2.97895 2.07609 2.74864 1.94159 2.09944
threshold=4.5499999523162851 46.500000000000007 -1.3499999642372129 0.9350000023841859 196.05000305175784 174.69999694824222 107.50000000000001 1.4121844768524172 17.500000000000004 -1.3499999642372129 83.000000000000014 20.250000000000004 117.2333335876465 22.349999427795414
decision_type=2 2 2 2 2 2 8 2 8 2 2 2 2 2
left_child=4 3 -3 -2 5 8 -7 -8 9 -1 11 -10 -12 -14
right_child=1 2 -4 -5 -6 6 7 -9 10 -11 12 -13 13 -15
leaf_value=-0.00037913210240269729 -0.0029857416056977212 0.0070700593247563677 -0.0011490354696410672 0.0010926373857365502 -0.00059238861490229283 0.00012057411853385459 0.00028484870673614891 0.0023608393600108215 -0.00011171111744718375 0.00059187489391457706 -0.00063867312135338131 0.00043488676322365441 -6.2714669689639731e-05 0.00088878124910874139
leaf_weight=316 1106 89 107 57 723 531 113 66 15029 479 3160 2318 1212 92
leaf_count=316 1106 89 107 57 723 531 113 66 15029 479 3160 2318 1212 92
internal_value=-0.00030463 -0.00215121 0.00276699 -0.00299659 -0.000199386 -0.000132043 0.0025 0.00690476 -0.000215778 0.00195652 -0.000295817 -4.81086e-05 -0.00125615 0.000365296
internal_weight=25398 1359 196 1163 24039 23316 710 179 22606 795 21811 17347 4464 1304
internal_count=25398 1359 196 1163 24039 23316 710 179 22606 795 21811 17347 4464 1304
is_linear=0
shrinkage=0.05


Tree=134
num_leaves=15
num_cat=0
split_feature=57 7 17 17 3 57 17 8 54 26 52 43 24 21
split_gain=2.43908 2.70201 2.18262 2.92412 2.09279 3.40942 2.51345 1.8585 1.79996 2.08688 1.74415 2.46398 2.3641 2.79789
threshold=33.583332061767585 30.550000190734867 5.1499998569488534 2.9500000476837163 173.94999694824222 174.69999694824222 -78.899997711181626 227.44999694824222 5.5000000000000009 0.93782794475555431 -0.31799228489398951 41.875000000000007 79.500000000000014 152.50000000000003
decision_type=2 2 2 2 2 2 2 2 2 2 2 8 2 2
left_child=-1 2 3 -2 5 6 8 -7 -3 -10 -8 -12 -13 -14
right_child=1 4 -4 -5 -6 7 10 -9 9 -11 11 12 13 -15
leaf_value=-0.00066236531851413742 0.0011221733592853753 -0.00020807275617693586 -0.000114333484764371 0.0075800724520495855 -0.00066000626827071303 0.001020560904350368 -0.00021753099950279844 -0.00017626943924590875 0.00044946343496579937 0.002983215643347224 0.00059053997902382659 -0.00016395233669350674 0.0011998480854511565 -0.00035064600602090944
leaf_weight=3981 850 144 432 53 1279 459 8360 154 117 110 1388 6463 938 551
leaf_count=3981 850 144 432 53 1279 459 8360 154 117 110 1388 6463 938 551
internal_value=-0.000169838 4.27058e-05 0.00221189 0.00359803 -0.000103391 3.10248e-05 -9.42991e-05 0.00366774 0.00392388 0.00660337 -0.00018069 0.000288769 -5.14958e-05 0.00173782
internal_weight=25279 21298 1335 903 19963 18684 18071 613 371 227 17700 9340 7952 1489
internal_count=25279 21298 1335 903 19963 18684 18071 613 371 227 17700 9340 7952 1489
is_linear=0
shrinkage=0.05


Tree=135
num_leaves=15
num_cat=0
split_feature=2 57 25 25 34 18 24 3 38 41 57 29 45 51
split_gain=2.25179 3.1678 2.78536 2.63306 2.05213 2.02522 2.17675 1.76978 2.14011 1.72975 1.84546 1.5247 1.49889 1.66261
threshold=55.350000381469734 51.616666793823249 43.149999618530281 15.150000095367433 -1.9499999880790708 19.750000000000004 2.5000000000000004 58.149999618530281 12.750000000000002 98.500000000000014 63.583332061767585 0.75000000000000011 2.318596720695496 0.91597560048103344
decision_type=2 2 2 2 2 2 2 2 2 2 2 2 2 2
left_child=3 2 -2 12 9 7 -7 -5 -9 10 -3 -6 -1 -14
right_child=1 4 -4 5 11 6 -8 8 -10 -11 -12 -13 13 -15
leaf_value=-0.00025063393998811908 -0.00096969225709783106 0.0019421961150876796 0.0014533695834065641 0.00024158379786522264 0.00051878128617004746 0.0028572110709347031 0.00074359436551146157 0.00053724166146562689 0.0013808657958019478 -0.00052926152617757455 0.00056104988315897422 -0.00018408157233668074 0.00057522499762956288 -0.0014948848412038799
leaf_weight=7457 2572 135 69 2366 182 95 234 102 74 220 603 8650 2368 290
leaf_count=7457 2572 135 69 2366 182 95 234 102 74 220 603 8650 2368 290
internal_value=-0.000251112 -0.000731856 -0.00226518 0.000209294 -0.000316328 0.00154287 0.00517699 0.00105407 0.00575269 0.00186983 0.00302139 -0.000555305 -0.000170372 0.000847075
internal_weight=25417 12431 2641 12986 9790 2871 329 2542 176 958 738 8832 10115 2658
internal_count=25417 12431 2641 12986 9790 2871 329 2542 176 958 738 8832 10115 2658
is_linear=0
shrinkage=0.05


Tree=136
num_leaves=15
num_cat=0
split_feature=56 1 18 3 56 29 49 51 12 49 47 50 28 26
split_gain=1.73923 2.30453 1.94266 1.90015 2.24307 1.85844 1.81494 2.52904 1.76468 1.74018 1.73682 1.7247 3.3559 4.51747
threshold=47.649999618530281 54.149999618530281 13.250000000000002 80.450000762939467 132.00000000000003 15.84999990463257 77.500000000000014 0.37940952181816107 80.898612976074233 117.50000000000001 3.1166666746139531 0.60355338454246532 60.500000000000007 0.69275084137916576
decision_type=2 2 2 2 2 2 8 2 2 8 2 2 2 2
left_child=1 2 8 11 5 6 7 -5 -1 -3 -4 -2 13 -13
right_child=3 9 10 4 -6 -7 -8 -9 -10 -11 -12 12 -14 -15
leaf_value=-0.00034397976383606201 4.2075693765480156e-05 -0.0003047615077780714 0.0027857079295872805 0.00024074735709907875 0.00010653591369733654 0.0063339258423153206 -0.0013411879217338448 -0.00054407885723595803 0.0012358094757005337 -0.0022699799988109108 0.0003024949209575415 0.0054422548495308993 0.00027892543383954048 -0.0010548322537061363
leaf_weight=6991 6318 1059 113 1337 2401 50 1505 1276 78 1043 961 285 1815 145
leaf_count=6991 6318 1059 113 1337 2401 50 1505 1276 78 1043 961 285 1815 145
internal_value=-0.000255447 -0.000758168 -0.000375936 8.51923e-05 -0.000554037 -0.00125419 -0.00137839 -0.000577584 -0.000677357 -0.00223011 0.00159594 0.000575643 0.00176275 0.00568182
internal_weight=25377 10245 8143 15132 6569 4168 4118 2613 7069 2102 1074 8563 2245 430
internal_count=25377 10245 8143 15132 6569 4168 4118 2613 7069 2102 1074 8563 2245 430
is_linear=0
shrinkage=0.05


Tree=137
num_leaves=15
num_cat=0
split_feature=57 2 6 49 17 2 56 6 13 15 22 16 26 24
split_gain=2.53343 2.53218 2.20334 2.37055 1.71044 1.66702 2.51959 2.45165 1.88547 1.83763 1.87615 3.27394 3.11787 3.04743
threshold=174.69999694824222 112.34999847412111 176.75000000000003 17.500000000000004 81.599998474121108 27.94999980926514 28.550000190734867 28.150000572204593 45.468750000000007 60.899999618530281 757.50000000000011 23.349999427795414 0.61293309926986705 18.500000000000004
decision_type=2 2 2 8 2 2 2 2 2 2 2 2 2 2
left_child=1 4 3 -2 5 -1 -7 8 -8 -9 11 12 -11 -13
right_child=2 -3 -4 -5 -6 6 7 9 -10 10 -12 13 -14 -15
leaf_value=0.00044689771721173648 0.0006635178901604476 -0.00046843476495193751 0.00010497148568609022 0.0017614739097082074 0.0011079785580503255 -0.00086556195670788559 0.00034401580902356427 -0.00067600748835313881 0.0035980673527227997 0.0082155955860398252 -0.00012793065118187717 0.00064091805013317472 0.0010976137955597239 -0.00021181761491105103
leaf_weight=3194 266 3169 714 99 91 1912 241 2712 164 147 7873 1725 256 2912
leaf_count=3194 266 3169 714 99 91 1912 241 2712 164 147 7873 1725 256 2912
internal_value=-0.000197176 -0.000302386 0.00216253 0.00526667 -0.000105242 -0.000136197 -0.000323642 -0.000118455 0.0036747 -0.000219061 2.97907e-05 0.000782177 0.00504842 0.000401333
internal_weight=25475 24396 1079 365 21227 21136 17942 16030 405 15625 12913 5040 403 4637
internal_count=25475 24396 1079 365 21227 21136 17942 16030 405 15625 12913 5040 403 4637
is_linear=0
shrinkage=0.05


Tree=138
num_leaves=15
num_cat=0
split_feature=24 21 49 9 15 48 40 21 26 42 0 31 2 25
split_gain=2.17386 4.61387 3.07688 2.71644 2.60341 2.36928 2.13399 2.50438 2.27786 2.02139 1.94076 1.75063 1.63296 1.8772
threshold=77.500000000000014 188.50000000000003 52.500000000000007 42.649999618530281 129.69999694824222 4.5499999523162851 995.14999389648449 81.500000000000014 0.69717764854431163 6.8500001430511483 27.44999980926514 -7.1261327266693106 55.000000000000007 30.849999427795414
decision_type=2 2 10 2 2 2 2 2 2 2 2 2 2 2
left_child=5 2 4 -4 10 6 9 8 -8 -1 -2 -7 -11 -14
right_child=1 -3 3 -5 -6 11 7 -9 -10 12 -12 -13 13 -15
leaf_value=2.4504855658082943e-05 0.0048638748238649067 -0.00072484454448817036 0.00046482717048232049 0.001911697628714959 0.0016620924616792153 0.00065181230187641437 0.0021406379867937677 -0.0014176134720493411 0.00091501912744598756 -0.00019799053732474231 -0.00013309106738311531 -0.0024576789583890539 -0.00083194700068518887 4.638866829388951e-05
leaf_weight=11619 135 681 358 478 95 131 65 102 172 5735 1368 1124 2678 718
leaf_count=11619 135 681 358 478 95 131 65 102 172 5735 1368 1124 2678 718
internal_value=-0.000235385 0.000999999 0.00201718 0.00445626 0.000721392 -0.000407982 -0.000281768 0.00359599 0.00633603 -0.000346822 0.000188366 -0.00250988 -0.000903075 -0.00177041
internal_weight=25459 3115 2434 836 1598 22344 21089 339 237 20750 1503 1255 9131 3396
internal_count=25459 3115 2434 836 1598 22344 21089 339 237 20750 1503 1255 9131 3396
is_linear=0
shrinkage=0.05


Tree=139
num_leaves=15
num_cat=0
split_feature=1 20 17 43 41 19 50 16 37 34 16 55 8 20
split_gain=1.66523 2.88712 2.88698 2.6615 2.32376 2.2322 2.10479 2.30066 2.05988 2.5882 3.82326 3.1289 1.97869 1.79172
threshold=39.95000076293946 8.3499999046325701 -10.449999809265135 57.500000000000007 44.500000000000007 58.649999618530281 0.91597560048103344 24.750000000000004 84.500000000000014 0.94999998807907116 19.849999427795414 2.5000000000000004 39.549999237060554 47.149999618530281
decision_type=2 2 2 10 2 2 2 2 2 2 2 2 2 2
left_child=1 -1 3 4 -3 13 7 -2 9 10 11 -5 -7 -4
right_child=6 2 5 8 -6 12 -8 -9 -10 -11 -12 -13 -14 -15
leaf_value=-0.00054756038032388295 -0.0010684174081477878 0.0039506238469852071 -0.00049624690055618907 0.01043211506025505 -0.00090010831627210025 0.0024612258038964416 0.00023467679222228261 -0.00010846909686934911 -0.0013951321254857653 -0.00029961706342293104 0.00059229973025128491 0.0028441423878135595 0.00016277725593448524 0.00082200014825828903
leaf_weight=2415 2031 228 2186 71 59 491 2467 13425 208 256 363 84 585 405
leaf_count=2415 2031 228 2186 71 59 491 2467 13425 208 256 363 84 585 405
internal_value=-0.000240074 0.000393288 0.00108572 0.00313135 0.00728956 0.000371225 -0.000499918 -0.000716411 0.00185484 0.00303571 0.00503788 0.0113636 0.0022744 -0.000424838
internal_weight=25274 7351 4936 1269 287 3667 17923 15456 982 774 518 155 1076 2591
internal_count=25274 7351 4936 1269 287 3667 17923 15456 982 774 518 155 1076 2591
is_linear=0
shrinkage=0.05


Tree=140
num_leaves=15
num_cat=0
split_feature=48 2 23 50 50 27 20 49 30 28 3 52 3 19
split_gain=2.09359 1.64934 2.60834 2.20868 1.81242 1.75162 1.5984 1.72854 2.04656 2.96152 2.84787 1.85774 1.42884 1.77394
threshold=7.4500000476837167 20.050000190734867 0.30500000715255743 0.78656607866287243 -0.6035533845424651 35.45000076293946 3.6499999761581425 297.50000000000006 212.50000000000003 29.500000000000004 11.250000000000002 0.8337649703025819 217.94999694824222 304.05000305175787
decision_type=2 2 2 2 2 2 2 10 8 2 2 2 2 2
left_child=1 6 3 4 -3 12 -1 8 9 -8 -10 -11 13 -4
right_child=-2 2 5 -5 -6 -7 7 -9 10 11 -12 -13 -14 -15
leaf_value=-0.0019226841004837307 -0.0061111856889601527 9.7966455775413633e-06 7.1934408058419268e-05 0.00028478720999012516 -0.00094763439511034271 -0.0006791539502446829 -0.00046568566093704969 0.0042848666301962424 0.0036445654483771728 0.0058237602176430632 -0.00042743997436149025 0.002307637123358912 -0.00067987755293724206 0.00085540251496677192
leaf_weight=129 282 869 17385 1097 2406 1446 100 59 92 56 576 66 490 334
leaf_count=129 282 869 17385 1097 2406 1446 100 59 92 56 576 66 490 334
internal_value=-0.000105722 -5.67402e-05 -0.000142906 -0.00124601 -0.00189498 0.000102974 0.00184743 0.00255996 0.00194444 0.00599138 0.000530972 0.0109091 0.000236291 0.000310507
internal_weight=25387 25105 24027 4372 3275 19655 1078 949 890 222 668 122 18209 17719
internal_count=25387 25105 24027 4372 3275 19655 1078 949 890 222 668 122 18209 17719
is_linear=0
shrinkage=0.05


Tree=141
num_leaves=15
num_cat=0
split_feature=6 9 23 51 3 57 25 48 18 4 1 57 25 0
split_gain=1.80991 2.28376 1.66611 3.78694 1.88091 2.63907 1.64178 2.74218 1.64944 4.02798 1.74694 2.73088 2.35322 2.65694
threshold=13.750000000000002 16.849999427795414 0.34499999880790716 -0.7865660786628722 166.00000000000003 120.25000000000001 7.8500001430511483 2.0499999523162846 36.649999618530281 45.699998855590827 76.500000000000014 51.916667938232429 17.849999427795414 43.45000076293946
decision_type=2 2 2 2 2 2 2 2 2 2 2 2 2 2
left_child=1 -1 3 -2 5 6 7 -4 10 -10 11 -8 -13 -14
right_child=2 -3 4 -5 -6 -7 8 -9 9 -11 -12 12 13 -15
leaf_value=0.0034804906974890445 -0.0027761063871285011 0.00058917390731630468 0.00024575579185400371 -8.5968734167309155e-05 -0.00050387469719396171 0.00041199393504448085 -0.00026197846994837655 0.0024715971596390197 0.0029918451358397183 0.00011058736163619301 -0.00046849192435715107 4.7010236428798704e-05 0.0073389499427492857 0.00076667496101369989
leaf_weight=51 1284 270 1366 5014 1367 1736 5999 245 92 776 2703 3417 67 959
leaf_count=51 1284 270 1366 5014 1367 1736 5999 245 92 776 2703 3417 67 959
internal_value=-0.000214152 0.00345921 -0.000262634 -0.000965442 -2.58858e-05 0.00011514 -9.08289e-05 0.00141579 -0.000264923 0.00183371 -0.00040479 -0.000110985 0.000827531 0.00291506
internal_weight=25346 321 25025 6298 18727 17360 15624 1611 14013 868 13145 10442 4443 1026
internal_count=25346 321 25025 6298 18727 17360 15624 1611 14013 868 13145 10442 4443 1026
is_linear=0
shrinkage=0.05


Tree=142
num_leaves=15
num_cat=0
split_feature=3 25 43 56 6 30 24 8 31 35 48 6 56 29
split_gain=1.85036 2.44141 1.98345 1.87129 3.98531 3.20947 1.81527 1.68815 1.64256 1.5476 2.63514 1.84251 2.607 1.87663
threshold=91.849998474121108 27.44999980926514 22.500000000000004 28.94999980926514 24.94999980926514 262.50000000000006 1.0000000180025095e-35 30.250000000000004 3.0978757143020634 2.5000000000000004 -1.3499999642372129 43.850000381469734 62.300001144409187 5.4500000476837167
decision_type=2 2 10 2 2 8 2 2 2 2 2 2 2 2
left_child=1 3 8 -1 5 -5 -6 -4 -3 10 -8 -11 -13 -14
right_child=-2 2 7 4 6 -7 9 -9 -10 11 -12 12 13 -15
leaf_value=-0.00052113941788023183 -0.00023784995866747436 0.00035787684633658569 0.0020590825292148359 0.0054050144280418343 -0.00097637095267950023 0.002298624758406813 -0.0010836363655830452 7.6975127025614203e-05 0.0020790745027457927 0.0014614107112001767 2.0395142388588733e-05 -0.0008768809675272093 0.0020950444255404873 0.00019297207590683642
leaf_weight=3376 5842 183 50 61 651 311 1916 813 53 1461 7626 1572 555 967
leaf_count=3376 5842 183 50 61 651 311 1916 813 53 1461 7626 1572 555 967
internal_value=-0.000298072 -6.50356e-05 0.0022137 -0.000201557 3.63504e-05 0.00507853 -9.41874e-05 0.00107102 0.00617886 2.58725e-05 -0.000336056 0.000783131 9.0205e-05 0.00156005
internal_weight=25437 19595 1099 18496 15120 372 14748 863 236 14097 9542 4555 3094 1522
internal_count=25437 19595 1099 18496 15120 372 14748 863 236 14097 9542 4555 3094 1522
is_linear=0
shrinkage=0.05


Tree=143
num_leaves=15
num_cat=0
split_feature=17 21 2 57 25 19 3 10 29 38 9 34 17 27
split_gain=1.8913 2.28984 1.85582 3.12646 3.03175 2.08051 2.69794 2.63016 2.46229 2.04799 2.74124 1.81742 1.7661 1.84236
threshold=90.100002288818374 29.500000000000004 61.600000381469734 49.983333587646491 13.84999990463257 74.15000152587892 36.250000000000007 34.574998855590827 4.7500000000000009 12.650000095367433 45.000000000000007 -1.9499999880790708 -27.849999427795407 34.049999237060554
decision_type=2 2 2 2 2 2 2 2 2 2 2 2 2 2
left_child=2 -2 4 -4 -1 6 8 -7 9 -6 -11 -5 -9 -14
right_child=1 -3 3 11 5 7 -8 12 -10 10 -12 -13 13 -15
leaf_value=-0.00012267369697752226 0.00013179488492511863 0.00084652160046054341 -0.0010108772918766289 0.00052230494289373099 -5.280449995437377e-05 0.0049937620524385679 -0.00030088453764596552 0.0012686504781444297 0.00021642412291141954 0.0007606052436434454 0.0048117178036993086 -0.00011291935961737213 0.00074365890924572799 -0.0006597414055557147
leaf_weight=10018 356 78 1709 804 104 74 1564 110 549 101 98 7807 1671 299
leaf_count=10018 356 78 1709 804 104 74 1564 110 549 101 98 7807 1671 299
internal_value=-0.000126618 0.00310811 -0.000184205 -0.000697 0.00017879 0.00124454 0.000234953 0.00237061 0.0024826 0.00602236 0.0088756 -0.00030797 0.00200957 0.00164141
internal_weight=25342 434 24908 10320 14588 4570 2416 2154 852 303 199 8611 2080 1970
internal_count=25342 434 24908 10320 14588 4570 2416 2154 852 303 199 8611 2080 1970
is_linear=0
shrinkage=0.05


Tree=144
num_leaves=15
num_cat=0
split_feature=17 3 34 45 17 52 38 32 47 38 22 1 30 3
split_gain=2.70662 2.1644 2.70209 2.68759 1.91795 2.22416 3.29464 2.70278 2.2677 2.2476 4.05691 3.65604 2.22825 2.16845
threshold=90.100002288818374 171.1499938964844 -0.94999998807907093 -0.36280825734138483 -73.700000762939439 0.29342973232269293 16.94999980926514 -11.873572349548338 6.4583332538604745 15.949999809265138 3234.5000000000005 125.9499969482422 447.50000000000006 57.45000076293946
decision_type=2 2 2 2 2 2 2 2 2 2 2 2 10 2
left_child=4 2 -2 -4 -1 7 -7 -6 9 -9 -11 -12 13 -8
right_child=1 -3 3 -5 5 6 12 8 -10 10 11 -13 -14 -15
leaf_value=0.00058323237108790415 -0.00023488778712502467 -0.00025977896649102714 8.6507660955349172e-05 0.00088524069343388348 0.0030523238461773517 -7.8587805269569066e-06 0.0032993290291236294 -0.00028358148811505828 -0.00049000645293734309 1.2964519822674114e-05 0.0022190647788237657 -0.0009995297589606674 -0.00077511961461532901 0.00027682705866113226
leaf_weight=688 66 146 95 123 78 8627 494 2928 6219 5032 185 102 252 333
leaf_count=688 66 146 95 123 78 8627 494 2928 6219 5032 185 102 252 333
internal_value=-0.000137522 0.00375 0.00622449 0.00881579 -0.00020603 -0.000280298 0.00030568 -0.000671294 -0.000723958 -0.000179849 0.000432538 0.00611111 0.00289715 0.00413978
internal_weight=25368 430 284 218 24938 24250 9706 14544 14466 8247 5319 287 1079 827
internal_count=25368 430 284 218 24938 24250 9706 14544 14466 8247 5319 287 1079 827
is_linear=0
shrinkage=0.05


Tree=145
num_leaves=15
num_cat=0
split_feature=1 56 6 56 25 48 0 48 24 9 18 12 27 50
split_gain=2.11514 2.77079 3.69168 2.7074 2.39301 2.32961 2.25371 1.89477 1.84216 2.17652 1.83175 1.75152 1.69726 1.66585
threshold=51.649999618530281 30.349999427795414 30.250000000000004 91.40000152587892 18.150000572204593 2.3500000238418584 30.550000190734867 -1.3499999642372129 54.500000000000007 60.649999618530281 6.1499998569488534 49.09791564941407 27.150000572204593 -0.6035533845424651
decision_type=2 2 2 2 2 2 2 2 2 2 2 2 2 2
left_child=1 -1 6 5 -4 7 -3 -2 -7 -10 -9 -6 -5 -14
right_child=3 2 4 12 11 8 -8 10 9 -11 -12 -13 13 -15
leaf_value=-0.00036755027671154399 -0.0012539203863479878 0.0038973640317591911 2.3943402632741906e-05 -8.9081891811738105e-06 0.0043412231752090347 -0.0026023751032220564 0.0008249673763866699 -0.0005419004408446531 -0.00038219751803955025 0.0032419951867221353 0.00012138989600758127 0.00041318182594784428 -0.00026024541643590625 0.0015539176053108311
leaf_weight=3445 1571 416 6580 4777 217 1524 399 2094 197 65 2920 669 216 396
leaf_count=3445 1571 416 6580 4777 217 1524 399 2094 197 65 2920 669 216 396
internal_value=-0.000193365 0.000299931 0.00079544 -0.000613654 0.000444087 -0.00117588 0.0039697 -0.000739198 -0.00277283 0.00106618 -0.00026274 0.0028683 0.000260232 0.00271704
internal_weight=25486 11726 8281 13760 7466 8371 815 6585 1786 262 5014 886 5389 612
internal_count=25486 11726 8281 13760 7466 8371 815 6585 1786 262 5014 886 5389 612
is_linear=0
shrinkage=0.05


Tree=146
num_leaves=15
num_cat=0
split_feature=17 48 17 3 15 19 12 8 47 5 11 17 31 47
split_gain=1.8082 1.76913 1.79266 1.96538 2.08171 2.73194 2.28775 1.95407 1.76307 1.72216 2.1646 1.65436 2.16673 1.53357
threshold=-73.700000762939439 7.3500001430511483 90.100002288818374 84.200000762939467 101.15000152587892 220.50000000000003 49.09791564941407 88.599998474121108 5.2583334445953378 125.50000000000001 102.80625152587892 -41.950000762939446 3.2046937942504887 3.6166666746139531
decision_type=2 2 2 2 2 2 2 2 2 2 2 2 2 2
left_child=9 2 3 4 11 6 -6 -4 -5 10 -1 12 -2 -8
right_child=1 -3 7 8 5 -7 13 -9 -10 -11 -12 -13 -14 -15
leaf_value=0.00070146134530725849 0.0022887999564718004 -0.0052922283599720473 0.00086552793689347843 -5.6916220428604191e-05 0.0030563218457230583 0.0030020011671786297 -0.00022984730484339641 0.00014725993644422832 -0.00064925430354261914 4.8402898153042101e-05 0.0066840985553187383 -0.00014131772885579867 -0.00045233860112824759 0.00036657331112390699
leaf_weight=159 130 284 89 2908 119 59 622 320 2771 461 62 14734 105 2456
leaf_count=159 130 284 89 2908 119 59 622 320 2771 461 62 14734 105 2456
internal_value=-0.000223221 -0.000294023 -0.000247298 -0.000304007 -5.07278e-05 0.00109308 0.000877766 0.00299523 -0.00111531 0.00229769 0.00582251 -0.000300088 0.00377551 0.00060233
internal_weight=25279 24597 24313 23904 18225 3256 3197 409 5679 682 221 14969 235 3078
internal_count=25279 24597 24313 23904 18225 3256 3197 409 5679 682 221 14969 235 3078
is_linear=0
shrinkage=0.05


Tree=147
num_leaves=15
num_cat=0
split_feature=23 51 1 4 49 34 51 23 8 9 0 3 47 36
split_gain=2.28103 3.19855 2.14143 1.76354 1.63817 1.49718 1.93498 2.31058 2.21256 1.68538 2.23438 1.42569 1.53086 1.3666
threshold=0.34499999880790716 -0.7865660786628722 19.650000572204593 168.35000610351565 -1742.4999999999998 -2.0499999523162837 -0.7865660786628722 0.70499998331069957 67.40000152587892 37.899999618530281 51.649999618530281 92.799999237060561 8.2166666984558123 15.250000000000002
decision_type=2 2 2 2 8 2 2 2 2 2 2 2 2 2
left_child=1 2 -1 4 -3 6 7 -2 9 -9 -11 12 -6 -7
right_child=5 3 -4 -5 11 13 -8 8 -10 10 -12 -13 -14 -15
leaf_value=0.0016628026422700064 -2.2611886737677769e-06 0.002645363234902763 -0.0028352792980653654 0.0030207707854232272 5.9844196102630857e-05 0.00020228228844922718 0.00017563892181771939 -0.00080819266720680489 0.0053450165145933343 0.0067796441613312379 -0.00020915512482604814 -0.00080091880032763952 -0.00075666958413998916 -0.00013372847972841902
leaf_weight=93 247 87 1203 64 3066 2820 1925 72 92 90 63 564 1347 13546
leaf_count=93 247 87 1203 64 3066 2820 1925 72 92 90 63 564 1347 13546
internal_value=-0.000254855 -0.00106777 -0.00327718 -0.000504088 -0.000614901 2.25273e-05 0.00116246 0.0037108 0.00646789 0.00351064 0.00634969 -0.000738922 -0.000432965 -0.000151442
internal_weight=25279 6424 1296 5128 5064 18855 2489 564 317 225 153 4977 4413 16366
internal_count=25279 6424 1296 5128 5064 18855 2489 564 317 225 153 4977 4413 16366
is_linear=0
shrinkage=0.05


Tree=148
num_leaves=15
num_cat=0
split_feature=1 57 15 14 24 20 15 24 21 17 6 11 1 0
split_gain=1.71777 2.44405 2.1755 2.84959 1.97962 2.15137 2.05145 1.81902 2.92524 1.80606 2.36537 2.35186 2.1325 2.97271
threshold=39.95000076293946 51.616666793823249 57.350000381469734 7.7870078086853036 139.50000000000003 47.149999618530281 48.95000076293946 320.00000000000006 112.50000000000001 31.44999980926514 38.45000076293946 41.243749618530281 53.149999618530281 53.750000000000007
decision_type=2 2 2 2 2 2 2 2 2 2 2 2 2 2
left_child=2 9 4 -4 5 -1 -7 -3 -9 12 11 -11 13 -2
right_child=1 7 3 -5 -6 6 -8 8 -10 10 -12 -13 -14 -15
leaf_value=-0.0003889521150264953 -0.00038074937740857287 -5.9046109912870475e-05 0.0062256580672876722 0.00047532919761911278 0.0024227007207058937 0.00015811617928411251 0.0035429262639945316 0.0043194831526729505 -0.00021872539647577001 0.00047820044252366823 -0.00024209826938876517 0.0019281491194722755 -0.00086755886799855524 0.0021806347244496356
leaf_weight=3583 2389 12220 70 3337 96 234 98 93 159 68 324 52 2435 185
leaf_count=3583 2389 12220 70 3337 96 234 98 93 159 68 324 52 2435 185
internal_value=-0.000274722 -0.000539449 0.000364835 0.00129207 -0.000424025 -0.000605097 0.00318713 -0.000153022 0.00396946 -0.00142138 0.00160793 0.00730769 -0.00169257 -0.000684986
internal_weight=25343 17925 7418 3407 4011 3915 332 12472 252 5453 444 120 5009 2574
internal_count=25343 17925 7418 3407 4011 3915 332 12472 252 5453 444 120 5009 2574
is_linear=0
shrinkage=0.05


Tree=149
num_leaves=15
num_cat=0
split_feature=2 57 19 48 16 49 50 24 2 11 2 5 57 52
split_gain=2.54505 2.45639 2.02671 2.89552 2.39032 2.07141 1.84322 1.87101 1.85776 2.65169 1.77052 2.53973 1.98229 1.80205
threshold=49.850000381469734 87.950000762939467 79.750000000000014 -2.0499999523162837 44.549999237060554 -89.374999999999986 0.60355338454246532 139.50000000000003 107.70000076293947 83.237499237060561 32.750000000000007 32.049999237060554 28.883333206176761 -0.86114627122879017
decision_type=2 2 2 2 2 8 2 2 2 2 2 2 2 2
left_child=2 6 4 -4 -1 -5 8 -8 9 -2 11 -7 -12 -14
right_child=1 -3 3 5 -6 10 7 -9 -10 -11 12 -13 13 -15
leaf_value=5.7485370635329374e-06 -0.00055733642397659707 6.2599885795446949e-05 -0.00093469022757827628 -0.00081327894176938499 0.0030054902936530355 0.0003589830179331316 -0.00015587590234523291 0.00089145464931526981 -0.001861058821189952 0.00016661123471217878 -0.0012342068194825784 0.0061213018217306774 -0.00095330805958554379 0.0011664391363678779
leaf_weight=8866 4173 5410 468 228 65 69 2677 230 821 910 98 101 89 946
leaf_count=8866 4173 5410 468 228 65 69 2677 230 821 910 98 101 89 946
internal_value=-0.000139304 -0.000580073 0.000434185 0.00186909 0.000111284 0.00291694 -0.00109455 -6.34225e-05 -0.00160129 -0.00123994 0.00368241 0.00833333 0.00291776 0.00356459
internal_weight=25151 14221 10930 1999 8931 1531 8811 2907 5904 5083 1303 170 1133 1035
internal_count=25151 14221 10930 1999 8931 1531 8811 2907 5904 5083 1303 170 1133 1035
is_linear=0
shrinkage=0.05


Tree=150
num_leaves=15
num_cat=0
split_feature=6 56 56 25 2 8 3 0 23 46 42 49 1 43
split_gain=1.66961 4.88787 4.46174 2.00854 1.78143 1.56345 1.5447 1.61336 2.34233 2.16641 1.68865 1.75317 1.51678 1.48482
threshold=69.700000762939467 89.049999237060561 62.300001144409187 48.149999618530281 55.350000381469734 95.799999237060561 62.500000000000007 53.750000000000007 0.44499999284744268 1.0000000180025095e-35 7.8500001430511483 -1.0000000180025095e-35 37.750000000000007 502.50000000000006
decision_type=2 2 2 2 2 2 2 2 2 2 2 8 2 10
left_child=2 -2 3 4 5 6 7 -1 -9 10 11 -10 -7 -4
right_child=1 -3 13 -5 -6 12 -8 8 9 -11 -12 -13 -14 -15
leaf_value=-0.00011810718660529025 -0.00080575000348756011 3.6849047311592875e-05 0.00054314634991472555 0.0014086856242744392 -0.00033898180511624968 0.0018684353763171542 0.0010607957718777054 -0.00067443193115708294 0.00039473790659417141 -0.002318538643938248 0.00021418809593188828 0.0038242262132352242 0.00029337488623469869 0.0022325061139343008
leaf_weight=9117 3245 5787 1847 57 3621 126 107 342 136 72 155 188 217 266
leaf_count=9117 3245 5787 1847 57 3621 126 107 342 136 72 155 188 217 266
internal_value=-0.000186416 -0.000731034 0.000116535 -0.00020427 -0.000245193 8.59587e-05 -2.81438e-05 -9.48116e-05 0.00192137 0.00391265 0.0051227 0.00712575 0.00335694 0.00225388
internal_weight=25283 9032 16251 14138 14081 10460 10117 10010 893 551 479 324 343 2113
internal_count=25283 9032 16251 14138 14081 10460 10117 10010 893 551 479 324 343 2113
is_linear=0
shrinkage=0.05


Tree=151
num_leaves=15
num_cat=0
split_feature=1 37 48 17 21 47 34 8 28 14 17 51 50 38
split_gain=1.65245 1.87491 1.90803 2.4484 2.9065 1.77724 2.10027 2.85848 1.75054 1.77725 1.4373 2.69942 2.77983 2.5789
threshold=39.95000076293946 37.500000000000007 -1.9499999880790708 118.65000152587892 15.500000000000002 11.616666793823244 -3.8500000238418575 32.750000000000007 39.500000000000007 16.9270133972168 36.250000000000007 0.37940952181816107 0.60355338454246532 26.050000190734867
decision_type=2 2 2 2 2 2 2 2 2 2 2 2 2 2
left_child=5 -2 -3 8 -5 -1 7 -7 9 -4 11 12 -10 -12
right_child=1 2 3 4 -6 6 -8 -9 10 -11 13 -13 -14 -15
leaf_value=0.00035591078622363234 -0.00092135111293061489 -0.001015473313178543 -0.00024146087132568249 -0.00039577386609813086 0.0010230878075355202 0.0068165369442192815 -0.0010221290142725192 -0.00086154273334985228 -0.00020346923879399918 0.0018909137559792845 8.8417994445761215e-05 -0.0004528848165026517 0.00031024660440117426 0.0032328132462242256
leaf_weight=5959 1382 2439 111 60 51 68 1151 88 4257 115 2011 3805 3585 62
leaf_count=5959 1382 2439 111 60 51 68 1151 88 4257 115 2011 3805 3585 62
internal_value=-0.000213486 -0.000471826 -0.000322914 -9.84586e-05 0.00698347 0.000421934 -0.00124146 0.00403614 -0.000159789 0.00411017 -0.000233067 -0.000449088 8.15067e-05 0.000976955
internal_weight=25144 17878 16496 14057 111 7266 1307 156 13946 226 13720 11647 7842 2073
internal_count=25144 17878 16496 14057 111 7266 1307 156 13946 226 13720 11647 7842 2073
is_linear=0
shrinkage=0.05


Tree=152
num_leaves=15
num_cat=0
split_feature=50 28 57 36 2 45 20 33 11 49 17 28 24 56
split_gain=1.73007 2.43333 1.83861 2.33909 2.13196 1.86527 2.2269 3.35639 2.09649 1.9737 1.74467 2.32991 1.77602 1.68236
threshold=0.91597560048103344 45.500000000000007 167.78333282470706 8.1500000953674334 49.850000381469734 2.1650291681289677 47.149999618530281 13.84999990463257 44.270833969116218 262.50000000000006 -30.05000019073486 80.500000000000014 17.500000000000004 83.950000762939467
decision_type=2 2 2 2 2 2 2 2 2 8 2 2 2 2
left_child=2 -2 4 -4 5 6 8 -8 -1 -7 11 -3 -12 -6
right_child=1 10 3 -5 13 9 7 -9 -10 -11 12 -13 -14 -15
leaf_value=-0.00064433092157443518 0.0029065762226075736 0.0030743765041283851 -0.00028103106915345456 0.00049786711878232429 -0.00041641276809326267 8.0345307862010398e-05 0.00035998927651926773 0.0017389422030158936 9.7319071284738753e-05 0.0014680349093610767 0.00030095672255549711 0.00034170256886366948 -0.00071677761060675985 -2.6556603040182129e-05
leaf_weight=3700 215 99 326 758 7017 1895 1302 69 2176 826 1674 377 799 4145
leaf_count=3700 215 99 326 758 7017 1895 1302 69 2176 826 1674 377 799 4145
internal_value=-0.000216245 0.000875865 -0.000372121 0.00162706 -0.000475403 5.61223e-05 -0.000363099 0.0014446 -0.000786613 0.0011699 0.000491719 0.00323045 -4.63161e-05 -0.000949697
internal_weight=25378 3164 22214 1084 21130 9968 7247 1371 5876 2721 2949 476 2473 11162
internal_count=25378 3164 22214 1084 21130 9968 7247 1371 5876 2721 2949 476 2473 11162
is_linear=0
shrinkage=0.05


Tree=153
num_leaves=15
num_cat=0
split_feature=7 57 44 0 9 7 40 22 43 12 7 42 10 34
split_gain=1.42235 2.55266 1.98255 1.6861 1.65002 1.66293 1.46461 1.29545 1.28196 1.9001 1.88463 1.23894 1.26415 1.30821
threshold=30.250000000000004 42.983333587646491 4.0194127559661874 11.250000000000002 28.849999427795414 27.44999980926514 976.54998779296886 394.50000000000006 32.500000000000007 66.684722900390639 138.55000305175784 2.2500000000000004 38.491666793823249 -1.9499999880790708
decision_type=2 2 2 2 2 2 2 2 8 2 2 2 2 2
left_child=1 3 -2 7 -3 6 -6 -1 9 -4 -11 -5 13 -13
right_child=2 4 8 11 5 -7 -8 -9 -10 10 -12 12 -14 -15
leaf_value=-0.0011259741292422825 -7.2224449645733995e-05 -0.001079094845566849 -0.0016211184503651976 0.00086387578354768036 -1.8797427681190874e-05 0.00048520037484866988 0.0031811276428736208 0.0097029461701458944 -0.00065877871943402272 0.0017385158740732968 -0.00021080058774265188 0.0017671464796711824 -0.00059729504986686137 -0.00011561350824199392
leaf_weight=56 17063 116 127 188 53 176 172 74 4065 131 72 260 1134 1638
leaf_count=56 17063 116 127 188 53 176 172 74 4065 131 72 260 1134 1638
internal_value=-0.000387805 0.000493937 -0.000546862 -1.48821e-05 0.00372865 0.00521898 0.00797872 0.00535714 -0.00149262 0.00147059 0.00438967 -0.000247679 -0.000496385 0.0002935
internal_weight=25325 3867 21458 3350 517 401 225 130 4395 330 203 3220 3032 1898
internal_count=25325 3867 21458 3350 517 401 225 130 4395 330 203 3220 3032 1898
is_linear=0
shrinkage=0.05


Tree=154
num_leaves=15
num_cat=0
split_feature=2 56 6 56 6 56 14 12 6 28 53 26 56 6
split_gain=1.90947 1.74125 3.37527 2.90812 2.13058 2.92719 2.19303 2.35884 2.08451 2.50501 1.84719 1.84608 1.90507 1.79908
threshold=200.00000000000003 93.000000000000014 69.700000762939467 62.300001144409187 45.350000381469734 40.649999618530281 25.314004898071293 56.750694274902351 82.099998474121108 73.500000000000014 -0.48313741385936732 0.4723897278308869 70.200000762939467 13.750000000000002
decision_type=2 2 2 2 2 2 2 2 2 2 2 2 2 2
left_child=1 2 3 4 5 10 -7 -8 9 -3 -1 -4 -13 -12
right_child=-2 8 11 -5 -6 6 7 -9 -10 -11 13 12 -14 -15
leaf_value=0.0001411137857024578 -0.00066281235758608914 0.0013600562021664926 0.00063717013004643364 0.00065457071828853124 -0.00035297030949714414 0.00056982159912072566 0.0041598713103197247 0.00083533466004486975 7.7407329536249728e-05 0.0048221639341530067 0.001423606383675338 -0.0019251297075852038 -0.00037771750075136514 -0.00053903599546576406
leaf_weight=3103 726 324 300 1978 4863 1980 54 171 4574 73 240 1027 2255 3620
leaf_count=3103 726 324 300 1978 4863 1980 54 171 4574 73 240 1027 2255 3620
internal_value=-0.000248637 -0.000173369 -0.000385441 -7.46001e-05 -0.000327969 0.00012094 0.00170429 0.00627659 0.000661513 0.00409091 -0.00038219 -0.0017706 -0.00211422 -0.00111111
internal_weight=25288 24562 19591 16009 14031 9168 2205 225 4971 397 6963 3582 3282 3860
internal_count=25288 24562 19591 16009 14031 9168 2205 225 4971 397 6963 3582 3282 3860
is_linear=0
shrinkage=0.05


Tree=155
num_leaves=15
num_cat=0
split_feature=23 51 51 26 29 41 17 2 26 0 48 20 51 52
split_gain=1.8382 6.22424 6.02132 3.50722 2.99449 2.9015 2.85427 2.77116 2.73011 2.41636 2.06892 1.86538 3.466 3.47867
threshold=0.76499998569488536 -0.6035533845424651 -0.7865660786628722 0.93782794475555431 12.34999990463257 1.0000000180025095e-35 -6.2499999999999991 81.599998474121108 0.89953330159187328 23.750000000000004 2.1499999761581425 8.3499999046325701 -0.12940952181816107 0.29342973232269293
decision_type=2 2 2 2 2 2 2 2 2 2 2 2 2 2
left_child=2 3 7 5 11 6 -2 -1 -3 -7 -6 -4 -13 -14
right_child=1 8 4 -5 10 9 -8 -9 -10 -11 -12 12 13 -15
leaf_value=-0.00044852019703783006 0.00019901962794910169 -0.00048332424520233075 -0.00047915138734201272 -0.0010955342806904516 -0.0016086755809232101 0.0085583239546546709 0.0023705625648915186 -0.003758395874998851 0.00063544490054920507 0.00054350890093612166 0.00073637883426952325 0.00064735509547377338 -0.0002081181838576526 0.00029150724659200142
leaf_weight=2808 90 3653 1682 207 935 53 117 1116 726 1477 52 2888 5502 4025
leaf_count=2808 90 3653 1682 207 935 53 117 1116 726 1477 52 2888 5502 4025
internal_value=-0.000203426 0.000534501 -0.000449049 0.00288127 5.29893e-06 0.00361477 0.0090553 -0.00219116 -0.000511507 0.00282467 -0.00264293 0.000192456 0.000404425 -5.60985e-05
internal_weight=25331 6323 19008 1944 15084 1737 207 3924 4379 1530 987 14097 12415 9527
internal_count=25331 6323 19008 1944 15084 1737 207 3924 4379 1530 987 14097 12415 9527
is_linear=0
shrinkage=0.05


Tree=156
num_leaves=15
num_cat=0
split_feature=43 51 9 3 12 18 40 36 2 19 9 36 48 13
split_gain=2.43536 1.89725 1.81675 1.57166 2.51673 2.50049 2.65796 2.24396 1.47588 1.44784 1.4255 1.28987 1.28855 1.38913
threshold=25.02689361572266 -0.37940952181816096 38.250000000000007 159.94999694824222 154.86597442626956 2.0499999523162846 991.64999389648449 12.050000190734865 113.04999923706056 54.850000381469734 24.150000572204593 8.1500000953674334 -1.7499999999999998 73.619049072265639
decision_type=8 2 2 2 2 2 2 2 2 2 2 2 2 2
left_child=1 -1 10 4 8 6 -6 11 -2 -4 -3 -8 -11 -14
right_child=3 2 9 -5 5 -7 7 -9 -10 12 -12 -13 13 -15
leaf_value=0.002518562527863324 -6.8306212236396107e-05 -0.00046961438697362034 0.0032146623801256563 -0.00075920751206837742 0.00013829560256695857 -0.00019631743142439816 0.0017299457897209998 0.00010217692700621413 -0.00067971161262394848 -0.00074351480206612426 0.0016171607855548623 0.0035396474540271014 -0.00015998466261868464 0.00025515177469590645
leaf_weight=106 19743 64 92 1194 193 135 53 63 1340 606 209 75 545 946
leaf_count=106 19743 64 92 1194 193 135 53 63 1340 606 209 75 545 946
internal_value=-0.000211635 0.00124515 0.000946601 -0.000376218 -0.000278087 0.00312854 0.00515228 0.0091791 -0.000363392 0.000457025 0.00471731 0.0127536 0.000173231 0.00096269
internal_weight=25364 2568 2462 22796 21602 519 384 191 21083 2189 273 128 2097 1491
internal_count=25364 2568 2462 22796 21602 519 384 191 21083 2189 273 128 2097 1491
is_linear=0
shrinkage=0.05


Tree=157
num_leaves=15
num_cat=0
split_feature=2 15 0 40 18 51 52 25 2 19 47 36 14 53
split_gain=1.77937 2.71476 2.11412 1.60747 1.6902 2.32089 2.13372 1.63281 1.62294 1.44919 2.13645 2.34555 1.48872 1.47764
threshold=107.70000076293947 123.65000152587892 117.70000076293947 994.35000610351574 11.050000190734865 0.60355338454246532 0.85673803091049205 43.149999618530281 71.349998474121108 157.1499938964844 4.2166664600372323 32.750000000000007 37.532617568969734 0.97648853063583385
decision_type=2 2 2 2 2 2 2 2 2 2 2 2 2 2
left_child=1 3 -2 4 5 -1 7 -6 -5 13 -11 12 -12 -3
right_child=2 9 -4 8 6 -7 -8 -9 -10 10 11 -13 -14 -15
leaf_value=-6.1783913434724914e-05 -0.0012973826895184273 0.00011681268006387257 -0.00010427325976441901 0.002280496368547341 0.00021144192823440528 -0.00067756010467491436 -0.00044289769263095106 0.0026467002976085269 -0.0006109779609999019 -0.00078134944830019263 0.0023225087324924821 -0.0015076308158335479 0.00034225152006594112 0.0014054298539833811
leaf_weight=10139 1025 2193 3308 118 3281 3648 843 54 52 90 202 51 70 261
leaf_count=10139 1025 2193 3308 118 3281 3648 843 54 52 90 202 51 70 261
internal_value=-0.000221938 -3.14118e-05 -0.00114322 -0.000257648 -0.000304591 -0.000571502 0.000575452 0.0011435 0.00444444 0.00139555 0.00410165 0.00596096 0.00776596 0.000925323
internal_weight=25335 21002 4333 18135 17965 13787 4178 3335 170 2867 413 323 272 2454
internal_count=25335 21002 4333 18135 17965 13787 4178 3335 170 2867 413 323 272 2454
is_linear=0
shrinkage=0.05


Tree=158
num_leaves=15
num_cat=0
split_feature=23 51 51 21 48 17 6 51 36 32 3 29 57 52
split_gain=1.53695 2.55673 1.70632 3.50812 1.68882 2.19118 2.77515 2.62264 3.59631 2.67909 2.50133 2.35029 2.07569 2.06653
threshold=0.34499999880790716 -0.7865660786628722 0.37940952181816107 130.50000000000003 -1.8499999642372129 31.44999980926514 48.750000000000007 -0.12940952181816107 12.050000190734865 -2.4996402263641353 126.89999771118165 4.1499998569488534 60.616666793823249 0.32613943517208105
decision_type=2 2 2 2 2 2 2 2 2 2 2 2 2 2
left_child=1 -1 -3 -4 -2 7 -7 8 -6 11 12 -9 -10 -11
right_child=4 2 3 -5 5 6 -8 9 10 13 -12 -13 -14 -15
leaf_value=-0.0019743885275906817 -0.0007353390213851635 0.00017528178489036348 -0.00036148760101999654 0.0073256491353085942 0.0011302391279053806 0.0016222057018288095 0.00024260264547692749 0.0021204303036485442 3.8388127559142698e-05 -0.00073983311205632761 -0.00095954597520466443 6.8323494161978213e-05 0.00067254367721657129 0.00014440410625907361
leaf_weight=1323 3301 2535 2561 85 479 161 1754 169 5146 2985 906 1644 1483 840
leaf_count=1323 3301 2535 2561 85 479 161 1754 169 5146 2985 906 1644 1483 840
internal_value=-0.000246633 -0.000908813 -0.000405511 -0.00129142 -1.80116e-05 0.000199973 0.00177922 -2.26919e-05 0.000558324 -0.000848089 0.000288269 0.000732308 0.000625846 -0.00159713
internal_weight=25372 6504 5181 2646 18868 15567 1915 13652 8014 5638 7535 1813 6629 3825
internal_count=25372 6504 5181 2646 18868 15567 1915 13652 8014 5638 7535 1813 6629 3825
is_linear=0
shrinkage=0.05


Tree=159
num_leaves=15
num_cat=0
split_feature=23 51 30 56 6 57 6 17 31 32 28 30 13 12
split_gain=1.70347 1.73909 1.77203 1.64701 3.24341 2.35597 1.82889 1.93234 2.95229 2.34745 1.56622 1.78182 2.61538 3.70875
threshold=0.34499999880790716 -0.7865660786628722 1307.5000000000002 44.649999618530281 53.750000000000007 69.649997711181655 45.000000000000007 24.750000000000004 -4.7123055458068839 2.3581696748733525 85.500000000000014 67.500000000000014 47.262796401977546 54.199998855590827
decision_type=2 2 10 2 2 2 2 2 2 2 2 10 2 2
left_child=1 2 -1 6 5 10 7 -2 -9 -10 11 12 -5 -14
right_child=3 -3 -4 4 -6 -7 -8 8 9 -11 -12 -13 13 -15
leaf_value=-0.0022631948573377711 -0.00013708136305972912 -0.00013429380729668378 0.0019755597233144851 0.00036755254157944914 -1.9784033726805652e-05 0.001915044807494485 -0.0015067367701683558 -0.0013248533448084532 0.0042926228913190865 1.3370610215918291e-05 -0.00052591031760832417 0.00026305491562046923 0.0025660426785334991 -0.00016211981738541858
leaf_weight=1218 5002 5198 101 226 10133 329 842 82 84 68 366 1526 149 74
leaf_count=1218 5002 5198 101 226 10133 329 842 82 84 68 366 1526 149 74
internal_value=-0.000243625 -0.000939943 -0.00255455 -2.91263e-06 0.000318816 0.00186567 -0.000680027 -0.000329776 0.00401639 0.00796296 0.00129519 0.00185138 0.00458606 0.00830472
internal_weight=25398 6517 1319 18881 12803 2670 6078 5236 234 152 2341 1975 449 223
internal_count=25398 6517 1319 18881 12803 2670 6078 5236 234 152 2341 1975 449 223
is_linear=0
shrinkage=0.05


Tree=160
num_leaves=15
num_cat=0
split_feature=3 45 11 52 1 26 30 13 37 0 47 48 37 17
split_gain=2.32047 1.71665 2.81615 2.31753 1.75101 2.19287 4.77506 1.66499 1.55865 1.53774 1.4755 1.43497 2.19875 1.97215
threshold=144.59999847412112 0.35348723828792578 148.69791412353518 -0.39826117455959315 25.050000190734867 0.38282783329486852 217.50000000000003 161.24821472167972 42.500000000000007 16.849999427795414 8.9833331108093279 -1.3499999642372129 45.500000000000007 -1.7499999999999998
decision_type=2 2 2 2 2 2 8 2 2 2 2 2 2 2
left_child=1 11 3 9 8 6 -6 -4 -5 -3 -11 13 -13 -1
right_child=-2 2 7 4 5 -7 -8 -9 -10 10 -12 12 -14 -15
leaf_value=-1.9779831855670028e-05 -0.00046245842746238814 0.0037392251926670604 0.0012771636877924393 0.00026759168273476203 0.0072816228948049599 5.1769886238917456e-05 0.0008331829329467277 -5.3630284016308505e-05 0.0053024421709688052 -5.3806442695966764e-05 -0.0010446926653304364 -0.00038690601335797218 9.1457089123543386e-05 -0.0011854444804505419
leaf_weight=1847 2205 63 125 203 89 4028 444 58 156 3412 801 2608 6995 2389
leaf_count=1847 2205 63 125 203 89 4028 444 58 156 3412 801 2608 6995 2389
internal_value=-0.000248301 -0.000100742 0.000421236 0.000295458 0.00103448 0.000764602 0.0037477 0.00639896 0.00434959 -0.000555298 -0.000678429 -0.000454547 -0.00011599 -0.00121997
internal_weight=25423 23218 9379 9196 4920 4561 533 183 359 4276 4213 13839 9603 4236
internal_count=25423 23218 9379 9196 4920 4561 533 183 359 4276 4213 13839 9603 4236
is_linear=0
shrinkage=0.05


Tree=161
num_leaves=15
num_cat=0
split_feature=2 57 45 19 44 18 10 23 20 30 27 48 23 19
split_gain=1.84768 2.22888 1.97853 2.15873 2.11054 1.87686 1.83566 1.80988 1.57587 1.78506 2.40187 2.64856 3.13741 1.72968
threshold=60.199998855590827 87.950000762939467 -0.70641773939132679 109.54999923706056 -5.3864130973815909 19.349999427795414 56.858331680297859 0.5249999761581422 86.250000000000014 447.50000000000006 33.649999618530281 -1.6500000357627866 0.72500002384185802 115.79999923706056
decision_type=2 2 2 2 2 2 2 2 2 8 2 2 2 2
left_child=6 7 -3 4 -4 -5 -1 -2 9 -8 11 -11 -13 -10
right_child=1 2 3 5 -6 -7 8 -9 13 10 -12 12 -14 -15
leaf_value=1.8554321579624392e-05 -0.00068487557180155472 -0.0001566911614490749 -0.00072214344354708812 -9.3093938910463766e-05 0.0022816053303419109 0.00048726783848272015 -6.0368643902698666e-05 -0.00014259417264862498 0.0023680841451998963 -0.00059840570232129562 -0.00039786387551038265 0.00082812242435106669 0.0051831798258748576 7.5660475322735806e-05
leaf_weight=13019 2646 2750 65 1368 212 686 627 3371 57 74 139 186 64 63
leaf_count=13019 2646 2750 65 1368 212 686 627 3371 57 74 139 186 64 63
internal_value=-0.000141494 -0.000624776 0.000146335 0.00121529 0.00527874 0.000644379 0.000235619 -0.0012751 0.00209016 0.00145454 0.00377378 0.00607784 0.00846154 0.00730769
internal_weight=25327 11098 5081 2331 277 2054 14229 6017 1210 1090 463 324 250 120
internal_count=25327 11098 5081 2331 277 2054 14229 6017 1210 1090 463 324 250 120
is_linear=0
shrinkage=0.05


Tree=162
num_leaves=15
num_cat=0
split_feature=37 51 4 38 51 36 22 25 14 9 25 23 3 25
split_gain=1.30617 2.20481 1.68316 1.81539 1.49944 3.34228 4.17404 2.75551 2.87022 2.21606 2.13089 1.96211 1.76473 2.90911
threshold=45.500000000000007 1.0000000180025095e-35 31.750000000000004 12.750000000000002 -0.12940952181816107 11.84999990463257 1162.5000000000002 13.949999809265138 6.4505441188812265 102.54999923706056 19.550000190734867 0.74500000476837169 173.94999694824222 41.750000000000007
decision_type=2 2 2 2 2 2 2 2 2 2 2 2 2 2
left_child=1 -1 -3 -4 5 -2 9 -6 11 -7 -8 -9 13 -10
right_child=4 2 3 -5 7 6 10 8 12 -11 -12 -13 -14 -15
leaf_value=-0.00056220718088738136 0.00089441004923258469 -0.00027299596872629747 0.0038115739876704532 -0.00022648356318285772 -0.00050259627437514458 0.00017364333740166259 -2.9204560722382544e-05 0.0058326899215222251 -2.3153682101142716e-05 0.0018965458484705958 -0.0015492856682185396 -0.00090141989660808518 -0.00036955490963973926 0.00047139603563794953
leaf_weight=3963 761 949 318 276 5224 4829 1072 89 5331 301 1094 50 619 608
leaf_count=3963 761 949 318 276 5224 4829 1072 89 5331 301 1094 50 619 608
internal_value=-0.000285166 -0.000966281 0.000634255 0.00269867 -9.70594e-05 0.000429527 9.85479e-05 -0.000453023 0.000218427 0.000875485 -0.00173713 0.00708054 6.24227e-05 0.000328625
internal_weight=25484 5506 1543 594 19978 8057 7296 11921 6697 5130 2166 139 6558 5939
internal_count=25484 5506 1543 594 19978 8057 7296 11921 6697 5130 2166 139 6558 5939
is_linear=0
shrinkage=0.05


Tree=163
num_leaves=15
num_cat=0
split_feature=6 57 16 2 15 57 18 48 20 20 2 30 12 13
split_gain=1.23837 2.31629 1.63292 1.75643 1.82607 1.62697 1.60734 1.62675 1.81981 1.57177 1.53751 1.38629 1.35907 2.44877
threshold=69.700000762939467 67.416667938232436 58.300001144409187 55.95000076293946 144.59999847412112 86.549999237060561 0.65000000596046459 -1.5500000119209287 60.549999237060554 14.750000000000002 16.94999980926514 37.500000000000007 39.982639312744148 39.211904525756843
decision_type=2 2 2 2 2 2 2 2 2 2 2 8 2 2
left_child=1 2 3 4 6 -2 -1 10 12 -4 -8 -10 -9 -14
right_child=5 -3 9 -5 -6 -7 7 8 11 -11 -12 -13 13 -15
leaf_value=-0.00024522850323383595 -0.00051373653458126672 0.00052428853692346037 -8.6197698506207385e-05 -0.00036327259801500128 0.0016009854661505271 -3.528416634831572e-05 0.0034602909429097268 -5.2668322596324075e-05 -0.00056960027563284139 0.0012578184452423551 -0.00092353270951489185 0.0012544742213988316 0.0013135763557864475 0.00036432848899621768
leaf_weight=5550 3522 2118 74 3392 93 5598 75 1640 89 67 1178 383 101 1387
leaf_count=5550 3522 2118 74 3392 93 5598 75 1640 89 67 1178 383 101 1387
internal_value=-0.000268427 -5.26207e-06 -0.000238266 -0.000294288 2.56984e-05 -0.000733846 -3.98552e-05 0.000624099 0.00116343 0.00493377 -0.000922408 0.0040249 0.000720203 0.00180908
internal_weight=25267 16147 14029 13888 10496 9120 10403 4853 3600 141 1253 472 3128 1488
internal_count=25267 16147 14029 13888 10496 9120 10403 4853 3600 141 1253 472 3128 1488
is_linear=0
shrinkage=0.05


Tree=164
num_leaves=15
num_cat=0
split_feature=3 56 25 32 29 29 27 51 50 25 2 50 57 36
split_gain=1.8513 2.05367 1.78017 2.3455 1.58264 1.63149 1.52378 2.02938 1.96913 1.55734 1.44605 2.00147 1.77314 2.36803
threshold=146.90000152587893 134.80000305175784 37.049999237060554 6.8592641353607187 8.6500000953674334 9.5500001907348651 10.84999990463257 -0.37940952181816096 0.60355338454246532 17.250000000000004 83.000000000000014 0.98296290636062633 114.50000000000001 21.94999980926514
decision_type=2 2 2 2 2 2 2 2 2 2 2 2 2 2
left_child=2 -2 6 4 -4 -6 7 8 9 -1 -8 12 -12 -14
right_child=1 -3 3 -5 5 -7 10 -9 -10 -11 11 -13 13 -15
leaf_value=0.0012390257854211549 -0.0012481348131015936 -2.871401369154899e-05 9.4561922338584528e-05 0.0018666480581908396 0.0018528547916747467 -0.00012668715844015409 1.2668074791976375e-07 -1.1103533752508072e-05 0.0019449398120288581 -0.0018365993889324303 -0.00074748340001282772 0.00050500575201205321 -9.7329165832564046e-05 0.00081806379161973662
leaf_weight=114 876 1255 811 50 81 68 17751 651 210 96 2364 136 634 97
leaf_count=114 876 1255 811 50 81 68 17751 651 210 96 2364 136 634 97
internal_value=-0.000113872 -0.00152032 1.6685e-05 0.00205882 0.0014433 0.00600629 -7.77331e-05 0.00175301 0.0044186 0.00090909 -0.000171971 -0.00114317 -0.00140902 0.000735491
internal_weight=25194 2131 23063 1010 960 149 22053 1071 420 210 20982 3231 3095 731
internal_count=25194 2131 23063 1010 960 149 22053 1071 420 210 20982 3231 3095 731
is_linear=0
shrinkage=0.05


Tree=165
num_leaves=15
num_cat=0
split_feature=2 56 25 47 49 47 31 27 19 26 22 51 17 48
split_gain=1.59009 2.3842 2.22297 1.95345 1.95344 2.11623 1.73897 1.66943 1.62527 2.67063 1.66279 1.61382 2.59634 1.60533
threshold=107.70000076293947 121.29999923706056 23.550000190734867 2.1833333969116215 37.500000000000007 2.5166666507720952 -0.18034240603446958 6.2500000000000009 236.80000305175784 0.30636122822761541 472.50000000000006 0.78656607866287243 -5.9500000476837149 -2.1499999761581416
decision_type=2 2 2 2 8 2 2 2 2 2 2 2 2 2
left_child=2 4 7 11 5 6 -2 -1 -9 10 -10 12 -4 -3
right_child=1 13 3 -5 -6 -7 -8 8 9 -11 -12 -13 -14 -15
leaf_value=0.0033499464852291654 -0.00011681110679804921 -0.0015381330649230549 0.0010612679806261769 0.00018297073075556496 -0.0024857748577478845 -0.00045072521704565594 0.0012431044744486942 -0.00011612647185478396 0.0021946639825148706 0.0038284799683091977 -0.00072373235327806559 0.0027101897041060751 -0.00041028315771231223 4.5732799680952339e-05
leaf_weight=52 107 261 79 2179 985 823 74 18285 95 71 155 65 105 2129
leaf_count=52 107 261 79 2179 985 823 74 18285 95 71 155 65 105 2129
internal_value=-0.000283613 -0.00114947 -0.000103338 0.00131665 -0.00242371 -0.000857989 0.00390052 -0.000288731 -0.000315859 0.0031571 0.000576922 0.00542471 0.00273196 -8.33345e-05
internal_weight=25465 4379 21086 2428 1989 1004 181 18658 18606 321 250 249 184 2390
internal_count=25465 4379 21086 2428 1989 1004 181 18658 18606 321 250 249 184 2390
is_linear=0
shrinkage=0.05


Tree=166
num_leaves=15
num_cat=0
split_feature=48 31 30 2 17 17 48 22 2 48 17 40 5 35
split_gain=1.56749 1.70619 1.41633 1.8255 2.69589 1.87749 1.52572 1.36751 1.33345 1.5696 3.22117 3.62353 2.14988 1.62982
threshold=5.1499998569488534 -5.3606712818145743 17.500000000000004 162.75000000000003 85.15000152587892 -78.899997711181626 -1.2499999999999998 5329.0000000000009 45.699998855590827 -1.3499999642372129 36.250000000000007 975.85000610351574 108.40000152587892 2.5000000000000004
decision_type=2 2 8 2 2 2 2 2 2 2 2 2 2 2
left_child=2 -2 6 4 5 -4 -1 -5 -7 13 -11 -12 -13 -10
right_child=1 -3 3 7 -6 8 -8 -9 9 10 11 12 -14 -15
leaf_value=-0.00012620436692943485 0.00048198549178480601 -0.0031631280636050967 0.00084207679176326203 -0.00076362337881364197 0.00072702879675476005 0.00012670064040591096 0.00042236925727594888 0.00031363097070217675 -0.0011907470102811 -0.00012107175052878561 0.002163495430253814 -4.1815290074063763e-06 0.00081492931731617804 -0.00011585036492712091
leaf_weight=420 203 835 476 983 158 9169 643 157 1285 8468 126 720 205 1504
leaf_count=420 203 835 476 983 158 9169 643 157 1285 8468 126 720 205 1504
internal_value=-0.00010094 -0.00199428 -1.93237e-05 -0.000101244 -2.27221e-07 -4.84918e-05 0.00175676 -0.00204348 -0.00011798 -0.000457868 -0.000151644 0.0024458 0.00131016 -0.00149875
internal_weight=25352 1038 24314 23251 22111 21953 1063 1140 21477 12308 9519 1051 925 2789
internal_count=25352 1038 24314 23251 22111 21953 1063 1140 21477 12308 9519 1051 925 2789
is_linear=0
shrinkage=0.05


Tree=167
num_leaves=15
num_cat=0
split_feature=56 24 21 48 48 29 26 1 23 16 27 26 42 15
split_gain=1.57934 1.09985 2.67802 2.2764 2.17906 2.14834 2.10383 2.00393 2.78116 3.5434 2.15516 1.51645 1.46028 1.45479
threshold=22.250000000000004 42.500000000000007 157.50000000000003 3.4500000476837163 2.4500000476837163 7.5499999523162851 0.75405275821685802 71.599998474121108 0.43500000238418585 22.250000000000004 28.349999427795414 0.51673546433448803 6.8500001430511483 129.69999694824222
decision_type=2 2 2 2 2 2 2 2 2 2 2 2 2 2
left_child=-1 3 4 12 6 -5 13 8 -6 -10 -11 -12 -2 -3
right_child=1 2 -4 5 7 -7 -8 -9 9 10 11 -13 -14 -15
leaf_value=-0.00068782727279838437 6.5151769174248396e-05 4.8953719980700978e-05 -0.00028772775706282936 -0.0022332325621488773 -0.00049122043381038334 0.00011944762874686751 0.0011781571795971878 -0.00020869759931861631 0.0087492432871115449 1.7153402945765062e-05 0.0018325287144661979 0.0049768351443179671 -0.00020369331385252203 0.001168203613496678
leaf_weight=1528 9965 2561 1712 1230 115 507 70 127 59 130 88 58 7208 147
leaf_count=1528 9965 2561 1712 1230 115 507 70 127 59 130 88 58 7208 147
internal_value=-0.000228298 -0.000128613 0.000524915 -0.000303912 0.00134472 -0.00202347 0.000756814 0.00411414 0.00565217 0.00789855 0.00513986 0.00910256 -0.000128908 0.000518763
internal_weight=25505 23977 5067 18910 3355 1737 2778 577 450 335 276 146 17173 2708
internal_count=25505 23977 5067 18910 3355 1737 2778 577 450 335 276 146 17173 2708
is_linear=0
shrinkage=0.05


Tree=168
num_leaves=15
num_cat=0
split_feature=3 56 48 15 2 14 56 6 31 50 34 12 15 46
split_gain=1.65164 1.9721 2.44396 1.93368 2.09039 1.66835 2.10271 2.54721 1.6374 1.52836 1.4899 1.76747 1.56662 1.42964
threshold=84.200000762939467 96.500000000000014 1.3499999642372134 91.40000152587892 52.95000076293946 19.619829177856449 62.300001144409187 59.699998855590827 1.0567265152931216 0.98296290636062633 2.7500000000000004 53.319444656372077 111.40000152587892 0.25000000745058065
decision_type=2 2 2 2 2 2 2 2 2 2 2 2 2 2
left_child=3 2 9 4 5 6 -1 8 -8 -2 11 12 -5 -13
right_child=1 -3 -4 10 -6 -7 7 -9 -10 -11 -12 13 -14 -15
leaf_value=-9.9242979116326241e-06 -0.00016615966107576748 -3.0985325772003417e-05 -0.0021271795375035407 0.00039547608718483001 -0.00047131654959478776 -0.0011783748359303885 0.00080286951374066318 0.0002664828231127956 0.0035047554486971112 0.00042560125812616373 -0.00068578275445591681 0.00021586766564608172 0.0027921059406192071 -0.0017927653571832222
leaf_weight=8939 1629 3738 1238 481 3387 403 137 714 122 136 259 3893 115 145
leaf_count=8939 1629 3738 1238 481 3387 403 137 714 122 136 259 3893 115 145
internal_value=-0.000241854 -0.000911718 -0.00186359 1.34253e-06 -0.000303385 5.08463e-05 0.000180406 0.00237538 0.00652416 -0.000661973 0.000853558 0.00106158 0.00358086 0.000681817
internal_weight=25336 6741 3003 18595 13702 10315 9912 973 259 1765 4893 4634 596 4038
internal_count=25336 6741 3003 18595 13702 10315 9912 973 259 1765 4893 4634 596 4038
is_linear=0
shrinkage=0.05


Tree=169
num_leaves=15
num_cat=0
split_feature=2 43 0 26 23 5 3 40 25 26 21 21 10 32
split_gain=1.44137 2.06112 3.46239 2.78758 2.39768 2.66518 1.9973 1.95523 1.7833 2.01879 2.6305 1.66241 2.06192 1.65479
threshold=61.600000381469734 197.50000000000003 47.750000000000007 0.68134531378746044 0.70499998331069957 76.250000000000014 66.250000000000014 994.64999389648449 15.150000095367433 0.4493799507617951 152.50000000000003 207.50000000000003 150.97499847412112 7.5459349155426034
decision_type=2 8 2 2 2 2 2 2 2 2 2 2 2 2
left_child=7 2 -2 -4 -3 -6 -7 8 -1 10 -10 12 -8 -5
right_child=1 4 3 13 5 6 11 -9 9 -11 -12 -13 -14 -15
leaf_value=-0.00010123508535973042 0.0047555348896736018 -0.00087199893903097908 -0.00062065918921247422 2.5456326580883001e-05 -0.00083224367220817582 0.0023751097701904533 0.00063092539101867139 0.0021740189366759514 0.0079407194974578221 0.00023374153401532752 0.00026217260266809893 -0.00056795730425001354 -0.00046274813410144655 0.0013349195209126424
leaf_weight=10998 54 2304 1554 4939 686 55 712 67 51 3297 89 206 293 65
leaf_count=10998 54 2304 1554 4939 686 55 712 67 51 3297 89 206 293 65
internal_value=-0.000285659 -0.000720722 -0.000167624 -0.000280147 -0.00157759 -0.000285424 0.00107367 4.06548e-05 -1.73189e-06 0.000990715 0.00666667 0.000610154 0.0014532 0.000295172
internal_weight=25370 10868 6612 6558 4256 1952 1266 14502 14435 3437 140 1211 1005 5004
internal_count=25370 10868 6612 6558 4256 1952 1266 14502 14435 3437 140 1211 1005 5004
is_linear=0
shrinkage=0.05


Tree=170
num_leaves=15
num_cat=0
split_feature=39 3 56 25 6 25 27 25 33 3 23 51 24 14
split_gain=1.58188 1.87109 2.41693 2.24359 1.78434 1.81544 1.79782 1.72809 1.64781 1.65606 1.52974 2.20066 2.19318 2.52119
threshold=0.35000000894069677 117.70000076293947 162.30000305175784 27.050000190734867 163.6499938964844 58.549999237060554 12.550000190734865 15.150000095367433 0.84999999403953563 83.500000000000014 0.44499999284744268 -0.7865660786628722 80.500000000000014 11.60431480407715
decision_type=2 2 2 2 2 2 2 2 2 2 2 2 2 2
left_child=1 3 7 10 6 -6 -4 -3 -5 -10 11 -1 -13 -14
right_child=-2 2 4 8 5 -7 -8 -9 9 -11 -12 12 13 -15
leaf_value=-0.0015718336886604185 -0.0010246674088181514 0.00035864819623686024 0.0019124140760551176 0.00019301818170675065 -0.00014805686462806021 0.00047234474900603122 -0.00089752099191276911 -0.0005757341512225519 0.00046732664787937781 0.0020823504030750674 0.0001070610179030371 -6.8103828487455366e-05 7.2759380412288854e-05 0.0071806458434211006
leaf_weight=1613 863 255 109 1696 954 99 61 2155 50 50 10811 6271 143 75
leaf_count=1613 863 255 109 1696 954 99 61 2155 50 50 10811 6271 143 75
internal_value=-0.000159628 -8.45938e-05 -0.00112956 9.91831e-05 0.000677209 -0.000108186 0.00527778 -0.00204546 0.00178294 0.00772727 -6.15665e-05 -0.000580622 -0.000168489 0.00464912
internal_weight=25205 24342 3633 20709 1223 1053 170 2410 1796 100 18913 8102 6489 218
internal_count=25205 24342 3633 20709 1223 1053 170 2410 1796 100 18913 8102 6489 218
is_linear=0
shrinkage=0.05


Tree=171
num_leaves=15
num_cat=0
split_feature=17 45 48 24 48 0 52 53 51 29 52 47 35 3
split_gain=1.35486 1.46057 2.04755 1.61222 1.70145 1.7402 1.58602 3.01039 2.46828 2.1212 3.16247 1.52742 1.85784 1.50081
threshold=-73.700000762939439 2.1650291681289677 3.0499999523162846 1.0000000180025095e-35 -1.3499999642372129 42.899999618530281 -0.67803022265434254 0.42763730883598333 -0.91597560048103321 4.0499999523162851 -0.98523971438407887 9.5833334922790545 2.5000000000000004 66.250000000000014
decision_type=2 2 2 2 2 2 2 2 2 2 2 2 2 2
left_child=-1 2 3 -2 5 11 7 9 -9 10 -3 12 -5 -8
right_child=1 6 -4 4 -6 -7 13 8 -10 -11 -12 -13 -14 -15
leaf_value=0.000518789378336675 -0.00073384619127029932 0.0024329155680007683 -0.0010565655207477958 -0.00073757895664290521 1.9340186340894932e-05 -0.00068529812571826575 0.00067017293532128355 0.0015398296824192734 0.00016943573050094988 -0.00067792932553075932 -0.00016281731224856424 -0.0017622245558958636 0.0020169569983655359 -9.6366774138536686e-05
leaf_weight=694 945 103 1818 685 10445 2892 2926 53 148 1786 229 538 643 1338
leaf_count=694 945 103 1818 685 10445 2892 2926 53 148 1786 229 538 643 1338
internal_value=-0.00027383 -0.000335723 -0.000569093 -0.000389282 -0.00026392 -0.00104656 0.000301076 -0.00074925 0.00495261 -0.00131109 0.00230994 0.000143922 0.00105381 0.000872718
internal_weight=25243 24549 17966 16148 15203 4758 6583 2319 201 2118 332 1866 1328 4264
internal_count=25243 24549 17966 16148 15203 4758 6583 2319 201 2118 332 1866 1328 4264
is_linear=0
shrinkage=0.05


Tree=172
num_leaves=15
num_cat=0
split_feature=26 41 5 37 48 39 44 46 37 48 17 34 18 57
split_gain=1.25394 2.61874 2.67123 3.04722 1.69067 1.65942 1.56765 1.56168 1.50442 1.66714 2.12385 2.21083 2.07473 1.7451
threshold=0.51673546433448803 3.5000000000000004 28.150000572204593 33.500000000000007 5.1499998569488534 0.25000000745058065 -17.053349494934078 3.0499999523162846 45.500000000000007 -1.8499999642372129 -7.1499998569488517 1.6500000357627871 10.84999990463257 48.883333206176765
decision_type=2 2 2 2 2 2 2 2 2 2 2 2 2 2
left_child=1 2 3 -1 5 6 -2 -3 -8 10 11 -10 -11 -14
right_child=4 7 -4 -5 -6 -7 8 -9 9 12 -12 -13 13 -15
leaf_value=-2.5675542235155523e-05 0.0014602018032315713 -0.00014561228716105157 0.00036792070010859034 0.0049850325020883374 -0.0016276704106570892 -0.001066247266044639 -0.00030426138224872275 0.0040335316592559744 -6.5412719638742121e-06 -2.4435358498129751e-05 -0.0010084167146234477 0.0027580635711494019 -7.8513777620400416e-05 0.00038242218040633532
leaf_weight=78 114 2476 985 114 927 832 3453 66 752 9023 2070 136 1224 2964
leaf_count=78 114 2476 985 114 927 832 3453 66 752 9023 2070 136 1224 2964
internal_value=-0.000161355 0.000685169 0.00262426 0.00787129 -0.000308069 -0.000213336 -0.000120532 -0.000219437 -0.000155869 4.66642e-05 -0.00102426 0.00101336 0.000287042 0.00120533
internal_weight=25214 3719 1177 192 21495 20568 19736 2542 19622 16169 2958 888 13211 4188
internal_count=25214 3719 1177 192 21495 20568 19736 2542 19622 16169 2958 888 13211 4188
is_linear=0
shrinkage=0.05


Tree=173
num_leaves=15
num_cat=0
split_feature=57 7 57 9 14 20 41 7 25 20 37 12 15 44
split_gain=2.06807 3.27022 2.08682 2.10052 1.90737 1.7812 1.61609 1.33174 2.10507 2.64218 1.81768 1.98499 2.32908 1.80944
threshold=27.816666603088382 24.94999980926514 42.983333587646491 29.150000572204593 5.8961467742919931 21.550000190734867 3.5000000000000004 42.45000076293946 30.849999427795414 97.649997711181655 83.500000000000014 52.695138931274421 115.79999923706056 6.4737255573272714
decision_type=2 2 2 2 2 2 2 2 2 2 2 2 2 2
left_child=-1 2 4 -4 6 -5 -2 8 10 -10 11 12 -3 -9
right_child=1 7 3 5 -6 -7 -8 13 9 -11 -12 -13 -14 -15
leaf_value=-0.0006082868578820964 0.0048752191231919585 0.00047013866125596664 -0.0012262528910513791 0.0057577319278487556 7.5655056870168805e-05 0.00078469038886254188 0.0020171764327550131 -7.3346225807822973e-05 0.0016164763875676912 -0.00051057210704397182 -0.00068847363652353103 -0.00021629518279332673 0.0031322233133218892 -0.0006672177668140206
leaf_weight=2148 51 3001 60 71 709 70 56 15537 119 65 834 1151 53 1509
leaf_count=2148 51 3001 60 71 709 70 56 15537 119 65 834 1151 53 1509
internal_value=-0.00025232 -0.000115042 0.00264362 0.00708531 0.001477 0.0102318 0.00739316 -0.000242157 0.00045576 0.00556701 0.000258466 0.000682087 0.00134791 -0.000456146
internal_weight=25434 23286 1017 201 816 141 107 22269 5223 184 5039 4205 3054 17046
internal_count=25434 23286 1017 201 816 141 107 22269 5223 184 5039 4205 3054 17046
is_linear=0
shrinkage=0.05


Tree=174
num_leaves=15
num_cat=0
split_feature=23 2 27 28 0 57 52 31 52 32 47 4 0 7
split_gain=1.602 1.715 1.68521 1.63328 1.59126 1.51172 1.71674 2.23817 2.10663 1.49999 1.65616 1.43447 2.64602 2.3222
threshold=0.22500000149011615 131.55000305175784 35.549999237060554 87.500000000000014 13.750000000000002 27.816666603088382 -0.37447345256805414 8.3303050994873065 -0.86114627122879017 -11.873572349548338 6.0166666507720956 23.750000000000004 26.550000190734867 33.45000076293946
decision_type=2 2 2 2 2 2 2 2 2 2 2 2 2 2
left_child=-1 2 4 -3 -2 -6 7 9 -9 -7 -11 -8 13 -13
right_child=1 3 -4 -5 5 6 11 8 -10 10 -12 12 -14 -15
leaf_value=-0.00051577262294228766 0.0036051374550622553 -0.00056758965559915045 -0.00055046888555086563 -1.4593088146414464e-05 -0.00056050294125213303 0.0041351992620322232 -0.00084577916119993432 0.0020343142113480954 -0.0004190463846362687 4.7742507649001169e-05 -0.00043754033824121118 0.0038310581086172593 0.00018715558330725053 0.0011352966586317722
leaf_weight=2429 96 1318 1594 1491 1303 50 625 94 83 3957 3618 197 8174 289
leaf_count=2429 96 1318 1594 1491 1303 50 625 94 83 3957 3618 197 8174 289
internal_value=-0.000214783 -8.49394e-05 7.71516e-05 -0.0012398 0.000211937 0.000176629 0.000302099 -0.000244497 0.00516043 -0.000376557 -0.000438366 0.000761161 0.000928488 0.00447581
internal_weight=25318 22889 20080 2809 18486 18390 17087 7802 177 7625 7575 9285 8660 486
internal_count=25318 22889 20080 2809 18486 18390 17087 7802 177 7625 7575 9285 8660 486
is_linear=0
shrinkage=0.05


Tree=175
num_leaves=15
num_cat=0
split_feature=50 57 3 16 48 34 19 19 8 26 27 21 22 16
split_gain=1.7127 1.64313 2.65675 1.54616 1.78731 1.54897 1.92761 2.71008 1.57613 1.82096 2.03595 1.50918 1.50732 2.01394
threshold=-0.98296290636062611 174.69999694824222 144.59999847412112 110.00000000000001 0.65000000596046459 -1.9499999880790708 169.75000000000003 190.69999694824222 31.349999427795414 0.47897768020629888 29.250000000000004 3.5000000000000004 642.50000000000011 33.699998855590827
decision_type=2 2 2 2 2 2 2 2 2 2 2 2 2 2
left_child=-1 2 3 5 -5 6 8 -8 9 10 -2 -3 -10 -14
right_child=1 11 -4 4 -6 -7 7 -9 12 -11 -12 -13 13 -15
leaf_value=-0.00087369252268128239 0.0068304126418374401 -0.0002869279344184284 -0.0006650647908247124 -0.00095964154956793717 0.001730065804047621 -7.2328751502743975e-05 0.0024816379256393894 0.00045959067625330553 -0.00070459660639825305 0.00039896629363459884 0.00082244057617355919 0.00044356696008440917 0.0010580181506248257 -0.00033504655920785985
leaf_weight=1093 74 207 1537 51 50 18778 69 242 949 290 71 877 482 478
leaf_count=1093 74 207 1537 51 50 18778 69 242 949 290 71 877 482 478
internal_value=-0.000217358 -0.00012932 -0.000219012 -7.51961e-05 0.00581081 -0.00010563 0.00102251 0.00465732 0.000522514 0.00320225 0.00758064 0.00176417 -0.000101617 0.00128866
internal_weight=25248 24155 23071 21534 101 21433 2655 311 2344 435 145 1084 1909 960
internal_count=25248 24155 23071 21534 101 21433 2655 311 2344 435 145 1084 1909 960
is_linear=0
shrinkage=0.05


Tree=176
num_leaves=15
num_cat=0
split_feature=17 3 2 49 23 51 0 3 13 28 20 6 14 43
split_gain=1.28123 1.92512 1.71343 2.40746 3.11094 2.50398 2.3387 2.60784 2.03904 3.62006 1.82298 1.75539 1.68253 2.72519
threshold=90.100002288818374 176.75000000000003 73.700000762939467 127.50000000000001 0.70499998331069957 0.12940952181816107 88.599998474121108 91.15000152587892 111.10922622680665 77.500000000000014 52.049999237060554 65.299999237060561 25.314004898071293 997.50000000000011
decision_type=2 2 2 8 2 2 2 2 2 2 2 2 2 8
left_child=2 -2 8 5 -5 -4 -7 10 -1 -10 -8 -9 13 -6
right_child=1 -3 3 4 12 6 7 11 9 -11 -12 -13 -14 -15
leaf_value=1.7457843041162296e-05 0.00036772703294573721 -0.0006736643835965235 0.00022168025546212712 -0.0019820661302891031 0.0015205747344454604 -0.0011240823612466567 0.0036077407001167206 0.00045664451648799482 0.0002775529190706595 0.0042370052575810965 0.00028010326994496598 -0.00043826120399657436 -0.00046874271093646233 -0.00013947886299573451
leaf_weight=16582 290 125 2197 1374 191 825 65 151 345 100 647 1595 486 256
leaf_count=16582 290 125 2197 1374 191 825 65 151 345 100 647 1595 486 256
internal_value=-7.50834e-05 0.00264706 -0.000121658 -0.000735541 -0.00208675 -0.000163936 -0.00103705 -0.00025932 0.000159358 0.00346154 0.00227147 -0.00129841 0.000143159 0.00233041
internal_weight=25229 415 24814 7787 2307 5480 3283 2458 17027 445 712 1746 933 447
internal_count=25229 415 24814 7787 2307 5480 3283 2458 17027 445 712 1746 933 447
is_linear=0
shrinkage=0.05


Tree=177
num_leaves=15
num_cat=0
split_feature=1 40 49 26 19 26 13 34 30 32 14 49 55 30
split_gain=1.38568 3.0718 2.07433 4.15539 3.4275 2.6894 2.32915 1.9126 1.87545 1.70736 1.49143 2.90531 1.73783 1.4652
threshold=64.40000152587892 994.64999389648449 142.50000000000003 0.67240816354751598 60.399999618530281 0.68134531378746044 76.77738189697267 -0.25000000745058054 102.50000000000001 7.5459349155426034 21.038407325744632 -22.499999999999996 3.5000000000000004 17.500000000000004
decision_type=2 2 10 2 2 2 2 2 10 2 2 10 2 8
left_child=1 -1 4 6 -2 8 -4 -8 -6 13 -10 -12 -13 -7
right_child=2 -3 3 -5 5 9 7 -9 10 -11 11 12 -14 -15
leaf_value=1.8925986491373821e-05 0.0055878848603345575 0.0029896136096608465 -0.00012262721803506262 -0.0024744612214073151 -0.00070454036446119205 0.00028367127713456805 0.0020591894863083416 0.00033313858140673999 -0.00047199209862555918 0.00086866086542138283 -0.0004986730732780795 0.0028614440475163115 0.00047318981791213169 -5.1365905353883429e-05
leaf_weight=15084 55 81 459 1271 1463 823 71 108 599 88 133 62 57 5043
leaf_count=15084 55 81 459 1271 1463 823 71 108 599 88 133 62 57 5043
internal_value=-0.000176527 0.000126852 -0.000625856 -0.00210787 -0.000283813 -0.00037328 0.00117284 0.00584656 -0.00181584 0.000189469 5.22636e-05 0.00320611 0.00856589 7.99852e-05
internal_weight=25397 15165 10232 1909 8323 8268 638 179 2314 5954 851 252 119 5866
internal_count=25397 15165 10232 1909 8323 8268 638 179 2314 5954 851 252 119 5866
is_linear=0
shrinkage=0.05


Tree=178
num_leaves=15
num_cat=0
split_feature=3 56 6 56 23 36 32 49 11 43 12 3 44 49
split_gain=1.42089 1.64217 1.71122 1.62858 1.60824 1.42259 1.31402 1.85938 3.23407 1.64829 1.41356 1.64805 1.40858 1.40131
threshold=131.55000305175784 26.650000572204593 28.550000190734867 76.700000762939467 0.19500000029802325 17.250000000000004 -2.8733866214752193 17.500000000000004 75.597915649414077 22.500000000000004 150.90625000000003 47.049999237060554 2.1763788461685185 -22.499999999999996
decision_type=2 2 2 2 2 2 2 10 2 10 2 2 2 10
left_child=1 -1 -3 -2 -4 6 7 10 -9 -8 11 -6 -13 -12
right_child=3 2 4 -5 5 -7 9 8 -10 -11 13 12 -14 -15
leaf_value=-0.0004278477512652936 -0.0016524570394234835 0.0012840839181232416 -0.00063322603107180233 -0.00014366942272862033 0.001062351077620491 -1.7938061745848492e-05 0.0004556267944969656 0.0033090322304526569 2.2914643982006109e-05 -0.00021429352662524618 0.0016541265456215919 0.00060691797598484221 -0.00056066048266745748 5.4561193891922329e-05
leaf_weight=2658 435 1074 1192 2490 280 14160 646 120 130 1098 53 508 472 59
leaf_count=2658 435 1074 1192 2490 280 14160 646 120 130 1098 53 508 472 59
internal_value=-0.000166438 -3.11677e-05 0.000125744 -0.00120102 1.38818e-05 0.000135149 0.00105746 0.0020772 0.00596154 0.000102621 0.0013314 0.00082677 -0.000151516 0.00647541
internal_weight=25375 22450 19792 2925 18718 17526 3366 1622 250 1744 1372 1260 980 112
internal_count=25375 22450 19792 2925 18718 17526 3366 1622 250 1744 1372 1260 980 112
is_linear=0
shrinkage=0.05


Tree=179
num_leaves=15
num_cat=0
split_feature=45 38 3 0 3 32 29 25 13 16 33 47 18 3
split_gain=1.46511 1.60508 1.62341 1.44386 1.75811 1.5607 1.60707 1.43347 1.31151 2.17678 2.72002 1.33857 1.21077 1.44312
threshold=0.57588231563568126 20.349999427795414 49.649999618530281 34.250000000000007 50.95000076293946 -1.457044184207916 7.2500000000000009 15.650000095367433 74.144344329833999 49.049999237060554 1.0000000180025095e-35 4.3583333492279062 59.95000076293946 108.40000152587892
decision_type=2 2 2 2 2 2 2 2 2 2 2 2 2 2
left_child=12 3 -3 4 5 6 -2 -7 11 -10 -11 -4 13 -1
right_child=1 2 8 -5 -6 7 -8 -9 9 10 -12 -13 -14 -15
leaf_value=-7.9230478730734686e-05 0.0080038476719460228 0.00028339095542568969 0.00018389064667985713 0.00017820917487651052 0.0047129826075076424 -1.2786426076202013e-05 0.00075976646127531898 0.0049685772835286425 -0.0011983119545200302 0.0023607274929494057 0.00034756763170883283 -0.00060684051948767942 0.00023447168714421367 -0.00038249125078848936
leaf_weight=12595 59 2225 494 4008 52 486 101 73 131 54 124 1761 462 2620
leaf_count=12595 59 2225 494 4008 52 486 101 73 131 54 124 1761 462 2620
internal_value=-9.99814e-05 0.000387345 -0.00025943 0.00103466 0.00300256 0.00227023 0.00647059 0.000975394 -0.001115 0.00189655 0.00537234 -0.00153422 -0.000397464 -0.00047455
internal_weight=25245 9568 4789 4779 771 719 160 559 2564 309 178 2255 15677 15215
internal_count=25245 9568 4789 4779 771 719 160 559 2564 309 178 2255 15677 15215
is_linear=0
shrinkage=0.05


Tree=180
num_leaves=15
num_cat=0
split_feature=50 48 2 11 50 32 49 23 33 29 29 32 20 48
split_gain=1.39168 1.32111 1.13847 2.03736 2.17824 2.59932 1.91907 1.74636 2.16742 1.705 1.45906 1.31808 1.7987 1.27973
threshold=-0.98296290636062611 7.3500001430511483 33.95000076293946 40.689582824707038 0.78656607866287243 4.2706327438354501 277.50000000000006 0.2950000017881394 1.0000000180025095e-35 6.3500001430511483 7.5499999523162851 -8.3140492439270002 25.849999427795414 -1.6500000357627866
decision_type=2 2 2 2 2 2 10 2 2 2 2 2 2 2
left_child=-1 2 6 4 11 -6 9 -8 10 -2 -9 12 -4 -5
right_child=1 -3 3 13 5 -7 7 8 -10 -11 -12 -13 -14 -15
leaf_value=-0.00069192996898142893 0.00090515262244002465 -0.0035943887709937515 -0.0018446689773746569 -0.00036925000844509716 -0.00014653492833409837 0.0060819756123650067 -0.0023077818879816856 0.0026383483449491847 0.0011081667893029486 -0.00012321594216414036 0.0049175282248634794 -0.0013348963143970686 0.0010724117862970653 3.5534595408750511e-05
leaf_weight=1090 1280 295 73 3170 601 76 104 96 211 2921 59 1597 66 13701
leaf_count=1090 1280 295 73 3170 601 76 104 96 211 2921 59 1597 66 13701
internal_value=-0.000169626 -9.06854e-05 -4.9031e-05 -0.000218722 -0.0015745 0.000822415 0.000650501 0.00364583 0.00523936 0.000307527 0.00954545 -0.00250859 0.00204698 -2.39927e-05
internal_weight=25340 24250 23955 19284 2413 677 4671 470 366 4201 155 1736 139 16871
internal_count=25340 24250 23955 19284 2413 677 4671 470 366 4201 155 1736 139 16871
is_linear=0
shrinkage=0.05


Tree=181
num_leaves=15
num_cat=0
split_feature=23 51 2 48 43 48 30 4 48 33 42 28 23 51
split_gain=1.63836 2.98404 3.2746 1.57341 2.04251 1.56725 1.93897 1.545 1.5177 1.57889 1.63331 1.42316 2.40784 3.89978
threshold=0.42499999701976782 -0.7865660786628722 26.849999427795414 -0.25000000745058054 72.500000000000014 -2.1499999761581416 22.500000000000004 34.250000000000007 -4.4500000476837149 15.550000190734865 4.1499998569488534 68.500000000000014 1.0049999952316286 -0.7865660786628722
decision_type=2 2 2 2 10 2 8 2 2 2 2 2 2 2
left_child=1 2 7 8 -5 -2 -7 -1 -3 10 -10 12 -8 -14
right_child=5 3 -4 4 -6 6 11 -9 9 -11 -12 -13 13 -15
leaf_value=0.00012920775861710899 -0.00056101382506112279 0.0019481040922463009 -0.0018796197583977371 0.00043957912905661007 -0.00013284060380329169 0.00038778462841340856 0.00011979441383557811 0.0036244771847897582 0.00012381532815922239 0.0035592395708137232 -0.00060106451999136865 -3.4513924521935502e-05 0.0025516688253471461 0.00033400972871104259
leaf_weight=190 2218 266 1692 1137 1016 862 4483 50 1190 52 3689 7763 245 505
leaf_count=190 2218 266 1692 1137 1016 862 4483 50 1190 52 3689 7763 245 505
internal_value=-0.000102098 -0.000630651 -0.00237384 -0.000169838 0.000963938 0.000203281 0.000400922 0.003 -0.000640485 -0.000840924 -0.000939866 0.000247577 0.000884035 0.00348684
internal_weight=25358 9282 1932 7350 2153 16076 13858 240 5197 4931 4879 12996 5233 750
internal_count=25358 9282 1932 7350 2153 16076 13858 240 5197 4931 4879 12996 5233 750
is_linear=0
shrinkage=0.05


Tree=182
num_leaves=15
num_cat=0
split_feature=7 57 57 1 23 33 50 28 25 48 0 22 8 49
split_gain=1.09871 2.06257 1.65174 1.70372 1.88872 1.7106 2.0695 2.79794 1.43089 1.42983 1.66903 1.53082 1.86616 1.32204
threshold=58.95000076293946 67.416667938232436 42.983333587646491 54.549999237060554 0.85500001907348644 2.7500000000000004 -0.7865660786628722 86.500000000000014 13.050000190734865 -1.7499999999999998 46.049999237060554 564.50000000000011 29.44999980926514 217.50000000000003
decision_type=2 2 2 2 2 2 2 2 2 2 2 2 2 8
left_child=2 13 3 4 -1 6 -6 8 -8 10 -4 12 -11 -2
right_child=1 -3 9 -5 5 -7 7 -9 -10 11 -12 -13 -14 -15
leaf_value=-8.8902664803444361e-05 -0.00029057076012325116 -2.5841320993242605e-05 0.00076838971144700284 -0.00071655069437344431 -0.00062877714727193213 -9.1787003675212391e-05 0.0034619279404761805 -0.002292490901336942 0.0017409820679443752 0.0033356380591226045 -0.0010422490456436552 0.0005058164551514381 -0.00013478256996147324 -0.0014503457789683252
leaf_weight=5564 1989 8583 843 1258 97 296 119 59 75 72 848 3148 1356 1040
leaf_count=5564 1989 8583 843 1258 97 296 119 59 75 72 848 3148 1356 1040
internal_value=-0.000133495 -0.000491311 0.000169151 -0.000332978 8.0374e-06 0.00254573 0.00486111 0.0071673 0.00995098 0.000767085 -0.000473252 0.00122547 -0.000132129 -0.00161073
internal_weight=25347 11612 13735 7468 6210 646 350 253 194 6267 1691 4576 1428 3029
internal_count=25347 11612 13735 7468 6210 646 350 253 194 6267 1691 4576 1428 3029
is_linear=0
shrinkage=0.05


Tree=183
num_leaves=15
num_cat=0
split_feature=17 21 3 50 23 48 48 1 31 30 48 21 30 31
split_gain=1.54054 2.08729 1.86612 1.71944 2.03973 3.1293 2.94547 2.46235 2.24065 2.34886 2.56714 1.87717 1.7359 1.95437
threshold=90.100002288818374 40.500000000000007 200.00000000000003 0.60355338454246532 0.67500001192092907 0.55000001192092907 1.8499999642372134 30.250000000000004 1.4193348884582522 1237.5000000000002 2.7500000000000004 105.50000000000001 82.500000000000014 -4.31416893005371
decision_type=2 2 2 2 2 2 2 2 2 10 2 2 8 2
left_child=2 -2 3 4 6 -6 -1 -8 11 10 -10 -7 13 -5
right_child=1 -3 -4 12 5 8 7 -9 9 -11 -12 -13 -14 -15
leaf_value=-7.8122136989649084e-05 0.00010694147789385463 0.00049912353856257266 -0.00077864653485944907 -0.00015061093243264972 -0.00012509768783729039 0.0011549356222546596 0.0010328045699563189 -0.0020889860017186345 0.0025665061340422986 -0.00087170115642134442 0.00038770975729767273 -1.9120990048261872e-05 -9.0486310322744403e-05 0.00053629050909324426
leaf_weight=9276 389 51 663 665 3927 529 329 2004 131 53 78 849 3547 2805
leaf_count=9276 389 51 663 665 3927 529 329 2004 131 53 78 849 3547 2805
internal_value=-0.000121711 0.00277778 -0.000174135 -0.000101848 -0.000371234 0.000415097 -0.000748344 -0.00233248 0.00224242 0.00639706 0.00869863 0.0014121 0.000557136 0.00135057
internal_weight=25296 440 24856 24193 17176 5567 11609 2333 1640 262 209 1378 7017 3470
internal_count=25296 440 24856 24193 17176 5567 11609 2333 1640 262 209 1378 7017 3470
is_linear=0
shrinkage=0.05


Tree=184
num_leaves=15
num_cat=0
split_feature=25 29 2 57 57 6 56 26 14 40 17 25 43 51
split_gain=1.37391 1.20195 1.33356 2.53004 1.80985 2.01412 2.6025 1.85663 2.69713 1.53349 2.0578 1.59426 2.24347 3.46422
threshold=69.799999237060561 13.750000000000002 83.000000000000014 97.01666641235353 42.516666412353523 25.44999980926514 34.399999618530281 0.64580494165420543 21.825041770935062 994.54998779296886 8.3499999046325701 20.849999427795414 97.500000000000014 0.12940952181816107
decision_type=2 2 2 2 2 2 2 2 2 2 2 2 8 2
left_child=1 2 4 -4 5 -1 -7 8 -8 11 -11 -6 -13 -14
right_child=-2 -3 3 -5 9 6 7 -9 -10 10 -12 12 13 -15
leaf_value=0.00029416196314755426 0.00035571448280859896 -0.00083721408947629798 -0.00043405293404879489 2.0124201709391542e-05 3.0600923110166572e-05 -0.00093617609529425745 0.00031591996960018747 -0.00047860743995390602 0.0022620740756861429 0.0030843372000127437 -0.00060391955657677346 9.2149976602434773e-05 0.00037126262056871943 0.0037437935595406855
leaf_weight=1834 115 1378 3002 3584 9030 2226 1007 1396 72 99 51 1106 454 116
leaf_count=1834 115 1378 3002 3584 9030 2226 1007 1396 72 99 51 1106 454 116
internal_value=-0.000229593 -0.000255274 -0.000172386 -0.000777745 5.71794e-05 -0.000599696 -0.00114732 -3.01823e-05 0.00151974 0.000452787 0.0053125 0.000379805 0.00179122 0.00431034
internal_weight=25470 25355 23977 6586 17391 6535 4701 2475 1079 10856 150 10706 1676 570
internal_count=25470 25355 23977 6586 17391 6535 4701 2475 1079 10856 150 10706 1676 570
is_linear=0
shrinkage=0.05


Tree=185
num_leaves=15
num_cat=0
split_feature=17 42 23 25 6 32 10 48 31 31 51 25 38 6
split_gain=1.71559 2.35 1.75402 1.61799 2.89035 2.44429 1.43225 1.54611 1.34168 1.37339 1.84154 1.32195 1.31495 1.26651
threshold=-73.700000762939439 3.3500000238418584 0.50499999523162853 41.750000000000007 63.899999618530281 6.1395573616027841 79.258331298828139 3.3500000238418584 10.066047668457033 -8.4152984619140607 -0.12940952181816107 14.84999990463257 15.750000000000002 48.149999618530281
decision_type=2 2 2 2 2 2 2 2 2 2 2 2 2 2
left_child=1 2 -1 6 -5 -6 8 -8 9 10 -2 -9 13 -3
right_child=3 12 -4 4 5 -7 7 11 -10 -11 -12 -13 -14 -15
leaf_value=0.00060645030981210492 5.0321522012385678e-05 0.0007220005374470814 0.0028866204108746758 0.0014683451110989176 2.1324248773626673e-05 0.00072416166759183248 -0.00013373147108437208 0.001087760020353173 -0.0012303448697010555 4.0560515985249046e-05 -0.0013693882844146524 -0.0024582672835393037 0.0054106600036732382 -0.00067605474539428735
leaf_weight=113 1056 140 103 133 983 52 4985 128 464 15163 1052 647 51 328
leaf_count=113 1056 140 103 133 983 52 4985 128 464 15163 1052 647 51 328
internal_value=-0.000115713 0.00224832 0.00650442 -0.000187048 0.00162139 0.000693779 -0.000277602 -0.000961873 -5.49462e-05 1.70696e-05 -0.00117564 -0.00302548 0.000387522 -0.000502093
internal_weight=25398 735 216 24663 1168 1035 23495 5760 17735 17271 2108 775 519 468
internal_count=25398 735 216 24663 1168 1035 23495 5760 17735 17271 2108 775 519 468
is_linear=0
shrinkage=0.05


Tree=186
num_leaves=15
num_cat=0
split_feature=40 21 17 47 2 51 23 26 15 2 25 38 5 19
split_gain=1.25965 1.70596 1.6396 1.69434 1.57121 2.02047 3.16415 2.04779 1.59706 1.84669 1.74063 1.98661 1.62099 1.58036
threshold=995.14999389648449 97.500000000000014 19.349999427795414 3.1833333969116215 83.000000000000014 -0.7865660786628722 1.0349999666213991 0.68487977981567394 90.90000152587892 54.649999618530281 17.550000190734867 26.150000572204593 34.95000076293946 133.85000610351565
decision_type=2 2 2 2 2 2 2 2 2 2 2 2 2 2
left_child=4 2 3 -2 8 6 -6 -7 9 -1 12 13 -10 -12
right_child=1 -3 -4 -5 5 7 -8 -9 10 -11 11 -13 -14 -15
leaf_value=2.1829337659247131e-05 0.0037509446440288949 -0.0021043889689896988 -2.7278706426887627e-05 0.0011284032715105448 -0.0018138780610682762 -0.00050191610413414752 0.00089829774697369822 3.348840971182902e-05 0.0029861467757646238 -0.00040087103841478591 0.00047407684230688909 0.004406627385527136 -0.00014349726582355433 -0.00043922210194668093
leaf_weight=10708 72 86 146 116 1204 1267 196 3738 147 2929 1870 59 2430 356
leaf_count=10708 72 86 146 116 1204 1267 196 3738 147 2929 1870 59 2430 356
internal_value=-0.000125129 0.00255814 0.00415698 0.00712121 -0.000171391 -0.000845675 -0.00251773 -0.00037388 6.24009e-05 -0.000215067 0.00083949 0.00184096 -5.21852e-05 0.00157424
internal_weight=25324 420 334 188 24904 6405 1400 5005 18499 13637 4862 2285 2577 2226
internal_count=25324 420 334 188 24904 6405 1400 5005 18499 13637 4862 2285 2577 2226
is_linear=0
shrinkage=0.05


Tree=187
num_leaves=15
num_cat=0
split_feature=48 18 2 15 42 2 20 49 53 53 32 14 17 50
split_gain=1.21976 1.62637 1.54269 1.51362 1.58011 1.59866 1.55469 1.84469 2.79093 1.67662 1.72386 1.6382 1.75255 1.54272
threshold=5.1499998569488534 59.95000076293946 108.59999847412111 107.00000000000001 1.6500000357627871 39.649999618530281 47.149999618530281 387.50000000000006 -0.49812626838684076 -0.89404255151748646 -0.15355778485536573 19.750234603881839 -2.9500000476837154 0.91597560048103344
decision_type=2 2 2 2 2 2 2 10 2 2 2 2 2 2
left_child=1 2 3 4 -1 6 7 -6 9 -9 -11 12 -8 -7
right_child=-2 -3 -4 -5 5 13 11 8 -10 10 -12 -13 -14 -15
leaf_value=0.00096644798466962605 -0.0011020489209016191 0.00034986327195780058 -0.0002225268328217805 0.0001377438607461074 -0.00010206528217559244 -0.00028811460568598977 0.0038187346728394997 0.00067943936935761741 -0.00083420185681762522 0.0011714944602876571 0.0053608761852657104 -0.0027546265030850407 0.00084591241377974082 0.0002221482027177358
leaf_weight=510 1081 714 3407 4228 5221 7485 61 70 227 63 76 87 734 1410
leaf_count=510 1081 714 3407 4228 5221 7485 61 70 227 63 76 87 734 1410
internal_value=-0.000156399 -8.29128e-05 -0.000154522 1.18906e-05 -0.000211233 -0.000302384 0.000290883 -1.50003e-05 0.00307175 0.00710046 0.0101007 0.00223094 0.00295031 -0.00073835
internal_weight=25374 24293 23579 20172 15944 15434 6539 5657 436 209 139 882 795 8895
internal_count=25374 24293 23579 20172 15944 15434 6539 5657 436 209 139 882 795 8895
is_linear=0
shrinkage=0.05


Tree=188
num_leaves=15
num_cat=0
split_feature=3 19 17 25 28 6 33 3 25 29 48 16 5 6
split_gain=1.21289 1.90532 1.85903 1.49842 1.9049 1.7021 1.59952 1.69263 2.0586 1.11425 1.83695 1.5354 1.63173 1.1769
threshold=166.00000000000003 218.1499938964844 100.79999923706056 15.650000095367433 74.500000000000014 37.199998855590827 0.55000001192092907 66.700000762939467 13.550000190734865 13.84999990463257 0.45000000298023229 20.550000190734867 33.95000076293946 69.700000762939467
decision_type=2 2 2 2 2 2 2 2 2 2 2 2 2 2
left_child=1 9 3 5 -5 -3 7 -7 -9 13 -11 12 -12 -1
right_child=-2 2 -4 4 -6 6 -8 8 -10 10 11 -13 -14 -15
leaf_value=3.6346974618196173e-05 -0.00031562459398936553 -0.00085793698463806445 0.00043996430311914539 -0.00082699249998153938 0.00038337801427792322 0.0056153642312585733 -5.3457963336224728e-05 -0.00075423630224494265 0.003164413850167871 -0.0015249662326718679 -5.3227940022875611e-06 -0.00045172969245609192 0.0026842714555757475 -0.00015479936923756495
leaf_weight=14866 1410 88 75 248 311 62 69 72 53 772 77 341 56 6854
leaf_count=14866 1410 88 75 248 311 62 69 72 53 772 77 341 56 6854
internal_value=-0.000199891 -0.000115639 0.00203441 0.00135268 -0.000254834 0.0038983 0.00590225 0.00819797 0.00425926 -0.000208044 -0.00165605 0.000785123 0.00513986 -0.000124253
internal_weight=25354 23944 978 903 559 344 256 187 125 22966 1246 474 133 21720
internal_count=25354 23944 978 903 559 344 256 187 125 22966 1246 474 133 21720
is_linear=0
shrinkage=0.05


Tree=189
num_leaves=15
num_cat=0
split_feature=57 50 2 43 25 52 31 57 7 31 52 13 6 32
split_gain=1.34516 2.41923 2.12891 1.48969 1.57009 1.48446 1.6245 1.41867 1.588 1.72487 3.29268 1.52625 1.92012 1.48244
threshold=174.69999694824222 0.37940952181816107 131.55000305175784 17.500000000000004 29.44999980926514 0.32613943517208105 -2.136533141136169 28.183333396911625 30.250000000000004 7.8929076194763192 0.32613943517208105 66.716964721679702 69.700000762939467 -4.0139276981353751
decision_type=2 2 2 8 2 2 2 2 2 2 2 2 2 2
left_child=2 5 7 4 -4 6 -2 -1 9 -9 -11 -10 13 -13
right_child=1 -3 3 -5 -6 -7 -8 8 11 10 -12 12 -14 -15
leaf_value=-0.00050203271770796155 0.0010397285268486369 -0.00014747290297477254 0.00087089258008036055 -0.00070422743876456383 -8.0180699901174948e-05 0.0016724540938582403 9.3356266595275022e-05 0.00029794763374144513 -0.00016485462708575778 0.0045428392466966725 0.00024746333776279572 0.0013747238512714735 -3.605752168285025e-05 0.00015139960213483587
leaf_weight=2230 166 491 64 1782 207 57 385 1859 11562 63 140 726 3915 1765
leaf_count=2230 166 491 64 1782 207 57 385 1859 11562 63 140 726 3915 1765
internal_value=-0.000210842 0.00149233 -0.000288411 -0.00182501 0.00158363 0.00357605 0.00266488 -0.000145937 -1.24762e-05 0.00129826 0.00556338 -0.000163534 0.000455111 0.00153738
internal_weight=25412 1099 24313 2053 271 608 551 22260 20030 2062 203 17968 6406 2491
internal_count=25412 1099 24313 2053 271 608 551 22260 20030 2062 203 17968 6406 2491
is_linear=0
shrinkage=0.05


Tree=190
num_leaves=15
num_cat=0
split_feature=30 22 27 3 25 28 43 56 38 5 8 56 0 18
split_gain=1.22731 1.72271 2.09955 1.62067 2.42084 1.96114 2.37461 1.53283 1.43207 1.68944 1.42557 1.35617 1.76292 1.28786
threshold=17.500000000000004 1575.5000000000002 21.150000572204593 107.00000000000001 27.250000000000004 71.500000000000014 22.500000000000004 133.40000152587893 16.550000190734867 126.89999771118165 28.150000572204593 62.750000000000007 141.80000305175784 7.4500000476837167
decision_type=8 2 2 2 2 2 10 2 2 2 2 2 2 2
left_child=1 2 -1 4 -2 10 -7 8 -5 -10 -6 -8 -13 -12
right_child=3 -3 -4 7 5 6 11 -9 9 -11 13 12 -14 -15
leaf_value=0.0028257781464996676 -7.7128093133139937e-05 5.1359092692841528e-05 0.00015985030692398114 -0.0007916397998156381 0.0019906324119414102 0.0020050674589994536 0.0019330978432413844 -8.0664765397083359e-06 -0.00039189530691754776 0.00071559709123847901 0.00034309055278340076 -0.00047315796316384966 0.0011614555470369681 -0.00034034524924657925
leaf_weight=61 18911 985 96 1710 57 90 85 1640 317 101 484 190 52 432
leaf_count=61 18911 985 96 1710 57 90 85 1640 317 101 484 190 52 432
internal_value=-0.000214307 0.00138021 0.00607784 -0.000290503 -0.000113486 0.00189286 0.00471897 -0.0012414 -0.00212348 0.000490653 0.000645981 0.00256676 0.000555554 0.000129588
internal_weight=25211 1142 157 24069 20301 1390 417 3768 2128 418 973 327 242 916
internal_count=25211 1142 157 24069 20301 1390 417 3768 2128 418 973 327 242 916
is_linear=0
shrinkage=0.05


Tree=191
num_leaves=15
num_cat=0
split_feature=7 37 8 50 17 47 45 57 6 51 5 14 37 22
split_gain=1.67421 1.9841 2.77124 2.00501 2.28898 3.07582 1.92977 1.80077 2.16162 1.67014 1.82853 1.7463 1.70469 2.44078
threshold=45.000000000000007 83.500000000000014 78.099998474121108 0.78656607866287243 -21.249999999999996 6.9166667461395273 5.0509080886840829 66.216663360595717 66.500000000000014 -0.12940952181816107 33.95000076293946 14.973493099212648 90.500000000000014 1657.5000000000002
decision_type=2 2 2 2 2 2 2 2 2 2 2 2 2 2
left_child=1 2 3 -1 5 -5 -6 8 -2 10 11 -9 13 -12
right_child=7 -3 -4 4 6 -7 -8 9 -10 -11 12 -13 -14 -15
leaf_value=4.8744454931142805e-05 -0.00013961470872693002 -0.00042649478589149281 0.001864720725202537 0.0030458334802931386 0.0003372291499773775 0.00061955105133674982 0.0064557686885610699 -0.00030427654390526737 -0.0010428914741320949 -9.524963192510218e-05 0.00042570215028504772 0.0038265792596225211 0.0010958634413624918 -0.00047001431391040829
leaf_weight=6807 5043 1316 263 55 731 60 53 51 1464 6341 1514 84 512 1081
leaf_count=6807 5043 1316 263 55 731 60 53 51 1464 6341 1514 84 512 1081
internal_value=-0.000160529 0.000373856 0.000671136 0.000495074 0.00270077 0.009 0.00167506 -0.000468945 -0.00111017 -3.28376e-05 0.000888683 0.00637931 0.000630413 0.000105565
internal_weight=25375 9285 7969 7706 899 115 784 16090 6507 9583 3242 135 3107 2595
internal_count=25375 9285 7969 7706 899 115 784 16090 6507 9583 3242 135 3107 2595
is_linear=0
shrinkage=0.05


Tree=192
num_leaves=15
num_cat=0
split_feature=48 21 20 0 55 30 7 25 53 27 30 4 6 28
split_gain=1.18747 1.60013 4.59811 1.84913 3.55753 2.00842 2.08577 1.96706 2.76356 1.91305 1.49784 1.45378 1.4331 1.5024
threshold=-1.5500000119209287 125.50000000000001 10.34999990463257 34.250000000000007 2.5000000000000004 1537.5000000000002 42.199998855590827 17.150000572204593 -0.056951010599732392 32.049999237060554 17.500000000000004 28.550000190734867 72.500000000000014 71.500000000000014
decision_type=2 2 2 2 2 8 2 2 2 2 8 2 2 2
left_child=1 -1 11 4 -4 7 -7 -5 -9 -6 12 -3 13 -2
right_child=10 2 3 5 9 6 -8 8 -10 -11 -12 -13 -14 -15
leaf_value=-0.00080697711321200169 7.136464594032944e-05 0.0011132235448139212 -0.0012471354122209029 -0.0012163810283444116 0.0073049691279566164 -0.00038538647089734178 0.0020774982068060936 0.0044026084919668541 2.7507924554912562e-05 0.0012472376324281459 -1.8354287282135615e-05 -0.0019797142804974656 0.00011381159392688587 0.0012222561399585811
leaf_weight=3608 82 259 81 311 85 53 86 76 246 61 18779 852 603 113
leaf_count=3608 82 259 81 311 85 53 86 76 246 61 18779 852 603 113
internal_value=-0.000176844 -0.000810057 0.000283018 0.00273042 0.00660337 0.00152174 0.00674497 0.000287713 0.00298193 0.0110256 8.42276e-06 -0.00192239 0.00211634 0.00573171
internal_weight=25295 5718 2110 999 227 772 139 633 322 146 19577 1111 798 195
internal_count=25295 5718 2110 999 227 772 139 633 322 146 19577 1111 798 195
is_linear=0
shrinkage=0.05


Tree=193
num_leaves=15
num_cat=0
split_feature=57 22 50 0 21 1 57 3 22 19 44 7 7 52
split_gain=1.17394 1.31408 1.54467 1.18146 1.10923 1.03803 2.31157 1.7092 1.5395 1.51132 1.51764 1.46126 1.45425 2.2362
threshold=201.94999694824222 2508.0000000000005 0.12940952181816109 208.40000152587893 6.5000000000000009 39.149999618530281 44.783332824707038 56.750000000000007 564.50000000000011 46.95000076293946 0.73642972111701976 30.250000000000004 28.849999427795414 -0.54939359426498402
decision_type=2 2 2 2 2 2 2 2 2 2 2 2 2 2
left_child=5 2 -2 -3 -5 7 -7 8 11 -10 -11 -1 13 -8
right_child=1 3 -4 4 -6 6 12 -9 9 10 -12 -13 -14 -15
leaf_value=0.00020741634415171137 0.0017946484324973919 -0.00063911807276131015 0.00014797185944388953 -0.00010901439962384404 0.00039934180484156383 -0.00048209048394743341 0.0035045737949541255 0.0012539422482266904 -9.5251244838148047e-05 0.0015623156072550734 3.3158057107510883e-05 -0.00067822674926749113 -5.6430269766488878e-05 2.8055967975447238e-05
leaf_weight=1725 65 167 112 99 95 3747 52 112 1326 793 566 2508 13685 116
leaf_count=1725 65 167 112 99 95 3747 52 112 1326 793 566 2508 13685 116
internal_value=-0.000263723 0.00202555 0.00542781 0.000256064 0.00284314 -0.00031453 -0.000519592 0.000198862 9.52644e-05 0.00102968 0.00219503 -0.000498469 -0.000221093 0.00426966
internal_weight=25168 538 177 361 194 24630 17600 7030 6918 2685 1359 4233 13853 168
internal_count=25168 538 177 361 194 24630 17600 7030 6918 2685 1359 4233 13853 168
is_linear=0
shrinkage=0.05


Tree=194
num_leaves=15
num_cat=0
split_feature=23 50 50 30 2 56 34 33 27 13 16 1 17 5
split_gain=1.4945 1.7103 1.32298 1.31398 1.43972 2.21946 1.92538 1.71804 1.47248 1.82113 2.37769 2.36285 1.41362 1.31045
threshold=0.22500000149011615 -0.98296290636062611 0.91597560048103344 17.500000000000004 74.849998474121108 121.29999923706056 -1.5500000119209287 2.0499999523162846 16.250000000000004 53.920238494873054 39.399999618530281 66.700000762939467 -27.05000019073486 41.95000076293946
decision_type=2 2 2 8 2 2 2 2 2 2 2 2 2 2
left_child=2 -2 -1 12 8 6 7 -6 9 -5 11 -11 -3 -8
right_child=1 3 -4 4 5 -7 13 -9 -10 10 -12 -13 -14 -15
leaf_value=-0.00063027469938429484 -0.00062283862271993607 0.0020271645630187849 0.00030508439603300105 -0.00050300448127395042 -9.7076028386210924e-06 7.9249647890573249e-05 9.4171056261009391e-05 0.0016556313427223022 2.9814911185056399e-05 0.000975091551403616 5.1921640101476726e-05 0.0024698695546030952 0.00014743596512592011 -0.00048965799508140031
leaf_weight=2096 981 85 364 297 388 2449 523 120 13247 301 290 69 910 3332
leaf_count=2096 981 85 364 297 388 2449 523 120 13247 301 290 69 910 3332
internal_value=-0.000167309 -4.17367e-05 -0.00133603 4.97241e-05 -3.47201e-05 -0.000631781 -0.00130688 0.00156371 0.000251863 0.00213547 0.00358209 0.00618421 0.00181592 -0.00168823
internal_weight=25452 22992 2460 22011 21016 6812 4363 508 14204 957 660 370 995 3855
internal_count=25452 22992 2460 22011 21016 6812 4363 508 14204 957 660 370 995 3855
is_linear=0
shrinkage=0.05


Tree=195
num_leaves=15
num_cat=0
split_feature=50 17 4 43 21 48 4 30 3 35 11 0 2 10
split_gain=1.50915 1.18626 1.52393 1.29946 1.36227 1.23636 1.15108 1.00022 1.03715 2.46264 2.00343 1.96939 1.87769 2.38595
threshold=-0.98296290636062611 -73.700000762939439 158.09999847412112 337.50000000000006 196.50000000000003 7.3500001430511483 149.69999694824222 2732.5000000000005 84.200000762939467 1.5000000000000002 67.991664886474624 107.00000000000001 59.350000381469734 61.558332443237312
decision_type=2 2 2 8 2 2 2 10 2 2 2 2 2 2
left_child=-1 2 6 4 -4 7 -2 8 10 11 12 -10 -3 -14
right_child=1 5 3 -5 -6 -7 -8 -9 9 -11 -12 -13 13 -15
leaf_value=-0.00079251945306284483 0.00055877291798138906 2.9992773755511012e-05 0.0030560263169517525 -0.00039206556314148075 -0.00024464341425644876 -0.0043661641802375311 0.0053259587803021462 -0.0011323215203521521 -0.00022814221144341331 -0.00050168479605725046 0.00031376164770996164 0.00017496170743639607 -0.0016689011314845821 -0.0001029940334180011
leaf_weight=1047 189 11613 140 228 89 295 57 321 757 3918 2970 1185 645 1817
leaf_count=1047 189 11613 140 228 89 295 57 321 757 3918 2970 1185 645 1817
internal_value=-0.000217754 -0.000136999 0.00187237 0.000139185 0.00274058 -0.000197825 0.00496094 -0.000156224 -0.000116737 -0.00068995 8.06203e-05 0.000763318 -0.00016862 -0.0014199
internal_weight=25271 24224 703 457 229 23521 246 23226 22905 5860 17045 1942 14075 2462
internal_count=25271 24224 703 457 229 23521 246 23226 22905 5860 17045 1942 14075 2462
is_linear=0
shrinkage=0.05


Tree=196
num_leaves=15
num_cat=0
split_feature=50 23 51 51 1 21 23 26 40 26 26 23 0 1
split_gain=1.59227 1.6575 3.2629 2.92582 2.59577 2.48318 2.32923 1.9965 2.94415 2.45303 2.19961 3.23385 2.12505 1.9696
threshold=-0.98296290636062611 0.76499998569488536 -0.7865660786628722 -0.7865660786628722 28.550000190734867 165.50000000000003 0.54500001668930065 0.93782794475555431 983.45001220703136 0.69717764854431163 0.67333146929740917 1.2250000238418581 26.550000190734867 37.750000000000007
decision_type=2 2 2 2 2 2 2 2 2 2 2 2 2 2
left_child=-1 2 4 7 5 -2 -6 8 12 10 11 -10 -3 -8
right_child=1 3 -4 -5 6 -7 13 -9 9 -11 -12 -13 -14 -15
leaf_value=-0.00063790329569972371 -0.0001944378081408948 0.0056206418434322919 -5.0357499497996776e-06 -4.1417064373210814e-06 -0.001933049284329416 0.0023456234021005974 0.00160818227531889 -0.0010560615890693517 0.00079178799642369189 0.0036667588862439753 0.00010392610125140908 0.0033719208171154496 0.00028832906189358567 -0.00039244901986892737
leaf_weight=1060 399 52 14381 4652 2261 152 153 156 128 52 185 66 731 923
leaf_count=1060 399 52 14381 4652 2261 152 153 156 128 52 185 66 731 923
internal_value=-0.000215095 -0.000131889 -0.000369004 0.000586869 -0.00165213 0.00150624 -0.00217658 0.00260869 0.00329248 0.00656462 0.00489717 0.00848039 0.00143127 -0.000257828
internal_weight=25351 24291 18269 6022 3888 551 3337 1370 1214 431 379 194 783 1076
internal_count=25351 24291 18269 6022 3888 551 3337 1370 1214 431 379 194 783 1076
is_linear=0
shrinkage=0.05


Tree=197
num_leaves=15
num_cat=0
split_feature=48 23 17 51 54 16 35 48 14 48 21 26 13 49
split_gain=1.26182 1.6298 1.69215 2.87123 1.76437 1.57792 2.17778 1.55971 1.49135 1.47493 1.80003 2.11565 3.33619 3.29413
threshold=-1.8499999642372129 0.34499999880790716 22.349999427795414 0.37940952181816107 7.5000000000000009 94.299999237060561 2.5000000000000004 3.0499999523162846 7.7870078086853036 -1.0500000119209287 136.50000000000003 0.67333146929740917 76.77738189697267 87.500000000000014
decision_type=2 2 2 2 2 2 2 2 2 2 2 2 2 10
left_child=-1 7 3 9 -5 8 -7 -2 -4 -3 11 12 -11 -14
right_child=1 2 5 4 -6 6 -8 -9 -10 10 -12 -13 13 -15
leaf_value=-0.00052794232213409804 -4.6399643702119521e-05 0.00068847828889151321 0.0036769251764886437 -0.00011192909200475087 -0.00089196256819570061 0.0005787752173265036 -0.00051558101276411971 -0.0015491173288111921 0.00016383828969851379 0.00049759765062967949 -0.00014031223911445506 -4.2740374683462654e-06 0.00059345061944786283 0.0025650331446516578
leaf_weight=4668 4149 947 52 1814 1232 201 68 901 2310 2047 3527 2975 171 138
leaf_count=4668 4149 947 52 1814 1232 201 68 901 2310 2047 3527 2975 171 138
internal_value=-0.000101152 6.76651e-05 0.000322101 8.51399e-05 -0.00125327 0.00147482 0.00503584 -0.000711464 0.00104975 0.000501782 0.000299954 0.000879048 0.00199493 0.00675548
internal_weight=25200 20532 15482 12851 3046 2631 269 5050 2362 9805 8858 5331 2356 309
internal_count=25200 20532 15482 12851 3046 2631 269 5050 2362 9805 8858 5331 2356 309
is_linear=0
shrinkage=0.05


Tree=198
num_leaves=15
num_cat=0
split_feature=45 6 44 35 8 57 2 17 49 19 31 20 32 30
split_gain=1.124 1.60004 1.46142 1.57967 1.27562 1.26722 1.56863 1.42021 1.90141 1.28011 1.57784 2.06165 2.17452 2.76885
threshold=-3.236080408096313 13.750000000000002 3.5981547832489018 1.5000000000000002 21.050000190734867 174.69999694824222 200.00000000000003 -37.04999923706054 147.50000000000003 138.55000305175784 -7.5432114601135245 11.250000000000002 -0.34827786684036249 67.500000000000014
decision_type=2 2 2 2 2 2 2 2 10 2 2 2 2 10
left_child=2 4 -1 -4 -2 6 7 8 9 10 -3 -12 13 -13
right_child=1 5 3 -5 -6 -7 -8 -9 -10 -11 11 12 -14 -15
leaf_value=-5.7507889565952967e-05 0.0040029185145419449 -0.0011430884902786252 7.4972752308504358e-06 -0.001511133972119411 0.00038371568528333173 0.00023363047199207685 -0.00086793166690701188 -5.8907528795129175e-05 -0.00056030577211141558 -0.00014073639531113241 0.00050830284555575917 0.0047782899443385689 0.0005950452738994424 0.0014661325525518582
leaf_weight=4758 60 91 879 1770 104 787 327 15272 438 200 349 51 194 132
leaf_count=4758 60 91 879 1770 104 787 327 15272 438 200 349 51 194 132
internal_value=-0.000214776 -1.38892e-06 -0.000732777 -0.00167168 0.00477011 -4.78977e-05 -0.00013889 -7.08024e-05 0.00141638 0.00259494 0.00346433 0.00423913 0.0067571 0.010544
internal_weight=25412 18005 7407 2649 164 17841 17054 16727 1455 1017 817 726 377 183
internal_count=25412 18005 7407 2649 164 17841 17054 16727 1455 1017 817 726 377 183
is_linear=0
shrinkage=0.05


Tree=199
num_leaves=15
num_cat=0
split_feature=18 2 56 25 31 43 27 35 53 17 26 49 32 8
split_gain=1.41424 1.59402 1.99262 1.70924 1.69908 2.96851 1.58391 2.82792 1.34996 2.32176 1.76843 1.40481 2.14613 1.30473
threshold=59.95000076293946 99.299999237060561 121.29999923706056 27.44999980926514 5.4000771045684823 37.500000000000007 7.9500000476837167 2.5000000000000004 -0.61915585398674 40.549999237060554 0.98965421319007885 7.5000000000000009 1.4525747299194338 67.40000152587892
decision_type=2 2 2 2 2 10 2 2 2 2 2 8 2 2
left_child=1 3 -3 6 -5 -6 7 -1 9 -2 11 12 -10 -7
right_child=8 2 -4 4 5 13 -8 -9 10 -11 -12 -13 -14 -15
leaf_value=-7.3654332890913616e-05 -5.6605276610250355e-05 -0.00063084756506579963 -1.1729503436206645e-05 9.3652001927097646e-05 0.0027859465881004807 0.0007211705544210692 -5.0212996921847171e-05 0.0045698775670310514 -2.5927629395205798e-05 0.00299235321996958 0.0018966731455807061 -0.0011210710936054651 0.00069604557464729064 -0.00044500889725865859
leaf_weight=119 63 1922 2366 912 80 78 18824 63 257 56 77 243 71 67
leaf_count=119 63 1922 2366 912 80 78 18824 63 257 56 77 243 71 67
internal_value=-0.00015035 -0.000217055 -0.00109121 -3.05177e-05 0.00184394 0.0056383 -0.000143565 0.004375 0.00194981 0.00662791 0.00100304 -8.60702e-06 0.00210059 0.00112903
internal_weight=25198 24431 4288 20143 1137 225 19006 182 767 119 648 571 328 145
internal_count=25198 24431 4288 20143 1137 225 19006 182 767 119 648 571 328 145
is_linear=0
shrinkage=0.05


Tree=200
num_leaves=15
num_cat=0
split_feature=2 40 49 22 20 17 4 24 8 25 40 38 17 2
split_gain=2.11007 2.0502 1.52961 1.46932 1.15927 1.33809 2.50398 1.55641 1.59565 1.39213 2.45583 1.27215 1.53082 1.24029
threshold=73.700000762939467 994.54998779296886 587.50000000000011 1329.5000000000002 3.6499999761581425 -9.4499998092651349 27.44999980926514 320.00000000000006 59.350000381469734 15.150000095367433 987.75000000000011 26.349999427795414 16.750000000000004 72.299999237060561
decision_type=2 2 10 2 2 2 2 2 2 2 2 2 2 2
left_child=1 4 -2 -3 -1 6 -6 9 -9 -7 11 -11 -13 -8
right_child=2 3 -4 -5 5 7 13 8 -10 10 -12 12 -14 -15
leaf_value=-0.001405805377681114 -9.6692033731350424e-05 -0.00042529261560280221 -0.0025932547610651242 0.0038453485972940178 0.0067201451596307143 -0.00016331954229339648 0.00015119588367429085 0.0035918500401485795 -0.00092784412743457563 0.0004123352497139875 -0.00051177736353611814 0.00041807786079616979 0.0065001223476879189 0.002920894940130269
leaf_weight=408 7886 58 419 70 78 8013 5092 112 50 2245 784 79 56 70
leaf_count=408 7886 58 419 70 78 8013 5092 112 50 2245 784 79 56 70
internal_value=-0.00015533 0.000162043 -0.000808781 0.00623188 0.000112666 0.000178129 0.000838094 -0.000127325 0.00459302 -0.000199787 0.000686829 0.00148535 0.00603448 0.000694121
internal_weight=25420 17115 8305 128 16987 16579 5240 11339 162 11177 3164 2380 135 5162
internal_count=25420 17115 8305 128 16987 16579 5240 11339 162 11177 3164 2380 135 5162
is_linear=0
shrinkage=0.05


Tree=201
num_leaves=15
num_cat=0
split_feature=23 51 2 41 57 1 9 4 21 51 38 51 23 26
split_gain=1.29434 2.61325 2.19519 1.56399 1.53565 1.81752 1.65497 1.49853 1.37643 1.5956 1.32832 1.32242 3.09981 1.71685
threshold=0.42499999701976782 -0.7865660786628722 26.849999427795414 1.0000000180025095e-35 178.51667022705081 64.40000152587892 70.65000152587892 33.45000076293946 57.500000000000007 -0.12940952181816107 24.849999427795414 -0.6035533845424651 0.64499998092651378 0.78007271885871898
decision_type=2 2 2 2 2 2 2 2 2 2 2 2 2 2
left_child=1 2 7 4 5 6 10 -1 -8 -10 -2 12 -5 -14
right_child=3 -3 -4 11 -6 -7 8 -9 9 -11 -12 -13 13 -15
leaf_value=-8.7722750033702448e-05 0.00035630403183212997 -4.8038550174421405e-05 -0.0016221296841300898 -0.00032409104435016534 0.00040968698838259108 -3.9081873106289328e-05 0.0032797904274453633 0.0035519523546863885 0.0016292046692499265 -0.00033220396806200728 0.0021219310011205278 -0.00018412364213905537 0.00055191389607531368 -0.00028232525920488601
leaf_weight=184 1053 7307 1671 1442 283 2533 140 51 73 132 89 8071 1853 401
leaf_count=184 1053 7307 1671 1442 283 2533 140 51 73 132 89 8071 1853 401
internal_value=-0.000196301 -0.000668439 -0.00231211 7.46257e-05 0.000889171 0.000632753 0.00201403 0.00214286 0.005 0.0022093 0.00107639 -0.000223742 0.000558553 0.00171378
internal_weight=25283 9213 1906 16070 4303 4020 1487 235 345 205 1142 11767 3696 2254
internal_count=25283 9213 1906 16070 4303 4020 1487 235 345 205 1142 11767 3696 2254
is_linear=0
shrinkage=0.05


Tree=202
num_leaves=15
num_cat=0
split_feature=48 56 6 56 2 53 24 6 47 15 6 17 37 43
split_gain=1.37908 1.31674 2.57165 2.30038 1.98204 1.70832 2.47367 3.57269 1.70154 1.67702 1.60728 1.76985 2.43392 2.27408
threshold=-6.8500001430511466 47.649999618530281 66.950000762939467 70.200000762939467 63.000000000000007 0.39629089832305914 5.5000000000000009 64.40000152587892 8.0166668891906756 118.40000152587892 45.699998855590827 0.45000000298023229 42.500000000000007 407.50000000000006
decision_type=2 2 2 2 2 2 2 2 2 2 2 2 2 8
left_child=-1 4 5 8 -2 10 -7 9 -4 -8 11 12 -3 -14
right_child=1 2 3 -5 -6 6 7 -9 -10 -11 -12 -13 13 -15
leaf_value=0.00300945488154966 -0.00010329428076045832 -0.0017827221016556893 -0.0010963565093388302 -2.521092454482252e-05 -0.00072093432836931384 0.00011083405025974198 0.0010831022616108394 0.0033587508057245511 0.00019083536990502362 -0.00019967438524210449 -7.669375859767923e-06 -0.00013289432933804126 0.001481767603025501 0.0046160692868382844
leaf_weight=75 8661 64 970 8073 1485 818 328 71 417 174 3406 353 225 98
leaf_count=75 8661 64 970 8073 1485 818 328 71 417 174 3406 353 225 98
internal_value=-0.000181942 -0.000203357 9.42881e-05 -0.000406548 -0.000642971 0.000949161 0.00245896 0.00494854 -0.00227989 0.00330078 0.00043792 0.00253333 0.00482368 0.00656156
internal_weight=25218 25143 14997 9460 10146 5537 1391 573 1387 502 4146 740 387 323
internal_count=25218 25143 14997 9460 10146 5537 1391 573 1387 502 4146 740 387 323
is_linear=0
shrinkage=0.05


Tree=203
num_leaves=15
num_cat=0
split_feature=31 31 8 49 26 56 34 2 48 52 12 41 51 29
split_gain=1.36429 1.24557 3.12863 1.10892 2.09179 1.48687 2.18029 1.93244 1.13553 1.24571 1.12684 1.11545 1.23704 1.68478
threshold=10.066047668457033 9.4682636260986346 40.45000076293946 557.50000000000011 0.6831452250480653 62.300001144409187 1.0000000180025095e-35 34.649999618530281 -2.1499999761581416 0.29342973232269293 25.368750572204593 61.500000000000007 0.60355338454246532 4.0499999523162851
decision_type=2 2 2 10 2 2 2 2 2 2 2 2 2 2
left_child=1 3 -3 8 5 7 -7 -5 9 -1 -10 12 13 -11
right_child=-2 2 -4 4 -6 6 -8 -9 10 11 -12 -13 -14 -15
leaf_value=-0.0011944241814595179 -0.0013510832712858749 0.0032966616656626216 -0.0003080367875285166 0.0026671544280733313 -0.0038001823269307095 0.0028285468848353503 -0.00043966400363787444 -0.0010220625485191639 -0.00074272863904593499 0.0033477331108110056 4.3914661719692401e-05 -0.00075387335373190353 -0.00080314482681930442 0.00072783974535443365
leaf_weight=1836 506 78 109 179 518 68 74 531 351 109 19317 466 497 668
leaf_count=1836 506 78 109 179 518 68 74 531 351 109 19317 466 497 668
internal_value=-0.000129756 -7.67817e-05 0.00388325 -0.000108432 -0.00148551 4.64025e-05 0.00453947 -0.000902779 -2.66633e-05 -0.000844954 0.000122471 0.000114285 0.000880061 0.00211563
internal_weight=25307 24801 187 24614 1370 852 142 710 23244 3576 19668 1740 1274 777
internal_count=25307 24801 187 24614 1370 852 142 710 23244 3576 19668 1740 1274 777
is_linear=0
shrinkage=0.05


Tree=204
num_leaves=15
num_cat=0
split_feature=57 1 6 56 56 34 10 0 26 29 50 28 28 17
split_gain=1.11135 2.07444 1.93236 2.56528 1.84305 2.80801 1.53656 1.38462 1.41286 1.32599 1.30774 1.19616 1.2723 1.57182
threshold=44.783332824707038 54.850000381469734 70.90000152587892 68.799999237060561 68.349998474121108 -1.0500000119209287 38.758333206176765 54.049999237060554 0.6696852743625642 5.5499999523162851 0.60355338454246532 86.500000000000014 38.500000000000007 -10.15000009536743
decision_type=2 2 2 2 2 2 2 2 2 2 2 2 2 2
left_child=1 7 4 -4 -2 10 9 11 -9 -7 -6 12 -1 -14
right_child=2 -3 3 -5 5 6 -8 8 -10 -11 -12 -13 13 -15
leaf_value=-0.0003084427930432317 9.0123743807538312e-05 -0.00064255741850092302 -0.0016873782187028293 -3.497877086001806e-05 0.0015993664711037216 0.0023778063211627432 5.0074482798645188e-05 0.0029093343814182988 -0.00040486109796447693 0.00083835195170208962 0.0063077988551463703 -0.00075328476193831041 0.00052186903585554759 -4.0189535466350301e-05
leaf_weight=2453 6891 1574 725 8065 207 64 843 89 97 92 67 859 1062 2294
leaf_count=2453 6891 1574 725 8065 207 64 843 89 97 92 67 859 1062 2294
internal_value=-0.000122481 -0.000591374 0.000110822 -0.00040341 0.0006643 0.00240452 0.0011447 -0.000214162 0.00392857 0.00554217 0.00679577 -0.000335431 -7.64748e-05 0.000555554
internal_weight=25382 8428 16954 8790 8164 1273 999 6854 186 156 274 6668 5809 3356
internal_count=25382 8428 16954 8790 8164 1273 999 6854 186 156 274 6668 5809 3356
is_linear=0
shrinkage=0.05


Tree=205
num_leaves=15
num_cat=0
split_feature=48 6 56 6 56 26 34 49 27 56 30 20 22 14
split_gain=1.18265 1.06724 1.94154 3.29997 1.89379 2.30034 1.72414 2.16712 1.94516 1.3639 1.29246 1.81704 1.21678 1.50816
threshold=4.9500000476837167 40.800001144409187 62.300001144409187 66.500000000000014 47.350000381469734 0.68539765477180492 0.84999999403953563 172.50000000000003 13.949999809265138 72.049999237060561 392.50000000000006 16.150000572204593 1343.5000000000002 14.572431564331056
decision_type=2 2 2 2 2 2 2 10 2 2 10 2 2 2
left_child=1 4 -3 6 12 10 7 8 -4 -5 -6 -12 -1 -14
right_child=-2 2 3 9 5 -7 -8 -9 -10 -11 11 -13 13 -15
leaf_value=5.174155976462236e-06 -0.00086039908409844379 -0.00024244486072437835 0.0030906570914443713 -0.00050853915345257911 0.0012473989217771195 -9.7279924686262918e-05 -4.6745306602714463e-05 0.0036956365883753805 0.00060327180538169249 9.1938124576556244e-06 0.0013925412210306289 0.0050321596488027351 0.0015006876924269204 -5.2135751730777908e-05
leaf_weight=6294 1122 6707 68 1058 144 236 404 65 933 7551 115 66 329 264
leaf_count=6294 1122 6707 68 1058 144 236 404 65 933 7551 115 66 329 264
internal_value=-0.000107626 -3.3824e-05 -0.000254824 0.000183862 0.00046393 0.00323117 0.00236486 0.00341078 0.00276459 -0.000190859 0.00589552 0.00861256 0.000234159 0.00237977
internal_weight=25356 24234 16786 10079 7448 561 1470 1066 1001 8609 325 181 6887 593
internal_count=25356 24234 16786 10079 7448 561 1470 1066 1001 8609 325 181 6887 593
is_linear=0
shrinkage=0.05


Tree=206
num_leaves=15
num_cat=0
split_feature=48 29 29 26 1 18 56 6 30 48 48 44 17 22
split_gain=1.31184 2.12944 1.47392 1.44671 1.14083 1.49593 1.7734 3.78159 2.33777 2.09044 1.18853 1.27153 1.06667 1.51086
threshold=4.5499999523162851 7.5499999523162851 13.750000000000002 0.60007983446121227 39.95000076293946 25.44999980926514 51.850000381469734 46.750000000000007 372.50000000000006 -2.0499999523162837 -1.2499999999999998 6.4419937133789071 9.6500000953674334 1523.5000000000002
decision_type=2 2 2 2 2 2 2 2 8 2 2 2 2 2
left_child=2 3 4 -2 12 6 -6 8 -8 -10 11 -7 -1 -14
right_child=1 -3 -4 -5 5 10 7 -9 9 -11 -12 -13 13 -15
leaf_value=0.00031822687387931869 0.0012121831720824164 0.0005052869092152752 -0.00070504664077526062 -0.0028743111239034375 -0.00031306781468180746 -0.00047570571770139949 2.4773577494680597e-05 -4.2731622086951858e-05 0.0014444479246376635 0.005949911189854707 0.00020109621501530032 0.0010228227009771924 -0.00069465621338826342 0.0019241328572234618
leaf_weight=5494 125 371 1353 844 3939 733 107 9324 99 51 2044 67 757 157
leaf_count=5494 125 371 1353 844 3939 733 107 9324 99 51 2044 67 757 157
internal_value=-0.000112857 -0.00162963 -2.79689e-05 -0.00285496 6.7596e-05 -0.000153904 -0.000373246 -5.73573e-06 0.00586142 0.0096875 0.000886474 -0.000740742 0.000632595 -0.00094156
internal_weight=25465 1340 24125 969 22772 16364 13520 9581 257 150 2844 800 6408 914
internal_count=25465 1340 24125 969 22772 16364 13520 9581 257 150 2844 800 6408 914
is_linear=0
shrinkage=0.05


Tree=207
num_leaves=15
num_cat=0
split_feature=45 57 0 31 48 29 27 24 5 54 1 40 40 30
split_gain=1.63557 1.87462 1.67271 1.6586 1.55603 2.18578 1.75408 1.43509 1.55797 1.54665 1.93357 2.37101 1.40284 1.57926
threshold=2.1650291681289677 174.69999694824222 16.849999427795414 1.4337099790573122 2.8500000238418584 6.9500000476837167 11.050000190734865 5.5000000000000009 97.90000152587892 5.5000000000000009 123.15000152587892 984.95001220703136 994.54998779296886 137.50000000000003
decision_type=2 2 2 2 2 2 2 2 2 2 2 2 2 10
left_child=4 2 -2 -3 12 -6 -7 -4 -9 -10 11 -11 -1 -14
right_child=1 3 7 -5 5 6 -8 8 9 10 -12 -13 13 -15
leaf_value=-6.1072767301974915e-05 0.0036630961396572274 6.911788557305622e-05 -0.00028285445561328844 0.0013648731839734601 -0.0018091902373925271 0.0010562881085752812 -5.1281171475777018e-05 0.0001208507814695954 -5.9933974102321432e-05 0.00071209533419627389 -0.00013665972727795489 0.001739641561700232 0.00091382372961151467 -0.0016530393524090373
leaf_weight=16008 98 95 1487 50 1469 79 515 4453 168 166 69 83 318 99
leaf_count=16008 98 95 1487 50 1469 79 515 4453 168 166 69 83 318 99
internal_value=-0.000138476 0.000532264 0.000402509 0.00596774 -0.000380583 -0.00167149 0.000877482 0.000298321 0.000708223 0.00336693 0.00536585 0.00735521 -0.000217525 0.00261124
internal_weight=25157 6669 6524 145 18488 2063 594 6426 4939 486 318 249 16425 417
internal_count=25157 6669 6524 145 18488 2063 594 6426 4939 486 318 249 16425 417
is_linear=0
shrinkage=0.05


Tree=208
num_leaves=15
num_cat=0
split_feature=50 6 56 57 7 9 31 43 57 24 24 9 9 22
split_gain=1.59679 1.29643 2.44071 2.2897 1.6777 1.65354 1.4589 1.41954 1.34204 1.28117 2.85996 1.46916 1.82304 1.3066
threshold=-0.98296290636062611 41.049999237060554 36.649999618530281 42.516666412353523 28.550000190734867 15.84999990463257 6.0783488750457773 1607.5000000000002 32.95000076293946 97.500000000000014 78.500000000000014 39.549999237060554 43.45000076293946 660.50000000000011
decision_type=2 2 2 2 2 2 2 10 2 2 2 2 2 2
left_child=-1 2 5 -3 -5 7 -6 8 -2 10 11 -4 13 -13
right_child=1 3 9 4 6 -7 -8 -9 -10 -11 -12 12 -14 -15
leaf_value=-0.00060875206562488503 -0.00051423594662894096 -0.00058475152309217157 9.0372663045158269e-05 0.0015086204143206926 6.5252589418292851e-06 -9.4988039688234042e-05 -0.00038214186517861285 0.0020792495416709178 0.0031147471692123878 -0.00040531074027358476 0.0081913613677147886 0.0056971992974623976 0.00061118870907037298 0.00083558859114591191
leaf_weight=1052 163 1980 765 212 13427 4935 1546 66 59 212 67 84 804 60
leaf_count=1052 163 1980 765 212 13427 4935 1546 66 59 212 67 84 804 60
internal_value=-0.000135997 -5.33017e-05 0.000508649 -0.000289666 -8.06198e-05 -6.01961e-05 -0.000144498 0.00355705 0.00146552 0.00199301 0.00243017 0.00199361 0.00329854 0.00831169
internal_weight=25432 24380 7215 17165 15185 5223 14973 288 222 1992 1780 1713 948 144
internal_count=25432 24380 7215 17165 15185 5223 14973 288 222 1992 1780 1713 948 144
is_linear=0
shrinkage=0.05


Tree=209
num_leaves=15
num_cat=0
split_feature=48 35 8 45 45 20 15 18 49 1 24 24 27 1
split_gain=1.04285 2.2546 2.18226 1.33082 1.24139 1.22942 2.09032 1.1921 1.81093 2.56894 2.79287 1.49004 1.38188 2.00568
threshold=-1.5500000119209287 2.5000000000000004 25.750000000000004 -8.5722846984863263 0.32016235589981085 99.950000762939467 122.25000000000001 0.45000000298023229 217.50000000000003 43.250000000000007 61.500000000000007 5.5000000000000009 34.149999618530281 25.44999980926514
decision_type=2 2 2 2 2 2 2 2 10 2 2 2 2 2
left_child=1 -1 3 -3 -4 6 -6 11 -9 10 -10 -2 -13 -14
right_child=7 2 4 -5 5 -7 -8 8 9 -11 -12 12 13 -15
leaf_value=-0.00071287704910714695 -0.00030595883349654018 -0.0048693784795509377 -0.0007057170474897307 0.003217723542462247 0.00047821586782407762 -0.00065886877063786901 0.0017941346715176889 0.00013671159319958922 5.4039057021587419e-05 -0.00065443509232964174 0.0057233649150206572 9.782774504542562e-05 0.00057517266283835277 -0.0011214865368212802
leaf_weight=2721 3618 59 1729 316 622 153 170 7846 363 1500 93 5440 189 596
leaf_count=2721 3618 59 1729 316 622 153 170 7846 363 1500 93 5440 189 596
internal_value=-0.000162243 -0.000752596 0.000181431 0.0037013 -0.000324144 0.00112565 0.0019202 1.14463e-05 0.000401548 -0.000956258 0.00229614 -0.000377044 9.22201e-05 -0.00185535
internal_weight=25415 5770 3049 375 2674 945 792 19645 9802 1956 456 9843 6225 785
internal_count=25415 5770 3049 375 2674 945 792 19645 9802 1956 456 9843 6225 785
is_linear=0
shrinkage=0.05


Tree=210
num_leaves=15
num_cat=0
split_feature=2 56 40 57 43 43 9 23 26 17 40 10 52 9
split_gain=1.79235 1.72063 1.50453 1.48952 1.91343 1.42781 1.82979 1.80697 1.6464 1.98407 1.9755 1.55492 1.75927 1.45102
threshold=83.000000000000014 53.149999618530281 994.54998779296886 80.433334350585952 62.500000000000007 462.50000000000006 37.549999237060554 1.0149999856948855 0.68831950426101696 -10.15000009536743 987.35000610351574 61.558332443237312 0.48314048349857336 57.45000076293946
decision_type=2 2 2 2 10 8 2 2 2 2 2 2 2 2
left_child=1 3 5 -1 -5 7 -7 11 9 13 -11 -3 -13 -8
right_child=-2 2 -4 4 -6 6 8 -9 -10 10 -12 12 -14 -15
leaf_value=-6.5283909146612084e-05 -0.00012688619628633643 -7.2391011013403263e-06 0.002180659285174092 0.0036791938895502428 8.3126476314914746e-05 -0.00013405904472395464 0.0025051169996278583 -0.0007673899804948878 -0.00032054629560202854 0.00020001912974627087 0.0014275954594437929 0.00035266155416033388 0.0012054337563979956 0.00078324635798495247
leaf_weight=11173 6750 3105 120 55 139 461 147 603 195 513 146 1464 321 175
leaf_count=11173 6750 3105 120 55 139 461 147 603 195 513 146 1464 321 175
internal_value=-3.48753e-05 0.00021823 0.000819558 -0.000165686 0.00406863 0.000721287 0.00201275 0.000333453 0.00305228 0.00387992 0.00224963 0.00065306 0.00182451 0.00704819
internal_weight=25367 18617 7250 11367 194 7130 1637 5493 1176 981 659 4890 1785 322
internal_count=25367 18617 7250 11367 194 7130 1637 5493 1176 981 659 4890 1785 322
is_linear=0
shrinkage=0.05


Tree=211
num_leaves=15
num_cat=0
split_feature=57 21 18 3 51 47 48 14 19 45 35 41 20 26
split_gain=1.54473 1.56363 1.6829 1.51635 1.695 2.27168 1.51185 1.53744 1.2877 1.24391 1.64314 1.47091 1.81926 1.24163
threshold=178.51667022705081 7.5000000000000009 26.650000572204593 161.85000610351565 0.91597560048103344 4.9583332538604745 -2.2499999999999996 50.066715240478523 177.6499938964844 0.32016235589981085 2.5000000000000004 34.500000000000007 10.84999990463257 0.92279547452926647
decision_type=2 2 2 2 2 2 2 2 2 2 2 2 2 2
left_child=3 -2 -3 4 6 -6 9 -8 -7 -1 -11 12 -12 -9
right_child=1 2 -4 -5 5 8 7 13 -10 10 11 -13 -14 -15
leaf_value=-0.0011070477275214419 -0.00029812657735996611 0.0002491214722609679 0.00069394275655245026 -0.00062229220872757742 0.00029021057091854714 -0.00081827059439271903 3.0103658553316805e-05 0.0017115072686733571 0.00030521894429288082 -0.001198944680562663 -0.00070306661257019685 -0.0012743950080795542 0.0022857721305677902 4.6304268770417295e-05
leaf_weight=1901 254 690 67 1076 791 1860 17296 112 214 439 101 153 244 118
leaf_count=1901 254 690 67 1076 791 1860 17296 112 214 439 101 153 244 118
internal_value=-0.000147281 0.00175808 0.00288787 -0.000227227 -0.000141789 -0.00127826 1.865e-05 0.000192175 -0.00214491 -0.00104986 0.000438225 0.00238189 0.00415493 0.00416667
internal_weight=25316 1011 757 24305 23229 2865 20364 17526 2074 2838 937 498 345 230
internal_count=25316 1011 757 24305 23229 2865 20364 17526 2074 2838 937 498 345 230
is_linear=0
shrinkage=0.05


Tree=212
num_leaves=15
num_cat=0
split_feature=24 48 17 8 47 45 38 0 57 10 43 17 3 49
split_gain=1.29085 1.25957 1.47734 1.18272 1.1582 1.28961 1.83797 1.61534 1.57167 1.16048 1.38069 1.39954 1.14566 1.13269
threshold=1.0000000180025095e-35 -1.8499999642372129 10.050000190734865 32.45000076293946 8.7833333015441912 3.2118628025054936 11.449999809265138 64.849998474121108 45.883333206176765 112.30833435058595 37.500000000000007 -10.449999809265135 26.150000572204593 417.50000000000006
decision_type=2 2 2 2 2 2 2 2 2 2 10 2 2 10
left_child=3 2 4 12 5 6 9 8 -7 10 11 -2 -1 -3
right_child=1 13 -4 -5 -6 7 -8 -9 -10 -11 -12 -13 -14 -15
leaf_value=0.0048698741387007277 0.0061043497347876459 6.9955824335191094e-05 -0.00085307626716951311 -0.00057714782002384133 -0.0013386425929996365 0.00083315013316526696 -0.00071506468426974661 -0.001252603688072403 0.003559328286612734 -0.00059661893796695599 0.00065179438196698693 0.00096227369337710609 -0.00062009285098551126 -0.0003455629245983851
leaf_weight=101 67 17680 1607 1055 925 83 1026 71 128 116 369 107 141 1979
leaf_count=101 67 17680 1607 1055 925 83 1026 71 128 116 369 107 141 1979
internal_value=-2.65082e-05 5.62716e-05 -0.000697495 -0.001557 -2.06766e-05 0.000665148 0.000132742 0.00373288 0.00585973 0.00217489 0.00313743 0.00668478 0.00154762 0.000229039
internal_weight=25455 24158 4499 1297 2892 1967 1685 282 211 659 543 174 242 19659
internal_count=25455 24158 4499 1297 2892 1967 1685 282 211 659 543 174 242 19659
is_linear=0
shrinkage=0.05


Tree=213
num_leaves=15
num_cat=0
split_feature=57 22 55 7 41 20 9 48 19 45 8 29 21 42
split_gain=1.34462 1.53297 1.60888 1.38665 1.33516 1.36563 1.30128 1.18287 1.14735 1.34906 1.63784 1.20909 1.15005 1.63123
threshold=44.783332824707038 941.50000000000011 4.5000000000000009 24.550000190734867 37.500000000000007 4.4500000476837167 29.750000000000004 -2.3500000238418575 100.50000000000001 0.17435133457183841 80.450000762939467 4.2500000000000009 144.50000000000003 5.9500000476837167
decision_type=2 2 2 2 2 2 2 2 2 2 2 2 2 2
left_child=1 2 4 6 5 -1 -2 8 9 11 12 -5 -11 -14
right_child=3 -3 -4 7 -6 -7 -8 -9 -10 10 -12 -13 13 -15
leaf_value=-0.001032926795429065 -0.0012675034503527157 -0.00074995976419107979 -0.00039111528264765657 0.0011806413924835687 -0.00035812713353739286 0.00027225903165333909 0.0041706264641612782 4.3046758417205524e-05 -0.0012261098759426649 -0.0006160205406120291 0.0023226495995796901 -0.00133880309274072 -0.00048985440612157589 0.0040328146882912834
leaf_weight=352 52 1873 1786 161 1763 2670 111 14449 1052 201 50 636 83 71
leaf_count=352 52 1873 1786 161 1763 2670 111 14449 1052 201 50 636 83 71
internal_value=-0.000173777 -0.000688433 -0.000327459 8.4142e-05 0.000151198 0.000788257 0.00453757 3.79932e-05 -0.00102474 3.30021e-05 0.0023494 -0.00115861 0.0010274 0.00414634
internal_weight=25310 8444 6571 16866 4785 3022 163 16703 2254 1202 405 797 355 154
internal_count=25310 8444 6571 16866 4785 3022 163 16703 2254 1202 405 797 355 154
is_linear=0
shrinkage=0.05


Tree=214
num_leaves=15
num_cat=0
split_feature=52 17 51 17 17 48 18 48 30 32 33 51 42 21
split_gain=1.37132 1.46565 1.34699 1.26733 2.11833 1.25132 1.21583 1.26107 1.18564 2.20929 1.75603 1.59686 1.57067 1.86754
threshold=0.93845596909523021 -2.3500000238418575 0.12940952181816107 -13.449999809265135 -9.7499999999999982 -2.4500000476837154 -14.449999809265135 6.8500001430511483 157.50000000000003 -2.6697075366973873 0.45000000298023229 1.0000000180025095e-35 8.7500000000000018 38.500000000000007
decision_type=2 2 2 2 2 2 2 2 8 2 2 2 2 2
left_child=5 2 -2 -4 -5 -1 8 -8 9 10 11 -7 13 -12
right_child=1 -3 3 4 -6 6 7 -9 -10 -11 12 -13 -14 -15
leaf_value=-0.00056914351205771593 -0.00014976396491137099 -0.00069072928255224121 -0.00061160028816660572 0.0064024517605940148 0.00098101324590302882 0.0011537966684958649 9.4136750839966991e-05 -0.0037105771712663987 -0.00045335105781046513 -0.00030894432903180751 0.00073670141843069263 -0.00010208417582148128 -0.0002604880682833253 0.0049590770013375508
leaf_weight=2609 900 1493 121 59 154 280 14932 245 2235 1489 89 616 57 81
leaf_count=2609 900 1493 121 59 154 280 14932 245 2235 1489 89 616 57 81
internal_value=-3.35053e-05 -0.00109061 0.000184886 0.00284884 0.00508968 9.42884e-05 0.00022861 0.000448738 -0.000460162 0.000263157 0.00192851 0.000905076 0.00575949 0.00805555
internal_weight=25360 2727 1234 334 213 22633 20024 15177 4847 2612 1123 896 227 170
internal_count=25360 2727 1234 334 213 22633 20024 15177 4847 2612 1123 896 227 170
is_linear=0
shrinkage=0.05


Tree=215
num_leaves=15
num_cat=0
split_feature=39 51 48 27 23 51 30 51 48 21 24 24 47 2
split_gain=1.43179 1.20954 1.57155 1.18851 1.08253 2.53355 1.52192 1.37959 2.10607 1.83661 1.38346 2.79301 1.42614 1.56616
threshold=0.25000000745058065 -0.98296290636062611 1.3499999642372134 30.250000000000004 0.34499999880790716 -0.7865660786628722 1307.5000000000002 0.37940952181816107 0.45000000298023229 130.50000000000003 39.500000000000007 48.500000000000007 5.2166664600372323 55.95000076293946
decision_type=2 2 2 2 2 2 10 2 2 2 2 2 2 2
left_child=1 2 3 -1 5 6 -3 -7 9 10 12 -12 13 -9
right_child=-2 4 -4 -5 -6 7 -8 8 -10 -11 11 -13 -14 -15
leaf_value=0.0011189110692496607 -0.00091853090959914002 -0.0025910003096527405 -0.00016047472215379238 0.00035695411357712057 3.534062478516145e-05 0.00020133143774888457 0.0017516099529800704 0.00038492401822445995 0.0022556059074457292 0.0048958694194871106 0.0023451306832131518 -0.0010859079419991491 -0.00077740974071188837 -0.0002255695996530189
leaf_weight=229 979 1029 415 367 17127 2472 67 355 81 98 51 67 1536 416
leaf_count=229 979 1029 415 367 17127 2472 67 355 81 98 51 67 1536 416
internal_value=-5.1189e-05 2.46699e-05 0.00170911 0.00333333 -4.91238e-05 -0.000616307 -0.00278481 -0.000143532 -0.000944913 -0.00121003 -0.00148871 0.00359375 -0.00176306 -6.40323e-06
internal_weight=25289 24310 1011 596 23299 6172 1096 5076 2604 2523 2425 118 2307 771
internal_count=25289 24310 1011 596 23299 6172 1096 5076 2604 2523 2425 118 2307 771
is_linear=0
shrinkage=0.05


Tree=216
num_leaves=15
num_cat=0
split_feature=50 23 43 35 52 17 48 10 22 30 37 10 20 16
split_gain=1.19701 1.21356 2.25326 2.00994 2.88145 2.23418 1.62722 1.37426 1.3722 1.34473 1.27064 2.02746 1.97765 2.45922
threshold=-0.98296290636062611 0.42499999701976782 47.500000000000007 2.5000000000000004 -0.51297807693481434 17.250000000000004 -6.0499999523162833 83.14166641235353 3374.0000000000005 542.50000000000011 68.500000000000014 118.37500000000001 9.5500001907348651 59.199998855590827
decision_type=2 2 8 2 2 2 2 2 2 10 2 2 2 2
left_child=-1 2 3 -2 -5 -6 -4 8 -8 -9 11 12 -3 -14
right_child=1 10 6 4 5 -7 7 9 -10 -11 -12 -13 13 -15
leaf_value=-0.00057527110234633272 -1.9149432900907859e-05 -1.3356494539319185e-05 0.0043778743055725138 -0.00039838836804516342 0.0044874631106996644 0.00055684623287231318 -0.0002733283697218408 -0.001830154331680699 0.0012495391580669042 0.00041416391814920656 -3.5403972507101168e-05 -0.0004240836849830094 0.00047891273715021387 0.0011807855490541203
leaf_weight=1066 1579 2546 52 315 226 251 5581 813 62 118 8808 536 3010 402
leaf_count=1066 1579 2546 52 315 226 251 5581 813 62 118 8808 536 3010 402
internal_value=-0.000115272 -4.29894e-05 -0.000503498 0.000816882 0.00285536 0.00526694 -0.000976493 -0.00105103 -0.000754468 -0.00282147 0.000227925 0.000757994 0.00102379 0.00180888
internal_weight=25365 24299 8997 2371 792 477 6626 6574 5643 931 15302 6494 5958 3412
internal_count=25365 24299 8997 2371 792 477 6626 6574 5643 931 15302 6494 5958 3412
is_linear=0
shrinkage=0.05


Tree=217
num_leaves=15
num_cat=0
split_feature=6 57 5 21 38 27 8 12 4 48 24 8 57 13
split_gain=2.04565 1.74501 1.65342 1.79817 1.48047 1.82586 1.75011 2.01348 3.11061 1.43239 1.39025 1.63107 2.37172 1.60864
threshold=66.950000762939467 170.91666412353518 144.59999847412112 196.50000000000003 7.6499998569488534 14.34999990463257 208.40000152587893 156.87569427490237 168.35000610351565 -2.4500000476837154 7.5000000000000009 135.25000000000003 89.51666641235353 76.061607360839858
decision_type=2 2 2 2 2 2 2 2 2 2 2 2 2 2
left_child=2 9 -1 -4 -3 6 7 -6 -9 -2 11 12 -11 -12
right_child=1 4 3 -5 5 -7 -8 8 -10 10 13 -13 -14 -15
leaf_value=4.5325705377763981e-05 -0.0014794107266008103 -0.00011981796946373085 0.0019229392672084258 -0.00036139263126750906 0.00031627181574484241 -0.00023343357660553181 4.6635553837330303e-05 0.0031124839697076172 0.00030207882468657256 -0.00059988673038046259 -0.00018902880800114336 -0.00059099630599765548 0.00016789884794979194 0.0003111712577012572
leaf_weight=15455 754 493 117 72 113 219 180 90 74 1579 2202 1051 1450 1451
leaf_count=15455 754 493 117 72 113 219 180 90 74 1579 2202 1051 1450 1451
internal_value=-8.29723e-05 -0.000654874 0.000270217 0.00479899 0.00114928 0.00265306 0.00442184 0.00684669 0.0102299 -0.000904438 -0.000699343 -0.00133252 -0.000738731 9.55382e-06
internal_weight=25300 9656 15644 189 1169 676 457 277 164 8487 7733 4080 3029 3653
internal_count=25300 9656 15644 189 1169 676 457 277 164 8487 7733 4080 3029 3653
is_linear=0
shrinkage=0.05


Tree=218
num_leaves=15
num_cat=0
split_feature=21 56 1 52 30 24 24 21 32 42 30 30 45 34
split_gain=1.14541 1.10244 1.23869 1.14679 1.32636 1.96492 1.31373 3.22412 1.67833 1.67272 1.47496 1.87068 2.29894 1.60333
threshold=209.50000000000003 25.550000190734867 37.45000076293946 -0.37447345256805414 1657.5000000000002 20.500000000000004 127.50000000000001 110.50000000000001 -2.7070881128311153 8.9499998092651385 152.50000000000003 287.50000000000006 -2.0187581777572627 0.45000000298023229
decision_type=2 2 2 2 10 2 2 2 2 2 8 8 2 2
left_child=1 2 -1 4 -3 -6 10 8 -8 -10 13 -12 -13 -5
right_child=-2 3 -4 6 5 -7 7 -9 9 -11 11 12 -14 -15
leaf_value=-0.00011725964935785949 -0.00040992944199920526 -0.00012140487562274395 -0.0013520800936880652 0.00036478434107479102 0.0010610968602336737 -0.00039507851603586111 -0.00028989870192516976 -3.303007527775289e-05 0.0010415343549397753 0.0055207613387987416 -0.00098948801408486366 -0.00025258796470996699 0.00035788283939083203 -5.2301388169744828e-05
leaf_weight=1714 1311 8743 580 3010 63 65 86 712 218 117 1239 2388 2658 2398
leaf_count=1714 1311 8743 580 3010 63 65 86 712 218 117 1239 2388 2658 2398
internal_value=-0.000197931 -0.000118955 -0.00115886 -8.52379e-06 -0.000445334 0.00442029 0.000293704 0.00191163 0.00532482 0.00688406 0.000135434 -0.000385228 4.35115e-05 0.000740124
internal_weight=25302 23991 2294 21697 8871 128 12826 1133 421 335 11693 6285 5046 5408
internal_count=25302 23991 2294 21697 8871 128 12826 1133 421 335 11693 6285 5046 5408
is_linear=0
shrinkage=0.05


Tree=219
num_leaves=15
num_cat=0
split_feature=21 26 23 28 51 22 38 48 26 22 36 37 30 31
split_gain=0.906648 1.07401 1.00119 1.07013 0.834758 1.77181 3.0649 1.42055 1.31488 1.25955 2.99824 2.09413 1.81165 1.34744
threshold=209.50000000000003 0.81891629099845897 0.45499999821186071 57.500000000000007 0.78656607866287243 3374.0000000000005 14.949999809265138 0.45000000298023229 0.73644965887069713 1603.5000000000002 17.250000000000004 65.500000000000014 17.500000000000004 -0.18034240603446958
decision_type=2 2 2 2 2 2 2 2 2 2 2 2 8 2
left_child=4 -2 -3 -4 9 7 -7 -6 -8 12 -11 -12 13 -1
right_child=1 2 3 -5 5 6 8 -9 -10 10 11 -13 -14 -15
leaf_value=0.00011766523748752672 -0.00043922984029768188 -0.00046061702417597223 0.0025901501187193653 -0.00029351413121388154 -0.00038677609936861568 -2.6508420271960907e-05 0.00061138199125212284 0.0021874085961434415 0.0022791486985449319 6.5853317570435912e-05 -0.0017562874737782602 -7.298581872335698e-05 5.0102142893205463e-05 0.0025818572018973807
leaf_weight=70 1116 68 89 65 4319 685 135 78 84 2525 1061 843 14213 50
leaf_count=70 1116 68 89 65 4319 685 135 78 84 2525 1061 843 14213 50
internal_value=-0.000177287 -0.00143917 0.00168103 0.00384146 -0.000106552 -0.000659952 0.00134573 -0.00107443 0.00635371 5.00734e-05 -0.000685966 -0.00217868 0.000277835 0.00615385
internal_weight=25401 1338 222 154 24063 5301 904 4397 219 18762 4429 1904 14333 120
internal_count=25401 1338 222 154 24063 5301 904 4397 219 18762 4429 1904 14333 120
is_linear=0
shrinkage=0.05


Tree=220
num_leaves=15
num_cat=0
split_feature=23 51 47 48 35 43 20 0 23 48 38 38 43 16
split_gain=1.09241 1.81922 1.60544 2.56965 2.02181 1.58075 1.67912 1.63792 1.42496 1.41422 1.64165 2.25511 2.04212 1.93829
threshold=0.42499999701976782 -0.7865660786628722 8.2166666984558123 1.6500000357627871 2.5000000000000004 41.875000000000007 53.649999618530281 56.149999618530281 0.21499999612569812 -2.1499999761581416 20.44999980926514 15.650000095367433 257.50000000000006 28.150000572204593
decision_type=2 2 2 2 2 10 2 2 2 2 2 2 8 2
left_child=1 -1 4 -4 -3 6 8 -7 -6 -2 11 12 -11 -13
right_child=9 2 3 -5 5 7 -8 -9 -10 10 -12 13 -14 -15
leaf_value=-0.0011524072253744683 -0.00063672903861125758 -5.9371249059721751e-05 -0.00068174827769923929 0.0013045036921605104 0.0073416181763826015 0.0007916361146990483 0.00056172344074925066 -0.00175989065961501 0.0020694662899292489 0.00024595681377571172 -0.00010517457921148256 0.0016895211006457908 -0.00016559578417430249 0.00027462745434422674
leaf_weight=1884 2242 3594 1979 120 68 590 495 312 192 2675 6273 514 2640 1704
leaf_count=1884 2242 3594 1979 120 68 590 495 312 192 2675 6273 514 2640 1704
internal_value=-0.000202041 -0.000635008 -0.000278534 -0.00144381 0.000189126 0.00162867 0.00330065 0.000208332 0.00648148 4.73272e-05 0.000236681 0.000733792 0.000173708 0.00206912
internal_weight=25282 9234 7350 2099 5251 1657 755 902 260 16048 13806 7533 5315 2218
internal_count=25282 9234 7350 2099 5251 1657 755 902 260 16048 13806 7533 5315 2218
is_linear=0
shrinkage=0.05


Tree=221
num_leaves=15
num_cat=0
split_feature=3 13 15 14 2 1 0 1 28 4 29 51 0 35
split_gain=1.24612 1.61036 1.87206 2.09026 1.65709 1.94932 1.7126 2.84181 2.39165 3.76636 1.61039 2.02926 1.88068 1.68201
threshold=159.94999694824222 66.716964721679702 152.50000000000003 41.048553466796882 49.850000381469734 44.850000381469734 86.250000000000014 87.65000152587892 72.500000000000014 58.149999618530281 4.1499998569488534 -0.37940952181816096 21.650000572204593 2.5000000000000004
decision_type=2 2 2 2 2 2 2 2 2 2 2 2 2 2
left_child=1 2 4 -4 10 -6 -7 8 -8 -10 11 -1 -13 -14
right_child=-2 -3 3 -5 5 6 7 -9 9 -11 -12 12 13 -15
leaf_value=-0.00028538556735175822 -0.00030302793256097444 8.9512638863075458e-05 0.0055341672497406895 3.6443782710377404e-05 0.001425707010575138 -0.00044339388117716963 0.00014404450691828542 -0.00012717508824114894 0.0038931023067596254 -0.00011947501303419315 -7.5842473336225639e-05 0.009239566882421767 0.00018095219293256073 0.0027067888452330991
leaf_weight=777 1673 7961 75 147 86 4707 153 779 57 50 8088 55 560 298
leaf_count=777 1673 7961 75 147 86 4707 153 779 57 50 8088 55 560 298
internal_value=-0.000209218 -0.000116163 -0.000407778 0.00405172 -0.000473753 -0.00114002 -0.00125608 0.000576739 0.005 0.0103846 -7.5604e-05 0.00132353 0.00290899 0.00225806
internal_weight=25466 23793 15832 222 15610 5832 5746 1039 260 107 9778 1690 913 858
internal_count=25466 23793 15832 222 15610 5832 5746 1039 260 107 9778 1690 913 858
is_linear=0
shrinkage=0.05


Tree=222
num_leaves=15
num_cat=0
split_feature=3 12 18 49 40 12 18 49 31 48 28 20 48 28
split_gain=0.938357 1.94386 1.83338 1.83011 1.70097 1.42194 1.25509 1.78509 2.16907 1.83136 1.77429 2.19405 2.17164 2.16695
threshold=161.85000610351565 152.92500305175784 3.2500000000000004 152.50000000000003 991.64999389648449 182.850700378418 11.050000190734865 -112.49999999999999 8.3303050994873065 1.5500000119209292 49.500000000000007 80.649997711181655 0.15000000223517421 71.500000000000014
decision_type=2 2 2 8 2 2 2 10 2 2 2 2 2 2
left_child=1 6 4 -2 -3 -6 -1 -8 9 10 11 12 -9 -12
right_child=3 2 -4 -5 5 -7 7 8 -10 -11 13 -13 -14 -15
leaf_value=-8.7188773436171248e-05 -1.8071352247936257e-05 0.00016629355564023638 -0.00017032117851965031 -0.0017698785003988204 0.00084462837745745911 0.0032245630880552729 -0.00033976665999059063 0.0019520697650156978 0.0016210242444348738 -0.0003330501112624161 -0.00015876422101670528 -0.00024067534738344101 -0.00019155315952075708 0.00038693968514235029
leaf_weight=16832 1114 277 184 498 162 50 1230 311 83 1212 1136 118 84 1949
leaf_count=16832 1114 277 184 498 162 50 1230 311 83 1212 1136 118 84 1949
internal_value=-0.000168318 -8.84181e-05 0.00254026 -0.00133169 0.00411824 0.00738739 -0.000166559 0.000445947 0.000873954 0.00072614 0.00129157 0.00398661 0.00574074 0.000831986
internal_weight=25240 23628 673 1612 489 212 22955 6123 4893 4810 3598 513 395 3085
internal_count=25240 23628 673 1612 489 212 22955 6123 4893 4810 3598 513 395 3085
is_linear=0
shrinkage=0.05


Tree=223
num_leaves=15
num_cat=0
split_feature=3 15 12 20 23 49 1 57 8 53 8 30 6 14
split_gain=1.0804 1.45524 2.67579 1.83801 1.50478 1.19134 1.13687 1.49962 1.64888 1.70254 1.88631 2.11573 1.87264 2.02964
threshold=103.70000076293947 107.00000000000001 50.884027481079109 15.84999990463257 1.6150000095367434 417.50000000000006 72.500000000000014 42.983333587646491 35.549999237060554 -0.86974579095840443 27.44999980926514 1212.5000000000002 24.94999980926514 12.345390796661379
decision_type=2 2 2 2 2 10 2 2 2 2 2 8 2 2
left_child=1 6 3 -3 -4 -2 7 8 9 10 -1 -12 13 -11
right_child=5 2 4 -5 -6 -7 -8 -9 -10 12 11 -13 -14 -15
leaf_value=-8.7085586282896496e-05 -0.00010760161030189152 7.8876337633399885e-05 5.1516072233061905e-05 0.0028937042568248916 0.001711180577718453 -0.0026980885641575869 -0.00034714433471735862 0.0001157063287927963 -0.00055289596784184017 0.0016215030465558445 0.0030823527600645499 0.00022065968058608754 -0.00036120404285377755 -0.00049660610756226858
leaf_weight=307 4293 57 3966 83 66 357 1854 7850 2782 713 149 165 2248 473
leaf_count=307 4293 57 3966 83 66 357 1854 7850 2782 713 149 165 2248 473
internal_value=-0.000213417 -5.86317e-05 0.000774748 0.00733333 0.00052944 -0.000901289 -0.000269169 -0.000121455 -0.000662335 -1.84514e-05 0.00236925 0.00503086 -0.000455866 0.00114548
internal_weight=25363 20713 4172 140 4032 4650 16541 14687 6837 4055 621 314 3434 1186
internal_count=25363 20713 4172 140 4032 4650 16541 14687 6837 4055 621 314 3434 1186
is_linear=0
shrinkage=0.05


Tree=224
num_leaves=15
num_cat=0
split_feature=17 26 48 2 27 25 6 48 26 2 25 19 9 24
split_gain=1.14373 1.39806 2.77966 1.6758 1.66742 1.98987 1.4061 1.37286 2.26429 2.05606 1.52342 1.70687 1.62676 1.60367
threshold=-73.700000762939439 0.69934651255607616 1.1500000357627871 26.849999427795414 10.84999990463257 19.750000000000004 33.149999618530281 0.35000000894069677 0.69767969846725475 46.250000000000007 31.250000000000004 304.05000305175787 43.250000000000007 7.5000000000000009
decision_type=2 2 2 2 2 2 2 2 2 2 2 2 2 2
left_child=-1 7 -3 6 5 -5 -4 8 9 -2 11 -11 -13 -12
right_child=1 2 3 4 -6 -7 -8 -9 -10 10 13 12 -14 -15
leaf_value=0.00047723974196815105 9.0093873854727829e-05 -2.2086079340798168e-05 -0.0017770038325871523 0.0010590620751163668 -0.0022012188543970223 -0.0017687137998005271 0.001967282649415709 0.00017651276420899096 0.00044639247003663244 -0.00040094935837504009 -9.1746028476685933e-05 -0.0012998532853169733 0.0032047807098997128 0.00062776978822107383
leaf_weight=728 4570 5887 78 112 1506 163 59 6085 393 4573 605 57 70 352
leaf_count=728 4570 5887 78 112 1506 163 59 6085 393 4573 605 57 70 352
internal_value=-9.66425e-05 -0.000154977 -0.000706975 -0.00235477 -0.00276661 0.000789473 0.00282313 0.0001032 -0.000239888 -0.000384391 -0.00102082 -0.00139066 0.00412409 0.000791105
internal_weight=25238 24510 7805 1918 1781 275 137 16705 10620 10227 5657 4700 127 957
internal_count=25238 24510 7805 1918 1781 275 137 16705 10620 10227 5657 4700 127 957
is_linear=0
shrinkage=0.05


Tree=225
num_leaves=15
num_cat=0
split_feature=48 3 36 51 21 48 23 31 57 23 24 17 2 30
split_gain=1.14778 1.08057 2.07382 1.92018 2.13445 1.39229 1.70657 1.60976 1.36684 1.7806 1.86745 1.72282 1.58464 1.58443
threshold=-2.0499999523162837 84.200000762939467 13.449999809265138 -0.12940952181816107 95.500000000000014 2.1499999761581425 0.75499999523162853 -2.4704403877258296 37.183334350585945 0.85500001907348644 37.500000000000007 3.6499999761581425 27.94999980926514 32.500000000000007
decision_type=2 2 2 2 2 2 2 2 2 2 2 2 2 8
left_child=-1 8 3 4 -3 7 -7 -4 9 12 -11 -12 -2 -10
right_child=1 2 5 -5 -6 6 -8 -9 13 10 11 -13 -14 -15
leaf_value=-0.00047324692340846805 0.0001564602080117725 0.00086105465492057999 -0.00042002427671465235 -7.8924079524803536e-05 -0.00080755959629855785 -0.0028146950218161096 8.0716212595273313e-05 5.4755661950333509e-05 -0.00019976307029637575 8.2355361013527632e-05 0.0023538802489185746 -4.2856145979500898e-05 -0.00042532048694487036 0.00016535138813443591
leaf_weight=3967 1354 636 1061 1541 116 972 265 1494 867 255 73 55 2678 10039
leaf_count=3967 1354 636 1061 1541 116 972 265 1494 867 255 73 55 2678 10039
internal_value=-0.000209393 -6.4439e-05 -0.000627565 0.000557967 0.00261155 -0.00134403 -0.00271452 -0.000672516 0.00015948 -0.000581922 0.00263359 0.00731884 -0.000893123 0.000459874
internal_weight=25373 21406 6085 2293 752 3792 1237 2555 15321 4415 383 128 4032 10906
internal_count=25373 21406 6085 2293 752 3792 1237 2555 15321 4415 383 128 4032 10906
is_linear=0
shrinkage=0.05


Tree=226
num_leaves=15
num_cat=0
split_feature=56 6 17 56 6 56 53 17 30 43 56 25 19 43
split_gain=1.26431 2.09114 1.97351 1.24586 2.05672 2.27143 1.75925 2.27369 1.43364 1.53302 1.35233 1.4646 1.34005 1.43534
threshold=26.650000572204593 29.44999980926514 -0.65000000596046437 44.649999618530281 66.950000762939467 70.200000762939467 -0.86974579095840443 22.849999427795414 1552.5000000000002 337.50000000000006 62.750000000000007 38.549999237060554 131.55000305175784 232.50000000000003
decision_type=2 2 2 2 2 2 2 2 10 8 2 2 2 8
left_child=-1 2 -2 6 10 -6 7 8 9 -3 11 -5 13 -12
right_child=1 3 -4 4 5 -7 -8 -9 -10 -11 12 -13 -14 -15
leaf_value=-0.00032146699289863664 0.00129542308303239 -0.00041907484091473646 -0.00018403291493947264 4.2531139187971028e-05 -0.0007606926470064149 -1.034691882737306e-05 -0.00039307777370709295 0.0013079853425305918 -0.00087440564062201504 0.0007315731213681214 0.00057799324381233063 0.0013289104025503698 -0.00027178449105744922 0.0033086203283349963
leaf_weight=2730 780 349 503 4732 1456 8157 4167 78 166 565 1046 86 248 306
leaf_count=2730 780 349 503 4732 1456 8157 4167 78 166 565 1046 86 248 306
internal_value=-0.000153475 -3.06869e-05 0.00192189 -0.000148836 7.13784e-05 -0.000391251 -0.000810685 0.000907533 0.000275228 0.0010606 0.000763844 0.000343826 0.00201863 0.00263583
internal_weight=25369 22639 1283 21356 16031 9613 5325 1158 1080 914 6418 4818 1600 1352
internal_count=25369 22639 1283 21356 16031 9613 5325 1158 1080 914 6418 4818 1600 1352
is_linear=0
shrinkage=0.05


Tree=227
num_leaves=15
num_cat=0
split_feature=48 35 45 52 29 23 49 16 18 54 7 17 9 7
split_gain=1.11005 1.7339 1.19531 1.19223 1.18612 1.16036 1.95585 1.51003 1.4399 1.29956 3.13786 1.88922 1.71429 1.29686
threshold=-1.8499999642372129 2.5000000000000004 0.17435133457183841 0.24372619390487674 5.8500001430511483 0.41499999165534979 282.50000000000006 18.94999980926514 -45.450000762939446 9.5000000000000018 51.95000076293946 -6.4500000476837149 49.049999237060554 64.40000152587892
decision_type=2 2 2 2 2 2 10 2 2 2 2 2 2 2
left_child=1 -1 -3 -4 -5 6 7 -2 -9 -7 11 12 -11 -12
right_child=5 2 3 4 -6 9 -8 8 -10 10 13 -13 -14 -15
leaf_value=-0.00089438411399784049 -0.00034961846867873617 -0.00053089405305957211 -5.3110527840745848e-05 0.0028810734095719957 0.00085843801948561451 -1.5327487332522895e-05 -0.0018395217451340853 -0.00058457721848599055 6.8080655100969482e-05 0.0014930947656423238 -0.00052053032170660456 0.00014662829449931585 0.00058411240173994515 0.00017071092998336733
leaf_weight=2065 1744 1727 549 141 240 11043 997 340 3962 102 247 128 98 2134
leaf_count=2065 1744 1727 549 141 240 11043 997 340 3962 102 247 128 98 2134
internal_value=-0.000261881 -0.000953087 -0.000106863 0.00132979 0.0034399 -0.000104543 -0.000625976 -0.000285668 0.000217995 0.000162766 0.00114196 0.00565089 0.00857143 0.00049979
internal_weight=25517 4722 2657 930 381 20795 7043 6046 4302 13752 2709 328 200 2381
internal_count=25517 4722 2657 930 381 20795 7043 6046 4302 13752 2709 328 200 2381
is_linear=0
shrinkage=0.05


Tree=228
num_leaves=15
num_cat=0
split_feature=32 43 47 53 52 52 13 17 5 1 1 22 0 31
split_gain=1.20913 2.07276 1.75295 1.91519 1.66745 1.60018 2.69007 1.57466 2.07136 1.49747 2.09993 1.3813 1.20994 1.2047
threshold=-2.1952013969421382 292.50000000000006 6.8166668415069589 -0.43733099102973932 -0.99630266427993763 0.75014290213584911 48.699405670166023 -7.1499998569488517 29.750000000000004 44.549999237060554 37.049999237060554 1356.5000000000002 63.000000000000007 -4.3377826213836661
decision_type=2 10 2 2 2 2 2 2 2 2 2 2 2 2
left_child=1 2 3 11 -3 -4 -7 8 -5 10 -8 -1 -11 -10
right_child=-2 4 5 7 -6 6 9 -9 13 12 -12 -13 -14 -15
leaf_value=0.0006023387928775787 -8.3027403304821685e-05 0.0003875603051903545 -0.00020610476079030733 0.0042443914459730728 -0.00042470140711236735 1.7167032797940985e-05 0.00051029226907451514 1.9179739752124907e-05 -0.00067723877546444118 -0.0011958071562023485 0.0036277742654722729 0.0015799158740925794 0.0011957773707745153 0.00052072786349619145
leaf_weight=522 15938 52 2266 90 2216 1084 86 1851 64 75 55 132 113 712
leaf_count=522 15938 52 2266 90 2216 1084 86 1851 64 75 55 132 113 712
internal_value=-0.000145651 0.000306603 0.000729461 0.00155131 -0.00100527 -2.57534e-05 0.00128953 0.000958928 0.00270548 0.00517699 0.00890728 0.00396084 0.00207071 0.00180661
internal_weight=25256 9318 7050 3371 2268 3679 1413 2717 866 329 141 654 188 776
internal_count=25256 9318 7050 3371 2268 3679 1413 2717 866 329 141 654 188 776
is_linear=0
shrinkage=0.05


Tree=229
num_leaves=15
num_cat=0
split_feature=2 49 15 2 3 49 10 0 48 47 23 1 53 33
split_gain=1.13866 1.61103 0.908616 1.64993 2.24189 1.8999 1.70426 1.31065 2.95278 1.73534 1.59353 1.55782 1.96831 2.52468
threshold=112.34999847412111 152.50000000000003 106.04999923706056 59.350000381469734 62.500000000000007 47.500000000000007 61.558332443237312 54.049999237060554 -1.1500000357627866 4.9166667461395273 0.92500001192092907 54.549999237060554 -0.20180761069059369 0.15000000223517421
decision_type=2 10 2 2 2 10 2 2 2 2 2 2 2 2
left_child=2 -2 3 4 7 -6 -5 -1 -9 -10 11 12 13 -11
right_child=1 -3 -4 6 5 -7 -8 8 9 10 -12 -13 -14 -15
leaf_value=-6.0316299935191175e-05 -6.6460062605831283e-05 -0.0019035378451194328 0.00013428300779008966 -0.0011545376301676799 -0.00015736732293255282 0.0011612787084349183 -0.00011515054467763581 -0.00038799955847808537 2.2187131459718409e-05 0.0013306743712582364 -0.0001803603765208671 0.00067116209659538739 0.0010245373020429452 0.0041342193821899088
leaf_weight=10560 3273 685 4971 720 85 103 3043 651 458 56 115 348 115 60
leaf_count=10560 3273 685 4971 720 85 103 3043 651 458 56 115 348 115 60
internal_value=-0.000164932 -0.000942542 -1.99589e-05 -0.00020032 7.52317e-05 0.00535353 -0.00111715 -9.29562e-06 0.00123276 0.00274527 0.00430398 0.00535654 0.00848548 0.0128571
internal_weight=25243 3958 21285 16314 12551 188 3763 12363 1803 1152 694 579 231 116
internal_count=25243 3958 21285 16314 12551 188 3763 12363 1803 1152 694 579 231 116
is_linear=0
shrinkage=0.05


Tree=230
num_leaves=15
num_cat=0
split_feature=3 57 43 25 48 18 8 48 26 22 34 13 29 7
split_gain=0.973085 1.48327 1.40174 1.28601 2.7654 2.11849 1.61762 1.48595 2.47291 1.93561 1.81725 1.74093 1.69679 1.60831
threshold=149.69999694824222 170.91666412353518 57.500000000000007 21.250000000000004 2.9500000476837163 59.95000076293946 58.149999618530281 0.15000000223517421 0.69868040084838878 2242.5000000000005 -3.1499999761581416 78.845237731933608 4.6499998569488534 82.799999237060561
decision_type=2 2 8 2 2 2 2 2 2 2 2 2 2 2
left_child=3 -2 -3 5 -5 7 -7 12 9 -9 -10 -11 -1 -14
right_child=1 2 -4 4 -6 6 -8 8 10 11 -12 -13 13 -15
leaf_value=0.0001153260122310241 -0.00041355696544436295 -0.00015065488582313783 0.00078090536742336293 0.00018681657727736962 -0.0022945698084338895 6.6743518875193545e-06 0.0014362526239619707 0.00015600405460932453 0.0017472188179347978 -0.0003761956689900577 -0.00056280884716781434 0.0016456801514708583 -0.0002114114656949375 -0.00054839451391261776
leaf_weight=2422 1367 405 229 4400 414 63 52 5114 87 56 1693 113 7470 1532
leaf_count=2422 1367 405 229 4400 414 63 52 5114 87 56 1693 113 7470 1532
internal_value=-0.000190153 -0.00124565 0.00074534 -9.94633e-05 0.000628108 -0.000287987 0.0062 -0.000331677 0.000238229 0.000781219 -0.00136872 0.00589385 -0.000683926 -0.000999779
internal_weight=25417 2001 634 23416 4814 18602 115 18487 7063 5283 1780 169 11424 9002
internal_count=25417 2001 634 23416 4814 18602 115 18487 7063 5283 1780 169 11424 9002
is_linear=0
shrinkage=0.05


Tree=231
num_leaves=15
num_cat=0
split_feature=26 48 25 0 19 40 9 6 56 26 26 48 29 0
split_gain=1.17571 1.94553 1.10095 1.67446 2.65416 1.30694 1.96731 1.36148 2.30564 1.37101 1.84934 1.53862 1.29543 1.44918
threshold=0.95807620882987987 1.1500000357627871 30.849999427795414 93.500000000000014 129.69999694824222 995.14999389648449 152.05000305175784 41.049999237060554 47.649999618530281 0.68591111898422252 0.56946218013763439 -3.1499999761581416 9.2500000000000018 116.75000000000001
decision_type=2 2 2 2 2 2 2 2 2 2 2 2 2 2
left_child=2 -2 5 4 -4 7 -7 8 -1 10 -10 -12 -5 -14
right_child=1 -3 3 12 -6 6 -8 -9 9 -11 11 -13 13 -15
leaf_value=1.8163554631310299e-05 -4.8077205771634968e-05 -0.0020408376078486549 0.00026400585104705655 -4.9188416086463038e-05 0.0022763666230840394 -4.4181389142920108e-06 0.0022165594425228043 -0.000121875785874137 6.6369053059370619e-05 7.122582675620596e-05 0.00054632111508639354 0.0055578568046517826 -0.00035081470696756822 0.0014829600852040968
leaf_weight=6506 2680 947 433 1351 74 100 51 12405 118 185 94 106 55 100
leaf_count=6506 2680 947 433 1351 74 100 51 12405 118 185 94 106 55 100
internal_value=-0.000195321 -0.00102695 -5.51244e-05 0.00105536 0.00351064 -0.000169861 0.00431677 -0.000206962 0.000349764 0.003577 0.00551829 0.00833333 0.000211081 0.00439394
internal_weight=25205 3627 21578 2013 507 19565 151 19414 7009 503 318 200 1506 155
internal_count=25205 3627 21578 2013 507 19565 151 19414 7009 503 318 200 1506 155
is_linear=0
shrinkage=0.05


Tree=232
num_leaves=15
num_cat=0
split_feature=49 26 56 36 50 23 18 52 43 37 31 26 2 23
split_gain=1.04207 1.44871 1.34246 0.877345 0.790387 1.16667 1.07401 0.903254 0.882494 1.98386 2.03066 1.73122 1.47436 1.97138
threshold=637.50000000000011 0.6831452250480653 62.300001144409187 34.45000076293946 -0.98296290636062611 0.84499999880790722 -16.749999999999996 -0.94705909490585316 32.500000000000007 60.500000000000007 2.8709417581558232 0.67583256959915172 113.04999923706056 0.57499998807907116
decision_type=10 2 2 2 2 2 2 2 8 2 2 2 2 2
left_child=4 2 -2 -4 5 6 -1 -8 9 10 -6 -11 -10 -14
right_child=1 -3 3 -5 8 -7 7 -9 12 11 -12 -13 13 -15
leaf_value=0.0014556215397697623 -0.00030083637230825401 -0.0041061731940258235 0.0035055330924147637 -7.5183312403749857e-05 0.00031792603855578623 -0.0019316582319246129 0.00056967027200457109 -0.00063891042666536398 2.4980682401592104e-05 -0.0004565721550510913 0.0018590816054720337 0.000153399998741357 -0.00092594460032103696 -2.324315512764846e-05
leaf_weight=114 589 421 51 50 280 233 94 614 17469 537 110 2190 1010 1549
leaf_count=114 589 421 51 50 280 233 94 614 17469 537 110 2190 1010 1549
internal_value=-7.52352e-05 -0.00156557 -0.000142858 0.00490991 -6.19698e-06 -0.00133803 -0.000432693 -0.00116992 5.50625e-05 0.000836264 0.004125 0.000352575 -6.68741e-05 -0.00118529
internal_weight=25311 1111 690 101 24200 1055 822 708 23145 3117 390 2727 20028 2559
internal_count=25311 1111 690 101 24200 1055 822 708 23145 3117 390 2727 20028 2559
is_linear=0
shrinkage=0.05


Tree=233
num_leaves=15
num_cat=0
split_feature=50 31 42 48 23 24 43 36 54 38 14 14 41 5
split_gain=1.14466 1.26439 1.04715 1.07663 1.91995 1.07596 1.07078 1.44094 0.98413 0.972844 1.45822 1.38681 1.17407 3.5564
threshold=-0.98296290636062611 2.6613758802413945 9.0500001907348651 4.9500000476837167 0.70499998331069957 39.500000000000007 2952.5000000000005 39.149999618530281 2.5000000000000004 10.250000000000002 36.721422195434577 43.81981277465821 1.0000000180025095e-35 24.150000572204593
decision_type=2 2 2 2 2 2 10 2 2 2 2 2 2 2
left_child=1 -1 3 -2 5 -5 9 -8 -3 -4 12 -12 13 -11
right_child=2 8 6 4 -6 -7 7 -9 -10 10 11 -13 -14 -15
leaf_value=-0.0011768672876295914 4.1715215099290962e-05 0.0011167724310163175 -0.0007729308060409599 -0.0023355407071110916 0.001483408303670391 0.00042789237022815372 -0.00023622079795059003 0.002743632093265877 -0.00023382239762860269 0.0044400416734683658 0.0040515822942203805 -0.00026605580716397434 -0.00028918376110474443 -2.16470818868304e-06
leaf_weight=607 17739 73 1300 722 122 100 62 59 337 76 74 64 3053 746
leaf_count=607 17739 73 1300 722 122 100 62 59 337 76 74 64 3053 746
internal_value=-0.000151926 -0.00178676 -8.22742e-05 9.54891e-05 -0.00154088 -0.00241587 -0.000692507 0.00377862 0.000357142 -0.000801241 -0.000413871 0.00445946 -0.000598457 0.00106971
internal_weight=25134 1017 24117 18683 944 822 5434 121 410 5313 4013 138 3875 822
internal_count=25134 1017 24117 18683 944 822 5434 121 410 5313 4013 138 3875 822
is_linear=0
shrinkage=0.05


Tree=234
num_leaves=15
num_cat=0
split_feature=11 2 20 15 15 38 17 49 53 20 30 37 50 11
split_gain=1.1126 1.69317 1.38044 1.89752 2.17782 2.58664 1.57152 1.34619 2.01705 2.30241 1.23284 1.83878 1.21661 1.83357
threshold=24.385416984558109 35.350000381469734 48.250000000000007 72.750000000000014 48.95000076293946 10.84999990463257 10.050000190734865 112.50000000000001 -0.81427544355392445 16.94999980926514 92.500000000000014 70.500000000000014 0.60355338454246532 40.689582824707038
decision_type=2 2 2 2 2 2 2 10 2 2 8 2 2 2
left_child=-1 2 6 4 -4 -6 7 10 9 -9 11 -2 13 -3
right_child=1 12 3 -5 5 -7 -8 8 -10 -11 -12 -13 -14 -15
leaf_value=-0.00077272790239695389 0.002982148680011165 -0.00108809711158365 -0.00013591004398715291 -0.00062723359854208985 0.0039043459688951629 0.0015676166278004854 -0.0011143659586946651 0.0011382049823902944 0.00033065620446171332 0.0052209711946709439 -2.1555454609349791e-05 -0.00014806676788905318 3.3214200415949337e-05 -6.9985626389038825e-05
leaf_weight=822 82 1323 134 213 88 198 414 120 648 68 2872 80 6373 12007
leaf_count=822 82 1323 134 213 88 198 414 120 648 68 2872 80 6373 12007
internal_value=-0.000196842 -0.000136014 0.000693118 0.00285381 0.00476744 0.00716216 0.000367954 0.000682989 0.00244681 0.00686869 0.000190538 0.00430232 -0.000343176 -0.000614694
internal_weight=25442 24620 4917 633 420 286 4284 3870 836 188 3034 162 19703 13330
internal_count=25442 24620 4917 633 420 286 4284 3870 836 188 3034 162 19703 13330
is_linear=0
shrinkage=0.05


Tree=235
num_leaves=15
num_cat=0
split_feature=30 23 6 32 56 5 56 6 1 4 28 25 41 40
split_gain=1.12464 1.06518 1.56704 2.48399 1.62387 1.91486 1.19071 1.17244 1.2611 1.30684 1.36727 1.17205 1.13674 0.994302
threshold=2690.0000000000005 0.34499999880790716 22.150000572204593 1.7839322090148928 21.150000572204593 26.150000572204593 25.550000190734867 30.250000000000004 19.650000572204593 44.049999237060554 46.500000000000007 13.050000190734865 99.500000000000014 994.64999389648449
decision_type=10 2 2 2 2 2 2 2 2 2 2 2 2 2
left_child=1 2 3 4 -1 -6 -4 8 -8 11 -11 -10 -3 -14
right_child=-2 12 6 -5 5 -7 7 -9 9 10 -12 -13 13 -15
leaf_value=-0.00071705004497429653 -0.0013056787595904732 3.7397803094695218e-05 -0.0017080302265222273 0.0032299313845436644 0.0023585897049712978 -0.00016753586193394914 0.0039310439956903413 -0.00018555083313916045 -0.0015693541664612656 -0.00036561843986409855 0.0014440761851991204 0.0010780986025665056 -0.00029353893829815633 0.00073029674543839814
leaf_weight=367 373 15651 479 97 66 113 55 4792 210 54 64 76 2848 206
leaf_count=367 373 15651 479 97 66 113 55 4792 210 54 64 76 2848 206
internal_value=-0.000222106 -0.000180964 -0.000738682 0.00158499 0.000215826 0.00399471 -0.00100174 -0.000780271 0.00160981 0.000555554 0.00476562 -0.00128378 9.3496e-06 -0.000871411
internal_weight=25451 25078 6373 643 546 179 5730 5251 459 404 118 286 18705 3054
internal_count=25451 25078 6373 643 546 179 5730 5251 459 404 118 286 18705 3054
is_linear=0
shrinkage=0.05


Tree=236
num_leaves=15
num_cat=0
split_feature=3 49 51 32 13 32 42 41 51 34 48 26 7 2
split_gain=1.26609 1.60455 1.36337 1.96111 1.31673 1.53726 2.14266 1.57284 2.28847 1.45185 1.786 1.36978 1.25216 1.22499
threshold=144.59999847412112 152.50000000000003 0.12940952181816107 -0.31667239964008326 71.893451690673842 6.4644188880920419 9.8499999046325701 90.500000000000014 -0.12940952181816107 -1.9499999880790708 0.25000000745058065 0.69319197535514843 76.950000762939467 64.599998474121108
decision_type=2 8 2 2 2 2 2 2 2 2 2 2 2 2
left_child=4 2 3 -2 13 7 -7 9 12 10 -6 -12 -9 -1
right_child=1 -3 -4 -5 5 6 -8 8 -10 -11 11 -13 -14 -15
leaf_value=1.1975314001870346e-05 0.00080853685416951984 -0.00097944172659819475 -0.00036722541880753189 -0.00012573702518762104 0.00011145597742800126 0.0014872586125993397 -0.00021731621527054353 0.0019337448568091575 5.9235930621890128e-05 -7.1447447142315303e-06 0.0026574617652730015 -1.0365639092966385e-05 0.00066750673559281637 -0.00025623302525134038
leaf_weight=13056 431 681 804 281 286 157 106 176 558 4727 88 52 253 3506
leaf_count=13056 431 681 804 281 286 157 106 176 558 4727 88 52 253 3506
internal_value=-5.00568e-05 -0.00119393 -0.000281784 0.00130194 5.98465e-05 0.000668173 0.00434066 0.000504064 0.00232196 0.000152042 0.00291284 0.00733333 0.00502278 -0.000175599
internal_weight=25162 2197 1516 712 22965 6403 263 6140 987 5153 426 140 429 16562
internal_count=25162 2197 1516 712 22965 6403 263 6140 987 5153 426 140 429 16562
is_linear=0
shrinkage=0.05


Tree=237
num_leaves=15
num_cat=0
split_feature=57 3 51 43 45 36 30 48 19 25 53 45 0 29
split_gain=0.969075 1.7379 1.39902 1.23616 1.13966 1.45212 1.41626 1.13854 1.07741 1.32651 2.01911 1.19354 1.05197 1.15339
threshold=170.91666412353518 152.05000305175784 -0.7865660786628722 17.500000000000004 1.8126950263977053 8.1500000953674334 25.02689361572266 -1.8499999642372129 101.15000152587892 21.94999980926514 1.0000000180025095e-35 -0.37603493034839625 53.350000381469734 5.4500000476837167
decision_type=2 2 2 8 2 2 10 2 2 2 2 2 2 2
left_child=1 7 -2 -3 -4 -6 -7 8 9 12 -11 -12 13 -1
right_child=2 3 4 -5 5 6 -8 -9 -10 10 11 -13 -14 -15
leaf_value=0.00078760753157393587 0.0014293744321472116 0.00019457411038073069 1.2372844192814743e-05 -0.00069860252465942646 -0.00012861619525303796 0.00094685223136240892 0.00022584057231790581 1.8842752672545059e-05 -0.00072233169980332748 0.0033638189718292696 -0.00063774140003944975 0.0021823020981039773 -0.0012687101585465491 -0.00051722098436691587
leaf_weight=579 74 169 950 1171 62 51 57 18519 1397 63 174 83 419 1682
leaf_count=579 74 169 950 1171 62 51 57 18519 1397 63 174 83 419 1682
internal_value=-0.000113905 -0.000182561 0.00127076 -0.00192593 0.000796459 0.00444444 0.00771186 -7.98232e-05 -0.000802134 -0.000265782 0.00272727 0.000617976 -0.000631971 -0.000200353
internal_weight=25450 24256 1194 1340 1120 170 108 22916 4397 3000 320 257 2680 2261
internal_count=25450 24256 1194 1340 1120 170 108 22916 4397 3000 320 257 2680 2261
is_linear=0
shrinkage=0.05


Tree=238
num_leaves=15
num_cat=0
split_feature=50 23 23 2 20 8 35 20 38 17 29 12 17 50
split_gain=1.03688 1.71933 1.68118 2.00466 1.82734 2.02622 1.59264 1.98347 2.05032 1.81833 1.68929 1.52877 1.50269 1.4807
threshold=0.60355338454246532 0.82499998807907116 0.22500000149011615 38.149999618530281 44.649999618530281 69.299999237060561 2.5000000000000004 72.850002288818374 11.449999809265138 3.6499999761581425 9.5500001907348651 41.370138168334968 -30.05000019073486 0.78656607866287243
decision_type=2 2 2 2 2 2 2 2 2 2 2 2 2 2
left_child=2 6 3 4 -1 -6 9 8 10 -2 -8 -3 -10 -11
right_child=1 11 -4 -5 5 -7 7 -9 12 13 -12 -13 -14 -15
leaf_value=-0.00081275373459703407 -7.8847955665511894e-05 0.001529289037043785 -3.9552078413708107e-05 -0.0012814993617233277 0.0011558157902313558 -0.0014892300749023823 0.0038154471160736316 -0.00039243760918708731 0.0035832217281503392 0.00050946263442266341 -0.00099605004895416131 -0.00036040490763654815 0.00033363368268795132 5.6388021833007679e-06
leaf_weight=561 2698 155 16300 780 173 65 351 365 70 685 62 1419 785 732
leaf_count=561 2698 155 16300 780 173 65 351 365 70 685 62 1419 785 732
internal_value=-0.000127128 0.000373703 -0.000332328 -0.00188483 -0.00011743 0.00346774 0.000774573 0.00209069 0.00302034 0.000248484 0.0058747 -0.00108586 0.00158959 0.00169236
internal_weight=25201 7322 17879 1579 799 238 5748 1633 1268 4115 413 1574 855 1417
internal_count=25201 7322 17879 1579 799 238 5748 1633 1268 4115 413 1574 855 1417
is_linear=0
shrinkage=0.05


Tree=239
num_leaves=15
num_cat=0
split_feature=23 51 24 15 2 36 51 35 37 20 39 26 5 7
split_gain=1.00377 1.76242 2.0983 1.33674 0.951158 2.17148 1.99979 1.15171 1.1285 1.09157 1.0712 1.02337 1.4384 1.65847
threshold=1.6150000095367434 -0.12940952181816107 11.500000000000002 106.04999923706056 107.70000076293947 13.449999809265138 -0.37940952181816096 1.5000000000000002 33.500000000000007 33.149999618530281 0.35000000894069677 0.98691159486770641 120.34999847412111 120.84999847412111
decision_type=2 2 2 2 2 2 2 2 2 2 2 2 2 2
left_child=4 2 -2 -4 8 6 9 -7 -1 -6 -10 -8 13 -13
right_child=1 -3 3 -5 5 7 11 -9 10 -11 -12 12 -14 -15
leaf_value=-0.00030985299386381059 -0.0002039225688140739 -0.0004097165938875178 0.00093078252340522217 0.0021501821949546185 -0.00075517496640881262 -4.0375064879076523e-05 -0.00016245273163459573 -0.001437933093187987 4.0682462230679386e-05 0.00085825504131632237 -0.00074564970152441194 0.00053082267756827961 0.00043222375913895029 -0.0009392978291077993
leaf_weight=2663 55 178 50 68 67 697 1228 1392 17319 380 766 52 200 135
leaf_count=2663 55 178 50 68 67 697 1228 1392 17319 380 766 52 200 135
internal_value=-0.00013856 0.00247922 0.00592896 0.00945312 -0.000176443 -0.000866379 0.000284748 -0.00199857 -3.80588e-05 0.00320569 0.000103619 -0.000538463 0.00167506 -0.0014467
internal_weight=25250 351 173 118 24899 4151 2062 2089 20748 447 18085 1615 387 187
internal_count=25250 351 173 118 24899 4151 2062 2089 20748 447 18085 1615 387 187
is_linear=0
shrinkage=0.05


Tree=240
num_leaves=15
num_cat=0
split_feature=1 49 37 24 42 34 17 44 5 25 10 5 0 31
split_gain=0.948916 1.80054 1.67741 1.35556 1.66778 1.47566 1.34937 1.28891 1.27148 1.339 1.82545 2.02605 1.16076 1.14769
threshold=30.550000190734867 127.50000000000001 24.500000000000004 30.500000000000004 11.750000000000002 -1.9499999880790708 -39.249999999999993 7.0041189193725595 45.699998855590827 8.9499998092651385 23.891666412353519 31.750000000000004 26.150000572204593 -1.7989584803581236
decision_type=2 10 2 2 2 2 2 2 2 2 2 2 2 2
left_child=1 3 -2 -1 5 13 -3 -7 9 -8 -11 -12 -13 -5
right_child=2 6 -4 4 -6 7 8 -9 -10 10 11 12 -14 -15
leaf_value=-0.00022260776545653571 -0.0013429093210913889 0.0042836942239867044 -3.0171590423135844e-05 0.0059812176029199427 -0.00091061597559324739 0.00027133525670027078 3.7464897561747303e-05 0.0022447410099106567 -0.00024542507315501689 0.0058845686816489245 -0.0010526062684890309 0.00040152622407710797 0.006273768631218684 0.00025436804591053431
leaf_weight=2353 614 50 20931 72 238 418 194 80 233 56 79 73 59 51
leaf_count=2353 614 50 20931 72 238 418 194 80 233 56 79 73 59 51
internal_value=-0.000151112 0.000559757 -0.000281838 4.34501e-05 0.00173187 0.00308241 0.00275862 0.00179134 0.00210227 0.00359872 0.00583032 0.00337104 0.00697183 0.00778195
internal_weight=25501 3956 21545 3212 859 621 744 498 694 461 267 211 132 123
internal_count=25501 3956 21545 3212 859 621 744 498 694 461 267 211 132 123
is_linear=0
shrinkage=0.05


Tree=241
num_leaves=15
num_cat=0
split_feature=45 49 48 25 30 31 48 52 32 41 53 27 0 48
split_gain=0.983007 1.31465 1.59787 1.57682 1.78555 1.58183 1.40731 1.72365 1.51163 1.35639 1.30677 1.24472 1.18701 2.60317
threshold=0.72231954336166393 382.50000000000006 -0.55000001192092884 17.250000000000004 92.500000000000014 -3.5634267330169673 -1.5500000119209287 -0.0053757284767925731 -2.4478565454483028 1.0000000180025095e-35 -0.99983122944831837 32.750000000000007 40.649999618530281 2.1499999761581425
decision_type=2 10 2 2 8 2 2 2 2 2 2 2 2 2
left_child=1 2 3 5 -5 -1 11 8 -8 -9 -2 -6 13 -12
right_child=10 -3 -4 4 6 -7 7 9 -10 -11 12 -13 -14 -15
leaf_value=-0.0016164049391474995 0.0021969292629501554 -0.00100128465711975 6.0123384254709405e-05 -7.1738560376508105e-05 -0.00011804698649768683 -0.00025281081637070955 0.0025488599286228753 0.0005883708995165415 0.00046418178326526616 -0.00041942950210792227 0.0001003994521907344 0.00116983988548929 -1.0524696149991275e-05 0.0018936177772832395
leaf_weight=1269 84 1221 7228 2023 608 3158 119 71 113 122 1983 77 6714 456
leaf_count=1269 84 1221 7228 2023 608 3158 119 71 113 122 1983 77 6714 456
internal_value=-0.000106115 -0.000343031 -0.000212192 -0.000719948 0.000138402 -0.00132635 0.00174107 0.00396552 0.00677686 0.000418718 0.000304422 0.00032374 0.000243915 0.0011862
internal_weight=25246 16009 14788 7560 3133 4427 1110 425 232 193 9237 685 9153 2439
internal_count=25246 16009 14788 7560 3133 4427 1110 425 232 193 9237 685 9153 2439
is_linear=0
shrinkage=0.05


Tree=242
num_leaves=15
num_cat=0
split_feature=50 54 10 17 44 7 54 18 29 17 29 21 8 57
split_gain=1.20332 1.10766 1.11124 0.996352 1.39111 1.24868 1.22893 1.52159 1.34699 0.875724 1.14196 1.72083 0.910102 1.11534
threshold=-0.98296290636062611 2.5000000000000004 48.941667556762702 -73.700000762939439 0.35348723828792578 49.049999237060554 4.5000000000000009 8.5500001907348651 3.7500000000000004 90.100002288818374 5.8500001430511483 16.500000000000004 234.44999694824222 178.51667022705081
decision_type=2 2 2 2 2 2 2 2 2 2 2 2 2 2
left_child=1 2 -1 4 6 -6 8 -8 -2 12 -11 -12 13 -5
right_child=3 -3 -4 9 5 -7 7 -9 -10 10 11 -13 -14 -15
leaf_value=0.0022047110751952374 0.0014901975365622445 -0.00087287533019628325 -0.00042017015215046403 -3.3964372805962982e-05 0.0004691650542380733 -0.00038763865991492901 0.005083226807818606 0.00021234843982268129 -0.0015435531592233394 3.0393757862887974e-05 -0.0001824590155144546 0.0013989568019847352 -0.00059041822126540227 0.00040479995581628393
leaf_weight=63 73 911 100 22428 163 274 75 55 58 317 54 56 267 565
leaf_count=63 73 911 100 22428 163 274 75 55 58 317 54 56 267 565
internal_value=-0.000141153 -0.00177122 0.00193642 -6.86628e-05 0.00177966 3.35559e-05 0.00459409 0.00785714 0.00102837 -0.000123857 0.00209382 0.00625 -0.00016545 -0.000131071
internal_weight=25459 1074 163 24385 698 437 261 130 131 23687 427 110 23260 22993
internal_count=25459 1074 163 24385 698 437 261 130 131 23687 427 110 23260 22993
is_linear=0
shrinkage=0.05


Tree=243
num_leaves=15
num_cat=0
split_feature=23 44 42 44 48 48 7 57 8 54 57 7 31 11
split_gain=1.59052 2.19908 1.24373 1.3922 1.04469 1.03882 1.23163 2.27434 1.55492 1.54329 1.53933 1.42242 1.38944 1.37736
threshold=1.6649999618530276 -7.752504587173461 7.8500001430511483 -2.3837091922760005 -7.3500001430511466 -1.8499999642372129 57.800001144409187 49.716667175292976 39.549999237060554 9.5000000000000018 97.950000762939467 70.40000152587892 -3.9579608440399165 35.764583587646491
decision_type=2 2 2 2 2 2 2 2 2 2 2 2 2 2
left_child=4 -2 3 -3 -1 -6 7 8 9 12 -8 -12 13 -7
right_child=1 2 -4 -5 5 6 10 -9 -10 -11 11 -13 -14 -15
leaf_value=0.0029787703006885716 -0.0012039897488002344 -0.0004014365168701982 0.0028975530437286333 0.00097838013959186915 -0.00040332829670007933 0.0015047881116489329 -0.00022579387246789173 0.00041011035795147682 -0.00019118562256963047 0.00047939301835691126 0.002176546844578452 1.8572015371750332e-05 -5.8987081220153083e-05 4.2820993738956547e-05
leaf_weight=58 77 60 50 88 4532 521 6080 2677 3268 298 87 3707 2977 888
leaf_count=58 77 60 50 88 4532 521 6080 2677 3268 298 87 3707 2977 888
internal_value=-0.00011782 0.00359649 0.00629808 0.0035443 -0.000159942 -0.000176683 -2.51072e-05 0.000348246 -7.66151e-05 0.000507029 -0.000426954 0.000362775 0.00026615 0.00155391
internal_weight=25368 275 198 148 25093 25035 20503 10629 7952 4684 9874 3794 4386 1409
internal_count=25368 275 198 148 25093 25035 20503 10629 7952 4684 9874 3794 4386 1409
is_linear=0
shrinkage=0.05


Tree=244
num_leaves=15
num_cat=0
split_feature=57 6 8 7 18 39 9 32 33 57 50 18 10 27
split_gain=0.75404 1.68415 1.31052 1.26281 1.54102 1.19846 1.2203 1.14674 2.95245 1.1308 1.02665 1.39092 1.41384 1.8912
threshold=42.516666412353523 30.94999980926514 45.699998855590827 56.95000076293946 8.0500001907348651 0.15000000223517421 140.40000152587893 -8.9384560585021955 2.9500000476837163 27.816666603088382 0.60355338454246532 59.95000076293946 194.50833129882815 11.050000190734865
decision_type=2 2 2 2 2 2 2 2 2 2 2 2 2 2
left_child=1 -1 9 5 7 6 -2 8 -5 -3 -6 -12 13 -13
right_child=3 2 -4 4 10 -7 -8 -9 -10 -11 11 12 -14 -15
leaf_value=9.715515830329872e-05 0.00018998546046693717 -0.0012378203332246895 -0.0011402392485336513 -0.00010047903602120048 -4.2984894923245153e-06 -0.0010395107303818379 0.0012480091778522783 -0.00015956289615646384 0.0026704054749180249 -9.4018802026944607e-05 0.00018151942218722791 0.0022203329999465372 0.00013862412858833018 0.00033578352645647898
leaf_weight=3393 5508 470 798 236 2593 309 173 7611 51 2891 1134 61 96 88
leaf_count=3393 5508 470 798 236 2593 309 173 7611 51 2891 1134 61 96 88
internal_value=-0.000118403 -0.000536896 -0.00121012 5.87565e-05 -0.0002399 0.000649999 0.0008162 -0.000643653 0.00240741 -0.000772769 0.00056253 0.00165947 0.005 0.00789308
internal_weight=25412 7552 4159 17860 11870 5990 5681 7898 287 3361 3972 1379 245 149
internal_count=25412 7552 4159 17860 11870 5990 5681 7898 287 3361 3972 1379 245 149
is_linear=0
shrinkage=0.05


Tree=245
num_leaves=15
num_cat=0
split_feature=51 17 26 27 21 17 51 17 22 56 29 20 23 1
split_gain=0.961186 1.6798 2.67187 1.61964 0.968069 1.06082 1.80292 1.54751 1.70805 1.94002 1.71344 1.50642 2.61816 1.94138
threshold=-0.98296290636062611 4.8500001430511483 0.63808164000511181 19.44999980926514 236.50000000000003 -0.35000000894069666 0.60355338454246532 -0.65000000596046437 1881.5000000000002 93.700000762939467 6.9500000476837167 8.3499999046325701 0.79500001668930065 67.65000152587892
decision_type=2 2 2 2 2 2 2 2 2 2 2 2 2 2
left_child=1 3 -3 -1 5 6 7 8 11 -10 -11 12 -2 -14
right_child=4 2 -4 -5 -6 -7 -8 -9 9 10 -12 -13 13 -15
leaf_value=-0.0013306646598836426 -0.00040421533617578147 0.00010554312487203295 0.0019057875725690275 0.00019926360503132482 -0.00060572121372913263 -9.115078910752274e-05 -0.00038287781435121352 0.0012303159813892234 -0.0015994783565154423 -0.00014561114988183958 0.000841178410597117 0.00024211457006206744 0.0012127741593090005 -0.0010036848947160739
leaf_weight=171 2183 122 70 692 266 11968 1098 108 469 742 150 6657 368 108
leaf_count=171 2183 122 70 692 266 11968 1098 108 469 742 150 6657 368 108
internal_value=-0.000179097 0.00129108 0.00539604 0.000326459 -0.000243919 -0.000209758 0.000124862 0.000321907 0.000258724 -0.0013895 -1.10877e-05 0.000500749 -0.000503935 0.00281893
internal_weight=25172 1055 192 863 24117 23851 11883 10785 10677 1361 892 9316 2659 476
internal_count=25172 1055 192 863 24117 23851 11883 10785 10677 1361 892 9316 2659 476
is_linear=0
shrinkage=0.05


Tree=246
num_leaves=15
num_cat=0
split_feature=56 6 6 25 1 48 56 6 30 3 3 20 45 44
split_gain=0.973573 2.85942 2.06594 1.83417 1.67303 1.21462 1.25997 1.71512 1.70367 1.3301 1.97309 1.21707 1.28536 1.11316
threshold=62.750000000000007 66.500000000000014 69.700000762939467 46.049999237060554 96.500000000000014 -1.4499999880790708 91.40000152587892 91.849998474121108 17.500000000000004 63.899999618530281 59.350000381469734 15.84999990463257 -4.6555910110473624 -1.8221188783645628
decision_type=2 2 2 2 2 2 2 2 8 2 2 2 2 2
left_child=1 3 4 -1 -2 -4 7 8 -7 10 11 -8 -13 -10
right_child=2 -3 5 -5 -6 6 9 -9 13 -11 -12 12 -14 -15
leaf_value=-5.97410771047098e-05 0.00059999355001185491 -0.0020319003912019499 -0.00037818852945257743 0.0008872090675715082 -0.00071699707453133112 0.00084293680692452239 0.0042371347662901338 -0.001006414957880776 -0.00030498220300197718 4.7177495763187805e-05 0.0023875843341336633 0.00081411053657116624 -0.00064087562490363519 0.000171736180396207
leaf_weight=13836 1881 796 1999 72 145 85 62 610 842 3632 86 80 274 912
leaf_count=13836 1881 796 1999 72 145 85 62 610 842 3632 86 80 274 912
internal_value=-0.00016626 -0.000429524 0.000198718 -0.000261533 0.00163065 -0.00014083 0.000187319 -0.000709639 5.67863e-05 0.000719111 0.00310547 0.00157277 0.000357142 -0.000294786
internal_weight=25312 14704 10608 13908 2026 8582 6583 2449 1839 4134 502 416 354 1754
internal_count=25312 14704 10608 13908 2026 8582 6583 2449 1839 4134 502 416 354 1754
is_linear=0
shrinkage=0.05


Tree=247
num_leaves=15
num_cat=0
split_feature=3 54 42 41 28 30 56 25 14 48 37 52 28 49
split_gain=1.28753 1.61221 2.38937 1.71929 1.58666 1.94576 1.4157 1.30694 1.20617 1.18725 1.6282 1.45693 1.268 1.17433
threshold=144.59999847412112 1.5000000000000002 3.5499999523162846 49.500000000000007 91.500000000000014 67.500000000000014 130.1499938964844 24.150000572204593 12.081357955932619 2.3500000238418584 83.500000000000014 -0.29343378543853754 84.500000000000014 1.0000000180025095e-35
decision_type=2 2 2 2 2 10 2 2 2 2 2 2 2 8
left_child=1 2 7 8 5 -5 13 -1 -4 11 -11 12 -8 -2
right_child=6 -3 3 4 -6 -7 9 -9 -10 10 -12 -13 -14 -15
leaf_value=0.0030713056767367381 5.0491885729015305e-06 -3.3865506492716178e-05 0.00086228793593581691 0.002074332367606185 -0.00029406261097746891 6.6678645194369896e-05 -3.2138517297233528e-05 0.00016804685753702363 -0.00034665645929767941 -0.0005873865551120804 0.0014912480819406217 -0.00020351948233362791 0.00064958321049321001 -0.0013335258826143066
leaf_weight=117 214 21957 57 79 104 87 143 140 585 93 81 906 111 691
leaf_count=117 214 21957 57 79 104 87 143 140 585 93 81 906 111 691
internal_value=-0.000211824 -0.00010071 0.00170059 0.000477222 0.00375 0.00664773 -0.00135394 0.00586142 -0.000935584 -0.000312501 0.00342391 -0.000897437 0.00238636 -0.00286885
internal_weight=25365 23126 1169 912 270 166 2239 257 642 1334 174 1160 254 905
internal_count=25365 23126 1169 912 270 166 2239 257 642 1334 174 1160 254 905
is_linear=0
shrinkage=0.05


Tree=248
num_leaves=15
num_cat=0
split_feature=56 0 3 35 47 20 40 57 20 19 17 7 30 0
split_gain=1.17802 1.57535 2.55321 2.29949 1.52828 1.503 1.74378 1.37794 1.4201 1.35579 1.63137 1.42628 1.18202 1.15437
threshold=30.650000572204593 41.250000000000007 74.15000152587892 2.5000000000000004 10.116666793823244 11.949999809265138 987.85000610351574 43.516666412353523 37.549999237060554 61.800001144409187 3.6499999761581425 42.649999618530281 1277.5000000000002 28.150000572204593
decision_type=2 2 2 2 2 2 2 2 2 2 2 2 10 2
left_child=12 2 3 5 13 -2 9 -8 -9 -7 11 -11 -1 -5
right_child=1 -3 -4 4 -6 6 7 8 -10 10 -12 -13 -14 -15
leaf_value=-0.00041912282432481692 -0.00055542383090186867 -3.6454033698735968e-05 0.0033075168180169085 0.0044353487051753838 -0.00029695372947811293 -0.00013014114442446502 0.0022900202448488064 -0.00021170387921514897 0.0021420999043663212 0.0039696853354092305 -0.00070198304211109618 0.00028999198072754721 0.00016848592084866399 0.0014161462055086835
leaf_weight=3197 1190 16481 63 343 392 1348 66 149 59 91 86 107 838 857
leaf_count=3197 1190 16481 63 343 392 1348 66 149 59 91 86 107 838 857
internal_value=-0.000163589 -1.45949e-05 0.000786598 0.000640697 0.00217853 -0.000154541 0.00071503 0.00433098 0.00211009 8.52607e-05 0.00316326 0.00557692 -0.000945613 0.00305785
internal_weight=25267 21232 4751 4688 1592 3096 1906 274 208 1632 284 198 4035 1200
internal_count=25267 21232 4751 4688 1592 3096 1906 274 208 1632 284 198 4035 1200
is_linear=0
shrinkage=0.05


Tree=249
num_leaves=15
num_cat=0
split_feature=3 17 30 40 44 17 6 40 52 38 5 57 3 40
split_gain=0.888736 2.07539 1.21522 1.18594 1.01649 1.26391 1.21522 1.7919 1.61122 2.0584 2.06207 1.57733 1.4242 1.41465
threshold=11.250000000000002 -7.1499998569488517 2782.5000000000005 983.25000000000011 -5.3467433452606192 85.15000152587892 28.150000572204593 989.95001220703136 0.88220161199569713 9.1500000953674334 33.149999618530281 39.116666793823249 144.59999847412112 985.35000610351574
decision_type=2 2 10 2 2 2 2 2 2 2 2 2 2 2
left_child=1 -1 4 -3 5 -2 7 8 9 10 -6 -8 -13 -12
right_child=2 3 -4 -5 6 -7 11 -9 -10 -11 13 12 -14 -15
leaf_value=0.0075576626901261244 -0.00021514338579313517 0.0017493258983060608 -0.0015139854244527722 -0.0034191967346942301 0.00034029954916451645 0.00037831209866222998 -0.00033295356678901436 0.0022379099905559079 -0.00022190349870986655 0.00029390474689370389 0.0042886098254302741 6.0290587131284353e-05 -0.0002452545620936386 0.00068698468519476645
leaf_weight=54 5712 80 333 73 111 64 2621 93 805 1032 66 12178 1893 68
leaf_count=54 5712 80 333 73 111 64 2621 93 805 1032 66 12178 1893 68
internal_value=-0.000121662 0.00306451 -0.000149285 -9.20257e-05 -0.000108102 -0.000687868 6.96603e-05 0.00117849 0.000855639 0.00195416 0.00598039 -7.54413e-05 0.000134577 0.00993055
internal_weight=25183 207 24976 153 24643 5776 18867 2175 2082 1277 245 16692 14071 134
internal_count=25183 207 24976 153 24643 5776 18867 2175 2082 1277 245 16692 14071 134
is_linear=0
shrinkage=0.05


Tree=250
num_leaves=15
num_cat=0
split_feature=48 35 6 18 35 3 20 23 11 51 50 21 7 25
split_gain=1.00478 1.93642 1.63902 1.23575 1.83664 1.52099 1.53474 1.76996 1.49629 1.44772 2.04995 1.43991 1.40546 1.52887
threshold=-1.7499999999999998 2.5000000000000004 16.849999427795414 0.45000000298023229 1.5000000000000002 54.750000000000007 74.149997711181655 0.47499999403953558 25.031250000000004 0.37940952181816107 -1.0000000180025095e-35 193.50000000000003 56.95000076293946 10.84999990463257
decision_type=2 2 2 2 2 2 2 2 2 2 2 2 2 2
left_child=1 -1 -3 8 -5 6 -6 -8 -2 11 12 -10 13 -11
right_child=3 2 -4 4 5 -7 7 -9 9 10 -12 -13 -14 -15
leaf_value=-0.00070025671354929182 -0.0012896115181795812 0.0048627467310684569 -3.2403341783244028e-05 0.00018465073505846585 0.00010410389809987044 -0.0001457926164645936 0.00025914826082317296 0.0037518439118107354 0.00014173096564223234 -0.00011148846533837348 -0.00058681805982565638 -0.00042854081042520528 -7.3163457581969105e-05 0.0016688134923547667
leaf_weight=2225 368 97 2741 3918 2077 3874 147 112 5745 170 2196 675 816 161
leaf_count=2225 368 97 2741 3918 2077 3874 147 112 5745 170 2196 675 816 161
internal_value=-9.3164e-05 -0.000722453 0.000143959 6.43828e-05 0.000454724 -8.0387e-05 0.000924978 0.00447955 -0.000325906 -0.000206181 -0.00104832 0.00023328 0.000661192 0.00335777
internal_weight=25322 5063 2838 20259 10128 6210 2336 259 10131 9763 3343 6420 1147 331
internal_count=25322 5063 2838 20259 10128 6210 2336 259 10131 9763 3343 6420 1147 331
is_linear=0
shrinkage=0.05


Tree=251
num_leaves=15
num_cat=0
split_feature=48 56 6 0 23 30 6 42 55 25 30 57 31 36
split_gain=1.84301 1.09114 2.97456 2.17261 1.48542 2.12111 1.49487 1.23351 1.41918 1.54233 1.33604 1.06028 0.995872 0.979547
threshold=-2.3500000238418575 29.349999427795414 28.550000190734867 30.250000000000004 0.67500001192092907 1672.5000000000002 25.44999980926514 6.1499998569488534 1.0000000180025095e-35 16.550000190734867 1092.5000000000002 33.583332061767585 3.2046937942504887 39.549999237060554
decision_type=2 2 2 2 2 8 2 2 2 2 8 2 2 2
left_child=-1 4 3 11 6 -6 7 8 -2 10 -10 -3 -5 -9
right_child=1 2 -4 12 5 -7 -8 13 9 -11 -12 -13 -14 -15
leaf_value=-0.00051508878618505122 0.0021322669839886478 0.00070201746990201756 2.4820217246537792e-05 -0.00014956176040526085 0.00015774694323697123 0.0022750752834021014 -0.0010165212897528615 -0.0004571501229061942 -0.00068370568151935262 0.00089159474924072144 0.0016975538268494416 0.0077310241260113632 0.002560910844909556 0.0010111577806400827
leaf_weight=3367 71 55 18572 152 388 51 1239 888 219 69 131 75 54 123
leaf_count=3367 71 55 18572 152 388 51 1239 888 219 69 131 75 54 123
internal_value=-7.73653e-05 8.89249e-05 0.00023311 0.00482659 -0.000766699 0.00190423 -0.0012 -0.000135673 0.0019 0.000710955 -0.000694446 0.00964286 0.00148148 -0.00113125
internal_weight=25454 22087 18908 336 3179 439 2740 1501 490 419 350 130 206 1011
internal_count=25454 22087 18908 336 3179 439 2740 1501 490 419 350 130 206 1011
is_linear=0
shrinkage=0.05


Tree=252
num_leaves=15
num_cat=0
split_feature=57 6 26 50 44 29 26 26 34 24 0 4 33 19
split_gain=1.25237 1.26335 1.21764 1.14544 1.12572 0.837118 0.852797 0.966668 0.796406 0.768382 0.899319 2.03605 1.39978 1.38355
threshold=29.183333396911625 13.750000000000002 0.52085402607917797 -0.98296290636062611 4.9740147590637216 9.3499999046325701 0.28430110216140753 0.69486087560653698 2.5499999523162846 1.0000000180025095e-35 26.550000190734867 61.100000381469734 15.550000190734865 60.399999618530281
decision_type=2 2 2 2 2 2 2 2 2 2 2 2 2 2
left_child=1 2 -1 4 -2 8 -7 -8 -3 -5 11 12 13 -11
right_child=3 5 -4 9 -6 6 7 -9 -10 10 -12 -13 -14 -15
leaf_value=0.0054676341121827621 -0.00083196543242051275 -0.00083056799266925359 -2.039939359244284e-05 -0.00036174469498665178 0.00016826834020268762 0.0019175338819944151 -0.00038542898667420317 0.0016004392902463538 7.6233134571977666e-05 -7.1787975227384588e-05 5.0171680877303118e-06 0.0041870371211053465 0.0029246260111789289 0.0039321912452702744
leaf_weight=72 692 1417 168 1038 198 59 585 100 175 1011 19539 77 84 66
leaf_count=72 692 1417 168 1038 198 59 585 100 175 1011 19539 77 84 66
internal_value=-0.000148473 -0.00119103 0.0022 -2.97172e-05 -0.00177778 -0.00154732 -0.000159152 -0.000683454 -0.00219101 4.23814e-05 0.000108961 0.00141026 0.0008497 0.000335785
internal_weight=25281 2576 240 22705 890 2336 744 685 1592 21815 20777 1238 1161 1077
internal_count=25281 2576 240 22705 890 2336 744 685 1592 21815 20777 1238 1161 1077
is_linear=0
shrinkage=0.05


Tree=253
num_leaves=15
num_cat=0
split_feature=13 12 28 22 23 31 45 1 14 12 17 20 18 49
split_gain=1.21608 2.09789 1.40086 1.75664 1.69515 1.2283 1.53454 1.38307 2.1029 2.11381 2.44485 2.08715 2.00493 1.89503
threshold=42.946725845336921 51.982637405395515 70.500000000000014 2508.0000000000005 1.0249999761581423 -8.9905290603637678 5.1857576370239267 52.45000076293946 16.508350372314457 45.197223663330085 5.6499998569488534 37.95000076293946 -3.7499999999999996 22.500000000000004
decision_type=2 2 2 2 2 2 2 2 2 2 2 2 2 8
left_child=2 5 4 -4 -1 6 -2 8 11 -10 12 -7 -11 -9
right_child=1 -3 3 -5 -6 7 -8 13 9 10 -12 -13 -14 -15
leaf_value=-0.0001272450525091049 -0.001344640338987799 -5.6660852587875716e-05 -0.00090427212389664893 0.0031290216995332079 0.0027882954983406236 0.00018693421342124276 0.0012423193984173208 0.00031541429112667656 0.0003298303260191279 0.0046226600809031121 -0.00097033920065114985 0.00084503433230840056 0.00075931727050389903 -0.00075944321442273656
leaf_weight=3850 418 14832 1611 75 70 2051 184 717 194 79 60 527 150 659
leaf_count=3850 418 14832 1611 75 70 2051 184 717 194 79 60 527 150 659
internal_value=-0.000201476 -1.78574e-05 -0.000851141 -0.00205189 -0.00033079 0.000862546 -0.00124183 0.00115021 0.00174047 0.00473631 0.00737458 0.00116306 0.00964435 -0.000165946
internal_weight=25477 19871 5606 1686 3920 5039 602 4437 3061 483 289 2578 229 1376
internal_count=25477 19871 5606 1686 3920 5039 602 4437 3061 483 289 2578 229 1376
is_linear=0
shrinkage=0.05


Tree=254
num_leaves=15
num_cat=0
split_feature=29 48 57 1 54 45 30 24 18 30 20 24 44 37
split_gain=1.10372 2.72699 1.00724 1.58779 1.26809 1.43934 3.10761 3.77374 1.18478 1.18233 3.36268 2.46072 1.77942 2.56076
threshold=13.84999990463257 2.7500000000000004 39.116666793823249 44.149999618530281 5.5000000000000009 4.7353985309600839 212.50000000000003 20.500000000000004 -33.249999999999993 387.50000000000006 14.750000000000002 5.5000000000000009 1.7866435647010805 44.500000000000007
decision_type=2 2 2 2 2 2 10 2 2 10 2 2 2 2
left_child=2 -2 3 -1 5 -4 7 -7 -6 -10 -11 -12 -13 -14
right_child=1 -3 4 -5 8 6 -8 -9 9 10 11 12 13 -15
leaf_value=-1.1876810300986485e-05 -0.0010774262113311555 0.0017800331575903777 9.3628614613268691e-05 -0.00045022999541610373 -0.0004227262773225337 0.00079351409701227575 -0.00090160231496046433 0.0054199143539615628 -6.7581671312199408e-05 -2.846047472611636e-05 -0.00011569379446739101 0.0011476243998025958 -7.5441094671810374e-05 0.0034475958485383758
leaf_weight=3995 1191 176 5955 1693 1335 179 135 99 7751 2002 228 382 58 138
leaf_count=3995 1191 176 5955 1693 1335 179 135 99 7751 2002 228 382 58 138
internal_value=-0.000137601 -0.00151416 -5.84319e-05 -0.000638822 0.000122591 0.000691438 0.00351064 0.00645833 -0.000182293 -4.25893e-06 0.000872958 0.00357843 0.00528911 0.00907767
internal_weight=25317 1367 23950 5688 18262 6368 413 278 11894 10559 2808 806 578 196
internal_count=25317 1367 23950 5688 18262 6368 413 278 11894 10559 2808 806 578 196
is_linear=0
shrinkage=0.05


Tree=255
num_leaves=15
num_cat=0
split_feature=23 51 26 41 31 31 51 26 57 0 42 11 26 4
split_gain=1.02702 3.59047 1.99856 1.91798 1.60892 1.68397 1.57789 1.7877 1.6669 1.85727 1.75988 1.71811 1.54504 1.43452
threshold=0.7749999761581422 -0.6035533845424651 0.89953330159187328 1.0000000180025095e-35 1.4874733090400698 2.8882712125778203 -0.7865660786628722 0.69767969846725475 53.95000076293946 80.450000762939467 8.2500000000000018 54.364582061767585 0.68591111898422252 68.599998474121108
decision_type=2 2 2 2 2 2 2 2 2 2 2 2 2 2
left_child=6 3 -3 12 -5 -6 7 8 -1 10 11 -10 -2 -13
right_child=1 2 -4 4 5 -7 -8 -9 9 -11 -12 13 -14 -15
leaf_value=-0.00032973594640238251 0.0015987948549936763 -0.00025382692969633258 0.00043866524870315841 0.00017526425701797923 0.0023900108786009972 0.00069877704765705455 -2.6172506706519817e-05 -0.0017633390316236523 -0.00015201558970452458 -0.0009136124504216369 -0.00014623553680371212 0.003778178043429488 0.00020497033466872991 0.00025155119656553699
leaf_weight=1898 143 3616 709 1396 83 156 15230 1308 65 282 152 93 90 110
leaf_count=1898 143 3616 709 1396 83 156 15230 1308 65 282 152 93 90 110
internal_value=-0.000223157 0.000336126 -0.000455595 0.00216187 0.00153495 0.00524096 -0.000404221 -0.00129913 -0.0005364 0.0015309 0.00360465 0.00597122 0.00631687 0.00814554
internal_weight=25331 6193 4325 1868 1635 239 19138 3908 2600 702 420 268 233 203
internal_count=25331 6193 4325 1868 1635 239 19138 3908 2600 702 420 268 233 203
is_linear=0
shrinkage=0.05


Tree=256
num_leaves=15
num_cat=0
split_feature=37 57 49 44 2 35 43 19 13 52 4 25 53 9
split_gain=1.19503 2.28508 1.68675 1.71156 1.68126 1.85461 1.56126 1.59592 1.55168 1.4912 2.3371 2.24485 2.75007 2.42176
threshold=98.500000000000014 167.78333282470706 52.500000000000007 -1.228975713253021 107.70000076293947 1.5000000000000002 352.50000000000006 252.84999847412112 59.673213958740241 0.70290291309356701 89.500000000000014 18.849999427795414 0.63089349865913402 64.40000152587892
decision_type=2 2 8 2 2 2 8 2 2 2 2 2 2 2
left_child=1 4 -3 -4 8 6 7 -6 -1 11 -11 -10 13 -13
right_child=-2 2 3 -5 5 -7 -8 -9 9 10 -12 12 -14 -15
leaf_value=-9.307344834496602e-05 -0.0004448356077044023 9.3437524170345902e-05 1.9232708011267549e-05 0.0013674409438238827 0.00012865581586977504 -0.00087133060621969903 -0.0001942609617598393 0.0011333631978306846 -0.00013683805549307467 0.00082600360425603015 -0.00088654536441450213 0.00019484146797696031 -1.221718270555241e-05 0.00080463843589893402
leaf_weight=13227 495 810 82 119 638 2082 335 68 3797 1069 178 604 1461 462
leaf_count=13227 495 810 82 119 638 2082 335 68 3797 1069 178 604 1461 462
internal_value=-0.000215632 -0.000166788 0.00214985 0.00613744 -0.000265556 -0.00134536 0.000375831 0.00170391 -0.000102846 0.000467615 0.00204057 0.000154719 0.00130666 0.00322491
internal_weight=25427 24932 1011 201 23921 3123 1041 706 20798 7571 1247 6324 2527 1066
internal_count=25427 24932 1011 201 23921 3123 1041 706 20798 7571 1247 6324 2527 1066
is_linear=0
shrinkage=0.05


Tree=257
num_leaves=15
num_cat=0
split_feature=56 6 15 29 12 41 15 56 6 56 22 52 38 14
split_gain=1.23678 1.80632 1.65495 1.30156 1.23879 1.07506 1.29635 1.14452 2.37216 1.46636 1.3013 1.29685 1.43562 1.16259
threshold=24.349999427795414 24.94999980926514 46.649999618530281 5.8500001430511483 28.87430572509766 99.500000000000014 54.049999237060554 100.25000000000001 69.700000762939467 66.000000000000014 486.50000000000006 0.32613943517208105 18.849999427795414 7.1531336307525644
decision_type=2 2 2 2 2 2 2 2 2 2 2 2 2 2
left_child=-1 2 3 -2 -5 7 -7 8 13 -10 -9 -11 -13 -3
right_child=1 5 -4 4 -6 6 -8 10 9 11 -12 12 -14 -15
leaf_value=-0.00046847483462468423 0.0084037051915724983 -0.00032805647200092095 0.00010664008769480682 0.0019387524631977124 -0.00010008052745293322 -0.0013422677039506043 -0.00012281977817554248 0.0033196654127323078 -0.0017717154012729043 -0.00027779641845700301 0.00011636395420651629 7.3763496308378772e-05 0.0011049414831339006 7.9292045179435943e-05
leaf_weight=2053 52 2017 429 95 121 394 2800 57 686 2318 3751 782 50 9813
leaf_count=2053 52 2017 429 95 121 394 2800 57 686 2318 3751 782 50 9813
internal_value=-0.000166747 -6.31028e-05 0.00242574 0.00543165 0.00340708 -0.000140666 -0.000989389 -1.02767e-06 -0.000190101 -0.00126885 0.000775274 -0.000806963 0.000878859 0.000160472
internal_weight=25418 23365 697 268 216 22668 3194 19474 15666 3836 3808 3150 832 11830
internal_count=25418 23365 697 268 216 22668 3194 19474 15666 3836 3808 3150 832 11830
is_linear=0
shrinkage=0.05


Tree=258
num_leaves=15
num_cat=0
split_feature=38 2 56 49 49 29 53 8 37 2 34 26 43 9
split_gain=0.98101 0.971917 2.33593 1.71152 1.40649 1.51124 1.35576 1.34329 1.34161 1.23629 1.3437 1.78371 1.21274 1.24433
threshold=1.7500000000000002 99.299999237060561 89.750000000000014 137.50000000000003 212.50000000000003 7.2500000000000009 -0.9711191952228545 37.899999618530281 20.500000000000004 53.649999618530281 1.6500000357627871 0.6983972191810609 2952.5000000000005 28.550000190734867
decision_type=2 2 2 10 8 2 2 2 2 2 2 2 10 2
left_child=-1 2 7 6 9 -6 -3 12 -9 -4 -11 -12 13 -2
right_child=1 3 4 -5 5 -7 -8 8 -10 10 11 -13 -14 -15
leaf_value=-0.0013310178960057421 -0.0002486565054268057 0.00043500861794074021 -0.00013878703776545428 -0.0012632819505303647 0.0041683331604572818 0.00020782334924713836 -3.2206138304114719e-05 -0.0025029946255679435 -6.8475531796400506e-05 0.00029946675775128644 0.00017887789405209972 0.0037773065865181845 0.0012495665679454109 0.0001762814499735367
leaf_weight=311 1695 64 548 911 86 126 3932 187 11435 1498 117 86 154 4290
leaf_count=311 1695 64 548 911 86 126 3932 187 11435 1498 117 86 154 4290
internal_value=-7.26927e-05 -3.75922e-05 0.000115657 -0.000668091 0.00155605 0.00536036 -0.000219672 -8.46897e-05 -0.00040062 0.0011753 0.00183811 0.00556338 0.00051309 0.000396162
internal_weight=25440 25129 20222 4907 2461 212 3996 17761 11622 2249 1701 203 6139 5985
internal_count=25440 25129 20222 4907 2461 212 3996 17761 11622 2249 1701 203 6139 5985
is_linear=0
shrinkage=0.05


Tree=259
num_leaves=15
num_cat=0
split_feature=2 1 48 28 0 37 32 30 30 25 33 20 29 51
split_gain=0.816615 1.41984 2.15482 2.6403 1.39197 1.10472 1.067 2.19697 2.0081 2.22133 1.65237 1.63597 2.25235 1.82107
threshold=158.55000305175784 150.6499938964844 -0.55000001192092884 87.500000000000014 173.94999694824222 98.500000000000014 -2.487400889396667 167.50000000000003 312.50000000000006 37.350000381469734 1.0000000180025095e-35 93.149997711181655 4.8500001430511483 0.37940952181816107
decision_type=2 2 2 2 2 2 2 8 10 2 2 2 2 2
left_child=1 6 3 -3 -2 -6 7 10 -8 -10 11 13 -13 -1
right_child=4 2 -4 -5 5 -7 8 -9 9 -11 -12 12 -14 -15
leaf_value=0.000412614497777041 -0.00111759486682022 0.00031570592793769565 -6.2793397200583181e-05 0.0015722364797328703 8.6572621445244315e-05 -0.00059002014606735409 -0.00016093348757514566 -8.7643020937018654e-05 5.6357551338260334e-05 0.0013255979906621092 0.0010239179362502907 -0.00075695538039448861 0.0014850469556659761 -0.00046484404447406138
leaf_weight=1118 561 121 186 79 804 280 9341 4780 5274 144 1058 126 297 1073
leaf_count=1118 561 121 186 79 804 280 9341 4780 5274 144 1058 126 297 1073
internal_value=-8.94991e-05 -1.41919e-05 0.00295454 0.00642857 -0.00116314 -0.00010969 -6.48132e-05 0.000382887 -0.000321282 0.000443993 0.00130092 0.000621188 0.00342956 6.5878e-05
internal_weight=25242 23597 386 200 1645 1084 23211 8452 14759 5418 3672 2614 423 2191
internal_count=25242 23597 386 200 1645 1084 23211 8452 14759 5418 3672 2614 423 2191
is_linear=0
shrinkage=0.05


Tree=260
num_leaves=15
num_cat=0
split_feature=56 6 13 13 20 37 20 44 30 53 13 36 0 47
split_gain=1.109 1.44944 1.23329 1.43576 1.62634 1.41551 1.24452 1.49458 1.15082 1.08658 1.85773 1.85138 1.52514 1.85336
threshold=24.349999427795414 24.94999980926514 48.699405670166023 37.386011123657234 21.050000190734867 30.500000000000004 9.9499998092651385 -0.74616923928260792 1562.5000000000002 -0.9711191952228545 77.293746948242202 34.45000076293946 61.100000381469734 5.9583332538604745
decision_type=2 2 2 2 2 2 2 2 10 2 2 2 2 2
left_child=-1 2 3 4 5 -2 -4 -8 9 10 11 -3 13 -13
right_child=1 8 6 -5 -6 -7 7 -9 -10 -11 -12 12 -14 -15
leaf_value=-0.00044593623599609254 -4.9661849845213222e-05 -1.1678513649662545e-05 -0.00011139245343509926 -0.00037519574620925036 -0.002042579512468834 0.0030811370633500924 0.00043421089331766179 0.0032739824106442885 -0.00046644097958359429 -2.328617941555085e-05 0.0022302639019715497 0.0026926240441175996 -0.00060713854845204725 0.00049544000790280849
leaf_weight=2079 82 1270 62 255 70 148 51 65 1164 19915 76 90 61 118
leaf_count=2079 82 1270 62 255 70 148 51 65 1164 19915 76 90 61 118
internal_value=-0.000138346 -3.98954e-05 0.00213324 0.000929202 0.00322581 0.00520833 0.0056383 0.00849206 -0.000110995 -2.78563e-05 0.00121538 0.000810199 0.00449821 0.00646789
internal_weight=25506 23427 733 555 300 230 178 116 22694 21530 1615 1539 269 208
internal_count=25506 23427 733 555 300 230 178 116 22694 21530 1615 1539 269 208
is_linear=0
shrinkage=0.05


Tree=261
num_leaves=15
num_cat=0
split_feature=48 23 51 30 1 13 15 41 34 7 51 18 1 30
split_gain=1.09229 1.39036 2.30159 1.78403 1.95461 1.93318 2.45339 1.81544 3.10372 2.10979 1.75902 2.78225 2.52449 1.63109
threshold=-1.2499999999999998 0.70499998331069957 -0.6035533845424651 67.500000000000014 60.199998855590827 76.061607360839858 135.75000000000003 32.500000000000007 -4.4500000476837149 59.350000381469734 -0.7865660786628722 0.45000000298023229 75.799999237060561 162.50000000000003
decision_type=2 2 2 8 2 2 2 2 2 2 2 2 2 10
left_child=-1 10 3 -3 7 -6 -7 9 -9 -5 12 13 -2 -12
right_child=1 2 -4 4 5 6 -8 8 -10 -11 11 -13 -14 -15
leaf_value=-0.0002099113746329229 -4.5879884466214799e-05 0.0015343172623717731 -1.0163615276893276e-05 0.0016397892676243272 -0.00054464076193675565 0.0013127958787667469 -1.057891153659958e-05 0.0052276493628358664 -2.1106957016622373e-05 -0.00039172005098044808 -2.8798728621150899e-06 0.00017300970283472316 -0.0022714931357432876 -0.00057281461953044067
leaf_weight=7066 2566 125 3624 391 448 155 400 72 532 116 3117 4260 1052 1470
leaf_count=7066 2566 125 3624 391 448 155 400 72 532 116 3117 4260 1052 1470
internal_value=-9.13254e-05 0.000112334 0.000746636 0.00200311 0.00163842 3.45497e-05 0.00199115 0.00307315 0.00118892 0.00525145 -0.000186374 0.000193631 -0.00111356 -0.000660214
internal_weight=25394 18328 5863 2239 2114 1003 555 1111 604 507 12465 8847 3618 4587
internal_count=25394 18328 5863 2239 2114 1003 555 1111 604 507 12465 8847 3618 4587
is_linear=0
shrinkage=0.05


Tree=262
num_leaves=15
num_cat=0
split_feature=6 29 36 51 21 17 15 48 38 45 2 50 50 45
split_gain=1.10587 1.82713 0.936905 1.96849 3.52506 2.38176 1.82605 1.66593 2.13445 1.63838 1.58355 1.4001 1.51116 2.03458
threshold=13.750000000000002 6.5499999523162851 16.650000572204593 -0.37940952181816096 94.500000000000014 24.250000000000004 140.85000610351565 1.7500000000000002 10.449999809265138 -1.7937000989913938 64.15000152587892 0.12940952181816109 0.91597560048103344 -0.3244654089212417
decision_type=2 2 2 2 2 2 2 2 2 2 2 2 2 2
left_child=1 -1 3 4 5 6 -2 -8 9 -9 -4 -5 13 -13
right_child=2 -3 10 11 -6 -7 7 8 -10 -11 -12 12 -14 -15
leaf_value=0.0026036378959316815 0.0021723892013922569 9.6268488224936723e-05 2.6465786172955671e-06 0.00013932496618072025 -0.00068397221690348555 -0.00049012396165726952 -1.4511544687538634e-05 0.00047356740082385494 -0.0007055868380079237 0.0027516878215862895 -0.00016508785450321812 -0.00079235773211728383 7.1659921141914101e-05 0.00027960288636355856
leaf_weight=96 264 205 13421 1838 282 211 217 67 65 102 5973 1130 1129 323
leaf_count=96 264 205 13421 1838 282 211 217 67 65 102 5973 1130 1129 323
internal_value=-8.54628e-05 0.00287781 -0.000122245 0.000445192 0.00222496 0.00370726 0.00506896 0.00302603 0.00586065 0.00868715 -0.000287055 -4.51479e-05 -0.000794754 -0.00185578
internal_weight=25323 301 25022 5628 1208 926 715 451 234 169 19394 4420 2582 1453
internal_count=25323 301 25022 5628 1208 926 715 451 234 169 19394 4420 2582 1453
is_linear=0
shrinkage=0.05


Tree=263
num_leaves=15
num_cat=0
split_feature=50 44 52 57 2 18 36 44 26 57 32 52 11 27
split_gain=0.941748 0.962181 1.00847 0.938828 2.03475 1.42102 1.48272 1.88776 1.95575 2.51203 1.93251 3.0951 1.81434 1.48801
threshold=-0.98296290636062611 3.6395112276077275 -0.95754238963127125 78.01666641235353 109.54999923706056 -18.05000019073486 19.349999427795414 -5.3864130973815909 0.65507304668426525 123.51666641235353 -2.2887599468231197 -0.93545487523078907 64.437500000000014 18.550000190734867
decision_type=2 2 2 2 2 2 2 2 2 2 2 2 2 2
left_child=1 2 -1 4 -2 -5 13 -8 12 10 11 -10 -9 -7
right_child=3 -3 -4 5 -6 6 7 8 9 -11 -12 -13 -14 -15
leaf_value=0.0011014607007277851 -4.0680254771048832e-05 5.5285801847275803e-05 -0.00099829057626065485 -0.00012364853227704429 -0.0007140994755705822 7.8274799773480491e-05 -0.00028045155489860425 0.0019336768656795342 0.002198066730514352 0.00089190987443008008 0.0002880513554415571 0.00039183880620217797 -0.00030409776583026501 -0.00047916782894964841
leaf_weight=76 16176 330 656 2573 856 2839 324 77 62 105 470 98 281 335
leaf_count=76 16176 330 656 2573 856 2839 324 77 62 105 470 98 281 335
internal_value=-0.000191548 -0.00164179 -0.00264151 -0.000127242 -0.000329188 0.000352661 0.000879156 0.00221794 0.00320489 0.00466443 0.00335937 0.00794118 0.000163042 0.000276381
internal_weight=25258 1062 732 24196 17032 7164 4591 1417 1093 735 630 160 358 3174
internal_count=25258 1062 732 24196 17032 7164 4591 1417 1093 735 630 160 358 3174
is_linear=0
shrinkage=0.05


Tree=264
num_leaves=15
num_cat=0
split_feature=51 17 24 7 22 50 52 54 2 44 52 13 38 50
split_gain=0.970989 0.885149 2.23931 1.13705 1.0268 0.731348 1.00318 0.869106 0.888161 0.728802 1.42187 1.64921 1.34354 1.31566
threshold=-0.98296290636062611 4.8500001430511483 9.5000000000000018 41.649999618530281 403.50000000000006 -0.98296290636062611 -0.94705909490585316 2.5000000000000004 40.549999237060554 1.0935630202293398 -0.48314717411994929 73.090770721435561 22.550000190734867 0.60355338454246532
decision_type=2 2 2 2 2 2 2 2 2 2 2 2 2 2
left_child=1 3 -3 4 -1 6 -2 8 -8 10 11 -7 -13 -11
right_child=5 2 -4 -5 -6 9 7 -9 -10 13 -12 12 -14 -15
leaf_value=-0.0002787242835411136 0.00071773123934750448 0.0018893145352322121 4.2571841343606745e-05 -0.00014476400720264888 0.00047641075304465829 -0.00026503970209752753 0.0013694845911353529 -0.0010028966642768367 -0.0002073233211051038 -0.00023230382339210797 8.4264809801175029e-05 7.2284017586286852e-05 0.0026094746187062972 7.2995620618459403e-05
leaf_weight=109 114 51 133 529 237 4077 55 775 106 6580 8919 1336 68 2155
leaf_count=109 114 51 133 529 237 4077 55 775 106 6580 8919 1336 68 2155
internal_value=-0.000254218 0.00122077 0.00427835 0.000536722 0.00272472 -0.000319282 -0.00160377 -0.00214588 0.00114035 -0.000260317 -4.16389e-05 -0.000674742 0.00079915 -0.000620356
internal_weight=25244 1059 184 875 346 24185 1050 936 161 23135 14400 5481 1404 8735
internal_count=25244 1059 184 875 346 24185 1050 936 161 23135 14400 5481 1404 8735
is_linear=0
shrinkage=0.05


Tree=265
num_leaves=15
num_cat=0
split_feature=3 17 32 29 7 22 17 45 9 20 0 3 25 29
split_gain=1.20306 1.35631 1.77813 1.69347 1.37558 1.32074 0.934071 1.6901 1.34857 1.85069 1.69129 1.75062 2.75769 1.52069
threshold=173.94999694824222 85.15000152587892 -0.70697447657585133 4.6499998569488534 102.54999923706056 1329.5000000000002 -26.05000019073486 -5.7877082824707022 49.049999237060554 34.45000076293946 50.95000076293946 59.699998855590827 14.650000095367433 2.2500000000000004
decision_type=2 2 2 2 2 2 2 2 2 2 2 2 2 2
left_child=1 6 -3 4 -4 -2 7 -1 10 -10 11 -9 -13 -12
right_child=5 2 3 -5 -6 -7 -8 8 9 -11 13 12 -14 -15
leaf_value=-0.00071081005367916613 0.00028894365206756124 -0.00013034784981827888 -0.00033393807824305059 0.00079632075545682665 0.00041496162613075677 -0.00043406262019569307 -2.9664477942234843e-05 0.00073787024146965445 -0.00020371716361511827 0.00066436113207029635 0.0025288730321730815 0.0026452683628196386 0.00030870119539308104 -0.00023526330255209434
leaf_weight=498 82 140 57 80 81 1190 20227 555 1170 476 62 70 173 431
leaf_count=498 82 140 57 80 81 1190 20227 555 1170 476 62 70 173 431
internal_value=-7.54893e-05 4.16027e-06 0.0030163 0.00574561 0.00209459 -0.00156786 -4.26676e-05 0.000718431 0.00117577 0.000223429 0.00237894 0.00378713 0.00725296 6.95813e-05
internal_weight=25292 24020 358 218 138 1272 23662 3435 2937 1646 1291 798 243 493
internal_count=25292 24020 358 218 138 1272 23662 3435 2937 1646 1291 798 243 493
is_linear=0
shrinkage=0.05


Tree=266
num_leaves=15
num_cat=0
split_feature=46 34 3 51 1 27 40 11 13 40 17 37 25 23
split_gain=1.19007 1.24311 1.18198 1.06139 1.81347 1.0456 1.68925 1.08788 1.05853 1.02575 0.878298 0.83281 1.40187 1.1678
threshold=0.25000000745058065 -4.5499999523162833 44.049999237060554 -0.98296290636062611 21.44999980926514 23.750000000000004 987.35000610351574 43.53541564941407 63.49940490722657 990.35000610351574 1.1500000357627871 40.500000000000007 6.3500001430511483 0.41499999165534979
decision_type=2 2 2 2 2 2 2 2 2 2 2 2 2 2
left_child=3 2 -2 4 -1 10 7 -7 -9 -3 -6 12 13 -5
right_child=1 9 -4 11 5 6 -8 8 -10 -11 -12 -13 -14 -15
leaf_value=0.0016969473390520879 -0.00039316065875893324 -0.0011741251617584123 0.0011362323740428965 0.00012081371324074767 -0.00071310940843096165 -0.00030726071668695279 0.0010003644670584678 0.00056599957399242821 -0.00018712682688764546 0.0013009210285440831 0.0009107632775685172 7.934763348372799e-06 -0.00029807681987344592 0.0014145267608531914
leaf_weight=50 90 1341 62 206 257 182 115 238 88 63 58 18930 3626 57
leaf_count=50 90 1341 62 206 257 182 115 238 88 63 58 18930 3626 57
internal_value=-0.000120799 -0.00145594 0.00271605 -3.29608e-05 0.00156313 0.00101266 0.00218799 0.00088803 0.00258928 -0.00192362 -0.00130769 -0.000102721 -0.000768147 0.00269231
internal_weight=25363 1556 152 23807 988 938 623 508 326 1404 315 22819 3889 263
internal_count=25363 1556 152 23807 988 938 623 508 326 1404 315 22819 3889 263
is_linear=0
shrinkage=0.05


Tree=267
num_leaves=15
num_cat=0
split_feature=22 37 31 27 27 30 31 50 18 51 25 2 23 32
split_gain=1.27981 1.96664 1.71047 1.24126 1.20882 1.7635 1.42415 1.09013 1.89291 1.55395 1.7859 3.20706 1.74881 1.53796
threshold=2019.5000000000002 60.500000000000007 4.3792855739593515 5.6499998569488534 29.349999427795414 57.500000000000007 -3.9851181507110591 0.60355338454246532 28.349999427795414 1.0000000180025095e-35 11.550000190734865 73.700000762939467 0.2650000005960465 -0.39153759181499476
decision_type=2 2 2 2 2 10 2 2 2 2 2 2 2 2
left_child=3 2 -2 -1 -3 -6 -7 -5 9 -9 -11 12 -12 -10
right_child=1 4 -4 7 5 6 -8 8 13 10 11 -13 -14 -15
leaf_value=0.0023112321237155268 -0.0016096652479761287 -7.7081913093670853e-05 0.00063510908878152198 -4.4122713633220397e-05 -0.0011759902476936727 0.00054521767152941472 0.0051771038982403421 0.00026404880378334567 0.0010722783285487556 -0.00034808499414535894 0.0014773548625389831 -0.00023753734531712937 0.00042679645367641275 9.4530629646668142e-05
leaf_weight=58 691 4237 133 14264 103 50 57 2313 286 1843 125 705 465 247
leaf_count=58 691 4237 133 14264 103 50 57 2313 286 1843 125 705 465 247
internal_value=-0.000159653 -0.000853059 -0.00308154 2.06722e-05 -0.00043415 0.00318182 0.00739316 -1.97572e-06 0.000563896 0.000282914 -0.000441551 0.00097701 0.00366667 0.00337937
internal_weight=25577 5271 824 20306 4447 210 107 20248 5984 5451 3138 1295 590 533
internal_count=25577 5271 824 20306 4447 210 107 20248 5984 5451 3138 1295 590 533
is_linear=0
shrinkage=0.05


Tree=268
num_leaves=15
num_cat=0
split_feature=47 48 31 52 36 26 43 48 26 57 17 50 10 53
split_gain=1.25055 2.39656 2.5972 2.17582 2.3316 1.56655 1.25719 1.22932 3.51122 2.05363 1.59353 1.16465 1.13432 1.0841
threshold=7.3583333492279062 2.6499999761581425 -5.7410902976989737 -0.37447345256805414 35.350000381469734 0.67939892411232006 22.500000000000004 1.4499999880790713 0.70154631137847911 157.966667175293 15.449999809265138 -0.98296290636062611 39.591665267944343 -0.80417042970657338
decision_type=2 2 2 2 2 2 8 2 2 2 2 2 2 2
left_child=7 6 3 -3 5 12 -2 11 9 10 -9 -1 -5 -4
right_child=1 2 13 4 -6 -7 -8 8 -10 -11 -12 -13 -14 -15
leaf_value=-0.00039819385942231546 0.00045972855617943141 -2.2527160368346261e-05 0.00097693303475956754 0.0018190924910583238 -0.00070931854004164597 0.00038458295107167623 -0.00024346636995137088 0.00019504877156245894 -0.0015649702942428644 0.0025281138324427109 -0.0013738370520229529 9.1354263313022367e-05 0.0037144203723273265 -0.0008739005196088008
leaf_weight=598 237 171 100 70 59 57 8516 2209 1470 73 329 10959 140 401
leaf_count=598 237 171 100 70 59 57 8516 2209 1470 73 329 10959 140 401
internal_value=-0.000119888 -0.00056398 0.00174603 0.00427022 0.00660714 0.0085379 -0.000829055 0.000157207 -0.000587877 0.000513162 0.000259026 0.000420592 0.0104545 -0.000792565
internal_weight=25389 9751 998 497 326 267 8753 15638 4081 2611 2538 11557 210 501
internal_count=25389 9751 998 497 326 267 8753 15638 4081 2611 2538 11557 210 501
is_linear=0
shrinkage=0.05


Tree=269
num_leaves=15
num_cat=0
split_feature=31 29 48 18 5 38 33 24 5 5 17 2 18 56
split_gain=1.07654 1.14896 2.14596 1.44394 1.52532 1.76773 1.47114 1.42375 1.29195 1.36339 1.25795 2.15184 2.1087 1.63911
threshold=-11.875301837921141 9.2500000000000018 0.84999999403953563 -20.449999809265133 115.40000152587892 11.750000000000002 20.750000000000004 1.5000000000000002 113.04999923706056 86.950000762939467 -0.35000000894069666 107.70000076293947 9.3499999046325701 58.049999237060554
decision_type=2 2 2 2 2 2 2 2 2 2 2 2 2 2
left_child=-1 10 3 -3 6 -6 -5 -4 9 -9 11 13 -12 -2
right_child=1 2 7 4 5 -7 -8 8 -10 -11 12 -13 -14 -15
leaf_value=-0.00055119069710460496 1.5904037589115328e-05 -0.00087245723415324225 0.0021849461304767432 1.8540017307125441e-05 6.7128597881994074e-05 0.005229359619102425 0.0024770281894772881 0.0004197102806094144 -0.00057742874307808122 0.0013130092911934233 -0.00026473359863172846 -0.00022922007288005673 5.5067783947742896e-05 0.00039919766696549754
leaf_weight=914 5138 648 92 2502 70 61 75 862 78 115 5881 1820 4375 2674
leaf_count=914 5138 648 92 2502 70 61 75 862 78 115 5881 1820 4375 2674
internal_value=-7.80182e-05 -1.45498e-05 0.000705738 6.53583e-05 0.00057395 0.0056383 0.000295708 0.00256266 0.0019953 0.00249747 -0.000177909 0.000232316 -0.000563025 0.000593197
internal_weight=25305 24391 4503 3356 2708 131 2577 1147 1055 977 19888 9632 10256 7812
internal_count=25305 24391 4503 3356 2708 131 2577 1147 1055 977 19888 9632 10256 7812
is_linear=0
shrinkage=0.05


Tree=270
num_leaves=15
num_cat=0
split_feature=2 25 32 27 28 51 49 3 27 17 21 26 14 41
split_gain=0.862844 1.64269 2.03933 1.57721 1.3768 1.33609 1.20028 1.33742 1.225 1.25915 2.388 1.14825 1.54098 1.13892
threshold=131.55000305175784 38.549999237060554 0.72607526183128368 5.6499998569488534 90.500000000000014 -0.7865660786628722 17.500000000000004 149.69999694824222 9.7500000000000018 16.750000000000004 16.500000000000004 0.69600468873977672 34.795745849609382 16.500000000000004
decision_type=2 2 2 2 2 2 10 2 2 2 2 2 2 2
left_child=1 3 11 -1 5 -2 13 -8 9 10 -9 -3 -13 -6
right_child=4 2 -4 -5 6 -7 7 8 -10 -11 -12 12 -14 -15
leaf_value=0.0019388108945392641 -0.002201453012665893 -0.00023843620852048589 0.00085281487220716904 -1.8960379121551079e-05 0.00011281868023634615 -7.387504721016768e-05 0.0020167470760788109 0.0027704079950254153 -0.0012312034714625363 -0.00057687565555793261 -0.0011156220810625633 0.0017958746780190127 -3.3736598048439516e-05 -0.00028526936693652288
leaf_weight=52 476 249 209 21751 255 1104 52 60 113 56 53 65 130 658
leaf_count=52 476 249 209 21751 255 1104 52 60 113 56 53 65 130 658
internal_value=-8.95517e-05 1.42426e-05 0.00246606 -6.02863e-05 -0.000911175 -0.00188679 0.00033015 0.00284884 0.00133562 0.00393855 0.00678862 0.000506607 0.00329268 -0.000612136
internal_weight=25283 22456 653 21803 2827 1580 1247 334 282 169 113 444 195 913
internal_count=25283 22456 653 21803 2827 1580 1247 334 282 169 113 444 195 913
is_linear=0
shrinkage=0.05


Tree=271
num_leaves=15
num_cat=0
split_feature=50 2 25 4 31 18 9 45 7 14 18 21 30 11
split_gain=1.30372 0.820592 2.68112 1.82558 1.47837 1.34298 1.6028 1.89014 1.80506 1.51356 1.88795 1.7348 2.73672 3.78546
threshold=-0.98296290636062611 35.350000381469734 11.550000190734865 42.649999618530281 9.4682636260986346 -7.5499999523162833 24.550000190734867 -4.6555910110473624 57.45000076293946 11.352076530456545 -0.15000000223517415 38.500000000000007 582.50000000000011 27.664583206176761
decision_type=2 2 2 2 2 2 2 2 2 2 2 2 10 2
left_child=-1 2 -2 4 -3 6 -4 -8 -9 10 -7 -12 13 -13
right_child=1 3 5 -5 -6 9 7 8 -10 -11 11 12 -14 -15
leaf_value=-0.00041476649967985002 -4.6092761309206044e-05 -0.00039133942083944076 -0.0016883976043759186 1.3580245986716973e-05 0.0013339338618940173 -0.00024640165607282198 -0.00098687537166791228 0.0043616339054119548 0.00038354570230302699 -8.6059884541330492e-05 -0.0010672154451803841 -8.6252647866989169e-05 0.00017073620211519641 0.0053030555994254573
leaf_weight=1058 3632 3606 51 15448 100 169 75 200 128 582 66 74 146 138
leaf_count=1058 3632 3606 51 15448 100 169 75 200 128 582 66 74 146 138
internal_value=-0.000106543 -3.1731e-05 0.000520773 -0.000183679 -0.00117869 0.00219951 0.00448276 0.00553269 0.00713018 0.00128692 0.00304312 0.00479263 0.0061413 0.00963964
internal_weight=25473 24415 5261 19154 3706 1629 454 403 328 1175 593 424 358 212
internal_count=25473 24415 5261 19154 3706 1629 454 403 328 1175 593 424 358 212
is_linear=0
shrinkage=0.05


Tree=272
num_leaves=15
num_cat=0
split_feature=48 18 49 35 45 10 46 19 11 44 42 6 10 44
split_gain=0.872981 1.17738 1.56411 1.17154 1.15224 1.24374 1.0814 1.21966 1.24592 1.23676 2.26885 1.17799 1.14265 1.10942
threshold=-2.1499999761581416 2.0499999523162846 267.50000000000006 1.5000000000000002 6.8534457683563241 64.741664886474624 0.25000000745058065 51.649999618530281 39.645833969116218 4.3994390964508066 6.8500001430511483 31.349999427795414 26.774999618530277 -5.6142103672027579
decision_type=2 2 10 2 2 2 2 2 2 2 2 2 2 2
left_child=3 -2 6 -1 -4 -6 7 9 12 -3 -11 13 -9 -10
right_child=1 2 4 -5 5 -7 -8 8 11 10 -12 -13 -14 -15
leaf_value=-0.0017214948657321286 -6.3871818423270221e-05 0.00038780230290164194 -0.00043932743884034995 -0.00019456787221778466 0.003271803139915608 -0.00043887464472634703 -0.00058778486669068541 0.001654187733211806 -0.00057864903975863777 0.0030408827371043766 0.00024330477722617303 0.00011182784372295874 -0.0004576929948843793 0.0010860042011306547
leaf_weight=354 11655 589 1390 3368 71 57 376 78 78 53 112 5760 1127 303
leaf_count=354 11655 589 1390 3368 71 57 376 78 78 53 112 5760 1127 303
internal_value=-8.68772e-05 3.48573e-05 0.000432826 -0.000793142 -0.00104058 0.00333333 0.000697618 0.000819974 0.00062126 0.00272251 0.00642857 0.000909607 -0.000843623 0.00356777
internal_weight=25371 21649 9994 3722 1518 128 8476 8100 7346 754 165 6141 1205 381
internal_count=25371 21649 9994 3722 1518 128 8476 8100 7346 754 165 6141 1205 381
is_linear=0
shrinkage=0.05


Tree=273
num_leaves=15
num_cat=0
split_feature=48 47 23 19 18 48 36 25 57 57 38 25 45 51
split_gain=1.05915 1.30137 1.58117 1.08641 0.919453 2.93504 1.42547 1.65835 2.97177 1.84878 1.41011 1.38888 2.07326 1.86915
threshold=-2.0499999523162837 1.916666626930237 0.46500000357627874 97.700000762939467 8.0500001907348651 1.9499999880790713 11.650000095367433 17.44999980926514 52.483333587646491 62.483333587646491 7.0499999523162851 44.649999618530281 -2.8989554643630977 0.60355338454246532
decision_type=2 2 2 2 2 2 2 2 2 2 2 2 2 2
left_child=1 2 -1 -3 -2 10 -7 8 -8 -10 11 12 13 -6
right_child=4 3 -4 -5 5 6 7 -9 9 -11 -12 -13 -14 -15
leaf_value=0.001678727406215316 -3.5992883983480284e-05 -0.00023897933181461263 -0.0010150801416988829 -0.00071730181100236384 -0.00048387064734390397 0.0010512078520302805 -0.00054848318112870145 -0.0018272158377005212 0.0021145665454496646 7.7945826527474175e-05 0.00011433722043405741 -0.000188529131778762 0.00091421601112583704 0.00072914975439599447
leaf_weight=91 14266 2451 56 1425 173 83 535 789 98 148 4768 88 302 99
leaf_count=91 14266 2451 56 1425 173 83 535 789 98 148 4768 88 302 99
internal_value=-0.000128439 -0.000871561 0.00359872 -0.00104992 1.19376e-05 0.00047723 -0.001362 -0.00170886 -6.95334e-05 0.004375 0.0010386 0.00318452 0.00407534 0.000851063
internal_weight=25372 4023 147 3876 21349 7083 1653 1570 781 246 5430 662 574 272
internal_count=25372 4023 147 3876 21349 7083 1653 1570 781 246 5430 662 574 272
is_linear=0
shrinkage=0.05


Tree=274
num_leaves=15
num_cat=0
split_feature=50 23 25 20 14 7 57 7 55 1 42 57 32 37
split_gain=0.850417 0.741906 2.22468 1.13676 1.26778 0.91185 1.29972 1.35823 1.71662 1.94554 1.45718 1.29386 1.51133 1.29187
threshold=-0.98296290636062611 1.6150000095367434 14.150000095367433 45.649999618530281 14.973493099212648 56.95000076293946 53.383333206176765 55.45000076293946 4.5000000000000009 49.149999618530281 8.3499999046325701 67.416667938232436 -11.210405349731444 50.500000000000007
decision_type=2 2 2 2 2 2 2 2 2 2 2 2 2 2
left_child=-1 5 -3 4 -4 6 -2 10 9 -9 -8 -7 -13 -12
right_child=1 2 3 -5 -6 11 7 8 -10 -11 13 12 -14 -15
leaf_value=-0.0002774372021241977 -1.9240370772610086e-05 -0.00030520325623772753 0.00016914023392634446 4.8858790191596467e-05 0.001661217354311458 -0.00036471133755008314 0.0003222771280937029 0.0047506605282128661 -0.00028579566862409645 0.00062520208838954476 0.00076300941228658306 0.0019577284625873245 -2.835161908709744e-05 -0.00078689047464710357
leaf_weight=1051 9825 158 51 63 58 3221 1790 67 71 120 123 84 8012 433
leaf_count=1051 9825 158 51 63 58 3221 1790 67 71 120 123 84 8012 433
internal_value=-0.000174445 -0.000113345 0.00220588 0.00598901 0.00886555 -0.00014649 0.000149127 0.00114001 0.00451492 0.00692893 0.000751272 -0.000471 -0.000133236 -0.00146643
internal_weight=25127 24076 330 172 109 23746 12429 2604 258 187 2346 11317 8096 556
internal_count=25127 24076 330 172 109 23746 12429 2604 258 187 2346 11317 8096 556
is_linear=0
shrinkage=0.05


Tree=275
num_leaves=15
num_cat=0
split_feature=23 31 48 2 52 38 57 2 56 6 34 52 25 32
split_gain=1.06429 1.05673 3.21957 2.23523 2.20766 1.6592 2.08996 1.24915 1.78351 1.44964 1.23989 1.22856 1.22568 1.53741
threshold=0.22500000149011615 -5.7819004058837882 3.1499999761581425 66.000000000000014 -0.88622298836708058 24.550000190734867 31.750000000000004 125.50000000000001 93.000000000000014 77.40000152587892 -0.74999999999999989 0.34235194325447088 37.350000381469734 -2.1631394624710079
decision_type=2 2 2 2 2 2 2 2 2 2 2 2 2 2
left_child=-1 2 -2 4 -4 6 -6 8 9 12 11 -9 -3 -14
right_child=1 7 3 -5 5 -7 -8 10 -10 -11 -12 -13 13 -15
leaf_value=-0.00027514241001064992 -0.0002135534192061475 5.2612000776001947e-05 -0.00074420625081667198 -0.00012736238220486797 0.001165411049409801 0.00020455571476095158 0.0038625077786051381 1.4482540427891841e-05 0.00035344027749012409 -0.0003427818997895132 -0.00020222884234969124 0.0014536359617192528 -4.9346623630109526e-05 0.0016351285297794991
leaf_weight=2464 4558 11047 53 206 57 77 152 636 2331 1272 2031 113 109 116
leaf_count=2464 4558 11047 53 206 57 77 152 636 2331 1272 2031 113 109 116
internal_value=-5.3901e-05 5.31436e-05 -0.000579896 0.00301802 0.00545845 0.00716216 0.00938356 0.000236342 0.000418205 0.000181614 -0.000734768 0.000994729 0.000362523 0.00393617
internal_weight=25222 22758 5103 545 339 286 209 17655 14875 12544 2780 749 11272 225
internal_count=25222 22758 5103 545 339 286 209 17655 14875 12544 2780 749 11272 225
is_linear=0
shrinkage=0.05


Tree=276
num_leaves=15
num_cat=0
split_feature=31 2 40 51 43 57 30 30 8 52 18 35 0 52
split_gain=0.891763 0.698143 1.46263 1.47279 1.29367 1.57205 1.62266 1.80048 1.59756 1.4815 1.37348 1.83717 1.45463 1.35224
threshold=10.066047668457033 73.700000762939467 994.54998779296886 -0.6035533845424651 197.50000000000003 178.51667022705081 542.50000000000011 657.50000000000011 188.85000610351565 -0.29343378543853754 17.250000000000004 1.5000000000000002 56.549999237060554 -0.88622298836708058
decision_type=2 2 2 2 8 2 10 10 2 2 2 2 2 2
left_child=1 2 -1 -4 10 6 -6 9 -7 -8 12 -12 -3 -9
right_child=-2 4 3 -5 5 8 7 13 -10 -11 11 -13 -14 -15
leaf_value=6.7625322506387797e-06 -0.0010525140204251319 0.0033702086010662189 -0.00010196185400629726 0.0047226447642098679 -0.00052147825364672192 0.0012343408644274736 0.0023049669928366006 0.00024766778729290657 -0.00049189775659505455 9.2952483513786748e-05 0.00030638088219028716 -5.9404881656457045e-06 -0.00015625606428075137 -0.00028585456462352983
leaf_weight=16566 509 60 69 58 2159 78 50 118 78 56 754 1452 2967 474
leaf_count=16566 509 60 69 58 2159 78 50 118 78 56 754 1452 2967 474
internal_value=-0.000154766 -0.00011203 7.39376e-05 0.00521898 -0.000488131 -0.00131161 -0.00158179 0.000508473 0.00343373 0.0062069 -1.23987e-05 0.000934114 -0.000702998 -0.000598008
internal_weight=25448 24939 16693 127 8246 3013 2857 698 156 106 5233 2206 3027 592
internal_count=25448 24939 16693 127 8246 3013 2857 698 156 106 5233 2206 3027 592
is_linear=0
shrinkage=0.05


Tree=277
num_leaves=15
num_cat=0
split_feature=29 29 51 20 30 52 38 52 29 48 16 25 16 34
split_gain=0.941824 1.71708 0.963222 1.08867 1.42921 2.18055 3.0494 2.09428 2.04072 1.8856 1.87192 2.62496 1.76978 1.78752
threshold=16.550000190734867 16.250000000000004 -0.98296290636062611 9.9499998092651385 402.50000000000006 0.29342973232269293 18.050000190734867 -0.57780906558036793 5.7500000000000009 -1.4499999880790708 51.250000000000007 39.850000381469734 24.050000190734867 -1.9499999880790708
decision_type=2 2 2 2 10 2 2 2 2 2 2 2 2 2
left_child=1 2 -1 -4 5 -5 8 10 12 -8 -6 -12 13 -7
right_child=-2 -3 3 4 7 6 9 -9 -10 -11 11 -13 -14 -15
leaf_value=0.00022956650946994754 -0.00071841832145300448 0.0016695615276104748 -0.00020180017512342013 -0.00010306536078583449 0.00051022064534954955 0.0025926460939781843 0.004708993685917073 3.8007286633358166e-06 0.00022080917568811085 0.00050460015615851918 0.0018239965112153613 -0.0007257235452349369 5.043047729543724e-05 -0.00099021288723449776
leaf_weight=1059 622 55 4255 10458 772 80 80 1678 3563 353 145 55 1299 972
leaf_count=1059 622 55 4255 10458 772 80 80 1678 3563 353 145 55 1299 972
internal_value=-8.76033e-05 -3.90605e-05 -6.03345e-05 -0.000126477 3.21077e-05 -0.000138271 0.000592259 0.00110902 0.000292031 0.00459368 0.00294297 0.00714286 -0.000849218 -0.00236347
internal_weight=25446 24824 24769 23710 19455 16805 6347 2650 5914 433 972 200 2351 1052
internal_count=25446 24824 24769 23710 19455 16805 6347 2650 5914 433 972 200 2351 1052
is_linear=0
shrinkage=0.05


Tree=278
num_leaves=15
num_cat=0
split_feature=1 20 5 49 53 5 25 56 48 3 40 20 21 10
split_gain=1.03767 2.43278 2.66959 2.46076 2.34394 1.31771 1.31639 1.17499 1.04222 1.01926 2.46002 1.02743 1.86717 1.41213
threshold=28.550000190734867 50.049999237060554 36.850000381469734 297.50000000000006 -0.49812626838684076 22.650000572204593 9.8499999046325701 24.349999427795414 2.1499999761581425 35.95000076293946 984.04998779296886 8.3499999046325701 124.50000000000001 28.191666603088382
decision_type=2 2 2 10 2 2 2 2 2 2 2 2 2 2
left_child=1 3 -3 5 6 -1 -5 8 -2 11 -11 -7 -13 -14
right_child=7 2 -4 4 -6 9 -8 -9 -10 10 -12 12 13 -15
leaf_value=-0.00085204165882010014 -0.00014531637526633565 0.0049711011824787321 0.00047677462346159584 0.0020049097208051682 0.00016149472344178007 -0.00024404559221695335 0.0042197360764547661 -1.1954722989847943e-05 -0.0040872012204001299 0.0040720288766300785 -0.00061934404457325305 -2.7329293978222732e-05 0.0029412540973340587 -0.00016588731100962108
leaf_weight=559 688 65 98 72 198 896 71 21059 288 61 69 822 233 66
leaf_count=559 688 65 98 72 198 896 71 21059 288 61 69 822 233 66
internal_value=-4.65266e-05 0.000791924 0.00656069 0.000462871 0.00440171 -4.78657e-05 0.00905229 -0.000168974 -0.00185598 0.00051692 0.00464286 0.000229402 0.00123342 0.00454692
internal_weight=25245 3210 163 3047 341 2706 143 22035 976 2147 130 2017 1121 299
internal_count=25245 3210 163 3047 341 2706 143 22035 976 2147 130 2017 1121 299
is_linear=0
shrinkage=0.05


Tree=279
num_leaves=15
num_cat=0
split_feature=31 31 48 28 30 24 5 9 17 21 21 28 52 48
split_gain=0.730417 0.802222 1.88075 1.54567 2.11183 1.7192 1.49049 1.42918 1.7604 1.62701 1.16426 1.34445 1.51029 1.08481
threshold=10.424866676330568 -6.1563081741332999 2.7500000000000004 39.500000000000007 362.50000000000006 18.500000000000004 29.150000572204593 140.40000152587893 2.4500000476837163 39.500000000000007 98.500000000000014 88.500000000000014 -0.88622298836708058 6.5499999523162851
decision_type=2 2 2 2 8 2 2 2 2 2 2 2 2 2
left_child=1 2 3 4 5 -1 -4 -5 -9 -10 11 12 -8 -3
right_child=-2 13 6 7 -6 -7 10 8 9 -11 -12 -13 -14 -15
leaf_value=0.0006026844467976859 -0.0010791330986957336 2.5164018052883676e-05 0.0045302318665166597 -0.00042062956877775813 -0.00017774823535146873 0.0039943630177589539 -0.00061123747237166928 -0.00017481236840390265 -0.00012764783644522937 0.0027956557559237734 -0.00054490704731003498 -0.0011141388219640771 0.0022957040912061515 -0.001920259624795696
leaf_weight=54 409 19839 58 3410 278 62 69 111 59 64 171 89 204 426
leaf_count=54 409 19839 58 3410 278 62 69 111 59 64 171 89 204 426
internal_value=-6.57777e-05 -3.09199e-05 -0.000624058 -0.00101038 0.00193069 0.00730159 0.00198835 -0.00133279 0.00237705 0.00627819 0.00107735 0.00266129 0.00436396 0.000104808
internal_weight=25303 24894 4629 4038 394 116 591 3644 234 123 533 362 273 20265
internal_count=25303 24894 4629 4038 394 116 591 3644 234 123 533 362 273 20265
is_linear=0
shrinkage=0.05


Tree=280
num_leaves=15
num_cat=0
split_feature=56 6 1 48 4 37 21 57 27 24 33 2 15 2
split_gain=0.957477 2.01315 1.21276 1.50297 1.15741 1.12986 1.14527 1.08767 1.06802 1.83701 1.11709 1.03695 1.98016 1.78473
threshold=30.650000572204593 34.250000000000007 34.399999618530281 0.84999999403953563 24.150000572204593 45.500000000000007 150.50000000000003 37.45000076293946 19.650000572204593 11.500000000000002 8.1500000953674334 40.549999237060554 45.549999237060554 24.94999980926514
decision_type=2 2 2 2 2 2 2 2 2 2 2 2 2 2
left_child=2 5 -1 -4 -3 6 11 -7 9 -9 -10 12 -2 -14
right_child=1 4 3 -5 -6 7 -8 8 10 -11 -12 -13 13 -15
leaf_value=-2.9871092585201237e-05 0.00080183781213395786 -0.00066568465021174311 -9.3528785189125852e-05 -0.0018154539112476137 -5.5769637342228324e-06 -0.00019992410298073804 0.0002918273264017486 0.0029164025130695046 1.3557984666508089e-05 -0.0012462994309741142 0.0054782102340608669 -0.00039273723443987739 0.0019946391187727324 0.0061010784501810454
leaf_weight=2377 111 874 848 785 18772 398 233 69 502 53 74 52 91 74
leaf_count=2377 111 874 848 785 18772 398 233 69 502 53 74 52 91 74
internal_value=-0.000113139 2.04089e-05 -0.000820897 -0.00186549 -0.000121084 0.00168866 0.00349387 0.000741409 0.0019209 0.00598485 0.000972695 0.00535503 0.00653846 0.00985714
internal_weight=25313 21303 4010 1633 19646 1657 561 1096 698 122 576 328 276 165
internal_count=25313 21303 4010 1633 19646 1657 561 1096 698 122 576 328 276 165
is_linear=0
shrinkage=0.05


Tree=281
num_leaves=15
num_cat=0
split_feature=50 34 2 44 35 25 0 56 6 5 51 34 44 37
split_gain=0.886742 1.02027 1.68979 1.94781 1.22938 1.63796 1.58463 1.56872 1.31339 1.50692 1.46609 1.33371 1.3166 1.14736
threshold=-0.98296290636062611 -1.6500000357627866 15.34999990463257 -0.72541993856430043 1.5000000000000002 11.250000000000002 13.750000000000002 26.650000572204593 30.94999980926514 28.849999427795414 0.37940952181816107 0.25000000745058065 5.0869722366333017 44.500000000000007
decision_type=2 2 2 2 2 2 2 2 2 2 2 2 2 2
left_child=-1 -2 3 -3 5 -4 -6 13 9 10 11 -9 -10 -8
right_child=1 2 4 -5 6 -7 7 8 12 -11 -12 -13 -14 -15
leaf_value=-0.00032104622036003275 0.00016805297208429503 0.0063221901698957764 -0.00015313956006731894 4.0066108115231027e-05 0.0044473218403530334 8.307561438145653e-05 -0.0027281103650708283 0.0027344317282003931 -5.8957369690988412e-05 6.1069981393082686e-06 -0.00018578226742405765 0.0015287179016328001 -0.00090376938837077316 -0.00033555086722514353
leaf_weight=1077 3691 98 1792 177 74 4520 733 77 9879 727 91 89 1800 613
leaf_count=1077 3691 98 1792 177 74 4520 733 77 9879 727 91 89 1800 613
internal_value=-0.000152862 -9.04776e-05 -0.000227274 0.00359649 -0.00028057 0.000298955 -0.00054034 -0.000580998 -0.000407561 0.00133803 0.00455056 0.00721591 -0.000555652 -0.00219764
internal_weight=25438 24361 20670 275 20395 6312 14083 14009 12663 984 257 166 11679 1346
internal_count=25438 24361 20670 275 20395 6312 14083 14009 12663 984 257 166 11679 1346
is_linear=0
shrinkage=0.05


Tree=282
num_leaves=15
num_cat=0
split_feature=48 30 54 21 33 30 43 24 26 5 18 38 13 6
split_gain=1.28318 0.997543 3.48492 1.89466 1.71191 1.67714 1.6075 1.88103 1.76767 2.25116 1.53121 1.81088 2.4937 1.89721
threshold=-1.7499999999999998 402.50000000000006 9.5000000000000018 134.50000000000003 0.55000001192092907 1172.5000000000002 72.500000000000014 46.500000000000007 0.68073964118957531 19.849999427795414 -29.749999999999996 14.84999990463257 47.57976150512696 47.750000000000007
decision_type=2 10 2 2 2 10 10 2 2 2 2 2 2 2
left_child=-1 3 -3 6 5 -4 8 -8 9 -2 -10 -12 -13 -14
right_child=1 2 4 -5 -6 -7 7 -9 10 -11 11 12 13 -15
leaf_value=-0.0002703866846766034 0.0020313735884118457 1.4197680467854457e-05 0.00010435123785195897 -0.0007240793683208599 0.0022527089389435878 0.00061581114742894412 -0.00022499549698158633 0.00030608938534399212 -0.00015795690548673838 -0.00013653254158744885 0.00010188573978262329 -0.00018726155832542247 0.0017603776938258848 0.00063938866015950189
leaf_weight=4925 117 4293 606 1189 97 187 5720 1256 744 2468 2662 299 123 602
leaf_count=4925 117 4293 606 1189 97 187 5720 1256 744 2468 2662 299 123 602
internal_value=-0.000102381 7.28894e-05 0.000671095 -0.000131667 0.0035 0.00265878 3.17823e-05 -0.000505297 0.000565835 -0.000472063 0.00117117 0.0015882 0.00336557 0.00493197
internal_weight=25288 20363 5183 15180 890 793 13991 6976 7015 2585 4430 3686 1024 725
internal_count=25288 20363 5183 15180 890 793 13991 6976 7015 2585 4430 3686 1024 725
is_linear=0
shrinkage=0.05


Tree=283
num_leaves=15
num_cat=0
split_feature=34 49 31 1 54 57 47 49 1 34 34 26 15 7
split_gain=1.13576 1.35938 1.55874 1.37566 1.3575 1.26184 1.48474 1.23677 1.34057 1.1241 1.10232 1.10808 1.51557 1.86568
threshold=0.15000000223517421 257.50000000000006 -4.6801428794860831 30.250000000000004 7.5000000000000009 35.583332061767585 8.7833333015441912 -82.499999999999986 28.550000190734867 -2.1499999761581416 -3.6499999761581416 0.9562756121158601 61.350000381469734 27.44999980926514
decision_type=2 8 2 2 2 2 2 8 2 2 2 2 2 2
left_child=4 2 -2 5 7 6 -3 8 9 -1 -6 12 13 -12
right_child=1 3 -4 -5 10 -7 -8 -9 -10 -11 11 -13 -14 -15
leaf_value=0.005051939696163521 -0.00030322315128064283 0.0014315738616044384 3.0648410907964178e-05 -0.00044542503968025344 -0.0012552843631973639 -0.00057340565262257483 -0.00026622924219520626 0.00025282877373508091 -0.00082474445174161675 -0.00017094325266437215 0.00074016791421817536 -0.0002625125318182296 0.00011450331600626381 -0.001070487666403213
leaf_weight=90 1814 241 7192 2642 237 222 245 5725 831 142 101 1339 3895 801
leaf_count=90 1814 241 7192 2642 237 222 245 5725 831 142 101 1339 3895 801
internal_value=-0.000107143 -0.000451238 -0.00013088 -0.00130952 0.000216004 0.000640667 0.00205645 0.00070756 -0.00085275 0.00243802 -0.00030785 -0.000175725 0.000179945 -0.0016557
internal_weight=25517 12356 9006 3350 13161 708 486 6788 1063 232 6373 6136 4797 902
internal_count=25517 12356 9006 3350 13161 708 486 6788 1063 232 6373 6136 4797 902
is_linear=0
shrinkage=0.05


Tree=284
num_leaves=15
num_cat=0
split_feature=50 17 20 57 3 40 14 24 45 56 55 5 42 9
split_gain=1.06118 1.10039 0.856053 1.1235 1.18597 1.12726 1.42894 1.27838 1.00778 0.919655 1.28977 1.72056 0.868372 1.06133
threshold=-0.98296290636062611 4.2500000000000009 176.30000305175784 186.716667175293 200.00000000000003 991.64999389648449 69.211742401123061 6.5000000000000009 1.9777520298957827 175.80000305175784 2.5000000000000004 152.05000305175784 11.250000000000002 51.250000000000007
decision_type=2 2 2 2 2 2 2 2 2 2 2 2 2 2
left_child=1 -1 3 4 12 6 8 9 -5 -7 -11 -12 -2 -14
right_child=2 -3 -4 5 -6 7 -8 -9 -10 10 11 -13 13 -15
leaf_value=-9.6693009859509928e-05 1.1594521507470293e-05 -0.001382729035495989 -0.00040564321868454244 -0.00037101806091189969 -0.00083594436398546951 -0.00015678459456907863 0.00053999441649014491 -0.0007586663517115573 0.00085734767796045292 0.0021053519114720195 0.00094567617616005703 -7.1841660527912238e-05 -1.4511035448277769e-05 -0.00049017269299261119
leaf_weight=766 20113 295 207 314 446 53 57 52 50 68 54 79 1671 1053
leaf_count=766 20113 295 207 314 446 53 57 52 50 68 54 79 1671 1053
internal_value=-9.84669e-05 -0.00163866 -3.03392e-05 -2.08279e-06 -6.28956e-05 0.00191994 0.000220416 0.00417721 -0.000989306 0.00560606 0.00708531 0.00374126 -1.24755e-05 -0.000848575
internal_weight=25278 1061 24217 24010 23283 727 421 306 364 254 201 133 22837 2724
internal_count=25278 1061 24217 24010 23283 727 421 306 364 254 201 133 22837 2724
is_linear=0
shrinkage=0.05


Tree=285
num_leaves=15
num_cat=0
split_feature=51 26 2 15 9 17 53 28 56 6 13 16 44 52
split_gain=1.01693 0.95193 0.855966 1.06222 1.07204 0.826897 0.82646 0.916801 0.823692 1.53944 1.91977 1.2355 0.997705 0.985353
threshold=-0.98296290636062611 0.98508849740028392 26.849999427795414 70.90000152587892 61.100000381469734 -12.550000190734862 0.19969739764928821 55.500000000000007 24.349999427795414 27.750000000000004 50.195238113403327 16.94999980926514 7.9225699901580819 -0.37447345256805414
decision_type=2 2 2 2 2 2 2 2 2 2 2 2 2 2
left_child=1 2 -1 -4 6 -6 7 -5 -2 10 -10 -12 13 -11
right_child=8 -3 3 4 5 -7 -8 -9 9 12 11 -13 -14 -15
leaf_value=0.00096300325900467321 -0.00049693656033608722 -0.0022735865860847356 -0.0002311728784870969 -0.00013949890441135435 -0.00038326990066562074 0.00036084844140065673 0.0012249425912649349 0.00083067279486499454 0.000123013516249065 -9.4170122171379853e-05 0.0044807012988591554 0.00097269044436020565 -0.00049585119465344219 2.0759938742481368e-05
leaf_weight=88 1919 60 309 126 135 108 123 98 1046 8575 50 225 1029 11574
leaf_count=88 1919 60 309 126 135 108 123 98 1046 8575 50 225 1029 11574
internal_value=-0.000132484 0.001386 0.00177031 0.00127063 0.0025 -5.92897e-05 0.0042437 0.00226496 -0.000198134 -0.000113067 0.00153644 0.00517544 -0.000216633 -0.000138649
internal_weight=25465 1047 987 899 590 243 347 224 24418 22499 1321 275 21178 20149
internal_count=25465 1047 987 899 590 243 347 224 24418 22499 1321 275 21178 20149
is_linear=0
shrinkage=0.05


Tree=286
num_leaves=15
num_cat=0
split_feature=29 40 20 49 22 31 34 31 13 18 48 35 49 19
split_gain=1.00265 1.96979 1.80722 0.977266 1.69372 1.0157 1.08979 1.48643 1.21358 0.842676 2.44207 1.87211 1.95198 1.52555
threshold=14.050000190734865 988.25000000000011 12.449999809265138 342.50000000000006 1796.5000000000002 -7.1868305206298819 0.35000000894069677 -10.414705276489256 51.352680206298835 6.1499998569488534 -1.6500000357627866 2.5000000000000004 142.50000000000003 88.599998474121108
decision_type=2 2 2 10 2 2 2 2 2 2 2 2 10 2
left_child=3 -2 -3 9 5 6 7 -5 -9 11 -11 12 -1 -14
right_child=1 2 -4 4 -6 -7 -8 8 -10 10 -12 -13 13 -15
leaf_value=-0.00015537609870197095 -0.00079084510556431736 -0.00060463809992825188 0.0019474568464587089 -0.0014075316436293521 -0.0047528569026787674 -0.00021744544751583507 -0.00024115033594302566 0.0050556845263193245 0.00047317493144889651 -0.00031542360085036122 0.00012220010070678055 0.00037084741791432001 -1.9902645520495048e-06 0.00073200964763731752
leaf_weight=8352 1142 72 79 54 336 1812 88 52 59 1824 6315 4227 643 333
leaf_count=8352 1142 72 79 54 336 1812 88 52 59 1824 6315 4227 643 333
internal_value=-0.0001571 -0.00150806 0.00369565 -8.40087e-05 -0.00103899 -0.000493977 0.00241445 0.00471428 0.00780992 2.21145e-05 0.000423977 -0.000219316 -0.000614694 0.00149087
internal_weight=25388 1293 151 24095 2401 2065 253 165 111 21694 8139 13555 9328 976
internal_count=25388 1293 151 24095 2401 2065 253 165 111 21694 8139 13555 9328 976
is_linear=0
shrinkage=0.05


Tree=287
num_leaves=15
num_cat=0
split_feature=32 30 32 33 18 22 20 7 13 57 20 27 41 5
split_gain=0.664879 1.54258 1.90184 1.62601 1.27258 1.13324 1.09247 1.44308 1.9344 2.79412 1.66987 2.00727 2.43301 1.74
threshold=-2.1952013969421382 152.50000000000003 -11.210405349731444 13.84999990463257 -12.949999809265135 876.50000000000011 31.849999427795414 85.549999237060561 85.447322845458999 90.283336639404311 15.550000190734865 19.150000572204593 1.0000000180025095e-35 22.650000572204593
decision_type=2 8 2 2 2 2 2 2 2 2 2 2 2 2
left_child=1 2 -1 -4 -3 -5 7 8 10 -10 -2 -12 13 -13
right_child=6 4 3 5 -6 -7 -8 -9 9 -11 11 12 -14 -15
leaf_value=0.0028102383580371191 -9.8906252853212738e-05 -0.00077622907059697144 9.199693423069872e-05 0.00034279043853190647 2.9856244715727215e-06 0.0024586853360595426 -0.0001375554714891879 -0.00036395553982580028 0.00016483041270671454 0.00239683900098203 -0.00096379625147289508 0.010521223087268725 0.00012122664115498739 0.00093560441886087495
leaf_weight=72 4266 1267 3978 52 4022 61 7745 980 357 61 164 63 1811 559
leaf_count=72 4266 1267 3978 52 4022 61 7745 980 357 61 164 63 1811 559
internal_value=-0.000180227 0.000152187 0.000871075 0.000718116 -0.00041423 0.00638211 -0.0003765 2.35752e-05 0.000266766 0.00352804 6.32899e-05 0.0010606 0.00142652 0.0040981
internal_weight=25458 9452 4163 4091 5289 113 16006 8261 7281 418 6863 2597 2433 622
internal_count=25458 9452 4163 4091 5289 113 16006 8261 7281 418 6863 2597 2433 622
is_linear=0
shrinkage=0.05


Tree=288
num_leaves=15
num_cat=0
split_feature=13 28 22 6 23 30 1 25 10 47 18 31 50 47
split_gain=1.23452 1.60864 1.60141 1.53552 2.16808 2.09137 1.08581 1.592 1.3898 1.91124 1.4852 1.48646 1.1347 2.17473
threshold=45.886905670166023 81.500000000000014 347.50000000000006 27.050000190734867 0.5249999761581422 152.50000000000003 39.750000000000007 8.5500001907348651 43.041666030883796 6.9833333492279062 5.4500000476837167 4.6763195991516122 0.60355338454246532 9.2166666984558123
decision_type=2 2 2 2 2 10 2 2 2 2 2 2 2 2
left_child=1 6 -2 4 5 -4 8 -8 10 -10 -1 -12 -9 -14
right_child=2 -3 3 -5 -6 -7 7 12 9 -11 11 -13 13 -15
leaf_value=-0.00014639715632596261 -0.00088608998765200234 -0.00059874951619125715 0.0025410596817823398 1.336502628771331e-05 -0.00024126656835923009 0.00090827896049705059 0.00025308375395765502 -0.00082192491394197399 0.0043863245246074092 -0.00012097869393588157 0.0013892704967038332 -0.00092830801263741854 -0.00019556050196217775 0.0035443631555857197
leaf_weight=2721 629 1442 90 16899 225 343 178 1436 63 71 533 178 425 102
leaf_count=2721 629 1442 90 16899 225 343 178 1436 63 71 533 178 425 102
internal_value=-9.96264e-05 -0.000655819 0.000119256 0.000208629 0.00255988 0.00459368 -0.000277244 -0.00116458 0.00025727 0.00506944 5.51993e-05 0.00207351 -0.00157882 0.000400371
internal_weight=25335 7149 18186 17557 658 433 5707 2141 3566 134 3432 711 1963 527
internal_count=25335 7149 18186 17557 658 433 5707 2141 3566 134 3432 711 1963 527
is_linear=0
shrinkage=0.05


Tree=289
num_leaves=15
num_cat=0
split_feature=56 39 1 0 1 29 30 19 50 49 19 1 44 36
split_gain=0.921133 1.07952 1.23663 1.95968 2.00622 1.46242 1.41178 1.1169 0.988159 0.962138 1.13131 0.936432 1.87899 1.43587
threshold=53.149999618530281 0.45000000298023229 54.549999237060554 54.049999237060554 49.750000000000007 7.2500000000000009 62.500000000000007 103.95000076293947 0.91597560048103344 447.50000000000006 109.54999923706056 112.34999847412111 -5.1924204826354972 11.449999809265138
decision_type=2 2 2 2 2 2 8 2 2 8 2 2 2 2
left_child=1 2 3 -1 -5 6 -6 8 -4 10 -9 12 13 -2
right_child=11 -3 7 4 5 -7 -8 9 -10 -11 -12 -13 -14 -15
leaf_value=-3.9604724332148015e-05 0.00084162190466501941 -0.00078185034471287506 -0.00077457293082156898 -0.00017717489300988172 0.00020464688191605424 -5.1957496135365739e-05 0.0039237784194675754 0.0007662550837853133 0.00046866984617886039 -0.0014265612050715487 -2.4357852683570003e-05 -6.7975552115195372e-05 0.00017767954905180592 -0.00021548138712305112
leaf_weight=8439 61 521 1332 140 61 60 84 127 217 298 819 3770 6956 2423
leaf_count=8439 61 521 1332 140 61 60 84 127 217 298 819 3770 6956 2423
internal_value=-0.000125999 -0.000441032 -0.000339606 -4.7761e-05 0.00359155 0.00662791 0.00919355 -0.00125401 -0.00214561 -0.000135567 0.000648534 0.000162631 0.00042857 -0.000749801
internal_weight=25308 12098 11577 8784 345 205 145 2793 1549 1244 946 13210 9440 2484
internal_count=25308 12098 11577 8784 345 205 145 2793 1549 1244 946 13210 9440 2484
is_linear=0
shrinkage=0.05


Tree=290
num_leaves=15
num_cat=0
split_feature=57 7 6 47 40 32 9 4 23 36 30 30 32 57
split_gain=1.16159 2.26596 1.43013 1.35229 1.39872 1.66298 2.81893 2.14548 2.82019 1.38554 1.54195 1.33581 1.2395 1.22332
threshold=67.416667938232436 64.849998474121108 69.700000762939467 5.558333396911622 987.14999389648449 -0.35614354908466334 73.450000762939467 88.599998474121108 0.45499999821186071 14.650000095367433 352.50000000000006 657.50000000000011 -9.0148162841796857 77.450000762939467
decision_type=2 2 2 2 2 2 2 2 2 2 10 10 2 2
left_child=1 -1 12 4 5 6 13 8 -8 -6 -11 -12 -2 -4
right_child=2 -3 3 -5 9 -7 7 -9 -10 10 11 -13 -14 -15
leaf_value=-3.1318520125030902e-05 0.0021163104691644618 -0.00062691606400595693 0.00071520170676154225 -0.00010926792887173696 0.00010065385178603935 2.1604738915977449e-05 0.00024088835202831316 0.00029709014014099458 0.0022732911150772526 -0.00065702530921896802 0.0017973565991473497 -0.00010217772294929641 0.00029886241464831818 -0.00025756115747170328
leaf_weight=13765 91 2060 71 3642 1799 504 50 70 61 841 68 82 1987 177
leaf_count=13765 91 2060 71 3642 1799 504 50 70 61 841 68 82 1987 177
internal_value=-0.000128176 -0.00038996 0.000310482 -1.69503e-05 0.000652289 0.00231707 0.0045672 0.00913612 0.0131818 8.92845e-05 -0.0014036 0.003125 0.00146552 0.00100775
internal_weight=25268 15825 9443 7365 3723 933 429 181 111 2790 991 150 2078 248
internal_count=25268 15825 9443 7365 3723 933 429 181 111 2790 991 150 2078 248
is_linear=0
shrinkage=0.05


Tree=291
num_leaves=15
num_cat=0
split_feature=56 45 31 45 2 35 18 17 36 49 52 2 30 4
split_gain=1.09215 1.03972 1.07481 2.28028 0.970935 1.32399 1.56289 1.06168 0.993043 0.957795 0.800121 1.85359 1.27089 1.76147
threshold=203.25000000000003 3.2118628025054936 -1.9374391436576841 -0.16134067624807355 147.35000610351565 1.5000000000000002 54.049999237060554 100.79999923706056 13.050000190734865 37.500000000000007 -0.38242425024509424 15.34999990463257 167.50000000000003 23.750000000000004
decision_type=2 2 2 2 2 2 2 2 2 10 2 2 8 2
left_child=4 2 3 -2 7 6 -6 10 9 -7 11 -1 13 -12
right_child=1 -3 -4 -5 5 8 -8 -9 -10 -11 12 -13 -14 -15
leaf_value=0.0041722834008695439 0.0012320484062093378 0.0009751138919835054 -5.1081947496268294e-05 -0.00023405315618917275 -0.00010134665234110148 -0.00021520529484400698 0.00051073710332171288 0.00045566951405000392 -0.0017197041791373246 0.0016190522952173776 -0.00073803234142042786 -0.00010272324646601739 -6.1671618958034308e-05 0.00022887079131407668
leaf_weight=68 129 62 390 108 389 496 140 70 534 64 553 9342 8616 4347
leaf_count=68 129 62 390 108 389 496 140 70 534 64 553 9342 8616 4347
internal_value=-0.000153647 0.00179542 0.00112245 0.00370445 -0.000208901 -0.00138702 0.000658626 -0.000125186 -0.00237319 -0.000877194 -0.000145188 -0.00049894 0.000101285 0.00074338
internal_weight=25308 689 627 237 24619 1623 529 22996 1094 560 22926 9410 13516 4900
internal_count=25308 689 627 237 24619 1623 529 22996 1094 560 22926 9410 13516 4900
is_linear=0
shrinkage=0.05


Tree=292
num_leaves=15
num_cat=0
split_feature=13 2 5 18 37 1 12 13 57 32 4 47 8 48
split_gain=0.817171 1.60482 1.4051 1.70124 1.3968 1.09499 1.02826 1.16213 1.02943 1.00317 1.36786 1.95293 1.10505 1.49489
threshold=41.318452835083015 27.250000000000004 35.549999237060554 29.349999427795414 69.500000000000014 73.450000762939467 37.738889694213874 47.262796401977546 29.183333396911625 -2.007189035415649 41.250000000000007 4.616666555404664 45.699998855590827 1.0500000119209292
decision_type=2 2 2 2 2 2 2 2 2 2 2 2 2 2
left_child=1 -1 3 9 -5 -6 7 -4 -8 10 -2 -12 -13 -14
right_child=2 -3 6 4 5 -7 8 -9 -10 -11 11 12 13 -15
leaf_value=0.00013618090106087515 4.877312064221085e-05 -0.00036270603681594273 -5.7318744776371674e-05 -5.5027831782662333e-05 0.0017475744524539987 0.0005260087656735968 -0.0006143698664311738 0.0020061098482852427 -2.223779314853443e-05 -3.1427259223685475e-05 -0.00046055971459895047 0.0031092950548011755 0.00056467751686605633 0.0037281566150215982
leaf_weight=1704 622 3300 164 79 51 116 478 105 16909 1515 105 84 218 50
leaf_count=1704 622 3300 164 79 51 116 478 105 16909 1515 105 84 218 50
internal_value=-9.9962e-05 -0.000672119 3.99871e-05 0.00107017 0.00496094 0.00742938 -0.000126232 0.0028853 -0.000174457 0.000683563 0.00184114 0.00388651 0.00563536 0.00381295
internal_weight=25500 5004 20496 2840 246 167 17656 269 17387 2594 1079 457 352 268
internal_count=25500 5004 20496 2840 246 167 17656 269 17387 2594 1079 457 352 268
is_linear=0
shrinkage=0.05


Tree=293
num_leaves=15
num_cat=0
split_feature=23 18 14 25 2 40 37 57 23 32 17 32 52 0
split_gain=1.02709 1.20339 2.13342 1.38853 0.990656 1.31494 1.27943 1.80056 1.24879 1.9677 1.22953 1.41415 1.22728 2.16779
threshold=0.19500000029802325 6.1499998569488534 11.352076530456545 14.750000000000002 90.700000762939467 981.25000000000011 79.500000000000014 191.93333435058597 0.97500002384185802 -1.1234855055809019 9.6500000953674334 -5.3903353214263907 0.92273071408271801 24.550000190734867
decision_type=2 2 2 2 2 2 2 2 2 2 2 2 2 2
left_child=1 -1 3 -3 5 -2 7 -6 12 10 11 -10 13 -7
right_child=4 2 -4 -5 6 8 -8 -9 9 -11 -12 -13 -14 -15
leaf_value=-0.00068927674726047502 -4.6536141257254716e-05 0.00027450419138762088 -0.00036499865345163439 0.0039792740128666744 -0.00032393159602051263 0.002136216174651831 7.8648465711426447e-06 0.0006013626269631237 0.0010534661960388953 -3.1543349726601465e-05 0.00019157318559704999 0.0044291202070894445 -0.00014796730751736109 9.439308041461304e-05
leaf_weight=1181 9765 129 300 52 2465 271 3196 66 101 254 77 68 2003 5359
leaf_count=1181 9765 129 300 52 2465 271 3196 66 101 254 77 68 2003 5359
internal_value=-9.42811e-05 -0.00129187 0.000804479 0.00494764 -9.52097e-06 0.000173664 -0.000581315 -0.00141873 0.000642882 0.00303921 0.00613281 0.00840782 0.000482139 0.000859928
internal_weight=25287 1662 481 181 23625 17898 5727 2531 8133 500 246 169 7633 5630
internal_count=25287 1662 481 181 23625 17898 5727 2531 8133 500 246 169 7633 5630
is_linear=0
shrinkage=0.05


Tree=294
num_leaves=15
num_cat=0
split_feature=18 25 32 2 56 0 51 43 32 18 2 23 9 6
split_gain=1.03098 1.723 1.45866 1.28178 1.92747 1.3502 1.70859 1.07578 1.23271 1.05999 1.88833 1.63189 1.03004 1.53471
threshold=59.95000076293946 18.550000190734867 1.4225158691406252 132.94999694824222 132.00000000000003 141.80000305175784 0.60355338454246532 77.500000000000014 1.4525747299194338 19.349999427795414 196.05000305175784 0.7150000035762788 101.59999847412111 30.550000190734867
decision_type=2 2 2 2 2 2 2 8 2 2 2 2 2 2
left_child=3 2 -2 5 -5 12 -7 8 -3 -6 11 -11 -1 -14
right_child=1 7 -4 4 9 6 -8 -9 -10 10 -12 -13 13 -15
leaf_value=-4.3848280837583905e-05 0.0016221578549395134 1.9950863457283101e-05 3.1026446227637297e-05 -0.001058467943947767 -8.6491888528897792e-05 -5.8314529571078569e-05 0.00054091602624006569 -0.0017440134405086749 0.00068986026666112161 0.00017990748062201407 -0.00033671826955223829 0.0013813024105866259 0.0027690070492857131 6.9586941617573729e-05
leaf_weight=19228 71 391 72 809 1119 137 110 159 100 114 141 72 58 2728
leaf_count=19228 71 391 72 809 1119 137 110 159 100 114 141 72 58 2728
internal_value=-0.000100519 0.00166251 0.00643791 -0.000158201 -0.00129139 -4.28821e-05 0.00356031 0.000530302 0.00168663 -0.000192309 0.00227003 0.00545918 -8.49086e-05 0.000811873
internal_weight=25309 793 143 24516 2255 22261 247 650 491 1446 327 186 22014 2786
internal_count=25309 793 143 24516 2255 22261 247 650 491 1446 327 186 22014 2786
is_linear=0
shrinkage=0.05


Tree=295
num_leaves=15
num_cat=0
split_feature=56 40 19 26 26 49 51 23 30 52 40 52 45 13
split_gain=1.15834 1.33653 1.21481 1.54597 0.969548 1.54002 1.02048 2.55703 1.742 1.98292 2.0368 1.31524 1.54988 1.72645
threshold=34.750000000000007 983.75000000000011 17.849999427795414 0.72509354352951061 0.95170199871063244 202.50000000000003 -0.91597560048103321 0.64499998092651378 227.50000000000003 -0.77245554327964772 981.64999389648449 0.29342973232269293 4.0133514404296884 55.440177917480476
decision_type=2 2 2 2 2 10 2 2 8 2 2 2 2 2
left_child=1 2 3 -1 6 -6 7 -2 -9 10 -10 -8 13 -13
right_child=4 -3 -4 -5 5 -7 11 8 9 -11 -12 12 -14 -15
leaf_value=0.0086995534120750985 -0.00014339850802076625 -0.0003991967667459071 -4.9810224805776797e-05 -0.00014638718686116312 -4.3167922936309973e-05 -0.0039297634421437281 -3.0612361370048134e-05 0.0028981766553612676 8.2800470135813614e-05 0.0002739054533820047 0.0014028383835759551 -0.00011430542987171332 0.00083939023324250753 0.00024181632938340158
leaf_weight=62 920 1642 3598 86 3102 324 9453 121 71 595 92 2416 746 2128
leaf_count=62 920 1642 3598 86 3102 324 9453 121 71 595 92 2416 746 2128
internal_value=1.26141e-05 -0.000637274 -0.000114485 0.00417721 0.000188206 -0.000576253 0.000346785 0.00146766 0.0033802 0.00242187 0.00713873 0.000209109 0.000839621 0.000489678
internal_weight=25356 5388 3746 148 19968 3426 16542 1799 879 758 163 14743 5290 4544
internal_count=25356 5388 3746 148 19968 3426 16542 1799 879 758 163 14743 5290 4544
is_linear=0
shrinkage=0.05


Tree=296
num_leaves=15
num_cat=0
split_feature=30 25 23 50 32 17 18 22 38 22 1 41 2 10
split_gain=0.710085 1.43772 0.799295 1.15068 1.71703 1.35282 1.66959 0.963954 0.884679 1.44783 2.08506 1.46321 1.40885 2.42939
threshold=2732.5000000000005 7.0499999523162851 0.31499999761581426 0.60355338454246532 3.2583036422729497 11.550000190734865 24.44999980926514 1720.5000000000002 20.250000000000004 3374.0000000000005 95.349998474121108 3.5000000000000004 64.15000152587892 64.741664886474624
decision_type=10 2 2 2 2 2 2 2 2 2 2 2 2 2
left_child=2 -2 3 -1 5 6 -5 -8 -4 12 11 -11 13 -10
right_child=1 -3 8 4 -6 -7 7 -9 9 10 -12 -13 -14 -15
leaf_value=-0.00025792610871621546 0.0013870935310198241 -0.0015198242858406052 4.5619302481737078e-05 2.1497830857752449e-05 0.002932705187024506 -0.00070362247185122399 0.0031901980612113095 0.00054668140998668493 -4.5826341633693596e-05 0.0034543097935272821 -0.00020292380883287213 0.00092701448910452596 -0.0003504845414426491 0.0013836625243171883
leaf_weight=3531 51 311 11911 1109 81 402 54 65 5320 52 101 50 2066 130
leaf_count=3531 51 311 11911 1109 81 402 54 65 5320 52 101 50 2066 130
internal_value=-0.000143402 -0.00231183 -0.000110925 -0.000658798 0.000403834 3.04866e-05 0.000856219 0.00624031 3.56404e-05 -0.000381034 0.00368544 0.00839286 -0.000495616 -7.32613e-05
internal_weight=25234 362 24872 5242 1711 1630 1228 119 19630 7719 203 102 7516 5450
internal_count=25234 362 24872 5242 1711 1630 1228 119 19630 7719 203 102 7516 5450
is_linear=0
shrinkage=0.05


Tree=297
num_leaves=15
num_cat=0
split_feature=26 48 36 52 48 17 57 14 54 47 30 18 0 56
split_gain=1.33706 1.75158 1.33629 2.99604 1.33392 1.47572 1.18266 1.18158 1.08694 1.27263 0.993008 0.981798 1.6413 1.53741
threshold=0.95807620882987987 1.1500000357627871 16.650000572204593 0.32613943517208105 -1.8499999642372129 24.750000000000004 174.69999694824222 65.234298706054702 9.5000000000000018 10.216666698455812 57.500000000000007 2.0499999523162846 25.44999980926514 20.650000572204593
decision_type=2 2 2 2 2 2 2 2 2 2 8 2 2 2
left_child=4 -2 3 -3 5 6 8 11 9 10 -1 -6 13 -13
right_child=1 2 -4 -5 7 -7 -8 -9 -10 -11 -12 12 -14 -15
leaf_value=0.0020180457422060835 -4.6231929693374855e-05 -0.0013279971303264157 -0.0030798896223524835 0.0010919172843664551 -1.9975555020493782e-05 -0.00067247152059160716 0.0012759536223742635 0.00048659425694669181 -0.0013606020189648495 -0.0013460144957553747 6.8622375360413156e-05 0.00038663998406146603 6.5852818953034421e-05 0.0056658245447012666
leaf_weight=171 2690 246 629 62 9584 704 76 88 640 621 1862 166 7716 54
leaf_count=171 2690 246 629 62 9584 704 76 88 640 621 1862 166 7716 54
internal_value=-9.85438e-05 -0.000985704 -0.00283527 -0.000125787 5.02477e-05 -0.000763958 -0.000325445 0.000238959 -0.000475183 -2.62775e-05 0.000580028 0.000208213 0.000619178 0.00478261
internal_weight=25309 3627 937 308 21682 4074 3370 17608 3294 2654 2033 17520 7936 220
internal_count=25309 3627 937 308 21682 4074 3370 17608 3294 2654 2033 17520 7936 220
is_linear=0
shrinkage=0.05


Tree=298
num_leaves=15
num_cat=0
split_feature=2 15 13 23 39 30 22 35 18 56 6 7 6 24
split_gain=1.22218 2.13458 1.88766 1.68811 1.49936 1.42323 1.59998 1.40049 1.38196 1.32322 1.02981 1.29761 2.52329 2.56145
threshold=107.70000076293947 107.00000000000001 47.57976150512696 1.6150000095367434 0.25000000745058065 562.50000000000011 947.50000000000011 2.5000000000000004 59.95000076293946 152.05000305175784 137.59999847412112 118.15000152587892 95.799999237060561 1.5000000000000002
decision_type=2 2 2 2 2 8 2 2 2 2 2 2 2 2
left_child=1 4 5 10 -1 6 -3 8 -2 -9 11 -4 -13 -14
right_child=7 2 3 -5 -6 -7 -8 9 -10 -11 -12 12 13 -15
leaf_value=-7.4349088838757633e-06 -6.039422813682677e-05 0.0034826344463007898 0.0001074508528363573 0.0012209708756552619 -0.0007771788741175675 -5.0443440643877429e-05 0.00034699077202872446 -0.0013000632070548346 0.00025460287998108582 -1.0843803396442627e-05 -0.0004274680615048254 -0.00023262139449681122 0.0032554231313596605 0.0011202760187569898
leaf_weight=15766 2416 65 3109 87 845 77 64 947 386 525 494 157 52 263
leaf_count=15766 2416 65 3109 87 845 77 64 947 386 525 494 157 52 263
internal_value=-5.20536e-05 0.000105054 0.00108725 0.000848513 -0.000153722 0.00564815 0.00866906 -0.000821663 -0.000163586 -0.00206478 0.000691553 0.000987189 0.00340249 0.00592308
internal_weight=25253 20979 4368 4162 16611 206 129 4274 2802 1472 4075 3581 472 315
internal_count=25253 20979 4368 4162 16611 206 129 4274 2802 1472 4075 3581 472 315
is_linear=0
shrinkage=0.05


Tree=299
num_leaves=15
num_cat=0
split_feature=48 50 31 21 45 52 31 52 34 38 53 21 45 7
split_gain=0.871499 0.826761 1.26666 1.19272 1.02028 0.91068 0.796724 1.4398 2.20109 1.04343 1.15188 1.18336 1.27188 1.39308
threshold=7.3500001430511483 -0.98296290636062611 4.293407917022706 75.500000000000014 -1.9879235029220579 0.34235194325447088 7.693514585494996 -0.87812310457229603 0.45000000298023229 20.250000000000004 -0.97874867916107167 203.50000000000003 0.50387495756149303 56.750000000000007
decision_type=2 2 2 2 2 2 2 2 2 2 2 2 2 2
left_child=1 2 -1 -4 -5 -6 9 8 -8 10 -3 12 -12 -14
right_child=-2 6 3 4 5 -7 7 -9 -10 -11 11 -13 13 -15
leaf_value=-0.00074517008571161952 -0.0028054261829234465 0.0012785896266791195 0.0005615215094066443 -0.00049327008261822354 -0.00035221493166667827 0.0015057706396696064 -0.00028312429468441087 -0.00052999514809282176 0.0016984754775602384 -9.7712954702450453e-05 5.8515091154553445e-06 -0.00026752585087630991 0.00073048746710038868 4.012580253917147e-05
leaf_weight=714 290 95 50 143 64 50 116 1300 55 7574 9738 852 1741 2324
leaf_count=714 290 95 50 143 64 50 116 1300 55 7574 9738 852 1741 2324
internal_value=-0.000154484 -0.000122051 -0.00150825 0.00115142 -0.000318353 0.00306452 -6.1963e-05 -0.00118501 0.00301105 1.25357e-05 0.000257451 0.00021991 0.000331932 0.00107362
internal_weight=25106 24816 1021 307 257 114 23795 1471 171 22324 14750 14655 13803 4065
internal_count=25106 24816 1021 307 257 114 23795 1471 171 22324 14750 14655 13803 4065
is_linear=0
shrinkage=0.05


Tree=300
num_leaves=15
num_cat=0
split_feature=48 18 9 35 3 56 27 17 48 29 20 48 19 28
split_gain=0.951293 1.24748 1.26307 1.27602 1.42607 2.17926 1.50921 1.52232 1.45725 1.30202 1.27422 1.80912 1.64381 1.39856
threshold=-1.8499999642372129 1.0000000180025095e-35 13.750000000000002 1.5000000000000002 75.549999237060561 47.649999618530281 7.2500000000000009 -25.55000019073486 2.9500000476837163 4.8500001430511483 23.050000190734867 2.9500000476837163 57.250000000000007 74.500000000000014
decision_type=2 2 2 2 2 2 2 2 2 2 2 2 2 2
left_child=-1 -2 -3 -4 5 10 7 -6 -8 -7 11 -5 -13 -14
right_child=1 2 3 4 6 9 8 -9 -10 -11 -12 12 13 -15
leaf_value=-0.00019939539621897787 -5.6141432420009092e-05 0.00059763408856614204 0.00014359468441497704 1.7995771382555843e-05 0.0017170248936285177 3.2412341015855413e-05 -9.4400018832247913e-05 3.0124462659852908e-05 -0.0020430442591715219 0.00095243139857807484 -0.00027545151613628374 -0.001762981148372625 0.0048135443046466563 0.00036875805339638612
leaf_weight=4663 10288 114 3924 1286 50 360 1880 123 584 655 1240 59 69 55
leaf_count=4663 10288 114 3924 1286 50 360 1880 123 584 655 1240 59 69 55
internal_value=-6.50643e-05 8.04452e-05 0.000466422 0.000405535 -3.21782e-05 0.000597214 -0.000919911 0.00346994 -0.00124091 0.00256097 -0.000145275 0.000848545 0.00536269 0.00843283
internal_weight=25350 20687 10399 10285 6361 3724 2637 173 2464 1015 2709 1469 183 124
internal_count=25350 20687 10399 10285 6361 3724 2637 173 2464 1015 2709 1469 183 124
is_linear=0
shrinkage=0.05


Tree=301
num_leaves=15
num_cat=0
split_feature=39 27 21 20 36 3 30 54 43 55 0 17 21 20
split_gain=0.791841 0.862974 0.972215 1.01821 0.955854 0.8589 1.00811 0.941117 1.3067 1.65111 1.25006 1.13049 2.11478 1.52022
threshold=0.25000000745058065 29.050000190734867 93.500000000000014 13.84999990463257 27.050000190734867 166.00000000000003 42.500000000000007 1.5000000000000002 41.875000000000007 1.5000000000000002 163.6499938964844 -78.899997711181626 200.50000000000003 8.3499999046325701
decision_type=2 2 2 2 2 2 8 2 8 2 2 2 2 2
left_child=5 2 4 -4 -2 7 -7 8 9 -1 -11 12 13 -9
right_child=1 -3 3 -5 -6 6 -8 11 -10 10 -12 -13 -14 -15
leaf_value=-0.00041638173308757969 -0.00053114790291446882 -0.0015115993069805087 -0.00029067749616218245 0.003456114517999662 0.0013051167365349644 7.687616749295592e-07 -0.00059641486584710753 -0.00022583016889522547 9.5135808807600243e-05 0.0024249799334629188 8.5621341369426662e-05 -2.3311690776888457e-05 -0.0003075934873592054 0.0024118652851629718
leaf_weight=77 481 280 95 70 100 740 724 64 1113 119 59 20971 134 164
leaf_count=77 481 280 95 70 100 740 724 64 1113 119 59 20971 134 164
internal_value=-0.000123211 -0.00147684 -0.000568784 0.00271428 -0.0015313 -6.51511e-05 -0.00123474 1.07865e-05 0.00127721 0.00443396 0.00696808 -7.09847e-05 0.00266129 0.0055042
internal_weight=25191 1026 746 165 581 24165 1464 22701 1368 255 178 21333 362 228
internal_count=25191 1026 746 165 581 24165 1464 22701 1368 255 178 21333 362 228
is_linear=0
shrinkage=0.05


Tree=302
num_leaves=15
num_cat=0
split_feature=48 21 32 30 27 13 7 56 13 21 28 17 14 22
split_gain=1.02597 1.44889 1.8718 2.05871 2.71021 2.51956 1.03516 1.8196 1.48669 1.49724 1.40816 1.33443 2.06873 1.73511
threshold=-1.8499999642372129 116.50000000000001 -4.5130047798156729 122.50000000000001 29.050000190734867 86.64404678344728 45.000000000000007 39.95000076293946 41.318452835083015 169.50000000000003 85.500000000000014 -16.949999809265133 13.80697536468506 503.50000000000006
decision_type=2 2 2 10 2 2 2 2 2 2 2 2 2 2
left_child=1 -1 -3 4 5 -4 7 -2 -8 -10 11 12 13 -9
right_child=6 2 3 -5 -6 -7 8 10 9 -11 -12 -13 -14 -15
leaf_value=-0.00054370970809337459 -3.881498859730362e-05 -0.0009761373970936303 0.0065553830128286337 2.1339549493304205e-05 -0.00014972915512159033 0.00086414063006796243 -0.00079034931798518883 0.0010099647254159896 1.3682924875759414e-06 -0.00024029095580884496 -0.00020254780923881344 0.00028966578324370789 0.00045895856711432325 0.0033344987687674629
leaf_weight=2649 4432 549 59 1158 132 68 772 50 11238 1555 509 1775 408 56
leaf_count=2649 4432 549 59 1158 132 68 772 50 11238 1555 509 1775 408 56
internal_value=-0.000218333 -0.000891893 0.000136638 0.00109671 0.00503717 0.0099635 -6.84943e-05 0.000414363 -0.000325968 -0.00019644 0.00141026 0.0019378 0.0041603 0.0100862
internal_weight=25410 4615 1966 1417 259 127 20795 7230 13565 12793 2798 2289 514 106
internal_count=25410 4615 1966 1417 259 127 20795 7230 13565 12793 2798 2289 514 106
is_linear=0
shrinkage=0.05


Tree=303
num_leaves=15
num_cat=0
split_feature=17 48 47 23 48 27 26 25 3 9 36 56 38 47
split_gain=1.13084 0.92709 1.21785 1.02078 1.90391 1.95927 2.79307 1.51712 1.68753 1.3236 1.46631 1.80523 1.72431 1.74928
threshold=118.65000152587892 -1.3499999642372129 2.1833333969116215 0.76499998569488536 1.5500000119209292 10.84999990463257 0.68954584002494823 19.849999427795414 55.45000076293946 35.549999237060554 25.250000000000004 52.100000381469734 19.150000572204593 6.3583333492279062
decision_type=2 2 2 2 2 2 2 2 2 2 2 2 2 2
left_child=1 2 -1 4 -3 7 9 8 -6 -7 -11 -12 13 -13
right_child=-2 3 -4 -5 5 6 -8 -9 -10 10 11 12 -14 -15
leaf_value=0.00058261829152019451 0.00032522084390559382 2.6977425997843306e-05 -0.00020822456665910133 0.00011159827072986969 -0.00010114285270420479 -0.00069498828405760026 -0.0016593622879125117 -0.00010799850270156862 0.0015527064499263989 -0.0004189266858572548 7.1221606032629233e-05 0.0021602949039258462 0.00023793787273697502 0.0012151761664535407
leaf_weight=337 129 9207 6206 4960 60 725 1723 246 128 426 797 91 168 71
leaf_count=337 129 9207 6206 4960 60 725 1723 246 128 426 797 91 168 71
internal_value=-0.000145152 -0.000169948 -0.000681369 1.02073e-05 -0.000213157 -0.00106299 -0.00140987 0.00209459 0.00535353 -0.000257868 0.000566218 0.00150835 0.00455882 0.00808139
internal_weight=25274 25145 6543 18602 13642 4435 4001 434 188 2278 1553 1127 330 162
internal_count=25274 25145 6543 18602 13642 4435 4001 434 188 2278 1553 1127 330 162
is_linear=0
shrinkage=0.05


Tree=304
num_leaves=15
num_cat=0
split_feature=41 41 45 49 33 6 52 26 45 49 40 29 48 49
split_gain=0.766412 1.21466 1.72998 1.47138 1.41848 2.29058 1.30729 1.1392 1.08181 1.06537 1.10991 1.02289 2.33269 1.26737
threshold=99.500000000000014 95.500000000000014 0.57588231563568126 -372.49999999999994 0.15000000223517421 90.90000152587892 0.91248813271522533 0.69691589474678051 6.1654975414276132 587.50000000000011 978.35000610351574 5.1499998569488534 2.6499999761581425 27.500000000000004
decision_type=2 2 2 10 2 2 2 2 2 10 2 2 2 10
left_child=1 9 3 -3 5 6 7 -5 -4 11 -11 12 -1 -13
right_child=-2 2 8 4 -6 -7 -8 -9 -10 10 -12 13 -14 -15
leaf_value=0.00015104759330777809 -0.00016076077672375581 -0.0008292406209839114 -0.00058459168598000422 0.0032719218997932114 0.00057624227917016358 0.00017065749398300319 0.0012037700942414264 0.0009665012035105845 0.0020213437795514456 0.00029074888296795945 -0.001497524996271317 -0.00010231960211858537 -0.0013706301190117617 9.1820816110732486e-05
leaf_weight=6105 3523 132 321 61 228 115 61 50 72 297 915 9392 931 3195
leaf_count=6105 3523 132 321 61 228 115 61 50 72 297 915 9392 931 3195
internal_value=-0.000198364 -8.7961e-05 0.00157143 0.00314307 0.00433333 0.00661616 0.0101099 0.0131818 -0.00102978 -0.000171505 -0.00160393 -8.22607e-05 0.000400226 -0.000352069
internal_weight=25398 21875 1040 647 515 287 172 111 393 20835 1212 19623 7036 12587
internal_count=25398 21875 1040 647 515 287 172 111 393 20835 1212 19623 7036 12587
is_linear=0
shrinkage=0.05


Tree=305
num_leaves=15
num_cat=0
split_feature=50 53 22 16 20 2 16 8 53 40 3 15 21 23
split_gain=0.780022 1.0609 1.12128 1.28365 1.21063 0.847538 2.22882 2.12033 1.46927 1.45402 1.46215 1.45302 1.43689 1.05507
threshold=-0.98296290636062611 -0.70900321006774891 642.50000000000011 29.050000190734867 15.550000190734865 35.350000381469734 31.250000000000004 43.250000000000007 -0.34234976768493647 981.35000610351574 11.250000000000002 59.949998855590827 77.500000000000014 0.84499999880790722
decision_type=2 2 2 2 2 2 2 2 2 2 2 2 2 2
left_child=1 -1 3 -3 -5 6 8 -8 9 10 -2 13 -9 -7
right_child=5 2 -4 4 -6 11 7 12 -10 -11 -12 -13 -14 -15
leaf_value=-0.0023056806672587388 0.0023186714362447725 -9.641218276345873e-05 -0.00020729412232305618 -0.00026598252346479007 0.0021822488770881165 -0.00069532891727032908 0.0035842491872553738 0.00091080982378723705 -0.00016779251811724398 0.0015873838163332752 0.00010240505406336764 -4.2550369235919008e-06 -0.0014627826885611917 0.00031033884495588419
leaf_weight=247 66 196 488 50 59 1976 78 59 2285 308 2330 16741 73 453
leaf_count=247 66 196 488 50 59 1976 78 59 2285 308 2330 16741 73 453
internal_value=-9.42221e-05 -0.00142857 -0.000516813 0.0018254 0.00592437 -3.67131e-05 0.000528891 0.00545454 0.000311061 0.00109801 0.000673316 -0.000190304 0.00133803 -0.00133046
internal_weight=25409 1040 793 305 109 24369 5199 210 4989 2704 2396 19170 132 2429
internal_count=25409 1040 793 305 109 24369 5199 210 4989 2704 2396 19170 132 2429
is_linear=0
shrinkage=0.05


Tree=306
num_leaves=15
num_cat=0
split_feature=26 49 4 26 18 15 33 2 48 29 0 32 27 8
split_gain=1.0337 2.2099 1.30851 1.44908 1.51807 1.40795 1.17572 1.16615 1.67613 1.59344 1.22332 1.79821 1.35002 1.39268
threshold=0.95807620882987987 122.50000000000001 46.350000381469734 0.91758677363395702 3.6499999761581425 110.70000076293947 3.1499999761581425 64.599998474121108 3.2500000000000004 12.84999990463257 58.649999618530281 3.3210797309875493 15.250000000000002 56.750000000000007
decision_type=2 8 2 2 2 2 2 2 2 2 2 2 2 2
left_child=2 -2 -1 7 -5 -6 -3 8 10 -10 12 -12 -4 -14
right_child=1 6 3 4 5 -7 -8 -9 9 -11 11 -13 13 -15
leaf_value=-0.00011222803494669034 -5.1067066326251611e-05 -0.0030923268330150032 0.0007606365284280321 5.3817263200817745e-05 0.0020053492381082454 0.00034595693724551559 0.00018416032355926114 -3.6038801713314642e-05 0.00062226049033457624 0.0022683764283884539 0.00015739566887977628 0.0011468932152443152 5.8187974169085457e-05 -0.00045193047750282961
leaf_weight=8897 3086 536 255 480 110 264 76 6571 449 57 680 213 2686 954
leaf_count=8897 3086 536 255 480 110 264 76 6571 449 57 680 213 2686 954
internal_value=-0.000142949 -0.000914241 -1.06365e-05 0.000314635 0.00229167 0.00463542 -0.00363344 0.000170525 0.000722095 0.00343023 0.000429344 0.00208748 4.48132e-05 -0.000205481
internal_weight=25314 3698 21616 12719 854 374 612 11865 5294 506 4788 893 3895 3640
internal_count=25314 3698 21616 12719 854 374 612 11865 5294 506 4788 893 3895 3640
is_linear=0
shrinkage=0.05


Tree=307
num_leaves=15
num_cat=0
split_feature=20 30 52 34 44 55 26 40 51 49 19 37 40 8
split_gain=0.793451 1.89155 1.69473 1.96298 2.49839 2.7789 1.55891 2.47822 1.50023 1.47128 1.45097 1.72479 1.37335 2.13717
threshold=66.350002288818374 42.500000000000007 -0.0053757284767925731 -0.15000000223517415 1.0785733461380007 4.5000000000000009 0.68365782499313366 992.35000610351574 0.12940952181816107 182.50000000000003 75.799999237060561 89.500000000000014 987.75000000000011 77.40000152587892
decision_type=2 8 2 2 2 2 2 2 2 10 2 2 2 2
left_child=1 2 8 4 5 -4 7 -2 10 12 -1 -12 13 -8
right_child=6 -3 3 -5 -6 -7 9 -9 -10 -11 11 -13 -14 -15
leaf_value=0.0019769829391796038 -0.00066614392617502525 -2.9223618332597938e-05 -0.00012301703010759508 0.00020372620251345058 0.0046648604223200564 0.002188703399853476 -4.6684871754325684e-05 0.00094667397249621288 -0.00045251109862006682 -0.0053772120944780566 -0.00030142814609654455 0.00074426801612823511 -8.8894579056640982e-05 0.00055704794505821947
leaf_weight=89 1431 17756 134 321 52 60 1128 53 405 234 271 130 2634 626
leaf_count=89 1431 17756 134 321 52 60 1128 53 405 234 271 130 2634 626
internal_value=-0.000154734 3.11926e-06 0.00172554 0.00383882 0.00710937 0.00406863 -0.000650753 -0.00205489 0.000359115 -0.000196461 0.0022 0.000839415 1.36414e-05 0.0010941
internal_weight=25324 19218 1462 567 246 194 6106 1484 895 4622 490 401 4388 1754
internal_count=25324 19218 1462 567 246 194 6106 1484 895 4622 490 401 4388 1754
is_linear=0
shrinkage=0.05


Tree=308
num_leaves=15
num_cat=0
split_feature=39 6 9 25 26 9 30 36 45 29 53 43 9 36
split_gain=1.09886 1.06821 1.10672 2.20768 1.16337 1.40734 2.04258 1.59742 1.33397 1.52133 1.9096 1.71958 1.61931 1.16539
threshold=1.1500000357627871 30.94999980926514 94.40000152587892 12.050000190734865 0.52085402607917797 19.849999427795414 2410.0000000000005 35.850000381469734 -1.2880276441574094 7.5499999523162851 -0.69676771759986866 387.50000000000006 44.049999237060554 19.44999980926514
decision_type=2 2 2 2 2 2 8 2 2 2 2 8 2 2
left_child=1 2 4 -4 5 6 -1 -8 -6 10 11 -10 -11 -12
right_child=-2 -3 3 -5 8 -7 7 -9 9 12 13 -13 -14 -15
leaf_value=0.0008083862559179584 -0.0011652519144757136 -3.3243063826769607e-05 -0.00093790418222738448 0.0030887786421701859 -0.00021088670413564061 0.00013968086489564571 0.0050854806600731592 0.00040998485213524004 0.00037981026035135783 -0.0013586054194857408 0.0016474872038651505 0.002351667088954451 0.00070714535549184197 1.946138517955696e-05
leaf_weight=143 458 20913 50 67 1570 795 54 62 91 340 54 100 185 593
leaf_count=143 458 20913 50 67 1570 795 54 62 91 340 54 100 185 593
internal_value=-0.000142242 -9.72961e-05 0.000639279 0.00523622 0.000491618 0.00190789 0.00503717 0.00968254 -2.20875e-05 0.00111799 0.00242924 0.00669154 -0.00098131 0.00108828
internal_weight=25475 25017 4104 117 3987 1054 259 116 2933 1363 838 191 525 647
internal_count=25475 25017 4104 117 3987 1054 259 116 2933 1363 838 191 525 647
is_linear=0
shrinkage=0.05


Tree=309
num_leaves=15
num_cat=0
split_feature=50 53 24 20 4 21 3 30 24 27 8 10 19 49
split_gain=0.987196 1.14559 0.908479 1.03401 0.85535 1.46164 1.09781 1.52966 1.4647 1.56679 1.25421 1.96023 1.23591 0.984021
threshold=-0.98296290636062611 -0.48313741385936732 28.500000000000004 15.550000190734865 23.750000000000004 94.500000000000014 28.150000572204593 267.50000000000006 9.5000000000000018 22.94999980926514 72.500000000000014 28.841667175292972 53.95000076293946 262.50000000000006
decision_type=2 2 2 2 2 2 2 10 2 2 2 2 2 8
left_child=1 -1 -3 -4 5 -2 7 8 10 12 11 -6 -10 -8
right_child=4 2 3 -5 6 -7 13 -9 9 -11 -12 -13 -14 -15
leaf_value=-0.0021302302650851954 -0.00055909178839274308 -0.00019766117749886363 -0.0011184451269147498 0.0021972538879013784 0.0011790685507009659 0.00066864735913144862 1.2804306844254244e-05 -9.5686574607934657e-05 0.00040879508234118416 -0.00013797296742341388 -0.00029171125211577238 0.0029102107270341238 0.0038429255537798836 -0.00014369204312587197
leaf_weight=374 1311 578 59 63 129 513 15572 817 92 375 60 93 58 5219
leaf_count=374 1311 578 59 63 129 513 15572 817 92 375 60 93 58 5219
internal_value=-0.000156578 -0.00163284 -0.000422536 0.00333333 -9.05204e-05 -0.00112868 -5.57533e-06 0.00124235 0.00277234 0.00116822 0.00561644 0.00728448 0.0053125 -0.000103602
internal_weight=25313 1074 700 122 24239 1824 22415 1624 807 525 282 222 150 20791
internal_count=25313 1074 700 122 24239 1824 22415 1624 807 525 282 222 150 20791
is_linear=0
shrinkage=0.05


Tree=310
num_leaves=15
num_cat=0
split_feature=57 1 10 23 35 20 23 43 48 31 2 31 12 12
split_gain=0.95213 1.42064 1.91877 1.45053 1.43631 1.36573 1.32113 2.04425 1.31759 1.21946 1.70485 1.44254 1.83568 1.53181
threshold=51.616666793823249 54.549999237060554 69.291667938232436 0.70499998331069957 1.5000000000000002 4.8500001430511483 1.6150000095367434 542.50000000000011 1.9499999880790713 -8.2706456184387189 83.000000000000014 -7.8773920536041251 55.790971755981452 37.531944274902351
decision_type=2 2 2 2 2 2 2 8 2 2 2 2 2 2
left_child=1 2 3 -1 -3 -5 9 -8 -7 -2 11 12 -11 -13
right_child=6 4 -4 5 -6 8 7 -9 -10 10 -12 13 -14 -15
leaf_value=-0.00012722102657881123 -0.0003186793163061862 2.3661493467881709e-05 0.00093303585998326128 0.0010576484098637369 -0.0011548425163074188 -2.387069598582279e-05 2.7772705605765566e-05 0.0019011132508643079 0.0011639997251325725 0.0038403516519485772 -5.0638973746121372e-05 0.0021447704717315274 5.6353248284117706e-05 0.000101295776583553
leaf_weight=6593 1179 817 70 136 1802 1387 210 93 265 51 5629 54 67 7008
leaf_count=6593 1179 817 70 136 1802 1387 210 93 265 51 5629 54 67 7008
internal_value=-0.000175595 -0.000523467 -0.000207423 -0.000280659 -0.00153861 0.000978864 9.40482e-05 0.00330671 0.000565582 2.21448e-05 0.000164208 0.000674547 0.0059375 0.000578336
internal_weight=25361 11070 8451 8381 2619 1788 14291 303 1652 13988 12809 7180 118 7062
internal_count=25361 11070 8451 8381 2619 1788 14291 303 1652 13988 12809 7180 118 7062
is_linear=0
shrinkage=0.05


Tree=311
num_leaves=15
num_cat=0
split_feature=56 6 30 34 21 6 0 33 44 32 21 17 51 26
split_gain=1.11487 1.76957 1.99215 1.71674 1.62153 1.51832 1.35504 1.3534 1.01241 1.40946 1.35175 1.61834 1.14136 1.9751
threshold=58.049999237060554 53.750000000000007 47.500000000000007 -1.0000000180025095e-35 179.50000000000003 63.449998855590827 53.350000381469734 1.3499999642372134 3.9531844854354863 2.5377309322357182 10.500000000000002 29.250000000000004 -0.37940952181816096 0.68487977981567394
decision_type=2 2 10 2 2 2 2 2 2 2 2 2 2 2
left_child=5 2 3 -2 7 -1 -6 -4 12 -10 -11 -12 -3 -14
right_child=1 8 4 -5 6 -7 -8 -9 9 10 11 -13 13 -15
leaf_value=-6.6685429805925404e-05 0.0034309292713661193 0.00023134511851128213 -0.00061078552875964065 0.0008456840232524479 0.0030877617146053762 -0.0017831025198201311 -0.00053848832943175374 0.0028580498661524944 -0.00034911130435426351 -0.00070486184697200554 0.00015396850165768771 0.0014506647645945395 -0.00027886864735119645 0.00010054753323603639
leaf_weight=12955 73 2549 379 88 100 662 59 85 1838 53 157 57 2347 3961
leaf_count=12955 73 2549 379 88 100 662 59 85 1838 53 157 57 2347 3961
internal_value=-0.000142475 0.000214357 0.0024937 0.0072807 0.00116114 -0.00045021 0.00535503 -0.000358651 4.9215e-05 -0.000933807 0.00240072 0.00415178 0.000283635 -7.75574e-05
internal_weight=25363 11746 784 161 623 13617 159 464 10962 2105 267 214 8857 6308
internal_count=25363 11746 784 161 623 13617 159 464 10962 2105 267 214 8857 6308
is_linear=0
shrinkage=0.05


Tree=312
num_leaves=15
num_cat=0
split_feature=26 49 26 38 21 47 26 4 41 52 38 10 56 38
split_gain=0.954473 1.81541 1.04816 1.2466 1.13014 0.926812 0.871516 1.69972 1.96464 2.20461 2.29108 1.18327 1.07658 1.25076
threshold=0.95807620882987987 212.50000000000003 0.98965421319007885 7.1499998569488534 30.500000000000004 5.2166664600372323 0.91141813993453991 38.549999237060554 97.500000000000014 -0.85227432847022999 22.150000572204593 67.058334350585952 212.09999847412112 9.8499999046325701
decision_type=2 10 2 2 2 2 2 2 2 2 2 2 2 2
left_child=6 2 -2 4 -4 -6 12 -8 9 10 11 -9 -1 -14
right_child=1 -3 3 -5 5 -7 7 8 -10 -11 -12 -13 13 -15
leaf_value=-4.68609563913116e-05 -0.00019067995045417329 -0.002986474725938465 0.0011363493963701806 -2.741760444341173e-05 -0.00077361670664459535 0.0010174602365974558 -0.00046074430992203066 0.00036491316305895622 0.0013224675925121029 -3.4735702271215429e-05 -0.0012287894006300544 0.0015828207133318916 0.00013969826270835841 0.0013526962692414915
leaf_weight=20045 2122 418 85 918 57 56 337 63 134 685 72 98 187 59
leaf_count=20045 2122 418 85 918 57 56 337 63 134 685 72 98 187 59
internal_value=-0.000257636 -0.00100382 -0.000597292 0.00063943 0.00413461 0.000691056 -0.000131398 0.00107577 0.00206215 0.00119612 0.00528806 0.00845029 -0.000214523 0.00300781
internal_weight=25336 3656 3238 1116 198 113 21680 1389 1052 918 233 161 20291 246
internal_count=25336 3656 3238 1116 198 113 21680 1389 1052 918 233 161 20291 246
is_linear=0
shrinkage=0.05


Tree=313
num_leaves=15
num_cat=0
split_feature=48 19 24 18 51 28 51 50 1 30 25 16 49 21
split_gain=0.948391 1.25017 1.19752 1.11203 2.33918 1.50334 1.67606 1.43621 1.32524 1.21495 1.21154 2.13418 1.44753 1.20394
threshold=-2.3500000238418575 97.700000762939467 78.500000000000014 11.34999990463257 -0.7865660786628722 80.500000000000014 -0.12940952181816107 -0.7865660786628722 121.75000000000001 357.50000000000006 18.150000572204593 33.45000076293946 457.50000000000006 48.500000000000007
decision_type=2 2 2 2 2 2 2 2 2 8 2 2 8 2
left_child=1 2 -1 5 10 8 -7 -6 -2 -8 11 -5 -13 -9
right_child=3 -3 -4 4 7 6 9 13 -10 -11 -12 12 -14 -15
leaf_value=-0.00016286547549044958 2.6766967361486495e-05 -0.00072152223819241126 0.0039400974530913822 -0.0006979896756006492 -0.00035591801186291667 3.2597882490847589e-05 -0.00051698913739413853 0.00010976267591520521 -0.00048760245437263431 0.00015889325236410957 -0.00098698252445027918 0.0020645860070185925 -0.00010955659037703517 0.00052669326052044816
leaf_weight=1965 10379 1201 102 349 620 2063 2573 3181 391 393 776 133 109 1006
leaf_count=1965 10379 1201 102 349 620 2063 2573 3181 391 393 776 133 109 1006
internal_value=-0.000164549 -0.000957902 -0.000209438 -4.61732e-05 0.000522314 -0.000268519 -0.000981347 0.0010411 6.49339e-05 -0.00174059 -0.0012963 0.000407653 0.00392857 0.0013736
internal_weight=25241 3268 2067 21973 6174 15799 5029 4807 10770 2966 1367 591 242 4187
internal_count=25241 3268 2067 21973 6174 15799 5029 4807 10770 2966 1367 591 242 4187
is_linear=0
shrinkage=0.05


Tree=314
num_leaves=15
num_cat=0
split_feature=3 7 48 35 10 29 20 7 57 8 17 10 31 3
split_gain=0.847311 1.33175 0.846551 1.42289 1.03179 1.84244 1.57632 0.826054 1.35923 1.53711 1.37694 2.17517 2.37712 1.30999
threshold=217.94999694824222 263.10000610351568 -2.3500000238418575 2.5000000000000004 48.341665267944343 4.0499999523162851 23.349999427795414 25.44999980926514 28.883333206176761 45.350000381469734 0.75000000000000011 36.791666030883796 2.491822481155396 49.649999618530281
decision_type=2 2 2 2 2 2 2 2 2 2 2 2 2 2
left_child=2 -2 3 -1 5 6 -5 8 -4 10 11 12 -10 -13
right_child=1 -3 7 4 -6 -7 -8 -9 9 -11 -12 13 -14 -15
leaf_value=-0.00078592416309054109 -0.00060222476449053918 0.00050486792070586137 2.0261873067386464e-05 0.0038190406791762405 -0.00037894590377688986 3.5004220505730549e-05 0.00022152856149041994 5.293469879146568e-06 0.0043414182122385346 -0.00031063490815380726 0.00029305694159416801 -0.00040954704818582286 0.0016343290459805454 0.0015242808149346998
leaf_weight=1330 439 58 1221 85 928 837 85 19600 50 178 157 72 53 78
leaf_count=1330 439 58 1221 85 928 837 85 19600 50 178 157 72 53 78
internal_value=-1.80704e-05 -0.00204142 2.34958e-05 -0.000725192 0.000141387 0.00124385 0.00583333 0.00013796 0.00115723 0.00311037 0.0047619 0.00697719 0.0122566 0.0028125
internal_weight=25171 497 24674 3265 1935 1007 170 21409 1809 588 410 253 103 150
internal_count=25171 497 24674 3265 1935 1007 170 21409 1809 588 410 253 103 150
is_linear=0
shrinkage=0.05


Tree=315
num_leaves=15
num_cat=0
split_feature=50 23 49 31 44 38 30 3 21 17 20 6 31 3
split_gain=1.12851 0.937252 1.52086 2.047 1.43066 1.9457 1.42735 1.50357 1.2034 1.15701 1.34452 2.08157 1.15955 1.56701
threshold=-0.98296290636062611 0.56499999761581432 267.50000000000006 -7.1868305206298819 2.1988074779510502 24.349999427795414 607.50000000000011 88.599998474121108 196.50000000000003 -11.15000009536743 8.1500000953674334 20.44999980926514 8.6393809318542498 27.750000000000004
decision_type=2 2 10 2 2 2 10 2 2 2 2 2 2 2
left_child=-1 2 9 -4 -3 8 -5 -8 -6 10 -2 -12 13 -13
right_child=1 4 3 6 5 -7 7 -9 -10 -11 11 12 -14 -15
leaf_value=-0.00037062310377680371 -0.00031915107578566891 4.401476718823813e-06 0.0018564483436903569 -0.0030775950278673662 0.00020657508659745042 0.0012592047776354325 -0.00037408958472377464 0.0005291826627145472 -0.00032387860413783654 -7.0324134422220045e-05 0.0018660483326437991 0.0019683257915120355 -0.0010993821810166957 0.00020311684189060271
leaf_weight=1044 904 9141 125 1070 1202 238 508 84 378 8486 76 119 111 2021
leaf_count=1044 904 9141 125 1070 1202 238 508 84 378 8486 76 119 111 2021
internal_value=-0.00012482 -5.57769e-05 -0.000334469 -0.00168893 0.000287628 0.00156455 -0.00215909 -0.000182725 0.000911949 -0.000126632 0.000677259 0.00131151 0.00101504 0.00127907
internal_weight=25507 24463 13504 1787 10959 1818 1662 592 1580 11717 3231 2327 2251 2140
internal_count=25507 24463 13504 1787 10959 1818 1662 592 1580 11717 3231 2327 2251 2140
is_linear=0
shrinkage=0.05


Tree=316
num_leaves=15
num_cat=0
split_feature=25 2 7 56 6 18 56 44 26 41 13 31 22 31
split_gain=1.04748 2.1501 1.34755 1.22473 1.629 1.20596 1.12903 1.11344 1.0983 0.937345 1.79946 1.46833 1.57434 2.1586
threshold=18.849999427795414 125.50000000000001 183.25000000000003 76.250000000000014 90.000000000000014 59.95000076293946 121.29999923706056 -6.4717185497283927 0.69600468873977672 15.500000000000002 79.276191711425795 -6.1385221481323233 2841.0000000000005 -3.5634267330169673
decision_type=2 2 2 2 2 2 2 2 2 2 2 2 2 2
left_child=5 2 9 -3 -5 -1 -6 8 -8 -2 -11 -12 13 -13
right_child=1 3 -4 4 6 -7 7 -9 -10 10 11 12 -14 -15
leaf_value=-7.9434869207327342e-05 3.4984820558127199e-05 -0.00063110752450648729 0.0011804671800181598 0.00059189862282566787 -0.00055435212816876535 0.00081396473857395452 -0.00019471871021134012 -2.7086646925819559e-05 0.00084372857289622424 2.0417506713239701e-05 -0.0011113357230461147 0.0033027624123154204 -8.0912787221173259e-05 0.00078899380293578436
leaf_weight=17244 3712 361 100 99 560 131 63 1551 54 891 65 57 135 394
leaf_count=17244 3712 361 100 99 560 131 63 1551 54 891 65 57 135 394
internal_value=-0.000168523 0.000303029 0.000881803 -0.000848778 -0.000421482 -0.000386829 -0.000710457 -5.36365e-05 0.00444882 0.000765576 0.00179768 0.00377458 0.00456376 0.00595445
internal_weight=25417 8042 5354 2688 2327 17375 2228 1668 117 5254 1542 651 586 451
internal_count=25417 8042 5354 2688 2327 17375 2228 1668 117 5254 1542 651 586 451
is_linear=0
shrinkage=0.05


Tree=317
num_leaves=15
num_cat=0
split_feature=22 49 8 49 45 2 56 1 49 19 31 57 8 57
split_gain=1.05906 1.77521 1.44313 1.03842 1.57002 1.42608 1.32223 1.81776 2.77599 1.18301 1.15745 1.02256 1.31869 1.00178
threshold=299.50000000000006 277.50000000000006 30.94999980926514 247.50000000000003 -0.71604838967323292 23.550000190734867 65.099998474121108 72.500000000000014 327.50000000000006 42.899999618530281 -4.31416893005371 117.2333335876465 132.00000000000003 25.116666793823246
decision_type=2 10 2 8 2 2 2 2 10 2 2 2 2 2
left_child=1 2 13 10 -5 9 -7 8 -8 -6 -2 -9 -13 -1
right_child=3 -3 -4 4 5 6 7 11 -10 -11 -12 12 -14 -15
leaf_value=2.2226541259088124e-05 -0.000102581604248282 0.0017683424669689856 -0.00064569054667185143 -0.0002648631821793223 0.00017889340698317498 -0.00015578979533415456 0.00014955910587147517 -0.0003319098595359528 0.0051466340067422853 0.005768900361746627 5.7657376925889732e-05 0.0015403790523924826 2.3236878588999092e-05 0.0026882397171744841
leaf_weight=173 5379 64 376 3027 69 2032 149 334 84 52 13153 67 191 186
leaf_count=173 5379 64 376 3027 69 2032 149 334 84 52 13153 67 191 186
internal_value=1.85422e-05 0.00179852 0.00104027 -4.01283e-05 -0.000610974 0.000204149 -2.96489e-05 0.00164671 0.00528806 0.00530534 0.000145075 0.0001495 0.00246269 0.00326558
internal_weight=25336 799 735 24537 6005 2978 2857 825 233 121 18532 592 258 359
internal_count=25336 799 735 24537 6005 2978 2857 825 233 121 18532 592 258 359
is_linear=0
shrinkage=0.05


Tree=318
num_leaves=15
num_cat=0
split_feature=29 29 43 11 2 56 25 1 49 20 7 7 52 44
split_gain=0.642746 1.26614 2.40209 0.876478 0.736158 1.57997 1.28205 1.88977 1.10837 1.77437 1.22296 2.54423 1.20976 1.22034
threshold=16.849999427795414 15.84999990463257 257.50000000000006 90.727085113525405 73.700000762939467 72.049999237060561 11.550000190734865 70.40000152587892 107.50000000000001 19.94999980926514 31.349999427795414 17.650000572204593 0.19337368011474612 -0.58163756132125843
decision_type=2 2 10 2 2 2 2 2 10 2 2 2 2 2
left_child=1 4 -3 -2 6 -6 7 8 -1 10 11 -10 13 -12
right_child=3 2 -4 -5 5 -7 -8 -9 9 -11 12 -13 -14 -15
leaf_value=-0.00022320542610339088 -0.00065518734318379898 0.003046016956567487 -0.00033575413723607484 0.0019801979107564919 -0.0003791834878289586 -1.2613131835293585e-05 8.3018748711842874e-05 0.0031406066394475958 -0.0010073928420343636 -0.0006335355439026257 0.00064691268756140021 0.0017945775882203105 -0.00060663914142622725 0.0019162850296655237
leaf_weight=6151 570 61 105 51 2454 5710 8787 61 63 565 300 218 234 50
leaf_count=6151 570 61 105 51 2454 5710 8787 61 63 565 300 218 234 50
internal_value=-0.000175267 -0.000135049 0.00409091 -0.00175119 -0.000165225 -0.000552974 2.76769e-05 -0.000445636 -0.000521013 0.000729165 0.00214286 0.00479381 0.00080808 0.00263889
internal_weight=25380 24759 166 621 24593 8164 16429 7642 7581 1430 865 281 584 350
internal_count=25380 24759 166 621 24593 8164 16429 7642 7581 1430 865 281 584 350
is_linear=0
shrinkage=0.05


Tree=319
num_leaves=15
num_cat=0
split_feature=43 54 20 43 12 56 27 0 25 43 20 28 12 7
split_gain=0.962538 1.0811 1.27293 1.04326 1.31667 1.01772 1.05947 2.2575 2.1848 1.67859 1.58074 2.97753 1.63205 1.20556
threshold=1242.5000000000002 9.5000000000000018 10.150000095367433 1212.5000000000002 57.073612213134773 24.750000000000004 33.049999237060554 59.350000381469734 20.44999980926514 87.500000000000014 12.650000095367433 33.500000000000007 45.681943893432624 19.250000000000004
decision_type=10 2 2 10 2 2 2 2 2 8 2 2 2 2
left_child=3 -2 -3 5 -5 -1 -7 8 9 -8 13 -12 -13 -11
right_child=1 2 -4 4 -6 6 7 -9 -10 10 11 12 -14 -15
leaf_value=-0.00045171000142711371 -0.00022112879308104597 0.0010400675945265322 -9.5143662565787425e-05 0.0024011510912614028 -0.00022519982539049863 1.0744412589035874e-05 -0.00064263685255693773 -0.00028313698934049253 0.0059762032848428657 0.0032758397883191244 0.00041274566595362228 0.0038467958723836107 0.0015723235532384102 0.00017126148232934197
leaf_weight=1624 2284 95 161 50 50 19139 268 394 54 67 169 54 106 631
leaf_count=1624 2284 95 161 50 50 19139 268 394 54 67 169 54 106 631
internal_value=3.85582e-05 -0.000882354 0.00214286 0.000142376 0.005 0.000118581 0.00021252 0.00138905 0.00235835 0.00189655 0.00281099 0.00561947 0.0102941 0.00142655
internal_weight=25146 2540 256 22606 100 22506 20882 1743 1349 1295 1027 329 160 698
internal_count=25146 2540 256 22606 100 22506 20882 1743 1349 1295 1027 329 160 698
is_linear=0
shrinkage=0.05


Tree=320
num_leaves=15
num_cat=0
split_feature=27 25 22 45 48 37 2 25 28 52 38 17 52 37
split_gain=1.00974 1.78291 1.39431 0.713546 1.55399 1.28489 1.17825 1.77126 1.10676 1.31741 1.10511 1.1038 1.0916 1.43268
threshold=35.250000000000007 7.6499998569488534 403.50000000000006 -2.1820189952850337 -1.3499999642372129 25.500000000000004 15.34999990463257 9.3499999046325701 41.500000000000007 0.98522606492042553 5.3500001430511483 10.650000095367433 0.15951094031333926 72.500000000000014
decision_type=2 2 2 2 2 2 2 2 2 2 2 2 2 2
left_child=3 2 -2 4 12 -6 7 -5 9 11 -10 -7 -1 -14
right_child=1 -3 -4 6 5 8 -8 -9 10 -11 -12 -13 13 -15
leaf_value=-0.00105688696497528 8.6785479663019621e-05 -0.00051993052197316851 0.0057940337353059547 4.6520444953219027e-05 -0.0012142417504623464 3.8134843428971478e-05 1.4447782697957071e-05 0.0040141408675804999 -0.00072824866500768078 0.0012001209673973259 1.5489564993027685e-05 0.0017202221499914025 -0.0003927271965978194 0.00059484129254739476
leaf_weight=1192 190 1617 54 121 356 458 14674 62 353 69 4805 77 1156 337
leaf_count=1192 190 1617 54 121 356 458 14674 62 353 69 4805 77 1156 337
internal_value=-0.000113784 -0.00123196 0.00267716 -2.53497e-05 -0.000381823 5.87455e-05 0.000185981 0.00406736 0.000240817 0.00224756 1.93379e-06 0.00133027 -0.00138219 -0.000475716
internal_weight=25521 1861 244 23660 8803 6118 14857 183 5762 604 5158 535 2685 1493
internal_count=25521 1861 244 23660 8803 6118 14857 183 5762 604 5158 535 2685 1493
is_linear=0
shrinkage=0.05


Tree=321
num_leaves=15
num_cat=0
split_feature=50 50 45 17 12 31 50 20 21 44 13 52 31 16
split_gain=0.92675 1.40171 2.42844 1.63218 1.82426 1.91079 1.90369 1.79787 1.4963 2.18339 1.52139 1.43903 1.39226 1.31989
threshold=0.60355338454246532 0.12940952181816109 -0.40378719568252558 21.849999427795414 37.531944274902351 1.6543233394622805 -0.6035533845424651 108.64999771118165 49.500000000000007 -1.4874733090400694 107.47529602050783 -0.36647418141365046 -2.7042021751403804 102.90000152587892
decision_type=2 2 2 2 2 2 2 2 2 2 2 2 2 2
left_child=1 3 -3 7 5 -5 -6 -1 10 -10 -8 -4 -13 -2
right_child=13 2 11 4 6 -7 8 -9 9 -11 -12 12 -14 -15
leaf_value=-8.9501220638517624e-05 6.2373961897783749e-05 -0.00099296424510390466 -0.00042629707795776065 0.00048349426369112455 -0.00013192588949696596 0.0025977521688070014 -2.7879607892916291e-05 0.000473248866601589 0.00022675803778407123 0.0032778072248244661 0.00026427819599830125 0.00083195915870263042 -0.00022543536837194272 -0.00057916392898497602
leaf_weight=11030 7203 1852 1091 152 737 90 925 111 202 96 372 754 533 268
leaf_count=11030 7203 1852 1091 152 737 90 925 111 202 96 372 754 533 268
internal_value=-0.000107372 -0.000302145 -0.0010967 -5.64675e-05 0.00107585 0.00511905 0.000636207 -0.000318807 0.00160436 0.00474026 0.000853098 -3.76896e-05 0.00109098 0.000360245
internal_weight=25416 17945 4230 13715 2574 242 2332 11141 1595 298 1297 2378 1287 7471
internal_count=25416 17945 4230 13715 2574 242 2332 11141 1595 298 1297 2378 1287 7471
is_linear=0
shrinkage=0.05


Tree=322
num_leaves=15
num_cat=0
split_feature=50 21 51 2 20 7 11 18 2 30 43 15 33 6
split_gain=1.23145 0.955236 0.786865 0.922434 2.82292 1.10765 1.30056 1.1884 1.17736 0.761818 0.952734 0.722651 0.645157 0.716054
threshold=-0.98296290636062611 250.50000000000003 -0.98296290636062611 136.19999694824222 28.650000572204593 51.649999618530281 44.047916412353523 -2.0499999523162837 26.849999427795414 1102.5000000000002 1077.5000000000002 23.750000000000004 36.250000000000007 25.44999980926514
decision_type=2 2 2 2 2 2 2 2 2 10 10 2 2 2
left_child=-1 2 3 4 5 6 8 -7 -2 10 -8 -4 13 -13
right_child=1 -3 11 -5 -6 7 9 -9 -10 -11 -12 12 -14 -15
leaf_value=-0.00027671720787723181 0.0011032230818405324 -0.00078986628982816761 -0.0015123020855421308 -0.0003829434831125857 0.0010208195017910001 -0.00068105386768500331 0.00047965250396283539 0.00032770312265625575 -0.00037088777183190674 7.5220125746077547e-05 0.0011674280900948767 0.00025344251144436471 -0.0013493843350539318 -6.1769138059503651e-06
leaf_weight=1074 74 120 98 137 50 155 114 138 199 100 51 1917 121 20845
leaf_count=1074 74 120 98 137 50 155 114 138 199 100 51 1917 121 20845
internal_value=-3.03547e-05 4.37221e-05 6.68487e-05 0.00142023 0.00201459 0.00124257 0.00257299 -0.00120462 0.000123674 0.005 0.007 6.30562e-06 2.55525e-05 4.56689e-05
internal_weight=25193 24119 23999 1018 881 831 538 293 273 265 165 22981 22883 22762
internal_count=25193 24119 23999 1018 881 831 538 293 273 265 165 22981 22883 22762
is_linear=0
shrinkage=0.05


Tree=323
num_leaves=15
num_cat=0
split_feature=24 34 22 13 23 50 25 2 4 16 15 56 41 10
split_gain=0.767198 1.08761 1.28803 1.64889 1.2599 1.42146 1.51953 1.39488 2.98282 2.62279 1.63752 1.50341 1.48372 1.35253
threshold=6.5000000000000009 0.15000000223517421 602.50000000000011 84.937797546386733 0.25499999523162847 -0.6035533845424651 34.049999237060554 49.850000381469734 52.350000381469734 34.649999618530281 48.149999618530281 44.649999618530281 70.500000000000014 30.325000762939457
decision_type=2 2 2 2 2 2 2 2 2 2 2 2 2 2
left_child=-1 2 3 -2 -4 6 13 8 10 -10 -7 -9 -13 -6
right_child=1 -3 4 -5 5 7 -8 11 9 -11 -12 12 -14 -15
leaf_value=-6.9362078196719327e-05 -9.0365919561656888e-05 -4.0990833245950671e-05 -0.00036544116429694648 0.0026174766424561084 0.0039057702661489226 -0.00066602067792969559 0.00066837001851929368 -0.00028864381542156907 0.009390637916765348 9.2189911068061306e-05 0.0011239274521513756 0.00053525245840111574 -0.00017889478985566053 -0.00035406680428707709
leaf_weight=9988 3199 7558 334 101 91 205 104 389 60 67 582 1571 380 761
leaf_count=9988 3199 7558 334 101 91 205 104 389 60 67 582 1571 380 761
internal_value=-6.29933e-05 0.000158317 0.000570409 -0.00018127 0.0011155 0.00135071 -0.000341616 0.00184743 0.00349567 0.0103285 0.00227729 0.00119149 0.00175676 -0.00105569
internal_weight=25390 15402 7844 3300 4544 4210 956 3254 914 127 787 2340 1951 852
internal_count=25390 15402 7844 3300 4544 4210 956 3254 914 127 787 2340 1951 852
is_linear=0
shrinkage=0.05


Tree=324
num_leaves=15
num_cat=0
split_feature=48 21 27 18 31 41 54 21 55 28 52 40 43 29
split_gain=0.993841 1.50457 1.21298 1.18715 1.19936 1.32122 1.01212 1.81884 1.26042 1.58327 0.992916 1.45754 0.979678 0.930767
threshold=-2.3500000238418575 125.50000000000001 35.250000000000007 5.6499998569488534 -5.7410902976989737 1.0000000180025095e-35 3.5000000000000004 195.50000000000003 3.5000000000000004 54.500000000000007 0.30983042716979986 976.35000610351574 357.50000000000006 4.0499999523162851
decision_type=2 2 2 2 2 2 2 2 2 2 2 2 8 2
left_child=1 10 3 4 -3 -6 -7 8 -8 -10 -1 12 -12 -5
right_child=-2 2 -4 13 5 6 7 -9 9 -11 11 -13 -14 -15
leaf_value=-0.0011214346642132932 -2.1595125641622688e-05 -0.0028938474188242042 -0.0013880254184890678 0.0010101316270190155 -8.5721728715136263e-05 0.0037629886148861009 -0.0010400887513206368 0.0044160674959705642 0.0029563923281075125 -0.0019401983795061765 0.0028987756099446331 -0.00041036116625088495 -0.00018715913122910574 -0.0017684455577969248
leaf_weight=851 21925 113 391 95 251 108 129 60 59 52 58 846 50 259
leaf_count=851 21925 113 391 95 251 108 129 60 59 52 58 846 50 259
internal_value=-0.000248843 -0.00105342 0.000108054 0.0009419 0.00203325 0.00284753 0.00456938 0.00290322 0.000799999 0.00450413 -0.00202479 -0.000902491 0.00432203 -0.00142857
internal_weight=25247 3322 1517 1126 772 659 408 300 240 111 1805 954 108 354
internal_count=25247 3322 1517 1126 772 659 408 300 240 111 1805 954 108 354
is_linear=0
shrinkage=0.05


Tree=325
num_leaves=15
num_cat=0
split_feature=31 3 5 28 28 13 48 42 48 18 6 6 36 51
split_gain=0.850069 0.826171 1.37216 1.57841 1.8335 1.83681 2.71357 1.51437 1.4654 1.35477 1.41915 2.01233 1.20122 2.41331
threshold=10.066047668457033 28.150000572204593 18.44999980926514 34.500000000000007 38.500000000000007 33.026786804199226 -0.25000000745058054 9.2500000000000018 -1.4499999880790708 2.5499999523162846 70.40000152587892 54.750000000000007 15.250000000000002 -0.37940952181816096
decision_type=2 2 2 2 2 2 2 2 2 2 2 2 2 2
left_child=1 2 -1 -4 8 6 -6 9 -5 10 11 -7 13 -3
right_child=-2 12 3 4 5 7 -8 -9 -10 -11 -12 -13 -14 -15
leaf_value=-0.00056428008407706065 -0.00096777469464247475 0.00049814506066129594 -0.00012707129545548473 0.0033293426694561302 -0.00017579942973898008 0.0011073819970956707 0.0025008826939687126 -0.00073686289920138145 0.00082846070050068572 -0.00032569299090902523 -0.0015505203839131503 0.0042670059289014418 -7.5509184220273989e-05 -1.519575577667809e-05
leaf_weight=340 491 957 897 70 112 503 135 442 61 253 63 74 17158 3695
leaf_count=340 491 957 897 70 112 503 135 442 61 253 63 74 17158 3695
internal_value=-0.000166463 -0.000125153 0.000658783 0.00104962 0.00193558 0.00143844 0.00531128 0.000687731 0.00741135 0.001866 0.00307692 0.0038586 -0.00023144 0.000480479
internal_weight=25251 24760 2950 2610 1713 1582 247 1335 131 893 640 577 21810 4652
internal_count=25251 24760 2950 2610 1713 1582 247 1335 131 893 640 577 21810 4652
is_linear=0
shrinkage=0.05


Tree=326
num_leaves=15
num_cat=0
split_feature=52 37 1 2 52 21 17 48 48 30 50 27 40 52
split_gain=0.939793 1.11217 1.20824 3.80528 0.818679 1.74171 1.09847 1.86424 1.83047 1.42674 2.2501 1.38804 1.80329 1.90941
threshold=0.93845596909523021 92.500000000000014 42.899999618530281 43.600000381469734 -0.26866367459297175 196.50000000000003 36.250000000000007 -1.4499999880790708 1.2500000000000002 347.50000000000006 0.91597560048103344 23.94999980926514 988.35000610351574 -0.65234524011611927
decision_type=2 2 2 2 2 2 2 2 2 10 2 2 2 2
left_child=4 2 3 -2 6 -6 9 -8 11 10 -1 12 -9 -14
right_child=1 -3 -4 -5 5 -7 7 8 -10 -11 -12 -13 13 -15
leaf_value=-0.00036139227705481267 -0.00032604466859451867 0.0015146277604022556 -0.00083432341010676646 0.0038461823283475641 6.9343064620338774e-05 -0.00027669485082806199 -0.00035042157132181826 0.00070080950501754476 -0.002272324596152894 5.0893225212076095e-05 0.00015836115040510518 0.00011794905910189829 0.00053311153605777864 -0.00011430136497240821
leaf_weight=4834 1630 103 946 63 10598 1012 434 163 112 3429 1298 344 78 147
leaf_count=4834 1630 103 946 63 10598 1012 434 163 112 3429 1298 344 78 147
internal_value=-0.000149003 -0.00102108 -0.00122499 -0.000419849 -4.20779e-05 0.000249569 -0.000354412 0.00101708 0.00237705 -0.000538607 -0.000994791 0.00328841 0.00530151 0.00223404
internal_weight=25191 2742 2639 1693 22449 11610 10839 1278 844 9561 6132 732 388 225
internal_count=25191 2742 2639 1693 22449 11610 10839 1278 844 9561 6132 732 388 225
is_linear=0
shrinkage=0.05


Tree=327
num_leaves=15
num_cat=0
split_feature=18 49 50 32 38 44 5 42 23 32 23 29 43 44
split_gain=1.12519 1.1327 1.0757 1.00668 1.61554 2.17726 1.50253 1.44973 1.26442 1.11266 1.40419 1.08181 1.02276 0.991719
threshold=18.650000572204593 302.50000000000006 -0.91597560048103321 2.1728162765502934 14.84999990463257 2.4905811548233037 35.250000000000007 4.9500000476837167 0.60500001907348644 0.89929211139678966 0.50499999523162853 4.6499998569488534 597.50000000000011 4.293407917022706
decision_type=2 8 2 2 2 2 2 2 2 2 2 2 10 2
left_child=-1 2 -2 4 9 6 8 -5 -6 12 -11 -7 -4 -3
right_child=1 13 3 7 5 11 -8 -9 -10 10 -12 -13 -14 -15
leaf_value=-6.04288822297714e-05 -0.0004432385664482423 -2.4172014877948776e-05 -1.0094708241338931e-06 -0.00052818344284087757 0.0002907989564634482 0.0019092078362964568 0.00015785127181215929 0.00016528668636998673 0.0015582133751726325 0.00089512369651615199 -0.00019632328902388689 0.00061476213619143241 0.00057505166478616907 -0.001726921390573624
leaf_weight=20466 331 619 1507 288 101 64 636 559 72 119 85 83 50 186
leaf_count=20466 331 619 1507 288 101 64 636 559 72 119 85 83 50 186
internal_value=-0.000134256 0.000562632 0.000915492 0.00116956 0.00163733 0.00328157 0.00220391 -0.000332557 0.00620218 0.000731224 0.00411215 0.00869427 0.000264836 -0.00113497
internal_weight=25166 4700 3895 3564 2717 956 809 847 173 1761 204 147 1557 805
internal_count=25166 4700 3895 3564 2717 956 809 847 173 1761 204 147 1557 805
is_linear=0
shrinkage=0.05


Tree=328
num_leaves=15
num_cat=0
split_feature=4 0 16 31 48 49 37 22 43 26 27 28 0 56
split_gain=1.07269 1.09829 1.63496 0.996291 1.00286 1.24624 1.16419 1.89135 1.29993 2.46129 1.71028 3.72292 1.07086 1.40318
threshold=34.250000000000007 30.550000190734867 14.84999990463257 -11.875301837921141 -2.3500000238418575 -272.49999999999994 50.500000000000007 1720.5000000000002 737.50000000000011 0.68539765477180492 31.050000190734867 40.500000000000007 63.449998855590827 55.95000076293946
decision_type=2 2 2 2 2 10 2 2 8 2 2 2 2 2
left_child=-1 2 -2 -3 5 12 7 8 9 10 11 -6 13 -5
right_child=1 3 -4 4 6 -7 -8 -9 -10 -11 -12 -13 -14 -15
leaf_value=-0.00016165513833923148 -0.00071365186551514701 -0.00054771279703391543 0.0006663881079787302 -0.00054593292742207539 0.0054985276850481029 -0.00093434074985276742 5.4980070671336173e-05 -0.0019358087573338235 -0.00013562166042660139 -0.00019592181857379902 -2.8440714910417316e-05 0.0011447204022681241 -0.00056487905309310609 0.0009657442660042754
leaf_weight=5175 291 580 1340 316 73 1027 12427 422 2215 305 156 167 304 354
leaf_count=5175 291 580 1340 316 73 1027 12427 422 2215 305 156 167 304 354
internal_value=-6.79608e-05 9.83127e-05 0.0013376 -1.25312e-05 5.45668e-05 -0.000997018 0.000188588 -0.000639189 -0.000181136 0.00168073 0.00423645 0.0068 0.000284552 0.00139706
internal_weight=25152 19977 1631 18346 17766 2001 15765 3338 2916 701 396 240 974 670
internal_count=25152 19977 1631 18346 17766 2001 15765 3338 2916 701 396 240 974 670
is_linear=0
shrinkage=0.05


Tree=329
num_leaves=15
num_cat=0
split_feature=48 31 48 44 5 56 26 48 43 49 43 26 52 15
split_gain=0.861886 0.843443 1.86504 2.06779 1.34284 1.37741 0.933803 2.36339 1.25936 1.62218 1.56837 1.88624 1.87864 1.67734
threshold=7.5499999523162851 -6.1385221481323233 2.0499999523162846 -14.78039503097534 97.90000152587892 64.599998474121108 0.69897434115409862 1.1500000357627871 987.50000000000011 -132.49999999999997 81.250000000000014 0.65257322788238536 0.73865729570388805 98.40000152587892
decision_type=2 2 2 2 2 2 2 2 8 8 10 2 2 2
left_child=1 2 4 -4 -1 -6 8 -8 10 -10 11 -3 -13 -14
right_child=-2 6 3 -5 5 -7 7 -9 9 -11 -12 12 13 -15
leaf_value=-0.00044615949466345279 -0.0035013347942032358 -0.00040689543506971398 0.0029666694400563151 7.2096901321548262e-05 0.0031045594709168214 -3.1066012481083223e-06 -5.4642469998138852e-06 -0.0010449554887863104 -0.0012245824100898079 -2.3882818294323692e-05 0.00034119160340503277 4.9364565137011224e-06 0.002608829007092129 6.0575205360517391e-05
leaf_weight=3512 235 1301 68 782 84 375 5607 1657 387 4552 4252 2241 231 237
leaf_count=3512 235 1301 68 782 84 375 5607 1657 387 4552 4252 2241 231 237
internal_value=-0.000211705 -0.000183034 -0.000777273 0.00133721 -0.0012321 0.00128998 -4.27362e-05 -0.000497664 0.00020778 -0.000423319 0.000585105 -0.000124379 0.000627068 0.0034728
internal_weight=25521 25286 4821 850 3971 459 20465 7264 13201 4939 8262 4010 2709 468
internal_count=25521 25286 4821 850 3971 459 20465 7264 13201 4939 8262 4010 2709 468
is_linear=0
shrinkage=0.05


Tree=330
num_leaves=15
num_cat=0
split_feature=13 27 12 32 32 40 52 50 17 11 15 40 40 13
split_gain=1.02677 1.51318 1.49124 1.47004 1.5101 1.67459 1.64287 1.64565 1.49237 1.46099 1.43504 1.36829 1.69189 1.45259
threshold=41.318452835083015 32.850000381469734 43.849998474121101 2.9228242635726933 -6.1215250492095938 989.64999389648449 -0.39826117455959315 0.91597560048103344 7.5499999523162851 44.047916412353523 102.29999923706056 983.54998779296886 981.45001220703136 43.483036041259773
decision_type=2 2 2 2 2 2 2 2 2 2 2 2 2 2
left_child=1 10 3 4 5 8 7 9 -2 -6 -1 12 13 -5
right_child=2 -3 -4 11 6 -7 -8 -9 -10 -11 -12 -13 -14 -15
leaf_value=-0.00032086978296294263 -0.00016495934551410553 0.00032804745189279145 -9.8795952006808254e-06 -0.0010103395528268649 -0.00014458402401793433 0.0014696649192789137 -0.0003980719069551257 0.0015013920459408191 0.0020974783007703204 0.0015008820324930372 0.0011998703156001437 -0.00051247861860173453 0.0029998854063803078 0.0013118384254036278
leaf_weight=3814 229 1030 17965 78 348 53 901 66 63 120 58 99 66 335
leaf_count=3814 229 1030 17965 78 348 53 901 66 63 120 58 99 66 335
internal_value=-8.6191e-05 -0.000734936 7.05737e-05 0.00125 0.000530725 0.0034507 -0.000190313 0.00198529 0.00178808 0.000857739 -0.00118753 0.00341837 0.0045092 0.00315603
internal_weight=25225 4902 20323 2358 1780 345 1435 534 292 468 3872 578 479 413
internal_count=25225 4902 20323 2358 1780 345 1435 534 292 468 3872 578 479 413
is_linear=0
shrinkage=0.05


Tree=331
num_leaves=15
num_cat=0
split_feature=48 35 23 44 51 2 55 6 21 43 31 4 0 5
split_gain=0.744066 1.2485 1.09024 2.22881 1.381 1.57255 1.67271 1.31295 1.81346 2.13805 1.67312 1.37087 1.29864 1.1551
threshold=-1.3499999642372129 2.5000000000000004 0.75499999523162853 2.4905811548233037 -0.7865660786628722 26.849999427795414 1.0000000180025095e-35 54.750000000000007 154.50000000000003 232.50000000000003 1.0804529190063479 51.250000000000007 137.59999847412112 56.149999618530281
decision_type=2 2 2 2 2 2 2 2 2 10 2 2 2 2
left_child=1 -1 4 -4 5 6 -2 10 9 12 -5 -12 -9 -7
right_child=2 -3 3 7 -6 13 -8 8 -10 -11 11 -13 -14 -15
leaf_value=-0.00033020005256550935 0.0019162337676191439 2.5713577165710034e-05 4.5321678313072813e-05 -0.00023044049839790557 1.5037639186198609e-05 -0.00085829235714303127 0.00010726519507869319 -0.00056687864890311412 -0.00041122921239800071 0.001704895409595459 0.0031304506357946599 0.00057915470780571683 0.00089520509759031619 -0.00018122278569067442
leaf_weight=3163 57 3384 4459 65 9763 1245 327 108 153 50 62 95 93 2192
leaf_count=3163 57 3384 4459 65 9763 1245 327 108 153 50 62 95 93 2192
internal_value=-0.000141918 -0.000600123 1.90041e-05 0.000642786 -0.000214802 -0.00101932 0.00197969 0.00341195 0.00164251 0.0041954 0.00642241 0.00907186 0.00163507 -0.00135915
internal_weight=25216 6547 18669 5085 13584 3821 384 626 404 251 222 157 201 3437
internal_count=25216 6547 18669 5085 13584 3821 384 626 404 251 222 157 201 3437
is_linear=0
shrinkage=0.05


Tree=332
num_leaves=15
num_cat=0
split_feature=30 19 34 57 54 2 10 51 3 33 4 6 20 51
split_gain=0.787445 1.57789 1.35603 1.63195 1.47547 1.57264 2.78414 2.97224 1.42726 2.13583 1.31016 1.37546 1.33422 1.13112
threshold=157.50000000000003 21.750000000000004 -1.9499999880790708 53.116666793823249 7.5000000000000009 60.649999618530281 56.241666793823249 0.12940952181816107 28.150000572204593 0.35000000894069677 42.649999618530281 55.45000076293946 24.250000000000004 -0.37940952181816096
decision_type=10 2 2 2 2 2 2 2 2 2 2 2 2 2
left_child=1 -1 8 -4 5 6 10 -8 9 -3 -5 12 -12 -7
right_child=-2 2 3 4 -6 13 7 -9 -10 -11 11 -13 -14 -15
leaf_value=0.0066923795881942477 -6.9626692198566736e-05 5.6772775393079683e-06 -0.00015121813449196189 3.5815894894375334e-05 -2.7528801898441985e-05 0.00056657376284080193 0.00017669713791616882 0.0024524967584314151 0.00020656353954846764 0.0052990911426355168 0.00050596353644765074 0.0003710451876987569 0.0035193444639917597 -3.1662649388280159e-05
leaf_weight=91 11008 70 4281 719 4779 696 79 82 1197 66 57 248 99 1949
leaf_count=91 11008 70 4281 719 4779 696 79 82 1197 66 57 248 99 1949
internal_value=-8.47403e-05 0.000158426 0.000114428 -4.19275e-05 0.000350997 0.00106753 0.00249613 0.00845029 0.00162695 0.00630137 0.00157546 0.00381642 0.0073494 0.00036723
internal_weight=25421 14413 14322 12989 8708 3929 1284 161 1333 136 1123 404 156 2645
internal_count=25421 14413 14322 12989 8708 3929 1284 161 1333 136 1123 404 156 2645
is_linear=0
shrinkage=0.05


Tree=333
num_leaves=15
num_cat=0
split_feature=3 25 38 29 18 42 6 56 29 15 32 24 24 52
split_gain=0.95478 1.10726 1.32109 1.42363 1.14943 0.968145 1.10577 2.78328 1.4492 1.63927 1.39463 1.07984 1.26675 1.05786
threshold=217.94999694824222 15.150000095367433 26.349999427795414 4.3500001430511483 59.95000076293946 10.250000000000002 53.350000381469734 63.199998855590827 10.150000095367433 155.30000305175784 7.5459349155426034 145.50000000000003 85.500000000000014 0.2603727281093598
decision_type=2 2 2 2 2 2 2 2 2 2 2 2 2 2
left_child=1 4 5 -4 -1 6 11 -8 10 -10 -9 12 13 -3
right_child=-2 2 3 -5 -6 -7 7 8 9 -11 -12 -13 -14 -15
leaf_value=-9.0430331458406959e-05 -0.0003457650602987586 0.00026827184497163465 0.002303187866121565 -3.4271015449675743e-05 0.0011050232214216361 -0.00048524553146296091 -0.00048602098499428274 1.8994079683774798e-05 0.001489953804802074 -0.0011140754589399372 0.001115154827456215 -0.00079377105030923256 0.00067497489939008298 -7.18547524845016e-06
leaf_weight=13599 489 1547 95 114 77 851 1157 5755 134 59 76 88 80 1060
leaf_count=13599 489 1547 95 114 77 851 1157 5755 134 59 76 88 80 1060
internal_value=-0.000129214 -8.54194e-05 0.000287501 0.00413242 -0.000385797 0.000209391 0.000348183 2.01629e-05 0.000452435 0.00460591 0.000307309 0.00119389 0.00137746 0.00117119
internal_weight=25181 24692 11016 209 13676 10807 9956 7181 6024 193 5831 2775 2687 2607
internal_count=25181 24692 11016 209 13676 10807 9956 7181 6024 193 5831 2775 2687 2607
is_linear=0
shrinkage=0.05


Tree=334
num_leaves=15
num_cat=0
split_feature=2 56 6 6 23 3 7 26 31 43 17 16 19 27
split_gain=0.802422 1.10134 1.82669 1.67733 1.49111 2.46098 1.52527 1.99454 1.4875 1.45132 1.19331 1.17551 1.72783 1.41151
threshold=162.75000000000003 53.149999618530281 56.149999618530281 63.449998855590827 0.49500000476837164 34.649999618530281 76.950000762939467 0.63621965050697338 0.35348723828792578 22.500000000000004 -2.5499999523162837 53.049999237060554 90.700000762939467 21.750000000000004
decision_type=2 2 2 2 2 2 2 2 2 10 2 2 2 2
left_child=1 3 4 -1 5 9 7 -7 -9 -3 -6 -4 13 -13
right_child=-2 2 11 -5 10 6 -8 8 -10 -11 -12 12 -14 -15
leaf_value=-4.8441544885901162e-05 -0.00017288137780340334 0.0032759945420340556 -6.7022669006272265e-05 -0.0025444739568316094 0.00075708889037845125 0.0023382742724708124 0.0022478586430171375 -0.0015617945979535101 0.00074414268963687781 -0.00038915650757188642 -0.00022294318826399521 0.0018652014779906229 4.2896418361153362e-05 9.4046787762061831e-06
leaf_weight=11702 1531 55 6271 388 429 97 80 85 191 243 551 189 3358 135
leaf_count=11702 1531 55 6271 388 429 97 80 85 191 243 551 189 3358 135
internal_value=-0.000162948 -9.1239e-05 0.00025483 -0.000425621 0.00174899 0.00340999 0.00569114 0.00413838 0.00181818 -0.000129871 0.000454544 -6.52533e-06 0.000701516 0.00413174
internal_weight=25305 23774 11684 12090 1731 751 453 373 276 298 980 9953 3682 324
internal_count=25305 23774 11684 12090 1731 751 453 373 276 298 980 9953 3682 324
is_linear=0
shrinkage=0.05


Tree=335
num_leaves=15
num_cat=0
split_feature=14 7 14 20 9 18 15 1 36 31 57 29 2 0
split_gain=0.928419 0.855513 1.37208 2.03313 1.1161 1.4521 1.25742 1.31975 0.989615 1.63259 0.949816 1.41712 1.02733 1.68101
threshold=3.7288457155227666 25.44999980926514 4.9350631237030038 11.550000190734865 25.44999980926514 -9.0500001907348615 57.350000381469734 30.550000190734867 18.150000572204593 3.2046937942504887 174.69999694824222 9.5500001907348651 107.70000076293947 89.500000000000014
decision_type=2 2 2 2 2 2 2 2 2 2 2 2 2 2
left_child=-1 2 3 -2 -4 6 -6 -8 9 -7 12 -12 13 -3
right_child=1 10 4 -5 5 8 7 -9 -10 -11 11 -13 -14 -15
leaf_value=-0.00095997621252588499 -0.00038417978372400378 -5.0155643035928348e-05 -0.00050426985632867074 0.0065082440561444691 -0.000156460794671785 -6.2214177994301424e-05 0.0052759236680940992 0.00135522222595657 2.746438972527905e-05 0.0015369795947765786 6.6479374829775777e-05 0.0026868665477789797 -0.00018474761287998762 0.00016062434672315374
leaf_weight=398 64 16272 655 50 70 62 52 57 1257 55 1016 53 3337 1878
leaf_count=398 64 16272 655 50 70 62 52 57 1257 55 1016 53 3337 1878
internal_value=-0.000183106 -0.000144247 0.00076758 0.0058871 0.000477907 0.00120601 0.00531746 0.00844538 0.000635837 0.00484252 -0.000238413 0.00120945 -0.000310975 -0.000162446
internal_weight=25276 24878 2322 114 2208 1553 179 109 1374 117 22556 1069 21487 18150
internal_count=25276 24878 2322 114 2208 1553 179 109 1374 117 22556 1069 21487 18150
is_linear=0
shrinkage=0.05


Tree=336
num_leaves=15
num_cat=0
split_feature=9 9 53 43 17 52 55 2 18 10 32 21 25 49
split_gain=0.991316 2.02699 1.5794 1.23286 1.14962 1.37188 1.31256 1.30537 1.45426 1.05449 0.989902 0.953301 0.825783 1.52682
threshold=28.550000190734867 30.550000190734867 -0.63257205486297596 827.50000000000011 -12.249999999999998 0.73865729570388805 3.5000000000000004 71.799999237060561 7.1499998569488534 35.625000000000007 1.0000000180025095e-35 235.50000000000003 14.550000190734865 182.50000000000003
decision_type=2 2 2 8 2 2 2 2 2 2 2 2 2 8
left_child=4 2 3 10 5 6 7 8 -1 -8 -2 -3 -4 -14
right_child=1 11 12 -5 -6 -7 9 -9 -10 -11 -12 -13 13 -15
leaf_value=0.00053622368582231491 0.00071758707689602893 2.4625962894858978e-06 -0.00038819584121071857 0.00023467235143592149 -0.00045679508576510879 -0.00090455581675298363 0.00079176138968910638 -0.0004641203564332476 0.0019457303506685742 -0.00077687464348589336 0.0030817337856269651 -0.00041456058457571782 0.0005933911418038437 -0.0012678147698788336
leaf_weight=259 69 21081 237 127 2172 505 51 82 51 186 65 247 131 54
leaf_count=259 69 21081 237 127 2172 505 51 82 51 186 65 247 131 54
internal_value=-6.25826e-05 5.88063e-05 0.00272006 0.00570111 -0.000868517 0.000419579 0.00196401 0.00370647 0.00515625 -0.000951418 0.00888889 -2.76514e-05 0.000787036 0.00320513
internal_weight=25317 22011 683 261 3306 1134 629 392 310 237 134 21328 422 185
internal_count=25317 22011 683 261 3306 1134 629 392 310 237 134 21328 422 185
is_linear=0
shrinkage=0.05


Tree=337
num_leaves=15
num_cat=0
split_feature=48 19 36 32 43 53 51 55 50 51 4 32 32 13
split_gain=0.913676 1.47998 0.993101 0.815047 2.00634 1.37306 2.16069 2.07144 1.43872 1.38119 1.63662 1.31024 1.26811 1.17875
threshold=-2.3500000238418575 21.750000000000004 25.44999980926514 -2.5623747110366817 297.50000000000006 -0.31800055503845209 0.37940952181816107 1.0000000180025095e-35 0.12940952181816109 0.37940952181816107 54.45000076293946 -2.9127216339111324 -3.6019299030303951 58.858036041259773
decision_type=2 2 2 2 8 2 2 2 2 2 2 2 2 2
left_child=1 2 -1 4 5 7 11 12 13 -9 -11 -7 -2 -8
right_child=3 -3 -4 -5 -6 6 8 9 -10 10 -12 -13 -14 -15
leaf_value=0.0039711656326849544 0.0047650492512378972 -0.0003954093983223445 0.00049963295314078176 -4.4590105892169983e-05 -7.5731327356912625e-05 0.00023860070031954625 -0.00051794041593236455 -9.5369686474906909e-05 -0.00058163979913294006 0.00042941085731391308 0.0033208380162179961 0.00076591328181542387 0.00060550671149416438 0.00027183961647619541
leaf_weight=51 86 3224 68 14788 3297 1443 201 321 770 351 79 151 61 555
leaf_count=51 86 3224 68 14788 3297 1443 201 321 770 351 79 151 61 555
internal_value=-0.00018974 -0.000958844 0.00430232 -7.30352e-05 0.000358361 0.00110725 0.000607028 0.00281938 -0.000735678 0.00170171 0.00352273 0.00188903 0.00805732 0.000809398
internal_weight=25446 3343 119 22103 7315 4018 3120 898 1526 751 430 1594 147 756
internal_count=25446 3343 119 22103 7315 4018 3120 898 1526 751 430 1594 147 756
is_linear=0
shrinkage=0.05


Tree=338
num_leaves=15
num_cat=0
split_feature=30 17 28 6 23 23 32 2 56 49 6 8 57 51
split_gain=1.03737 1.1672 1.06393 1.06277 1.48075 1.76982 1.49162 0.988332 1.0264 1.68426 1.56533 1.31775 1.55099 1.30563
threshold=17.500000000000004 -37.04999923706054 71.500000000000014 107.00000000000001 0.41499999165534979 0.56499999761581432 1.2775065898895266 233.05000305175784 124.55000305175783 47.500000000000007 105.79999923706056 159.94999694824222 117.2333335876465 0.98296290636062633
decision_type=8 2 2 2 2 2 2 2 2 10 2 2 2 2
left_child=1 -1 -3 4 6 -6 -4 8 10 13 -2 12 -11 -10
right_child=7 2 3 -5 5 -7 -8 -9 9 11 -12 -13 -14 -15
leaf_value=0.0019823089466252798 -3.3868022082633358e-05 -0.00027161001208757637 -0.00019528200922212677 5.1354103509072795e-06 0.0020760858624344885 0.0001184927048943069 0.0015549932641733559 -0.00091670224502342671 -8.065986479067224e-06 0.00031327892431409597 -0.00059782670990738156 8.4454370988676931e-06 0.0018554373367564104 0.0002533612345000077
leaf_weight=57 20087 301 160 465 60 59 52 223 2145 72 1271 117 98 138
leaf_count=57 20087 301 160 465 60 59 52 223 2145 72 1271 117 98 138
internal_value=-0.000186649 0.00127148 0.000871724 0.00182382 0.00394428 0.00817829 0.00130631 -0.00025682 -0.000225166 0.000717053 -0.000338826 0.00425926 0.00694444 0.000255123
internal_weight=25305 1154 1097 796 331 119 212 24151 23928 2570 21358 287 170 2283
internal_count=25305 1154 1097 796 331 119 212 24151 23928 2570 21358 287 170 2283
is_linear=0
shrinkage=0.05


Tree=339
num_leaves=15
num_cat=0
split_feature=56 6 6 14 23 48 37 1 6 37 36 23 25 38
split_gain=0.789915 1.91585 0.91167 1.36121 1.20324 1.19317 2.17119 1.30939 1.16875 1.0779 1.03601 1.0031 1.00091 0.951285
threshold=92.299999237060561 92.799999237060561 88.349998474121108 22.443847656250004 0.51499998569488536 2.2500000000000004 84.500000000000014 127.34999847412111 78.099998474121108 64.500000000000014 27.44999980926514 0.45499999821186071 21.550000190734867 8.6500000953674334
decision_type=2 2 2 2 2 2 2 2 2 2 2 2 2 2
left_child=1 -1 3 4 -2 -4 7 9 -6 11 13 -7 -8 -5
right_child=2 -3 5 10 8 6 12 -9 -10 -11 -12 -13 -14 -15
leaf_value=-4.2027145269444459e-05 0.002963222265248585 -0.000764355114107532 -2.3171155802162369e-05 0.00093625851556993335 0.0028562807634217955 5.9716166210811277e-05 0.0015516570704338479 -0.00091565373234656414 -0.0016822664663314947 -5.6095956218768572e-05 0.0012193166812688493 0.0034508526969002765 0.00067394086389606768 -0.00031520697113366107
leaf_weight=18850 50 778 4414 77 62 51 84 298 53 125 62 67 73 296
leaf_count=18850 50 778 4414 77 62 51 84 298 53 125 62 67 73 296
internal_value=-0.000213019 -0.000363582 0.000304088 0.00213115 0.00585714 8.59028e-05 0.00199152 0.000444645 0.0026 0.00310277 0.000617976 0.00632812 0.00697605 -0.000430811
internal_weight=25340 19628 5712 600 165 5112 698 541 115 243 435 118 157 373
internal_count=25340 19628 5712 600 165 5112 698 541 115 243 435 118 157 373
is_linear=0
shrinkage=0.05


Tree=340
num_leaves=15
num_cat=0
split_feature=3 25 48 52 22 23 21 32 26 32 48 43 33 4
split_gain=0.677318 1.15627 2.70824 0.939186 2.06 1.84931 1.47636 1.89814 1.62824 1.91544 1.48003 1.27657 1.79252 2.35007
threshold=173.94999694824222 21.550000190734867 2.7500000000000004 -0.8940606117248534 3437.0000000000005 0.53499999642372142 122.50000000000001 -1.457044184207916 0.68487977981567394 -0.72732084989547718 -0.65000000596046437 25.02689361572266 0.65000000596046459 91.15000152587892
decision_type=2 2 2 2 2 2 2 2 2 2 2 10 2 2
left_child=1 -1 3 4 6 -6 7 -3 10 -10 -8 -5 -13 -14
right_child=-2 2 -4 11 5 -7 8 -9 9 -11 -12 12 13 -15
leaf_value=-4.325136388259449e-05 -0.00018644371481001476 0.00073819242736133971 -0.0017835331251206015 0.0001918479155491515 0.001493817995164739 7.2129817515855061e-05 0.0019309189754356229 -0.00046695055123210981 0.00019335759854033937 0.0026128145349425883 -0.00014231084527561939 -6.863190029825225e-05 0.0013258362740825676 -0.00040442746661205516
leaf_weight=18883 1288 135 544 1268 63 50 81 318 50 62 167 2229 192 87
leaf_count=18883 1288 135 544 1268 63 50 81 318 50 62 167 2229 192 87
internal_value=-0.000150825 -9.09329e-05 0.000565067 0.000952885 0.00237179 0.00841463 0.00143985 -0.000464364 0.00378378 0.00852459 0.00139535 0.000599576 -5.56009e-05 0.00365052
internal_weight=25417 24129 5246 4702 926 113 813 453 360 112 248 3776 2508 279
internal_count=25417 24129 5246 4702 926 113 813 453 360 112 248 3776 2508 279
is_linear=0
shrinkage=0.05


Tree=341
num_leaves=15
num_cat=0
split_feature=21 20 18 23 51 35 18 29 17 51 32 23 20 21
split_gain=0.839277 0.779134 1.70885 0.675801 1.23209 1.24068 1.2095 1.49283 1.19594 1.18061 1.70138 1.65958 1.33814 1.08071
threshold=209.50000000000003 19.349999427795414 15.949999809265138 0.56499999761581432 -0.7865660786628722 1.5000000000000002 -10.65000009536743 11.34999990463257 -5.5499999523162833 -0.6035533845424651 1.2775065898895266 0.61500000953674328 4.8500001430511483 2.5000000000000004
decision_type=2 2 2 2 2 2 2 2 2 2 2 2 2 2
left_child=3 -2 -3 4 5 -1 7 -6 13 -5 -11 -12 -13 -8
right_child=1 2 -4 9 6 -7 8 -9 -10 10 11 12 -14 -15
leaf_value=9.1688965702147433e-05 -0.00035418238712299347 0.0019293478874164343 -0.00066385312149758874 0.00022306299746790352 -0.00012638222717955191 -0.0010815814249436867 -0.00099033195492619313 -0.0013129649851115338 -2.1086726432280829e-05 8.3341433468280557e-05 0.00056508191427724131 0.0031256034563773476 -0.00036004409680721926 0.00028785167982009268
leaf_weight=510 1189 55 66 3030 2726 2157 90 347 5283 4530 303 79 2600 2348
leaf_count=510 1189 55 66 3030 2726 2157 90 347 5283 4530 303 79 2600 2348
internal_value=-0.000211864 -0.0014394 0.00225191 -0.000144298 -0.000378963 -0.00133919 -0.00014069 -0.000977945 0.000193376 0.00015542 -0.000180804 -0.00110628 -0.00150428 0.00110702
internal_weight=25313 1310 121 24003 13461 2667 10794 3073 7721 10542 7512 2982 2679 2438
internal_count=25313 1310 121 24003 13461 2667 10794 3073 7721 10542 7512 2982 2679 2438
is_linear=0
shrinkage=0.05


Tree=342
num_leaves=15
num_cat=0
split_feature=21 48 35 43 40 43 30 2 40 26 50 36 11 11
split_gain=0.780288 0.75043 0.961783 0.759561 1.59987 1.01309 0.971901 0.739199 1.83422 1.6217 1.40126 1.2074 1.11993 1.37646
threshold=247.50000000000003 -2.1499999761581416 2.5000000000000004 107.50000000000001 987.75000000000011 362.50000000000006 1692.5000000000002 20.550000190734867 983.75000000000011 0.70791533589363109 -0.7865660786628722 34.350000381469734 40.689582824707038 40.927082061767585
decision_type=2 2 2 10 2 10 10 2 2 2 2 2 2 2
left_child=1 2 3 -1 5 6 -5 8 9 10 11 -3 -9 -14
right_child=-2 7 -4 4 -6 -7 -8 12 -10 -11 -12 -13 13 -15
leaf_value=-0.00080736674793588413 -0.00066532506690626918 -0.0015698333152661188 -2.3888870996511608e-06 -0.00091025867649443626 0.0016529396395559743 -0.0035064293719508956 0.0025935223173876934 -0.00015375758683693896 -0.0014055570203298352 -0.00016656503199338768 0.0021865714767582297 0.0011969777488088709 0.0014248299055731281 2.6081956389616245e-05
leaf_weight=1058 139 78 2189 236 55 177 58 4587 213 175 254 68 83 15994
leaf_count=1058 139 78 2189 236 55 177 58 4587 213 175 254 68 83 15994
internal_value=-5.00524e-05 -2.87311e-05 -0.000678034 -0.0016123 -5.59713e-05 -0.0010499 0.000756578 8.57317e-05 0.00157895 0.00303419 0.0047561 0.00076923 2.80534e-05 0.000224714
internal_weight=25364 25225 3773 1584 526 471 294 21452 788 575 400 146 20664 16077
internal_count=25364 25225 3773 1584 526 471 294 21452 788 575 400 146 20664 16077
is_linear=0
shrinkage=0.05


Tree=343
num_leaves=15
num_cat=0
split_feature=57 3 14 37 53 44 53 43 14 1 0 12 8 15
split_gain=0.81083 1.17059 1.04633 1.41047 0.862358 1.31861 1.12242 1.10382 1.27786 1.18894 1.95721 1.52707 1.02066 2.8208
threshold=217.84999847412112 186.05000305175784 40.613792419433601 98.500000000000014 0.82293498516082775 2.4905811548233037 0.63089349865913402 32.500000000000007 34.115791320800788 81.599998474121108 65.299999237060561 84.543056488037124 31.349999427795414 106.50000000000001
decision_type=2 2 2 2 2 2 2 8 2 2 2 2 2 2
left_child=1 4 -2 -4 6 -6 -1 8 -7 10 -9 -12 13 -8
right_child=2 -3 3 -5 5 7 12 9 -10 -11 11 -13 -14 -15
leaf_value=-4.942407796316816e-06 -0.00060397499466485847 -0.0003694999653487782 0.0003588203570475399 -0.00048299437467276465 0.00022060242911007552 0.00088822603503117793 0.0027390921596194824 -0.0003067623011246406 -9.7720643165304997e-05 -0.00048359380605034918 0.0029743948255183399 0.00017904979472341189 -0.0002327926160360149 -0.00078029473935487469
leaf_weight=18156 75 845 183 87 1997 95 53 560 58 712 97 203 1910 94
leaf_count=18156 75 845 183 87 1997 95 53 560 58 712 97 203 1910 94
internal_value=-4.8738e-05 -8.26958e-05 0.00232394 0.00375 -1.77502e-05 0.000680599 -0.000146616 -0.000331413 0.00358896 -0.00073325 0.00051724 0.00370968 -0.00125061 0.00264331
internal_weight=25125 24780 345 270 23935 3722 20213 1725 153 1572 860 300 2057 147
internal_count=25125 24780 345 270 23935 3722 20213 1725 153 1572 860 300 2057 147
is_linear=0
shrinkage=0.05


Tree=344
num_leaves=15
num_cat=0
split_feature=2 56 10 10 25 13 7 2 41 30 52 29 40 37
split_gain=0.888209 2.19369 1.55836 1.27019 1.63767 1.4408 1.64299 1.98253 1.49326 1.16592 1.16066 1.69278 1.62633 1.11868
threshold=61.600000381469734 40.350000381469734 61.558332443237312 56.858331680297859 11.449999809265138 71.893451690673842 70.90000152587892 58.95000076293946 32.500000000000007 2182.5000000000005 -0.53493988513946522 6.1499998569488534 980.54998779296886 60.500000000000007
decision_type=2 2 2 2 2 2 2 2 2 8 2 2 2 2
left_child=3 -2 -3 -1 9 6 8 -8 10 -5 12 -12 -6 -14
right_child=1 2 -4 4 5 -7 7 -9 -10 -11 11 -13 13 -15
leaf_value=2.0231619830053818e-06 -0.00072378827544402951 -0.00087698069214708603 -6.6626965799897937e-06 -0.00086137380875697916 -0.00022766982384963145 0.00011658529073273808 0.0044901147154885251 0.00067574029514769457 -0.00010709262789111792 0.0011540038822089693 0.0014815846367689451 0.000584753175162289 0.00085775233004975872 -0.00010746229622656943
leaf_weight=13026 908 331 9611 284 145 468 58 61 143 51 94 98 69 50
leaf_count=13026 908 331 9611 284 145 468 58 61 143 51 94 98 69 50
internal_value=-8.60011e-05 -0.000428178 -0.000212019 0.000169333 0.00153168 0.00239966 0.00379121 0.00895349 0.00263547 -0.00152174 0.00401287 0.00688119 0.00175182 0.00585271
internal_weight=25397 10850 9942 14547 1521 1186 718 119 599 335 456 192 264 119
internal_count=25397 10850 9942 14547 1521 1186 718 119 599 335 456 192 264 119
is_linear=0
shrinkage=0.05


Tree=345
num_leaves=15
num_cat=0
split_feature=48 54 19 26 48 36 1 13 32 7 33 36 30 24
split_gain=0.877549 0.940637 0.974946 0.842231 1.94664 2.11422 1.22647 1.08957 1.83496 1.61203 1.6824 1.3885 1.70364 1.21231
threshold=-2.4500000476837154 9.5000000000000018 17.849999427795414 0.69934651255607616 1.6500000357627871 16.849999427795414 30.550000190734867 75.236904144287124 -11.210405349731444 84.90000152587892 2.7500000000000004 33.350000381469734 957.50000000000011 85.500000000000014
decision_type=2 2 2 2 2 2 2 2 2 2 2 2 10 2
left_child=1 2 -1 7 -5 -6 -7 9 -9 10 -2 -12 -13 -10
right_child=3 -3 -4 4 5 6 -8 8 13 -11 11 12 -14 -15
leaf_value=0.0081339482717685679 9.7671753886358336e-05 -0.001093300901030804 -0.00018396736950886111 4.6621159605095836e-06 0.00037373541294049244 0.00027643689476552786 -0.0022433096008768875 0.0015191974551176878 6.2144424669588984e-05 -0.0004620144365421488 -0.00044783932067482221 0.0027045259377577596 -0.0003626625784960663 0.00073179729242893845
leaf_weight=56 8110 701 2276 5823 373 134 1174 52 3495 897 1826 78 117 240
leaf_count=56 8110 701 2276 5823 373 134 1174 52 3495 897 1826 78 117 240
internal_value=-7.92536e-05 -0.000875782 -0.000388558 2.93329e-05 -0.000401918 -0.00189533 -0.00283763 0.000247891 0.000978403 -3.62504e-06 0.000177003 -0.00111029 0.00280488 0.000834445
internal_weight=25352 3033 2332 22319 7504 1681 1308 14815 3787 11028 10131 2021 195 3735
internal_count=25352 3033 2332 22319 7504 1681 1308 14815 3787 11028 10131 2021 195 3735
is_linear=0
shrinkage=0.05


Tree=346
num_leaves=15
num_cat=0
split_feature=45 20 20 49 15 48 1 26 38 13 38 22 51 17
split_gain=1.12696 1.073 2.31273 3.31954 1.91004 1.67875 2.11347 1.5999 1.32453 1.22237 1.34388 1.21301 1.79723 2.43121
threshold=7.4397291331465282e-16 31.849999427795414 29.44999980926514 -72.499999999999986 93.500000000000014 3.3500000238418584 73.450000762939467 0.67939892411232006 12.449999809265138 111.10922622680665 10.550000190734865 3061.0000000000005 0.78656607866287243 48.699998855590827
decision_type=2 2 2 10 2 2 2 2 2 2 2 2 2 2
left_child=-1 2 5 -4 7 9 8 -5 -7 -2 -11 -3 -13 -14
right_child=1 11 3 4 -6 6 -8 -9 -10 10 -12 12 13 -15
leaf_value=-5.2748114424210101e-05 1.2625176144065247e-05 -0.00013966239878546939 -0.001609570082852569 0.0099572384699358352 0.00039366943196678106 -0.00028819107480162353 -0.0014319798097541599 0.00234762296780497 0.0015379576304575542 -0.00027137178899278914 0.0016180198997306321 -6.2191335704872634e-05 0.0020740623626238383 0.00016987038519271052
leaf_weight=14614 4736 3949 73 64 51 64 107 56 355 101 122 685 94 346
leaf_count=14614 4736 3949 73 64 51 64 107 56 355 101 122 685 94 346
internal_value=-8.78999e-05 0.000299176 0.000767554 0.00543307 0.0090884 0.000550499 0.00320895 0.0123077 0.00479021 0.000262627 0.00379828 -0.000230135 0.00121145 0.00366667
internal_weight=25417 10803 5729 244 171 5485 526 120 419 4959 223 5074 1125 440
internal_count=25417 10803 5729 244 171 5485 526 120 419 4959 223 5074 1125 440
is_linear=0
shrinkage=0.05


Tree=347
num_leaves=15
num_cat=0
split_feature=57 37 14 43 50 38 34 9 13 7 4 12 20 46
split_gain=1.14853 1.27257 1.67398 1.25379 0.728052 0.874753 0.849455 1.10135 2.04796 1.94693 1.11962 1.16961 2.20629 1.0898
threshold=217.84999847412112 97.500000000000014 40.613792419433601 41.875000000000007 -0.98296290636062611 7.9500000476837167 -1.1500000357627866 35.95000076293946 33.402976989746101 34.95000076293946 41.649999618530281 43.849998474121101 19.349999427795414 0.94999998807907116
decision_type=2 2 2 8 2 2 2 2 2 2 2 2 2 2
left_child=4 2 -2 -4 5 -1 7 8 9 -6 -9 12 -12 -13
right_child=1 -3 3 -5 6 -7 -8 10 -10 -11 11 13 -14 -15
leaf_value=0.00038100167914010804 -0.0006723946659339692 -0.00033573065701007369 0.00017068376349585902 0.0027744661520227296 7.793901589834301e-06 -0.00039479481052542896 -2.9062181442892321e-05 -5.7104892165034735e-05 -0.00057732117956042891 0.0041372292845623616 -0.00025956396365114779 0.00016931463671076164 0.0019755275021267728 0.0022300974058510593
leaf_weight=145 51 123 95 69 197 917 18860 1235 887 54 74 2351 112 116
leaf_count=145 51 123 95 69 197 917 18860 1235 887 54 74 2351 112 116
internal_value=-9.40872e-05 0.00275862 0.005 0.00735632 -0.000133826 -0.00140858 -7.6583e-05 0.000500396 -0.000862371 0.00304598 0.000900461 0.00147766 0.00520408 0.00117683
internal_weight=25286 338 215 164 24948 1062 23886 5026 1138 251 3888 2653 186 2467
internal_count=25286 338 215 164 24948 1062 23886 5026 1138 251 3888 2653 186 2467
is_linear=0
shrinkage=0.05


Tree=348
num_leaves=15
num_cat=0
split_feature=18 40 5 18 35 44 44 56 2 1 2 37 12 4
split_gain=0.722055 1.34082 2.69826 1.62989 1.27354 1.45485 1.48556 1.00198 1.7787 1.30398 2.05113 1.53823 1.77356 2.49621
threshold=-10.65000009536743 994.64999389648449 115.40000152587892 -38.850000381469719 2.5000000000000004 3.6142313480377202 2.7269726991653447 40.649999618530281 28.349999427795414 42.899999618530281 43.600000381469734 78.500000000000014 52.227083206176765 37.199998855590827
decision_type=2 2 2 2 2 2 2 2 2 2 2 2 2 2
left_child=1 4 -3 -4 -1 6 -6 8 -2 10 11 12 13 -9
right_child=7 2 3 -5 5 -7 -8 9 -10 -11 -12 -13 -14 -15
leaf_value=-0.00020499126037630717 0.00020920535643402375 0.0022012710669187204 0.0011226713271351924 -0.001084445142143544 0.00031732786619817423 -0.00084077328923309468 0.0034839754696462649 0.00021845985402972514 -0.0001715858364249033 2.6100789282465229e-05 0.0035574758694792152 -0.00077837088202153569 -5.5163318318100909e-05 0.0025781929226436481
leaf_weight=4565 1984 85 51 100 1569 594 113 349 5040 9788 93 266 458 292
leaf_count=4565 1984 85 51 100 1569 594 113 349 5040 9788 93 266 458 292
internal_value=-7.0396e-05 -0.000498802 0.00313008 -0.000962734 -0.000628377 0.000336832 0.00108747 9.57319e-05 -0.000372478 0.000388236 0.00177793 0.00125454 0.00207845 0.00375576
internal_weight=25347 7077 236 151 6841 2276 1682 18270 7024 11246 1458 1365 1099 641
internal_count=25347 7077 236 151 6841 2276 1682 18270 7024 11246 1458 1365 1099 641
is_linear=0
shrinkage=0.05


Tree=349
num_leaves=15
num_cat=0
split_feature=7 45 31 37 20 34 9 43 1 13 6 35 44 25
split_gain=1.1021 1.436 1.72194 1.35478 1.46965 1.73168 1.63206 1.5116 1.94592 1.46942 3.59761 1.34289 1.67758 1.29164
threshold=58.649999618530281 2.1650291681289677 -0.37649372220039362 80.500000000000014 13.34999990463257 0.75000000000000011 38.850000381469734 477.50000000000006 50.149999618530281 38.475595474243171 43.250000000000007 1.5000000000000002 0.85758596658706676 10.750000000000002
decision_type=2 2 2 2 2 2 2 10 2 2 2 2 2 2
left_child=1 2 -1 4 13 9 -7 -8 -9 10 -6 -4 -13 -3
right_child=-2 3 11 -5 5 6 7 8 -10 -11 -12 12 -14 -15
leaf_value=-0.00020716688343926993 -7.4137933169291919e-05 0.00075789758991184463 0.00018293668210051065 -0.00021090955708359408 0.0015061109316809997 -0.00095486215873532762 8.5850266214417955e-05 0.0055103568759093642 9.7844426367994832e-05 0.00049576843278562098 0.0068389995890053151 0.00052476568019908711 -0.00026564982774480419 -0.0002269573877981056
leaf_weight=4351 11652 461 1826 870 162 217 296 50 73 743 65 1005 2634 872
leaf_count=4351 11652 461 1826 870 162 217 296 50 73 743 65 1005 2634 872
internal_value=-0.000197138 0.000108176 -0.000211684 0.000930871 0.00144286 0.00245668 0.000417955 0.00222611 0.00665413 0.00377551 0.00723629 0.000378994 -0.000176762 0.00021221
internal_weight=25277 13625 9816 3809 2939 1606 636 419 123 970 227 5465 3639 1333
internal_count=25277 13625 9816 3809 2939 1606 636 419 123 970 227 5465 3639 1333
is_linear=0
shrinkage=0.05


Tree=350
num_leaves=15
num_cat=0
split_feature=50 44 54 5 20 56 6 39 26 30 30 47 26 19
split_gain=0.722232 1.10424 0.770098 0.857834 0.662124 0.735113 1.87071 0.90005 0.880901 1.01494 0.951356 0.951164 0.865341 1.21737
threshold=-0.98296290636062611 -1.4874733090400694 2.5000000000000004 91.15000152587892 165.30000305175784 89.750000000000014 91.849998474121108 0.25000000745058065 0.98965421319007885 122.50000000000001 347.50000000000006 3.6166666746139531 0.69897434115409862 23.399999618530277
decision_type=2 2 2 2 2 2 2 2 2 10 10 2 2 2
left_child=1 -1 3 -3 5 6 7 8 12 11 -11 -10 13 -2
right_child=4 2 -4 -5 -6 -7 -8 -9 9 10 -12 -13 -14 -15
leaf_value=-0.0011931289122037113 0.0037805443086063348 0.0021865286321279347 -0.00016395773220592946 -5.7482763024563424e-05 -0.0002657212921606968 5.1062372880661339e-05 -0.00095245679133705368 -0.00042320313726829117 0.0021136499808484025 -0.001016679268850802 0.00041080537276213424 0.00031623544519544805 -0.00011317184762039991 1.1587811322415842e-05
leaf_weight=419 141 54 516 60 283 5544 722 872 76 151 97 79 4288 12045
leaf_count=419 141 54 516 60 283 5544 722 872 76 151 97 79 4288 12045
internal_value=-0.000133495 -0.00141171 -7.81262e-05 0.00346774 -7.77534e-05 -4.89086e-05 -0.000200477 -9.82612e-05 -1.68781e-05 0.00226392 0.000232557 0.00530303 -7.40124e-05 0.000141029
internal_weight=25347 1049 630 114 24298 24015 18471 17749 16877 403 248 155 16474 12186
internal_count=25347 1049 630 114 24298 24015 18471 17749 16877 403 248 155 16474 12186
is_linear=0
shrinkage=0.05


Tree=351
num_leaves=15
num_cat=0
split_feature=57 2 11 2 29 22 10 22 36 23 53 55 31 12
split_gain=1.19291 1.29889 0.946092 1.50574 1.3087 1.14994 1.02038 1.01674 0.894155 0.893725 1.28019 0.870236 0.980327 0.957042
threshold=39.116666793823249 55.95000076293946 43.04375076293946 32.049999237060554 10.949999809265138 403.50000000000006 33.608331680297859 328.50000000000006 17.94999980926514 0.15500000119209292 0.029024410061538223 5.5000000000000009 7.1601276397705087 46.471527099609382
decision_type=2 2 2 2 2 2 2 2 2 2 2 2 2 2
left_child=1 2 3 6 7 -6 9 -4 -5 10 -1 12 13 -9
right_child=-2 -3 4 8 5 -7 -8 11 -10 -11 -12 -13 -14 -15
leaf_value=0.0020708335343285105 5.2769837452716285e-06 -0.00053795046347907645 0.0024161547273702805 0.00057763019134628808 -6.4709891427481208e-06 0.0027860248807902964 0.0014584974964054192 0.0001616063599166408 -0.00068177987092374564 -9.5320576708372574e-05 -0.0011709258731844652 -0.0013741717355714408 0.00080193695707537864 -0.00031843183450288849
leaf_weight=85 19313 934 65 129 93 98 98 410 1398 2084 75 150 58 376
leaf_count=85 19313 934 65 129 93 98 98 410 1398 2084 75 150 58 376
internal_value=-0.000141079 -0.000752929 -0.000437708 -0.000823667 0.000753967 0.00445274 -2.55114e-05 5.14488e-05 -0.00203969 -0.000252885 0.00323529 -0.000368527 0.00026932 -0.000226132
internal_weight=25366 6053 5119 3869 1250 191 2342 1059 1527 2244 160 994 844 786
internal_count=25366 6053 5119 3869 1250 191 2342 1059 1527 2244 160 994 844 786
is_linear=0
shrinkage=0.05


Tree=352
num_leaves=15
num_cat=0
split_feature=56 34 8 2 10 56 14 25 35 0 42 2 36 34
split_gain=0.738678 1.05391 1.05936 0.699509 1.46689 1.14087 1.11015 1.0472 0.987838 1.35122 1.91097 1.83549 1.56044 1.32659
threshold=21.150000572204593 2.5499999523162846 23.750000000000004 78.099998474121108 88.841667175292983 45.699998855590827 13.80697536468506 38.850000381469734 2.5000000000000004 23.750000000000004 8.9499998092651385 22.550000190734867 15.050000190734865 1.4499999880790713
decision_type=2 2 2 2 2 2 2 2 2 2 2 2 2 2
left_child=1 -1 -3 4 8 7 -7 -5 -2 11 12 -10 -11 -13
right_child=3 2 -4 5 -6 6 -8 -9 9 10 -12 13 -14 -15
leaf_value=-0.00059279794456935659 -3.1980099136454697e-05 -0.00046864156532503039 0.0016520636645859718 -0.00090642674908884076 0.00099676618227248904 -0.00066234846257326593 -1.5379779212920143e-05 0.00077800561905008866 6.2898216469871928e-05 0.0021284279055927909 -0.00067069825240598658 0.0056419863841122983 0.00018884942010539071 -0.0013086767519447896
leaf_weight=1187 11016 51 80 508 101 419 6518 55 238 321 1318 143 3418 52
leaf_count=1187 11016 51 80 508 101 419 6518 55 238 321 1318 143 3418 52
internal_value=-0.000162179 -0.00131024 0.00280142 -9.88941e-05 8.21436e-05 -0.000499335 -0.000321723 -0.00264398 4.35929e-05 0.000590908 0.000358199 0.00323928 0.000934915 0.00670732
internal_weight=25425 1318 131 24107 16607 7500 6937 563 16506 5490 5057 433 3739 195
internal_count=25425 1318 131 24107 16607 7500 6937 563 16506 5490 5057 433 3739 195
is_linear=0
shrinkage=0.05


Tree=353
num_leaves=15
num_cat=0
split_feature=26 49 5 2 10 43 43 17 47 9 14 0 49 43
split_gain=0.952403 1.64973 1.57683 1.46151 1.32419 1.31793 1.72683 2.2085 1.77781 1.46891 1.25969 1.3373 1.84851 1.4256
threshold=0.68993914127349865 427.50000000000006 74.15000152587892 63.449998855590827 64.741664886474624 157.50000000000003 997.50000000000011 -11.749999999999998 6.9166667461395273 83.500000000000014 7.1531336307525644 30.250000000000004 607.50000000000011 477.50000000000006
decision_type=2 10 2 2 2 10 10 2 2 2 2 2 10 8
left_child=2 -2 3 4 10 -4 7 -7 9 -9 -1 12 13 -12
right_child=1 -3 5 -5 -6 6 -8 8 -10 -11 11 -13 -14 -15
leaf_value=-0.00017239002374434494 -3.7059364062471053e-05 -0.0020402261238581724 -1.913320511214379e-05 -0.00030584479949937772 0.0017700157212503058 0.00013363695115891719 2.7275103056659359e-05 0.0016317093437610238 0.00098092732082131389 0.0013641272056877411 0.0024580591483144868 5.8962874171812186e-06 0.0032930340345930171 -1.0531746256003584e-05
leaf_weight=2389 10899 660 1353 2081 85 541 892 136 284 54 535 4486 112 844
leaf_count=2389 10899 660 1353 2081 85 541 892 136 284 54 535 4486 112 844
internal_value=-9.28603e-05 -0.000427437 0.000187653 -0.000110037 0.000182601 0.00114679 0.00199009 0.00339024 0.00584711 0.0095 0.000115806 0.00050359 0.00179547 0.0012635
internal_weight=25351 11559 13792 10532 8451 3260 1907 1015 474 190 8366 5977 1491 1379
internal_count=25351 11559 13792 10532 8451 3260 1907 1015 474 190 8366 5977 1491 1379
is_linear=0
shrinkage=0.05


Tree=354
num_leaves=15
num_cat=0
split_feature=26 49 36 31 40 2 56 18 18 2 7 25 49 28
split_gain=0.875473 1.89274 1.14281 1.94268 1.1995 1.06869 1.28136 1.12784 1.58461 1.6794 1.48839 1.25712 1.23294 1.44128
threshold=0.96143910288810741 132.50000000000003 17.050000190734867 6.4370970726013192 987.25000000000011 28.349999427795414 38.95000076293946 -14.849999904632567 -9.5500001907348615 24.44999980926514 27.44999980926514 11.949999809265138 -7.4731059074401847 35.500000000000007
decision_type=2 10 2 2 2 2 2 2 2 2 2 2 10 2
left_child=2 -2 3 -1 -5 7 -7 11 9 10 -9 -4 13 -10
right_child=1 -3 5 4 -6 6 -8 8 12 -11 -12 -13 -14 -15
leaf_value=0.00019093358174839805 -3.4399171155402785e-05 -0.0023496959620246285 -0.00091106486024824628 0.0012084057085384966 -0.00048619490967849737 -0.00021624552745072779 -9.281871916778166e-06 0.0056528029545478498 -5.6128080906214869e-06 0.0049621547311378307 -0.0008807362828353604 0.003546618568817877 -0.00012669664524422568 0.0010368895258264705
leaf_weight=3378 2896 567 510 88 651 4039 10826 54 714 104 107 82 606 641
leaf_count=3378 2896 567 510 88 651 4039 10826 54 714 104 107 82 606 641
internal_value=-8.76441e-05 -0.000824936 2.98017e-05 0.000779015 -0.00152871 -0.000144974 -0.000314287 0.000746109 0.00126118 0.00481818 0.00143275 -0.0011794 0.000758497 0.00159341
internal_weight=25263 3463 21800 4117 739 17683 14865 2818 2226 265 161 592 1961 1355
internal_count=25263 3463 21800 4117 739 17683 14865 2818 2226 265 161 592 1961 1355
is_linear=0
shrinkage=0.05


Tree=355
num_leaves=15
num_cat=0
split_feature=56 6 18 36 33 4 20 2 8 25 33 8 8 3
split_gain=0.786392 1.1578 1.26554 1.47668 1.40802 1.29962 1.25397 1.02727 1.12838 1.48163 2.21516 1.09359 1.07034 1.09043
threshold=40.649999618530281 35.549999237060554 5.9500000476837167 30.750000000000004 0.15000000223517421 33.45000076293946 23.050000190734867 62.500000000000007 75.099998474121108 15.34999990463257 11.050000190734865 45.350000381469734 44.750000000000007 11.250000000000002
decision_type=2 2 2 2 2 2 2 2 2 2 2 2 2 2
left_child=7 2 4 -4 5 -2 -7 8 11 10 -10 12 13 -1
right_child=1 -3 3 -5 -6 6 -8 -9 9 -11 -12 -13 -14 -15
leaf_value=0.0011114725997884484 -0.00091787515546771299 -5.5893301360580074e-06 -0.0006089840986173051 0.0036022076758339136 0.0080045886834958797 0.0029028581474400527 -4.2070739811112391e-05 -0.00045306596564217982 -0.00051805435202884693 0.0023384977552185402 0.0019841219805716652 -0.00030826428012761131 0.0021117304758542415 -5.3415835986538149e-05
leaf_weight=133 103 17161 199 51 78 80 50 910 274 74 77 1716 70 4490
leaf_count=133 103 17161 199 51 78 80 50 910 274 74 77 1716 70 4490
internal_value=-0.000130712 5.30103e-05 0.00226795 -0.000384617 0.00434579 0.00220164 0.00535714 -0.000550685 -0.000338984 0.00212644 0.000678669 -0.000505532 -0.000109506 -0.00020829
internal_weight=25466 17722 561 250 311 233 130 7744 6834 425 351 6409 4693 4623
internal_count=25466 17722 561 250 311 233 130 7744 6834 425 351 6409 4693 4623
is_linear=0
shrinkage=0.05


Tree=356
num_leaves=15
num_cat=0
split_feature=10 15 44 49 40 9 35 55 53 23 13 22 6 23
split_gain=0.964178 1.5868 3.06984 1.34992 0.829922 1.20872 0.941669 0.934647 1.03604 1.48284 0.739541 1.2615 1.81276 1.51489
threshold=116.90833282470705 207.25000000000003 -0.69867414236068714 327.50000000000006 995.75000000000011 152.05000305175784 1.5000000000000002 4.5000000000000009 0.99349221587181102 0.69499999284744274 45.083631515502937 338.50000000000006 27.050000190734867 0.61500000953674328
decision_type=2 2 2 10 2 2 2 2 2 2 2 2 2 2
left_child=1 10 -3 4 6 -6 7 -2 9 -9 -1 -12 13 -13
right_child=3 2 -4 -5 5 -7 -8 8 -10 -11 11 12 -14 -15
leaf_value=-8.0625968299575959e-05 -2.9100931788864626e-05 0.0024268139430826713 -4.3611521963758883e-05 -0.0030177678527382708 -0.00026368883510725238 0.0013473350530839011 -0.00024901251800126808 2.0204798947503341e-05 -0.00048729258438166731 0.00040623470562619213 -0.00085024243787176995 0.00089890624474891372 1.8767682242630505e-05 -0.0006292072705350836
leaf_weight=6762 758 97 165 316 95 84 1995 172 51 92 563 504 13441 174
leaf_count=6762 758 97 165 316 95 84 1995 172 51 92 563 504 13441 174
internal_value=-9.67218e-05 2.85492e-05 0.00382353 -0.000857824 -0.000548052 0.00267196 -0.000743991 0.000447829 0.00269231 0.0039416 -1.9578e-05 0.000179688 0.000272842 0.00277616
internal_weight=25269 21706 262 3563 3247 179 3068 1073 315 264 21444 14682 14119 678
internal_count=25269 21706 262 3563 3247 179 3068 1073 315 264 21444 14682 14119 678
is_linear=0
shrinkage=0.05


Tree=357
num_leaves=15
num_cat=0
split_feature=48 48 11 2 0 0 11 15 26 19 53 45 43 18
split_gain=0.768154 0.912741 0.752865 1.00302 1.2413 1.82095 0.91177 0.737899 1.199 1.05451 0.787481 0.744944 0.698313 0.691143
threshold=-2.3500000238418575 -6.8500001430511466 23.63749980926514 20.550000190734867 20.44999980926514 24.550000190734867 29.056249618530277 91.40000152587892 0.45990853011608129 17.849999427795414 0.75438815355300914 6.4328079223632821 797.50000000000011 11.949999809265138
decision_type=2 2 2 2 2 2 2 2 2 2 2 2 8 2
left_child=1 -1 12 4 6 -6 -4 9 -9 -3 -11 -10 -2 -5
right_child=2 7 3 13 5 -7 -8 8 11 10 -12 -13 -14 -15
leaf_value=0.00062078130516759252 -0.0013592953228938531 0.006802530779422597 0.0015862480707459676 -2.8789287091312645e-05 0.0044514881164927087 0.00029673407566136682 -0.0008234467575672415 0.001115401804914484 -0.00017020946339677838 -0.0011128136596368435 0.00092886259638092948 0.00061363485302475072 0.00016288485385790422 5.5433252542645056e-05
leaf_weight=92 415 59 111 15056 105 144 176 102 1269 1615 63 73 202 5911
leaf_count=92 415 59 111 15056 105 144 176 102 1269 1615 63 73 202 5911
internal_value=-0.000128529 -0.000842219 -2.2595e-05 2.71917e-05 0.00214286 0.00465251 -0.000117846 -0.000988719 -0.000151308 -0.00168002 -0.00191943 -0.000562131 -0.00173046 -2.78889e-05
internal_weight=25393 3273 22120 21503 536 249 287 3181 1444 1737 1678 1342 617 20967
internal_count=25393 3273 22120 21503 536 249 287 3181 1444 1737 1678 1342 617 20967
is_linear=0
shrinkage=0.05


Tree=358
num_leaves=15
num_cat=0
split_feature=50 5 30 19 52 32 31 51 47 48 43 5 43 16
split_gain=0.984547 1.43108 1.25739 2.29811 1.64322 1.31493 1.3278 2.00648 1.30824 2.05994 1.18821 1.18263 1.15756 1.10214
threshold=0.60355338454246532 29.150000572204593 87.500000000000014 45.250000000000007 0.89787620306015026 7.1508092880249032 -4.31416893005371 0.12940952181816107 12.816666603088381 2.1499999761581425 352.50000000000006 29.750000000000004 312.50000000000006 27.849999427795414
decision_type=2 2 8 2 2 2 2 2 2 2 8 2 8 2
left_child=1 -1 3 4 -2 8 7 -7 13 10 -10 12 -3 -4
right_child=2 11 5 -5 -6 6 -8 -9 9 -11 -12 -13 -14 -15
leaf_value=-0.00043023099333019764 0.0069869377906352477 0.0027092739048659989 3.9570451487405522e-05 0.00012483537697593152 8.0975342732758017e-05 5.3196307367031997e-05 -0.0011543280138331233 0.0060222720604424908 0.0011154888379390445 0.0022784132945888251 -0.00079905272373500451 -1.6237785603443718e-05 -0.00021753287895374233 -0.00035748700682689373
leaf_weight=1821 115 73 1342 3751 86 70 68 54 163 60 154 16016 53 1501
leaf_count=1821 115 73 1342 3751 86 70 68 54 163 60 154 16016 53 1501
internal_value=-3.49303e-05 -0.00023452 0.000451585 0.00105755 0.00613744 -0.000251316 0.00366337 0.00656716 -0.000495357 0.00223514 0.000504586 -8.42013e-05 0.00455882 -0.000864004
internal_weight=25327 17963 7364 3952 201 3412 192 124 3220 377 317 16142 126 2843
internal_count=25327 17963 7364 3952 201 3412 192 124 3220 377 317 16142 126 2843
is_linear=0
shrinkage=0.05


Tree=359
num_leaves=15
num_cat=0
split_feature=49 20 23 20 22 19 21 43 20 27 18 20 50 49
split_gain=0.961755 1.46756 1.13802 1.04285 0.992314 0.875212 1.03639 0.980347 1.01511 0.868018 0.798955 1.58754 1.49107 0.923463
threshold=357.50000000000006 18.349999427795414 0.50499999523162853 17.44999980926514 299.50000000000006 92.099998474121108 81.500000000000014 817.50000000000011 25.849999427795414 39.350000381469734 6.1499998569488534 4.0499999523162851 -0.91597560048103321 -907.49999999999989
decision_type=10 2 2 2 2 2 2 10 2 2 2 2 2 10
left_child=9 3 -3 4 -2 7 -7 -4 -9 10 13 -12 -13 -1
right_child=1 2 5 -5 -6 6 -8 8 -10 -11 11 12 -14 -15
leaf_value=0.00010374440409560095 0.00091692680383231742 -0.0028711688233644377 -0.00063405233563534251 0.0030758093768868539 -0.00013759612848015699 0.00012154147654729085 -0.0011600104808311515 0.0028296808271113649 -0.00025631201250083389 -0.0010899618847008288 0.00081772296019864759 -0.00031994445597424183 6.9193437145679138e-05 -9.6270886543402747e-05
leaf_weight=2588 55 608 137 57 1046 140 257 85 79 396 66 916 7395 11591
leaf_count=2588 55 608 137 57 1046 140 257 85 79 396 66 916 7395 11591
internal_value=-0.000223395 -0.00116007 -0.00230243 0.000136985 -0.000229524 -0.000903956 -0.00242015 0.00110932 0.00362069 -0.000122377 -8.10966e-05 0.000305829 0.000239754 -0.000309748
internal_weight=25416 2464 1306 1158 1101 698 397 301 164 22952 22556 8377 8311 14179
internal_count=25416 2464 1306 1158 1101 698 397 301 164 22952 22556 8377 8311 14179
is_linear=0
shrinkage=0.05


Tree=360
num_leaves=15
num_cat=0
split_feature=2 20 26 20 44 43 55 38 8 13 13 9 51 2
split_gain=0.769326 0.804381 1.40116 1.677 1.69962 2.47258 1.49671 1.44723 0.95509 0.941869 1.72946 1.52114 1.39097 1.4163
threshold=238.19999694824222 115.54999923706056 0.68010237812995922 165.30000305175784 -2.1959592103958125 32.500000000000007 1.0000000180025095e-35 9.0500001907348651 137.1499938964844 80.319641113281264 82.358928680419936 99.799999237060561 -0.12940952181816107 126.89999771118165
decision_type=2 2 2 2 2 10 2 2 2 2 2 2 2 2
left_child=1 8 -3 4 5 7 -6 -4 9 -1 11 -11 13 -12
right_child=-2 2 3 -5 6 -7 -8 -9 -10 10 12 -13 -14 -15
leaf_value=-5.0759165352420314e-05 -0.00052311620824395399 -0.00062128808050749152 0.00025063184705102483 -0.00015811686936855805 0.0015786411071204588 -0.00052103643225820298 -5.0245810617227215e-06 0.00075826143846595808 -0.00016005565796743475 0.0010097630441413511 0.00029031282480023395 0.0035522869491639284 -0.00010616124448025809 -8.7673062134977419e-05
leaf_weight=17825 266 180 61 214 76 110 476 108 2063 199 1343 55 1722 628
leaf_count=17825 266 180 61 214 76 110 476 108 2063 199 1343 55 1722 628
internal_value=-0.000200506 -0.000171521 0.00107287 0.00177725 0.00278835 0.00589965 0.00113879 0.00952514 -0.0002359 -0.000138189 0.000559766 0.0044697 0.000279502 0.00118374
internal_weight=25326 25060 1225 1045 831 279 552 169 23835 21772 3947 254 3693 1971
internal_count=25326 25060 1225 1045 831 279 552 169 23835 21772 3947 254 3693 1971
is_linear=0
shrinkage=0.05


Tree=361
num_leaves=15
num_cat=0
split_feature=48 3 11 2 5 11 19 41 17 33 21 36 2 23
split_gain=1.41028 0.854568 0.702194 0.990458 1.42731 1.67969 3.10223 1.90668 1.94493 1.0948 1.05181 1.1578 0.771274 0.757436
threshold=-2.3500000238418575 11.250000000000002 25.031250000000004 28.349999427795414 45.699998855590827 33.639583587646491 38.45000076293946 9.5000000000000018 0.94999998807907116 18.150000572204593 86.500000000000014 24.250000000000004 24.94999980926514 0.57499998807907116
decision_type=2 2 2 2 2 2 2 2 2 2 2 2 2 2
left_child=1 -1 -2 4 5 9 -7 12 -9 10 -4 -12 -8 -5
right_child=2 -3 3 13 -6 6 7 8 -10 -11 11 -13 -14 -15
leaf_value=0.0029085601090070301 -0.00049552478096856988 -0.00047324697325607391 -0.00034443686482499682 -6.3474697970295583e-05 -0.00025516457705608781 -0.00041460164171900873 0.0017157670748908012 0.003074192356612247 -0.0010624857401764567 0.0027339401592945079 0.0030630673004986052 5.2629289871249508e-05 0.0043440168684341736 2.4092131145614167e-05
leaf_weight=60 801 3288 397 10069 607 131 50 78 55 57 60 392 67 9374
leaf_count=60 801 3288 397 10069 607 131 50 78 55 57 60 392 67 9374
internal_value=-0.000248275 -0.0012031 -0.000103397 -4.84858e-05 0.00103991 0.00197764 0.00471867 0.00788461 0.00339161 0.000786025 0.000296856 0.00192641 0.0123228 -0.00015499
internal_weight=25486 3348 22138 21337 1894 1287 381 250 133 906 849 452 117 19443
internal_count=25486 3348 22138 21337 1894 1287 381 250 133 906 849 452 117 19443
is_linear=0
shrinkage=0.05


Tree=362
num_leaves=15
num_cat=0
split_feature=51 12 13 56 26 6 8 12 13 0 23 31 16 4
split_gain=0.809618 1.2983 1.58283 0.892212 0.850714 0.953325 1.7364 1.56385 1.17791 0.947625 1.20713 1.1307 1.36686 1.07526
threshold=-0.98296290636062611 72.802085876464858 70.691070556640639 21.150000572204593 0.24495639652013781 24.94999980926514 66.950000762939467 35.547916412353523 30.320238113403324 36.500000000000007 0.48499999940395361 -6.1385221481323233 19.250000000000004 19.250000000000004
decision_type=2 2 2 2 2 2 2 2 2 2 2 2 2 2
left_child=1 2 -1 -2 -5 6 7 9 -7 10 11 -6 13 -13
right_child=3 -3 -4 4 5 8 -8 -9 -10 -11 -12 12 -14 -15
leaf_value=0.00020569330740548197 -0.0005623890203435612 -0.00010307783197270075 0.0014678214760914035 -0.0011814995457565378 -0.0011378465737046245 -0.00056502946105415578 0.0024330522604395412 -0.00024963866242441794 -8.8566448403280136e-06 -0.00022984961669870248 0.001366644718445604 -9.4650204567183936e-05 -0.00023352003065989148 0.0032568015476915693
leaf_weight=652 1160 347 53 164 54 547 57 454 21206 108 116 66 126 132
leaf_count=652 1160 347 53 164 54 547 57 454 21206 108 116 66 126 132
internal_value=-8.94991e-05 0.00126177 0.00248252 -0.000148762 -8.02963e-05 -5.37693e-05 0.00136687 0.000863038 -0.000127052 0.00251634 0.00343254 0.00195876 0.00308383 0.00557692
internal_weight=25242 1052 705 24190 23030 22866 1113 1056 21753 602 494 378 324 198
internal_count=25242 1052 705 24190 23030 22866 1113 1056 21753 602 494 378 324 198
is_linear=0
shrinkage=0.05


Tree=363
num_leaves=15
num_cat=0
split_feature=56 6 6 51 25 45 25 38 25 2 24 56 28 50
split_gain=0.770219 2.3098 1.67256 1.04987 1.02295 1.19405 0.942071 2.31718 1.5817 1.40732 1.51396 1.53846 1.30767 1.19626
threshold=70.65000152587892 68.799999237060561 80.450000762939467 -0.12940952181816107 37.049999237060554 -2.8864159584045406 13.84999990463257 18.349999427795414 15.949999809265138 67.40000152587892 32.500000000000007 81.849998474121108 49.500000000000007 0.37940952181816107
decision_type=2 2 2 2 2 2 2 2 2 2 2 2 2 2
left_child=1 4 3 -2 -1 -6 12 13 -9 10 11 -10 -5 -8
right_child=2 -3 -4 6 5 -7 7 8 9 -11 -12 -13 -14 -15
leaf_value=-2.7171901986620154e-05 0.00079999847939379561 -0.00068158288296445017 -6.2306223593928789e-06 0.00048496357027649192 0.0012429799000454184 -1.0149804240532962e-05 -0.00019345871581120854 0.00085593815399551002 0.00025976316164395526 -0.00058103164407510583 -0.0014397828018513548 0.0030790963085066576 -0.00081491282391426992 0.000669796897771518
leaf_weight=15015 592 1348 6698 135 92 137 519 83 55 84 59 78 407 113
leaf_count=15015 592 1348 6698 135 92 137 519 83 55 84 59 78 407 113
internal_value=-6.19481e-05 -0.00026262 0.000315294 0.00153396 -8.65359e-05 0.00315899 0.000832792 0.00174326 0.0048916 0.00286713 0.00514851 0.00793706 -0.000833335 -9.34591e-05
internal_weight=25415 16592 8823 2125 15244 229 1533 991 359 276 192 133 542 632
internal_count=25415 16592 8823 2125 15244 229 1533 991 359 276 192 133 542 632
is_linear=0
shrinkage=0.05


Tree=364
num_leaves=15
num_cat=0
split_feature=23 0 9 26 17 20 18 13 19 3 44 30 2 20
split_gain=0.802578 1.24704 1.3786 1.24909 1.67065 1.89437 1.11957 1.30042 1.25964 1.12344 1.07653 1.46538 1.37373 1.30321
threshold=0.42499999701976782 30.250000000000004 56.149999618530281 0.67333146929740917 -27.849999427795407 7.5499999523162851 -12.949999809265135 40.357738494873054 49.049999237060554 26.550000190734867 -2.8778227567672725 22.500000000000004 156.69999694824222 67.649997711181655
decision_type=2 2 2 2 2 2 2 2 2 2 2 8 2 2
left_child=-1 2 3 4 -2 -6 -7 9 -9 -8 -3 13 -13 -12
right_child=1 10 -4 -5 5 6 7 8 -10 -11 11 12 -14 -15
leaf_value=-6.713974112070625e-05 0.0040091914012074965 -5.202389420418818e-05 -0.00089114557944427293 4.9256661513369863e-05 -3.5744818158127905e-05 -3.8051809558956586e-05 0.005052915759334 0.0052099317084074673 0.0023634019672783961 -9.8146710619778155e-05 0.00077104471087213354 5.6935988347989201e-05 -0.00038574252321987271 0.00012983761836220649
leaf_weight=9288 62 6770 297 428 283 79 55 66 53 82 155 6227 812 516
leaf_count=9288 62 6770 297 428 283 79 55 66 53 82 155 6227 812 516
internal_value=-6.01608e-05 0.000155708 0.00157244 0.00237925 0.00369565 0.00280255 0.00528985 0.0068421 0.0105039 0.00316326 1.72521e-05 0.000420983 0.000206411 0.00263583
internal_weight=25173 15885 1405 1108 680 618 335 256 119 137 14480 7710 7039 671
internal_count=25173 15885 1405 1108 680 618 335 256 119 137 14480 7710 7039 671
is_linear=0
shrinkage=0.05


Tree=365
num_leaves=15
num_cat=0
split_feature=18 48 29 48 31 32 14 36 22 19 4 7 11 17
split_gain=0.732742 1.54523 1.98536 1.97965 1.26479 1.17127 1.61062 1.58829 1.91198 1.10579 1.33346 1.80735 1.76023 1.12426
threshold=11.050000190734865 1.9499999880790713 13.949999809265138 -1.3499999642372129 8.289743900299074 -5.143516516159908e-16 7.2396051883697519 19.849999427795414 1396.5000000000002 82.099998474121108 38.250000000000007 34.649999618530281 48.252082824707038 51.649999618530281
decision_type=2 2 2 2 2 2 2 2 2 2 2 2 2 2
left_child=-1 3 -3 4 -2 6 -5 -8 -9 10 -7 -12 -13 -11
right_child=1 2 -4 5 -6 9 7 8 -10 13 11 12 -14 -15
leaf_value=-7.4444303884683212e-05 -0.00019265526815282117 -0.00057907997151068617 0.001950669014088783 -0.00022704392653554437 0.0010498131757260593 -0.00020281837873924589 0.00011255943909152528 0.0001985603901944958 0.00099205928936736383 -0.00010428677293277873 -0.00050417691045976591 0.0028729833195222615 0.00035431476009345692 0.00018054206793840982
leaf_weight=18226 1781 1391 55 118 59 133 1152 520 241 1237 84 72 68 292
leaf_count=18226 1781 1391 55 118 59 133 1152 520 241 1237 84 72 68 292
internal_value=-0.000227801 0.000198945 -0.00125687 0.000566151 -0.000783785 0.00120066 0.00203087 0.00238429 0.00414397 0.000300632 0.00276567 0.00504273 0.00833333 -0.00028915
internal_weight=25429 7203 1446 5757 1840 3917 2031 1913 761 1886 357 224 140 1529
internal_count=25429 7203 1446 5757 1840 3917 2031 1913 761 1886 357 224 140 1529
is_linear=0
shrinkage=0.05


Tree=366
num_leaves=15
num_cat=0
split_feature=13 26 26 33 10 51 1 28 15 18 13 51 38 24
split_gain=1.05408 1.09698 1.2319 1.48861 1.69672 1.52364 1.32235 1.25145 1.14135 1.133 1.25771 1.04058 0.994613 0.993536
threshold=41.318452835083015 0.95807620882987987 0.92630115151405346 6.1499998569488534 57.175001144409187 0.91597560048103344 109.54999923706056 78.500000000000014 281.75000000000006 -60.04999923706054 164.488395690918 -0.7865660786628722 7.7500000000000009 74.500000000000014
decision_type=2 2 2 2 2 2 2 2 2 2 2 2 2 2
left_child=13 2 8 4 -4 6 7 11 -2 10 -3 -6 -10 -1
right_child=1 9 3 -5 5 -7 -8 -9 12 -11 -12 -13 -14 -15
leaf_value=-0.00022895844488607842 1.621134429780791e-05 -0.00010375616294956057 -0.00049296358123573144 0.0013958256767350385 -0.00013978790580150042 0.00051457514869620864 -0.00044471668505817794 -0.00039903468232331844 -0.00035851236274411828 -0.00015388322560805611 0.0013145692416139611 0.00099462047688404754 0.00085118420702040727 0.00014426038323419381
leaf_weight=4165 16183 175 316 52 63 74 160 118 52 2965 86 201 91 722
leaf_count=4165 16183 175 316 52 63 74 160 118 52 2965 86 201 91 722
internal_value=-3.20462e-05 0.000125084 0.000282909 0.00199195 0.00147558 0.00298722 0.00197464 0.00354592 0.000178745 -0.000720026 0.00238007 0.00540146 0.00447712 -0.000691241
internal_weight=25423 20536 17310 984 932 616 542 382 16326 3226 261 264 143 4887
internal_count=25423 20536 17310 984 932 616 542 382 16326 3226 261 264 143 4887
is_linear=0
shrinkage=0.05


Tree=367
num_leaves=15
num_cat=0
split_feature=8 57 30 5 29 40 55 29 5 55 1 19 30 57
split_gain=0.71099 1.56796 1.13429 0.830981 1.45403 1.11367 1.06001 1.96033 1.9124 1.2516 2.12533 1.96674 1.20065 1.26614
threshold=45.350000381469734 48.616666793823249 732.50000000000011 57.800001144409187 0.75000000000000011 994.35000610351574 2.5000000000000004 6.3500001430511483 46.049999237060554 1.5000000000000002 85.099998474121108 69.700000762939467 52.500000000000007 65.450000762939467
decision_type=2 2 8 2 2 2 2 2 2 2 2 2 8 2
left_child=-1 2 -2 4 -3 6 8 -8 -6 12 11 -11 -10 -14
right_child=1 3 -4 -5 5 -7 7 -9 9 10 -12 -13 13 -15
leaf_value=2.8457707243092817e-05 -0.0008092812073499906 0.00055935135703621432 6.5004582217140729e-07 -5.5684717839588604e-05 -6.9495958934402155e-06 0.0019583201193765962 0.00019256420221517876 -0.00046829660703416598 0.0012307041892657682 8.7045480096450338e-05 -0.0010705212820077239 0.0038704062423765492 -0.00092318580938047831 0.00046135900805530772
leaf_weight=9396 1726 68 863 8107 1336 53 1312 1563 129 63 54 146 180 165
leaf_count=9396 1726 68 863 8107 1336 53 1312 1563 129 63 54 146 180 165
internal_value=-0.000113425 -0.000318543 -0.00144094 -9.70738e-05 0.000404606 0.000298342 0.000213795 -0.00040728 0.00107297 0.00309906 0.00580586 0.0080137 0.00150826 -7.04237e-05
internal_weight=25161 15765 2589 13176 5069 5001 4948 2875 2073 737 263 209 474 345
internal_count=25161 15765 2589 13176 5069 5001 4948 2875 2073 737 263 209 474 345
is_linear=0
shrinkage=0.05


Tree=368
num_leaves=15
num_cat=0
split_feature=18 50 2 31 31 40 26 49 25 26 25 21 51 23
split_gain=0.772933 1.26925 1.74571 1.39077 2.53981 0.897875 0.785152 1.02907 0.9769 1.46748 2.82425 1.29464 1.27043 1.64323
threshold=59.95000076293946 0.60355338454246532 233.05000305175784 -2.0140663385391231 0.18837596476078036 983.04998779296886 0.96293655037879955 247.50000000000003 27.250000000000004 0.76335415244102489 28.250000000000004 155.50000000000003 -0.12940952181816107 0.79500001668930065
decision_type=2 2 2 2 2 2 2 10 2 2 2 2 2 2
left_child=6 5 3 -3 -5 -2 8 -8 12 11 -11 -10 13 -1
right_child=1 2 -4 4 -6 -7 7 -9 9 10 -12 -13 -14 -15
leaf_value=-1.540841886515589e-05 0.00025556233278252498 0.00029846547272134529 -0.00037369344236038457 0.0018860221784307218 0.00012929407598666765 -0.00020593372112880307 -6.0882496365726547e-05 -0.0030294057880609331 0.00012646091760145411 0.0026074011200571366 0.00011511335708633809 -0.00023912156702666696 -0.00010321645881124447 0.00026420748543478696
leaf_weight=6722 103 112 71 72 109 315 2802 291 1593 55 214 540 10173 2196
leaf_count=6722 103 112 71 72 109 315 2802 291 1593 55 214 540 10173 2196
internal_value=-9.81177e-05 0.00143939 0.00355615 0.00523102 0.00782722 -0.000443926 -0.000147586 -0.000891074 -4.02281e-05 0.000907959 0.004319 0.000459635 -0.00015994 0.000275536
internal_weight=25368 782 364 293 181 418 24586 3093 21493 2402 269 2133 19091 8918
internal_count=25368 782 364 293 181 418 24586 3093 21493 2402 269 2133 19091 8918
is_linear=0
shrinkage=0.05


Tree=369
num_leaves=15
num_cat=0
split_feature=2 17 37 31 20 40 30 25 2 11 11 5 2 50
split_gain=0.986446 1.04855 1.37514 0.962868 0.959691 0.857661 0.825074 1.05776 0.841237 1.32737 1.21277 1.38666 1.17251 1.31617
threshold=204.6499938964844 85.15000152587892 91.500000000000014 -2.1640772819519039 117.04999923706056 988.35000610351574 2782.5000000000005 7.0499999523162851 78.099998474121108 43.04375076293946 84.689582824707045 53.149999618530281 39.049999237060554 0.78656607866287243
decision_type=2 2 2 2 2 2 10 2 2 2 2 2 2 2
left_child=1 6 4 -4 -3 -6 8 -8 9 12 11 -10 -1 -14
right_child=-2 2 3 -5 5 -7 7 -9 10 -11 -12 -13 13 -15
leaf_value=4.8006790619826707e-06 -0.00027855104005073886 0.00067864405892167608 0.0011548652057356841 0.00014517945878021448 0.00014532779758480541 -0.00048267679360123467 0.00043937682257678788 -0.00148868293046218 -1.1397080236528338e-05 6.442133430714799e-05 -5.380455690813141e-06 -0.00085191515087226506 -0.00059545038611671334 0.00022467569407471223
leaf_weight=4952 652 114 51 66 52 114 56 275 1098 10450 4223 1159 1401 592
leaf_count=4952 652 114 51 66 52 114 56 275 1098 10450 4223 1159 1401 592
internal_value=-7.42145e-05 -2.29565e-05 0.00249386 0.00681102 0.00051724 -0.001875 -6.52473e-05 -0.00250733 -3.0355e-05 0.000150818 -0.00051618 -0.00144905 -0.000384617 -0.00140539
internal_weight=25255 24603 397 117 280 166 24206 331 23875 17395 6480 2257 6945 1993
internal_count=25255 24603 397 117 280 166 24206 331 23875 17395 6480 2257 6945 1993
is_linear=0
shrinkage=0.05


Tree=370
num_leaves=15
num_cat=0
split_feature=17 29 18 32 1 0 12 57 9 18 34 47 19 32
split_gain=0.76272 1.26054 1.79752 1.23132 0.723897 0.914183 1.02976 0.985508 0.893138 1.30927 1.82172 1.46647 1.27465 1.14636
threshold=96.000000000000014 2.8500000238418584 10.650000095367433 -0.34827786684036249 109.54999923706056 115.40000152587892 58.690277099609382 76.383335113525405 75.549999237060561 25.44999980926514 1.1500000357627871 5.616666555404664 124.10000228881837 -2.1952013969421382
decision_type=2 2 2 2 2 2 2 2 2 2 2 2 2 2
left_child=4 -2 -3 -4 8 -6 -7 -8 -1 13 11 -11 -12 -10
right_child=1 2 3 -5 5 6 7 -9 9 10 12 -13 -14 -15
leaf_value=-2.5574401176870643e-05 -0.00014109635771758944 -0.00019964304846701965 0.00016344178253978491 0.00052999109779713535 -0.00080244052439062063 0.00066919935087828843 -0.00087203545775693865 -2.3875622088705104e-05 0.00023820539385879062 -0.00029236335665242652 0.0017071253966102322 0.00099719323307715063 0.00052246668247676951 -6.6014446064318154e-05
leaf_weight=16167 142 56 56 97 540 89 334 2782 1995 220 53 194 67 2389
leaf_count=16167 142 56 56 97 540 89 334 2782 1995 220 53 194 67 2389
internal_value=-7.95931e-05 0.00220221 0.00458904 0.00726994 -0.000112723 -0.000752331 -0.000427684 -0.000585414 1.18392e-06 0.000590502 0.00290441 0.00125 0.00807692 0.000302684
internal_weight=25181 351 209 153 24830 3745 3205 3116 21085 4918 534 414 120 4384
internal_count=25181 351 209 153 24830 3745 3205 3116 21085 4918 534 414 120 4384
is_linear=0
shrinkage=0.05


Tree=371
num_leaves=15
num_cat=0
split_feature=48 20 25 14 31 18 28 21 21 43 29 57 7 31
split_gain=0.777308 0.954401 0.773174 1.69766 1.27039 1.29009 0.859435 1.21773 0.907748 1.02718 1.06529 1.37015 1.18583 1.01204
threshold=-2.3500000238418575 86.250000000000014 20.94999980926514 14.022809505462648 1.9538276791572573 11.650000095367433 49.500000000000007 191.50000000000003 175.50000000000003 97.500000000000014 9.6500000953674334 37.45000076293946 27.44999980926514 2.3103325366973881
decision_type=2 2 2 2 2 2 2 2 2 10 2 2 2 2
left_child=1 2 6 -4 5 -5 8 -8 9 10 11 12 -1 -11
right_child=-2 -3 3 4 -6 -7 7 -9 -10 13 -12 -13 -14 -15
leaf_value=8.959608985836897e-05 4.1232021956935457e-06 -0.00061741368609672385 0.004121952994252164 0.0017161535553392845 -0.00064404838943915273 -0.00097643754753254451 -0.0011613170332792067 0.001748309042444933 -0.0013052867588310201 0.0033752925361211893 -0.0018046951529721222 -0.00026262453124672807 0.0030003909956756291 0.0002367635502387576
leaf_weight=82 21975 505 60 135 213 95 821 85 334 152 217 293 68 208
leaf_count=82 21975 505 60 135 213 95 821 85 334 152 217 293 68 208
internal_value=-7.18738e-05 -0.000790117 -0.000420124 0.00133528 0.000187637 0.00270833 -0.000814979 -0.00199782 -1.46639e-05 0.000728154 -0.000447762 0.000960264 0.0046875 0.00283784
internal_weight=25243 3268 2763 503 443 230 2260 906 1354 1020 660 443 150 360
internal_count=25243 3268 2763 503 443 230 2260 906 1354 1020 660 443 150 360
is_linear=0
shrinkage=0.05


Tree=372
num_leaves=15
num_cat=0
split_feature=30 3 35 19 9 7 56 30 14 7 6 5 34 31
split_gain=0.924928 0.720296 0.936223 1.79509 0.853254 1.03508 1.45752 2.47109 1.14878 1.11728 0.960168 1.31605 1.206 1.58213
threshold=2615.0000000000005 171.1499938964844 1.5000000000000002 286.34999084472662 27.050000190734867 25.44999980926514 38.549999237060554 1307.5000000000002 19.904429435729984 20.44999980926514 48.750000000000007 22.650000572204593 -1.9499999880790708 1.4874733090400698
decision_type=10 2 2 2 2 2 2 10 2 2 2 2 2 2
left_child=1 4 3 -3 10 6 7 -6 -9 -8 12 -12 13 -1
right_child=-2 2 -4 -5 5 -7 9 8 -10 -11 11 -13 -14 -15
leaf_value=0.0011585211647161329 -0.00074515067567890907 -7.4800584187934141e-05 -0.00060130022355687389 0.00071062029489333287 -9.7861330654713005e-05 -7.1267961418505121e-06 -7.1700251353021887e-05 0.0022702908110659235 -1.4249128044925434e-05 0.0015722127804147614 0.0050714405451506277 -0.00089752678451260651 -0.00028010520438661294 -0.0018357433892905166
leaf_weight=242 412 327 873 110 887 19475 136 119 55 261 54 611 1744 71
leaf_count=242 412 327 873 110 887 19475 136 119 55 261 54 611 1744 71
internal_value=-0.000190453 -0.000151152 -0.00128788 0.00059284 -8.76834e-05 2.07695e-05 0.00130109 0.000322128 0.00559782 0.00384521 -0.000918742 -0.00255556 -0.000379779 0.00243034
internal_weight=25377 24965 1310 437 23655 20933 1458 1061 174 397 2722 665 2057 313
internal_count=25377 24965 1310 437 23655 20933 1458 1061 174 397 2722 665 2057 313
is_linear=0
shrinkage=0.05


Tree=373
num_leaves=15
num_cat=0
split_feature=23 27 37 3 17 45 53 12 23 49 38 57 36 27
split_gain=0.808302 1.01718 1.44311 0.789128 1.01706 1.86603 1.48864 1.43295 0.793816 2.60527 1.41303 1.13327 1.17952 1.06216
threshold=1.1649999618530276 28.550000190734867 56.500000000000007 186.05000305175784 -73.700000762939439 -2.8733866214752193 0.9783238172531129 93.225002288818374 0.99500000476837169 187.50000000000003 24.550000190734867 41.750000000000007 21.050000190734867 29.250000000000004
decision_type=2 2 2 2 2 2 2 2 2 10 2 2 2 2
left_child=3 2 -2 4 5 -1 7 -7 -6 11 -11 13 -13 -10
right_child=1 -3 -4 -5 8 6 -8 -9 9 10 -12 12 -14 -15
leaf_value=-0.00039992279626896714 0.0019080175498464936 -0.00057882349386326713 -8.0811345884973193e-05 -0.00025657207338847807 -1.5065999086880022e-05 0.00093690983031394074 0.0032390224226331778 -0.00010678967776626306 0.0019736381627195403 0.0027282540994437495 0.0014587330725956806 0.0006188799400144566 -0.00036818691503830907 -1.4878444744441733e-05
leaf_weight=185 63 704 879 938 20965 109 91 168 100 93 93 185 596 97
leaf_count=185 63 704 879 938 20965 109 91 168 100 93 93 185 596 97
internal_value=-0.00012779 -0.00119565 -0.000115547 -5.29e-05 6.16838e-06 0.00210479 0.00412698 0.00214286 -4.7203e-05 0.00121806 0.00647959 0.000161942 -0.000701645 0.00345411
internal_weight=25266 1646 942 23620 22682 553 368 277 22129 1164 186 978 781 197
internal_count=25266 1646 942 23620 22682 553 368 277 22129 1164 186 978 781 197
is_linear=0
shrinkage=0.05


Tree=374
num_leaves=15
num_cat=0
split_feature=23 31 31 5 4 45 26 45 31 38 12 38 44 38
split_gain=0.774757 0.798623 1.61283 1.61031 2.03423 2.12904 1.31351 1.02433 1.35855 1.44805 2.60805 1.46481 1.50217 1.42419
threshold=0.19500000029802325 -0.32355238497257227 0.15007926523685458 79.500000000000014 77.40000152587892 1.1009659767150881 0.69554120302200328 0.54110196232795726 -3.0231032371520992 20.650000572204593 30.24930572509766 25.050000190734867 1.4329677820205691 17.250000000000004
decision_type=2 2 2 2 2 2 2 2 2 2 2 2 2 2
left_child=-1 7 3 4 5 6 -3 -2 9 10 -9 12 -11 -12
right_child=1 2 -4 -5 -6 -7 -8 8 -10 11 13 -13 -14 -15
leaf_value=-0.00026269978597013129 -0.00011681509507707887 0.002369669685437554 1.5987365716948941e-05 -0.00015857216092981 0.0022142249064827754 -0.001394077656339761 2.1365075620113167e-06 0.0031522923114820204 -0.00014651305558759559 -0.00048898556966703722 4.0951471201410581e-05 0.00017995279443039152 0.0030613617567537155 0.00058890798156204752
leaf_weight=1654 6517 121 9826 202 70 105 74 86 1933 1334 1530 1312 52 529
leaf_count=1654 6517 121 9826 202 70 105 74 86 1933 1334 1530 1312 52 529
internal_value=-0.000140999 -6.77199e-05 0.000260375 0.00281787 0.00473684 0.00274193 0.00573171 -0.000324364 0.0001061 0.000553265 0.00151972 -0.000217874 -0.00134671 0.00113823
internal_weight=25345 23691 10398 572 370 300 195 13293 6776 4843 2145 2698 1386 2059
internal_count=25345 23691 10398 572 370 300 195 13293 6776 4843 2145 2698 1386 2059
is_linear=0
shrinkage=0.05


Tree=375
num_leaves=15
num_cat=0
split_feature=47 51 52 34 34 21 28 43 9 56 35 52 49 13
split_gain=0.846858 1.09032 1.1179 1.11579 2.00539 1.22823 1.5593 1.14392 0.795138 0.793269 0.700013 0.68984 0.650303 1.03405
threshold=10.016666889190676 -0.12940952181816107 -0.98523971438407887 -1.7499999999999998 -2.1499999761581416 68.500000000000014 60.500000000000007 3022.5000000000005 44.049999237060554 76.700000762939467 1.5000000000000002 -0.60554069280624379 -97.499999999999986 29.535714149475101
decision_type=2 2 2 2 2 2 2 10 2 2 2 2 8 2
left_child=12 2 -2 4 9 6 -5 10 -8 -4 11 -7 13 -1
right_child=1 -3 3 5 -6 7 8 -9 -10 -11 -12 -13 -14 -15
leaf_value=0.0044999118866409582 0.0021025793943833249 -0.00046645571379817839 -0.00020958675793764458 0.002598805770923255 0.0024471513137487386 -0.00042724755491432636 0.0012051962289346763 0.0010533266331886604 -0.00073708793366148763 0.0004571708103149085 -0.0016021715243197225 0.00018729528842614129 7.4949513350967511e-06 -0.00020280975570656688
leaf_weight=57 50 1910 393 66 100 82 83 88 151 59 870 288 18133 3053
leaf_count=57 50 1910 393 66 100 82 83 88 151 59 870 288 18133 3053
internal_value=-0.000165992 -0.000819278 -6.69655e-05 -0.000251143 0.0016726 -0.000909647 0.00193548 -0.00156203 -8.19684e-05 0.000194804 -0.00196 -0.00013158 -3.83487e-05 -0.000705129
internal_weight=25383 4140 2230 2180 552 1628 300 1328 234 452 1240 370 21243 3110
internal_count=25383 4140 2230 2180 552 1628 300 1328 234 452 1240 370 21243 3110
is_linear=0
shrinkage=0.05


Tree=376
num_leaves=15
num_cat=0
split_feature=50 54 52 50 51 21 17 36 51 52 23 17 29 32
split_gain=0.904563 0.977102 1.33395 0.813943 1.83997 1.19266 1.18002 1.12368 1.75567 1.86082 1.5006 2.14124 1.59366 1.78451
threshold=-0.98296290636062611 3.5000000000000004 -0.95754238963127125 0.12940952181816109 0.78656607866287243 95.500000000000014 36.250000000000007 18.050000190734867 1.0000000180025095e-35 -0.49813632667064661 0.86500000953674328 33.750000000000007 4.9500000476837167 -5.3903353214263907
decision_type=2 2 2 2 2 2 2 2 2 2 2 2 2 2
left_child=1 -1 -3 6 7 -6 -2 8 9 -5 11 12 -11 -14
right_child=3 2 -4 4 5 -7 -8 -9 -10 10 -12 -13 13 -15
leaf_value=0.00017157504697519786 -2.4853800480915101e-06 0.00051773434107587149 -0.0010120706966483203 -0.00030231596922513835 -0.00054093036116654373 0.0012266221984957382 0.0001745306754707993 -9.5321880525887397e-05 -5.0313279279161155e-05 0.0014540994744498793 -0.0001398065258422419 -0.0011127844907895725 0.0010358632466510914 4.2666702298321116e-05
leaf_weight=252 11049 109 712 213 2069 63 1598 6288 1766 324 202 153 220 343
leaf_count=252 11049 109 712 213 2069 63 1598 6288 1766 324 202 153 220 343
internal_value=-0.000169683 -0.00158357 -0.00241276 -0.000106594 -0.000408121 -0.00173203 0.00017105 -0.000109782 0.000648405 0.00192833 0.00266773 0.00342857 0.00436455 0.00267888
internal_weight=25361 1073 821 24288 11641 2132 12647 9509 3221 1455 1242 1040 887 563
internal_count=25361 1073 821 24288 11641 2132 12647 9509 3221 1455 1242 1040 887 563
is_linear=0
shrinkage=0.05


Tree=377
num_leaves=15
num_cat=0
split_feature=56 6 0 29 45 33 14 26 47 27 7 6 9 14
split_gain=0.819902 2.69614 1.10526 1.47605 1.4248 1.44002 1.0799 1.2055 1.17654 1.25438 1.27204 1.02525 1.30695 0.960005
threshold=81.849998474121108 78.099998474121108 82.099998474121108 1.3499999642372134 -1.3925862312316892 5.2500000000000009 11.156746864318849 0.98508849740028392 5.6833331584930429 14.34999990463257 102.54999923706056 70.40000152587892 53.350000381469734 23.352639198303226
decision_type=2 2 2 2 2 2 2 2 2 2 2 2 2 2
left_child=1 -1 3 -2 5 -4 -5 8 13 10 -10 12 -11 -8
right_child=2 -3 4 6 -6 -7 7 -9 9 11 -12 -13 -14 -15
leaf_value=-3.2748346071130844e-05 0.0017457569470225084 -0.00070192141920977658 -0.00014399270906369021 0.00042915274286329651 5.3185237710981148e-05 0.0014261009636697087 0.00099577554375169922 0.0023253510321911888 0.00082713905096752638 -0.00067933135341605329 -0.00042610057618738752 -0.00050195217677635794 0.0016088172638464978 4.8149773522130953e-05
leaf_weight=17087 51 1298 2049 89 2857 51 266 89 141 70 139 783 57 300
leaf_count=17087 51 1298 2049 89 2857 51 266 89 141 70 139 783 57 300
internal_value=-0.000190829 -0.00036559 0.000271863 0.00126566 -0.000127845 -0.00111375 0.00101852 0.000741239 0.000436012 -0.000458335 0.00241379 -0.0013587 0.00266423 0.00229167
internal_weight=25327 18385 6942 1985 4957 2100 1934 1845 1756 1190 280 910 127 566
internal_count=25327 18385 6942 1985 4957 2100 1934 1845 1756 1190 280 910 127 566
is_linear=0
shrinkage=0.05


Tree=378
num_leaves=15
num_cat=0
split_feature=48 35 21 30 52 28 20 14 6 6 9 40 3 25
split_gain=0.841004 1.14254 0.937203 1.48832 0.973905 1.49399 1.52631 0.791064 1.16213 0.859395 1.03592 1.04662 0.761523 1.91149
threshold=-2.3500000238418575 1.5000000000000002 136.50000000000003 122.50000000000001 0.81428062915802013 23.500000000000004 8.5500001907348651 17.74277496337891 121.75000000000001 84.200000762939467 99.099998474121108 988.75000000000011 173.94999694824222 38.149999618530281
decision_type=2 2 2 8 2 2 2 2 2 2 2 2 2 2
left_child=1 -1 7 -4 -5 -6 -7 -3 9 -9 11 -11 13 -2
right_child=12 2 3 4 5 6 -8 8 -10 10 -12 -13 -14 -15
leaf_value=-0.0012842066587506161 -5.8953989429759379e-06 -0.0012434007350853591 0.0028523641905662824 -0.00015291052051056913 -0.0016132705198449811 -0.00028310698676570369 0.0033608305584916873 -9.7134393156926362e-05 -0.0010677650380603652 0.0014182339456146687 0.0011918916865862267 -0.0018851806297074003 -0.00014082655724406698 0.00018981307213656207
leaf_weight=324 19873 905 51 896 111 70 89 452 208 69 83 67 1224 903
leaf_count=324 19873 905 51 896 111 70 89 452 208 69 83 67 1224 903
internal_value=-0.000137163 -0.000877063 -0.000566258 0.000501221 0.00010204 0.00267857 0.00565089 -0.0012932 -0.000219349 0.000800293 0.00329694 0.000479451 -2.49898e-05 4.66648e-05
internal_weight=25325 3325 3001 1217 1166 270 159 1784 879 671 219 136 22000 20776
internal_count=25325 3325 3001 1217 1166 270 159 1784 879 671 219 136 22000 20776
is_linear=0
shrinkage=0.05


Tree=379
num_leaves=15
num_cat=0
split_feature=14 34 13 42 49 23 34 51 16 44 44 14 6 41
split_gain=0.731206 0.782861 1.55631 2.20004 1.38901 1.2937 1.57777 1.42238 1.79919 1.18556 1.06114 1.00333 0.984101 1.62157
threshold=3.4420465230941777 -1.1500000357627866 32.274108886718757 8.7500000000000018 -107.49999999999999 0.58499997854232799 -1.4499999880790708 0.60355338454246532 37.899999618530281 -2.9374428987503047 -3.5578860044479366 26.449668884277347 35.95000076293946 80.500000000000014
decision_type=2 2 2 2 8 2 2 2 2 2 2 2 2 2
left_child=-1 2 3 9 -4 -6 12 10 -9 -2 -8 -12 13 -7
right_child=1 -3 4 -5 5 6 7 8 -10 -11 11 -13 -14 -15
leaf_value=-0.00083320472923556477 0.0051560843197876469 -2.1650973031263965e-05 -0.00073541395091062745 -9.1504664699888647e-05 -5.3162301661764257e-05 0.0015635936271657142 -0.00029311028566374664 0.00034179937087899776 0.0023960711407537629 0.00079500547626614295 0.0029569400021908407 2.8024686594780313e-05 5.5798403059433699e-05 -0.00034315819529289165
leaf_weight=293 68 19764 805 157 1860 110 132 59 69 101 70 65 1671 118
leaf_count=293 68 19764 805 157 1860 110 132 59 69 101 70 65 1671 118
internal_value=-8.32293e-05 -5.36745e-05 0.000486307 0.00377976 0.000262627 0.000631603 0.00142361 0.00425926 0.0084058 0.00756983 0.00203971 0.005 0.000814561 0.00382353
internal_weight=25342 25049 5285 326 4959 4154 2294 395 128 169 267 135 1899 228
internal_count=25342 25049 5285 326 4959 4154 2294 395 128 169 267 135 1899 228
is_linear=0
shrinkage=0.05


Tree=380
num_leaves=15
num_cat=0
split_feature=41 56 56 19 4 56 14 14 42 32 23 42 7 48
split_gain=0.722675 0.943774 0.91351 0.849552 0.846795 0.836836 0.969791 2.0501 0.854956 1.62298 1.48498 1.37994 1.30188 1.42136
threshold=99.500000000000014 20.050000190734867 17.150000572204593 106.75000000000001 39.250000000000007 194.85000610351565 47.874780654907234 40.613792419433601 14.150000095367433 4.3320932388305673 0.63499999046325695 11.84999990463257 87.90000152587892 -1.2499999999999998
decision_type=2 2 2 2 2 2 2 2 2 2 2 2 2 2
left_child=1 3 -2 -1 -4 8 7 -7 11 10 -10 -3 13 -12
right_child=2 5 4 -5 -6 6 -8 -9 9 -11 12 -13 -14 -15
leaf_value=-0.00067918272094617187 0.00069029221559168883 6.2038604240802297e-07 -0.00059858352868507323 0.00062882304604501723 -7.057751404999113e-05 -2.2744578255968192e-05 8.865097713678717e-06 0.001012617186681337 0.00015289579469178081 -0.00048862777281365774 0.00057480050794469877 -0.000554528430521041 -0.00042859485184093413 0.0015340981602484319
leaf_weight=850 91 18668 936 75 2582 108 316 102 312 291 84 862 61 133
leaf_count=850 91 18668 936 75 2582 108 316 102 312 291 84 862 61 133
internal_value=-0.000131668 -2.33187e-05 -0.00078613 -0.00157754 -0.000918369 4.60675e-05 0.00199627 0.00454545 -5.14296e-06 0.00150954 0.003 -7.42079e-05 0.00559028 0.0073348
internal_weight=25471 21862 3609 925 3518 20937 526 210 20411 881 590 19530 278 217
internal_count=25471 21862 3609 925 3518 20937 526 210 20411 881 590 19530 278 217
is_linear=0
shrinkage=0.05


Tree=381
num_leaves=15
num_cat=0
split_feature=7 56 48 35 21 34 29 13 1 16 28 6 49 15
split_gain=1.06091 1.34343 1.89981 1.4087 1.30558 1.17809 1.2091 1.1394 1.07886 1.07001 1.0645 1.77805 1.65072 1.92918
threshold=45.000000000000007 34.399999618530281 -1.8499999642372129 1.5000000000000002 182.50000000000003 2.4500000476837163 7.8500001430511483 98.153869628906264 73.000000000000014 16.44999980926514 76.500000000000014 33.95000076293946 -1.0000000180025095e-35 107.00000000000001
decision_type=2 2 2 2 2 2 2 2 2 2 2 2 8 2
left_child=1 3 -3 4 5 -1 -7 8 10 -6 11 -4 -13 -14
right_child=-2 2 7 -5 9 6 -8 -9 -10 -11 -12 12 13 -15
leaf_value=-3.4072024024103902e-05 -5.4608235458499476e-05 -0.00012257842801309361 0.0028154515344342903 -0.00028211470636184096 -3.9387975404527656e-05 -1.2176254890958749e-05 0.0011373078757541959 0.0014470417318731956 -7.9391022594875148e-05 0.00048142043183603349 9.3745202582651342e-05 -7.203331800103049e-05 0.00047382322343386479 0.001151737068483054
leaf_weight=1027 16121 1395 200 2624 78 62 51 66 571 205 1024 701 1140 127
leaf_count=1027 16121 1395 200 2624 78 62 51 66 571 205 1024 701 1140 127
internal_value=-0.000108654 0.000317314 0.000846388 -0.000366035 0.000896719 0.000130434 0.0047561 0.00142094 0.00129472 0.00387372 0.00165209 0.00227732 0.0017998 0.00287001
internal_weight=25392 9271 5224 4047 1423 1140 113 3829 3763 283 3192 2168 1968 1267
internal_count=25392 9271 5224 4047 1423 1140 113 3829 3763 283 3192 2168 1968 1267
is_linear=0
shrinkage=0.05


Tree=382
num_leaves=15
num_cat=0
split_feature=51 57 2 43 11 12 57 45 5 9 47 31 29 3
split_gain=0.804046 1.05939 1.17505 1.23753 1.06725 1.05946 1.72164 1.63936 1.46404 1.04984 1.49756 1.00371 1.02727 1.48311
threshold=-0.98296290636062611 74.850002288818374 113.04999923706056 32.500000000000007 84.689582824707045 79.021526336669936 99.049999237060561 0.36462326347827917 61.100000381469734 67.65000152587892 6.9166667461395273 -6.3038098812103263 9.3499999046325701 48.750000000000007
decision_type=2 2 2 8 2 2 2 2 2 2 2 2 2 2
left_child=-1 2 4 -4 -2 6 11 8 -8 -6 -11 -3 -13 -14
right_child=1 5 3 -5 9 -7 7 -9 -10 10 -12 12 13 -15
leaf_value=0.00014053215865459561 -6.0862782161726888e-05 -0.00028584000568155791 0.00011528714445603713 -0.0015241863249287255 4.5373402348105476e-06 -9.1859226571569848e-06 0.00063561617596912608 3.2453237404465995e-05 0.0035916275983950518 0.00099985155456082538 -0.00015901413300207937 7.8811494675365721e-05 0.0020047262343032952 -0.00013071969795778058
leaf_weight=1021 15078 301 98 504 500 5762 124 125 57 146 95 1414 92 91
leaf_count=1021 15078 301 98 504 500 5762 124 125 57 146 95 1414 92 91
internal_value=-0.000111733 -0.000169489 -0.000398942 -0.00254902 -0.000315561 0.000303409 0.00123306 0.0046519 0.00756544 0.00152463 0.00416335 0.000660376 0.00116055 0.00458549
internal_weight=25408 24387 16421 602 15819 7966 2204 306 181 741 241 1898 1597 183
internal_count=25408 24387 16421 602 15819 7966 2204 306 181 741 241 1898 1597 183
is_linear=0
shrinkage=0.05


Tree=383
num_leaves=15
num_cat=0
split_feature=8 21 22 57 47 13 43 8 10 38 57 15 52 19
split_gain=0.756237 1.00999 1.21354 1.73529 1.47678 1.80486 1.15455 1.49081 1.25488 1.06739 1.4334 1.71942 1.4509 1.38813
threshold=29.750000000000004 79.500000000000014 1757.5000000000002 178.51667022705081 4.7833335399627694 95.259223937988295 542.50000000000011 68.799999237060561 113.89166641235353 25.650000572204593 48.383333206176765 69.700000762939467 -0.56368473172187794 149.25000000000003
decision_type=2 2 2 2 2 2 8 2 2 2 2 2 2 2
left_child=-1 9 4 -4 5 -3 -7 -8 -9 -2 -11 12 -12 -13
right_child=1 2 3 -5 -6 6 7 8 -10 10 11 13 -14 -15
leaf_value=5.9930981739459235e-05 -2.1164952232516785e-05 -6.3645181754765706e-06 -0.00073013385190631979 0.00088572625202517773 -0.00015730367544439079 0.00021586465394669055 -5.8482555549760058e-05 0.0019866006844200456 0.00052260242650752965 -0.00050740027786714593 0.0036383095252916771 7.4001709964993642e-06 0.00065054136650404264 0.00040288441280163001
leaf_weight=3703 11939 1738 840 74 5905 183 54 50 71 255 68 376 104 61
leaf_count=3703 11939 1738 840 74 5905 183 54 50 71 255 68 376 104 61
internal_value=-0.000165351 -0.000277984 -0.000686276 -0.0024026 -0.000487456 0.000650521 0.00383152 0.00662162 0.00950382 6.6327e-06 0.00169336 0.00299677 0.00708791 0.00126398
internal_weight=25421 21718 8915 914 8001 2096 358 175 121 12803 864 609 172 437
internal_count=25421 21718 8915 914 8001 2096 358 175 121 12803 864 609 172 437
is_linear=0
shrinkage=0.05


Tree=384
num_leaves=15
num_cat=0
split_feature=53 57 34 28 27 50 50 24 51 26 23 16 35 36
split_gain=0.642393 1.08355 0.600942 0.573531 1.21702 1.15024 1.84495 2.08974 1.72206 1.61868 1.58767 1.4806 1.42241 2.47956
threshold=-0.99983122944831837 52.783332824707038 6.0499999523162851 93.500000000000014 26.849999427795414 0.60355338454246532 0.12940952181816109 37.500000000000007 0.78656607866287243 0.68073964118957531 0.72500002384185802 59.199998855590827 2.5000000000000004 14.650000095367433
decision_type=2 2 2 2 2 2 2 2 2 2 2 2 2 2
left_child=1 -1 3 5 -5 6 8 -8 -2 -10 -11 -9 -7 -14
right_child=2 -3 -4 4 -6 12 7 11 9 10 -12 -13 13 -15
leaf_value=-0.00041270033076694986 -4.0814559814699845e-05 0.0031750195640821276 -0.0014143529283219144 -0.00015543524044942146 0.00082987963534710951 3.3562398623260799e-06 -0.00068376787019127229 1.9323147927830807e-05 -5.0999707628233195e-05 0.00014666643885636699 0.00082879339057437967 0.0026149026146165023 0.0019684545331312363 0.00022168074007751748
leaf_weight=74 10344 56 74 1957 69 4314 2896 755 1211 1414 333 71 394 1274
leaf_count=74 10344 56 74 1957 69 4314 2896 755 1211 1414 333 71 394 1274
internal_value=-0.000163591 0.00321428 -0.000182355 -0.000168119 -0.000972496 -9.68903e-05 -0.000306447 -0.00128885 -3.08005e-05 0.001031 0.00200057 0.000921051 0.000498997 0.00173421
internal_weight=25236 130 25106 25032 2026 23006 17024 3722 13302 2958 1747 826 5982 1668
internal_count=25236 130 25106 25032 2026 23006 17024 3722 13302 2958 1747 826 5982 1668
is_linear=0
shrinkage=0.05


Tree=385
num_leaves=15
num_cat=0
split_feature=46 42 9 29 22 20 23 38 37 53 19 34 52 44
split_gain=0.773216 0.979876 1.13387 0.860207 0.896816 1.14242 1.33313 0.832658 1.5362 1.26169 0.952668 0.80585 0.743153 0.73082
threshold=0.15000000223517421 14.250000000000002 28.550000190734867 21.10000038146973 559.50000000000011 18.94999980926514 0.6850000023841859 8.9499998092651385 61.500000000000007 0.29958851635456091 64.599998474121108 -3.3500000238418575 0.40614137053489691 3.4437325000762944
decision_type=2 2 2 2 2 2 2 2 2 2 2 2 2 2
left_child=1 -1 -3 4 -2 6 -6 -4 10 -10 -9 -7 -12 -13
right_child=3 2 7 -5 5 11 -8 8 9 -11 12 13 -14 -15
leaf_value=-2.4664576974715885e-05 -0.00080925941092945995 -0.0004180822925707451 -0.00023482067816655054 0.0014351670499553662 0.0057263965348164645 0.0015867564682354503 7.8524715053655402e-05 0.0028492295157437975 -0.00015872043543760348 0.00102039160825696 0.0016362606209521183 -0.00099784882274303426 -4.1118179949743894e-06 0.00044032152398488459
leaf_weight=22555 972 195 115 60 60 66 168 127 244 77 52 484 98 50
leaf_count=22555 972 195 115 60 60 66 168 127 244 77 52 484 98 50
internal_value=-0.000197964 -0.000119926 0.00148148 -0.00117647 -0.00138122 -0.000167066 0.00277311 0.00239972 0.00314145 0.00074018 0.00580139 -0.00131148 0.0028125 -0.00196691
internal_weight=25323 23463 908 1860 1800 828 228 713 598 321 277 600 150 534
internal_count=25323 23463 908 1860 1800 828 228 713 598 321 277 600 150 534
is_linear=0
shrinkage=0.05


Tree=386
num_leaves=15
num_cat=0
split_feature=30 31 48 52 6 57 43 6 53 19 55 47 40 44
split_gain=0.880875 0.803379 1.12962 1.405 0.81374 1.6689 1.50557 1.53071 1.48231 1.15387 0.732622 0.931398 1.27828 0.682082
threshold=2842.5000000000005 -11.505054473876951 2.7500000000000004 0.62587949633598339 24.94999980926514 28.183333396911625 2367.5000000000005 23.250000000000004 0.029024410061538223 59.949998855590827 1.0000000180025095e-35 8.5583333969116229 981.04998779296886 5.5725750923156747
decision_type=10 2 2 2 2 2 10 2 2 2 2 2 2 2
left_child=1 2 -1 -4 6 -6 7 10 9 -9 11 12 -3 -7
right_child=-2 4 3 -5 5 13 -8 8 -10 -11 -12 -13 -14 -15
leaf_value=-0.00065593798815989201 -0.001241262205998522 0.0029562804111547126 -0.00031939412812325091 0.0041179322107824786 -0.00073112617174251595 8.6669025301532465e-06 0.0017323265070946043 -1.3505472704908157e-05 0.0021951818263908998 0.0028968792773080604 -9.7652014240339884e-05 -0.00012644674625003792 0.00010774225323512913 -0.000106860388664301
leaf_weight=862 305 62 98 55 975 18220 97 232 84 77 1227 110 89 2807
leaf_count=862 305 62 98 55 975 18220 97 232 84 77 1227 110 89 2807
internal_value=-0.000150139 -0.000116978 -0.00148781 0.00236196 -5.83588e-05 -0.000145831 0.000910462 0.000579058 0.00331265 0.00158307 -0.000160215 0.00219557 0.00462733 -5.1577e-05
internal_weight=25300 24995 1015 153 23980 22002 1978 1881 393 309 1488 261 151 21027
internal_count=25300 24995 1015 153 23980 22002 1978 1881 393 309 1488 261 151 21027
is_linear=0
shrinkage=0.05


Tree=387
num_leaves=15
num_cat=0
split_feature=51 32 17 44 0 53 48 25 17 21 22 48 32 45
split_gain=1.14352 0.904276 1.03845 1.28939 0.931373 0.819364 0.658839 0.657902 0.636525 0.628211 0.852345 0.642981 0.61967 1.40794
threshold=-0.98296290636062611 4.5718259811401376 -11.15000009536743 1.8008884191513064 44.750000000000007 0.89691349864006054 7.4500000476837167 32.149999618530281 -4.7499999999999991 154.50000000000003 1028.5000000000002 1.3499999642372134 -2.1952013969421382 -2.8491640090942378
decision_type=2 2 2 2 2 2 2 2 2 2 2 2 2 2
left_child=1 2 5 -4 -5 7 12 9 -8 10 -1 -11 13 -2
right_child=6 -3 3 4 -6 -7 8 -9 -10 11 -12 -13 -14 -15
leaf_value=0.0005920169563183715 -4.4837546511297999e-05 -0.00022856400387701172 0.00026432177418469382 0.00088822071206766666 0.0010061072122828265 -0.0014205944180699437 0.00076596832474829673 0.0023497558576876698 -0.0041092965776859487 -0.00016843066753109129 -0.00077270510967878357 0.00040038046739526852 -4.8908328984422502e-05 0.00015429286419197803
leaf_weight=74 5873 219 241 75 68 76 65 52 225 115 50 63 14933 3062
leaf_count=74 5873 219 241 75 68 76 65 52 225 115 50 63 14933 3062
internal_value=-0.000101386 0.00151965 0.00228155 0.00413705 0.0077451 0.000568181 -0.000171302 0.00159341 -0.0025 0.000608973 0.00320895 -0.0012766 -0.000141973 0.000187254
internal_weight=25191 1033 814 384 143 430 24158 354 290 302 124 178 23868 8935
internal_count=25191 1033 814 384 143 430 24158 354 290 302 124 178 23868 8935
is_linear=0
shrinkage=0.05


Tree=388
num_leaves=15
num_cat=0
split_feature=2 25 23 13 51 53 44 38 34 50 0 51 1 8
split_gain=0.797388 1.10845 1.72483 1.78061 2.87289 2.87817 2.04698 1.54142 1.48506 2.11016 1.45466 2.0235 1.25837 1.24901
threshold=73.700000762939467 15.150000095367433 0.48499999940395361 55.867559432983406 0.78656607866287243 -0.63257205486297596 6.8656954765319833 26.44999980926514 0.35000000894069677 -0.6035533845424651 73.450000762939467 -0.12940952181816107 67.65000152587892 45.000000000000007
decision_type=2 2 2 2 2 2 2 2 2 2 2 2 2 2
left_child=1 12 13 7 6 -6 8 -4 -5 10 11 -10 -1 -3
right_child=-2 2 3 4 5 -7 -8 -9 9 -11 -12 -13 -14 -15
leaf_value=-5.6858275435429744e-05 -5.0420046832271082e-05 0.00015578022963826422 -4.6577780029461878e-05 -1.5702392876616571e-05 4.7787174718473069e-05 0.004407647092483852 0.0014518695365579137 0.0035048650789418823 0.00015141934423090403 -0.000141453093282691 2.2988351100883861e-05 0.0037593303082838689 0.00068405062969176603 -0.0001708208463360495
leaf_weight=11790 8314 938 1139 615 58 98 72 99 81 131 70 73 507 1402
leaf_count=11790 8314 938 1139 615 58 98 72 99 81 131 70 73 507 1402
internal_value=-0.000105722 8.98542e-05 0.000735477 0.00166394 0.0030298 0.00915663 0.00203422 0.000328524 0.00137755 0.00390411 0.00675214 0.00932927 -0.000161292 -0.000234044
internal_weight=25387 17073 4776 2436 1198 156 1042 1238 970 355 224 154 12297 2340
internal_count=25387 17073 4776 2436 1198 156 1042 1238 970 355 224 154 12297 2340
is_linear=0
shrinkage=0.05


Tree=389
num_leaves=15
num_cat=0
split_feature=18 51 52 56 6 36 6 18 35 24 9 17 52 30
split_gain=0.785608 1.50053 1.06354 1.97274 1.10455 1.19105 1.1752 1.18752 1.00567 0.990973 0.973316 1.02226 1.69777 1.50546
threshold=-29.749999999999996 0.37940952181816107 0.49812944233417517 67.90000152587892 60.649999618530281 15.250000000000002 120.34999847412111 -48.850000381469719 1.5000000000000002 5.5000000000000009 96.299999237060561 14.650000095367433 -0.074117381125688539 52.500000000000007
decision_type=2 2 2 2 2 2 2 2 2 2 2 2 2 10
left_child=1 2 4 -4 -1 6 -6 -8 -5 -10 -3 -12 13 -13
right_child=-2 10 3 8 5 -7 7 -9 9 -11 11 12 -14 -15
leaf_value=0.0031570802512788732 -1.1661388040666508e-05 -0.00088889514582832186 -0.00068420767753764333 2.7558155161572429e-05 0.0021895335462388324 -0.00046939226067940022 0.00026933036090634346 -0.0010087429625216047 1.3354699135996002e-05 0.0033107416133255256 -0.00054284409723284451 8.34283248102413e-05 -0.00036204833790314927 0.0035414477251329117
leaf_weight=63 22362 681 133 92 81 608 206 132 51 125 316 75 172 61
leaf_count=63 22362 681 133 92 81 608 206 132 51 125 316 75 172 61
internal_value=-0.000166482 -0.000955097 0.000129912 0.00229927 -0.000681819 -0.0010945 0.000944055 -0.0004023 0.00471223 0.00682796 -0.00218631 -0.000741326 0.00128931 0.00527397
internal_weight=25158 2796 1491 401 1090 1027 419 338 268 176 1305 624 308 136
internal_count=25158 2796 1491 401 1090 1027 419 338 268 176 1305 624 308 136
is_linear=0
shrinkage=0.05


Tree=390
num_leaves=15
num_cat=0
split_feature=27 51 50 19 37 24 40 40 27 22 38 44 3 30
split_gain=0.993165 1.45786 2.60386 2.15208 1.74863 1.25642 1.25099 1.22721 1.18616 1.41246 1.14904 1.12894 1.09514 1.62518
threshold=13.550000190734865 -0.37940952181816096 0.12940952181816109 110.95000076293947 84.500000000000014 3.5000000000000004 991.54998779296886 994.14999389648449 12.34999990463257 2366.5000000000005 10.449999809265138 1.0935630202293398 11.250000000000002 422.50000000000006
decision_type=2 2 2 2 2 2 2 2 2 2 2 2 2 8
left_child=1 3 7 5 10 -1 -7 8 -3 -10 11 -5 13 -2
right_child=12 2 -4 4 -6 6 -8 -9 9 -11 -12 -13 -14 -15
leaf_value=0.0017189429067806666 -0.00011600937828393123 0.00012328561419547949 -0.0001951577859571606 0.0012668080321986044 0.00078355160119875946 0.0018703254722755162 -0.00066279651115441871 -0.00031490247023958071 0.0025291822598067747 0.00048346181756503517 -0.0017199671506831244 -0.00063493963933224486 -4.4754224703555037e-05 0.004996439744085532
leaf_weight=180 108 414 1783 157 410 69 81 122 83 100 196 185 21302 68
leaf_count=180 108 414 1783 157 410 69 81 122 83 100 196 185 21302 68
internal_value=-8.66721e-05 0.000659629 -4.3791e-05 0.0020264 0.000793318 0.00544118 0.001875 0.00247599 0.00340198 0.00665803 -0.00107664 0.000681817 -0.000218263 0.00360215
internal_weight=25258 3780 2502 1278 948 330 150 719 597 183 538 342 21478 176
internal_count=25258 3780 2502 1278 948 330 150 719 597 183 538 342 21478 176
is_linear=0
shrinkage=0.05


Tree=391
num_leaves=15
num_cat=0
split_feature=29 11 18 5 34 34 23 50 7 38 24 48 41 48
split_gain=0.959152 1.20267 1.01037 0.993728 0.992146 0.988092 1.21648 1.13257 1.56055 1.91355 2.15076 1.8167 1.51503 0.964981
threshold=13.84999990463257 90.727085113525405 -32.450000762939446 119.09999847412111 -1.6500000357627866 -5.7499999999999991 0.7150000035762788 -0.7865660786628722 137.1499938964844 17.94999980926514 8.5000000000000018 -0.15000000223517415 1.5000000000000002 0.94999998807907116
decision_type=2 2 2 2 2 2 2 2 2 2 2 2 2 2
left_child=2 -2 -1 -3 5 -4 -7 -8 9 10 -9 -12 -11 -6
right_child=1 3 4 -5 13 6 7 8 -10 12 11 -13 -14 -15
leaf_value=-0.0002035109192418858 -0.00053084360154919785 0.002613789918231366 -0.00055203538122737918 -0.00021934762851298249 1.3167520382113737e-05 3.4527141445160689e-05 -2.3206946397470386e-05 5.4123656611817784e-05 -0.00019845344653361772 0.0015646248965997069 0.0010029091706806722 0.0031916546723000012 0.00034572849263653205 -0.00011908226745915676
leaf_weight=2341 1238 59 212 50 13404 1576 298 63 106 70 71 70 381 5465
leaf_count=2341 1238 59 212 50 13404 1576 298 63 106 70 71 70 381 5465
internal_value=-0.000132605 -0.00142594 -5.96264e-05 0.00340336 4.69472e-05 0.000915295 0.00118147 0.00248363 0.00349546 0.0043985 0.00831776 0.0115563 0.00248373 -8.44866e-05
internal_weight=25404 1347 24057 109 21716 2847 2635 1059 761 655 204 141 451 18869
internal_count=25404 1347 24057 109 21716 2847 2635 1059 761 655 204 141 451 18869
is_linear=0
shrinkage=0.05


Tree=392
num_leaves=15
num_cat=0
split_feature=29 11 34 45 9 4 38 30 26 6 30 22 41 5
split_gain=0.685638 1.08406 0.751404 0.757021 1.42345 1.74051 0.999463 1.2131 1.54147 1.15881 1.12671 1.99533 2.19989 1.86788
threshold=13.84999990463257 102.80625152587892 -5.3500001430511466 2.5285812616348271 105.79999923706056 133.40000152587893 20.349999427795414 1702.5000000000002 0.69216251373291027 27.050000190734867 247.50000000000003 724.50000000000011 2.5000000000000004 93.500000000000014
decision_type=2 2 2 2 2 2 2 10 2 2 8 2 2 2
left_child=2 -2 -1 -4 6 -6 7 8 10 -10 11 12 -5 -13
right_child=1 -3 3 4 5 -7 -8 -9 9 -11 -12 13 -14 -15
leaf_value=-0.00055388223858776804 -0.00039590785612491546 0.002318640068025059 -2.5994851120465676e-05 0.0083461978390881719 0.0012047859742426417 -5.0788949534365024e-05 -6.0083594045547488e-05 -0.00075304247690914303 0.00089526155777289651 -0.00026843583095599122 0.00012240348126224676 0.00010790789023186438 0.00011113581319309565 0.0016159291326711862
leaf_weight=308 1296 69 18267 76 301 157 2862 196 51 457 708 386 55 101
leaf_count=308 1296 69 18267 76 301 157 2862 196 51 457 708 386 55 101
internal_value=-0.000132412 -0.00121818 -6.99824e-05 -3.74583e-05 0.000485073 0.00311966 0.000232557 0.00107843 0.00148048 -0.000849422 0.00237275 0.0039172 0.0091844 0.00234406
internal_weight=25290 1365 23925 23617 5350 458 4892 2030 1834 508 1326 618 131 487
internal_count=25290 1365 23925 23617 5350 458 4892 2030 1834 508 1326 618 131 487
is_linear=0
shrinkage=0.05


Tree=393
num_leaves=15
num_cat=0
split_feature=18 34 7 35 48 18 48 20 34 45 21 17 26 34
split_gain=1.31123 0.863747 0.99283 0.893521 1.92895 1.8702 1.9361 1.71277 1.61391 1.16486 1.27298 1.42754 1.61891 2.03056
threshold=-32.450000762939446 -5.1499998569488517 58.649999618530281 1.5000000000000002 -1.2499999999999998 6.1499998569488534 0.45000000298023229 7.7500000000000009 -1.6500000357627866 -1.0000000180025095e-35 18.500000000000004 36.250000000000007 0.69600468873977672 0.25000000745058065
decision_type=2 2 2 2 2 2 2 2 2 2 2 2 2 2
left_child=-1 2 -2 4 -3 -6 7 -7 -5 -10 -11 -12 13 -13
right_child=1 3 -4 8 5 6 -8 -9 9 10 11 12 -14 -15
leaf_value=-0.00023597817032521278 -0.0011149953234384242 -0.00036560750829888399 8.697118367737884e-05 0.00028274674442151218 7.4104166220133193e-06 0.00046971101203763374 -7.9436480438277303e-06 0.00015114766420233489 -0.00018336033878529626 -0.0004784559609520146 4.9438495242289835e-05 0.0013473451253175445 0.0014060645754218688 -0.0012844698606838869
leaf_weight=2538 299 947 109 1946 3820 161 918 1581 7252 814 4476 71 178 144
leaf_count=2538 299 947 109 1946 3820 161 918 1581 7252 814 4476 71 178 144
internal_value=-0.00011756 3.07898e-06 -0.0022488 4.52538e-05 0.000492805 0.000801231 0.00181648 0.00279109 -0.000178297 -0.000380457 0.000155453 0.000462184 0.00331265 0.000333332
internal_weight=25254 22716 408 22308 7427 6480 2660 1742 14881 12935 5683 4869 393 215
internal_count=25254 22716 408 22308 7427 6480 2660 1742 14881 12935 5683 4869 393 215
is_linear=0
shrinkage=0.05


Tree=394
num_leaves=15
num_cat=0
split_feature=48 33 50 18 21 20 45 21 29 26 53 43 44 20
split_gain=0.676508 1.2958 1.44173 1.51778 1.06563 1.7169 2.2118 1.31579 1.29781 1.1838 1.51458 1.60075 1.00311 1.24091
threshold=-1.3499999642372129 1.8499999642372134 0.91597560048103344 -3.0499999523162837 138.50000000000003 10.34999990463257 5.3623089790344247 162.50000000000003 9.1500000953674334 0.63808164000511181 -0.72102889418601979 72.500000000000014 -0.3558212518692016 141.94999694824222
decision_type=2 2 2 2 2 2 2 2 2 2 2 10 2 2
left_child=1 2 4 -4 12 7 9 8 -6 10 -7 -12 -1 -14
right_child=-2 -3 3 -5 5 6 -8 -9 -10 -11 11 -13 13 -15
leaf_value=-6.1182382168331376e-05 4.3807331121951616e-06 -0.0013975982171101091 0.0045848714046056753 -4.5089925325785573e-05 0.0033252126079137793 -0.00075899696974010989 0.0031053421497151974 -0.00084079140896068771 -0.00015599132775152844 -3.1544410459988062e-05 0.00051095090466501112 0.0045322974763705691 -0.00057330143960501062 0.00021033228165748941
leaf_weight=1776 18759 691 192 233 114 53 88 731 151 476 77 75 1921 62
leaf_count=1776 18759 691 192 233 114 53 88 731 151 476 77 75 1921 62
internal_value=-0.000108034 -0.000541355 -0.000301226 0.00247126 -0.000518613 0.000492957 0.00225289 -0.000874753 0.00209091 0.00122286 0.00430232 0.00672839 -0.000993633 -0.00176367
internal_weight=25399 6640 5949 425 5524 1765 769 996 265 681 205 152 3759 1983
internal_count=25399 6640 5949 425 5524 1765 769 996 265 681 205 152 3759 1983
is_linear=0
shrinkage=0.05


Tree=395
num_leaves=15
num_cat=0
split_feature=57 38 38 30 50 2 2 16 25 18 18 42 26 9
split_gain=0.961517 1.08086 1.43084 1.38215 1.02572 1.00458 0.998009 0.981681 0.926992 1.55545 2.715 1.60267 0.940754 0.799697
threshold=170.91666412353518 9.0500001907348651 10.949999809265138 42.500000000000007 0.37940952181816107 160.90000152587893 183.25000000000003 102.90000152587892 38.549999237060554 12.650000095367433 23.550000190734867 6.5499999523162851 0.69743588566780101 28.550000190734867
decision_type=2 2 2 10 2 2 2 2 2 2 2 2 2 2
left_child=5 4 3 6 7 8 -3 -2 13 12 -11 -12 -10 -1
right_child=1 2 -4 -5 -6 -7 -8 -9 9 10 11 -13 -14 -15
leaf_value=-0.00014782424740629051 -3.4142464697727238e-05 0.0015701910107050064 5.7238036665588576e-06 0.00033427448381251416 -0.00024336090139848141 -0.00026058938685572354 0.0003273947501105145 0.00032603628733905796 -0.00016642778220779148 0.0011078202276901406 -0.00026355447649842496 0.00065676083388894308 0.00051965277691483694 6.9545996872500133e-07
leaf_weight=3237 171 84 214 115 359 984 54 159 241 120 211 132 96 19065
leaf_count=3237 171 84 214 115 359 984 54 159 241 120 211 132 96 19065
internal_value=-5.58384e-05 0.00134648 0.0031761 0.00564639 7.86827e-05 -0.000123673 0.00885135 0.00205882 -5.66817e-05 0.00160494 0.00345666 0.00109065 -0.000965419 -0.000116979
internal_weight=25242 1156 467 253 689 24086 138 330 23102 800 463 343 337 22302
internal_count=25242 1156 467 253 689 24086 138 330 23102 800 463 343 337 22302
is_linear=0
shrinkage=0.05


Tree=396
num_leaves=15
num_cat=0
split_feature=30 31 36 18 31 31 43 44 24 26 5 18 47 1
split_gain=0.840467 0.674998 0.924933 0.715186 0.712753 1.11535 1.79506 1.46591 2.6753 1.27319 1.67269 1.11407 0.956464 0.906196
threshold=2732.5000000000005 -11.875301837921141 33.149999618530281 4.4500000476837167 6.0783488750457773 4.6763195991516122 25.02689361572266 3.2334194183349614 17.500000000000004 0.98161822557449352 104.90000152587892 -19.05000019073486 5.3833334445953378 12.949999809265138
decision_type=10 2 2 2 2 2 10 2 2 2 2 2 2 2
left_child=1 2 -1 -4 5 13 7 -7 -9 11 -11 -8 -6 -3
right_child=-2 4 3 -5 12 6 9 8 -10 10 -12 -13 -14 -15
leaf_value=-0.00048269721094297975 -0.00072503767162836251 0.0015665204751960907 -0.00023418874254881755 0.0012931704499109654 -0.0010231480874485378 0.00017898298886774759 -0.00067525966502830466 0.0031118375600134441 4.6063184807810862e-05 -0.00015675540002523986 0.0016003843231143173 7.3749721454662302e-05 -7.7464073054358409e-05 7.9450612796031499e-07
leaf_weight=805 346 73 54 50 210 133 274 101 86 58 52 818 2840 19190
leaf_count=805 346 73 54 50 210 133 274 101 86 58 52 818 2840 19190
internal_value=-5.97621e-05 -2.50476e-05 -0.00135473 0.00289474 2.62098e-05 0.00013104 0.0014295 0.00469697 0.00743655 0.000528052 0.00541667 -9.07559e-06 -0.000686276 2.77578e-05
internal_weight=25090 24744 909 104 23835 20785 1522 320 187 1202 110 1092 3050 19263
internal_count=25090 24744 909 104 23835 20785 1522 320 187 1202 110 1092 3050 19263
is_linear=0
shrinkage=0.05


Tree=397
num_leaves=15
num_cat=0
split_feature=23 51 26 25 41 1 52 8 30 2 2 21 42 51
split_gain=0.960758 1.59579 1.82513 1.52913 1.72315 1.933 1.79307 2.14534 1.84008 1.7266 1.95899 1.5949 1.46037 1.34812
threshold=0.56499999761581432 -0.6035533845424651 0.99063107371330272 22.150000572204593 78.500000000000014 38.149999618530281 0.46800856292247778 43.250000000000007 82.500000000000014 50.350000381469734 62.500000000000007 99.500000000000014 11.949999809265138 -0.7865660786628722
decision_type=2 2 2 2 2 2 2 2 8 2 2 2 2 2
left_child=13 3 -3 4 5 11 7 9 -9 -7 -11 -2 -10 -1
right_child=1 2 -4 -5 -6 6 -8 8 12 10 -12 -13 -14 -15
leaf_value=-0.0004611599991840597 0.0034655408607398549 -4.7484796361341706e-05 0.00049921923478354392 -8.306982724663514e-05 -1.5582767801582083e-05 0.00020997931508980397 -0.00027623592496072525 0.0014115389990183181 -6.8360375697461805e-05 0.0017464488702530669 0.00061453320899235034 0.00056799948281749499 0.0021619488295503328 -1.0718160519218436e-05
leaf_weight=2823 104 7675 327 713 871 220 314 91 658 95 112 241 67 11128
leaf_count=2823 104 7675 327 713 871 220 314 91 658 95 112 241 67 11128
internal_value=-9.4111e-05 0.000244389 -0.000144784 0.00113558 0.00166547 0.00250523 0.00173261 0.0025818 0.00105327 0.0054119 0.00859447 0.00584507 0.000170067 -0.000372825
internal_weight=25439 11488 8002 3486 2773 1902 1557 1243 816 427 207 345 725 13951
internal_count=25439 11488 8002 3486 2773 1902 1557 1243 816 427 207 345 725 13951
is_linear=0
shrinkage=0.05


Tree=398
num_leaves=15
num_cat=0
split_feature=18 12 43 50 55 18 41 5 57 8 8 10 41 17
split_gain=0.684302 0.786664 1.11094 0.961989 1.44447 0.58649 0.564462 0.826725 0.813874 1.93524 1.53588 1.11153 0.935808 1.08459
threshold=59.95000076293946 58.332639694213874 77.500000000000014 0.60355338454246532 2.5000000000000004 54.049999237060554 99.500000000000014 217.94999694824222 178.51667022705081 158.09999847412112 135.25000000000003 137.72499847412112 90.500000000000014 -11.15000009536743
decision_type=2 2 10 2 2 2 2 2 2 2 2 2 2 2
left_child=5 2 -2 -3 -5 6 8 -8 11 10 -10 12 -1 -14
right_child=1 3 -4 4 -6 -7 7 -9 9 -11 -12 -13 13 -15
leaf_value=-2.6605832985039293e-06 0.0006634520341352114 -0.00014084170912456105 9.9690185545204055e-05 0.0011795333508947854 -3.452354691229862e-05 -0.00078557338129305824 -0.00013153283550741416 0.0004335156975677542 0.00013930216884235468 3.048592524067087e-05 0.0011518667963116922 -0.0003171649399484029 0.00091987762558314295 3.872960142619271e-05
leaf_weight=18102 97 317 89 102 161 148 3239 116 61 474 77 985 424 912
leaf_count=18102 97 317 89 102 161 148 3239 116 61 474 77 985 424 912
internal_value=-1.8568e-05 0.0014433 0.00418367 0.000508473 0.00269231 -6.47723e-05 -4.50832e-05 -0.000646361 5.10798e-05 0.0018328 0.00682432 -3.18232e-06 8.02127e-05 0.00135215
internal_weight=25304 766 186 580 263 24538 24390 3355 21035 612 138 20423 19438 1336
internal_count=25304 766 186 580 263 24538 24390 3355 21035 612 138 20423 19438 1336
is_linear=0
shrinkage=0.05


Tree=399
num_leaves=15
num_cat=0
split_feature=45 31 49 44 32 49 36 31 25 17 16 7 30 47
split_gain=0.673992 0.827681 0.891467 0.930981 1.34333 1.21955 1.44419 1.28602 1.85834 1.40465 1.07477 1.35416 2.12702 1.34728
threshold=2.318596720695496 -5.7819004058837882 507.50000000000006 -2.1783447265624996 2.1728162765502934 1.0000000180025095e-35 15.050000190734865 -2.4905811548233028 30.849999427795414 46.549999237060554 68.349998474121108 74.599998474121108 57.500000000000007 5.4166667461395273
decision_type=2 2 10 2 2 8 2 2 2 2 2 2 10 2
left_child=1 -1 3 4 5 6 7 9 -9 -3 11 -8 -13 -14
right_child=-2 2 -4 -5 -6 -7 10 8 -10 -11 -12 12 13 -15
leaf_value=-0.00023956546659578503 3.7116750571176312e-05 -0.00014118228526344086 -0.00090374669759709129 -3.8934774514379705e-05 -0.00027974791970128242 6.8775267586704957e-06 0.00014939270552049482 0.0035282813632495041 0.00022982254508365158 0.0006239742684514591 -0.00060799971787205284 -0.0001435202135126206 0.0042774680610175118 0.0016761041353608745
leaf_weight=2979 6398 136 914 11121 666 1801 860 52 54 63 98 68 59 73
leaf_count=2979 6398 136 914 11121 666 1801 860 52 54 63 98 68 59 73
internal_value=-0.000239036 -0.000388837 -0.000245698 -0.000153045 0.000507613 0.000925472 0.00199253 0.005 0.00922414 0.00241627 0.00116438 0.00163551 0.00523809 0.00873239
internal_weight=25342 18944 15965 15051 3930 3264 1463 305 106 199 1158 1060 200 132
internal_count=25342 18944 15965 15051 3930 3264 1463 305 106 199 1158 1060 200 132
is_linear=0
shrinkage=0.05


Tree=400
num_leaves=15
num_cat=0
split_feature=46 18 21 52 18 51 47 24 17 43 22 17 1 54
split_gain=0.622098 0.923672 0.971393 0.655476 0.607513 0.907998 0.949542 1.25387 1.01116 1.75829 1.23656 0.931029 0.925489 0.799592
threshold=4.5499999523162851 -9.5500001907348615 67.500000000000014 0.9990701973438264 -32.450000762939446 0.37940952181816107 6.8166668415069589 118.50000000000001 -12.249999999999998 292.50000000000006 1881.5000000000002 -41.950000762939446 27.050000190734867 11.500000000000002
decision_type=2 2 2 2 2 2 2 2 2 10 2 2 2 2
left_child=3 2 -2 4 5 6 8 12 9 10 11 -1 -8 -7
right_child=1 -3 -4 -5 -6 13 7 -9 -10 -11 -12 -13 -14 -15
leaf_value=0.0033168267763314697 -0.0022960180324498986 -0.0016350863146424007 0.003243820326725703 -0.00044744418602567454 -5.0785788783127913e-06 -0.00058760514925089815 0.0012567704330468561 0.0016791201963375333 -0.00012375049711962717 -0.00061083434268156009 0.00033819630994564041 0.0018919667767046491 -0.00046309022970044837 0.0001542292437264485
leaf_weight=50 50 184 51 341 22244 972 54 53 344 108 99 95 481 210
leaf_count=50 50 184 51 341 22244 972 54 53 344 108 99 95 481 210
internal_value=-0.000174782 -0.00245763 0.00130631 -0.00014784 -0.000117315 -0.00086026 6.18226e-05 -0.00140468 0.00130311 0.00314917 0.00543307 0.00822581 -0.00215596 -0.00185403
internal_weight=25336 285 101 25051 24710 2466 1284 588 696 352 244 145 535 1182
internal_count=25336 285 101 25051 24710 2466 1284 588 696 352 244 145 535 1182
is_linear=0
shrinkage=0.05


Tree=401
num_leaves=15
num_cat=0
split_feature=51 2 30 30 44 17 40 29 21 17 13 56 6 45
split_gain=0.80194 1.17376 1.13821 1.41638 1.20691 0.699168 0.758448 0.855869 0.648112 0.766844 0.654841 0.866623 1.90885 1.28511
threshold=-0.98296290636062611 23.050000190734867 947.50000000000011 732.50000000000011 -1.4546316862106321 4.8500001430511483 988.95001220703136 4.8500001430511483 236.50000000000003 -73.700000762939439 169.29523468017581 70.65000152587892 68.799999237060561 6.4940977096557626
decision_type=2 2 8 10 2 2 2 2 2 2 2 2 2 2
left_child=1 -1 3 5 -5 6 7 -3 9 -2 11 12 -11 -14
right_child=8 2 -4 4 -6 -7 -8 -9 -10 10 -12 -13 13 -15
leaf_value=0.0010524081388552666 0.0001800855088750262 0.0014662132556345136 -9.1107769859693675e-05 0.00012155324846850045 0.0013690332024718745 0.00093603880395587815 -0.00019072827580309177 -0.00027171561255556298 -0.00033311720090458628 -2.7794159260034416e-05 -0.00029581606290502186 3.2255336060954349e-05 -0.00091544130051406266 0.00057029560400419872
leaf_weight=52 630 51 475 69 74 57 235 63 275 13904 638 7511 1148 104
leaf_count=52 630 51 475 69 74 57 235 63 275 13904 638 7511 1148 104
internal_value=-0.000113853 0.00121547 0.000802707 0.00233452 0.00643791 0.00076923 -0.000125349 0.00306452 -0.000173412 -0.000145125 -0.000191938 -0.000147067 -0.000364633 -0.00222663
internal_weight=25286 1076 1024 549 143 406 349 114 24210 23935 23305 22667 15156 1252
internal_count=25286 1076 1024 549 143 406 349 114 24210 23935 23305 22667 15156 1252
is_linear=0
shrinkage=0.05


Tree=402
num_leaves=15
num_cat=0
split_feature=18 51 1 7 5 23 15 38 20 38 49 49 38 26
split_gain=0.600057 1.16556 1.68045 2.01801 1.56097 1.52761 1.50797 1.13694 1.10471 1.11624 1.76178 1.4267 1.0722 1.4447
threshold=8.0500001907348651 0.60355338454246532 42.049999237060554 47.049999237060554 161.85000610351565 0.55500000715255748 45.149999618530281 5.1499998569488534 4.0499999523162851 7.4500000476837167 157.50000000000003 52.500000000000007 15.550000190734865 0.94435009360313427
decision_type=2 2 2 2 2 2 2 2 2 2 8 10 2 2
left_child=7 8 3 6 12 -6 -3 -1 -2 10 11 -10 -4 -14
right_child=1 2 4 -5 5 -7 -8 -9 9 -11 -12 -13 13 -15
leaf_value=-0.00052147144975250967 0.00096491499517290273 0.0002311614560120387 -5.6967841768221694e-05 -0.00069152202987907791 0.00010671987543004452 0.00099884817693116903 0.0042860380039304201 -4.4342731996659193e-05 0.00035759510127266494 -0.00011007905280590589 -0.0003083871279502632 0.001591239650968876 6.7559287427681789e-05 0.00093953681224839651
leaf_weight=930 105 102 1208 66 97 78 76 16002 378 4762 273 51 1051 130
leaf_count=930 105 102 1208 66 97 78 76 16002 378 4762 273 51 1051 130
internal_value=-0.000213082 0.000132943 0.000961674 0.00484252 0.000574979 0.005 0.0075 -0.000384253 -0.000285895 -0.000387287 0.00146067 0.00342824 0.000231345 0.00129723
internal_weight=25309 8377 2808 244 2564 175 178 16932 5569 5464 702 429 2389 1181
internal_count=25309 8377 2808 244 2564 175 178 16932 5569 5464 702 429 2389 1181
is_linear=0
shrinkage=0.05


Tree=403
num_leaves=15
num_cat=0
split_feature=9 2 4 46 15 49 6 16 38 40 56 15 25 16
split_gain=1.20069 1.14493 0.974326 0.854053 0.756823 0.776151 1.45418 1.26208 1.22971 0.76199 0.93367 2.54555 0.995637 0.982076
threshold=27.050000190734867 106.50000000000001 152.05000305175784 8.2500000000000018 139.44999694824222 172.50000000000003 95.099998474121108 94.90000152587892 7.3500001430511483 991.64999389648449 132.00000000000003 190.69999694824222 23.349999427795414 76.700000762939467
decision_type=2 2 2 2 2 10 2 2 2 2 2 2 2 2
left_child=2 3 -1 -2 -3 6 8 -7 -6 -8 -11 12 -12 -13
right_child=1 4 -4 -5 5 7 9 -9 -10 10 11 13 -14 -15
leaf_value=-0.00034026936099617607 1.6688924387885956e-05 -0.00049156956279993488 0.000442612765434635 -0.0021064051583999195 0.001037158636912446 -0.0020559479844330674 -0.00011841534613624579 0.0012592866494652286 0.00015184724883313312 -0.00021302034226496351 0.00031307298640688804 0.00030748163379205651 0.0011151752716285507 -0.00018091187910583334
leaf_weight=2772 18152 627 56 108 65 500 1613 80 344 269 63 178 81 497
leaf_count=2772 18152 627 56 108 65 500 1613 80 344 269 63 178 81 497
internal_value=-0.000207556 -8.56699e-05 -0.00117689 8.75741e-05 -0.000816964 -0.000540542 -0.00022436 -0.00220339 0.0025179 -0.000647364 0.000373405 0.0012123 0.00701299 -0.00010949
internal_weight=25405 22577 2828 18260 4317 3690 3110 580 409 2701 1088 819 144 675
internal_count=25405 22577 2828 18260 4317 3690 3110 580 409 2701 1088 819 144 675
is_linear=0
shrinkage=0.05


Tree=404
num_leaves=15
num_cat=0
split_feature=23 49 5 11 27 44 5 23 2 10 14 49 31 27
split_gain=0.726274 1.87272 0.854734 1.47227 1.46383 0.859607 1.40159 1.59383 1.60454 1.33699 1.29807 2.08694 1.17279 1.09463
threshold=0.28499999642372137 222.50000000000003 27.050000190734867 27.285416603088382 32.350000381469734 -4.6635701656341544 76.250000000000014 0.44499999284744268 105.09999847412111 96.341667175292983 26.449668884277347 -17.499999999999996 -8.2706456184387189 28.050000190734867
decision_type=2 10 2 2 2 2 2 2 2 2 2 10 2 2
left_child=1 -1 -2 4 -4 6 13 -8 9 -9 11 -7 -13 -5
right_child=2 -3 3 5 -6 10 7 8 -10 -11 -12 12 -14 -15
leaf_value=-3.6225918013550417e-05 -0.00026635912990837386 -0.0024845641863939327 8.1756793602321453e-05 -2.2954086251269562e-05 0.0015445634154777237 -2.8755040870171927e-05 0.00082040828248978028 0.00016381262323554243 -0.00024737624199197013 0.0026122219726484436 -4.3187869382382557e-05 -0.0011746633417155112 0.00022090956821404969 -0.00046373908147081649
leaf_weight=3864 1773 495 138 2212 68 3778 144 738 513 123 4643 116 4790 1953
leaf_count=3864 1773 495 138 2212 68 3778 144 738 513 123 4643 116 4790 1953
internal_value=-6.46751e-05 -0.00065118 5.73825e-05 0.000154477 0.00425926 0.00010778 -0.000406641 0.000890051 0.00034682 0.00165901 0.000327284 0.000687829 0.00136696 -0.000880241
internal_weight=25348 4359 20989 19216 206 19010 5683 1518 1374 861 13327 8684 4906 4165
internal_count=25348 4359 20989 19216 206 19010 5683 1518 1374 861 13327 8684 4906 4165
is_linear=0
shrinkage=0.05


Tree=405
num_leaves=15
num_cat=0
split_feature=51 20 7 1 29 48 5 23 19 48 13 48 37 26
split_gain=0.858945 1.13483 1.57709 1.5231 0.874735 1.28877 1.11573 1.14346 1.14151 1.07599 1.04894 2.20819 2.16495 1.60703
threshold=-0.98296290636062611 25.550000190734867 47.049999237060554 124.55000305175783 12.449999809265138 4.9500000476837167 35.95000076293946 0.22500000149011615 209.75000000000003 -5.4500000476837149 45.468750000000007 -0.65000000596046437 82.500000000000014 0.70791533589363109
decision_type=2 2 2 2 2 2 2 2 2 2 2 2 2 2
left_child=1 2 -1 -3 6 -6 8 -8 9 -2 12 -12 13 -11
right_child=4 3 -4 -5 5 -7 7 -9 -10 10 11 -13 -14 -15
leaf_value=0.00032409466627426713 0.0040314875470001954 0.0012692032892395386 -0.00024974353469050105 -5.5663444826260074e-05 -0.00043945083325508242 0.0028108874354343632 -0.00037611878148632101 -3.371289157822371e-05 0.0022782505572039109 0.00032862506302265803 -0.00010542693547468306 0.00052982748910198718 -0.00093111930018787391 -0.00072365763708806075
leaf_weight=497 53 101 354 93 1869 63 1230 15907 51 1656 840 1110 738 574
leaf_count=497 53 101 354 93 1869 63 1230 15907 51 1656 840 1110 738 574
internal_value=-0.000188103 0.00120853 0.000400696 0.00455882 -0.000249161 -0.00126674 -0.000159909 -0.000351958 0.000494832 0.000410559 0.000326703 0.00122449 -0.00026528 0.000513392
internal_weight=25136 1045 851 194 24091 1932 22159 17137 5022 4971 4918 1950 2968 2230
internal_count=25136 1045 851 194 24091 1932 22159 17137 5022 4971 4918 1950 2968 2230
is_linear=0
shrinkage=0.05


Tree=406
num_leaves=15
num_cat=0
split_feature=21 18 37 43 2 25 6 30 11 18 5 49 2 34
split_gain=0.650734 0.652425 1.15941 0.969399 1.15141 0.851141 1.59427 2.89244 1.81813 2.07859 1.24176 1.6 1.40915 1.5995
threshold=247.50000000000003 -10.349999904632567 49.500000000000007 647.50000000000011 23.050000190734867 6.8500001430511483 53.350000381469734 152.50000000000003 44.047916412353523 -16.749999999999996 61.100000381469734 -47.499999999999993 93.000000000000014 0.15000000223517421
decision_type=2 2 2 10 2 2 2 8 2 2 2 8 2 2
left_child=1 2 -1 5 -5 -4 7 -7 -9 -10 11 -8 13 -12
right_child=-2 -3 3 4 -6 6 10 8 9 -11 12 -13 -14 -15
leaf_value=-0.00046977176417766636 -0.00037495561270780236 6.8078193270851444e-06 -0.0010369581597633769 0.0020215087140725246 -0.00096180515665265942 0.0042701367140198674 0.00081269136269216053 -0.00090135125031526688 0.0039430794227582637 -0.00012656884315225944 4.7424012280410093e-05 -0.00049031534012379909 -5.6028536497493193e-05 0.00083091094330348602
leaf_weight=1354 143 17985 360 66 449 125 257 287 60 84 743 1608 1202 528
leaf_count=1354 143 17985 360 66 449 125 257 287 60 84 743 1608 1202 528
internal_value=-0.000115001 -9.51521e-05 -0.000499791 -0.00018948 -0.0022381 1.51964e-05 0.00018964 0.00268551 0.000668933 0.00506493 -0.000135696 -0.00110667 0.000598066 0.00175254
internal_weight=25251 25108 7123 5769 515 5254 4894 556 431 144 4338 1865 2473 1271
internal_count=25251 25108 7123 5769 515 5254 4894 556 431 144 4338 1865 2473 1271
is_linear=0
shrinkage=0.05


Tree=407
num_leaves=15
num_cat=0
split_feature=41 23 25 25 23 23 36 10 45 13 11 23 43 44
split_gain=0.896442 0.91664 1.6759 2.444 1.03353 0.88915 0.768603 1.55206 0.982438 1.49758 1.25819 1.68955 1.53566 1.13096
threshold=99.500000000000014 1.6649999618530276 14.34999990463257 18.349999427795414 1.4249999523162844 0.19500000029802325 16.650000572204593 140.08333587646487 -0.36280825734138483 164.488395690918 73.283332824707045 0.78499999642372142 142.50000000000003 0.7147311568260194
decision_type=2 2 2 2 2 2 2 2 2 2 2 2 10 2
left_child=1 4 -3 -4 5 -1 8 -8 10 -10 11 12 13 -7
right_child=-2 2 3 -5 -6 6 7 -9 9 -11 -12 -13 -14 -15
leaf_value=-0.00027818012071551749 -0.00013412674799007741 -0.0007760784776309382 0.001594844655561312 0.000111252971992571 -0.00039733058759288531 0.00060165948767546061 -7.4929836609561824e-07 -0.00042651792308342909 0.00034851632716256689 -0.00034001219521773325 -6.7712197634585148e-05 0.0032459707132679798 0.000777041954399441 -0.00023237066109458326
leaf_weight=1558 3536 90 54 74 359 269 15529 452 997 174 1734 51 103 430
leaf_count=1558 3536 90 54 74 359 269 15529 452 997 174 1734 51 103 430
internal_value=-0.000159325 -3.97563e-05 0.00311403 0.0065942 -7.29265e-05 -2.7457e-05 6.35463e-05 -8.78631e-05 0.000705944 0.00190093 0.000159799 0.00172074 0.00109606 0.000218617
internal_weight=25410 21874 218 128 21656 21297 19739 15981 3758 1171 2587 853 802 699
internal_count=25410 21874 218 128 21656 21297 19739 15981 3758 1171 2587 853 802 699
is_linear=0
shrinkage=0.05


Tree=408
num_leaves=15
num_cat=0
split_feature=56 6 6 36 26 47 34 34 8 8 54 43 11 34
split_gain=0.964873 1.26076 1.25876 1.85884 1.36084 1.11559 1.21083 1.51517 2.00467 0.970642 1.11106 1.33039 1.36714 1.12956
threshold=45.000000000000007 54.750000000000007 41.049999237060554 18.94999980926514 0.78845849633216869 10.016666889190676 0.94999998807907116 0.35000000894069677 32.049999237060554 45.350000381469734 9.5000000000000018 402.50000000000006 48.022916793823249 2.4500000476837163
decision_type=2 2 2 2 2 2 2 2 2 2 2 10 2 2
left_child=1 9 3 -2 5 6 7 8 -5 10 13 -12 -13 -1
right_child=2 -3 -4 4 -6 -7 -8 -9 -10 -11 11 12 -14 -15
leaf_value=-5.900506790890713e-05 -0.00021077331191372099 -0.0022442223589744822 2.8850157843495222e-06 -0.00034182162129337283 -0.0015946026468076952 -0.00072476079203788186 0.00042334389004278575 0.0034352954726335778 0.0049798576671479218 -0.00021924085598479245 -0.0002358724550674653 -0.00023203287782268419 0.00044378093752066013 0.00023185715906064161
leaf_weight=4763 148 391 15269 68 139 82 133 64 123 3183 124 51 156 612
leaf_count=4763 148 391 15269 68 139 82 133 64 123 3183 124 51 156 612
internal_value=-0.000105863 -0.000511304 0.000129083 0.00210561 0.00331987 0.00458333 0.00567839 0.00764151 0.00495025 -0.000387123 3.49776e-06 0.00277126 0.00513825 -0.000171775
internal_weight=25306 9280 16026 757 609 470 388 255 191 8889 5706 331 207 5375
internal_count=25306 9280 16026 757 609 470 388 255 191 8889 5706 331 207 5375
is_linear=0
shrinkage=0.05


Tree=409
num_leaves=15
num_cat=0
split_feature=6 38 40 30 8 45 52 52 40 50 44 32 32 40
split_gain=0.718735 1.22443 1.00646 1.86722 2.39364 1.1134 1.07016 0.865274 1.14537 0.850251 1.24936 1.45489 1.33653 1.61244
threshold=19.250000000000004 1.0500000119209292 982.85000610351574 922.50000000000011 16.849999427795414 -1.0758022069931028 0.82414472103118908 0.92273071408271801 977.35000610351574 0.60355338454246532 1.8468395471572878 7.1508092880249032 9.1849889755249041 978.85000610351574
decision_type=2 2 2 10 2 2 2 2 2 2 2 2 2 2
left_child=1 -1 3 6 -5 -6 -3 9 -9 -2 11 -11 13 -13
right_child=7 2 -4 4 5 -7 -8 8 -10 10 -12 12 -14 -15
leaf_value=-0.0016798618101939511 -3.5288044569695501e-05 -0.00029129923437690722 -0.00013688397617075219 -0.00035968150408405736 0.0032475961731202535 0.0010388135499751984 0.0022018279756040077 0.0031389705067868222 -0.0002532160172912238 -2.5018973017398678e-05 0.00014033469293318426 0.0046713961047239461 -0.00065093591769789852 7.8843425077834779e-05
leaf_weight=78 15270 247 304 73 70 72 103 50 2688 4513 1608 63 69 53
leaf_count=78 15270 247 304 73 70 72 103 50 2688 4513 1608 63 69 53
internal_value=-0.000126826 0.00121734 0.00176905 0.003 0.00655555 0.0101316 0.000694443 -0.000179659 -0.00101529 -7.31968e-05 0.000414818 2.12285e-06 0.00423077 0.00730159
internal_weight=25261 947 869 565 215 142 350 24314 2738 21576 6306 4698 185 116
internal_count=25261 947 869 565 215 142 350 24314 2738 21576 6306 4698 185 116
is_linear=0
shrinkage=0.05


Tree=410
num_leaves=15
num_cat=0
split_feature=30 6 22 30 54 21 23 23 14 57 8 26 40 9
split_gain=0.963725 0.93134 1.36165 1.24238 2.86648 1.73795 1.2598 1.22202 1.14727 0.958555 1.17434 1.12853 1.27269 1.07771
threshold=2842.5000000000005 37.549999237060554 2995.5000000000005 1297.5000000000002 4.5000000000000009 175.50000000000003 0.75499999523162853 0.5249999761581422 9.2839827537536639 41.183334350585945 35.549999237060554 0.48421457409858709 982.45001220703136 71.099998474121108
decision_type=10 2 2 10 2 2 2 2 2 2 2 2 2 2
left_child=1 2 3 9 -5 8 7 -7 -6 10 -1 -11 -13 -14
right_child=-2 -3 -4 4 5 6 -8 -9 -10 11 -12 12 13 -15
leaf_value=1.7135424157993872e-05 -0.0010495170194782667 -4.262249366472455e-05 0.0018059998666217821 -0.00054478917816844208 6.5975042638496972e-05 0.00047372092462633346 0.0011367769845269033 -0.0005386716721436784 0.002237202943694728 -0.00047936796754194985 -0.00032404876203640572 0.00086840576197052427 -0.00034645407037806075 0.00099605275022849877
leaf_weight=2296 318 18922 70 402 67 172 77 137 98 178 1346 718 477 173
leaf_count=2296 318 18922 70 402 67 172 77 137 98 178 1346 718 477 173
internal_value=-0.000173011 -0.000137813 0.000393022 0.000308079 0.00195742 0.00426916 0.00232323 0.000799372 0.00842857 1.92263e-06 -0.000440856 0.00104113 0.0015312 -7.57587e-05
internal_weight=25451 25133 6211 6141 953 551 386 309 165 5188 3642 1546 1368 650
internal_count=25451 25133 6211 6141 953 551 386 309 165 5188 3642 1546 1368 650
is_linear=0
shrinkage=0.05


Tree=411
num_leaves=15
num_cat=0
split_feature=46 34 13 3 56 6 29 20 1 6 21 5 38 28
split_gain=1.26249 0.892252 1.02872 0.947651 0.942068 1.16155 1.74091 1.25787 2.54337 1.15535 1.96721 0.987431 0.951714 1.28192
threshold=0.15000000223517421 -3.5499999523162837 41.571727752685554 84.200000762939467 76.700000762939467 66.500000000000014 2.4500000476837163 16.650000572204593 96.500000000000014 80.450000762939467 18.500000000000004 39.250000000000007 8.7500000000000018 90.500000000000014
decision_type=2 2 2 2 2 2 2 2 2 2 2 2 2 2
left_child=1 2 -1 -3 5 6 7 -5 -9 10 -6 -7 -11 -14
right_child=-2 3 -4 4 9 11 -8 8 -10 12 -12 -13 13 -15
leaf_value=0.00032866576441886383 -0.00032132429316413419 4.1133279759092791e-05 -0.00058173337099435608 -0.00023869241153821863 0.0014559330357806479 0.0019262648936999435 -0.00017117586788959222 0.0029638291290704027 -4.5478897632347089e-06 -0.0001333225105477877 7.937870630506249e-05 -0.000817138461209978 -2.881865419875621e-05 0.0004342611067984514
leaf_weight=196 1824 16298 636 50 62 57 907 62 79 1485 167 772 2033 726
leaf_count=196 1824 16298 636 50 62 57 907 62 79 1485 167 772 2033 726
internal_value=-5.59861e-05 4.24797e-05 -0.00155582 0.000101725 -0.000413418 -0.00133454 -0.000261734 0.00395522 0.00625828 -1.45004e-05 0.0033682 -0.0027354 -0.000204515 0.000344889
internal_weight=25354 23530 832 22698 6400 1927 1098 191 141 4473 229 829 4244 2759
internal_count=25354 23530 832 22698 6400 1927 1098 191 141 4473 229 829 4244 2759
is_linear=0
shrinkage=0.05


Tree=412
num_leaves=15
num_cat=0
split_feature=28 48 48 26 5 40 56 36 30 19 22 34 31 1
split_gain=0.874327 0.957096 1.06333 2.46925 2.24693 1.93682 1.88412 1.86257 1.68522 1.51496 1.48402 1.79902 1.62847 2.17871
threshold=93.500000000000014 -2.1499999761581416 1.9499999880790713 0.63808164000511181 22.650000572204593 975.35000610351574 32.049999237060554 17.250000000000004 552.50000000000011 109.54999923706056 698.50000000000011 -0.25000000745058054 -3.5888426303863521 59.699998855590827
decision_type=2 2 2 2 2 2 2 2 10 2 2 2 2 2
left_child=1 -1 -3 4 6 -5 -4 9 -9 -7 -6 -12 13 -13
right_child=-2 2 3 5 10 7 -8 8 -10 -11 11 12 -14 -15
leaf_value=-0.00020030670648930705 -0.00012639026339777274 3.4547740420368741e-05 0.00024826212592439343 0.00043718927191177038 -0.00013139597437825844 0.00079963857357278397 0.0078092301178184307 -0.0010684851672258277 0.00041892861723730391 -7.145205968969895e-05 0.0014946423689334081 0.0032046120260038821 -0.00056599773717951345 -0.00019460164642912006
leaf_weight=3718 2060 15150 62 113 767 146 51 2112 214 309 201 66 190 78
leaf_count=3718 2060 15150 62 113 767 146 51 2112 214 309 201 66 190 78
internal_value=-0.00010239 -1.44489e-05 0.000126097 -0.000566104 0.00114035 -0.00140152 0.00760162 -0.00166786 -0.00223887 0.00123656 0.000525913 0.00252293 0.000232557 0.00409091
internal_weight=25237 23177 19459 4309 1415 2894 113 2781 2326 455 1302 535 334 144
internal_count=25237 23177 19459 4309 1415 2894 113 2781 2326 455 1302 535 334 144
is_linear=0
shrinkage=0.05


Tree=413
num_leaves=15
num_cat=0
split_feature=27 40 41 2 53 5 21 32 34 56 21 48 22 13
split_gain=0.733857 1.21251 1.04547 0.896132 1.47324 0.922314 1.47385 1.23057 1.21678 0.908443 1.74644 1.67688 1.55547 0.864907
threshold=7.2500000000000009 995.35000610351574 26.500000000000004 99.299999237060561 -0.97507822513580311 116.75000000000001 4.5000000000000009 -3.6019299030303951 1.0500000119209292 110.25000000000001 125.50000000000001 -2.0499999523162837 762.50000000000011 73.090770721435561
decision_type=2 2 2 2 2 2 2 2 2 2 2 2 2 2
left_child=1 2 -1 9 -5 6 7 -6 -9 -2 11 -11 -12 -13
right_child=3 -3 -4 4 5 -7 -8 8 -10 10 12 13 -14 -15
leaf_value=0.00037280157526646518 -1.0252954357049711e-05 0.0016979729382796079 -3.7345749316109983e-05 0.00043450714301228191 0.00059257808355147137 -1.3699106512550064e-05 -0.00044690059537885881 -0.00021751931615373156 0.00045562797813060207 -0.00065378725840086458 -2.1296329718994767e-05 -0.00031281762545382091 0.0029069725462412301 0.00037659192506663773
leaf_weight=131 19039 106 383 80 94 2144 1697 338 84 292 52 220 53 644
leaf_count=131 19039 106 383 80 94 2144 1697 338 84 292 52 220 53 644
internal_value=-9.79631e-05 0.0015873 0.00053435 -0.000140826 -0.000783676 -0.000912527 -0.00162618 0.000703421 -0.000486112 -1.19151e-09 0.00129426 0.000703258 0.00717391 0.00180778
internal_weight=25357 620 514 24737 4437 4357 2213 516 422 20300 1261 1156 105 864
internal_count=25357 620 514 24737 4437 4357 2213 516 422 20300 1261 1156 105 864
is_linear=0
shrinkage=0.05


Tree=414
num_leaves=15
num_cat=0
split_feature=48 43 17 36 7 56 44 26 6 43 34 32 1 54
split_gain=0.926432 0.965173 1.24938 1.06612 0.815369 1.27546 1.35762 2.19134 1.28838 1.29253 1.20086 1.66569 1.62183 1.04208
threshold=-2.3500000238418575 102.50000000000001 6.2500000000000009 11.650000095367433 58.649999618530281 39.95000076293946 3.933300375938416 0.68782135844230663 54.750000000000007 532.50000000000011 2.5499999523162846 1.0553557872772219 42.049999237060554 9.5000000000000018
decision_type=2 8 2 2 2 2 2 2 2 8 2 2 2 2
left_child=1 -1 3 -3 5 10 -7 8 -8 -10 13 -12 -13 -2
right_child=4 2 -4 -5 -6 6 7 -9 9 -11 11 12 -14 -15
leaf_value=-0.00053791406027553555 -8.8038655269399491e-05 0.0026315605300088196 -0.00091146870219297241 0.00010801424257133204 -2.642282826778759e-05 6.0213109326549137e-05 0.0011463159476593414 -5.4805715629775322e-05 0.00073638420739375828 -0.00069233037420922004 4.9749477463330531e-06 0.0049247401887036191 -6.9621954946456508e-05 0.00013968068271735711
leaf_weight=1726 4826 51 430 1091 10524 4666 397 435 103 174 335 98 57 444
leaf_count=1726 4826 51 430 1091 10524 4666 397 435 103 174 335 98 57 444
internal_value=-0.000123587 -0.000903871 -6.3223e-06 0.000859374 -6.57149e-06 0.000283671 0.000808123 0.00237265 0.00413743 0.00144599 -0.000242636 0.0021 0.00621212 -0.000464016
internal_weight=25357 3298 1572 1142 22059 11535 5775 1109 674 277 5760 490 155 5270
internal_count=25357 3298 1572 1142 22059 11535 5775 1109 674 277 5760 490 155 5270
is_linear=0
shrinkage=0.05


Tree=415
num_leaves=15
num_cat=0
split_feature=18 56 2 56 18 38 4 2 5 1 18 43 2 36
split_gain=0.833333 0.90449 1.22447 0.995273 1.47465 1.32712 1.46142 1.99066 1.05752 1.48004 1.39638 1.7265 1.24044 1.02609
threshold=-94.850002288818345 175.80000305175784 83.000000000000014 68.799999237060561 17.250000000000004 16.050000190734867 136.19999694824222 108.59999847412111 105.79999923706056 127.34999847412111 -25.349999427795407 32.500000000000007 102.29999923706056 13.250000000000002
decision_type=2 2 2 2 2 2 2 2 2 2 2 10 2 2
left_child=-1 2 -2 -4 8 13 7 -7 -5 10 -10 -12 -13 -6
right_child=1 -3 3 4 5 6 -8 -9 9 -11 11 12 -14 -15
leaf_value=-0.0003705424493499068 7.3459967311927514e-06 0.00016977262438299802 -0.0003250281198512956 -0.00039306159588242028 0.00011580566639753112 0.00048138738002971967 0.00093096252887271019 -0.00027877612207777893 -0.00031753076966642494 -0.00043907127975958824 -8.7880901404751072e-05 0.00039069981139070662 0.0018865617795087752 -0.00014676792540501744
leaf_weight=193 18521 1103 1531 1347 708 95 73 143 188 554 129 158 175 515
leaf_count=193 18521 1103 1531 1347 708 95 73 143 188 554 129 158 175 515
internal_value=-8.50934e-05 -5.94071e-05 -0.000123619 -0.000769642 -0.000360197 0.000861398 0.00372274 0.00165322 -0.00109528 -1.64756e-05 0.00159091 0.00305085 0.00491254 0.000109488
internal_weight=25433 25240 24137 5616 4085 1534 311 238 2551 1204 650 462 333 1223
internal_count=25433 25240 24137 5616 4085 1534 311 238 2551 1204 650 462 333 1223
is_linear=0
shrinkage=0.05


Tree=416
num_leaves=15
num_cat=0
split_feature=33 48 50 53 44 34 8 9 17 34 34 37 56 18
split_gain=0.740672 0.709108 0.646445 0.93672 0.855433 0.91147 0.777763 0.755863 0.836948 1.01968 1.24938 0.744726 0.716968 1.12046
threshold=36.100000381469734 7.5499999523162851 -0.98296290636062611 -0.65883892774581898 -3.2472704648971553 1.8499999642372134 19.849999427795414 27.050000190734867 -21.249999999999996 -1.9499999880790708 -2.8500000238418575 50.500000000000007 48.750000000000007 1.0500000119209292
decision_type=2 2 2 2 2 2 2 2 2 2 2 2 2 2
left_child=1 2 3 -1 -5 -6 -4 8 12 10 11 -10 13 -8
right_child=-2 -3 6 4 5 -7 7 -9 9 -11 -12 -13 -14 -15
leaf_value=-0.0018231908023871304 -0.00090294507923046458 -0.0028028281669475216 0.0001516826147999966 -0.00084057863196229437 -3.500192503850587e-05 0.00089202099265487137 0.00075669167941277808 -3.1992621795441947e-06 0.00029914893945190928 -0.00047483501528153727 0.0019089816552289357 -0.00093292610430428888 -0.00027680433866422407 -0.00040637235523844706
leaf_weight=294 141 255 966 203 491 91 167 20688 66 1520 86 115 139 141
leaf_count=294 141 255 966 203 491 91 167 20688 66 1520 86 115 139 141
internal_value=-0.000183858 -0.00016289 -0.000135526 -0.00132691 -0.000408806 0.000574323 -8.11795e-05 -0.00013998 -0.00101159 -0.00149416 0.00131769 -0.0010733 0.000908095 0.0022327
internal_weight=25363 25222 24967 1079 785 582 23888 22922 2234 1787 267 181 447 308
internal_count=25363 25222 24967 1079 785 582 23888 22922 2234 1787 267 181 447 308
is_linear=0
shrinkage=0.05


Tree=417
num_leaves=15
num_cat=0
split_feature=14 2 56 6 56 45 50 23 6 0 28 36 32 3
split_gain=0.833536 0.800327 0.994888 1.17161 1.18691 1.22737 1.52029 1.18327 1.10015 1.63531 0.955275 1.20537 2.63602 1.55422
threshold=3.4420465230941777 204.6499938964844 97.450000762939467 75.549999237060561 67.40000152587892 -4.556330442428588 -0.37940952181816096 0.60500001907348644 74.40000152587892 82.099998474121108 61.500000000000007 25.550000190734867 -0.35614354908466334 101.59999847412111
decision_type=2 2 2 2 2 2 2 2 2 2 2 2 2 2
left_child=-1 2 3 4 -2 6 -6 -8 9 -4 -10 -12 -13 -14
right_child=1 -3 8 -5 5 -7 7 -9 10 -11 11 12 13 -15
leaf_value=-0.00071531869078500152 -3.6109368892811977e-05 -0.00024336361161296917 0.002698083273585835 -0.00017251016690870372 9.0682049511997607e-05 7.6717108712280949e-05 0.0002829555183815194 0.0021903698439357348 -0.0001813817696629895 -0.00043159954863038365 3.0229535129399771e-05 0.0021351631536780115 -0.00050832690687710414 0.0013297203033685128
leaf_weight=303 14915 636 113 2980 167 1481 112 52 662 52 3457 82 196 59
leaf_count=303 14915 636 113 2980 167 1481 112 52 662 52 3457 82 196 59
internal_value=-0.000199194 -0.000166975 -0.0001208 -0.000275652 -0.000112626 0.00109221 0.00379765 0.00706896 0.000538759 0.00442857 0.000385131 0.000691376 0.00350144 0.000849055
internal_weight=25267 24964 24328 19707 16727 1812 331 164 4621 165 4456 3794 337 255
internal_count=25267 24964 24328 19707 16727 1812 331 164 4621 165 4456 3794 337 255
is_linear=0
shrinkage=0.05


Tree=418
num_leaves=15
num_cat=0
split_feature=19 17 25 26 17 52 38 44 5 6 40 26 31 0
split_gain=0.720382 0.993645 1.50783 1.96785 1.48055 1.08689 1.85625 1.64504 0.943214 1.41506 1.26078 1.07646 0.724396 0.769013
threshold=205.1499938964844 -1.0000000180025095e-35 15.750000000000002 0.25707465410232549 14.650000095367433 -0.45274443924427027 13.84999990463257 -1.0478057861328123 159.94999694824222 188.85000610351565 990.75000000000011 0.6979258954524995 -11.505054473876951 81.40000152587892
decision_type=2 2 2 2 2 2 2 2 2 2 2 2 2 2
left_child=12 -2 3 -3 -5 6 7 -4 -7 11 -11 -10 -1 -14
right_child=1 2 5 4 -6 8 -8 -9 9 10 -12 -13 13 -15
leaf_value=-0.0004487878477014214 -6.876920562269932e-05 -6.9752599054306939e-06 0.00088513645574526489 9.4511633591847774e-05 0.0022969854796670978 -0.00022506528600947315 -3.8427551883918539e-06 0.0001821068534554368 0.0020606894094709941 0.00041094648395211832 -0.0002900784181880329 7.260898788700738e-05 7.8660630156464227e-06 -5.8437085679535186e-05
leaf_weight=907 659 117 72 51 115 604 226 74 68 54 135 54 17009 5108
leaf_count=907 659 117 72 51 115 604 226 74 68 54 135 54 17009 5108
internal_value=-5.00744e-05 0.000806162 0.00148734 0.00472696 0.00806818 0.000744023 0.00298429 0.00717949 -0.00018919 0.00200934 -0.000728644 0.00598485 -0.000133282 -7.61525e-05
internal_weight=25253 2229 1570 283 166 1287 372 146 915 311 189 122 23024 22117
internal_count=25253 2229 1570 283 166 1287 372 146 915 311 189 122 23024 22117
is_linear=0
shrinkage=0.05


Tree=419
num_leaves=15
num_cat=0
split_feature=34 50 23 17 2 31 43 17 27 21 44 32 53 16
split_gain=0.941768 1.27954 1.80098 1.41625 1.40615 1.36179 1.49015 1.16999 1.08501 1.37031 1.68556 1.81452 1.28211 1.03435
threshold=-1.0500000119209287 -0.7865660786628722 0.70499998331069957 -1.5500000119209287 28.750000000000004 0.705266833305359 102.50000000000001 -15.15000009536743 28.550000190734867 68.500000000000014 -8.3204717636108381 1.7568663954734804 -0.73284119367599476 45.149999618530281
decision_type=2 2 2 2 2 2 10 2 2 2 2 2 2 2
left_child=1 3 -3 4 -1 7 -7 -4 9 -9 12 -12 -11 -10
right_child=-2 2 5 -5 -6 6 -8 8 13 10 11 -13 -14 -15
leaf_value=0.0023392308673659459 -3.2431880776562837e-05 2.6902795023158364e-06 -0.00015687683879880805 -0.0012984176951952682 -8.1723271657407727e-05 7.273086446202062e-05 0.0016067356481234752 0.0001145786913566195 -0.00086630588606839806 -0.00051428241140285007 0.0022031843132666652 0.0033255028271609965 0.0022265322107482498 0.00069776576981668006
leaf_weight=124 19455 2922 378 496 520 133 115 398 214 77 113 68 77 134
leaf_count=124 19455 2922 378 496 520 133 115 398 214 77 113 68 77 134
internal_value=-0.000109774 0.000450769 0.000820219 -0.00104348 0.000504586 0.00210542 0.00546512 0.00150102 0.00233272 0.00341184 0.00572464 0.00887434 0.00170732 2.79318e-05
internal_weight=25224 5769 4629 1140 644 1707 248 1459 1081 733 335 181 154 348
internal_count=25224 5769 4629 1140 644 1707 248 1459 1081 733 335 181 154 348
is_linear=0
shrinkage=0.05


Tree=420
num_leaves=15
num_cat=0
split_feature=3 11 49 13 0 13 13 20 17 50 30 5 55 25
split_gain=0.603719 1.14648 1.35741 1.36892 1.24061 1.47223 1.13606 1.46776 1.85841 1.5263 1.2967 1.11462 1.00008 0.997106
threshold=32.049999237060554 43.318750381469734 372.50000000000006 43.483036041259773 27.050000190734867 47.262796401977546 50.395236968994148 16.94999980926514 0.25000000745058065 0.78656607866287243 307.50000000000006 58.649999618530281 2.5000000000000004 21.250000000000004
decision_type=2 2 10 2 2 2 2 2 2 2 8 2 2 2
left_child=13 2 3 -2 5 -3 7 -5 9 -9 -10 -7 -8 -1
right_child=1 4 -4 6 -6 11 12 8 10 -11 -12 -13 -14 -15
leaf_value=3.5331020569494951e-05 -0.00031418753232837458 0.0040123022377179683 -0.0017003145195803573 -0.00034776244749062631 -1.0008262250276633e-05 0.0028577212878732952 0.0003616428755183371 0.00061031680566382598 -7.12028017678656e-05 0.0057506388864189423 0.0016287708597067761 -0.00042477003367525479 -0.00055175606341441004 0.00026027397021433888
leaf_weight=4377 1811 78 432 244 17064 55 248 77 223 72 103 106 468 125
leaf_count=4377 1811 78 432 244 17064 55 248 77 223 72 103 106 468 125
internal_value=-0.000128076 -0.000240819 -0.00104122 -0.000684891 -7.01797e-05 0.00343373 0.000467127 0.00185871 0.00345361 0.00789308 0.00125 0.000555554 -0.00093664 0.000396719
internal_weight=25483 20981 3678 3246 17303 239 1435 719 475 149 326 161 716 4502
internal_count=25483 20981 3678 3246 17303 239 1435 719 475 149 326 161 716 4502
is_linear=0
shrinkage=0.05


Tree=421
num_leaves=15
num_cat=0
split_feature=27 43 8 52 30 28 13 36 27 41 45 25 28 13
split_gain=0.56588 0.523231 1.51249 0.728797 0.64307 0.683605 1.41173 1.07868 0.9024 1.04406 1.25211 0.854606 0.768873 0.574042
threshold=42.850000381469734 2952.5000000000005 29.750000000000004 0.77244481444358837 2565.0000000000005 24.500000000000004 57.61577224731446 28.650000572204593 28.44999980926514 16.500000000000004 -5.0479483604431143 7.5499999523162851 20.500000000000004 41.078273773193366
decision_type=2 10 2 2 10 2 2 2 2 2 2 2 2 2
left_child=1 4 3 -3 5 6 8 -8 -1 11 -11 -10 -12 -7
right_child=-2 2 -4 -5 -6 13 7 -9 9 10 12 -13 -14 -15
leaf_value=0.0031291475129056959 -0.0016179118787247836 0.0012840133224409796 -0.0010381038094306085 0.00020821412077772587 -0.0011078688345843612 -0.00012180701192474912 0.00067913666996185628 0.0032203172076803697 0.00072696520140202536 -0.001375439362546596 0.00041621140842390412 -0.00096168482279366532 0.0010793772290770475 4.5799639405305986e-06
leaf_weight=58 83 55 118 81 251 3937 67 53 139 97 53 378 62 19808
leaf_count=58 83 55 118 81 251 3937 67 53 139 97 53 378 62 19808
internal_value=-3.16844e-05 -1.72857e-05 0.00219697 0.00561644 -4.0743e-05 -1.45985e-05 0.00132497 0.00615385 0.000520701 6.76472e-06 0.00288288 -0.00120493 0.0062 -6.6303e-05
internal_weight=25240 25157 254 136 24903 24652 907 120 787 729 212 517 115 23745
internal_count=25240 25157 254 136 24903 24652 907 120 787 729 212 517 115 23745
is_linear=0
shrinkage=0.05


Tree=422
num_leaves=15
num_cat=0
split_feature=22 1 16 20 15 32 31 18 34 37 6 17 50 37
split_gain=0.839978 0.995992 1.33332 1.3152 2.65498 1.81442 1.65354 1.60385 1.43135 1.52577 1.66508 1.39254 1.33715 1.26108
threshold=570.50000000000011 44.149999618530281 8.9499998092651385 48.850000381469734 84.200000762939467 3.8591128587722783 -5.0515515804290763 -5.8500001430511466 -1.1500000357627866 78.500000000000014 33.149999618530281 9.2500000000000018 -1.0000000180025095e-35 67.500000000000014
decision_type=2 2 2 2 2 2 2 2 2 2 2 2 2 2
left_child=-1 2 -2 5 8 11 7 -7 12 10 -10 -4 -5 -12
right_child=1 -3 3 4 -6 6 -8 -9 9 -11 13 -13 -14 -15
leaf_value=-7.4093102154448376e-05 -0.0015895132100555492 -3.3771206273454147e-06 7.561459817563191e-05 0.0024738033891204426 -0.00098005631303661614 0.00034913412156255334 0.00038352273524703249 0.0049085242775973514 0.0023058848367430071 -0.00030754523694505559 -0.00018526243271796967 -0.00066075448860626845 5.5141512958388357e-05 0.0027704170162524654
leaf_weight=7485 157 13959 1948 91 207 70 225 73 176 130 217 422 56 57
leaf_count=7485 157 13959 1948 91 207 70 225 73 176 130 217 422 56 57
internal_value=-2.63035e-05 0.000160691 0.000873924 0.00107007 0.00268008 0.000513099 0.00373016 0.0077451 0.00409091 0.00288135 0.00423913 -1.18708e-09 0.0083758 0.00169014
internal_weight=25273 17788 3829 3672 934 2738 368 143 727 580 450 2370 147 274
internal_count=25273 17788 3829 3672 934 2738 368 143 727 580 450 2370 147 274
is_linear=0
shrinkage=0.05


Tree=423
num_leaves=15
num_cat=0
split_feature=28 50 18 35 36 19 15 33 1 31 28 20 43 27
split_gain=1.09687 0.848396 1.27351 1.07921 1.19425 1.15589 2.23371 1.4873 0.938792 1.14141 0.896627 1.04869 1.40202 1.27258
threshold=92.500000000000014 0.60355338454246532 25.44999980926514 2.5000000000000004 10.050000190734865 79.049999237060561 67.90000152587892 0.55000001192092907 138.55000305175784 -7.5807819366455069 90.500000000000014 59.45000076293946 41.875000000000007 19.650000572204593
decision_type=2 2 2 2 2 2 2 2 2 2 2 2 10 2
left_child=1 8 3 -3 -5 6 -6 -8 -1 -10 11 12 -4 -13
right_child=-2 2 10 4 5 -7 7 -9 9 -11 -12 13 -14 -15
leaf_value=-1.5619547551944172e-05 -0.00013987166254185573 -3.6708651058478615e-05 0.0010093832238176261 0.0044696988907586112 7.7320321458149567e-05 -0.00025622764388856566 0.003612882737865886 -2.7650990044861876e-05 0.00031320535372676044 -0.00024314561179888798 0.00062387237677487663 0.00016055983251816162 0.00047707686232780996 -0.00049245384078207429
leaf_weight=15943 2415 3596 92 106 421 604 162 76 57 997 88 310 213 198
leaf_count=15943 2415 3596 92 106 421 604 162 76 57 997 88 310 213 198
internal_value=-0.000153829 -4.65626e-05 0.000471408 0.000155778 0.00134518 0.000891593 0.00232436 0.00608871 -0.000225497 -0.00166354 0.0021899 0.00162211 0.00388889 0.000212354
internal_weight=25278 22863 5866 4965 1369 1263 659 238 16997 1054 901 813 305 508
internal_count=25278 22863 5866 4965 1369 1263 659 238 16997 1054 901 813 305 508
is_linear=0
shrinkage=0.05


Tree=424
num_leaves=15
num_cat=0
split_feature=51 6 13 57 12 26 40 40 2 11 26 37 32 51
split_gain=0.757494 0.993478 0.634195 0.854043 1.08065 1.2757 1.21728 1.71603 1.01486 2.03645 0.962763 1.28028 1.24542 1.24119
threshold=-0.98296290636062611 19.849999427795414 177.35773468017581 90.283336639404311 79.021526336669936 0.68260231614112865 989.54998779296886 979.14999389648449 69.049999237060561 62.787500381469734 0.6983972191810609 82.500000000000014 -4.8920416831970206 -0.37940952181816096
decision_type=2 2 2 2 2 2 2 2 2 2 2 2 2 2
left_child=1 -1 3 10 5 -5 7 -7 9 -9 11 -2 -13 -12
right_child=2 -3 -4 4 -6 6 -8 8 -10 -11 13 12 -14 -15
leaf_value=0.00063987911275351344 3.111356138747121e-05 7.8509263542871259e-05 -0.00026858325471028474 -0.00020653779467294409 1.9535907389442008e-05 -0.00062865278643754947 -6.8738135433793552e-05 0.00072849641306178175 0.00034931410385837403 0.0048090942823092479 -0.0004191744560011963 0.00026401634111533135 -0.00041968059978400845 -3.566695350811557e-05
leaf_weight=61 10747 993 462 208 4404 72 129 53 154 54 1944 407 2062 3522
leaf_count=61 10747 993 462 208 4404 72 129 53 154 54 1944 407 2062 3522
internal_value=-5.57721e-05 0.00125 -0.000113093 -7.70019e-05 0.000497638 0.00235294 0.00379237 0.00534985 0.00717712 0.010812 -0.000233256 -2.26945e-06 -0.00102662 -0.000790724
internal_weight=25272 1054 24218 23756 5074 670 462 333 261 107 18682 13216 2469 5466
internal_count=25272 1054 24218 23756 5074 670 462 333 261 107 18682 13216 2469 5466
is_linear=0
shrinkage=0.05


Tree=425
num_leaves=15
num_cat=0
split_feature=18 30 49 28 5 28 31 41 43 32 5 2 31 26
split_gain=0.778086 1.23939 1.63342 1.44268 1.26925 1.19382 1.13391 1.75427 2.00601 1.13001 1.08512 1.15039 1.14725 1.0648
threshold=-10.349999904632567 162.50000000000003 -57.499999999999993 83.500000000000014 34.649999618530281 66.500000000000014 2.8709417581558232 1.0000000180025095e-35 67.500000000000014 6.4644188880920419 61.100000381469734 93.000000000000014 -7.1868305206298819 0.95807620882987987
decision_type=2 8 8 2 2 2 2 2 10 2 2 2 2 2
left_child=1 2 5 -3 6 -1 7 8 -4 -5 -6 12 -12 -14
right_child=-2 3 4 9 10 -7 -8 -9 -10 -11 11 -13 13 -15
leaf_value=-0.00012129807914520633 3.5711414596203641e-07 -0.00051176775945197493 0.00052911990757681989 -3.1212683458964247e-05 -0.00059096958834760143 0.0041624806442577397 -0.00033468278056604831 4.7782624340079918e-05 0.009380297071750263 0.0029040030080532439 0.0013330169693672247 -0.00013511891078759813 1.3072661655684512e-05 0.00065618102639853769
leaf_weight=52 18278 2809 91 723 1084 65 157 220 58 89 56 950 625 158
leaf_count=52 18278 2809 91 723 1084 65 157 220 58 89 56 950 625 158
internal_value=-0.00016421 -0.000606549 6.23925e-05 -0.00125448 -0.000145205 0.00562992 0.00208955 0.0035752 0.00757862 0.000596106 -0.000560182 0.000197331 0.0015371 0.000989911
internal_weight=25415 7137 3516 3621 3399 117 526 369 149 812 2873 1789 839 783
internal_count=25415 7137 3516 3621 3399 117 526 369 149 812 2873 1789 839 783
is_linear=0
shrinkage=0.05


Tree=426
num_leaves=15
num_cat=0
split_feature=56 6 27 26 43 3 53 56 15 44 3 41 26 8
split_gain=1.02289 1.16073 2.14304 1.64898 1.38273 0.884104 0.88323 0.819784 1.09555 1.0477 0.846859 0.929647 0.830722 0.809752
threshold=167.40000152587893 166.00000000000003 14.550000190734865 0.6979258954524995 232.50000000000003 217.94999694824222 0.99530133605003368 203.25000000000003 244.44999694824222 -1.7989584803581236 212.55000305175784 15.500000000000002 0.98691159486770641 227.44999694824222
decision_type=2 2 2 2 10 2 2 2 2 2 2 2 2 2
left_child=5 2 3 -2 6 -1 7 12 9 -9 -10 -12 -3 -13
right_child=1 4 -4 -5 -6 -7 -8 8 10 -11 11 13 -14 -15
leaf_value=-1.3977188611845787e-05 0.0019619651217189188 -0.00024743565350728367 -0.00021511697988147897 0.00077332724414794262 0.0010333696835170885 -0.0010599752774991223 -0.00045119360561282293 0.0017810778468225327 -5.9394992579095726e-05 5.9533845278437455e-05 0.00076949667202078065 -0.00053409627634826802 0.00020001335012085716 0.00026412993869656687
leaf_weight=23760 64 273 119 107 53 187 224 54 185 79 51 66 99 52
leaf_count=23760 64 273 119 107 53 187 224 54 185 79 51 66 99 52
internal_value=-6.36265e-05 0.00123259 0.004 0.00743094 0.000497381 -0.000141296 7.77664e-05 0.000811276 0.00214286 0.00583916 0.000631867 0.00310056 -0.00094241 0.000468749
internal_weight=25373 1426 290 171 1136 23947 1083 859 487 133 354 169 372 118
internal_count=25373 1426 290 171 1136 23947 1083 859 487 133 354 169 372 118
is_linear=0
shrinkage=0.05


Tree=427
num_leaves=15
num_cat=0
split_feature=56 19 7 24 14 9 17 16 11 30 17 21 34 10
split_gain=0.660773 1.18693 0.816456 0.903359 1.57293 1.13903 1.02475 0.877596 1.91088 1.40486 1.07333 0.944662 1.01647 0.931341
threshold=19.44999980926514 106.75000000000001 30.250000000000004 18.500000000000004 5.7896814346313485 42.649999618530281 4.5499999523162851 20.150000572204593 35.764583587646491 2037.5000000000002 22.349999427795414 185.50000000000003 0.35000000894069677 32.108331680297859
decision_type=2 2 2 2 2 2 2 2 2 10 2 2 2 2
left_child=1 -1 3 4 5 -2 -5 13 -9 10 11 -10 -13 -6
right_child=2 -3 -4 6 7 -7 -8 8 9 -11 -12 12 -14 -15
leaf_value=-0.00056163142154650846 0.0060199016422369956 0.00070703991154773586 -2.0197956205128325e-05 9.8062649447918645e-05 0.00030687333126945196 3.9804187498369716e-05 -0.00068250787277378722 0.0017080430756264281 -0.00011480049538800641 0.00093332356773729783 0.0037451602542931412 -9.592174053599203e-05 0.00044074475788951728 -0.00046820320373976566
leaf_weight=887 71 61 21009 1174 424 51 401 69 483 53 59 60 84 282
leaf_count=887 71 61 21009 1174 424 51 401 69 483 53 59 60 84 282
internal_value=-0.000110812 -0.00139875 -5.98444e-05 0.000681464 0.00150061 0.00674242 -0.000173503 0.00103674 0.00215159 0.00134179 0.000675286 2.35467e-05 0.00344156 -0.000251398
internal_weight=25168 948 24220 3211 1636 122 1575 1514 808 739 686 627 144 706
internal_count=25168 948 24220 3211 1636 122 1575 1514 808 739 686 627 144 706
is_linear=0
shrinkage=0.05


Tree=428
num_leaves=15
num_cat=0
split_feature=23 50 47 20 51 57 49 20 2 45 3 40 29 37
split_gain=0.754653 0.914798 0.92294 1.64287 0.970039 0.927203 0.861726 0.979833 1.14348 1.13647 0.713175 1.01171 0.869476 1.26333
threshold=0.22500000149011615 0.60355338454246532 5.3583333492279062 23.650000572204593 0.60355338454246532 81.083332061767592 -7.4731059074401847 47.149999618530281 38.149999618530281 -2.8491640090942378 161.85000610351565 981.25000000000011 5.4500000476837167 80.500000000000014
decision_type=2 2 2 2 2 2 10 2 2 2 2 2 2 2
left_child=1 6 -3 -4 5 -5 7 -1 9 -9 11 12 -2 -14
right_child=10 2 3 4 -6 -7 -8 8 -10 -11 -12 -13 13 -15
leaf_value=-0.00068551425192331838 2.4332212174457589e-05 -0.00057230189777444311 -0.00070991784116637626 -7.0069647500327203e-06 0.0004173921914655203 0.0027952328394338821 -0.00071580882202764979 0.0023030221066187191 -0.00024019440178674737 7.3083288036220883e-05 -0.00013292942616924673 2.9489280808164063e-05 -5.6722737204883066e-05 -0.00054651569262048941
leaf_weight=512 3716 310 198 200 83 80 780 70 158 90 1602 10968 4671 1830
leaf_count=512 3716 310 198 200 83 80 780 70 158 90 1602 10968 4671 1830
internal_value=-0.000199384 -0.00102569 0.000278092 0.00147986 0.00344504 0.00189655 -0.0017284 -0.000595239 0.00155488 0.00441176 -0.000109007 -3.18483e-05 -0.000389656 -0.000737983
internal_weight=25268 2481 871 561 363 280 1610 830 318 160 22787 21185 10217 6501
internal_count=25268 2481 871 561 363 280 1610 830 318 160 22787 21185 10217 6501
is_linear=0
shrinkage=0.05


Tree=429
num_leaves=15
num_cat=0
split_feature=48 23 18 48 26 52 1 18 50 35 50 19 24 5
split_gain=0.97429 1.20141 1.01525 1.26445 1.71352 1.408 1.51755 1.25563 1.46166 1.37508 1.20745 1.3997 1.49201 1.3417
threshold=-1.3499999642372129 1.0149999856948855 -0.84999999403953541 0.94999998807907116 0.94765889644622814 0.46800856292247778 30.550000190734867 8.0500001907348651 -0.91597560048103321 1.5000000000000002 -0.98296290636062611 51.95000076293946 3.5000000000000004 22.650000572204593
decision_type=2 2 2 2 2 2 2 2 2 2 2 2 2 2
left_child=1 -1 -2 7 5 -5 -7 8 -4 -10 -9 12 -12 -13
right_child=2 -3 3 4 -6 6 -8 10 9 -11 11 13 -14 -15
leaf_value=-5.8902359515058944e-05 -4.3534220724470453e-05 -0.0012565565203318037 0.0012804355663638635 0.00018775971746365998 -0.0011957199454902473 0.001016553006724922 -0.00059261579626205402 -0.00068945844583942256 5.4714622385680867e-05 -0.00038967442169189528 0.00026299298954848908 -0.00065819006421368766 0.0016502888472078776 0.00015163733235384097
leaf_weight=6096 8914 595 295 2051 603 185 1013 137 949 901 104 170 80 3266
leaf_count=6096 8914 595 295 2051 603 185 1013 137 949 901 104 170 80 3266
internal_value=-4.31641e-05 -0.000560365 0.000142412 0.000494673 -0.000209737 0.000247007 -0.00110927 0.000953991 -1.16021e-05 -0.000537636 0.00150385 0.00168044 0.00582474 0.00144225
internal_weight=25359 6691 18668 9754 3852 3249 1198 5902 2145 1850 3757 3620 184 3436
internal_count=25359 6691 18668 9754 3852 3249 1198 5902 2145 1850 3757 3620 184 3436
is_linear=0
shrinkage=0.05


Tree=430
num_leaves=15
num_cat=0
split_feature=25 42 43 51 12 29 21 52 31 36 30 13 1 43
split_gain=1.10421 1.37114 1.11069 1.03549 1.08253 0.939517 1.79739 1.52894 1.59794 1.4197 1.62791 1.28588 1.6271 1.60497
threshold=11.550000190734865 1.7500000000000002 867.50000000000011 -0.12940952181816107 67.943748474121108 9.2500000000000018 140.50000000000003 -0.88622298836708058 5.6110417842864999 31.349999427795414 467.50000000000006 51.179464340209968 83.000000000000014 37.500000000000007
decision_type=2 2 8 2 2 2 2 2 2 2 8 2 2 8
left_child=1 2 -1 -3 -5 11 9 8 -8 -7 -11 -2 -13 -14
right_child=5 3 -4 4 -6 6 7 -9 -10 10 -12 12 13 -15
leaf_value=0.00014666305444303382 -0.00012805829279341084 -2.1560081711315557e-05 0.001962729526729047 -0.00019831847485283864 -0.00063997818919649552 0.0002456335849533241 -0.00029327375761905466 -0.0006558604021558353 0.0031698491123863639 0.0041412875805615949 0.00027572359699955338 0.00010491570042943589 5.1537486231028115e-05 -0.00013723619066726848
leaf_weight=169 3592 3623 61 4120 627 1469 69 586 51 91 102 5186 1987 3586
leaf_count=169 3592 3623 61 4120 627 1469 69 586 51 91 102 5186 1987 3586
internal_value=-0.000143907 -0.00060395 0.003125 -0.000710025 -0.00119508 9.29512e-05 0.00101346 -0.00108939 0.00384615 0.00190789 0.00583744 -5.95374e-05 0.000214039 -0.00037883
internal_weight=25319 8600 230 8370 4747 16719 2368 706 120 1662 193 14351 10759 5573
internal_count=25319 8600 230 8370 4747 16719 2368 706 120 1662 193 14351 10759 5573
is_linear=0
shrinkage=0.05


Tree=431
num_leaves=15
num_cat=0
split_feature=56 11 49 50 45 44 2 5 14 29 20 0 53 26
split_gain=0.804669 1.33877 1.6686 1.5177 1.25969 1.9669 0.967637 1.32312 0.978083 1.32348 1.12548 1.09311 1.52226 1.56951
threshold=203.25000000000003 157.42499542236331 -1.0000000180025095e-35 0.60355338454246532 -1.9375332593917844 0.54727211594581615 147.35000610351565 217.94999694824222 37.532617568969734 6.2500000000000009 22.050000190734867 29.150000572204593 -0.54940786957740773 0.34965582191944128
decision_type=2 2 8 2 2 2 2 2 2 2 2 2 2 2
left_child=6 3 -3 -2 -4 -6 7 8 9 -1 11 12 -11 -14
right_child=1 2 4 -5 5 -7 -8 -9 -10 10 -12 -13 13 -15
leaf_value=3.2982364357036767e-05 0.0021250177859259956 -0.00044669144002949449 -0.00033991756037504164 -0.00010195681876604365 7.7738742109946052e-05 0.00076573875013831894 -0.00019863689934936221 0.0012264462022331792 -0.00017769404663179402 0.00039881565669539002 1.1997390952097959e-05 -0.00025516235901919558 0.0026249974449703349 -0.00050314662493917744
leaf_weight=9647 53 187 107 50 184 82 1648 115 1358 866 5681 3990 83 1229
leaf_count=9647 53 187 107 50 184 82 1648 115 1358 866 5681 3990 83 1229
internal_value=-0.000168052 0.00153789 0.000526315 0.00650442 0.00244125 0.00423913 -0.000214603 -0.000130338 -0.000158329 -7.5794e-05 -0.000429633 -0.000896732 4.5692e-06 -0.00106657
internal_weight=25280 663 560 103 373 266 24617 22969 22854 21496 11849 6168 2178 1312
internal_count=25280 663 560 103 373 266 24617 22969 22854 21496 11849 6168 2178 1312
is_linear=0
shrinkage=0.05


Tree=432
num_leaves=15
num_cat=0
split_feature=57 7 57 6 41 34 19 31 23 40 19 51 30 28
split_gain=0.736985 1.10134 1.46498 1.04346 1.05614 0.946485 0.886103 1.3916 1.64304 2.03034 1.56618 1.35726 2.21966 1.77433
threshold=27.816666603088382 58.649999618530281 67.416667938232436 13.750000000000002 60.500000000000007 -5.8500001430511466 109.54999923706056 -11.505054473876951 0.54500001668930065 984.85000610351574 87.90000152587892 -0.6035533845424651 172.50000000000003 80.500000000000014
decision_type=2 2 2 2 2 2 2 2 2 2 2 2 10 2
left_child=3 5 -3 4 -1 -2 7 -4 -9 10 -10 -11 13 -13
right_child=1 2 6 -5 -6 -7 -8 8 9 11 -12 12 -14 -15
leaf_value=-0.00028480445200462464 -0.0011088636296768557 -0.00028593961279986118 -0.0013461755735410356 -0.00025136621111049496 0.0022892364491604758 3.8843512563389458e-05 -4.4945361724918394e-05 -3.9121168119636167e-05 -0.00038012333826439133 1.2829956830513366e-05 0.0012015938852684733 0.004419594515660724 0.00015121764793851603 0.00065497168323807198
leaf_weight=144 198 2996 114 1931 77 11328 5580 1893 372 113 225 100 100 111
leaf_count=144 198 2996 114 1931 77 11328 5580 1893 372 113 225 100 100 111
internal_value=-0.000162503 -7.99493e-05 -0.000423628 -0.00104533 0.00214286 0.000266122 -9.16698e-05 0.000595786 0.000813952 0.00241998 0.000518944 0.00502304 0.00668224 0.00947964
internal_weight=25282 23130 11604 2152 221 11526 8608 3028 2914 1021 597 424 311 211
internal_count=25282 23130 11604 2152 221 11526 8608 3028 2914 1021 597 424 311 211
is_linear=0
shrinkage=0.05


Tree=433
num_leaves=15
num_cat=0
split_feature=27 51 31 38 34 34 33 6 56 56 49 19 25 45
split_gain=0.610802 0.990709 1.03279 0.758351 0.606791 0.664445 0.780728 0.564929 1.77939 1.13418 1.60787 1.20768 1.03467 1.382
threshold=5.6499998569488534 1.0000000180025095e-35 1.4533355832099917 1.0500000119209292 6.0499999523162851 4.9500000476837167 0.15000000223517421 75.549999237060561 76.700000762939467 53.149999618530281 527.50000000000011 120.34999847412111 37.750000000000007 -1.3925862312316892
decision_type=2 2 2 2 2 2 2 2 2 2 10 2 2 2
left_child=1 2 -1 -2 5 7 -7 9 -9 12 -11 -12 -5 -14
right_child=3 -3 -4 4 -6 6 -8 8 -10 10 11 -13 13 -15
leaf_value=0.0015059800682510917 -0.00083496334873729445 -0.00021081635374814247 -5.9606709716771936e-05 -4.5602139726683791e-05 -0.0012473799369845263 0.0012790438978845667 -0.00050458179580133752 -0.00069218913089096046 -1.7715201424998668e-05 0.00010756950208513905 0.0030723375701450194 -0.0001746500477986495 0.0012852344008689104 -0.00017536031654576351
leaf_weight=85 218 161 55 11580 73 93 50 1153 6648 5080 96 55 68 60
leaf_count=85 218 161 55 11580 73 93 50 1153 6648 5080 96 55 68 60
internal_value=-0.000128508 0.00207395 0.005 -0.000155656 -0.000129377 -0.000115094 0.00316993 -0.000135355 -0.000487135 2.68441e-05 0.000638236 0.00555901 -0.00024663 0.00405797
internal_weight=25475 301 140 25174 24956 24883 143 24740 7801 16939 5231 151 11708 128
internal_count=25475 301 140 25174 24956 24883 143 24740 7801 16939 5231 151 11708 128
is_linear=0
shrinkage=0.05


Tree=434
num_leaves=15
num_cat=0
split_feature=56 35 43 52 53 7 49 31 9 21 17 28 32 30
split_gain=0.744567 0.954171 1.23922 1.10869 1.35424 0.927406 1.76341 1.42666 1.39646 1.5286 0.996035 0.916016 0.837073 1.93075
threshold=32.45000076293946 1.5000000000000002 1472.5000000000002 0.90531614422798168 -0.80417042970657338 29.150000572204593 -687.49999999999989 -4.6352097988128653 53.750000000000007 189.50000000000003 -22.249999999999996 80.500000000000014 -2.2887599468231197 152.50000000000003
decision_type=2 2 8 2 2 2 10 2 2 2 2 2 2 10
left_child=1 2 -1 4 -4 6 -2 -8 9 10 -9 -10 13 -7
right_child=5 -3 3 -5 -6 12 7 8 11 -11 -12 -13 -14 -15
leaf_value=-6.8080717088266098e-05 -0.00029971618584204369 -0.00038728241039658669 -5.0055872467922284e-05 -3.5009650027099302e-05 0.00040903620858572442 0.00013974917359645185 -6.0603555363125058e-05 0.0017030469954726275 0.0011764147945857392 0.0016966334897750149 -0.00012528273688378752 0.00064774941501289588 -3.8500877888267615e-05 -0.00019508804615832301
leaf_weight=983 504 3066 125 199 211 4543 316 73 133 87 357 53 12557 2111
leaf_count=983 504 3066 125 199 211 4543 316 73 133 87 357 53 12557 2111
internal_value=-0.000114104 -0.000690032 0.000333768 0.00224771 0.00395954 1.34967e-05 0.001197 0.00238581 0.00362552 0.00221063 0.00090909 0.0072449 -8.09023e-05 0.000372148
internal_weight=25318 4584 1518 535 336 20734 1523 1019 703 517 430 186 19211 6654
internal_count=25318 4584 1518 535 336 20734 1523 1019 703 517 430 186 19211 6654
is_linear=0
shrinkage=0.05


Tree=435
num_leaves=15
num_cat=0
split_feature=9 25 4 29 32 25 56 1 52 25 38 1 37 25
split_gain=0.595916 0.804297 1.20123 0.885144 1.32686 0.942165 0.909147 1.16776 0.797264 1.35769 0.958118 1.50957 2.06516 1.54889
threshold=28.550000190734867 7.6499998569488534 52.350000381469734 6.0499999523162851 1.0553557872772219 9.4499998092651385 76.700000762939467 28.849999427795414 0.32613943517208105 7.4500000476837167 1.7500000000000002 20.349999427795414 22.500000000000004 11.150000095367433
decision_type=2 2 2 2 2 2 2 2 2 2 2 2 2 2
left_child=1 2 -1 4 -3 -6 7 -7 9 -2 -10 12 -12 -14
right_child=8 3 -4 -5 5 6 -8 -9 10 -11 11 -13 13 -15
leaf_value=1.1382661778142208e-05 -0.00096038925445597438 -0.0003442343153963094 0.0025213921145691067 -0.00041073637384515175 0.0017688880935539536 0.0007919349697891394 0.00097934546813314895 -0.00019722654919758032 -0.001133248680330251 -1.9650058937688568e-05 0.0025798885749177274 4.0385518016108301e-05 -0.00012292760893834438 0.0039853002961176727
leaf_weight=553 701 714 61 1509 58 54 62 254 193 13763 64 7249 165 50
leaf_count=553 701 714 61 1509 58 54 62 254 193 13763 64 7249 165 50
internal_value=-0.000141399 -0.000770994 0.000849358 -0.00114807 -9.54873e-05 0.00207762 0.00105263 -0.000125787 -4.84355e-05 -0.000267377 0.00036153 0.000452373 0.00399654 0.00144444
internal_weight=25450 3265 614 2651 1142 428 370 308 22185 14464 7721 7528 279 215
internal_count=25450 3265 614 2651 1142 428 370 308 22185 14464 7721 7528 279 215
is_linear=0
shrinkage=0.05


Tree=436
num_leaves=15
num_cat=0
split_feature=14 40 4 43 43 32 28 11 11 57 2 35 21 31
split_gain=0.781185 1.26162 0.732546 1.02896 0.747314 0.738267 0.703082 1.04702 2.20066 1.19393 1.10821 1.14628 1.06405 1.01054
threshold=54.62274360656739 995.95001220703136 212.55000305175784 52.500000000000007 217.50000000000003 -1.0859546661376951 91.500000000000014 136.64582824707034 138.66041564941409 123.51666641235353 103.70000076293947 1.5000000000000002 16.500000000000004 2.143207430839539
decision_type=2 2 2 8 10 2 2 2 2 2 2 2 2 2
left_child=2 -2 6 -4 5 -5 7 10 -9 -10 12 -12 -1 -11
right_child=1 -3 3 4 -6 -7 -8 8 9 13 11 -13 -14 -15
leaf_value=-0.00017946134356571807 -0.00014655429700822983 0.0018281930699795635 -0.00015291021072065029 0.0018160453919132177 -0.00031178935348783718 0.0011026840234612486 -0.0001044011678561432 0.0010086770965958035 -0.00024823550527790667 1.9862407637501815e-05 1.8854407729970886e-05 -0.00061000086156165663 2.1612182976145333e-05 0.00069062934863317713
leaf_weight=1201 737 54 82 53 51 52 2372 73 260 369 701 1355 17763 176
leaf_count=1201 737 54 82 53 51 52 2372 73 260 369 701 1355 17763 176
internal_value=-9.2656e-05 -0.00162921 -4.2419e-05 0.00266129 0.00493976 0.00717391 -7.00177e-05 1.87134e-05 0.00170045 0.000889569 -5.23074e-05 -0.00115199 6.74595e-05 0.00220721
internal_weight=25299 791 24508 238 156 105 24270 21898 878 805 21020 2056 18964 545
internal_count=25299 791 24508 238 156 105 24270 21898 878 805 21020 2056 18964 545
is_linear=0
shrinkage=0.05


Tree=437
num_leaves=15
num_cat=0
split_feature=23 51 18 26 7 43 57 22 52 6 41 1 42 12
split_gain=0.87341 1.91103 1.81822 1.32393 1.28051 1.8136 1.13979 1.62483 1.54856 1.89196 1.13926 1.83124 1.44356 1.73152
threshold=0.56499999761581432 -0.91597560048103321 -43.749999999999993 0.99063107371330272 61.100000381469734 47.500000000000007 75.916667938232436 941.50000000000011 0.2603727281093598 95.099998474121108 4.5000000000000009 123.15000152587892 4.8500001430511483 56.524305343627937
decision_type=2 2 2 2 2 10 2 2 2 2 2 2 2 2
left_child=4 2 -2 -3 -1 6 -6 -8 -9 -10 11 12 -4 -14
right_child=1 3 10 -5 5 -7 7 8 9 -11 -12 -13 13 -15
leaf_value=-1.8110241748087811e-06 0.0034922708337181462 -2.8786457017894305e-05 0.0026085806742716169 0.00051829590850949864 -0.00039709596338161052 -0.000413463095922109 0.002052280780943 -3.9985699501265441e-05 0.0017491552171074402 -9.5875649137491845e-07 6.4307944649617826e-05 -0.00074977233957120026 0.0019418263425884934 -0.00012305586532705259
leaf_weight=8428 57 9515 95 390 535 3073 92 1281 180 275 1084 89 54 91
leaf_count=8428 57 9515 95 390 535 3073 92 1281 180 275 1084 89 54 91
internal_value=-0.000142383 0.000182256 0.00185811 -6.80799e-05 -0.000408679 -0.00100624 3.58185e-05 0.00063112 0.000269186 0.00274193 0.00146521 0.00399705 0.0062 0.00274193
internal_weight=25239 11375 1470 9905 13864 5436 2363 1828 1736 455 1413 329 240 145
internal_count=25239 11375 1470 9905 13864 5436 2363 1828 1736 455 1413 329 240 145
is_linear=0
shrinkage=0.05


Tree=438
num_leaves=15
num_cat=0
split_feature=33 3 31 49 31 21 18 51 35 16 43 44 38 14
split_gain=0.615654 0.702947 1.49294 0.755608 0.623648 0.62786 0.582227 0.95622 1.12203 1.55149 1.09724 1.06067 1.09548 1.12692
threshold=54.549999237060554 11.250000000000002 1.1009659767150881 -127.49999999999999 10.066047668457033 236.50000000000003 -29.749999999999996 0.37940952181816107 1.5000000000000002 18.349999427795414 162.50000000000003 -5.0459392070770255 8.6500000953674334 28.950079917907718
decision_type=2 2 2 10 2 2 2 2 2 2 8 2 2 2
left_child=1 2 -1 -4 5 6 7 8 -3 -10 11 -11 -13 -14
right_child=-2 4 3 -5 -6 -7 -8 -9 9 10 -12 12 13 -15
leaf_value=0.0055957306322789654 -0.0018921638475735024 -0.00017548086893591968 0.00039169805626933804 -0.0012545525191757533 -0.00055833542944878889 -0.00024905659565471679 5.8556572751335354e-06 -0.00030217374645707755 0.0031137663028409628 -0.00070073293928190131 -0.00015814406044477138 -8.1404079940664787e-05 0.0016603066675471183 0.0038256241017939744
leaf_weight=64 73 466 50 88 497 291 21647 1273 73 54 542 115 95 102
leaf_count=64 73 466 50 88 497 291 21647 1273 73 54 542 115 95 102
internal_value=-9.82716e-05 -8.41657e-05 0.00278302 -0.000270271 -0.000108287 -7.25648e-05 -4.45104e-05 -0.000732602 0.000147562 0.00110494 0.000501088 0.00257979 0.00369565 0.00586956
internal_weight=25430 25357 202 138 25155 24658 24367 2720 1447 981 908 366 312 197
internal_count=25430 25357 202 138 25155 24658 24367 2720 1447 981 908 366 312 197
is_linear=0
shrinkage=0.05


Tree=439
num_leaves=15
num_cat=0
split_feature=18 29 52 21 17 28 43 18 48 3 19 34 24 56
split_gain=0.782618 1.10801 0.852848 1.08091 0.930618 1.19553 2.11403 3.32108 0.909009 1.21776 1.90749 1.01439 1.03455 0.805366
threshold=-18.05000019073486 0.94999998807907116 -0.76141706109046925 147.50000000000003 -7.8500001430511466 88.500000000000014 47.500000000000007 -26.55000019073486 -1.8499999642372129 104.90000152587892 92.099998474121108 -0.55000001192092884 11.500000000000002 21.150000572204593
decision_type=2 2 2 2 2 2 10 2 2 2 2 2 2 2
left_child=1 -1 -3 4 5 6 7 -4 -8 10 11 12 -10 -2
right_child=13 2 3 -5 -6 -7 8 -9 9 -11 -12 -13 -14 -15
leaf_value=0.001205811515228291 -0.00029075862378937493 -0.00049123961331291812 -3.1298430435321809e-05 -0.00088726277699351639 -0.00016989766455062437 -0.00021368008481799166 -0.0016836626691352542 0.0033189095790252202 0.001258214978722916 -0.0012361992726089928 0.0031366046972116307 -0.00033836508648121236 -0.00011418496980740812 1.6350472715905944e-05
leaf_weight=61 1276 946 111 417 2034 454 113 104 88 97 90 279 85 19245
leaf_count=61 1276 946 111 417 2034 454 113 104 88 97 90 279 85 19245
internal_value=-7.47749e-05 -0.000643282 -0.000733224 -0.000401856 -0.000108226 0.00087002 0.00185773 0.00611111 0.000577427 0.00131741 0.00224638 0.000844155 0.00374317 6.06388e-05
internal_weight=25400 4879 4818 3872 3455 1421 967 215 752 639 542 452 173 20521
internal_count=25400 4879 4818 3872 3455 1421 967 215 752 639 542 452 173 20521
is_linear=0
shrinkage=0.05


Tree=440
num_leaves=15
num_cat=0
split_feature=30 25 31 28 21 9 25 43 46 18 13 46 25 43
split_gain=0.912461 0.679731 0.676758 0.954428 1.53686 1.25502 1.31058 0.705148 0.623505 1.0181 0.846485 1.98789 1.62471 2.01204
threshold=2287.5000000000005 7.6499998569488534 10.066047668457033 18.500000000000004 191.50000000000003 28.550000190734867 8.3499999046325701 2567.5000000000005 0.15000000223517421 -7.9500000476837149 52.455356597900398 0.84999999403953563 12.84999990463257 267.50000000000006
decision_type=10 2 2 2 2 2 2 8 2 2 2 2 2 10
left_child=2 -2 3 4 5 7 -7 -1 -5 10 -10 -12 13 -13
right_child=1 -3 -4 8 -6 6 -8 -9 9 -11 11 12 -14 -15
leaf_value=-0.00090138632764027353 0.00013028537640481211 -0.00078837394255669392 -0.00049352840050998837 -5.3343501856158592e-06 -0.0013140583806318731 0.00085265682323312016 0.0030141977460225707 0.0014946200034996282 -0.00055214913878188924 -0.0003693608912143109 -0.00014874780437585419 0.0070570922499895179 -0.00047543093552748376 0.0012032782961033149
leaf_weight=87 117 499 469 22146 69 54 75 50 290 1114 221 54 54 60
leaf_count=87 117 499 469 22146 69 54 75 50 290 1114 221 54 54 60
internal_value=-0.000159448 -0.00204473 -0.000111705 -7.49477e-05 0.00253623 0.00423913 0.00758993 0.000782312 -0.000112532 -0.00100666 0.000515238 0.00201754 0.00595506 0.0091129
internal_weight=25359 616 24743 24274 335 266 129 137 23939 1793 679 389 168 114
internal_count=25359 616 24743 24274 335 266 129 137 23939 1793 679 389 168 114
is_linear=0
shrinkage=0.05


Tree=441
num_leaves=15
num_cat=0
split_feature=48 48 45 33 24 43 19 32 38 44 22 13 17 25
split_gain=0.5496 0.608006 1.06966 1.16513 0.896929 1.34534 1.06206 0.934659 0.876784 0.828155 0.874517 0.8748 0.753895 1.32073
threshold=7.3500001430511483 -1.2499999999999998 -2.1539821624755855 1.0500000119209292 1.5000000000000002 22.500000000000004 54.850000381469734 1.5522398095510841e-15 1.7500000000000002 1.271982789039612 2609.5000000000005 109.74613189697267 36.850000381469734 17.150000572204593
decision_type=2 2 2 2 2 10 2 2 2 2 2 2 2 2
left_child=1 2 9 4 5 7 -7 -4 -3 10 11 -1 -10 -14
right_child=-2 8 3 -5 -6 6 -8 -9 12 -11 -12 -13 13 -15
leaf_value=-7.2696240910621201e-05 -0.0024391083131607336 -0.0011169449413115044 0.0012726470245108027 -0.0010512696065410824 1.0801106880694576e-05 0.0011288474484400942 -0.0011990672725549192 0.0001908988973787232 -5.1084452716589464e-06 -0.00050378531366356417 -0.00077965190841021849 0.0018635338957346391 0.00107953437375511 3.3417998154757377e-05
leaf_weight=1271 286 191 99 579 2959 98 173 53 16132 1554 219 75 167 1440
leaf_count=1271 286 191 99 579 2959 98 173 53 16132 1554 219 75 167 1440
internal_value=-0.0001553 -0.000129897 -0.000521863 2.39223e-05 0.000380305 0.00250577 0.000338077 0.00611111 2.50824e-05 -0.00121285 -0.000396827 8.84944e-05 6.22558e-05 0.00109153
internal_weight=25296 25010 7080 3961 3382 423 271 152 17930 3119 1565 1346 17739 1607
internal_count=25296 25010 7080 3961 3382 423 271 152 17930 3119 1565 1346 17739 1607
is_linear=0
shrinkage=0.05


Tree=442
num_leaves=15
num_cat=0
split_feature=28 50 18 35 24 21 43 57 10 25 22 25 42 57
split_gain=0.8079 0.890264 1.34281 1.9056 1.34272 1.62445 2.00396 1.33931 1.2916 1.57161 1.27042 1.26625 1.76821 1.19836
threshold=98.500000000000014 -0.7865660786628722 -9.2499999999999982 1.5000000000000002 139.50000000000003 110.50000000000001 172.50000000000003 191.93333435058597 111.30833435058595 30.050000190734867 1757.5000000000002 24.750000000000004 3.8500000238418584 44.783332824707038
decision_type=2 2 2 2 2 2 10 2 2 2 2 2 2 2
left_child=1 7 -3 8 13 6 -6 -1 9 11 -10 -4 -13 -5
right_child=-2 2 3 4 5 -7 -8 -9 10 -11 -12 12 -14 -15
leaf_value=-0.0001660877988921975 -0.00038906358189639829 -9.5092912262446469e-05 7.1263713885983462e-05 -0.00026860116955080892 0.00015611174440970034 -0.00011754730296314299 0.0021515299252751544 0.0010104348039766289 0.00032617243635066064 -0.00024138656636334187 0.00011567419577855356 0.0002991303175730766 3.4429696226655821e-05 2.5870013117941081e-05
leaf_weight=5230 492 6241 3792 3099 154 262 132 82 248 258 554 70 155 4762
leaf_count=5230 492 6241 3792 3099 154 262 132 82 248 258 554 70 155 4762
internal_value=-0.000125486 -8.56334e-05 6.91583e-05 0.000349732 -0.000112247 0.00225806 0.0047973 -0.000659528 0.00111362 0.000764293 0.00294335 0.00100944 0.00457447 -0.000280143
internal_weight=25531 25039 19727 13486 8409 548 286 5312 5077 4275 802 4017 225 7861
internal_count=25531 25039 19727 13486 8409 548 286 5312 5077 4275 802 4017 225 7861
is_linear=0
shrinkage=0.05


Tree=443
num_leaves=15
num_cat=0
split_feature=49 43 43 38 29 0 36 54 56 44 7 13 5 51
split_gain=0.825975 1.15725 1.23175 1.3666 1.1159 1.039 1.03976 1.46614 1.3289 1.10268 0.974613 1.16216 0.959035 0.973318
threshold=-102.49999999999999 87.500000000000014 827.50000000000011 4.3500001430511483 2.5499999523162846 47.750000000000007 29.349999427795414 7.5000000000000009 35.100000381469734 1.1437717080116274 56.95000076293946 44.352085113525398 33.45000076293946 1.0000000180025095e-35
decision_type=8 10 10 2 2 2 2 2 2 2 2 2 2 2
left_child=1 -1 3 -3 -5 6 -6 -8 -9 -10 -2 -12 13 -13
right_child=10 2 -4 4 5 -7 7 8 9 -11 11 12 -14 -15
leaf_value=-0.00049074478940784811 3.3154962235337811e-05 0.0047615048784202078 -0.00061254483773907681 0.0028975988216455679 -9.009228776551021e-05 -0.0007891943192281488 2.755653457010935e-06 -5.8907373616927188e-05 0.0027600772798763947 0.0029314125360042939 -0.00072829174847975761 0.0023464822225923859 -3.5285053907958228e-05 3.4958014866721806e-05
leaf_weight=1015 10421 54 646 87 664 658 353 70 97 70 617 226 9661 610
leaf_count=1015 10421 54 646 87 664 658 353 70 97 70 617 226 9661 610
internal_value=-0.000150245 -0.00083781 -0.000293467 0.000307803 7.71516e-05 -0.000187306 0.000656644 0.00216667 0.00512146 0.00742938 -3.1331e-05 -0.000356887 -0.000231751 0.00138298
internal_weight=25249 3714 2699 2053 1999 1912 1254 590 237 167 21535 11114 10497 836
internal_count=25249 3714 2699 2053 1999 1912 1254 590 237 167 21535 11114 10497 836
is_linear=0
shrinkage=0.05


Tree=444
num_leaves=15
num_cat=0
split_feature=29 48 22 3 54 49 30 25 29 12 29 40 25 48
split_gain=0.930614 1.24574 0.987043 2.37143 1.58424 1.61626 1.45454 1.35719 1.36089 2.07888 1.09951 0.975295 0.899619 1.45808
threshold=3.3500000238418584 2.6499999761581425 1127.5000000000002 76.250000000000014 9.5000000000000018 7.5000000000000009 42.500000000000007 16.750000000000004 1.9499999880790713 45.897222518920906 2.1499999761581425 994.54998779296886 27.650000572204593 3.2500000000000004
decision_type=2 2 2 2 2 10 8 2 2 2 2 2 2 2
left_child=1 2 3 7 6 -6 -5 -1 -9 -10 11 -4 -2 -14
right_child=12 -3 10 4 5 -7 -8 8 9 -11 -12 -13 13 -15
leaf_value=-0.00032553548124410208 -1.8359103157694919e-05 -0.0016828783184112989 -4.1425806021351494e-05 0.002123672563746023 2.4131061719061594e-05 0.0010946491883949822 -0.0001621301275614573 -0.00051470415523149611 0.0029741661902334855 6.0335998079664873e-05 -0.00029082236993634565 0.00071304177406332058 8.9873877146790773e-05 -0.0025910178233511118
leaf_weight=833 18464 785 1018 59 50 62 124 101 50 160 1045 80 2363 177
leaf_count=833 18464 785 1018 59 50 62 124 101 50 160 1045 80 2363 177
internal_value=-0.000155826 -0.000819055 -0.00042038 0.000590061 0.0045082 0.00893443 0.00147668 -0.000450608 0.00232087 0.00454545 -0.00109847 9.02409e-06 -1.76085e-05 0.000862744
internal_weight=25371 4367 3582 1439 295 112 183 1144 311 210 2143 1098 21004 2540
internal_count=25371 4367 3582 1439 295 112 183 1144 311 210 2143 1098 21004 2540
is_linear=0
shrinkage=0.05


Tree=445
num_leaves=15
num_cat=0
split_feature=56 6 8 6 48 57 47 57 56 41 8 47 24 22
split_gain=0.960789 1.4887 1.12341 1.11631 1.09248 1.04933 1.06711 1.32066 0.943695 1.01421 1.75379 1.48254 0.948412 1.05422
threshold=26.650000572204593 27.050000190734867 54.750000000000007 19.849999427795414 1.7500000000000002 36.916667938232429 8.5583333969116229 30.416666030883793 19.44999980926514 60.500000000000007 33.95000076293946 7.9583332538604745 5.5000000000000009 421.50000000000006
decision_type=2 2 2 2 2 2 2 2 2 2 2 2 2 2
left_child=3 2 5 8 -5 6 -2 -8 9 -1 11 -11 -10 -14
right_child=1 -3 -4 4 -6 -7 7 -9 12 10 -12 -13 13 -15
leaf_value=-0.00046365757530909867 3.9809959911279808e-05 -4.8989854703333583e-06 0.00200787370030161 -0.00010119717618326191 -0.0016805214817450179 -0.00011887165275174486 0.00065233338588363066 0.0025615746361375203 0.0011130745820935142 0.003353228706015099 -0.00081948841449042088 0.00050408597279393268 0.0022216213582016242 -0.0007792784418002265
leaf_weight=416 260 21826 83 1243 538 264 84 78 80 50 90 80 71 85
leaf_count=416 260 21826 83 1243 538 264 84 78 80 50 90 80 71 85
internal_value=-6.49311e-05 4.0919e-05 0.0021887 -0.000963201 -0.00167783 0.00146552 0.00298611 0.00604651 0.000498865 -0.000510837 0.00217391 0.00571428 0.00313008 0.00072289
internal_weight=25248 22595 769 2653 1781 686 422 162 872 636 220 130 236 156
internal_count=25248 22595 769 2653 1781 686 422 162 872 636 220 130 236 156
is_linear=0
shrinkage=0.05


Tree=446
num_leaves=15
num_cat=0
split_feature=48 35 42 9 25 36 12 37 3 53 45 42 12 48
split_gain=1.3584 1.07104 0.828325 1.31741 0.832083 0.914423 1.09379 0.823115 1.17975 1.7604 1.17587 1.06878 1.57431 1.54897
threshold=-2.5499999523162837 2.5000000000000004 19.94999980926514 52.649999618530281 6.1499998569488534 30.750000000000004 71.44861221313478 28.500000000000004 14.750000000000002 -0.10837475582957266 8.2723965644836444 12.750000000000002 54.199998855590827 0.45000000298023229
decision_type=2 2 2 2 2 2 2 2 2 2 2 2 2 2
left_child=1 -1 4 -4 5 6 -2 -6 9 -9 11 -10 13 -13
right_child=2 -3 3 -5 7 -7 -8 8 10 -11 -12 12 -14 -15
leaf_value=-0.00070022597758372888 -0.00087143227226235622 -7.4952324095700686e-05 0.0013434028124418935 -0.00042998365668055243 -0.00022494159253433942 0.00022659265001953081 0.00085651032702214634 0.0031642368712396563 8.8710803548955232e-06 -0.00045179544532664758 -0.00039947865144487112 7.8380076493494066e-05 -0.00015652136655453292 0.0019423058535712858
leaf_weight=1154 474 1759 99 84 1526 147 54 102 18643 54 514 304 357 193
leaf_count=1154 474 1759 99 84 1526 147 54 102 18643 54 514 304 357 193
internal_value=-0.000102851 -0.001117 2.8588e-05 0.00329015 4.45676e-07 -0.00171533 -0.00267658 5.45996e-05 0.000139514 0.00433735 0.000104639 0.000167375 0.00188657 0.0036785
internal_weight=25464 2913 22551 183 22368 675 528 21693 20167 156 20011 19497 854 497
internal_count=25464 2913 22551 183 22368 675 528 21693 20167 156 20011 19497 854 497
is_linear=0
shrinkage=0.05


Tree=447
num_leaves=15
num_cat=0
split_feature=39 20 31 37 31 5 20 32 8 26 36 27 5 32
split_gain=0.728657 0.668043 1.51985 1.32997 1.0515 1.89812 1.04867 0.955332 0.876545 1.11865 0.788765 1.28929 1.14973 1.34719
threshold=2.5499999523162846 96.649997711181655 8.289743900299074 71.500000000000014 3.9307385683059697 109.54999923706056 67.649997711181655 -6.466838836669921 39.850000381469734 0.97457182407379161 9.0500001907348651 14.150000095367433 143.19999694824222 -0.70697447657585133
decision_type=2 2 2 2 2 2 2 2 2 2 2 2 2 2
left_child=1 6 3 4 -3 -6 -1 -5 9 -8 -9 12 -12 -14
right_child=-2 2 -4 7 5 -7 8 10 -10 -11 11 -13 13 -15
leaf_value=-2.2526723898762634e-05 -0.00081522047644503345 -0.0006772926133199014 0.00046737017438423296 0.0012542987049520456 -0.00037346687606795741 0.0008369537674979056 -8.1800909240858175e-06 -6.9578022299812093e-05 -0.0002066041408940423 0.0019369552619285274 8.4869205884320501e-05 2.0301604443765755e-05 -9.1438162268201752e-05 0.0012762694441061089
leaf_weight=19259 234 506 83 81 86 51 437 419 2740 52 265 959 52 119
leaf_count=19259 234 506 83 81 86 51 437 419 2740 52 265 959 52 119
internal_value=-0.000231335 -0.000204826 0.00054922 0.000317895 -0.00163094 0.00214286 -0.000292916 0.000984251 -0.00112535 0.000811622 0.000729165 0.00129893 0.00352018 0.00660221
internal_weight=25343 25109 2621 2538 643 137 22488 1895 3229 489 1814 1395 436 171
internal_count=25343 25109 2621 2538 643 137 22488 1895 3229 489 1814 1395 436 171
is_linear=0
shrinkage=0.05


Tree=448
num_leaves=15
num_cat=0
split_feature=56 34 38 13 43 23 41 41 30 49 21 22 26 53
split_gain=0.824633 0.76824 0.719081 0.933182 1.18095 0.724088 0.717537 1.0135 1.43171 1.07419 0.880962 0.875224 0.810604 0.730893
threshold=22.250000000000004 3.0499999523162846 12.750000000000002 103.21101379394533 57.500000000000007 0.30500000715255743 99.500000000000014 97.500000000000014 267.50000000000006 -92.499999999999986 118.50000000000001 768.50000000000011 0.67796784639358532 -0.9711191952228545
decision_type=2 2 2 2 8 2 2 2 10 10 2 2 2 2
left_child=-1 6 3 4 -3 -6 7 13 11 -10 -11 -9 -13 -2
right_child=1 2 -4 -5 5 -7 -8 8 9 10 -12 12 -14 -15
leaf_value=-0.00029933768727995262 0.000242888548218483 0.00068048734034378442 -0.00073079713620075243 -0.0011183038326539208 -0.00088344812644379402 0.00019880310087466718 -9.5168115923507414e-05 -0.00068500074009120821 0.0010833319977985047 0.0043749649979448 0.00042861952311704153 0.0012930516063455952 4.7263598126437286e-05 -6.9867578693264593e-06
leaf_weight=1483 1436 72 613 95 95 188 3213 110 95 52 61 66 238 17413
leaf_count=1483 1436 72 613 95 95 188 3213 110 95 52 61 66 238 17413
internal_value=-0.000176309 -0.000104602 -0.00141193 0.000108694 0.00130137 -0.000221844 -4.27438e-05 7.1607e-05 0.00204114 0.0053211 0.00841463 0.000306603 0.0016879 5.56644e-06
internal_weight=25230 23747 1063 450 355 283 22684 19471 622 208 113 414 304 18849
internal_count=25230 23747 1063 450 355 283 22684 19471 622 208 113 414 304 18849
is_linear=0
shrinkage=0.05


Tree=449
num_leaves=15
num_cat=0
split_feature=52 51 13 38 7 5 55 43 1 19 43 28 5 27
split_gain=1.08351 1.23888 2.1968 1.67972 1.42185 2.19025 1.40408 1.67697 1.5767 1.61023 1.6582 1.56715 1.72883 1.7556
threshold=0.3744682669639588 0.12940952181816107 79.874702453613295 18.44999980926514 63.000000000000007 105.79999923706056 1.5000000000000002 25.02689361572266 42.45000076293946 41.149999618530281 47.500000000000007 68.500000000000014 63.899999618530281 23.94999980926514
decision_type=2 2 2 2 2 2 2 10 2 2 10 2 2 2
left_child=-1 2 -2 6 5 -4 7 -3 9 -8 -11 12 13 -12
right_child=1 3 4 -5 -6 -7 8 -9 -10 10 11 -13 -14 -15
leaf_value=-4.2578745930134207e-05 -0.00012924517785232309 0.00090686530800892888 0.0025236343491417709 0.0017439872773070933 9.5293133358189072e-05 -7.2951432829448647e-05 -0.00038833644889871462 9.0693410574043805e-05 -0.00016621989317501542 1.3560098472782727e-05 0.0050003244326400579 -0.00024200899850767774 -0.00058598619177355421 0.0023177920268191115
leaf_weight=16170 4293 436 144 206 512 80 429 767 1550 445 88 118 50 260
leaf_count=16170 4293 436 144 206 512 80 429 767 1550 445 88 118 50 260
internal_value=-0.000160029 0.000267361 -0.000266919 0.000884376 0.0022386 0.00547008 0.000658559 0.00208986 6.77954e-05 0.00128571 0.00241503 0.00431559 0.00578431 0.00701117
internal_weight=25548 9378 5029 4349 736 224 4143 1203 2940 1390 961 516 398 348
internal_count=25548 9378 5029 4349 736 224 4143 1203 2940 1390 961 516 398 348
is_linear=0
shrinkage=0.05


Tree=450
num_leaves=15
num_cat=0
split_feature=21 27 18 43 17 8 32 40 30 48 49 20 28 34
split_gain=0.853442 0.951357 1.3949 1.9705 1.03574 1.36887 1.64375 1.68559 1.40755 1.21464 1.01856 1.60997 1.01292 0.94647
threshold=208.50000000000003 33.049999237060554 2.8500000238418584 2615.0000000000005 -16.249999999999996 34.95000076293946 -3.6019299030303951 973.45001220703136 1212.5000000000002 1.9499999880790713 -967.49999999999989 12.250000000000002 61.500000000000007 0.65000000596046459
decision_type=2 2 2 10 2 2 2 2 8 2 8 2 2 2
left_child=1 -1 10 4 -4 6 -6 -8 -9 -7 11 -3 -12 -10
right_child=-2 2 3 -5 5 9 7 8 13 -11 12 -13 -14 -15
leaf_value=-1.1343951828781692e-05 -0.0001940230922855734 0.0002137281675195067 -9.6001813320076507e-05 0.0015156376776252697 -0.00029185229243715478 -4.0193026303025811e-05 -0.00067648014978537261 0.0062928463379405683 -0.00060533261040227797 0.0013981587348143437 -0.0002876239009331699 0.0034629311468159923 0.0007758229190669378 0.00192364688706459
leaf_weight=21355 1360 218 127 85 87 448 50 66 51 63 1274 65 124 50
leaf_count=21355 1360 218 127 85 87 448 50 66 51 63 1274 65 124 50
internal_value=-6.35014e-05 5.60675e-06 0.00088668 0.00232883 0.00161765 0.00227273 0.00487261 0.00711454 0.00940678 0.000662187 -2.95802e-06 0.00267918 -0.000561081 0.00490991
internal_weight=25423 24063 2708 1027 942 815 304 217 167 511 1681 283 1398 101
internal_count=25423 24063 2708 1027 942 815 304 217 167 511 1681 283 1398 101
is_linear=0
shrinkage=0.05


Tree=451
num_leaves=15
num_cat=0
split_feature=25 9 3 25 52 3 7 48 1 53 3 7 30 21
split_gain=0.921636 1.29671 1.21244 1.10271 2.17668 2.66613 1.13287 0.998375 0.872922 1.43318 1.86586 1.51689 2.0967 1.33072
threshold=6.9500000476837167 21.050000190734867 23.250000000000004 7.2500000000000009 0.091259401291608824 34.95000076293946 34.649999618530281 -2.2499999999999996 28.550000190734867 -0.70900321006774891 33.95000076293946 31.750000000000004 357.50000000000006 110.50000000000001
decision_type=2 2 2 2 2 2 2 2 2 2 2 2 10 2
left_child=1 2 -1 4 -2 6 -6 -5 9 10 11 12 -9 -10
right_child=3 -3 -4 7 5 -7 -8 8 13 -11 -12 -13 -14 -15
leaf_value=-0.0001587852897701657 -0.0012646133216167872 -0.00036534041923320476 0.0028238415933521496 -0.00017295319953047818 0.0013559044228533407 0.0034839013136263378 -0.0033669777823742697 -0.0010453198356743416 2.318804409344505e-05 6.574856083765596e-05 0.0022052056109448724 -3.0265742173454884e-05 0.0031624926722113472 -8.6623696325332559e-05
leaf_weight=109 107 1263 92 3245 68 97 57 50 13173 1321 53 225 82 5370
leaf_count=109 107 1263 92 3245 68 97 57 50 13173 1321 53 225 82 5370
internal_value=-8.92516e-05 -0.00130258 0.00234597 -1.42522e-05 0.00281711 0.00556034 0.000555554 -5.50397e-05 7.54277e-05 0.00114589 0.00369048 0.00222071 0.0062676 -2.50645e-05
internal_weight=25312 1464 201 23848 329 222 125 23519 20274 1731 410 357 132 18543
internal_count=25312 1464 201 23848 329 222 125 23519 20274 1731 410 357 132 18543
is_linear=0
shrinkage=0.05


Tree=452
num_leaves=15
num_cat=0
split_feature=56 1 5 25 34 7 13 56 15 43 16 20 57 17
split_gain=0.758302 0.901309 1.55105 1.25456 1.04338 0.772894 1.00623 0.996619 1.16728 1.98282 0.918805 1.04423 1.0985 1.40161
threshold=26.650000572204593 34.399999618530281 33.95000076293946 14.250000000000002 0.94999998807907116 46.049999237060554 102.42618942260744 67.40000152587892 72.750000000000014 122.50000000000001 85.549999237060561 55.549999237060554 209.20000457763675 -43.749999999999993
decision_type=2 2 2 2 2 2 2 2 2 8 2 2 2 2
left_child=1 2 -1 -4 -5 6 -2 -7 9 -9 11 -10 13 -13
right_child=5 -3 3 4 -6 7 -8 8 10 -11 -12 12 -14 -15
leaf_value=-0.00026399447767767355 3.0749236758712184e-05 -0.00045840305922410373 3.5395928990198809e-05 0.0023761352148397208 3.7368527083376259e-05 -0.00012446811654698449 0.0011845852310362716 0.0020358438662354842 0.00012344687880733144 -3.634569251046891e-05 -6.1243758455014e-05 0.0012544547386701035 0.00011783555096647519 -7.6331581088982513e-05
leaf_weight=1013 7239 955 609 80 76 6524 86 61 3321 77 1603 72 72 3465
leaf_count=1013 7239 955 609 80 76 6524 86 61 3321 77 1603 72 72 3465
internal_value=-0.000186638 -0.000971565 -0.000302015 0.0013871 0.00524096 -9.0991e-05 0.000330605 -0.000294312 5.70199e-05 0.00445946 -1.93152e-05 0.000230546 -0.000357835 -0.000489147
internal_weight=25253 2733 1778 765 156 22520 7325 15195 8671 138 8533 6930 3609 3537
internal_count=25253 2733 1778 765 156 22520 7325 15195 8671 138 8533 6930 3609 3537
is_linear=0
shrinkage=0.05


Tree=453
num_leaves=15
num_cat=0
split_feature=29 48 26 32 18 42 37 44 26 9 5 2 31 43
split_gain=0.880206 1.43775 1.49657 1.36343 1.55228 1.11112 1.0765 0.887262 0.821853 1.2158 0.782381 1.48672 1.07255 1.03334
threshold=6.2500000000000009 2.9500000476837163 0.70356294512748729 1.0284231901168825 11.650000095367433 6.0499999523162851 80.500000000000014 -1.0824235081672666 0.60265299677848827 49.049999237060554 100.90000152587892 55.000000000000007 -9.3670186996459943 522.50000000000011
decision_type=2 2 2 2 2 2 2 2 2 2 2 2 2 10
left_child=1 -1 3 6 5 7 8 -5 9 -3 11 -2 13 -12
right_child=10 2 -4 4 -6 -7 -8 -9 -10 -11 12 -13 -14 -15
leaf_value=4.0602140180323446e-05 -2.726385263616126e-05 -0.0010678584043479137 -0.0022795842935951641 0.00043811197454972459 -0.00081031393261145942 7.5246554051859035e-06 0.0011857001740193688 0.0027822322526919394 -0.0019444571229849318 0.00146388429427531 0.0020008084524865614 -0.00023424953026290058 4.0334402754487173e-06 -0.00045955132737435862
leaf_weight=10782 7473 78 687 60 139 105 59 114 372 51 123 3650 1427 79
leaf_count=10782 7473 78 687 60 139 105 59 114 372 51 123 3650 1427 79
internal_value=-8.50899e-05 0.000213935 -0.00114925 0.000111335 0.00224299 0.00434256 -0.00149123 0.00668478 -0.00226028 0.00111511 -0.000376901 -0.000526813 0.000643684 0.00396226
internal_weight=25199 12447 1665 978 418 279 560 174 501 129 12752 11123 1629 202
internal_count=25199 12447 1665 978 418 279 560 174 501 129 12752 11123 1629 202
is_linear=0
shrinkage=0.05


Tree=454
num_leaves=15
num_cat=0
split_feature=48 50 11 33 47 25 47 17 49 20 20 14 25 23
split_gain=1.20984 1.4288 1.19929 1.16605 1.22073 1.23486 1.00661 0.983437 2.15552 2.0151 1.04577 1.28567 2.29621 1.02469
threshold=-1.3499999642372129 0.91597560048103344 24.385416984558109 0.25000000745058065 7.058333396911622 12.550000190734865 6.8166668415069589 -8.3499999046325666 -1322.4999999999998 11.949999809265138 11.949999809265138 9.6876568794250506 13.050000190734865 0.2650000005960465
decision_type=2 2 2 2 2 2 2 2 10 2 2 2 2 2
left_child=1 6 -2 4 -3 -6 7 8 9 -1 -9 12 -12 -10
right_child=2 3 -4 -5 5 -7 -8 10 13 -11 11 -13 -14 -15
leaf_value=0.00041314490590489391 -0.0003983634968624475 5.3740380549616569e-05 1.3451437581348938e-05 -0.0026124256072929983 0.0067541192274931695 0.011991926813799909 -0.00054430455406948713 -0.0017079272334889883 0.0018918315730194952 0.003227598453570818 -0.0010045906687391637 -0.00017049884512027868 0.0023226000651188363 -0.00026503184488169937
leaf_weight=93 582 223 18164 88 90 55 3068 310 90 78 151 1725 139 529
leaf_count=93 582 223 18164 88 90 55 3068 310 90 78 151 1725 139 529
internal_value=-0.000119119 -0.000698602 8.63712e-05 0.00197425 0.00320106 0.0066129 -0.000898596 -0.000264001 0.00125 0.00604972 -0.000781586 -0.000358026 0.00266667 -0.000151035
internal_weight=25385 6639 18746 456 368 145 6183 3115 790 171 2325 2015 290 619
internal_count=25385 6639 18746 456 368 145 6183 3115 790 171 2325 2015 290 619
is_linear=0
shrinkage=0.05


Tree=455
num_leaves=15
num_cat=0
split_feature=26 48 28 55 31 37 14 49 43 0 38 22 23 24
split_gain=0.722612 2.19739 1.63072 1.51213 1.36494 1.28975 1.33321 1.28122 1.27453 1.53173 2.01901 1.64722 1.46353 2.64612
threshold=0.70356294512748729 1.1500000357627871 71.500000000000014 1.0000000180025095e-35 1.0000000180025095e-35 82.500000000000014 40.613792419433601 62.500000000000007 787.50000000000011 42.199998855590827 7.3500001430511483 1103.5000000000002 0.49500000476837164 8.5000000000000018
decision_type=2 2 2 2 2 2 2 8 8 2 2 2 2 2
left_child=5 2 4 -4 -2 8 -7 -8 9 12 11 -11 -1 -14
right_child=1 -3 3 -5 -6 6 7 -9 -10 10 -12 -13 13 -15
leaf_value=0.00018322404810318694 -0.00049534910654223474 -0.0007258709284400773 -0.00027305754454263288 0.00011584550934295125 -8.3208634347838997e-06 -0.00017191099350227722 1.5839814402774556e-05 0.00065450833837528335 -2.6957456092480294e-05 -0.0010099943090757023 3.539429997678106e-06 0.00080384883536406895 0.0028622503080748905 0.00075320255164605437
leaf_weight=1177 1006 1904 439 2543 1842 3869 401 92 6141 63 4660 272 241 743
leaf_count=1177 1006 1904 439 2543 1842 3869 401 92 6141 63 4660 272 241 743
internal_value=-9.7037e-05 -0.000499743 -1.71245e-05 0.000798796 -0.00087124 7.95166e-05 -0.0006656 0.00175944 0.000324264 0.00077728 0.000294704 0.00398551 0.00188623 0.0032998
internal_weight=25393 7734 5830 2982 2848 17659 4362 493 13297 7156 4995 335 2161 984
internal_count=25393 7734 5830 2982 2848 17659 4362 493 13297 7156 4995 335 2161 984
is_linear=0
shrinkage=0.05


Tree=456
num_leaves=15
num_cat=0
split_feature=56 49 48 30 18 49 44 21 7 18 1 30 21 9
split_gain=0.896213 0.874617 0.870182 0.835041 0.787445 1.28609 1.38579 1.42132 1.30605 1.89992 1.07388 1.23212 1.27459 1.78888
threshold=26.650000572204593 -97.499999999999986 3.0499999523162846 282.50000000000006 11.34999990463257 117.50000000000001 3.933300375938416 15.500000000000002 102.54999923706056 22.750000000000004 71.099998474121108 942.50000000000011 47.500000000000007 55.149999618530281
decision_type=2 8 2 10 2 8 2 2 2 2 2 8 2 2
left_child=2 3 -1 -2 -3 6 -6 -8 9 -9 11 12 -7 -14
right_child=1 4 -4 -5 5 10 7 8 -10 -11 -12 -13 13 -15
leaf_value=-8.8437398765553828e-05 -0.0009041655104569153 -2.2589202890894854e-05 -0.0025981477252478014 -9.9754679552927202e-05 6.7013479254028448e-05 -0.003200977100422232 1.9975468733464892e-05 0.00042765765789407463 -0.00019536950380759019 0.0007865767329280443 -0.00030437162016842237 -5.7121983476488464e-05 8.5343674235991839e-05 0.0014197617857364727
leaf_weight=2384 431 13618 315 2883 3346 58 242 137 82 113 1054 397 156 66
leaf_count=2384 431 13618 315 2883 3346 58 242 137 82 113 1054 397 156 66
internal_value=-0.000172388 -6.92704e-05 -0.00103175 -0.000818292 5.99086e-05 0.000555554 0.00105598 0.00330479 0.00538012 0.00711538 -0.000577256 0.000967976 0.00344827 0.00512931
internal_weight=25282 22583 2699 3314 19269 5651 3920 574 332 250 1731 677 280 222
internal_count=25282 22583 2699 3314 19269 5651 3920 574 332 250 1731 677 280 222
is_linear=0
shrinkage=0.05


Tree=457
num_leaves=15
num_cat=0
split_feature=20 25 25 26 56 43 2 35 17 45 13 43 27 45
split_gain=0.658447 0.668431 1.27181 1.2219 0.909371 1.7287 1.26591 1.42292 1.23685 1.23325 1.31197 1.18222 1.22813 1.11322
threshold=176.30000305175784 16.750000000000004 16.849999427795414 0.6696852743625642 162.30000305175784 81.250000000000014 110.95000076293947 1.5000000000000002 12.949999809265138 -2.8989554643630977 164.488395690918 32.500000000000007 12.150000095367433 -3.9372576475143428
decision_type=2 2 2 2 2 8 2 2 2 2 2 8 2 2
left_child=1 -1 3 -3 6 -6 -4 13 9 -7 -11 12 -9 -8
right_child=-2 2 4 -5 5 8 7 11 -10 10 -12 -13 -14 -15
leaf_value=-5.9790790698427782e-05 -0.00031783877379545043 -0.00011156579469947327 2.5577332159877588e-05 0.0027064924517630979 1.5392601635823166e-05 1.7482550861982074e-06 0.000330668346489409 0.00022188928923118765 8.6837434564764716e-05 0.0026565671993221125 0.00070678708422864745 -0.0010274564755125262 -0.00020907324468651592 -2.81990941202176e-06
leaf_weight=15434 221 54 5965 58 893 54 108 148 151 70 62 1146 273 654
leaf_count=15434 221 54 5965 58 893 54 108 148 151 70 62 1146 273 654
internal_value=-0.000178057 -0.00015351 0.000173128 0.0052459 0.000108033 0.00137097 -8.06852e-05 -0.0010667 0.00436599 0.00698979 0.00943662 -0.00192454 0.000336426 0.000699481
internal_weight=25291 25070 9636 112 9524 1230 8294 2329 337 186 132 1567 421 762
internal_count=25291 25070 9636 112 9524 1230 8294 2329 337 186 132 1567 421 762
is_linear=0
shrinkage=0.05


Tree=458
num_leaves=15
num_cat=0
split_feature=50 35 3 22 38 0 43 13 41 2 3 3 45 22
split_gain=0.760769 1.05376 1.20411 1.62237 2.13878 1.17733 1.40285 0.991546 1.75215 1.69481 1.5677 1.07139 1.04311 1.38717
threshold=-0.98296290636062611 1.5000000000000002 103.70000076293947 3966.5000000000005 15.949999809265138 46.750000000000007 1037.5000000000002 72.536605834960952 95.500000000000014 83.000000000000014 72.299999237060561 89.500000000000014 3.034793615341187 1777.5000000000002
decision_type=2 2 2 2 2 2 8 2 2 2 2 2 2 2
left_child=-1 5 3 7 -5 6 -2 9 12 -3 -10 -12 -9 -14
right_child=1 2 -4 4 -6 -7 -8 8 10 -11 11 -13 13 -15
leaf_value=-0.00020423023968920169 -0.00020494440157420537 -4.3706453754254336e-05 -0.00022258779451267177 4.0702947524713405e-05 0.0014014497530760277 6.8876757290043536e-05 6.6822515885042399e-05 -3.1872509404762224e-05 6.007189741313507e-07 -0.00099132652446656854 0.0023451543426758065 0.0010138967060687686 5.6409795721732274e-05 0.0029903763687884706
leaf_weight=1081 1607 10152 3141 208 80 4731 1126 2050 154 585 102 85 281 67
leaf_count=1081 1607 10152 3141 208 80 4731 1126 2050 154 585 102 85 281 67
internal_value=-0.000133544 -7.56811e-05 -0.000294119 -9.22039e-05 0.00355705 0.000418784 -0.00040649 -0.000172773 0.00067479 -0.000389412 0.00397436 0.00692893 0.000191029 0.00268156
internal_weight=25450 24369 16905 13764 288 7464 2733 13476 2739 10737 341 187 2398 348
internal_count=25450 24369 16905 13764 288 7464 2733 13476 2739 10737 341 187 2398 348
is_linear=0
shrinkage=0.05


Tree=459
num_leaves=15
num_cat=0
split_feature=39 53 56 2 23 10 28 28 20 22 6 36 43 28
split_gain=0.796804 0.566857 0.53022 1.49269 1.13374 0.970585 0.776691 0.786844 0.741799 1.33223 0.796362 0.991306 0.737528 1.97129
threshold=1.1500000357627871 -0.9852197766304015 26.250000000000004 46.049999237060554 0.86500000953674328 45.658334732055671 85.500000000000014 76.500000000000014 46.549999237060554 1162.5000000000002 20.44999980926514 39.149999618530281 32.500000000000007 35.500000000000007
decision_type=2 2 2 2 2 2 2 2 2 2 2 2 10 2
left_child=2 -2 3 4 5 6 7 8 10 -10 11 12 13 -1
right_child=1 -3 -4 -5 -6 -7 -8 -9 9 -11 -12 -13 -14 -15
leaf_value=-0.0011969334424334541 0.00018697095948013167 -0.00096216424405534044 3.7006897477727119e-06 -0.0011883670406475312 0.0012961577716619349 0.0015761808581705667 -0.0010297935112308875 0.0016782425830609736 0.0029872731049911914 -0.00070169611393748057 -0.00026801196849183709 0.0011072245469755536 -0.00017891446835331874 0.0036611798714966922
leaf_weight=74 50 397 22262 442 63 63 177 112 61 51 802 70 479 63
leaf_count=74 50 397 22262 442 63 63 177 112 61 51 802 70 479 63
internal_value=-8.65916e-05 -0.00215536 -4.8325e-05 -0.00074382 -0.000160495 -0.000387361 -0.00060295 -0.000267132 -0.000559007 0.00319672 -0.000861149 0.00038793 -0.000287541 0.00282313
internal_weight=25166 447 24719 2457 2015 1952 1889 1712 1600 112 1488 686 616 137
internal_count=25166 447 24719 2457 2015 1952 1889 1712 1600 112 1488 686 616 137
is_linear=0
shrinkage=0.05


Tree=460
num_leaves=15
num_cat=0
split_feature=14 2 57 4 26 32 29 53 4 2 57 27 21 17
split_gain=1.018 0.715835 1.17948 0.983649 0.736642 0.707551 0.74568 0.700063 1.07338 0.58101 0.669285 0.653718 0.849519 0.911177
threshold=6.0799376964569101 33.45000076293946 51.349998474121101 36.500000000000007 0.78845849633216869 -2.1432074308395381 9.4499998092651385 -0.33426210284233088 26.550000190734867 238.19999694824222 228.8666687011719 14.150000095367433 146.50000000000003 -15.449999809265135
decision_type=2 2 2 2 2 2 2 2 2 2 2 2 2 2
left_child=1 2 3 5 -3 6 7 8 -1 11 -11 12 13 -2
right_child=9 4 -4 -5 -6 -7 -8 -9 -10 10 -12 -13 -14 -15
leaf_value=0.0035773978927231965 0.00032247207395379391 -0.00072902083356631594 0.0015646096386715625 0.0015873953658630013 0.00038938769766814162 -0.00044891331386791571 -0.00045335998043252224 -0.00010036598312404842 1.6462754329604801e-05 -0.0007613945238711963 0.00050122858781427094 -2.3245025430389431e-05 -0.00057694457918559328 1.6438440131742335e-05
leaf_weight=54 887 937 85 76 80 405 263 130 69 225 60 19188 146 2792
leaf_count=54 887 937 85 76 80 405 263 130 69 225 60 19188 146 2792
internal_value=-0.000178495 -0.00123044 -0.000329672 -0.000829197 -0.00217624 -0.00129431 -5.70354e-05 0.00184411 0.0043985 -8.32344e-05 -0.00228814 -5.49462e-05 0.000541068 0.000692598
internal_weight=25397 2099 1082 997 1017 921 516 253 123 23298 285 23013 3825 3679
internal_count=25397 2099 1082 997 1017 921 516 253 123 23298 285 23013 3825 3679
is_linear=0
shrinkage=0.05


Tree=461
num_leaves=15
num_cat=0
split_feature=14 48 7 7 57 57 32 17 48 39 16 49 0 22
split_gain=0.987808 0.777652 1.24428 0.834129 1.45233 1.01803 1.04524 1.4426 1.30887 1.04979 0.988638 1.02433 1.55103 1.65774
threshold=3.4420465230941777 -1.8499999642372129 8.9000000953674334 57.45000076293946 51.083332061767585 53.683334350585945 -9.0148162841796857 -0.84999999403953541 -0.55000001192092884 0.45000000298023229 20.550000190734867 247.50000000000003 58.95000076293946 619.50000000000011
decision_type=2 2 2 2 2 2 2 2 2 2 2 10 2 2
left_child=-1 -2 -3 4 -4 -5 7 -7 -9 -8 -6 -12 13 -13
right_child=1 2 3 5 10 6 9 8 -10 -11 11 12 -14 -15
leaf_value=-0.00060216545848275913 -0.00013426796088143874 0.00075135985756613274 1.041199634613297e-05 -0.00030510229013015327 0.00078128469043498927 -0.00022733798858167589 -2.0270114609812317e-05 0.00058762108341267225 0.0013332142840719917 0.0016792896893929946 0.00012048305761267555 0.00017273608497113337 -2.3038245683327536e-05 0.0028283560878495967
leaf_weight=294 4564 57 7982 1104 275 112 8631 53 69 111 1832 51 101 50
leaf_count=294 4564 57 7982 1104 275 112 8631 53 69 111 1832 51 101 50
internal_value=-2.88595e-05 5.59836e-06 0.000137488 0.000115057 0.00043151 -0.000208128 -3.11608e-05 0.00319672 0.00674242 -0.000121116 0.00153299 0.00113992 0.00443396 0.00851351
internal_weight=25286 24992 20428 20371 10291 10080 8976 234 122 8742 2309 2034 202 101
internal_count=25286 24992 20428 20371 10291 10080 8976 234 122 8742 2309 2034 202 101
is_linear=0
shrinkage=0.05


Tree=462
num_leaves=15
num_cat=0
split_feature=9 21 19 36 34 0 8 0 0 11 3 38 14 13
split_gain=0.674994 0.985205 0.855823 1.07919 0.953667 1.55019 1.25801 1.10421 1.05553 0.986183 0.868924 1.26463 1.93092 1.01454
threshold=58.649999618530281 153.50000000000003 63.199998855590827 35.850000381469734 -1.0500000119209287 43.850000381469734 36.250000000000007 39.250000000000007 57.45000076293946 81.116664886474624 107.00000000000001 7.3500001430511483 14.679847240448 69.752082824707045
decision_type=2 2 2 2 2 2 2 2 2 2 2 2 2 2
left_child=-1 2 -2 4 5 -4 -7 -6 9 -9 11 12 -10 -14
right_child=1 -3 3 -5 7 6 -8 8 10 -11 -12 -13 13 -15
leaf_value=1.5587700487881752e-05 -0.00016921132344290836 -0.00020590136505899741 0.0018054265444603071 0.0020668656557003271 0.0032948259342903603 0.00090601524287155547 1.9712478073231505e-05 -0.00076867951389495001 0.0029498815470231886 0.00042045532321562942 -8.051967862123945e-05 -7.1963194112734864e-07 0.0011686129619516775 -1.1042007087387869e-05
leaf_weight=13822 1869 1264 96 50 52 60 1771 764 61 50 2346 2904 64 258
leaf_count=13822 1869 1264 96 50 52 60 1771 764 61 50 2346 2904 64 258
internal_value=-0.000110256 -0.000391171 -0.000229359 -1.53205e-05 -6.28272e-05 0.000911202 0.000567625 -0.00035259 -0.000415829 -0.00208738 -0.00017101 0.00035335 0.00301527 0.0013253
internal_weight=25431 11609 10345 8476 8426 1927 1831 6499 6447 814 5633 3287 383 322
internal_count=25431 11609 10345 8476 8426 1927 1831 6499 6447 814 5633 3287 383 322
is_linear=0
shrinkage=0.05


Tree=463
num_leaves=15
num_cat=0
split_feature=17 25 48 32 8 4 50 50 20 7 25 26 14 9
split_gain=0.785356 1.5246 1.68358 1.50105 2.43209 1.0519 1.10703 1.71733 1.50182 0.902204 1.26088 1.07262 1.13038 1.70729
threshold=36.250000000000007 12.250000000000002 3.4500000476837163 -5.8423225879669181 94.200000762939467 22.650000572204593 0.37940952181816107 -0.6035533845424651 48.250000000000007 80.000000000000014 11.449999809265138 0.96780660748481762 41.629899978637702 52.649999618530281
decision_type=2 2 2 2 2 2 2 2 2 2 2 2 2 2
left_child=9 -2 3 4 -3 -5 7 -7 -9 -1 -11 12 -12 -14
right_child=1 2 -4 5 -6 6 -8 8 -10 10 11 -13 13 -15
leaf_value=-4.6484843624766444e-06 0.0029795077988807196 0.0015421234777396988 -0.0039436618826251008 -0.00070927109486301548 -0.0001480429168106819 -0.00015674699091778872 -0.00010988856369527503 0.00063203492775519262 0.00011136673136001895 -0.00058291939835700081 -4.072659191796829e-05 -0.0002009874912845332 0.0018051813871382883 0.00015931360570971775
leaf_weight=16857 54 101 157 179 84 350 663 50 1274 1042 2850 1064 74 448
leaf_count=16857 54 101 157 179 84 350 663 50 1274 1042 2850 1064 74 448
internal_value=-0.000124125 0.000646816 0.000474197 0.000772776 0.005 0.000443388 0.000730719 0.0014133 0.00223388 -0.000224884 -0.000781707 -0.000411607 2.66103e-05 0.00214286
internal_weight=25247 2912 2858 2701 185 2516 2337 1674 1324 22335 5478 4436 3372 522
internal_count=25247 2912 2858 2701 185 2516 2337 1674 1324 22335 5478 4436 3372 522
is_linear=0
shrinkage=0.05


Tree=464
num_leaves=15
num_cat=0
split_feature=50 48 29 57 18 26 27 26 14 8 49 21 28 19
split_gain=0.881014 0.944335 1.81693 1.67562 1.59626 1.46017 1.36968 1.26085 1.69668 1.6898 1.44118 1.83904 1.79507 1.6529
threshold=-0.98296290636062611 2.9500000476837163 7.3500001430511483 154.83332824707034 11.34999990463257 0.68260231614112865 11.050000190734865 0.64686608314514171 15.320032119750978 49.45000076293946 -72.499999999999986 55.500000000000007 61.500000000000007 56.750000000000007
decision_type=2 2 2 2 2 2 2 2 2 2 8 2 2 2
left_child=-1 4 3 5 -2 -3 -7 9 10 -6 -9 -12 -13 -14
right_child=1 2 -4 -5 7 6 -8 8 -10 -11 11 12 13 -15
leaf_value=-0.00024883074194086819 -2.1424569432451509e-05 -5.617110286969116e-05 0.00029940663084474255 0.00097831688688142259 0.00011921197259312498 0.00014983476426353338 -0.0024952489492013038 -0.00059686183859214512 4.5187199074409375e-05 -0.00038987727041714691 0.00038565188025782701 0.0028106097351830246 0.0010138985932985241 -2.789631558836503e-05
leaf_weight=1066 15535 703 878 65 915 229 977 142 3156 728 725 90 56 122
leaf_count=1066 15535 703 878 65 915 229 977 142 3156 728 725 90 56 122
internal_value=-6.83163e-05 -6.37167e-06 -0.00085954 -0.00169859 0.000107313 -0.00197759 -0.00302632 0.000804171 0.00125436 -0.000372052 0.00290393 0.00357428 0.00705036 0.00377659
internal_weight=25387 24321 2852 1974 21469 1909 1206 5934 4291 1643 1135 993 268 178
internal_count=25387 24321 2852 1974 21469 1909 1206 5934 4291 1643 1135 993 268 178
is_linear=0
shrinkage=0.05


Tree=465
num_leaves=15
num_cat=0
split_feature=19 40 45 30 30 30 45 38 34 31 28 47 34 23
split_gain=0.593216 1.43266 1.17156 0.665203 0.584077 0.751133 1.07122 0.717854 0.777702 0.618442 1.11935 1.01841 1.24285 1.01696
threshold=17.849999427795414 986.54998779296886 -2.4996402263641353 1092.5000000000002 2287.5000000000005 2117.5000000000005 -3.0490971803665157 11.84999990463257 -1.0000000180025095e-35 -0.19530963152647016 23.500000000000004 8.616666793823244 2.9500000476837163 0.44499999284744268
decision_type=2 2 2 8 10 10 2 2 2 2 2 2 2 2
left_child=1 2 3 -1 5 9 -7 8 -6 10 -2 -11 -13 -14
right_child=4 -3 -4 -5 7 6 -8 -9 -10 11 -12 12 13 -15
leaf_value=-0.0019866951100861248 0.0017119536216830989 -0.0016242121837879567 0.0034247195661617335 0.005215220185725746 0.00083878061102519996 0.001220257916279874 -7.3542034676667037e-05 -0.0010841969375414019 -0.00032401083751167916 4.6273212258324492e-05 -5.481813383458571e-05 -0.00016130982108199737 -0.00012103362698901526 0.0013656992037498063
leaf_weight=53 232 81 115 59 100 59 78 178 308 8635 12984 2260 91 64
leaf_count=53 232 81 115 59 100 59 78 178 308 8635 12984 2260 91 64
internal_value=-7.0535e-05 0.00207547 0.00407173 0.000327868 -9.78051e-05 -6.00102e-05 0.0035034 -0.0016443 -0.000454547 -8.15632e-05 -0.000312265 0.000194393 -0.000711341 0.00348485
internal_weight=25297 308 227 112 24989 24403 137 586 408 24266 13216 11050 2415 155
internal_count=25297 308 227 112 24989 24403 137 586 408 24266 13216 11050 2415 155
is_linear=0
shrinkage=0.05


Tree=466
num_leaves=15
num_cat=0
split_feature=56 1 34 9 47 51 23 44 0 53 28 43 18 29
split_gain=0.899405 0.901891 0.961509 1.41957 1.35298 0.788981 1.82191 1.91079 1.30882 1.3567 1.57338 1.30056 1.3786 1.59311
threshold=26.650000572204593 44.549999237060554 2.1499999761581425 24.150000572204593 6.6583333015441903 -0.91597560048103321 0.64499998092651378 -2.5054520368576045 78.099998474121108 0.21652257442474368 39.500000000000007 1697.5000000000002 7.1499998569488534 2.5499999523162846
decision_type=2 2 2 2 2 2 2 2 2 2 2 8 2 2
left_child=1 2 -1 -4 -5 6 8 -8 9 -2 -11 12 13 -9
right_child=5 -3 3 4 -6 -7 7 11 -10 10 -12 -13 -14 -15
leaf_value=-0.00012960914214590891 -0.00017307845006101405 -0.00083109204494820625 -0.00080380092509675909 -7.3006652091023525e-05 0.0022163941006523935 -1.488008316827618e-05 7.2172388831311908e-06 -3.90760664393799e-06 -0.0012139388008231436 0.0013552800906214977 0.00017208883392741587 -4.1577366557568348e-05 0.00022126629591087048 0.0024860418439360149
leaf_weight=1962 629 487 91 97 123 20137 529 51 442 53 390 124 175 211
leaf_count=1962 629 487 91 97 123 20137 529 51 442 53 390 124 175 211
internal_value=-0.000106034 -0.00095668 -0.000532196 0.00200934 0.00413043 -2.41867e-06 0.000814842 0.00236364 -0.0003084 0.000637707 0.00272627 0.00436953 0.0056264 0.00786765
internal_weight=25501 2760 2273 311 220 22741 2604 1090 1514 1072 443 561 437 262
internal_count=25501 2760 2273 311 220 22741 2604 1090 1514 1072 443 561 437 262
is_linear=0
shrinkage=0.05


Tree=467
num_leaves=15
num_cat=0
split_feature=25 2 50 53 43 2 44 17 12 47 49 48 51 43
split_gain=0.705945 0.747626 0.696142 1.05279 0.995062 0.96374 0.645949 0.928779 0.726125 0.689602 0.905049 1.1374 1.06859 1.06425
threshold=69.799999237060561 204.6499938964844 -0.98296290636062611 -0.46800559759140009 232.50000000000003 37.45000076293946 -17.053349494934078 4.8500001430511483 55.322917938232429 9.0166668891906756 -112.49999999999999 -5.3500001430511466 -0.37940952181816096 92.500000000000014
decision_type=2 2 2 2 8 2 2 2 2 2 8 2 2 10
left_child=1 2 3 -1 -5 -6 7 8 -4 10 12 -12 -8 -14
right_child=-2 -3 6 4 5 -7 9 -9 -10 -11 11 -13 13 -15
leaf_value=-0.0014231854337605683 0.00019724898665201201 -0.00024824972321081955 0.00040297677669326183 -0.00028158901618733533 0.00010196565262484256 0.00086498447875906685 -0.00079298042516706224 0.0019299948997787053 -0.0013013087315306366 -8.5029357838168834e-05 0.00090161592430088294 2.3609234304127956e-05 -0.00050367085184445154 0.00031399532726597741
leaf_weight=369 110 603 94 482 127 68 539 52 57 5240 89 15614 798 961
leaf_count=369 110 603 94 482 127 68 539 52 57 5240 89 15614 798 961
internal_value=-7.59541e-05 -9.4213e-05 -5.10216e-05 -0.00130682 -0.000123728 0.00280488 5.54157e-06 0.00274648 0.000590061 -1.95702e-05 0.000127421 0.000263157 -0.000797228 -0.000195027
internal_weight=25203 25093 24490 1046 677 195 23444 203 151 23241 18001 15703 2298 1759
internal_count=25203 25093 24490 1046 677 195 23444 203 151 23241 18001 15703 2298 1759
is_linear=0
shrinkage=0.05


Tree=468
num_leaves=15
num_cat=0
split_feature=5 16 57 0 38 35 0 40 49 15 42 23 43 25
split_gain=1.03214 0.758075 0.856548 0.960908 1.21115 1.1378 1.01013 1.47016 0.906571 1.17317 0.921795 0.823226 1.15077 1.27594
threshold=16.849999427795414 6.6499998569488534 29.783332824707035 24.550000190734867 8.3499999046325701 2.5000000000000004 22.650000572204593 980.14999389648449 -157.49999999999997 41.850000381469734 7.2500000000000009 0.70499998331069957 957.50000000000011 12.750000000000002
decision_type=2 2 2 2 2 2 2 2 8 2 2 2 8 2
left_child=-1 -2 11 4 -4 6 -6 -8 10 -10 -7 -3 -13 -14
right_child=1 2 3 -5 5 8 7 -9 9 -11 -12 12 13 -15
leaf_value=-0.00046424231240275505 0.0014120134894802187 -0.00019474190330965614 -0.0003298363472873861 -4.0263472021842244e-06 -9.8645610394609018e-05 -0.0016207606284484725 -1.2169545786830744e-05 0.0021387210650579834 0.00078223243119864548 0.0056582924411161355 0.0038494993395707723 -0.00016368563597245553 0.001514352671457434 -0.00010459072347820832
leaf_weight=627 93 2258 220 21032 383 68 83 62 53 125 50 194 68 65
leaf_count=627 93 2258 220 21032 383 68 83 62 53 125 50 194 68 65
internal_value=-0.000108504 -5.73425e-05 -7.51907e-05 2.5807e-05 0.00149905 0.0023741 0.000947954 0.00435484 0.00480392 0.00696808 0.00125 -0.000934491 0.00137982 0.00479021
internal_weight=25381 24754 24661 22076 1044 824 528 145 296 178 118 2585 327 133
internal_count=25381 24754 24661 22076 1044 824 528 145 296 178 118 2585 327 133
is_linear=0
shrinkage=0.05


Tree=469
num_leaves=15
num_cat=0
split_feature=57 26 34 23 19 20 42 26 26 53 55 37 4 42
split_gain=0.921118 1.26531 1.41822 0.792503 0.78361 0.730607 0.600348 0.59919 0.940813 0.727337 0.613683 0.695678 0.78982 0.683862
threshold=217.84999847412112 0.98040416836738598 -0.15000000223517415 0.19500000029802325 131.55000305175784 156.65000152587893 3.9500000476837163 0.25707465410232549 0.28430110216140753 -0.76140165328979481 5.5000000000000009 97.500000000000014 183.25000000000003 9.9499998092651385
decision_type=2 2 2 2 2 2 2 2 2 2 2 2 2 2
left_child=3 6 -3 4 -1 7 -2 -5 9 -9 13 12 -12 -10
right_child=1 2 -4 5 -6 -7 -8 8 10 -11 11 -13 -14 -15
leaf_value=-0.0002547903401777832 0.00037989414722103206 -0.00017719979308062256 0.0010644147652218521 -0.00040966707232684005 0.00073494482544755641 -0.0003122434170792286 -0.00018184259507306156 0.0021424567766138618 2.0168433200901685e-05 7.1687906460671897e-05 -0.0001265970391406593 0.00068613374171068854 0.00084720155960290298 -7.2092807875880112e-05
leaf_weight=1623 80 53 76 309 55 250 146 79 15818 106 2962 91 81 3477
leaf_count=1623 80 53 76 309 55 250 146 79 15818 106 2962 91 81 3477
internal_value=-9.63686e-05 0.00239726 0.00615108 -0.00013294 -0.00117891 -5.67238e-05 8.47446e-05 -2.68184e-05 3.53488e-06 0.00346154 -2.65175e-05 -0.000674301 -0.000807404 7.89939e-05
internal_weight=25206 355 129 24851 1678 23173 226 22923 22614 185 22429 3134 3043 19295
internal_count=25206 355 129 24851 1678 23173 226 22923 22614 185 22429 3134 3043 19295
is_linear=0
shrinkage=0.05


Tree=470
num_leaves=15
num_cat=0
split_feature=56 48 48 41 26 34 38 51 19 51 38 23 0 32
split_gain=1.06601 0.894472 0.764061 0.814441 0.877174 1.35075 1.15104 1.61728 1.80602 2.18364 1.46353 1.38749 1.19611 1.27449
threshold=30.650000572204593 4.6499998569488534 -2.8500000238418575 42.500000000000007 0.94765889644622814 1.8499999642372134 20.250000000000004 -0.12940952181816107 53.500000000000007 -0.37940952181816096 23.44999980926514 0.70499998331069957 74.15000152587892 -0.49871127307415003
decision_type=2 2 2 2 2 2 2 2 2 2 2 2 2 2
left_child=1 -1 -2 4 6 -6 -4 8 9 11 -10 -8 -9 -14
right_child=2 -3 3 -5 5 -7 7 12 10 -11 -12 -13 13 -15
leaf_value=-8.5947474224429767e-05 -0.00021292885718671175 -0.0029760235111635997 0.00010965885827400745 -5.0881480261138072e-05 -0.00010176108059458685 0.00095463471085178346 -0.00012469764747667918 -0.00051769580639631657 -0.00016074806428435556 0.0080690557366579745 0.00031022260070229994 0.0031863126242810667 0.00050303652239560106 -7.8743268682038222e-05
leaf_weight=3784 1925 236 6981 5812 2202 154 118 1656 690 50 961 61 173 627
leaf_count=3784 1925 236 6981 5812 2202 154 118 1656 690 50 961 61 173 627
internal_value=-0.000110064 -0.000856081 3.03443e-05 0.00012439 0.000335086 -0.000540999 0.000517788 -0.000121952 0.000978835 0.00504184 0.000388319 0.00214286 -0.000965127 0.000617283
internal_weight=25430 4020 21410 19485 13673 2356 11317 4336 1880 229 1651 179 2456 800
internal_count=25430 4020 21410 19485 13673 2356 11317 4336 1880 229 1651 179 2456 800
is_linear=0
shrinkage=0.05


Tree=471
num_leaves=15
num_cat=0
split_feature=31 44 32 35 17 19 22 48 32 42 2 17 24 17
split_gain=0.875055 1.7217 1.53124 1.33657 1.23323 1.1992 1.26608 1.52567 1.08836 1.0567 1.09227 2.55911 1.53979 1.14476
threshold=-0.18034240603446958 0.85758596658706676 4.9960219860076913 1.5000000000000002 -0.25000000745058054 142.75000000000003 481.50000000000006 1.4499999880790713 -2.8733866214752193 8.3499999046325701 110.95000076293947 51.649999618530281 5.5000000000000009 -27.05000019073486
decision_type=2 2 2 2 2 2 2 2 2 2 2 2 2 2
left_child=-1 2 4 -3 5 6 8 -8 -2 10 11 13 -13 -5
right_child=1 3 -4 9 -6 -7 7 -9 -10 -11 -12 12 -14 -15
leaf_value=-3.9198380513233762e-05 -0.00035321849297286005 4.4007331539152035e-05 -0.00046721557487156094 0.00036063504312737222 9.6674828256155016e-05 -9.9668877157547604e-06 0.0013824816783302614 8.1799177374024506e-05 0.0012315836011264495 -0.00064948080033705273 -0.00051819752426917926 0.00014383852049720694 0.0010562465430334113 -0.00012904635872180024
leaf_weight=13635 197 3089 295 587 1345 230 535 157 129 1691 708 88 52 2535
leaf_count=13635 197 3089 295 587 1345 230 535 157 129 1691 708 88 52 2535
internal_value=-5.99229e-05 0.000258412 0.0013147 -9.13254e-05 0.0017038 0.00282989 0.00356031 0.00475783 0.00095238 -0.000547524 -0.000100504 0.000287285 0.00666667 -1.91583e-05
internal_weight=25273 11638 2888 8750 2593 1248 1018 692 326 5661 3970 3262 140 3122
internal_count=25273 11638 2888 8750 2593 1248 1018 692 326 5661 3970 3262 140 3122
is_linear=0
shrinkage=0.05


Tree=472
num_leaves=15
num_cat=0
split_feature=45 52 52 31 26 9 32 43 15 27 52 20 25 44
split_gain=0.703646 1.29629 1.00681 1.86521 1.2791 1.74627 1.53857 1.46253 1.52316 1.09658 1.15469 1.43558 1.04665 1.01614
threshold=0.35348723828792578 0.34235194325447088 -0.82415616512298573 7.1601276397705087 0.8757840394973756 70.65000152587892 -0.37468813359737391 1067.5000000000002 52.95000076293946 31.849999427795414 -0.84315016865730275 32.750000000000007 11.250000000000002 -3.8417252302169795
decision_type=2 2 2 2 2 2 2 10 2 2 2 2 2 2
left_child=2 -2 3 4 9 7 -7 8 -6 10 -1 -12 -5 -11
right_child=1 -3 -4 12 5 6 -8 -9 -10 13 11 -13 -14 -15
leaf_value=-0.00024614444656914273 -2.2871099122979971e-05 0.00017738622036379942 -6.6956880581282318e-05 -0.0002264248869701085 0.0014716804851819781 0.0012351374209300424 -7.7749640350996041e-05 0.0021584925141108352 -0.00062610465035768214 0.0031793839506638667 0.0029609372101244199 -0.00064070309377441473 0.00066992000348668529 9.337863133513635e-05
leaf_weight=1353 7221 2873 12667 61 60 122 52 68 304 59 51 55 165 312
leaf_count=1353 7221 2873 12667 61 60 122 52 68 304 59 51 55 165 312
internal_value=-0.000167697 0.000156373 -0.000381056 0.000501496 8.99416e-05 0.00206169 0.0061413 0.000316741 -0.000989306 -0.000570653 -0.00118788 0.00362069 0.00474576 0.00182415
internal_weight=25423 10094 15329 2662 2436 606 174 432 364 1830 1459 106 226 371
internal_count=25423 10094 15329 2662 2436 606 174 432 364 1830 1459 106 226 371
is_linear=0
shrinkage=0.05


Tree=473
num_leaves=15
num_cat=0
split_feature=18 35 43 54 28 11 3 34 17 5 32 18 7 57
split_gain=0.913311 1.01782 1.68909 1.93409 1.71044 2.39151 1.50216 1.29309 1.49787 1.33345 1.14452 1.11686 1.02112 1.05355
threshold=-9.2499999999999982 1.5000000000000002 3335.0000000000005 6.5000000000000009 44.500000000000007 45.66875076293946 140.40000152587893 -1.6500000357627866 90.100002288818374 97.90000152587892 -6.1215250492095938 12.650000095367433 137.1499938964844 27.816666603088382
decision_type=2 2 8 2 2 2 2 2 2 2 2 2 2 2
left_child=-1 2 3 -2 5 10 7 9 12 -3 -4 -11 13 -9
right_child=1 6 4 -5 -6 -7 -8 8 -10 11 -12 -13 -14 -15
leaf_value=-6.4298660100621516e-05 -9.207604487419761e-05 0.00018132860844735272 0.00037734440880902472 7.9171883102732886e-05 2.994039737258665e-05 0.00086730592857225518 -0.00029129280325086775 -0.00067000839190056412 0.00073487283100487312 0.0021745707309010452 0.00012671320939174554 0.00015431503982784298 -0.00051083337717544759 3.9454145984720228e-05
leaf_weight=7675 2096 1361 95 3041 455 70 1164 1121 96 65 195 75 246 7667
leaf_count=7675 2096 1361 95 3041 455 70 1164 1121 96 65 195 75 246 7667
internal_value=4.87563e-05 0.000245817 0.000778261 0.000440061 0.00287879 0.0054054 -2.32964e-05 0.000163987 -6.01762e-05 0.00151886 0.00316667 0.006 -0.000129369 -3.86463e-05
internal_weight=25422 17747 5952 5137 815 360 11795 10631 9130 1501 290 140 9034 8788
internal_count=25422 17747 5952 5137 815 360 11795 10631 9130 1501 290 140 9034 8788
is_linear=0
shrinkage=0.05


Tree=474
num_leaves=15
num_cat=0
split_feature=6 57 4 9 4 6 30 11 56 27 48 21 43 50
split_gain=0.524256 1.04958 0.986112 1.09839 1.44655 1.17205 1.09158 1.07977 1.62972 1.06059 1.2016 2.05733 0.971991 0.953615
threshold=29.44999980926514 42.983333587646491 36.850000381469734 40.250000000000007 40.649999618530281 16.849999427795414 397.50000000000006 36.718750000000007 28.150000572204593 22.150000572204593 -2.1499999761581416 66.500000000000014 67.500000000000014 -0.7865660786628722
decision_type=2 2 2 2 2 2 10 2 2 2 2 2 10 2
left_child=2 13 7 4 6 -6 -4 8 -1 -10 -11 -12 -7 -2
right_child=1 -3 3 -5 5 12 -8 -9 9 10 11 -13 -14 -15
leaf_value=-0.00012732866609829207 -0.0011412345624998517 -7.0731794522198575e-06 0.00034861375045243696 -2.1244892225671985e-05 -0.0011538023827178153 0.00064460214051587431 0.0031471911256756441 -0.0011267751077834621 -0.0013458712282767072 9.5169684085260548e-05 -5.512026909657872e-05 0.0021778387972708822 0.00022665935357397507 -8.4710914284616515e-05
leaf_weight=1364 801 17025 90 692 114 154 72 284 50 168 59 108 454 3850
leaf_count=1364 801 17025 90 692 114 154 72 284 50 168 59 108 454 3850
internal_value=-0.00015517 -0.000248088 0.000402044 0.00133669 0.00249441 0.00148907 0.00662791 -0.000325503 0.000144968 0.00297468 0.00398551 0.00686441 0.00236246 -0.000912895
internal_weight=25285 21676 3609 1576 884 722 162 2033 1749 385 335 167 608 4651
internal_count=25285 21676 3609 1576 884 722 162 2033 1749 385 335 167 608 4651
is_linear=0
shrinkage=0.05


Tree=475
num_leaves=15
num_cat=0
split_feature=27 36 22 43 23 40 32 25 25 27 18 41 18 18
split_gain=0.839605 1.3316 1.21936 1.15492 1.80767 1.88172 1.63138 1.28262 1.18799 0.906332 1.48545 1.39347 2.28986 1.09325
threshold=28.050000190734867 29.94999980926514 1523.5000000000002 407.50000000000006 0.87500000000000011 983.14999389648449 5.4697461128234872 27.650000572204593 11.550000190734865 27.050000190734867 -28.999999999999996 89.500000000000014 3.0499999523162846 10.050000190734865
decision_type=2 2 2 10 2 2 2 2 2 2 2 2 2 2
left_child=3 -2 -3 9 6 -6 -5 8 -7 -1 -11 13 -13 -12
right_child=1 2 -4 4 5 7 -8 -9 -10 10 11 12 -14 -15
leaf_value=1.9906937503464134e-05 -0.00036143840998774818 1.656606744711491e-05 -0.00072353144800313776 -0.00035757659761922951 -0.00066585913907245959 5.7142907324111395e-05 0.0014663302287054392 -0.00011558253368772024 0.0014633423525902416 -0.0011715401325524046 1.0278068946314367e-05 0.0019422897471002576 -0.00019325882706412899 0.00068317879769232322
leaf_weight=12150 3106 5933 333 1986 183 52 176 64 119 94 579 92 75 242
leaf_count=12150 3106 5933 333 1986 183 52 176 64 119 94 579 92 75 242
internal_value=-0.000105979 -0.000480709 -6.05493e-05 0.000116293 -0.000849422 0.00212617 -0.00143186 0.005 0.0071547 0.000305089 0.00168498 0.00226453 0.00629943 0.00137786
internal_weight=25184 9372 6266 15812 2580 418 2162 235 171 13232 1082 988 167 821
internal_count=25184 9372 6266 15812 2580 418 2162 235 171 13232 1082 988 167 821
is_linear=0
shrinkage=0.05


Tree=476
num_leaves=15
num_cat=0
split_feature=11 29 24 1 0 2 48 25 21 28 25 9 12 12
split_gain=0.712493 0.589572 0.614665 0.603077 1.21414 1.08673 0.854162 2.10245 1.98804 0.901172 0.889902 1.25939 1.29172 1.39156
threshold=24.385416984558109 16.94999980926514 105.50000000000001 76.500000000000014 75.099998474121108 89.750000000000014 2.9500000476837163 19.349999427795414 16.500000000000004 34.500000000000007 41.750000000000007 92.799999237060561 154.86597442626956 118.50416946411134
decision_type=2 2 2 2 2 2 2 2 2 2 2 2 2 2
left_child=-1 3 -3 5 -5 -2 9 8 -8 -6 -11 12 13 -12
right_child=1 2 -4 4 6 -7 7 -9 -10 10 11 -13 -14 -15
leaf_value=-0.00022542674306083631 2.5130135925954816e-05 -0.000585438732783763 0.00069576154853634431 -0.00084135005587239855 0.0010216186179999589 0.00054368303479005906 0.003363052015905121 -0.0019015357139882999 -3.8780144792742891e-05 -2.7760798841775219e-05 0.000256532944535212 -5.7004041904370576e-07 -0.00020149497764663751 0.0011975517189124359
leaf_weight=815 16288 473 99 476 73 66 57 613 346 5148 190 653 87 67
leaf_count=815 16288 473 99 476 73 66 57 613 346 5148 190 653 87 67
internal_value=-3.94733e-05 8.92521e-06 -0.00156358 4.69374e-05 -0.000317359 0.000218772 -0.000154612 -0.00149123 0.0012954 6.58305e-05 -4.06293e-06 0.00135551 0.00375706 0.00548689
internal_weight=25451 24636 572 24064 7710 16354 7234 1016 403 6218 6145 997 344 257
internal_count=25451 24636 572 24064 7710 16354 7234 1016 403 6218 6145 997 344 257
is_linear=0
shrinkage=0.05


Tree=477
num_leaves=15
num_cat=0
split_feature=48 35 41 23 3 27 53 49 2 49 51 57 18 18
split_gain=0.72893 1.07254 0.903233 1.54029 1.51487 1.11216 1.40129 1.45286 1.1805 1.09289 1.06531 1.06451 1.04888 1.12965
threshold=-2.1499999761581416 2.5000000000000004 1.0000000180025095e-35 0.2950000017881394 84.90000152587892 29.550000190734867 0.080547325313091292 1037.5000000000002 30.44999980926514 377.50000000000006 -0.91597560048103321 201.94999694824222 17.650000572204593 23.550000190734867
decision_type=2 2 2 2 2 2 2 10 2 10 2 2 2 2
left_child=1 -1 3 4 9 12 7 8 -7 -2 -9 -5 -4 -14
right_child=2 -3 5 11 -6 6 -8 10 -10 -11 -12 -13 13 -15
leaf_value=-0.00052319774007335675 4.1834851286021939e-05 -1.4867255221138359e-05 -0.00012454142228338264 7.5770820857221403e-05 -0.00063375858903287608 0.00014681189146860694 0.00079101298471339037 0.0022167652977932361 -7.2139083236057839e-05 -0.0032401433166758193 -2.1110506421003971e-05 0.00032257636000197911 0.00037317533486626889 -1.9414038769649438e-05
leaf_weight=1579 2047 2200 7214 5362 437 825 163 106 3220 193 80 120 479 1403
leaf_count=1579 2047 2200 7214 5362 437 825 163 106 3220 193 80 120 479 1403
internal_value=-9.78862e-05 -0.000737663 1.40807e-05 0.00042906 -0.000552662 -0.000237038 0.00041553 0.000234613 3.0825e-05 -2.22234e-05 0.00443877 0.000908593 -0.000552384 0.000496828
internal_weight=25428 3779 21649 8159 2677 13490 4394 4231 4045 2240 186 5482 9096 1882
internal_count=25428 3779 21649 8159 2677 13490 4394 4231 4045 2240 186 5482 9096 1882
is_linear=0
shrinkage=0.05


Tree=478
num_leaves=15
num_cat=0
split_feature=7 27 20 1 32 54 50 18 16 49 38 45 8 23
split_gain=0.66616 1.09506 0.847625 1.27837 1.22858 1.78235 1.2292 0.969727 0.826875 0.816019 1.19271 0.807522 0.709836 1.22466
threshold=159.94999694824222 11.34999990463257 48.250000000000007 200.44999694824222 0.34380599856376654 11.500000000000002 0.37940952181816107 8.0500001907348651 19.250000000000004 -9.9731059074401838 8.9499998092651385 4.2903406620025644 58.95000076293946 0.55500000715255748
decision_type=2 2 2 2 2 2 2 2 2 8 2 2 2 2
left_child=1 2 8 4 6 7 -4 -6 -1 -8 12 -2 -11 -14
right_child=11 -3 3 -5 5 -7 9 -9 -10 10 -12 -13 13 -15
leaf_value=0.0029935287407910054 -0.00017415693494839078 -3.7390533782613277e-05 -0.00076554164837408186 -0.00032349843893781461 0.00045587276265537957 -0.00039283673359696814 0.0021410495150788532 0.0011065808171356595 -0.00015050160976689435 0.00043925994337450683 0.0012981895847471851 0.00027710485341467006 -0.00061001472534543994 0.00025293410005641933
leaf_weight=56 1597 22248 138 155 52 55 59 82 491 60 60 79 157 78
leaf_count=56 1597 22248 138 155 52 55 59 82 491 60 60 79 157 78
internal_value=-0.00027328 -0.000204845 0.00112526 0.00206402 0.00292277 0.00630653 0.0016726 0.00923611 -0.000421904 0.00301887 0.0019863 -0.00123369 0.000573769 -0.000714287
internal_weight=25367 23691 1443 896 741 189 552 134 547 414 355 1676 295 235
internal_count=25367 23691 1443 896 741 189 552 134 547 414 355 1676 295 235
is_linear=0
shrinkage=0.05


Tree=479
num_leaves=15
num_cat=0
split_feature=44 48 30 25 50 20 52 48 31 36 23 48 26 9
split_gain=0.805432 1.84388 0.750701 0.782507 0.676686 0.738965 0.885742 1.30705 1.17846 0.763614 1.13032 0.719446 2.07603 1.42154
threshold=-14.78039503097534 2.1499999761581425 147.50000000000003 11.34999990463257 -0.98296290636062611 11.949999809265138 0.30983042716979986 -2.1499999761581416 2.6613758802413945 30.150000572204593 0.78499999642372142 2.8500000238418584 0.66329389810562145 53.350000381469734
decision_type=2 2 10 2 2 2 2 2 2 2 2 2 2 2
left_child=1 2 3 -1 5 -2 9 -8 -9 -7 -11 -6 13 -13
right_child=4 -3 -4 -5 11 6 7 8 -10 10 -12 12 -14 -15
leaf_value=-0.00078407874584900507 -0.0015538376459133 0.0019531982362935153 -0.0002170467950056623 0.0013060611145163112 -6.6040666475495031e-06 -0.00053115558236065021 -0.00021126752775602037 2.3200464468086752e-05 0.0012279136917386791 0.0015130115321800076 -0.001586912557879016 -7.3211421737921279e-05 -0.00061554924722252854 0.0012254587907455327
leaf_weight=58 360 64 209 55 20852 354 102 61 51 64 52 655 1956 349
leaf_count=58 360 64 209 55 20852 354 102 61 51 64 52 655 1956 349
internal_value=-0.000166721 0.00207071 0.000421686 0.00353658 -0.000202285 -0.00144213 -0.000461096 0.00214286 0.00565574 -0.00166667 0.00174603 -0.000147344 -0.000875422 0.000966468
internal_weight=25242 386 322 113 24856 1044 684 214 112 470 116 23812 2960 1004
internal_count=25242 386 322 113 24856 1044 684 214 112 470 116 23812 2960 1004
is_linear=0
shrinkage=0.05


Tree=480
num_leaves=15
num_cat=0
split_feature=13 28 31 2 22 52 12 1 3 57 22 9 23 30
split_gain=0.726929 1.00072 1.16889 1.91978 3.47675 1.52477 0.975271 1.18163 1.62645 1.44555 1.54546 1.63096 1.44617 1.5228
threshold=42.758035659790046 65.500000000000014 -7.9213681221008292 38.549999237060554 570.50000000000011 0.87811094522476207 54.413192749023445 50.850000381469734 66.700000762939467 41.983333587646491 442.50000000000006 66.700000762939467 0.73500001430511486 387.50000000000006
decision_type=2 2 2 2 2 2 2 2 2 2 2 2 2 10
left_child=1 2 3 4 5 -1 7 8 9 -2 -11 12 13 -12
right_child=6 -3 -4 -5 -6 -7 -8 -9 -10 10 11 -13 -14 -15
leaf_value=0.0011843694705950284 -5.398207511612053e-05 -0.00036191222172675191 -7.0568787101884855e-05 -0.00081534495543659547 0.0079400065027239401 -0.00049870769167004018 -2.9302849601793288e-05 -6.829801445501313e-05 0.0017793860109040019 -0.00016747114140889269 0.00084024873903024524 6.0066438115439849e-06 5.915834523378918e-05 0.003769725847419682
leaf_weight=59 1727 1958 3244 149 66 92 13719 2130 50 588 663 506 310 145
leaf_count=59 1727 1958 3244 149 66 92 13719 2130 50 588 663 506 310 145
internal_value=-0.000184137 -0.00068842 -0.000193371 0.00244681 0.00535242 0.00090062 -4.23228e-05 0.000482133 0.000988996 0.000862242 0.00170567 0.00249694 0.00355496 0.0046577
internal_weight=25406 5568 3610 366 217 151 19838 6119 3989 3939 2212 1624 1118 808
internal_count=25406 5568 3610 366 217 151 19838 6119 3989 3939 2212 1624 1118 808
is_linear=0
shrinkage=0.05


Tree=481
num_leaves=15
num_cat=0
split_feature=30 43 18 17 47 48 18 52 49 24 20 26 18 6
split_gain=0.583071 0.771548 0.580875 0.957509 0.912042 0.672428 0.79993 0.623997 0.927219 0.903413 1.17042 1.55055 0.683784 1.20575
threshold=2287.5000000000005 3082.5000000000005 -32.450000762939446 -65.749999999999986 6.0166666507720956 4.2500000000000009 -43.749999999999993 0.9470459818840028 22.500000000000004 4.5000000000000009 41.049999237060554 0.68921476602554332 -23.749999999999996 56.149999618530281
decision_type=10 10 2 2 2 2 2 2 10 2 2 2 2 2
left_child=1 2 3 4 -1 -5 -7 12 9 10 -9 -12 13 -4
right_child=-2 -3 7 5 -6 6 -8 8 -10 -11 11 -13 -14 -15
leaf_value=0.0019196066107740992 -0.00042130762920367348 0.0017788611603963282 0.0019347914085246826 -0.00022812052237465694 -0.0006043821107372515 0.00069352939303686024 -0.0028404546509688787 -0.00040498586421601306 -0.0007054131732408481 -0.00012083762376079357 0.0025103892598595302 0.00034356411320461358 2.6805609541741959e-07 6.8402813938331746e-05
leaf_weight=53 614 52 150 2204 53 107 64 156 722 1204 53 185 18873 885
leaf_count=53 614 52 150 2204 53 107 64 156 722 1204 53 185 18873 885
internal_value=-0.000125075 -8.69981e-05 -0.000100936 -0.000824971 0.00362069 -0.00103774 0.00190608 -1.97871e-05 -0.000793993 -0.00011816 0.00193069 0.00407258 7.0789e-05 0.00131579
internal_weight=25375 24761 24709 2481 106 2375 171 22228 2320 1598 394 238 19908 1035
internal_count=25375 24761 24709 2481 106 2375 171 22228 2320 1598 394 238 19908 1035
is_linear=0
shrinkage=0.05


Tree=482
num_leaves=15
num_cat=0
split_feature=57 18 48 9 32 29 32 34 44 44 9 56 6 47
split_gain=0.841709 0.93612 1.10061 0.839512 0.811619 1.14793 1.08727 0.904202 1.02828 0.899788 0.780314 0.768867 1.58585 1.13517
threshold=27.816666603088382 -32.450000762939446 3.5499999523162846 54.45000076293946 8.6819195747375506 8.1500000953674334 -5.7717804908752433 0.25000000745058065 -4.6794106960296622 5.7889730930328378 110.70000076293947 70.65000152587892 75.549999237060561 9.2833333015441912
decision_type=2 2 2 2 2 2 2 2 2 2 2 2 2 2
left_child=-1 2 4 -4 5 6 10 -8 -9 -10 -2 12 -3 -14
right_child=1 11 3 -5 -6 -7 7 8 9 -11 -12 -13 13 -15
leaf_value=-0.0001388186803671585 -0.00013468940933204906 8.546271595170513e-06 0.0019232373076863722 9.2731304550740492e-05 0.00086661092029427381 -0.00045287291001629756 -0.00025274524608036623 0.00082225660093824702 -0.00024692166801017792 0.00056135232184720892 0.003825040005493642 5.8230026174785555e-05 -0.0016110777770710965 0.00088812168622889409
leaf_weight=2123 68 13353 50 177 54 759 734 109 436 55 52 6737 489 72
leaf_count=2123 68 13353 50 177 54 759 734 109 436 55 52 6737 489 72
internal_value=-4.11437e-05 4.64251e-05 -0.000866615 0.00238397 -0.00120114 -0.00135628 -0.000525957 -0.000944942 0.000491802 -0.000508983 0.00384615 0.000157058 -5.53014e-05 -0.00263573
internal_weight=25268 23145 2494 227 2267 2213 1454 1334 600 491 120 20651 13914 561
internal_count=25268 23145 2494 227 2267 2213 1454 1334 600 491 120 20651 13914 561
is_linear=0
shrinkage=0.05


Tree=483
num_leaves=15
num_cat=0
split_feature=21 28 52 30 1 25 2 49 37 13 25 41 25 10
split_gain=0.61218 0.842569 1.16651 1.2904 1.68451 1.19956 2.1473 1.05563 0.904672 0.879314 0.850777 0.744802 0.721521 1.81812
threshold=209.50000000000003 24.500000000000004 0.94138324260711681 2732.5000000000005 19.650000572204593 10.650000095367433 26.849999427795414 -1867.4999999999998 23.500000000000004 33.691667556762702 6.7500000000000009 1.0000000180025095e-35 11.449999809265138 20.316666603088382
decision_type=2 2 2 8 2 2 2 8 2 2 2 2 2 2
left_child=1 2 3 4 -1 6 -6 -3 -9 11 -11 -5 -10 -14
right_child=-2 7 -4 9 5 -7 -8 8 12 10 -12 -13 13 -15
leaf_value=0.0022294851361624891 -0.00012915516668933919 0.0022709881701631954 -0.00062839894501236801 -5.2081428669214564e-05 -0.00015804703358737702 4.4657944707895262e-05 0.0039558280118051408 -0.0020282401459063154 -9.4532286254230886e-05 0.00099547408110161359 -0.00085061092095569139 0.00084343297721263609 0.0032963969488488364 1.13578136199857e-05
leaf_weight=53 1313 57 309 79 84 227 93 246 7414 66 264 96 63 14921
leaf_count=53 1313 57 309 79 84 227 93 246 7414 66 264 96 63 14921
internal_value=-6.02898e-05 -2.50307e-06 0.00124512 0.00209876 0.00399357 0.00272947 0.00569519 -7.28734e-05 -9.13758e-05 0.000339805 -0.00117647 0.00310811 -5.75699e-05 0.000142056
internal_weight=25285 23972 1271 962 457 404 177 22701 22644 505 330 175 22398 14984
internal_count=25285 23972 1271 962 457 404 177 22701 22644 505 330 175 22398 14984
is_linear=0
shrinkage=0.05


Tree=484
num_leaves=15
num_cat=0
split_feature=56 41 6 29 14 11 29 7 37 19 18 11 19 47
split_gain=0.73197 1.01722 0.960891 1.19697 0.993152 0.878393 0.797141 0.879774 0.93615 1.89997 0.78425 0.764394 1.18544 2.11585
threshold=18.050000190734867 68.500000000000014 24.94999980926514 6.8500001430511483 6.163219928741456 24.385416984558109 3.3500000238418584 22.650000572204593 86.500000000000014 245.3999938964844 62.500000000000007 47.604166030883796 75.799999237060561 2.2833333015441899
decision_type=2 2 2 2 2 2 2 2 2 2 2 2 2 2
left_child=1 -1 3 4 -2 -4 7 -7 11 10 -10 -9 13 -13
right_child=2 -3 5 -5 -6 6 -8 8 9 -11 -12 12 -14 -15
leaf_value=-0.00086429992344567172 0.0014648783903898144 0.00017431579730709077 -0.00079432207056696945 -1.4959783489026544e-05 0.00032633811181709445 0.0012577780231531966 -6.3570259794311802e-06 -0.00075250735992799748 5.8627702414109102e-05 -0.00051721482977799685 0.0010880525661753875 -0.00078134667463555232 -0.00019402686717049858 0.0013079886992183154
leaf_weight=504 102 221 267 969 513 85 18610 616 668 225 75 149 1916 308
leaf_count=504 102 221 267 969 513 85 18610 616 668 225 75 149 1916 308
internal_value=-0.000179889 -0.0017347 -0.000133196 0.00105395 0.00276 -0.000215667 -0.000181362 -0.000816882 -0.000928915 0.000419222 0.00164011 -0.00136546 -0.000950484 0.00131692
internal_weight=25228 725 24503 1584 615 22919 22652 4042 3957 968 743 2989 2373 457
internal_count=25228 725 24503 1584 615 22919 22652 4042 3957 968 743 2989 2373 457
is_linear=0
shrinkage=0.05


Tree=485
num_leaves=15
num_cat=0
split_feature=27 27 18 13 12 40 37 45 46 24 18 43 30 45
split_gain=0.621532 1.64138 1.59675 1.39211 2.12897 1.26465 1.50868 1.2458 1.65477 1.09614 1.0692 0.953779 1.60077 1.01077
threshold=28.050000190734867 27.150000572204593 -24.449999809265133 39.855060577392585 38.04375076293946 986.64999389648449 86.500000000000014 -1.2880276441574094 1.0000000180025095e-35 9.5000000000000018 8.5500001907348651 487.50000000000006 447.50000000000006 -3.2652685642242427
decision_type=2 2 2 2 2 2 2 2 2 2 2 10 10 2
left_child=1 11 -3 10 -5 6 -6 -8 9 -9 -4 -1 -13 -14
right_child=-2 2 3 4 5 -7 7 8 -10 -11 -12 12 13 -15
leaf_value=1.0853244958369485e-05 -5.959068500974482e-05 -0.0011562442231237793 -0.0010139561735972873 0.0023191586968075782 3.00671184879605e-05 0.0011609192783156382 -0.00044721449532254468 0.0022180869508867541 -6.8084459766580961e-05 0.00081071353299448732 0.0013056477236955601 -0.0008069180845634617 -0.00022294078578642001 0.00013756761060120578
leaf_weight=12736 9378 154 179 62 488 96 69 58 52 55 82 950 369 597
leaf_count=12736 9378 154 179 62 488 96 69 58 52 55 82 950 369 597
internal_value=-0.00010756 8.24078e-05 0.00178161 0.00242832 0.00337079 0.00260869 0.0018306 0.00504098 0.00728571 0.0104472 -0.000756459 -6.88867e-05 -0.00110592 0.000327868
internal_weight=25325 15947 1295 1141 880 818 722 234 165 113 261 14652 1916 966
internal_count=25325 15947 1295 1141 880 818 722 234 165 113 261 14652 1916 966
is_linear=0
shrinkage=0.05


Tree=486
num_leaves=15
num_cat=0
split_feature=16 20 56 50 17 50 32 9 21 14 18 43 6 2
split_gain=0.838364 1.79223 0.841508 1.07624 1.81264 1.36082 1.51298 1.18304 1.29532 1.17654 1.11812 1.11777 0.899862 0.805514
threshold=4.3000000715255746 4.8500001430511483 162.30000305175784 0.37940952181816107 -45.54999923706054 -0.6035533845424651 -3.5634267330169673 171.1499938964844 7.5000000000000009 37.532617568969734 8.3499999046325701 142.50000000000003 173.94999694824222 209.30000305175784
decision_type=2 2 2 2 2 2 2 2 2 2 2 8 2 2
left_child=1 -1 13 4 -4 11 -7 10 -9 -10 -8 -6 -5 -2
right_child=2 -3 3 12 5 6 7 8 9 -11 -12 -13 -14 -15
leaf_value=-0.0041372736868431062 -2.4271079123184105e-05 0.0020661485173401515 0.0022905276651139753 0.00062823987416250557 -0.00033778066195100766 -0.0001019969223193328 -4.1456091315965732e-05 5.5415635835756466e-05 0.0002584287167443988 0.0014848499718407514 0.00047823036299305408 0.00050795460460840601 -0.00019941697582878844 -0.00076597963563518562
leaf_weight=52 23512 60 51 155 191 90 155 50 51 54 76 70 572 182
leaf_count=52 23512 60 51 155 191 90 155 50 51 54 76 70 572 182
internal_value=-0.000118631 0.00401639 -0.000138587 0.000999999 0.00226817 0.00155957 0.00312757 0.0044697 0.00772727 0.0106522 0.00205394 -0.00130996 -0.000386704 -0.00021178
internal_weight=25321 112 25209 1515 788 737 476 386 155 105 231 261 727 23694
internal_count=25321 112 25209 1515 788 737 476 386 155 105 231 261 727 23694
is_linear=0
shrinkage=0.05


Tree=487
num_leaves=15
num_cat=0
split_feature=7 25 7 57 27 27 48 54 50 52 28 6 9 12
split_gain=0.82541 0.734746 0.749275 1.19307 1.86566 1.78948 0.963043 0.988119 1.65786 1.45217 0.922803 1.1114 1.05406 0.903082
threshold=301.25000000000006 69.799999237060561 159.94999694824222 161.03333282470706 13.750000000000002 11.550000190734865 -1.5500000119209287 5.5000000000000009 0.91597560048103344 0.79383251070976268 56.500000000000007 35.549999237060554 45.000000000000007 37.272916793823249
decision_type=2 2 2 2 2 2 2 2 2 2 2 2 2 2
left_child=1 2 3 6 5 -5 7 8 10 -10 11 12 -1 -14
right_child=-2 -3 -4 4 -6 -7 -8 -9 9 -11 -12 -13 13 -15
leaf_value=-0.0001255278144475588 0.00034308700298573894 0.00015354766353298688 -0.00010345151616542241 7.552055704774068e-05 -0.00028559505819447244 0.00096945707873491601 1.8247979348954048e-05 -0.00039137041494679371 0.0084032978079553716 0.00011914657823856191 0.00021084865714018268 -0.00049763308265028336 -5.1791531589199681e-05 0.0015957983156922454
leaf_weight=720 50 108 1616 136 121 80 18103 2789 72 98 606 832 94 109
leaf_count=720 50 108 1616 136 121 80 18103 2789 72 98 606 832 94 109
internal_value=-2.4273e-05 -3.80494e-05 -5.63315e-05 1.47233e-05 0.00292507 0.00561947 -2.838e-05 -0.000619138 9.64175e-05 0.00472222 -0.000255168 -0.000835695 0.000359056 0.0034507
internal_weight=25534 25484 25376 23760 337 216 23423 5320 2531 170 2361 1755 923 203
internal_count=25534 25484 25376 23760 337 216 23423 5320 2531 170 2361 1755 923 203
is_linear=0
shrinkage=0.05


Tree=488
num_leaves=15
num_cat=0
split_feature=38 49 35 9 57 2 3 57 42 20 34 23 44 32
split_gain=0.755633 0.593758 0.941689 1.16424 1.13347 1.64734 1.40912 1.2309 1.3237 1.64235 1.16417 1.14698 1.38261 2.1145
threshold=1.0000000180025095e-35 -17.499999999999996 1.5000000000000002 13.750000000000002 42.983333587646491 110.95000076293947 114.20000076293947 126.93333435058595 6.6499998569488534 67.649997711181655 0.15000000223517421 0.2950000017881394 -2.8646963834762569 -2.487400889396667
decision_type=2 8 2 2 2 2 2 2 2 2 2 2 2 2
left_child=-1 -2 -3 -4 -5 6 10 -7 9 -9 11 -6 13 -13
right_child=1 2 3 4 5 7 -8 8 -10 -11 -12 12 -14 -15
leaf_value=-0.00072578568582962319 -7.1870808602583181e-05 4.2931807271087359e-05 0.00068334500920361598 -0.00022416444006426747 -0.00017615036449785906 -0.00057170964436899696 0.0016252816809410081 0.00051087800069865173 -0.00039447519923504337 -4.109221139265952e-05 -4.9483521041899161e-05 0.0015017889664641834 0.00070921680006842658 -0.00010418972408862905
leaf_weight=167 6758 6446 114 3570 682 1210 73 324 217 605 2690 372 1052 1011
leaf_count=167 6758 6446 114 3570 682 1210 73 324 217 605 2690 372 1052 1011
internal_value=-4.9604e-05 -2.66583e-05 0.000120809 -0.000142499 -0.00019296 0.000129759 0.000577248 -0.000984786 0.00019031 0.00101704 0.000483925 0.00114007 0.00164622 0.000599425
internal_weight=25291 25124 18366 11920 11806 8236 5880 2356 1146 929 5807 3117 2435 1383
internal_count=25291 25124 18366 11920 11806 8236 5880 2356 1146 929 5807 3117 2435 1383
is_linear=0
shrinkage=0.05


Tree=489
num_leaves=15
num_cat=0
split_feature=18 52 31 52 11 24 26 52 20 22 32 29 22 23
split_gain=0.88518 0.933449 0.866137 0.810425 1.8063 1.45868 0.851643 1.03762 0.983786 1.09639 2.21898 1.49355 0.939911 1.22079
threshold=-29.749999999999996 -0.55657517910003651 10.066047668457033 -0.34235668182373041 83.929164886474624 12.500000000000002 0.43519912660121923 0.51297098398208629 22.050000190734867 1290.5000000000002 -1.041853606700897 8.3499999046325701 1815.5000000000002 0.60500001907348644
decision_type=2 2 2 2 2 2 2 2 2 2 2 2 2 2
left_child=1 -1 -2 4 5 -3 7 -5 -8 10 11 -10 -11 -14
right_child=2 3 -4 6 -6 -7 8 -9 9 12 -12 -13 13 -15
leaf_value=-0.00031275754627338535 -6.77089700303163e-07 0.002500417058774958 -0.00060357849691207227 -0.00081989788998425555 -0.00039951198757635616 -0.00014039552871436303 -0.00068040687687916102 0.0025583963357169322 0.0017173387960126741 -0.00055669454627667 -0.00039146020066448258 -1.2339666468232e-05 -0.00027918855041033952 0.00049353222042970604
leaf_weight=748 22031 76 453 56 126 54 487 72 134 267 172 70 327 209
leaf_count=748 22031 76 453 56 126 54 487 72 134 267 172 70 327 209
internal_value=-0.000156572 -0.000993591 -5.20151e-05 -0.000436894 0.00214286 0.00607143 -0.000814857 0.00297101 -0.00112172 -0.000332213 0.00186528 0.00528037 -0.00137146 -0.000146521
internal_weight=25282 2798 22484 2050 256 130 1794 128 1666 1179 376 204 803 536
internal_count=25282 2798 22484 2050 256 130 1794 128 1666 1179 376 204 803 536
is_linear=0
shrinkage=0.05


Tree=490
num_leaves=15
num_cat=0
split_feature=20 9 8 32 53 3 40 33 32 49 7 52 49 14
split_gain=0.926513 0.801405 0.971589 0.883728 1.18596 0.721972 0.666771 1.26478 1.18372 1.59111 1.53947 1.25333 1.32149 1.02273
threshold=3.6499999761581425 27.050000190734867 109.54999923706056 7.7409889698028573 -0.11692317575216292 11.250000000000002 978.64999389648449 7.2500000000000009 0.79330053925514232 1.0000000180025095e-35 36.500000000000007 -0.96235975623130787 162.50000000000003 12.875961303710939
decision_type=2 2 2 2 2 2 2 2 2 10 2 2 10 2
left_child=-1 2 3 5 -5 -2 -3 -8 9 10 -9 -11 -13 -12
right_child=1 6 -4 4 -6 -7 7 8 -10 11 13 12 -14 -15
leaf_value=-0.00051606507175506642 0.0005969963055067008 -9.3204631985181524e-05 0.00044220524672089343 0.0015507768946386386 -0.0016611650178983966 -0.00026145900750908137 2.2775473945261176e-06 -0.00038216119325109503 -6.4194872574711652e-05 -0.00091903802433115466 0.0021444936198265854 -1.9856897899898359e-05 0.0021344892298215423 0.00070486680306597164
leaf_weight=398 51 6538 84 115 54 2362 14810 53 341 85 109 129 60 79
leaf_count=398 51 6538 84 115 54 2362 14810 53 341 85 109 129 60 79
internal_value=-0.000185538 -0.000146705 -0.000964127 -0.00114198 0.00226257 -0.00138878 -4.8169e-05 0.000128858 0.00198614 0.00347619 0.00635458 0.000809858 0.0030402 0.00838384
internal_weight=25268 24870 2666 2582 169 2413 22204 15666 856 515 241 274 189 188
internal_count=25268 24870 2666 2582 169 2413 22204 15666 856 515 241 274 189 188
is_linear=0
shrinkage=0.05


Tree=491
num_leaves=15
num_cat=0
split_feature=46 34 9 9 19 53 4 47 5 5 30 3 12 38
split_gain=0.724694 1.35523 1.51711 1.99441 2.14569 0.840039 1.42634 1.30153 1.26451 1.93852 2.05686 1.203 1.04294 1.14946
threshold=1.0000000180025095e-35 -1.9499999880790708 36.250000000000007 49.750000000000007 66.950000762939467 -0.9711191952228545 50.95000076293946 7.058333396911622 103.70000076293947 75.549999237060561 532.50000000000011 48.750000000000007 44.984027862548835 24.94999980926514
decision_type=2 2 2 2 2 2 2 2 2 2 8 2 2 2
left_child=5 2 -2 4 -4 6 7 12 9 11 -11 -8 13 -1
right_child=1 -3 3 -5 -6 -7 8 -9 -10 10 -12 -13 -14 -15
leaf_value=0.0011061153775616204 -0.00092541913375458664 -0.00030544011378604946 0.0010194628562529542 -2.6513582054167652e-06 0.004003414182924281 -8.4718841542165601e-06 0.0041240120183276179 -0.00063745853137652311 -0.0011938488119991597 0.0022243894352081397 4.2799230475644369e-05 0.00012013579605240385 -0.00029288847280213668 -9.2228348990929402e-05
leaf_weight=102 223 1854 100 264 55 21394 59 345 63 77 62 454 245 84
leaf_count=102 223 1854 100 264 55 21394 59 345 63 77 62 454 245 84
internal_value=-0.000102597 -0.000909818 0.00105828 0.00280886 0.00712121 -1.41964e-05 0.00112925 -0.000356235 0.00272414 0.00338368 0.00842282 0.00188336 0.00146258 0.00418367
internal_weight=25381 2496 642 419 155 22885 1491 776 715 652 139 513 431 186
internal_count=25381 2496 642 419 155 22885 1491 776 715 652 139 513 431 186
is_linear=0
shrinkage=0.05


Tree=492
num_leaves=15
num_cat=0
split_feature=23 43 46 8 57 22 25 16 40 8 51 22 36 41
split_gain=0.826095 0.920123 0.733915 0.817677 0.868413 0.66817 1.83374 2.67192 1.43078 2.19761 1.26864 1.11472 1.02535 1.02342
threshold=0.19500000029802325 92.500000000000014 0.15000000223517421 204.19999694824222 217.84999847412112 3374.0000000000005 17.650000572204593 58.850000381469734 987.54998779296886 77.40000152587892 0.91597560048103344 2097.5000000000005 15.250000000000002 13.500000000000002
decision_type=2 10 2 2 2 2 2 2 2 2 2 2 2 2
left_child=1 -1 3 4 5 11 7 -7 9 -8 -11 -2 -10 -13
right_child=2 -3 -4 -5 -6 6 8 -9 12 10 -12 13 -14 -15
leaf_value=-5.9209520537921071e-05 1.2723818219720151e-05 -0.00087564371339435222 -0.00015629674723856993 -0.00010328512579930339 0.00035068529456092095 0.0012939153024639867 -6.4258524811369432e-05 0.0018286762335363743 2.3400263568716931e-05 0.00018083689375673052 0.0013253509801308605 -0.0002596779614605262 -0.00063858213851206787 2.3114248280756458e-05
leaf_weight=1068 17109 569 1854 660 94 121 206 57 820 107 54 1556 366 765
leaf_count=1068 17109 569 1854 660 94 121 206 57 820 107 54 1556 366 765
internal_value=-0.000152661 -0.00123558 -7.75907e-05 3.41956e-06 5.76052e-05 3.51885e-05 0.000973577 0.0056383 0.000406269 0.00309018 0.0072807 -4.88695e-05 -0.000443145 -0.00107465
internal_weight=25406 1637 23769 21915 21255 21161 1731 178 1553 367 161 19430 1186 2321
internal_count=25406 1637 23769 21915 21255 21161 1731 178 1553 367 161 19430 1186 2321
is_linear=0
shrinkage=0.05


Tree=493
num_leaves=15
num_cat=0
split_feature=18 21 20 25 1 23 23 20 18 25 42 3 25 35
split_gain=0.71586 0.998058 0.862113 1.3533 1.75993 0.946646 1.90502 1.08101 0.720565 2.17832 0.950535 0.799937 1.18416 1.12465
threshold=-18.05000019073486 154.50000000000003 59.45000076293946 17.250000000000004 55.250000000000007 0.82499998807907116 0.59499999880790722 43.649999618530281 -16.249999999999996 23.349999427795414 5.2500000000000009 149.69999694824222 32.149999618530281 1.5000000000000002
decision_type=2 2 2 2 2 2 2 2 2 2 2 2 2 2
left_child=1 2 3 -1 -5 6 7 -6 9 10 -2 12 -10 -13
right_child=8 -3 -4 4 5 -7 -8 -9 11 -11 -12 13 -14 -15
leaf_value=-7.5617672719451303e-05 0.0018139237733878245 -0.00082068819843933406 -0.00031215371428614701 0.0035016861409528257 0.00025859087191897973 -0.00024318304577926596 0.00093228216356422324 -0.00033904328501464158 -1.5224882770837226e-05 0.0031732115623463782 -0.00040759576076363499 4.3707076065290853e-05 0.00013971746256000614 -0.00046639128200820631
leaf_weight=2643 102 453 1124 84 156 147 117 124 17008 55 281 514 1357 1062
leaf_count=2643 102 453 1124 84 156 147 117 124 17008 55 281 514 1357 1062
internal_value=-0.000193566 -0.000738988 -0.000505109 -9.29607e-05 0.00197492 0.000866425 0.00212531 -0.000172415 -6.35158e-05 0.00191964 0.000470737 -0.000108016 -1.49672e-05 -0.00118537
internal_weight=25227 4848 4395 3271 628 544 397 280 20379 438 383 19941 18365 1576
internal_count=25227 4848 4395 3271 628 544 397 280 20379 438 383 19941 18365 1576
is_linear=0
shrinkage=0.05


Tree=494
num_leaves=15
num_cat=0
split_feature=33 33 38 29 31 29 8 29 19 32 32 29 24 40
split_gain=0.704235 1.35354 2.3313 0.946834 1.22412 0.982155 2.47298 1.01103 0.937729 1.10282 1.53622 1.01527 1.25612 0.980433
threshold=1.7500000000000002 1.6500000357627871 24.250000000000004 21.250000000000004 -8.9905290603637678 9.3499999046325701 92.799999237060561 9.7500000000000018 53.500000000000007 -0.92669543623924244 -1.4205219149589536 5.4500000476837167 3.5000000000000004 978.64999389648449
decision_type=2 2 2 2 2 2 2 2 2 2 2 2 2 2
left_child=1 -1 -3 4 -2 8 7 -7 -6 10 11 12 -10 -12
right_child=3 2 -4 -5 5 6 -8 -9 9 -11 13 -13 -14 -15
leaf_value=-4.4140457223174693e-07 -0.00059704114746219445 -0.00029416262962305854 0.00340830817258953 0.0011176600897734646 5.0979420242760222e-05 0.00099607694904816778 0.0045014687944602274 -9.185104605377196e-05 0.00219380171192236 -0.0003566354222457007 5.7467087463309148e-05 -0.00038608436194668906 -0.00015364100097158616 0.0029920271803378709
leaf_weight=20616 810 73 65 73 910 88 67 344 76 1361 53 398 240 50
leaf_count=20616 810 73 65 73 910 88 67 344 76 1361 53 398 240 50
internal_value=-8.99592e-05 3.27478e-05 0.0047973 -0.000658483 -0.000756752 -0.000357243 0.00167976 0.000203619 -0.000690769 -0.00125229 0.000199515 -0.000649172 0.00144172 0.00561947
internal_weight=25224 20754 138 4470 4397 3587 499 432 3088 2178 817 714 316 103
internal_count=25224 20754 138 4470 4397 3587 499 432 3088 2178 817 714 316 103
is_linear=0
shrinkage=0.05


Tree=495
num_leaves=15
num_cat=0
split_feature=50 53 0 32 6 14 18 0 7 12 19 30 57 8
split_gain=0.683488 0.934522 1.94084 2.06532 1.07916 2.36967 1.64817 2.89922 1.27075 1.28652 0.929502 1.29949 0.870206 0.856466
threshold=-0.98296290636062611 -0.9711191952228545 91.15000152587892 2.1728162765502934 42.649999618530281 6.8218891620635995 18.650000572204593 35.250000000000007 44.750000000000007 43.35486030578614 117.70000076293947 327.50000000000006 66.216663360595717 38.45000076293946
decision_type=2 2 2 2 2 2 2 2 2 2 2 8 2 2
left_child=-1 2 4 -4 5 -2 7 -7 9 -9 -6 12 -12 -3
right_child=1 13 3 -5 10 6 -8 8 -10 -11 11 -13 -14 -15
leaf_value=-0.0002302490857692942 -0.00027573839351576656 3.5658363354550193e-05 0.00097741992976109189 -5.2925103540237235e-05 -0.00030636272743303559 -0.00047348727572206245 -6.7989878891001714e-05 0.0027733825021011107 0.00094322741094679465 -0.00013055541911284539 0.00021667876788172607 -0.00025721066880608458 0.0010176898150391345 -4.1959398185360656e-05
leaf_weight=1061 225 5888 61 54 758 69 118 51 80 58 50 177 58 16454
leaf_count=1061 225 5888 61 54 758 69 118 51 80 58 50 177 58 16454
internal_value=-0.000169237 -0.000114264 0.000992085 0.007 0.000532042 0.00220131 0.00458549 0.00675373 0.00982412 0.0055042 -0.000441597 0.00194915 0.00601695 -0.000201773
internal_weight=25162 24101 1759 115 1644 601 376 258 189 109 1043 285 108 22342
internal_count=25162 24101 1759 115 1644 601 376 258 189 109 1043 285 108 22342
is_linear=0
shrinkage=0.05


Tree=496
num_leaves=15
num_cat=0
split_feature=25 1 49 28 1 23 24 31 32 37 49 29 28 51
split_gain=0.831518 1.35614 1.70533 1.40835 1.33728 1.30539 1.28946 1.00689 1.49458 1.03615 0.965562 1.22135 1.17113 0.95882
threshold=16.750000000000004 44.549999237060554 172.50000000000003 71.500000000000014 50.850000381469734 0.66500002145767223 67.500000000000014 5.4000771045684823 -3.5870580673217769 59.500000000000007 12.500000000000002 4.3500001430511483 52.500000000000007 0.37940952181816107
decision_type=2 2 10 2 2 2 2 2 2 2 10 2 2 2
left_child=-1 6 3 7 -5 -4 10 -3 -9 -10 13 12 -12 -2
right_child=1 2 5 4 -6 -7 -8 8 9 -11 11 -13 -14 -15
leaf_value=-3.5397773024681532e-05 -0.00010056896694470538 -9.1665598924138878e-05 -0.00078256604238886071 0.00074163725218282699 8.528921543534181e-05 9.6349139719615105e-05 0.0055038120801892063 -0.00034599783736000736 0.0008351394870783149 8.7652769039492034e-05 6.9349646306451746e-05 0.00015540376823221252 0.0027622417485141442 0.0011615606830035917
leaf_weight=15456 489 2529 1091 65 4171 536 50 198 169 188 61 219 61 164
leaf_count=15456 489 2529 1091 65 4171 536 50 198 169 188 61 219 61 164
internal_value=-3.08375e-05 0.000324466 0.000124482 0.000450203 0.00104098 -0.00133476 0.00202087 -0.000361992 0.00154867 0.00344687 0.0015737 0.00368946 0.0075 0.000429863
internal_weight=25447 9991 8947 7320 4236 1627 1044 3084 555 357 994 341 122 653
internal_count=25447 9991 8947 7320 4236 1627 1044 3084 555 357 994 341 122 653
is_linear=0
shrinkage=0.05


Tree=497
num_leaves=15
num_cat=0
split_feature=56 40 23 6 28 25 44 25 35 44 22 7 12 40
split_gain=0.768489 1.07805 1.0186 0.973618 0.927134 1.13133 2.10188 1.0763 1.02774 0.89659 0.768992 0.917732 0.772378 0.738082
threshold=30.349999427795414 983.25000000000011 0.15500000119209292 30.94999980926514 66.500000000000014 11.550000190734865 4.3155126571655282 7.8500001430511483 2.5000000000000004 -1.4474185705184934 351.50000000000006 37.199998855590827 32.062500000000007 981.45001220703136
decision_type=2 2 2 2 2 2 2 2 2 2 2 2 2 2
left_child=1 2 -1 4 5 7 8 -2 -7 -10 11 12 -3 -4
right_child=3 10 13 -5 -6 6 -8 -9 9 -11 -12 -13 -14 -15
leaf_value=0.0036969772070326759 0.0031901010968926253 -0.00041133310137878715 -8.3888330046208686e-05 1.4330515484098906e-06 -0.00010392891167412054 -0.00010869082329558744 0.0021734106667331663 -0.0001279390081875283 0.0031806084883408414 0.00059151166745927749 -0.00036701062419422704 -0.0021587637936232871 0.0012814201418266851 0.00037565085405732074
leaf_weight=65 130 90 2089 20441 278 126 79 271 51 70 1130 52 56 446
leaf_count=65 130 90 2089 20441 278 126 79 271 51 70 1130 52 56 446
internal_value=-2.83655e-05 -0.000670392 -7.66295e-05 8.94843e-05 0.00160098 0.00253053 0.00467262 0.00071776 0.00219844 0.00530534 -0.00182362 0.00100961 0.00301282 -0.000245581
internal_weight=25374 3928 2600 21446 1005 727 326 401 247 121 1328 198 146 2535
internal_count=25374 3928 2600 21446 1005 727 326 401 247 121 1328 198 146 2535
is_linear=0
shrinkage=0.05


Tree=498
num_leaves=15
num_cat=0
split_feature=25 31 31 52 52 30 36 38 13 30 27 12 30 17
split_gain=0.780847 0.577956 0.72049 0.76393 0.658868 2.17309 1.74817 1.64531 1.80065 1.56714 1.48893 1.39996 1.36762 1.23124
threshold=69.799999237060561 -19.234816551208493 -11.875301837921141 -0.36647418141365046 -0.57078385353088368 412.50000000000006 35.350000381469734 26.250000000000004 54.663690567016609 152.50000000000003 22.650000572204593 47.678470611572273 147.50000000000003 51.649999618530281
decision_type=2 2 2 2 2 10 2 2 2 10 2 2 10 2
left_child=1 -1 3 -3 5 7 10 13 -9 12 -7 -11 -6 -4
right_child=-2 2 4 -5 9 6 -8 8 -10 11 -12 -13 -14 -15
leaf_value=0.0010235955509388952 0.0002033117991484723 -0.00087309479894828897 -8.6138883818880204e-05 -4.5447301180696845e-05 1.138635040860573e-06 0.0015021070542261712 -0.00040558335785887214 0.0016899950292831489 -6.8369466220681214e-06 -4.8049859905567615e-06 0.0001705974908290331 -0.00025375879661155442 0.0019689187092438599 0.00015199969063239342
leaf_weight=96 101 274 4946 528 9513 66 235 81 135 2532 2093 4142 79 396
leaf_count=96 101 274 4946 528 9513 66 235 81 135 2532 2093 4142 79 396
internal_value=-0.000175805 -0.000194222 -0.000209749 -0.00167488 -0.000160559 0.000212257 0.00146838 -0.000330461 0.00384956 -0.000342837 0.00191563 -0.000930582 6.66516e-05 -0.000506354
internal_weight=25217 25116 25020 802 24218 7952 2394 5558 216 16266 2159 6674 9592 5342
internal_count=25217 25116 25020 802 24218 7952 2394 5558 216 16266 2159 6674 9592 5342
is_linear=0
shrinkage=0.05


Tree=499
num_leaves=15
num_cat=0
split_feature=35 44 18 24 10 25 53 28 49 49 48 50 24 18
split_gain=0.812721 1.48619 1.59018 1.2243 1.21843 1.45643 1.31186 1.6747 1.49393 1.14447 1.36035 1.74096 1.11903 1.22442
threshold=1.5000000000000002 3.5981547832489018 36.649999618530281 3.5000000000000004 116.90833282470705 31.250000000000004 0.47369650006294256 80.500000000000014 1.0000000180025095e-35 -17.499999999999996 -1.0500000119209287 1.0000000180025095e-35 10.500000000000002 -6.0499999523162833
decision_type=2 2 2 2 2 2 2 2 10 8 2 2 2 2
left_child=1 2 -1 -3 5 -2 8 -8 -7 -5 -11 12 -12 -14
right_child=4 3 -4 9 -6 6 7 -9 -10 10 11 -13 13 -15
leaf_value=-3.035755529181278e-05 -4.3864457802787391e-05 -1.2656025518618735e-05 0.00022614525803043011 -4.5371273681482955e-06 -0.00016851512044751993 0.0010076602396177239 -8.1199665613948378e-05 0.00089601307132229809 0.00016061398187661722 -0.00019351974547496622 6.4257343634561715e-05 0.00017228031982429088 0.00033476723952497199 0.00071252469328863611
leaf_weight=5845 13600 670 544 368 2367 144 382 83 170 133 137 483 94 201
leaf_count=5845 13600 670 544 368 2367 144 382 83 170 133 137 483 94 201
internal_value=-8.93754e-05 0.000309368 -6.95433e-05 0.00146469 -0.00029124 -0.0001178 0.00197085 0.000263157 0.00441358 0.00229313 0.00312854 0.00381081 0.00608597 0.00778688
internal_weight=25221 8475 6389 2086 16746 14379 779 465 314 1416 1048 915 432 295
internal_count=25221 8475 6389 2086 16746 14379 779 465 314 1416 1048 915 432 295
is_linear=0
shrinkage=0.05


end of trees

feature_importances:
temp_diff_tgt=277
hour_cos=250
pm25_lag2=248
boundary_layer_height_tgt=238
hour_sin=233
sulphur_dioxide_now=223
pm25_lag3=219
aerosol_optical_depth_now=218
pm25_trend6=200
snaive_1d=193
pm_coarse_ratio=183
snaive_3d_mean=170
pm25_lag24=169
nitrogen_dioxide_now=156
blh_diff_tgt=156
boundary_layer_height_now=155
pm10_now=153
ozone_now=152
pm25_trend24=142
wind_u_now=139
pm25_lag1=136
doy_sin=136
horizon=129
pm25_now=127
wind_speed_10m_now=112
wind_v_now=112
dew_point_2m_tgt=105
wind_u_tgt=103
dust_now=101
temp_change24=100
pm25_mean168=98
carbon_monoxide_now=97
temperature_2m_now=96
wind_v_tgt=95
surface_pressure_tgt=92
pm25_lag48=91
wind_mean_h=91
relative_humidity_2m_now=90
pm25_lag168=87
pm25_lag12=85
temperature_2m_tgt=84
relative_humidity_2m_tgt=82
doy_cos=82
pm25_lag72=80
pm25_std24=80
pm25_max24=67
pm25_mean24=65
wind_speed_10m_tgt=65
pm25_mean6=60
pm25_lag6=59
pm25_mean72=59
cloud_cover_tgt=55
pm25_min24=52
precip_sum24=51
month=50
dayofweek=24
precip_cum_h=15
precipitation_tgt=13

parameters:
[boosting: gbdt]
[objective: quantile]
[metric: quantile]
[tree_learner: serial]
[device_type: cpu]
[data_sample_strategy: bagging]
[data: ]
[valid: ]
[num_iterations: 500]
[learning_rate: 0.05]
[num_leaves: 15]
[num_threads: 8]
[seed: 42]
[deterministic: 0]
[force_col_wise: 0]
[force_row_wise: 0]
[histogram_pool_size: -1]
[max_depth: -1]
[min_data_in_leaf: 50]
[min_sum_hessian_in_leaf: 0.001]
[bagging_fraction: 0.7]
[pos_bagging_fraction: 1]
[neg_bagging_fraction: 1]
[bagging_freq: 1]
[bagging_seed: 400]
[bagging_by_query: 0]
[feature_fraction: 0.7]
[feature_fraction_bynode: 1]
[feature_fraction_seed: 30056]
[extra_trees: 0]
[extra_seed: 12879]
[early_stopping_round: 0]
[early_stopping_min_delta: 0]
[first_metric_only: 0]
[max_delta_step: 0]
[lambda_l1: 0]
[lambda_l2: 10]
[linear_lambda: 0]
[min_gain_to_split: 0]
[drop_rate: 0.1]
[max_drop: 50]
[skip_drop: 0.5]
[xgboost_dart_mode: 0]
[uniform_drop: 0]
[drop_seed: 17869]
[top_rate: 0.2]
[other_rate: 0.1]
[min_data_per_group: 100]
[max_cat_threshold: 32]
[cat_l2: 10]
[cat_smooth: 10]
[max_cat_to_onehot: 4]
[top_k: 20]
[monotone_constraints: ]
[monotone_constraints_method: basic]
[monotone_penalty: 0]
[feature_contri: ]
[forcedsplits_filename: ]
[refit_decay_rate: 0.9]
[cegb_tradeoff: 1]
[cegb_penalty_split: 0]
[cegb_penalty_feature_lazy: ]
[cegb_penalty_feature_coupled: ]
[path_smooth: 0]
[interaction_constraints: ]
[verbosity: -1]
[saved_feature_importance_type: 0]
[use_quantized_grad: 0]
[num_grad_quant_bins: 4]
[quant_train_renew_leaf: 0]
[stochastic_rounding: 1]
[linear_tree: 0]
[max_bin: 255]
[max_bin_by_feature: ]
[min_data_in_bin: 3]
[bin_construct_sample_cnt: 200000]
[data_random_seed: 175]
[is_enable_sparse: 1]
[enable_bundle: 1]
[use_missing: 1]
[zero_as_missing: 0]
[feature_pre_filter: 1]
[pre_partition: 0]
[two_round: 0]
[header: 0]
[label_column: ]
[weight_column: ]
[group_column: ]
[ignore_column: ]
[categorical_feature: ]
[forcedbins_filename: ]
[precise_float_parser: 0]
[parser_config_file: ]
[objective_seed: 16083]
[num_class: 1]
[is_unbalance: 0]
[scale_pos_weight: 1]
[sigmoid: 1]
[boost_from_average: 1]
[reg_sqrt: 0]
[alpha: 0.9]
[fair_c: 1]
[poisson_max_delta_step: 0.7]
[tweedie_variance_power: 1.5]
[lambdarank_truncation_level: 30]
[lambdarank_norm: 1]
[label_gain: ]
[lambdarank_position_bias_regularization: 0]
[eval_at: ]
[multi_error_top_k: 1]
[auc_mu_weights: ]
[num_machines: 1]
[local_listen_port: 12400]
[time_out: 120]
[machine_list_filename: ]
[machines: ]
[gpu_platform_id: -1]
[gpu_device_id: -1]
[gpu_device_id_list: ]
[gpu_use_dp: 0]
[num_gpu: 1]

end of parameters

pandas_categorical:[]
