tree
version=v4
num_class=1
num_tree_per_iteration=1
label_index=0
max_feature_idx=57
objective=quantile
feature_names=pm25_now pm25_lag1 pm25_lag2 pm25_lag3 pm25_lag6 pm25_lag12 pm25_lag24 pm25_lag48 pm25_lag72 pm25_lag168 pm25_mean6 pm25_mean24 pm25_mean72 pm25_mean168 pm25_std24 pm25_max24 pm25_min24 pm25_trend6 pm25_trend24 pm10_now nitrogen_dioxide_now ozone_now carbon_monoxide_now aerosol_optical_depth_now dust_now sulphur_dioxide_now pm_coarse_ratio temperature_2m_now relative_humidity_2m_now wind_speed_10m_now boundary_layer_height_now wind_u_now wind_v_now precip_sum24 temp_change24 horizon temperature_2m_tgt relative_humidity_2m_tgt dew_point_2m_tgt precipitation_tgt surface_pressure_tgt cloud_cover_tgt wind_speed_10m_tgt boundary_layer_height_tgt wind_u_tgt wind_v_tgt precip_cum_h wind_mean_h temp_diff_tgt blh_diff_tgt hour_sin hour_cos doy_sin doy_cos month dayofweek snaive_1d snaive_3d_mean
feature_infos=[0.60000002384185791:362.29998779296875] [0.5:358.60000610351562] [0.5:365.10000610351562] [0.60000002384185791:362.29998779296875] [0.60000002384185791:362.29998779296875] [0.60000002384185791:362.29998779296875] [0.60000002384185791:362.29998779296875] [0.60000002384185791:362.29998779296875] [0.60000002384185791:362.29998779296875] [0.60000002384185791:362.29998779296875] [0.61666667461395264:355.14999389648438] [0.66250002384185791:292.8416748046875] [9.0597219467163086:247.875] [20.088094711303711:220.05357360839844] [0.062409352511167526:86.876152038574219] [0.80000001192092896:365.10000610351562] [0.5:191.39999389648438] [-215.60000610351562:176] [-185.30000305175781:227.60000610351562] [0.80000001192092896:840.0999755859375] [0:317.70001220703125] [0:332] [59:12844] [0.029999999329447746:3.1700000762939453] [0:1287] [0.10000000149011612:97.900001525878906] [0.14162816107273102:1] [1.3999999761581421:46.099998474121094] [5:100] [0:35] [10:5205] [-30.195400238037109:26.683734893798828] [-32.10614013671875:29.681682586669922] [0:93.900001525878906] [-15.100000381469727:13.699999809265137] [7:12] [1.1000000238418579:46.5] [5:100] [-9.8999996185302734:28.700000762939453] [0:19.899999618530273] [965.4000244140625:1001.5] [0:100] [0:37.200000762939453] [10:5250] [-30.195400238037109:36.426445007324219] [-34.567955017089844:30.310888290405273] [0:81.599998474121094] [0.42222222685813904:28.55714225769043] [-17.100000381469727:19.200000762939453] [-5185:5195] [-1:1] [-1:1] [-0.99999940395355225:0.99998557567596436] [-0.99997919797897339:0.99999076128005981] [1:12] [0:6] [0.5:365.10000610351562] [0.66666668653488159:307.63333129882812]
tree_sizes=1474 1511 1523 1515 1517 1511 1508 1514 1511 1510 1512 1521 1527 1525 1517 1529 1521 1514 1532 1526 1540 1532 1522 1528 1528 1527 1526 1530 1537 1525 1525 1534 1537 1537 1537 1530 1550 1540 1546 1542 1536 1538 1531 1547 1540 1529 1526 1534 1541 1538 1543 1539 1545 1546 1525 1536 1524 1535 1536 1530 1530 1526 1536 1536 1546 1543 1536 1536 1535 1541 1549 1538 1535 1539 1534 1538 1538 1535 1532 1517 1524 1520 1537 1534 1541 1523 1532 1545 1542 1542 1538 1538 1547 1541 1531 1540 1531 1534 1530 1538 1534 1530 1537 1538 1542 1523 1538 1541 1525 1540 1519 1528 1557 1537 1537 1547 1524 1541 1526 1541 1528 1546 1519 1543 1545 1558 1546 1536 1519 1527 1534 1537 1543 1540 1539 1531 1532 1534 1543 1530 1529 1545 1538 1524 1549 1549 1520 1546 1545 1526 1533 1541 1530 1526 1528 1536 1558 1554 1519 1517 1537 1534 1551 1519 1540 1534 1544 1531 1542 1551 1540 1530 1513 1516 1529 1527 1514 1522 1526 1543 1539 1534 1520 1514 1528 1555 1532 1540 1525 1528 1534 1485 1513 1523 1502 1511 1502 1532 1513 1528 1530 1525 1547 1557 1535 1531 1540 1537 1510 1495 1510 1537 1536 1515 1527 1498 1535 1536 1496 1530 1534 1538 1504 1520 1543 1531 1537 1516 1532 1516 1517 1546 1545 1531 1502 1498 1517 1526 1509 1527 1514 1505 1500 1494 1526 1539 1517 1515 1516 1538 1518 1513 1544 1529 1529 1536 1526 1515 1516 1532 1511 1538 1501 1530 1536 1522 1504 1523 1503 1506 1536 1519 1544 1507 1512 1519 1491 1501 1529 1518 1495 1507 1525 1540 1528 1484 1504 1548 1482 1520 1524 1534 1503 1521 1519 1520 1515 1501 1509 1505 1537 1490 1483 1503 1527 1495 1513 1516 1531 1544 1501 1516 1541 1523 1506 1493 1493 1518 1529 1483 1529 1500 1507 1499 1504 1525 1528 1527 1507 1516 1546 1504 1499 1481 1543 1512 1525 1504 1509 1516 1510 1546 1506 1506 1514 1507 1523 1528 1548 1514 1526 1505 1524 1537 1494 1525 1530 1482 1510 1527 1485 1524 1517 1521 1522 1506 1498 1515 1510 1533 1504 1521 1519 1526 1535 1495 1511 1523 1534 1491 1511 1503 1513 1520 1503 1519 1504 1514 1505 1539 1504 1542 1504 1539 1530 1525 1527 1501 1504 1520 1492 1540 1486 1521 1516 1494 1494 1538 1534 1509 1497 1518 1510 1511 1517 1484 1529 1524 1533 1528 1517 1497 1525 1484 1510 1512 1476 1514 1520 1527 1551 1502 1531 1525 1503 1527 1510 1530 1504 1508 1536 1486 1522 1542 1526 1510 1513 1530 1501 1519 1510 1523 1507 1533 1501 1516 1516 1517 1509 1510 1535 1495 1485 1517 1507 1532 1508 1531 1482 1509 1535 1490 1522 1505 1509 1505 1516 1510 1510 1526 1492 1486 1510 1516 1522 1487 1500 1496 1498 1522 1511 1499 1482 1531 1499 1526 1486 1492 1532 1524

Tree=0
num_leaves=15
num_cat=0
split_feature=49 14 37 37 20 23 50 17 20 0 0 57 51 17
split_gain=558.689 289.823 127.546 120.352 55.9966 53.5072 52.7409 48.8754 41.007 31.7353 30.5751 25.3386 25.2939 21.3138
threshold=162.50000000000003 22.614976882934574 32.500000000000007 41.500000000000007 33.95000076293946 0.35500000417232519 -1.0000000180025095e-35 -8.7499999999999982 46.549999237060554 37.549999237060554 44.750000000000007 57.883333206176765 0.12940952181816107 12.949999809265138
decision_type=10 2 2 2 2 2 2 2 2 2 2 2 2 2
left_child=12 2 5 4 -3 9 7 -5 -4 -2 -7 13 -1 -8
right_child=1 3 8 6 -6 10 11 -9 -10 -11 -12 -13 -14 -15
leaf_value=-0.66968071032404164 -0.69292248946531454 -0.69089594166227664 -0.66958936249934964 -0.68604702945997764 -0.71429457061212742 -0.66431502685378374 -0.67753131863875338 -0.7017442999902388 -0.68247092336312676 -0.71088285438351217 -0.69023244839632381 -0.67552158236363469 -0.65242728776647341 -0.69539475428390674
leaf_weight=12385 412 358 5785 926 1211 441 242 751 2699 661 560 981 22949 311
leaf_count=12385 412 358 5785 926 1211 441 242 751 2699 661 560 981 22949 311
internal_value=-0.674066 -0.682032 -0.6774 -0.692233 -0.703565 -0.688483 -0.686622 -0.69273 -0.674677 -0.696196 -0.680078 -0.679865 -0.670607 -0.688321
internal_weight=50672 15338 10558 4780 1569 2074 3211 1677 8484 1073 1001 1534 35334 553
internal_count=50672 15338 10558 4780 1569 2074 3211 1677 8484 1073 1001 1534 35334 553
is_linear=0
shrinkage=1


Tree=1
num_leaves=15
num_cat=0
split_feature=48 20 43 20 38 17 43 14 20 50 56 17 0 17
split_gain=622.365 251.79 98.8273 99.7665 68.2644 60.4948 34.5707 33.7903 33.3517 30.5742 26.3977 22.0576 21.9987 20.8894
threshold=8.6500000953674334 42.649999618530281 247.50000000000003 52.549999237060554 8.5500001907348651 12.949999809265138 817.50000000000011 29.702190399169925 17.44999980926514 -1.0000000180025095e-35 27.750000000000004 37.750000000000007 103.70000076293947 -38.149999618530266
decision_type=2 2 10 2 2 2 10 2 2 2 2 2 2 2
left_child=2 4 -1 12 6 7 -2 10 -8 -5 -3 -11 -4 -9
right_child=1 5 3 9 -6 -7 8 13 -10 11 -12 -13 -14 -15
leaf_value=0.014682804531107679 -0.0067307637202456434 -0.033654945618828591 0.0046745974832638716 -0.019301990446206597 -0.00038044833675148567 -0.035430064301816541 -0.0026964949197359981 -0.013460970222332136 -0.028462964688016724 -0.0045988882652935551 -0.0085301833040153131 -0.018569049105964464 -0.018271455387926284 -0.028803098637688408
leaf_weight=31177 442 322 8773 703 2590 1312 144 192 513 1819 837 657 472 693
leaf_count=31177 442 322 8773 703 2590 1312 144 192 513 1819 837 657 472 693
internal_value=0.000103246 -0.0136747 0.0023321 -0.00143799 -0.00463774 -0.0235651 -0.015018 -0.0180282 -0.0222114 -0.00906397 -0.012237 -0.00640386 0.00119125 -0.0253911
internal_weight=50646 7045 43601 12424 3689 3356 1099 2044 657 3179 1159 2476 9245 885
internal_count=50646 7045 43601 12424 3689 3356 1099 2044 657 3179 1159 2476 9245 885
is_linear=0
shrinkage=0.05


Tree=2
num_leaves=15
num_cat=0
split_feature=49 14 57 17 0 0 50 49 26 26 25 27 51 26
split_gain=454.848 244.662 94.5707 76.5084 51.3265 50.6408 48.9112 47.4719 28.267 24.8552 24.4676 24.1814 24.0387 20.6157
threshold=152.50000000000003 21.820778846740726 44.783332824707038 7.0499999523162851 109.54999923706056 59.699998855590827 -1.0000000180025095e-35 1752.5000000000002 0.78007271885871898 0.83479478955268871 32.149999618530281 25.050000190734867 0.12940952181816107 0.77232274413108837
decision_type=10 2 2 2 2 2 2 10 2 2 2 2 2 2
left_child=12 3 5 8 -4 -3 10 9 -2 -5 -6 -7 -1 -9
right_child=1 2 4 7 6 11 -8 13 -10 -11 -12 -13 -14 -15
leaf_value=0.0041017284973999075 0.0049452739438596901 -0.011034078235125637 -0.0047797235644498857 -0.0062561346074441575 -0.02231676249295042 -0.037546126253399224 -0.0088188585703614895 -0.022240314880746122 -0.010129051950824504 -0.020377771720091323 -0.022082944822460121 -0.016415923949302687 0.019948038264825062 -0.040743555026256449
leaf_weight=12175 5558 263 1268 2215 790 1042 860 417 1527 618 343 415 23103 176
leaf_count=12175 5558 263 1268 2215 790 1042 860 417 1527 618 343 415 23103 176
internal_value=0.000237298 -0.00690169 -0.0160178 -0.00257057 -0.0109584 -0.0254913 -0.0159436 -0.00869325 0.000398168 -0.00595674 -0.022734 -0.0291172 0.00337338 -0.0214511
internal_weight=50770 15492 4981 10511 3261 1720 1993 3426 7085 2833 1133 1457 35278 593
internal_count=50770 15492 4981 10511 3261 1720 1993 3426 7085 2833 1133 1457 35278 593
is_linear=0
shrinkage=0.05


Tree=3
num_leaves=15
num_cat=0
split_feature=48 26 49 22 18 37 22 18 26 56 38 57 0 50
split_gain=518.61 238.484 113.243 75.9712 46.8394 41.7027 40.7185 29.8381 23.9964 23.7032 18.8043 15.4123 21.8432 14.5615
threshold=8.6500000953674334 0.69767969846725475 52.500000000000007 1477.5000000000002 22.250000000000004 39.500000000000007 585.50000000000011 -7.3500001430511466 0.8757840394973756 37.199998855590827 8.7500000000000018 52.783332824707038 58.649999618530281 0.12940952181816109
decision_type=2 2 10 2 2 2 2 2 2 2 2 2 2 2
left_child=2 3 -1 10 8 -5 -3 11 -4 -6 -2 12 -8 -11
right_child=1 6 4 5 9 -7 7 -9 -10 13 -12 -13 -14 -15
leaf_value=0.015176023894993534 -0.013190874194833585 -0.010197325170210462 0.0021951893660139871 -0.025061618308351137 -0.021360138513750043 -0.0084855043652435763 -0.016946303830299676 -0.031959794990223306 -0.0081651912241469393 -0.014436495796471341 0.0028685493010168856 -0.016103776790028234 -0.032245637689588137 -0.0034693395734577645
leaf_weight=30928 680 248 8083 467 568 784 204 1696 2382 545 2432 355 247 1106
leaf_count=30928 680 248 8083 467 568 784 204 1696 2382 545 2432 355 247 1106
internal_value=0.000191682 -0.0123171 0.00223419 -0.00502744 -0.00174334 -0.0153806 -0.0238225 -0.0257325 -0.000341289 -0.00832436 -0.000829596 -0.0174265 -0.0235249 -0.0052348
internal_weight=50725 7113 43612 4363 12684 1251 2750 2502 10465 2219 3112 806 451 1651
internal_count=50725 7113 43612 4363 12684 1251 2750 2502 10465 2219 3112 806 451 1651
is_linear=0
shrinkage=0.05


Tree=4
num_leaves=15
num_cat=0
split_feature=48 26 49 17 17 20 20 57 20 38 48 51 18 48
split_gain=447.007 200.052 105.234 72.1033 68.0885 40.0904 38.3487 30.1593 30.0173 22.5501 17.7993 24.1298 16.3383 16.1741
threshold=8.5500001907348651 0.69691589474678051 37.500000000000007 24.250000000000004 2.7500000000000004 44.649999618530281 79.350002288818374 28.883333206176761 26.849999427795414 8.4499998092651385 5.2500000000000009 -0.6035533845424651 20.550000190734867 10.750000000000002
decision_type=2 2 10 2 2 2 2 2 2 2 2 2 2 2
left_child=2 3 -1 6 8 -4 9 -7 -3 12 -9 -12 -2 -10
right_child=1 4 5 -5 -6 7 -8 10 13 -11 11 -13 -14 -15
leaf_value=0.015095977880100548 -0.0083404195183391146 -0.0057565342557050203 0.0025768092263896221 -0.026598801474284579 -0.030814741435046006 -0.019211862142326536 -0.016290418006326659 -0.0022594301956786033 -0.014988621016942935 0.0033343876713305461 -0.0071756247840257638 -0.017762057685850607 -0.028372792403057567 -0.023169365307093608
leaf_weight=29983 624 435 6993 407 1530 523 411 3831 592 2760 1552 399 83 473
leaf_count=29983 624 435 6993 407 1530 523 411 3831 592 2760 1552 399 83 473
internal_value=0.000313797 -0.0111092 0.00224654 -0.00413853 -0.0209211 -0.00145476 -0.00200874 -0.00434283 -0.0132119 -0.000277538 -0.00328729 -0.00716216 -0.00817992 -0.0176977
internal_weight=50596 7315 43281 4285 3030 13298 3878 6305 1500 3467 5782 1951 707 1065
internal_count=50596 7315 43281 4285 3030 13298 3878 6305 1500 3467 5782 1951 707 1065
is_linear=0
shrinkage=0.05


Tree=5
num_leaves=15
num_cat=0
split_feature=48 26 25 49 38 48 1 56 36 0 49 30 25 57
split_gain=399.423 194.24 107.399 77.9002 44.9589 41.7237 26.7604 35.3094 23.752 42.5959 22.5896 21.9566 17.5666 22.8836
threshold=7.5499999523162851 0.83479478955268871 28.750000000000004 37.500000000000007 8.7500000000000018 10.250000000000002 51.149999618530281 39.250000000000007 25.94999980926514 41.649999618530281 637.50000000000011 47.500000000000007 14.650000095367433 29.783332824707035
decision_type=2 2 2 10 2 2 2 2 2 2 8 10 2 2
left_child=3 2 4 -1 8 -3 -5 -8 -2 -10 -4 -7 -6 -14
right_child=1 5 10 6 12 11 7 -9 9 -11 -12 -13 13 -15
leaf_value=0.014744815604553109 -0.0025880518698378988 -0.020717006888700356 -0.010762445499498088 0.0057124267985252282 0.0045736614373210159 -0.034481031756281644 -0.01436098959687649 -0.0021535520666038431 -0.008860170251128589 -0.025640917516867336 -0.024123719680250854 -0.019993196436391331 -0.024480984169504991 -0.0033873428323773326
leaf_weight=29799 481 1312 259 4243 3292 725 1411 5999 347 420 525 432 144 1261
leaf_count=29799 481 1312 259 4243 3292 725 1411 5999 347 420 525 432 144 1261
internal_value=0.000388867 -0.00903128 -0.00461567 0.00248083 -0.00230479 -0.0209984 -0.000984738 -0.0027965 -0.0106995 -0.0161068 -0.0218892 -0.0279477 -5.62989e-05 -0.00471731
internal_weight=50650 9198 6729 41452 5945 2469 11653 7410 1248 767 784 1157 4697 1405
internal_count=50650 9198 6729 41452 5945 2469 11653 7410 1248 767 784 1157 4697 1405
is_linear=0
shrinkage=0.05


Tree=6
num_leaves=15
num_cat=0
split_feature=48 20 26 49 17 38 56 29 1 56 56 0 16 0
split_gain=350.391 179.882 87.5079 66.5452 44.9708 44.5771 38.9625 26.0626 22.4815 33.514 22.2216 18.9388 16.0958 23.8563
threshold=7.5499999523162851 42.649999618530281 0.82637012004852306 37.500000000000007 22.849999427795414 8.7500000000000018 56.649999618530281 6.4500000476837167 55.850000381469734 42.649999618530281 34.049999237060554 56.95000076293946 19.849999427795414 90.200000762939467
decision_type=2 2 2 10 2 2 2 2 2 2 2 2 2 2
left_child=3 5 4 -1 10 7 -4 -2 -5 12 11 -3 -10 -14
right_child=1 2 6 8 -6 -7 -8 -9 9 -11 -12 -13 13 -15
leaf_value=0.013747140786869378 -0.021156074693412505 -0.0078118104741285782 -0.034187571197017874 0.0040889627715788293 -0.020011581386441001 0.002266583697495305 -0.015831282292570272 -0.0081825876010391003 -0.020611822611112426 -0.0014705102181616942 -0.0041191628200793941 -0.024264671921943797 -0.0051262742410864651 -0.019776967117801292
leaf_weight=29644 531 287 1032 5133 629 3656 551 700 234 5195 1525 288 972 204
leaf_count=29644 531 287 1032 5133 629 3656 551 700 234 5195 1525 288 972 204
internal_value=0.000486352 -0.00833478 -0.0157658 0.00244878 -0.0102793 -0.00175924 -0.0251004 -0.00994762 -0.000737147 -0.0026644 -0.00670616 -0.015 -0.00947183 -0.00697302
internal_weight=50581 9199 4312 41382 2729 4887 1583 1231 11738 6605 2100 575 1410 1176
internal_count=50581 9199 4312 41382 2729 4887 1583 1231 11738 6605 2100 575 1410 1176
is_linear=0
shrinkage=0.05


Tree=7
num_leaves=15
num_cat=0
split_feature=49 25 26 56 37 14 50 37 56 1 21 21 19 37
split_gain=272.552 151.613 103.043 70.5767 59.3859 39.2142 33.9055 29.8708 26.9585 26.4123 25.0786 21.6192 19.2607 19.0839
threshold=162.50000000000003 19.150000572204593 0.82637012004852306 48.350000381469734 37.500000000000007 21.820778846740726 -1.0000000180025095e-35 24.500000000000004 27.050000190734867 49.149999618530281 47.500000000000007 52.500000000000007 28.849999427795414 63.500000000000007
decision_type=10 2 2 2 2 2 2 2 2 2 2 2 2 2
left_child=10 2 7 5 8 -3 -5 9 12 -2 13 -6 -4 -1
right_child=1 3 4 6 11 -7 -8 -9 -10 -11 -12 -13 -14 -15
leaf_value=-0.0055019025074250875 -0.0021103195079166625 -0.014872931300633958 -0.0028004230059825628 -0.014270862528031862 -0.012695798891560903 -0.027655573708847282 -0.0035088627476699977 0.0038559514252999531 -0.012652470145706772 -0.021287563525081057 0.015965767963339327 0.0018300293157177017 -0.032583406193814494 0.0047443227207302468
leaf_weight=2299 626 525 56 1075 1259 914 1255 7570 353 399 25509 726 437 7515
leaf_count=2299 626 525 56 1075 1259 914 1255 7570 353 399 25509 726 437 7515
internal_value=0.000597491 -0.005 -0.00212662 -0.0136822 -0.0103819 -0.0223637 -0.00824786 0.000601395 -0.0214019 -0.00736715 0.00300611 -0.0056015 -0.0288966 0.000857085
internal_weight=50518 15195 11426 3769 2831 1439 2330 8595 846 1025 35323 1985 493 9814
internal_count=50518 15195 11426 3769 2831 1439 2330 8595 846 1025 35323 1985 493 9814
is_linear=0
shrinkage=0.05


Tree=8
num_leaves=15
num_cat=0
split_feature=48 17 49 20 0 56 56 50 14 38 29 50 4 29
split_gain=297.741 139.19 83.5552 62.2277 32.6149 56.5739 28.129 26.2225 25.5311 19.8952 20.0499 18.7109 13.1257 13.0862
threshold=9.0500001907348651 12.650000095367433 32.500000000000007 44.649999618530281 71.599998474121108 46.250000000000007 23.94999980926514 1.0000000180025095e-35 31.62797832489014 9.5500001907348651 6.4500000476837167 -0.37940952181816096 45.350000381469734 8.5500001907348651
decision_type=2 2 10 2 2 2 2 2 2 2 2 2 2 2
left_child=2 3 -1 9 -4 -6 12 13 -8 10 -2 -7 -5 -3
right_child=1 7 4 6 5 11 8 -9 -10 -11 -12 -13 -14 -15
leaf_value=0.012627941327057114 -0.01364245736233927 -0.027736500943977168 0.0018448215851935307 -0.01480508806131719 -0.015968335020902596 -0.010987248731017677 -0.0069043407146405777 -0.012737357518699845 -0.017101529557527872 0.0043033169184429083 -0.0014065193095945585 0.00013183279344389112 -0.034959592447037328 -0.016177182663539447
leaf_weight=29833 482 1025 8716 53 1031 1028 958 374 616 1925 629 3526 165 143
leaf_count=29833 482 1025 8716 53 1031 1028 958 374 616 1925 629 3526 165 143
internal_value=0.000582413 -0.00951411 0.0020415 -0.00531418 -0.0011002 -0.00407954 -0.0126748 -0.0225451 -0.0102146 -0.000942219 -0.00623996 -0.00167178 -0.0292105 -0.0262394
internal_weight=50504 6370 44134 4828 14301 5585 1792 1542 1574 3036 1111 4554 218 1168
internal_count=50504 6370 44134 4828 14301 5585 1792 1542 1574 3036 1111 4554 218 1168
is_linear=0
shrinkage=0.05


Tree=9
num_leaves=15
num_cat=0
split_feature=48 17 43 38 17 25 29 57 53 57 0 57 1 56
split_gain=253.089 142.91 48.9766 44.2608 36.9624 31.2166 29.7489 26.8478 26.6291 21.4023 20.944 19.621 17.6929 21.9581
threshold=7.7500000000000009 12.250000000000002 152.50000000000003 8.7500000000000018 24.250000000000004 31.550000190734867 7.7500000000000009 40.916667938232429 -0.25206183642148966 53.683334350585945 55.149999618530281 28.883333206176761 51.149999618530281 33.850000381469734
decision_type=2 2 10 2 2 2 2 2 2 2 2 2 2 2
left_child=2 3 -1 6 12 -5 9 8 -3 10 -2 -6 -4 -14
right_child=1 7 4 5 11 -7 -8 -9 -10 -11 -12 -13 13 -15
leaf_value=0.01202142965385828 -0.013495254373953533 -0.017915346268104971 0.0084606811511354005 -0.00040515101232464789 -0.025565829625404476 -0.012267270479225342 -0.0028353562622734176 -0.015105153484879411 -0.031007203042333016 -0.0040124840875298126 -0.026374483864965007 -0.0064630489070087232 -0.012413194147596431 6.3397645784578593e-05
leaf_weight=26759 443 378 7119 4822 197 291 547 1110 636 259 389 2049 604 5005
leaf_count=26759 443 378 7119 4822 197 291 547 1110 636 259 389 2049 604 5005
internal_value=0.00065372 -0.007009 0.00228457 -0.0034381 -5.33884e-06 -0.00113898 -0.0105643 -0.0182896 -0.0241992 -0.0152997 -0.0191686 -0.00590426 0.00103941 -0.0010598
internal_weight=50608 8875 41733 6751 14974 5113 1638 2124 1014 1091 832 2246 12728 5609
internal_count=50608 8875 41733 6751 14974 5113 1638 2124 1014 1091 832 2246 12728 5609
is_linear=0
shrinkage=0.05


Tree=10
num_leaves=15
num_cat=0
split_feature=49 38 18 21 56 26 49 17 56 3 49 0 10 25
split_gain=200.654 139.99 55.9594 48.6156 34.6061 29.4558 30.0713 26.2386 21.1097 22.523 17.1338 16.0789 14.2646 13.7517
threshold=132.50000000000003 13.150000095367433 5.6499998569488534 12.500000000000002 25.849999427795414 0.78007271885871898 527.50000000000011 8.6500000953674334 29.94999980926514 41.649999618530281 527.50000000000011 37.549999237060554 39.591665267944343 17.849999427795414
decision_type=10 2 2 2 2 2 10 2 2 2 10 2 2 2
left_child=7 2 5 -3 12 -2 -7 -1 9 -9 -6 -8 -4 -12
right_child=1 3 4 -5 10 6 11 8 -10 -11 13 -13 -14 -15
leaf_value=0.014851388616736738 -0.0023956359556733804 -0.011438486378380564 -0.01915597472929248 0.0012804841867041035 -0.01024513549325122 -0.0061139238392027423 -0.0097827141561215008 -0.0018435635951274646 0.0035265131904187634 -0.02166639492198183 -0.013727859081906586 -0.024195912117433785 -0.033470313492084638 -0.019647581073284057
leaf_weight=23450 1701 1227 136 9134 748 642 186 713 10239 312 389 643 401 645
leaf_count=23450 1701 1227 136 9134 748 642 186 713 10239 312 389 643 401 645
internal_value=0.000745018 -0.00391439 -0.0103608 -0.000491274 -0.0162538 -0.00601508 -0.0111715 0.00287323 0.000888771 -0.00591787 -0.0127734 -0.0174076 -0.0273583 -0.0169349
internal_weight=50566 15852 5491 10361 2319 3172 1471 34714 11264 1025 1782 829 537 1034
internal_count=50566 15852 5491 10361 2319 3172 1471 34714 11264 1025 1782 829 537 1034
is_linear=0
shrinkage=0.05


Tree=11
num_leaves=15
num_cat=0
split_feature=48 17 50 22 57 48 38 17 46 0 16 48 38 29
split_gain=214.186 128.25 42.7937 41.7736 54.3008 37.4145 21.2852 19.0353 17.2651 16.8116 20.4593 15.2399 13.228 12.9167
threshold=6.8500001430511483 12.650000095367433 1.0000000180025095e-35 957.50000000000011 38.283332824707038 -2.6499999761581416 7.8500001430511483 15.050000190734865 0.84999999403953563 81.40000152587892 18.650000572204593 4.5499999523162851 11.150000095367433 7.3500001430511483
decision_type=2 2 2 2 2 2 2 2 2 2 2 2 2 2
left_child=5 3 6 12 9 -1 -3 -7 11 10 -5 -9 13 -2
right_child=1 2 -4 4 -6 7 -8 8 -10 -11 -12 -13 -14 -15
leaf_value=0.014446193489042662 -0.010380871772521214 -0.027796436544708376 -0.0088772605658797507 -0.021436635784502941 -0.003273243283498796 0.0051336868129545077 -0.015957023450482256 0.0013314872238539949 -0.015143598283481857 -0.025846399868975706 -0.0059356231143464005 -0.008744288935676324 0.0064499018507668138 0.0038753200344018913
leaf_weight=21802 605 561 859 291 2823 12489 1067 3899 584 294 587 1090 2841 668
leaf_count=21802 605 561 859 291 2823 12489 1067 3899 584 294 587 1090 2841 668
internal_value=0.000759858 -0.00555535 -0.0154646 -0.00250092 -0.00613608 0.00243943 -0.0202137 0.000755866 -0.00167204 -0.0151354 -0.0114414 -0.000711142 0.0010354 -0.00318394
internal_weight=50460 10596 2487 8109 3995 39864 1628 18062 5573 1172 878 4989 4114 1273
internal_count=50460 10596 2487 8109 3995 39864 1628 18062 5573 1172 878 4989 4114 1273
is_linear=0
shrinkage=0.05


Tree=12
num_leaves=15
num_cat=0
split_feature=48 17 26 50 43 0 22 52 26 17 48 5 1 23
split_gain=177.533 117.44 48.6072 35.0149 34.0938 23.0691 22.5596 24.8626 18.8485 17.1815 16.3421 15.2573 13.6265 11.1094
threshold=6.0499999523162851 13.949999809265138 0.83479478955268871 0.12940952181816109 237.50000000000003 42.899999618530281 1315.5000000000002 0.78325453400611889 0.78845849633216869 15.050000190734865 9.3499999046325701 33.45000076293946 93.950000762939467 0.40500000119209295
decision_type=2 2 2 2 10 2 2 2 2 2 2 2 2 2
left_child=4 2 6 8 9 -6 -2 -8 -3 -1 -4 -7 -13 -9
right_child=1 3 10 -5 5 11 7 13 -10 -11 -12 12 -14 -15
leaf_value=0.016165359341221507 0.0042942732407339522 -0.012874036302647883 -0.0071484298006919706 -0.0080138860042925295 0.0090350493771302314 -0.012626984910582853 -0.0019928335476093822 -0.022008876920725756 -0.024827243142190782 0.0027786809326554975 -0.015604244718806479 0.00072615840981793411 -0.0099845488883642183 -0.0063462651593830096
leaf_weight=21463 5189 1047 1147 738 3332 791 1784 223 886 7950 1012 3742 970 112
leaf_count=21463 5189 1047 1147 738 3332 791 1784 223 886 7950 1012 3742 970 112
internal_value=0.000873681 -0.00439249 -0.0017743 -0.0136311 0.00254561 -0.000178067 0.000176278 -0.00415923 -0.0171565 0.00336353 -0.00834716 -0.00216488 -0.00107793 -0.0164493
internal_weight=50386 12138 9467 2671 38248 8835 7308 2119 1933 29413 2159 5503 4712 335
internal_count=50386 12138 9467 2671 38248 8835 7308 2119 1933 29413 2159 5503 4712 335
is_linear=0
shrinkage=0.05


Tree=13
num_leaves=15
num_cat=0
split_feature=48 20 37 49 25 23 43 50 46 18 50 57 18 43
split_gain=163.242 97.623 57.5814 46.4578 27.7954 23.4412 22.643 21.0684 15.2783 14.2688 13.2037 12.3991 11.2933 10.6943
threshold=6.6499998569488534 43.649999618530281 37.500000000000007 17.500000000000004 33.649999618530281 0.30500000715255743 1222.5000000000002 -0.6035533845424651 20.849999427795414 8.5500001907348651 -0.6035533845424651 49.183334350585945 48.649999618530281 377.50000000000006
decision_type=2 2 2 10 2 2 10 2 2 2 2 2 2 10
left_child=3 5 7 -1 10 6 -2 -3 12 -8 -4 -6 -5 -14
right_child=1 2 4 8 11 -7 9 -9 -10 -11 -12 -13 13 -15
leaf_value=0.011714429806951187 -0.002829683563283837 -0.024308250409117375 -0.010398420593454383 0.00079999482397676849 -0.020143620818163108 0.0035497911053789912 -0.015055872957289142 -0.014783331900123632 -0.015279982699409809 -0.024708347626196909 -0.0014754398848328926 -0.0093601382747063762 -0.0033045473808343672 -0.019095397068409348
leaf_weight=28027 1185 609 1040 10648 160 4369 372 967 207 115 1684 491 498 194
leaf_count=28027 1185 609 1040 10648 160 4369 372 967 207 115 1684 491 498 194
internal_value=0.000880457 -0.00450736 -0.0097047 0.00237773 -0.00598966 -0.000238803 -0.00525565 -0.0175725 -0.000291165 -0.0142153 -0.00374177 -0.0151967 -3.96474e-05 -0.00618234
internal_weight=50566 10992 4951 39574 3375 6041 1672 1576 11547 487 2724 651 11340 692
internal_count=50566 10992 4951 39574 3375 6041 1672 1576 11547 487 2724 651 11340 692
is_linear=0
shrinkage=0.05


Tree=14
num_leaves=15
num_cat=0
split_feature=48 25 48 57 23 29 0 57 1 45 57 52 0 0
split_gain=150.655 62.5579 47.8902 47.1524 38.5108 37.9362 22.2878 39.7887 26.2644 19.4404 16.3096 13.4686 22.1869 12.1162
threshold=8.1500000953674334 19.150000572204593 -3.0499999523162837 47.31666564941407 0.33500000834465032 5.8500001430511483 43.45000076293946 47.849998474121101 81.599998474121108 -5.4106009006500235 28.550000190734867 0.66527691483497631 46.049999237060554 186.05000305175784
decision_type=2 2 2 2 2 2 2 2 2 2 2 2 2 2
left_child=2 4 -1 -3 5 9 -4 8 10 -2 -8 -7 -13 -5
right_child=1 3 6 13 -6 11 7 -9 -10 -11 -12 12 -14 -15
leaf_value=0.013541577031568018 -0.028342179163952926 -0.022726686283940964 0.0088308383738643029 -0.005599760787099132 0.0021663209888306261 0.0036203674764103406 -0.013447145669352104 0.0022427514894784338 -0.013175267016201206 -0.013752839519238325 -0.0017082882550171234 -0.0018927538803535087 -0.019041920558812753 -0.0097595686471795336
leaf_weight=20707 233 873 6388 1052 3252 716 625 10774 845 626 3336 575 288 382
leaf_count=20707 233 873 6388 1052 3252 716 625 10774 845 626 3336 575 288 382
internal_value=0.000827908 -0.00546584 0.00200832 -0.0123932 -0.00264035 -0.00737745 0.000381746 -0.000638229 -0.00441653 -0.015771 -0.00269328 -0.00274072 -0.00691294 -0.00673823
internal_weight=50672 7997 42675 2307 5690 2438 21968 15580 4806 859 3961 1579 863 1434
internal_count=50672 7997 42675 2307 5690 2438 21968 15580 4806 859 3961 1579 863 1434
is_linear=0
shrinkage=0.05


Tree=15
num_leaves=15
num_cat=0
split_feature=48 26 17 20 51 46 50 0 52 52 18 56 44 20
split_gain=139.742 96.3379 51.8471 35.4198 34.5793 26.2728 23.5893 23.3061 20.9752 17.1208 22.4819 15.2162 12.9182 12.9785
threshold=5.8500001430511483 0.78007271885871898 27.250000000000004 42.049999237060554 0.37940952181816107 1.1500000357627871 1.0000000180025095e-35 56.750000000000007 0.63920241594314586 0.42179998755455023 19.750000000000004 16.250000000000004 2.1763788461685185 94.250000000000014
decision_type=2 2 2 2 2 2 2 2 2 2 2 2 2 2
left_child=4 2 9 11 5 -1 8 -7 12 -2 -11 -3 13 -5
right_child=1 3 -4 6 -6 7 -8 -9 -10 10 -12 -13 -14 -15
leaf_value=0.0038687482130875029 0.004091879087586423 -0.020776202204591032 -0.011840902865501953 -0.0062710073564868091 0.014362316354233504 2.8985516961200662e-05 -0.0062837016147381346 -0.013556085457223291 -0.032737118424873347 -0.00082937609935241458 -0.013505686771993337 -0.0041704897974074199 -0.01989415448673984 -0.012856903915446118
leaf_weight=15702 4649 175 945 534 18892 2043 615 1224 355 2912 500 1309 674 167
leaf_count=15702 4649 175 945 534 18892 2043 615 1224 355 2912 500 1309 674 167
internal_value=0.000783537 -0.00372324 -0.000895075 -0.0103556 0.00231193 0.000803256 -0.014172 -0.00326976 -0.0171552 0.000409491 -0.00227645 -0.00427041 -0.0141697 -0.00920534
internal_weight=50696 12835 9006 3829 37861 18969 2345 3267 1730 8061 3412 1484 1375 701
internal_count=50696 12835 9006 3829 37861 18969 2345 3267 1730 8061 3412 1484 1375 701
is_linear=0
shrinkage=0.05


Tree=16
num_leaves=15
num_cat=0
split_feature=49 26 48 25 56 48 38 19 56 19 56 25 21 49
split_gain=125.17 57.707 43.2862 34.4609 30.6214 19.8161 17.2932 17.012 14.5269 21.1903 14.097 16.6582 13.3888 18.7185
threshold=27.500000000000004 0.82637012004852306 9.7500000000000018 19.650000572204593 48.350000381469734 -2.5499999523162837 6.9500000476837167 122.25000000000001 27.050000190734867 63.199998855590827 24.750000000000004 19.150000572204593 35.500000000000007 337.50000000000006
decision_type=10 2 2 2 2 2 2 2 2 2 2 2 2 10
left_child=5 3 12 6 7 -1 -2 -5 9 -7 -4 -12 13 -3
right_child=1 2 10 4 -6 8 -8 -9 -10 -11 11 -13 -14 -15
leaf_value=0.013329634308825828 -0.011920379254119482 -0.005326762976965627 -0.026661371848187856 -0.0079912977424279937 -0.0020301358829873935 0.0015836424882997694 0.0030582094678475967 -0.016337671605745032 0.0040895142980071101 -0.014226766551950426 -0.0053340700744654882 -0.015674490728814255 -0.0022004295859550868 -0.012768336040682822
leaf_weight=20928 597 1549 406 466 2275 892 10027 555 8623 449 489 474 2129 951
leaf_count=20928 597 1549 406 466 2275 892 10027 555 8623 449 489 474 2129 951
internal_value=0.000858914 -0.00223103 -0.00632656 -0.000463029 -0.00492135 0.00285127 0.000923453 -0.0120708 0.00101464 -0.00380829 -0.014108 -0.0106218 -0.00399978 -0.0064741
internal_weight=50810 19918 5998 13920 3296 30892 10624 1021 9964 1341 1369 963 4629 2500
internal_count=50810 19918 5998 13920 3296 30892 10624 1021 9964 1341 1369 963 4629 2500
is_linear=0
shrinkage=0.05


Tree=17
num_leaves=15
num_cat=0
split_feature=49 37 20 1 56 17 56 45 22 23 37 56 10 10
split_gain=114.354 60.7364 45.9172 30.1379 29.1401 21.5479 20.3597 20.2828 18.1088 15.4317 13.6279 13.2241 14.6901 11.0412
threshold=27.500000000000004 37.500000000000007 45.049999237060554 80.450000762939467 51.850000381469734 10.050000190734865 27.44999980926514 0.54110196232795726 3520.5000000000005 0.32500000298023229 86.500000000000014 26.650000572204593 41.324998855590827 99.308334350585952
decision_type=10 2 2 2 2 2 2 2 2 2 2 2 2 2
left_child=5 2 9 10 8 -1 -7 11 -5 -2 -3 12 -4 -13
right_child=1 3 7 4 -6 6 -8 -9 -10 -11 -12 13 -14 -15
leaf_value=0.012637683776262235 -0.012618357413871071 0.0037844793819840719 -0.0021774723158417384 -0.0086656582352757482 -0.0027508336597715077 -0.01231298260227958 0.0023491252479094652 -0.0058779479040210773 -0.019329647553807547 -0.00059202580232178251 -0.007339954268635528 -0.010137125703886923 -0.028930450072070575 -0.019386545038936859
leaf_weight=22440 887 8986 57 1115 4690 603 7625 502 260 1550 967 411 289 308
leaf_count=22440 887 8986 57 1115 4690 603 7625 502 260 1550 967 411 289 308
internal_value=0.000907298 -0.00203125 -0.00753114 -0.000652608 -0.00342798 0.0028258 0.000636077 -0.014182 -0.00980144 -0.00321414 0.00104035 -0.0180698 -0.0261798 -0.0138615
internal_weight=50690 20022 4004 16018 6065 30668 8228 1567 1375 2437 9953 1065 346 719
internal_count=50690 20022 4004 16018 6065 30668 8228 1567 1375 2437 9953 1065 346 719
is_linear=0
shrinkage=0.05


Tree=18
num_leaves=15
num_cat=0
split_feature=21 48 26 56 2 43 20 56 43 24 42 23 29 42
split_gain=113.656 64.0717 41.5364 22.2887 32.0686 21.1401 15.7636 19.9042 14.8588 13.1118 12.9192 12.1572 10.5555 10.1105
threshold=53.500000000000007 10.150000095367433 0.70001143217086803 37.199998855590827 59.350000381469734 87.500000000000014 22.050000190734867 20.050000190734867 1662.5000000000002 185.50000000000003 7.0499999523162851 0.45499999821186071 11.34999990463257 8.7500000000000018
decision_type=2 2 2 2 2 8 2 2 10 2 2 2 2 2
left_child=1 3 8 4 -1 -2 9 -8 -3 -7 -4 -10 -11 -9
right_child=5 2 10 -5 -6 6 7 13 11 12 -12 -13 -14 -15
leaf_value=-0.0020849861865902008 0.019972315266636804 -0.0019151076600475332 -0.011370649131027434 0.00050307406442817748 -0.012666238595725705 0.011029849466451459 -0.017773405631258545 0.0039529011988733665 -0.017163541824431465 0.001907757332367436 -0.022996282937605448 -0.001340403177883082 -0.012179588852472341 -0.0039859386080065371
leaf_weight=2731 11820 1720 846 13247 1057 10896 386 3757 301 1017 430 211 402 1894
leaf_count=2731 11820 1720 846 13247 1057 10896 386 3757 301 1017 430 211 402 1894
internal_value=0.000878758 -0.00198925 -0.00813246 -0.000720152 -0.00409689 0.00283149 0.00176778 -0.000324954 -0.00398751 0.0027931 -0.0152955 -0.0113793 -0.00171798 0.000433669
internal_weight=50715 20543 3508 17035 3788 30172 18352 6037 2232 12315 1276 512 1419 5651
internal_count=50715 20543 3508 17035 3788 30172 18352 6037 2232 12315 1276 512 1419 5651
is_linear=0
shrinkage=0.05


Tree=19
num_leaves=15
num_cat=0
split_feature=21 50 17 46 38 17 57 43 43 17 1 56 0 47
split_gain=99.7287 49.8341 44.4076 23.9056 23.0288 21.0553 21.5901 16.0179 14.1093 18.4623 13.5249 13.2316 33.232 13.0012
threshold=53.500000000000007 -1.0000000180025095e-35 13.250000000000002 1.0500000119209292 16.050000190734867 11.250000000000002 27.116666793823246 62.500000000000007 767.50000000000011 48.699998855590827 46.500000000000007 28.550000190734867 50.95000076293946 8.6436510086059588
decision_type=2 2 2 2 2 2 2 8 10 2 2 2 2 2
left_child=1 2 4 8 11 -2 10 -4 -3 -10 -7 12 -1 -8
right_child=5 3 7 -5 -6 6 13 -9 9 -11 -12 -13 -14 -15
leaf_value=-0.0019762788358157635 0.01104571776902688 0.002854410525760616 -0.0045098239703866404 -0.012293647195540554 0.0026703852588535063 -0.0067922085979463271 0.0059229712642382554 -0.014792231647068853 -0.001932276153093477 -0.013659855696720881 -0.030128818012330017 -0.0043488665265957677 -0.018666609409679975 -0.0055557044939122946
leaf_weight=454 26042 9732 418 1078 2146 202 2675 1578 1597 166 156 3233 341 1104
leaf_count=454 26042 9732 418 1078 2146 202 2675 1578 1597 166 156 3233 341 1104
internal_value=0.00092005 -0.00174842 -0.00478606 0.000227688 -0.00268111 0.00275415 -0.000558235 -0.0112512 0.000897436 -0.00320643 -0.0121196 -0.00490589 -0.0106522 0.000566113
internal_weight=50922 20743 8170 12573 6174 30179 4137 1996 11495 1763 358 4028 795 3779
internal_count=50922 20743 8170 12573 6174 30179 4137 1996 11495 1763 358 4028 795 3779
is_linear=0
shrinkage=0.05


Tree=20
num_leaves=15
num_cat=0
split_feature=49 37 0 0 50 23 45 54 46 18 23 48 46 31
split_gain=100.03 49.0387 35.4469 26.8088 34.4388 24.8058 19.2732 17.2661 16.4988 14.6965 14.1228 13.617 12.7314 10.5992
threshold=1.0000000180025095e-35 38.500000000000007 70.65000152587892 84.200000762939467 -0.37940952181816096 0.34499999880790716 -2.5449984073638912 5.5000000000000009 1.0000000180025095e-35 14.750000000000002 0.76499998569488536 3.3500000238418584 8.2500000000000018 -6.6666419506072989
decision_type=10 2 2 2 2 2 2 2 2 2 2 2 2 2
left_child=11 2 5 12 10 9 7 -4 -6 -2 -5 13 -3 -1
right_child=1 3 6 4 8 -7 -8 -9 -10 -11 -12 -13 -14 -15
leaf_value=0.0024864646905238081 -0.0084607069893621271 0.0033416676676195148 -0.02575465991855614 -0.011411016462916167 0.00095552724965031449 0.0030654395210163096 -0.0087426833819198805 -0.0085107213348664876 -0.010764713402508385 -0.017648636049349135 -0.0036804934003511584 -0.0005129506040839623 -0.010432811627034496 0.012110688705083849
leaf_weight=3805 1204 10128 393 1517 4186 1412 777 245 616 228 570 3094 870 21535
leaf_count=3805 1204 10128 393 1517 4186 1412 777 245 616 228 570 3094 870 21535
internal_value=0.000949793 -0.00156933 -0.0063844 -0.000419903 -0.00286346 -0.00314646 -0.0128246 -0.0192284 -0.000527847 -0.00776006 -0.00820935 0.00291169 0.00111192 0.00329389
internal_weight=50580 22146 4259 17887 6889 2844 1415 638 4802 1432 2087 28434 10998 25340
internal_count=50580 22146 4259 17887 6889 2844 1415 638 4802 1432 2087 28434 10998 25340
is_linear=0
shrinkage=0.05


Tree=21
num_leaves=15
num_cat=0
split_feature=21 37 26 51 44 18 18 37 1 36 57 26 52 26
split_gain=87.6711 51.7977 34.2927 19.907 17.9544 17.7379 16.5602 15.4507 15.6913 12.7933 13.1993 12.1683 12.0856 10.3728
threshold=53.500000000000007 38.500000000000007 0.86901572346687328 0.60355338454246532 -9.3599390983581525 7.4500000476837167 48.649999618530281 24.500000000000004 51.149999618530281 30.349999427795414 34.183334350585945 0.96140238642692577 0.92273071408271801 0.83479478955268871
decision_type=2 2 2 2 2 2 2 2 2 2 2 2 2 2
left_child=1 2 5 7 11 -1 13 8 -2 10 -4 -3 -7 -6
right_child=3 4 9 -5 6 12 -8 -9 -10 -11 -12 -13 -14 -15
leaf_value=-0.00039509042363526235 -0.00090591494354692762 -0.0073329973165886242 -0.027815499967857413 0.015663652250906952 0.0021060071645984694 -0.0093964187025693761 -0.0068184676076206395 0.0052703299380284507 -0.014773451454012205 -0.0074812911754949503 -0.014718082709129702 -0.020691075215925149 -0.01319494788653359 -0.0026291384034769654
leaf_weight=1233 1104 804 232 14004 10322 737 1639 14663 372 296 278 140 256 4700
leaf_count=1233 1104 804 232 14004 10322 737 1639 14663 372 296 278 140 256 4700
internal_value=0.000928333 -0.00158207 -0.00760684 0.002647 -0.000540732 -0.00436941 -0.000158659 0.0014487 -0.00341184 -0.0163848 -0.0211538 -0.00721174 -0.00930708 0.000363225
internal_weight=50780 20637 3032 30143 17605 2226 16661 16139 1476 806 510 944 993 15022
internal_count=50780 20637 3032 30143 17605 2226 16661 16139 1476 806 510 944 993 15022
is_linear=0
shrinkage=0.05


Tree=22
num_leaves=15
num_cat=0
split_feature=20 57 36 1 57 10 38 19 42 46 16 45 16 20
split_gain=82.2829 61.6071 27.4398 35.3426 30.9615 25.855 23.2386 17.7264 15.8174 11.6188 11.1331 10.0044 11.5782 10.7165
threshold=23.349999427795414 30.083333969116214 15.050000190734865 107.20000076293947 58.916667938232429 40.558332443237312 12.650000095367433 198.59999847412112 9.8499999046325701 2.5499999523162846 46.149999618530281 -0.71604838967323292 24.050000190734867 48.850000381469734
decision_type=2 2 2 2 2 2 2 2 2 2 2 2 2 2
left_child=7 5 -3 8 10 -2 11 -1 -4 -9 -5 12 13 -7
right_child=1 2 3 4 -6 6 -8 9 -10 -11 -12 -13 -14 -15
leaf_value=0.012099590751996625 -0.0035086361762254048 0.0064678440631316409 0.0014625106480554151 -0.01529814470098504 -0.0035361078505526246 -0.012949053551651338 -0.0059950294571334004 -0.0017094172785492104 -0.005513150276520969 -0.021003930100812779 -0.0062210490828672636 -0.0098389916885966173 -0.011431852078096584 -0.027720414462111254
leaf_weight=20622 1364 7039 12218 667 2718 230 959 1066 2597 114 473 307 142 247
leaf_count=20622 1364 7039 12218 667 2718 230 959 1066 2597 114 473 307 142 247
internal_value=0.000933863 -0.000812709 8.1644e-06 -0.000994754 -0.00525078 -0.00728905 -0.0110686 0.00325326 0.000116358 -0.00268908 -0.0121304 -0.016688 -0.0203577 -0.0240554
internal_weight=50763 28961 25712 18673 3858 3249 1885 21802 14815 1180 1140 926 619 477
internal_count=50763 28961 25712 18673 3858 3249 1885 21802 14815 1180 1140 926 619 477
is_linear=0
shrinkage=0.05


Tree=23
num_leaves=15
num_cat=0
split_feature=21 37 38 43 44 1 56 20 56 1 22 56 25 45
split_gain=78.998 43.0147 26.9342 21.6123 18.7281 16.7109 22.761 13.7746 12.6953 35.6724 14.4669 12.1412 11.3343 10.4579
threshold=53.500000000000007 40.500000000000007 9.5500001907348651 111.87500000000001 -9.3599390983581525 52.45000076293946 24.349999427795414 50.649999618530281 59.199998855590827 73.450000762939467 3437.0000000000005 34.399999618530281 18.050000190734867 -1.8336876630783079
decision_type=2 2 2 8 2 2 2 2 2 2 2 2 2 2
left_child=1 2 7 -2 -3 -5 -7 -1 9 -6 11 -11 -4 -9
right_child=3 4 12 5 8 6 -8 13 -10 10 -12 -13 -14 -15
leaf_value=-0.0089695629040217988 0.016176413827004757 -0.010375568325189041 0.00063613934931247248 0.0073580831308659393 0.0014326430083670344 -0.020046894271185989 -0.00035944167377224498 -0.019138384466196964 0.0022078795871564726 -0.013101964885829091 -0.014782158727616821 -0.0033670487184940799 -0.0091537140127670794 -0.0086615768912186187
leaf_weight=878 13498 919 1327 10914 5156 181 5519 522 8646 300 394 1581 561 309
leaf_count=878 13498 919 1327 10914 5156 181 5519 522 8646 300 394 1581 561 309
internal_value=0.000964705 -0.00142139 -0.00638065 0.00259644 -0.000368693 0.00138775 -0.000805604 -0.0109104 3.01488e-05 -0.00148434 -0.0066849 -0.00480962 -0.00224447 -0.0155113
internal_weight=50705 20593 3597 30112 16996 16614 5700 1709 16077 7431 2275 1881 1888 831
internal_count=50705 20593 3597 30112 16996 16614 5700 1709 16077 7431 2275 1881 1888 831
is_linear=0
shrinkage=0.05


Tree=24
num_leaves=15
num_cat=0
split_feature=20 56 0 43 0 56 19 23 45 50 56 42 36 53
split_gain=70.5946 64.3063 50.1079 32.4604 29.3848 32.1971 15.363 13.2347 12.9661 11.9755 11.3875 10.1529 9.88686 10.3297
threshold=22.349999427795414 28.550000190734867 47.049999237060554 67.500000000000014 107.00000000000001 63.199998855590827 190.69999694824222 0.33500000834465032 -2.8733866214752193 -0.6035533845424651 16.250000000000004 8.5500001907348651 20.150000572204593 -0.52034142613410939
decision_type=2 2 2 10 2 2 2 2 2 2 2 2 2 2
left_child=6 2 10 -3 11 -6 -1 12 -7 -10 -2 -5 -4 -14
right_child=1 3 7 4 5 8 -8 -9 9 -11 -12 -13 13 -15
leaf_value=0.011361829609069538 -0.012346421528398851 0.0053987863784199092 0.0013737845168036754 0.0016762587675969904 -0.011147037980028829 -0.010489020523119055 -0.0028884536961964 -0.0099138823217951311 -0.0063136282258473954 0.0026548718245318209 0.00057226304519383418 -0.0034454939670636939 -0.0086692211861463166 -0.018852413247588913
leaf_weight=19699 408 10725 72 8042 1071 749 1295 725 430 1623 1659 3321 119 763
leaf_count=19699 408 10725 72 8042 1071 749 1295 725 430 1623 1659 3321 119 763
internal_value=0.000955513 -0.000612949 -0.0067279 0.000271649 -0.00121147 -0.00496652 0.00317416 -0.0131172 -0.00213016 -6.54385e-05 -0.00149976 7.16611e-05 -0.0169917 -0.0184305
internal_weight=50701 29707 3746 25961 15236 3873 20994 1679 2802 2053 2067 11363 954 882
internal_count=50701 29707 3746 25961 15236 3873 20994 1679 2802 2053 2067 11363 954 882
is_linear=0
shrinkage=0.05


Tree=25
num_leaves=15
num_cat=0
split_feature=21 37 26 47 1 18 42 44 18 26 27 52 57 1
split_gain=65.0736 35.1594 29.2725 21.846 19.7129 15.7028 15.6594 14.2047 14.1271 10.9874 10.4711 12.9246 10.2646 12.8318
threshold=63.500000000000007 40.500000000000007 0.86901572346687328 8.8904547691345233 50.149999618530281 64.950000762939467 6.3500001430511483 -9.3599390983581525 8.5500001907348651 0.94965383410453807 24.349999427795414 -0.80418667197227467 24.716667175292972 51.149999618530281
decision_type=2 2 2 2 2 2 2 2 2 2 2 2 2 2
left_child=1 2 8 12 -5 7 -4 9 -1 -3 11 -8 13 -2
right_child=3 5 6 4 -6 -7 10 -9 -10 -11 -12 -13 -14 -15
leaf_value=-0.00010624544103631372 0.0022398991174794173 -0.0044691661674876645 -0.0071246828251836135 0.0060344824305968046 -0.0058074696817164307 -0.0078840098246304221 -0.00092032654610594948 0.00095863893318840019 -0.0091438194787561485 -0.017136067215273731 -0.00023955371767691094 -0.021665137641905138 0.01200400072016352 -0.02212231716716645
leaf_weight=1975 531 1050 605 5131 2297 923 71 17290 1136 184 70 352 18875 118
leaf_count=1975 531 1050 605 5131 2297 923 71 17290 1136 184 70 352 18875 118
internal_value=0.000930302 -0.000983267 -0.00512088 0.0026096 0.000301156 -8.55731e-05 -0.0121029 0.000233085 -0.00262576 -0.00492765 -0.0186581 -0.0215589 0.00348725 -0.00266313
internal_weight=50608 23656 4209 26952 7428 19447 1098 18524 3111 1234 493 423 19524 649
internal_count=50608 23656 4209 26952 7428 19447 1098 18524 3111 1234 493 423 19524 649
is_linear=0
shrinkage=0.05


Tree=26
num_leaves=15
num_cat=0
split_feature=43 22 56 0 57 56 0 30 50 0 46 16 47 0
split_gain=62.3231 56.3492 37.6423 29.0167 19.9976 13.8741 13.9823 11.8655 11.4738 16.1494 13.7388 12.3825 11.957 10.2851
threshold=137.50000000000003 947.50000000000011 38.95000076293946 84.200000762939467 23.683333396911625 16.250000000000004 72.299999237060561 222.50000000000003 -0.37940952181816096 168.35000610351565 1.0000000180025095e-35 100.60000228881837 12.726136684417726 27.050000190734867
decision_type=8 2 2 2 2 2 2 10 2 2 2 2 2 2
left_child=7 5 3 4 -3 13 -7 -1 9 12 -10 -11 -4 -2
right_child=1 2 8 -5 -6 6 -8 -9 10 11 -12 -13 -14 -15
leaf_value=0.0035011636729321582 0.0012470801632976311 -0.013411325655735374 -0.0020278383378270026 -0.018164831665952681 -0.0043521077581310129 0.005099679192384193 -0.0038234793406346948 0.015793881152894106 0.0017385727040360819 -0.012486146272261855 -0.0080301581642775021 0.00075105247201096958 -0.15336771630414694 -0.014952845089740442
leaf_weight=10354 284 602 2433 697 2433 14500 1625 11273 4639 328 1025 147 73 311
leaf_count=10354 284 602 2433 697 2433 14500 1625 11273 4639 328 1025 147 73 311
internal_value=0.000897229 -0.00061377 -0.00316986 -0.0073597 -0.00521346 0.00127914 0.00155717 0.00292947 -0.00135471 -0.00385991 -3.17235e-05 -0.0122165 -0.0022337 -0.00615702
internal_weight=50724 29097 12377 3732 3035 16720 16125 21627 8645 2981 5664 475 2506 595
internal_count=50724 29097 12377 3732 3035 16720 16125 21627 8645 2981 5664 475 2506 595
is_linear=0
shrinkage=0.05


Tree=27
num_leaves=15
num_cat=0
split_feature=51 18 56 56 0 56 0 0 42 0 26 21 18 56
split_gain=62.0985 36.056 40.2492 16.7482 16.3178 28.6583 15.8749 14.7837 11.9751 10.7834 10.6053 11.0272 9.92652 9.69781
threshold=0.37940952181816107 14.949999809265138 35.45000076293946 14.050000190734865 43.45000076293946 39.250000000000007 30.250000000000004 74.15000152587892 9.8499999046325701 81.40000152587892 0.69647198915481578 10.500000000000002 54.049999237060554 20.650000572204593
decision_type=2 2 2 2 2 2 2 2 2 2 2 2 2 2
left_child=1 3 7 6 -5 9 -1 13 -7 -6 11 -10 -4 -3
right_child=-2 2 12 4 5 8 -8 -9 10 -11 -12 -13 -14 -15
leaf_value=-0.00091838810471604976 0.0096428260074776853 -0.015309137861231049 -0.00036322472112211638 0.0063154526467943256 -0.0043084300063268959 0.0028558524404201924 -0.013455134403351228 -0.015537890812863293 -0.015643059370771425 -0.015114660248120582 -0.012670775851308207 -0.00045823032839647972 -0.0071424505364301579 -0.0056753002902915212
leaf_weight=249 19152 285 5027 8096 2572 10215 187 735 67 260 279 1559 1302 945
leaf_count=249 19152 285 5027 8096 2572 10215 187 735 67 260 279 1559 1302 945
internal_value=0.000938359 -0.000417138 -0.00324904 0.000583979 0.000769364 -0.000209865 -0.00901345 -0.00948101 0.000849135 -0.00472906 -0.00278068 -0.00120416 -0.00130226 -0.00604839
internal_weight=50930 31778 8294 23484 23048 14952 436 1965 12120 2832 1905 1626 6329 1230
internal_count=50930 31778 8294 23484 23048 14952 436 1965 12120 2832 1905 1626 6329 1230
is_linear=0
shrinkage=0.05


Tree=28
num_leaves=15
num_cat=0
split_feature=17 48 51 50 46 38 0 37 44 38 28 46 34 43
split_gain=53.7122 39.3865 28.6978 20.9928 19.0244 12.8324 12.8238 13.4352 13.1228 10.8709 9.77471 9.77454 7.66544 7.64314
threshold=6.2500000000000009 5.1499998569488534 0.12940952181816107 -0.37940952181816096 1.0500000119209292 7.4500000476837167 44.750000000000007 37.500000000000007 -9.1783547401428205 11.750000000000002 78.500000000000014 6.2500000000000009 -2.2499999999999996 81.250000000000014
decision_type=2 2 2 2 2 2 2 2 2 2 2 2 2 8
left_child=2 4 6 5 13 -3 -1 9 11 -8 -6 -9 -4 -2
right_child=1 3 12 -5 10 -7 7 8 -10 -11 -12 -13 -14 -15
leaf_value=0.0055285389081135908 0.0051054100594662057 -0.013656577653050023 0.0022100632919172906 -0.0027706780661487561 -0.0011849264892020539 -0.0078320286279527848 -0.0085225334453151846 -0.0056396041250218326 0.0013624986992704364 -0.00018075827834160694 -0.013808594935121148 -0.029804616754822301 0.01330872666205931 -0.00049356755629878187
leaf_weight=5781 5722 620 1917 2459 738 1640 717 486 7150 654 838 146 15270 6502
leaf_count=5781 5722 620 1917 2459 738 1640 717 486 7150 654 838 146 15270 6502
internal_value=0.00104837 -0.00109585 0.00228455 -0.00503383 0.00025344 -0.0085022 0.000680541 -0.000484012 0.000322125 -0.00502896 -0.00489912 -0.00652648 0.00367709 0.000921203
internal_weight=50640 18519 32121 4719 13800 2260 14934 9153 7782 1371 1576 632 17187 12224
internal_count=50640 18519 32121 4719 13800 2260 14934 9153 7782 1371 1576 632 17187 12224
is_linear=0
shrinkage=0.05


Tree=29
num_leaves=15
num_cat=0
split_feature=20 56 0 56 43 24 0 45 0 23 47 12 34 54
split_gain=55.2089 44.4919 45.2045 21.8999 17.7804 16.6645 14.0943 12.1779 11.0028 10.6859 16.9631 10.5118 10.2138 14.1954
threshold=21.849999427795414 43.95000076293946 77.40000152587892 16.250000000000004 77.500000000000014 170.50000000000003 104.90000152587892 -2.487400889396667 48.149999618530281 0.50499999523162853 3.4387500286102299 32.973609924316413 -1.6500000357627866 4.5000000000000009
decision_type=2 2 2 2 10 2 2 2 2 2 2 2 2 2
left_child=5 2 3 -2 -3 -1 -6 -8 -5 10 -4 -10 13 -7
right_child=1 4 9 8 6 12 7 -9 11 -11 -12 -13 -14 -15
leaf_value=0.010359329191951603 -0.011512032054409996 0.0053179528015850647 -0.0072156747011017965 0.0012289892760016525 0.0016645256264018829 -0.025139684626701166 -0.0099605098741891128 -0.0014557121867920305 -0.010944875400477547 -0.0060544389299146155 -0.016833745242140458 -0.0026156636660007197 0.0016466353177585981 -0.008790636916116883
leaf_weight=18621 585 9939 300 4248 6435 57 1016 2416 330 569 744 3317 1276 547
leaf_count=18621 585 9939 300 4248 6435 57 1016 2416 330 569 744 3317 1276 547
internal_value=0.000974013 -0.000396369 -0.0030966 -0.00163133 0.000980521 0.00297182 -0.000522932 -0.00310575 -0.000932954 -0.0107425 -0.0137381 -0.00294367 -0.00150794 -0.00680782
internal_weight=50400 29899 10093 8480 19806 20501 9867 3432 7895 1613 1044 3647 1880 604
internal_count=50400 29899 10093 8480 19806 20501 9867 3432 7895 1613 1044 3647 1880 604
is_linear=0
shrinkage=0.05


Tree=30
num_leaves=15
num_cat=0
split_feature=49 26 48 18 37 56 47 18 18 21 47 3 36 47
split_gain=53.0181 34.1052 24.5545 20.7728 18.9319 15.6284 12.9219 12.295 11.0662 10.6568 14.9941 11.1836 8.64294 8.50388
threshold=1.0000000180025095e-35 0.80262345075607311 7.5499999523162851 6.4500000476837167 24.500000000000004 17.150000572204593 8.6866073608398455 59.95000076293946 21.849999427795414 38.500000000000007 5.2522728443145761 76.250000000000014 38.95000076293946 8.2894444465637225
decision_type=8 2 2 2 2 2 2 2 2 2 2 2 2 2
left_child=6 3 -3 -2 12 -4 -1 13 -8 10 -7 -12 -5 -6
right_child=1 2 5 4 7 9 8 -9 -10 -11 11 -13 -14 -15
leaf_value=0.0099676619330183701 0.0033897861884457816 -0.002000299204344465 -0.016349945262589007 -0.013528305624800556 0.0012794512688911732 -0.0070492446946166208 0.0021795600941139233 -0.0107505996590571 -0.0095730930866760947 -0.00094054636774574337 -0.0075542478066300961 -0.024022848982570767 -0.0044357174171920947 -0.005165085235555502
leaf_weight=17997 13331 4601 308 359 4932 1287 3962 584 290 703 126 174 265 1764
leaf_count=17997 13331 4601 308 359 4932 1287 3962 584 290 703 126 174 265 1764
internal_value=0.000912651 -0.000517859 -0.00348939 0.000490704 -0.00153904 -0.0073658 0.00274024 -0.000816186 0.000260441 -0.0058913 -0.00814966 -0.0180645 -0.0098265 -0.000204294
internal_weight=50683 28434 7199 21235 7904 2598 22249 7280 4252 2290 1587 300 624 6696
internal_count=50683 28434 7199 21235 7904 2598 22249 7280 4252 2290 1587 300 624 6696
is_linear=0
shrinkage=0.05


Tree=31
num_leaves=15
num_cat=0
split_feature=51 20 57 38 17 57 43 22 45 34 45 2 30 29
split_gain=49.924 26.7548 29.4838 23.67 12.4279 12.6144 10.8028 10.6994 10.0911 9.15885 7.60264 7.50222 7.81175 7.4
threshold=0.60355338454246532 44.149999618530281 49.45000076293946 9.8499999046325701 11.949999809265138 33.283332824707038 47.500000000000007 1720.5000000000002 -0.71604838967323292 -2.3500000238418575 -3.6739404254066051e-16 114.45000076293947 62.500000000000007 7.8500001430511483
decision_type=2 2 2 2 2 2 10 2 2 2 2 2 8 2
left_child=1 4 3 8 -1 -6 -4 -5 13 -2 -8 12 -9 -3
right_child=9 2 6 7 5 -7 10 11 -10 -11 -12 -13 -14 -15
leaf_value=0.0036469482691302542 -8.1312179717190155e-05 -0.014067959385754872 0.0036957628891322869 -0.0011376512861672504 -0.01065370118250762 1.9658602791323994e-05 -0.0039587254964468443 -0.0018145321408277286 -0.0042179077934565434 0.011645360677127231 0.0011354275111885017 -0.013632820311646497 -0.0093361861824001312 -0.0036854596245429333
leaf_weight=16978 1650 694 4012 3120 587 1633 3649 938 358 13194 2871 243 584 198
leaf_count=16978 1650 694 4012 3120 587 1633 3649 938 358 13194 2871 243 584 198
internal_value=0.000983754 -2.57838e-05 -0.00149098 -0.00424329 0.00124636 -0.00226457 0.000114779 -0.00266088 -0.0103571 0.0034213 -0.00114089 -0.00576056 -0.00439948 -0.0131818
internal_weight=50709 35865 16667 6135 19198 2220 10532 4885 1250 14844 6520 1765 1522 892
internal_count=50709 35865 16667 6135 19198 2220 10532 4885 1250 14844 6520 1765 1522 892
is_linear=0
shrinkage=0.05


Tree=32
num_leaves=15
num_cat=0
split_feature=17 57 51 14 56 50 38 50 34 19 43 31 46 46
split_gain=47.1015 29.2125 26.3436 17.3874 15.1149 12.5709 10.3107 17.1286 8.33061 9.57298 8.23647 8.02436 7.4938 6.87059
threshold=8.3499999046325701 52.483333587646491 0.12940952181816107 16.021018028259281 15.34999990463257 -0.6035533845424651 10.949999809265138 -0.37940952181816096 -2.3500000238418575 84.65000152587892 87.500000000000014 -11.875301837921141 9.7500000000000018 0.84999999403953563
decision_type=2 2 2 2 2 2 2 2 2 2 8 2 2 2
left_child=2 3 6 4 -2 -5 7 -1 9 -4 -3 -11 -8 -7
right_child=1 10 8 5 -6 13 12 -9 -10 11 -12 -13 -14 -15
leaf_value=-0.0052209967284796875 -0.013635096402754249 0.0044892542554263995 0.0081763628344613502 -0.016948398935631392 -0.0017631750750548712 -0.0040593131941351881 0.0027343620463124146 0.0043832611345509592 0.011263287178538802 -0.013828967126276404 -0.0016432244616672075 -0.0040000981530046529 -0.0078794648422448651 -0.015269424036927584
leaf_weight=2452 228 4949 1194 565 4479 1676 11163 1680 16020 100 4689 604 664 229
leaf_count=2452 228 4949 1194 565 4479 1676 11163 1680 16020 100 4689 604 664 229
internal_value=0.000948878 -0.00121397 0.00202246 -0.00362669 -0.00183697 -0.00701613 0.000544493 -0.00160309 0.0033378 0.000204403 0.000584577 -0.00438375 0.00129551 -0.00502611
internal_weight=50692 16815 33877 7177 4707 2470 15959 4132 17918 1898 9638 704 11827 1905
internal_count=50692 16815 33877 7177 4707 2470 15959 4132 17918 1898 9638 704 11827 1905
is_linear=0
shrinkage=0.05


Tree=33
num_leaves=15
num_cat=0
split_feature=51 37 0 57 0 0 23 46 51 47 2 21 50 47
split_gain=47.9247 26.8418 23.0808 31.0365 18.428 16.4664 13.6559 13.277 9.73844 9.44601 9.35765 9.141 15.166 9.22056
threshold=0.60355338454246532 24.500000000000004 41.649999618530281 44.783332824707038 78.099998474121108 34.95000076293946 0.24499999731779101 1.6500000357627871 -0.37940952181816096 9.5958333015441912 112.34999847412111 27.500000000000004 -0.37940952181816096 6.7041666507720956
decision_type=2 2 2 2 2 2 2 2 2 2 2 2 2 2
left_child=1 5 -3 4 -4 -1 -7 11 -8 -2 -9 12 -5 -13
right_child=9 2 3 7 -6 6 8 10 -10 -11 -12 13 -14 -15
leaf_value=0.00071250411258049623 0.011427956877726776 0.0071259628022637272 -0.0024190177404388746 -0.0056121483045696767 -0.0091572307501142803 -0.016187408641284599 -0.0027072735168487748 -0.0040108617617728775 -0.013359940016849909 0.001271144158577781 -0.013473436434504452 0.0067778186888530767 0.0016403781421695579 0.00016014630341372026
leaf_weight=924 12571 7865 5053 1965 1694 390 873 1057 336 2393 171 6280 4698 4379
leaf_count=924 12571 7865 5053 1965 1694 390 873 1057 336 2393 171 6280 4698 4379
internal_value=0.000929647 -6.65357e-05 0.000312312 -0.0004234 -0.0033247 -0.00502763 -0.00808266 0.000633082 -0.00537736 0.00330373 -0.00436995 0.000990076 -0.000462311 0.00189755
internal_weight=50649 35685 33162 25297 6747 2523 1599 18550 1209 14964 1228 17322 6663 10659
internal_count=50649 35685 33162 25297 6747 2523 1599 18550 1209 14964 1228 17322 6663 10659
is_linear=0
shrinkage=0.05


Tree=34
num_leaves=15
num_cat=0
split_feature=20 56 0 56 24 0 52 46 42 26 42 40 2 42
split_gain=40.7006 34.3774 26.2727 21.6374 16.1207 14.2278 16.354 11.0859 10.4045 11.4776 10.1723 8.82615 7.85472 7.48289
threshold=21.849999427795414 59.199998855590827 121.75000000000001 20.050000190734867 119.50000000000001 48.149999618530281 0.92273071408271801 1.0000000180025095e-35 6.4500000476837167 0.91758677363395702 10.650000095367433 983.14999389648449 95.099998474121108 9.1500000953674334
decision_type=2 2 2 2 2 2 2 2 2 2 2 2 2 2
left_child=4 2 3 8 13 -5 10 -3 -2 -10 -7 -4 -6 -1
right_child=1 7 11 5 12 6 -8 -9 9 -11 -12 -13 -14 -15
leaf_value=0.012332059795618701 -0.0035746801107753093 0.0037796137834292735 -0.014406062047078295 0.0028460426787157629 0.00033352177019439939 -0.00071073243196851255 -0.0084022712104324833 -0.0038491288680221657 -0.0084742595667736606 -0.019900030483121754 -0.0087716516305456054 -0.0086915618794342949 -0.012972150080867183 0.0034841491530890768
leaf_weight=12995 487 13036 115 5152 2532 6560 948 1494 527 244 911 601 325 4703
leaf_count=12995 487 13036 115 5152 2532 6560 948 1494 527 244 911 601 325 4703
internal_value=0.000978476 -0.000193618 -0.00182739 -0.00137172 0.00269268 -0.000787497 -0.00205303 0.00155433 -0.0076183 -0.0111972 -0.00126253 -0.0111157 -0.000790024 0.00325503
internal_weight=50630 30075 15545 14829 20555 13571 8419 14530 1258 771 7471 716 2857 17698
internal_count=50630 30075 15545 14829 20555 13571 8419 14530 1258 771 7471 716 2857 17698
is_linear=0
shrinkage=0.05


Tree=35
num_leaves=15
num_cat=0
split_feature=51 18 57 42 18 0 47 0 24 47 0 57 46 12
split_gain=41.4486 22.4412 19.5465 12.3264 10.3395 10.0312 9.60692 9.74303 9.1247 7.80353 7.71623 13.5116 7.04694 7.07495
threshold=0.60355338454246532 6.4500000476837167 30.750000000000004 8.9499998092651385 48.649999618530281 33.149999618530281 9.5958333015441912 29.44999980926514 4.5000000000000009 6.2041666507720956 47.45000076293946 30.750000000000004 2.8500000238418584 43.35486030578614
decision_type=2 2 2 2 2 2 2 2 2 2 2 2 2 2
left_child=1 3 -3 10 9 -5 -2 -8 -6 -4 -1 -12 -11 -14
right_child=6 2 4 5 8 -7 7 -9 -10 12 11 -13 13 -15
leaf_value=0.0090461921946834566 0.010813196316742851 -0.0078771255062083708 0.001665486226091019 0.0053142923993884997 -0.0010433550527557778 -0.0033498124595003095 0.011117323011529318 -0.0039290616346030057 -0.0090835360628181757 -0.0012912713985872427 -0.0087014782367826771 0.0023173125098600185 0.0048819720130634514 -0.015829186433267469
leaf_weight=6514 12439 2198 5426 1853 908 4180 963 1416 964 3944 443 9234 134 333
leaf_count=6514 12439 2198 5426 1853 908 4180 963 1416 964 3944 443 9234 134 333
internal_value=0.000956553 4.30261e-05 -0.00153158 0.00102861 -0.000717211 -0.000899388 0.00318249 0.000269988 -0.00411265 -6.75331e-05 0.00174711 0.000850109 -0.00162746 -0.00736897
internal_weight=50949 36131 13907 22224 11709 6033 14818 2379 1872 9837 16191 9677 4411 467
internal_count=50949 36131 13907 22224 11709 6033 14818 2379 1872 9837 16191 9677 4411 467
is_linear=0
shrinkage=0.05


Tree=36
num_leaves=15
num_cat=0
split_feature=21 37 50 20 17 57 26 21 25 34 23 44 19 47
split_gain=41.7639 19.4492 21.7962 15.5945 13.6194 15.9216 11.9957 13.8208 11.6831 11.3504 10.9981 9.68699 9.30313 8.80848
threshold=119.50000000000001 39.500000000000007 -0.6035533845424651 48.850000381469734 16.750000000000004 62.849998474121101 0.89467865228652965 55.500000000000007 17.750000000000004 -1.9499999880790708 0.21499999612569812 -9.1783547401428205 76.700000762939467 5.7174241542816171
decision_type=2 2 2 2 2 2 2 2 2 2 2 2 2 2
left_child=1 2 3 10 6 13 11 -8 -4 12 -1 -3 -2 -6
right_child=9 4 8 -5 5 -7 7 -9 -10 -11 -12 -13 -14 -15
leaf_value=-0.013901231249133287 0.0096357021668429469 -0.0031787705929024117 0.0019937011147947207 -0.012759573878687548 -0.00079430958889514791 0.0011202125271456808 -0.0055395242456976433 0.0062795486198074088 -0.0072154775017875279 0.009266933227620202 -0.0033639510805476818 0.0046241737841358497 -0.0073643667978753012 -0.0064580466426050771
leaf_weight=339 898 1712 2835 627 1873 5647 2229 1881 694 14085 1473 13242 1015 2276
leaf_count=339 898 1712 2835 627 1873 5647 2229 1881 694 14085 1473 13242 1015 2276
internal_value=0.000880872 -9.07054e-05 -0.00268652 -0.00631074 0.000446831 -0.00106771 0.00122523 -0.00116505 -0.000170952 0.00299475 -0.00391877 0.00188252 -0.000616224 -0.00341548
internal_weight=50826 34828 5968 2439 28860 9796 19064 4110 3529 15998 1812 14954 1913 4149
internal_count=50826 34828 5968 2439 28860 9796 19064 4110 3529 15998 1812 14954 1913 4149
is_linear=0
shrinkage=0.05


Tree=37
num_leaves=15
num_cat=0
split_feature=43 0 56 42 26 21 17 25 26 52 26 0 44 37
split_gain=40.2002 32.4845 30.296 17.2859 15.7347 11.1596 9.98898 8.81896 8.78481 7.99642 7.40705 7.16793 13.1019 6.75176
threshold=81.250000000000014 33.149999618530281 20.050000190734867 9.1500000953674334 0.88872027397155773 54.500000000000007 21.44999980926514 43.149999618530281 0.91141813993453991 -0.40614700317382807 0.80262345075607311 79.500000000000014 2.4905811548233037 21.500000000000004
decision_type=8 2 2 2 2 2 2 2 2 2 2 2 2 2
left_child=5 -2 8 4 6 -1 -4 10 -3 -10 13 -6 -13 -5
right_child=1 2 3 7 11 -7 -8 -9 9 -11 -12 12 -14 -15
leaf_value=0.0019952078614467318 0.0084140901206393934 -0.0079963716239733716 0.0029502551672442971 -0.010401846659436165 3.7759413582660959e-05 0.011887421742167552 -0.0019142617688592501 -0.011234926727173411 -0.011684823044071715 -0.017659498812968043 -0.009626267675899124 -0.0015385089084017341 -0.0095763597833730413 -0.0024365726771342303
leaf_weight=5390 6866 629 11917 426 1915 11208 2924 115 114 257 635 1557 1015 5754
leaf_count=5390 6866 629 11917 426 1915 11208 2924 115 114 257 635 1557 1015 5754
internal_value=0.000947331 -3.45695e-05 -0.000809007 -0.000481955 0.000286483 0.00296484 0.00107097 -0.00262248 -0.00930693 -0.0153412 -0.00237729 -0.00230487 -0.00402401 -0.00184168
internal_weight=50722 34124 27258 26258 19328 16598 14841 6930 1000 371 6815 4487 2572 6180
internal_count=50722 34124 27258 26258 19328 16598 14841 6930 1000 371 6815 4487 2572 6180
is_linear=0
shrinkage=0.05


Tree=38
num_leaves=15
num_cat=0
split_feature=49 0 57 0 16 19 51 57 43 8 50 20 26 46
split_gain=36.1497 18.4413 25.8723 21.6599 18.2846 11.2795 11.1765 9.19568 8.79726 8.25086 7.97142 10.2959 7.33186 6.96115
threshold=-142.49999999999997 30.550000190734867 60.983333587646491 104.90000152587892 13.34999990463257 169.75000000000003 -0.37940952181816096 25.550000190734867 47.500000000000007 125.9499969482422 -0.37940952181816096 45.049999237060554 0.89953330159187328 1.0000000180025095e-35
decision_type=8 2 2 2 2 2 2 2 10 2 2 2 2 2
left_child=5 -2 3 4 -3 -1 12 -8 -4 -5 11 -10 -6 -12
right_child=1 2 8 9 6 -7 7 -9 10 -11 13 -13 -14 -15
leaf_value=0.0098567083035928631 0.0088887678220005411 -0.00898077759745999 0.0051687142041817492 -0.0068487405437692751 0.0014690672799539551 -0.0022925235652195633 -0.014281333513969402 -0.0024943291071235722 0.0011924999966358295 -0.010312787047213409 0.0038364212723611597 -0.0065636697410001894 -0.0043123764530359314 -0.005433185279787609
leaf_weight=14157 3992 807 5545 1384 8196 1197 347 5364 1300 249 4962 988 1363 890
leaf_count=14157 3992 807 5545 1384 8196 1197 347 5364 1300 249 4962 988 1363 890
internal_value=0.000996138 0.000116818 -0.000290559 -0.00155192 -0.000992416 0.00302135 -0.000602094 -0.00235011 0.00134173 -0.00702069 0.000294479 -0.00220191 0.00044362 0.0012726
internal_weight=50741 35387 31395 17710 16077 15354 15270 5711 13685 1633 8140 2288 9559 5852
internal_count=50741 35387 31395 17710 16077 15354 15270 5711 13685 1633 8140 2288 9559 5852
is_linear=0
shrinkage=0.05


Tree=39
num_leaves=15
num_cat=0
split_feature=43 0 56 47 26 48 20 17 0 45 17 47 41 47
split_gain=37.6003 29.1212 26.6194 17.4312 16.7068 8.96491 8.25493 8.0774 7.95014 13.3082 7.08481 7.20509 6.46488 6.72054
threshold=81.250000000000014 31.750000000000004 20.050000190734867 8.0612502098083514 0.80262345075607311 3.1499999761581425 91.549999237060561 24.250000000000004 74.15000152587892 -1.7937000989913938 20.94999980926514 4.931666612625123 98.500000000000014 5.6612498760223398
decision_type=8 2 2 2 2 2 2 2 2 2 2 2 2 2
left_child=5 -2 -3 4 7 10 -5 -4 -6 12 -1 -12 13 -10
right_child=1 2 3 6 8 -7 -8 -9 9 -11 11 -13 -14 -15
leaf_value=0.011499585163043153 0.00808361973387774 -0.010879050930849829 0.0037288835916621157 -0.0031461189146396434 0.00027709523639881582 -0.0022457594389205557 -0.0092149345746913615 -0.0015756639287054606 -0.0069730805831088472 -0.00098186750591736723 0.0085497247746725725 -0.0011844916746409813 0.0025037635791153264 -0.015010206273556467
leaf_weight=11588 6060 1069 10602 8052 2378 1157 389 2256 791 1787 1967 1926 168 307
leaf_count=11588 6060 1069 10602 8052 2378 1157 389 2256 791 1787 1967 1926 168 307
internal_value=0.000949077 -7.52882e-06 -0.000692402 -0.000381451 0.000486092 0.00289464 -0.0022595 0.00146798 -0.00183698 -0.00352106 0.00321187 0.00136177 -0.00742163 -0.00880866
internal_weight=50497 33859 27799 26730 18289 16638 8441 12858 5431 3053 15481 3893 1266 1098
internal_count=50497 33859 27799 26730 18289 16638 8441 12858 5431 3053 15481 3893 1266 1098
is_linear=0
shrinkage=0.05


Tree=40
num_leaves=15
num_cat=0
split_feature=43 0 56 47 45 22 56 21 26 26 19 23 42 14
split_gain=33.0903 29.6123 26.2812 12.3959 10.3502 9.69127 9.17031 9.09659 9.03799 8.59851 8.74947 7.17623 7.0623 7.14044
threshold=67.500000000000014 44.750000000000007 28.550000190734867 8.8522729873657244 2.3145824322719594e-15 1657.5000000000002 16.250000000000004 53.500000000000007 0.69434598088264476 0.70001143217086803 108.15000152587892 1.3550000190734866 4.2500000000000009 44.487758636474616
decision_type=8 2 2 2 2 2 2 2 2 2 2 2 2 2
left_child=7 6 5 4 9 -3 -2 -1 -5 -4 -11 -10 -12 -14
right_child=1 2 3 8 -6 -7 -8 -9 11 10 12 -13 13 -15
leaf_value=0.0021148023335775547 -0.004844166821324122 -0.0055347862694550996 0.00041922368629313911 -0.0031215366904673619 0.0020859669025599563 -0.01201832263998817 0.0054515161066626561 0.011646921596684848 -0.0083626981448259516 -0.00087022681534738291 -0.0025391964470677405 -0.019077449509987288 -0.011733832000099267 -0.0018295317606352513
leaf_weight=4666 700 1396 5150 3531 7464 576 13312 9789 481 1970 683 56 652 242
leaf_count=4666 700 1396 5150 3531 7464 576 13312 9789 481 1970 683 56 652 242
internal_value=0.000959785 0.000152252 -0.000983521 -0.000444933 0.000176551 -0.0064783 0.00195122 0.00298133 -0.00290829 -0.000995176 -0.00288586 -0.00889397 -0.00564902 -0.00855088
internal_weight=50668 36213 22201 20229 16161 1972 14012 14455 4068 8697 3547 537 1577 894
internal_count=50668 36213 22201 20229 16161 1972 14012 14455 4068 8697 3547 537 1577 894
is_linear=0
shrinkage=0.05


Tree=41
num_leaves=15
num_cat=0
split_feature=17 43 0 56 47 43 40 0 45 4 32 0 56 47
split_gain=34.237 19.7323 16.0977 24.3147 16.8626 11.675 10.8459 7.58938 7.18653 7.6296 7.19894 7.03579 10.4636 6.59608
threshold=-5.3500001430511466 47.500000000000007 55.149999618530281 32.750000000000007 11.534848690032961 127.50000000000001 980.04998779296886 83.500000000000014 2.3145824322719594e-15 137.59999847412112 8.4053010940551776 27.050000190734867 15.34999990463257 7.7422618865966806
decision_type=2 8 2 2 2 10 2 2 2 2 2 2 2 2
left_child=5 -2 11 -4 8 -1 -6 -7 9 -5 -10 -3 -13 -14
right_child=1 2 3 4 6 7 -8 -9 10 -11 -12 12 13 -15
leaf_value=0.0089690988346671132 0.0050896983339492234 0.0097438877142331168 -0.0092984889714159569 -0.0014493038412961819 -0.0025655456460888116 0.0033611057964176901 -0.017095279429722578 -0.0022915519593896282 0.0010570228425785964 -0.006541259482371076 -0.021632575102219428 -0.008324895941880163 0.0031833060988113136 -0.0017121477819993848
leaf_weight=11648 5523 1803 1469 4984 278 7592 294 1728 4885 738 112 317 5043 4039
leaf_count=11648 5523 1803 1469 4984 278 7592 294 1728 4885 738 112 317 5043 4039
internal_value=0.000912847 -0.000185624 -0.000806774 -0.00202036 -0.00122954 0.00245686 -0.0095189 0.00113612 -0.00077873 -0.00198709 0.000606152 0.000576169 2.60391e-05 0.000342059
internal_weight=50453 29485 23962 12760 11291 20968 572 9320 10719 5722 4997 11202 9399 9082
internal_count=50453 29485 23962 12760 11291 20968 572 9320 10719 5722 4997 11202 9399 9082
is_linear=0
shrinkage=0.05


Tree=42
num_leaves=15
num_cat=0
split_feature=51 42 26 18 47 0 38 0 56 52 19 56 0 0
split_gain=30.35 17.9028 17.7037 12.5034 10.427 9.76473 8.96081 8.75013 11.6848 7.88438 8.56582 7.31367 5.56814 5.20632
threshold=0.60355338454246532 6.3500001430511483 0.80262345075607311 6.4500000476837167 8.0612502098083514 29.44999980926514 10.550000190734865 46.049999237060554 38.95000076293946 0.58481550216674816 72.750000000000014 34.399999618530281 102.54999923706056 121.75000000000001
decision_type=2 2 2 2 2 2 2 2 2 2 2 2 2 2
left_child=1 7 3 -3 -2 -6 9 -1 -9 12 -11 -5 -4 -10
right_child=4 2 6 11 5 -7 -8 8 13 10 -12 -13 -14 -15
leaf_value=0.0083564416032937752 0.01045668857948861 0.0011557718544805068 0.0013185716830526094 -0.0057441046055521604 0.010171107989857278 -0.0014529994504963555 -0.0028128280090831035 -0.0041266179248612197 0.0033143125736082345 -0.0083203630657416126 -0.019086378398051492 -0.0017566410479078001 -0.0077027935697947473 -0.00018824961615813128
leaf_weight=4637 10063 9754 284 1441 1532 3098 1695 2249 7185 375 185 3497 264 4330
leaf_count=4637 10063 9754 284 1441 1532 3098 1695 2249 7185 375 185 3497 264 4330
internal_value=0.0008932 0.000109453 -0.00103542 -0.000339409 0.00280657 0.000840517 -0.00466939 0.00119793 0.000564106 -0.00814848 -0.0122807 -0.00238682 -0.00378136 0.00120824
internal_weight=50589 35896 17495 14692 14693 4630 2803 18401 13764 1108 560 4938 548 11515
internal_count=50589 35896 17495 14692 14693 4630 2803 18401 13764 1108 560 4938 548 11515
is_linear=0
shrinkage=0.05


Tree=43
num_leaves=15
num_cat=0
split_feature=20 43 50 20 46 37 52 43 17 56 19 52 38 19
split_gain=30.9022 21.4151 14.3589 21.4619 16.8702 12.9198 12.753 11.29 8.55128 9.58184 7.68965 6.91075 6.77587 6.27324
threshold=20.150000572204593 41.875000000000007 -0.6035533845424651 53.049999237060554 0.15000000223517421 80.500000000000014 0.52766072750091564 172.50000000000003 22.349999427795414 57.350000381469734 64.599998474121108 0.42179998755455023 7.4500000476837167 169.75000000000003
decision_type=2 8 2 2 2 2 2 8 2 2 2 2 2 2
left_child=7 -2 3 6 8 -6 -3 13 -4 -10 -9 -5 -8 -1
right_child=1 2 4 11 5 -7 12 10 9 -11 -12 -13 -14 -15
leaf_value=0.011271835090206794 0.0058372896359378413 0.0013869345278309541 0.0025815758786631535 -0.0053959015212404924 9.2713982450446969e-05 -0.0076416578610379107 -0.0092048604668357563 0.0057243829934736888 -0.0044382750149064044 0.0013651696366520358 -0.00041522102135025589 -0.010498994648197563 -0.0038804644599923009 -0.0031448476369683787
leaf_weight=9306 5763 3355 10005 1338 1739 1813 552 4645 2133 2919 4560 586 1229 538
leaf_count=9306 5763 3355 10005 1338 1739 1813 552 4645 2133 2919 4560 586 1229 538
internal_value=0.000890357 -7.28323e-05 -0.000691421 -0.00260962 3.73276e-05 -0.00305727 -0.000917217 0.00247888 0.000768899 -0.000906756 0.00121812 -0.00709928 -0.0043244 0.00365537
internal_weight=50481 31432 25669 7060 18609 3552 5136 19049 15057 5052 9205 1924 1781 9844
internal_count=50481 31432 25669 7060 18609 3552 5136 19049 15057 5052 9205 1924 1781 9844
is_linear=0
shrinkage=0.05


Tree=44
num_leaves=15
num_cat=0
split_feature=20 42 24 26 36 1 56 31 37 38 22 47 32 12
split_gain=29.0878 17.3112 14.3518 13.8906 11.4678 12.7231 11.2836 10.3051 8.68806 9.65656 8.28586 8.10946 7.67197 6.89598
threshold=20.150000572204593 7.9500000476837167 118.50000000000001 0.94757825136184703 14.050000190734865 72.500000000000014 59.549999237060554 -14.78039503097534 32.500000000000007 4.3500001430511483 4270.5000000000009 11.92111110687256 -0.34827786684036249 104.69235992431642
decision_type=2 2 2 2 2 2 2 2 2 2 2 2 2 2
left_child=2 4 11 8 -2 -6 13 -4 9 -3 -10 -1 -5 -7
right_child=1 3 7 12 5 6 -8 -9 10 -11 -12 -13 -14 -15
leaf_value=0.0083091420671617452 0.0052281183512090466 -0.012599733167440313 -0.020818601808974498 -0.011770620770839312 0.0021871244977199862 -0.0037911814626851153 0.00024669130045646049 -0.00024395000028998583 -0.00036025989217564091 -0.0045107251037365056 -0.0098543379380593848 -0.00075512304620132956 -0.0025281829875251302 -0.011708968330185488
leaf_weight=14780 5280 182 136 440 9501 2805 4627 2649 6509 1233 258 1699 313 177
leaf_count=14780 5280 182 136 440 9501 2805 4627 2649 6509 1233 258 1699 313 177
internal_value=0.000885294 -5.50501e-05 0.00241361 -0.00191448 0.0006875 5.84114e-05 -0.0014641 -0.000903399 -0.00131103 -0.00485965 -0.000562933 0.00297441 -0.00836828 -0.00385695
internal_weight=50589 31325 19264 8935 22390 17110 7609 2785 8182 1415 6767 16479 753 2982
internal_count=50589 31325 19264 8935 22390 17110 7609 2785 8182 1415 6767 16479 753 2982
is_linear=0
shrinkage=0.05


Tree=45
num_leaves=15
num_cat=0
split_feature=51 42 18 38 37 25 34 52 14 0 16 13 0 56
split_gain=26.9802 15.2315 15.6986 8.86021 9.49078 8.46695 8.42703 7.86032 9.30365 7.21838 8.58427 6.72903 6.25256 9.55652
threshold=0.60355338454246532 5.4500000476837167 14.949999809265138 4.9500000476837167 51.500000000000007 11.050000190734865 -1.5500000119209287 0.79383251070976268 36.25213813781739 27.750000000000004 12.949999809265138 31.47351169586182 46.049999237060554 38.95000076293946
decision_type=2 2 2 2 2 2 2 2 2 2 2 2 2 2
left_child=1 12 3 4 5 -3 -2 -4 11 -5 -11 -9 -1 -14
right_child=6 2 7 9 -6 -7 -8 8 -10 10 -12 -13 13 -15
leaf_value=0.008115401914332316 5.9958032118715074e-05 -0.0038086451536081256 -0.0031462813340817092 0.0086642559938548379 0.0049114988358787103 -0.0169394459942207 0.0078862735402838793 -0.015118233459285348 -0.01730946407762592 -0.0083767975341918332 4.8207445234209745e-05 -0.0052602640145004761 -0.0038977897055784659 0.0021901243492596471
leaf_weight=3580 2493 349 3589 2049 257 235 12380 159 70 344 13118 750 1783 9670
leaf_count=3580 2493 349 3589 2049 257 235 12380 159 70 344 13118 750 1783 9670
internal_value=0.000868086 0.000126936 -0.000745341 -2.07797e-05 -0.00498825 -0.00846801 0.0026584 -0.00333333 -0.00728514 0.000251595 -0.000169982 -0.00577258 0.00134049 0.000768996
internal_weight=50826 35953 20920 16352 841 584 14873 4568 979 15511 13462 909 15033 11453
internal_count=50826 35953 20920 16352 841 584 14873 4568 979 15511 13462 909 15033 11453
is_linear=0
shrinkage=0.05


Tree=46
num_leaves=15
num_cat=0
split_feature=0 56 47 21 52 25 49 38 0 52 40 36 47 16
split_gain=25.0899 32.0036 21.6372 14.2035 12.0736 10.0447 8.88051 8.83565 8.42309 8.44098 8.14415 8.27823 6.74404 7.42152
threshold=34.649999618530281 39.250000000000007 6.9630682468414316 35.500000000000007 0.66527691483497631 17.150000572204593 1222.5000000000002 2.7500000000000004 85.549999237060561 0.49812944233417517 981.14999389648449 28.750000000000004 8.0612502098083514 13.34999990463257
decision_type=2 2 2 2 2 2 8 2 2 2 2 2 2 2
left_child=-1 4 3 -3 12 7 -7 -6 10 -10 11 -4 -2 -14
right_child=1 2 8 -5 5 6 -8 -9 9 -11 -12 -13 13 -15
leaf_value=0.0078610124023084926 0.00018400103401382446 0.00036069553936355221 -0.0057004438695006342 0.0064599506562565794 -0.010996786131103534 -0.0049546582657265881 -0.013130557402185758 -0.0038308917299361904 -0.0020748863769734084 -0.01100342773877582 0.0023639142263878993 0.00055937189782340679 -0.02472127999426757 -0.0039071947330298539
leaf_weight=10742 3651 7657 1677 12625 137 305 342 2416 2274 577 4728 2362 70 1344
leaf_count=10742 3651 7657 1677 12625 137 305 342 2416 2274 577 4728 2362 70 1344
internal_value=0.000822613 0.000248289 0.000966782 0.001952 -0.00252266 -0.00492212 -0.010449 -0.00348615 -0.000753354 -0.00310905 1.53813e-05 -0.00163127 -0.001 -0.00391854
internal_weight=50907 40165 31900 20282 8265 3200 647 2553 11618 2851 8767 4039 5065 1414
internal_count=50907 40165 31900 20282 8265 3200 647 2553 11618 2851 8767 4039 5065 1414
is_linear=0
shrinkage=0.05


Tree=47
num_leaves=15
num_cat=0
split_feature=17 43 18 45 43 46 0 56 56 44 19 26 44 19
split_gain=27.6423 13.0707 11.5954 10.2045 9.85634 7.95209 7.03076 7.05793 5.64504 5.37307 5.06123 4.73637 4.64211 4.54408
threshold=-5.3500001430511466 47.500000000000007 10.84999990463257 -2.5449984073638912 187.50000000000003 7.5499999523162851 27.050000190734867 18.750000000000004 18.050000190734867 3.9760600328445439 356.25000000000006 0.68921476602554332 -10.662211418151854 220.50000000000003
decision_type=2 8 2 2 10 2 2 2 2 2 2 2 2 2
left_child=4 10 6 8 -1 9 -3 -8 -4 -5 -2 -6 -7 -10
right_child=1 2 3 5 11 12 7 -9 13 -11 -12 -13 -14 -15
leaf_value=0.0073387107080107776 0.0045122669768413648 0.0083204140489069826 -0.015175908819836693 8.0972291127418461e-05 0.0037351126149430649 -0.035703411344300572 -0.0059319923964139022 -4.4778054105945829e-05 -0.0040690151698767017 -0.0057868319685341427 -0.0092874876770080543 -0.00052931957057332187 -0.0096534807592875693 -0.0095306137311397914
leaf_weight=12668 5501 1803 133 4480 4537 52 498 13788 1997 855 66 3628 128 315
leaf_count=12668 5501 1803 133 4480 4537 52 498 13788 1997 855 66 3628 128 315
internal_value=0.000851087 -0.000130628 -0.000636144 -0.00219573 0.00224608 -0.001 0.000136344 -0.00023573 -0.0048778 -0.000640786 0.00205039 0.000889908 -0.0110526 -0.00425926
internal_weight=50449 29616 24049 7960 20833 5515 16089 14286 2445 5335 5567 8165 180 2312
internal_count=50449 29616 24049 7960 20833 5515 16089 14286 2445 5335 5567 8165 180 2312
is_linear=0
shrinkage=0.05


Tree=48
num_leaves=15
num_cat=0
split_feature=0 56 0 47 47 48 0 33 26 51 33 56 26 52
split_gain=24.2656 29.6273 16.4073 14.175 10.1328 9.84354 8.91977 10.7107 8.56789 9.55769 8.21494 7.86876 7.05456 6.94806
threshold=41.649999618530281 52.45000076293946 84.200000762939467 6.2866070270538339 5.6881945133209237 4.5499999523162851 83.500000000000014 3.2500000000000004 0.98891818523406994 -0.37940952181816096 1.0000000180025095e-35 16.250000000000004 0.82637012004852306 0.19337368011474612
decision_type=2 2 2 2 2 2 2 2 2 2 2 2 2 2
left_child=11 2 4 5 -2 -3 7 -5 9 -6 -8 -1 -7 -12
right_child=1 3 -4 6 8 12 10 -9 -10 -11 13 -13 -14 -15
leaf_value=-0.0038690078402669422 0.0011973246910019118 0.006830692748447254 -0.0059567340656727615 0.0030236690257742617 -0.00011545570383017842 0.0026290867604971202 -0.001084824357976224 -0.0070234566496512321 -0.015229653786267953 -0.0046141262942236408 -0.0059997796084226111 0.0065652059893244602 -0.003414498709997181 -0.012135462655359655
leaf_weight=706 3622 9231 2193 5189 3349 2031 2851 846 159 2961 524 14981 1519 281
leaf_count=706 3622 9231 2193 5189 3349 2031 2851 846 159 2961 524 14981 1519 281
internal_value=0.000816899 7.99634e-05 -0.00189361 0.00115915 -0.00103901 0.00225197 -0.00028296 0.000897436 -0.00222334 -0.00192247 -0.00222859 0.00244856 1.40451e-05 -0.00665644
internal_weight=50443 34756 12284 22472 10091 12781 9691 6035 6469 6310 3656 15687 3550 805
internal_count=50443 34756 12284 22472 10091 12781 9691 6035 6469 6310 3656 15687 3550 805
is_linear=0
shrinkage=0.05


Tree=49
num_leaves=15
num_cat=0
split_feature=43 0 56 47 45 1 19 56 50 52 0 12 23 52
split_gain=23.6974 22.1449 15.0858 11.4838 10.6834 8.2279 8.07411 7.42083 6.77241 6.72626 5.74067 7.82686 7.52452 8.96877
threshold=47.500000000000007 37.199998855590827 29.349999427795414 8.363068103790285 -1.9375332593917844 117.90000152587892 138.55000305175784 114.90000152587892 -0.91597560048103321 0.65233618021011364 88.599998474121108 69.890277862548842 1.1749999523162844 0.12545942142605784
decision_type=8 2 2 2 2 2 2 2 2 2 2 2 2 2
left_child=6 -2 8 4 5 -4 -1 -7 -3 -8 11 12 -5 -14
right_child=1 2 3 10 -6 7 9 -9 -10 -11 -12 -13 13 -15
leaf_value=0.012143740217129773 0.0051652309491207081 -0.012754666803385845 -5.3596049545837783e-05 -0.0024285953726033739 0.002106359595215049 -0.0077787287266117113 0.0018599083383867674 -0.00045484519738698593 -0.0032899025595156369 -0.0085658944764012406 -0.0063118227435009005 0.0019526494561560197 -0.013810160104475803 0.0071188548856247723
leaf_weight=7364 10633 482 5264 3356 12966 912 2813 881 2678 152 1090 1649 360 131
leaf_count=7364 10633 482 5264 3356 12966 912 2813 881 2678 152 1090 1649 360 131
internal_value=0.000784474 0.000237801 -0.000461902 -7.34436e-05 0.000522388 -0.00104217 0.0029205 -0.00395729 -0.0037224 0.000714286 -0.00188296 -0.00122049 -0.00245398 -0.00817365
internal_weight=50731 40402 29769 26609 20023 7057 10329 1793 3160 2965 6586 5496 3847 491
internal_count=50731 40402 29769 26609 20023 7057 10329 1793 3160 2965 6586 5496 3847 491
is_linear=0
shrinkage=0.05


Tree=50
num_leaves=15
num_cat=0
split_feature=49 36 26 37 47 18 50 52 47 46 25 49 47 0
split_gain=20.5559 12.423 11.5572 11.299 10.5917 10.2413 9.17856 14.3592 7.69861 7.36459 7.17684 9.59448 6.96578 9.40481
threshold=-172.49999999999997 14.449999809265138 0.83479478955268871 81.500000000000014 6.5041666030883798 9.1500000953674334 -0.91597560048103321 0.24372619390487674 5.7174241542816171 1.0000000180025095e-35 17.750000000000004 2797.5000000000005 3.4387500286102299 81.40000152587892
decision_type=8 2 2 2 2 2 2 2 2 2 2 8 2 2
left_child=4 9 3 6 -1 -6 7 -3 -5 -2 -8 -12 -4 -14
right_child=1 2 12 8 5 -7 10 -9 -10 -11 11 -13 13 -15
leaf_value=0.010225381596184807 0.0047335631868601 0.0028048266045901799 0.0011508490621442951 0.0028857856089461614 0.00423490099123417 -0.0029422548478086879 0.0029918527186644176 -0.0083048466368385709 -0.0045278099269975315 -0.0072088071909108533 0.000102300452151028 -0.0077777564151948961 -0.0023157139722995625 -0.0079149160564768138
leaf_weight=7600 6172 1413 1888 898 5613 1475 12400 1400 2614 426 3533 329 3343 1583
leaf_count=7600 6172 1413 1888 898 5613 1475 12400 1400 2614 426 3533 329 3343 1583
internal_value=0.000801527 0.000158155 -0.000282037 0.000262646 0.00237719 0.000984785 0.00074273 -0.00188983 -0.00233958 0.00211713 0.00119899 -0.000681818 -0.00208529 -0.00307334
internal_weight=50687 35999 29401 22587 14688 7088 19075 2813 3512 6598 16262 3862 6814 4926
internal_count=50687 35999 29401 22587 14688 7088 19075 2813 3512 6598 16262 3862 6814 4926
is_linear=0
shrinkage=0.05


Tree=51
num_leaves=15
num_cat=0
split_feature=48 47 18 52 38 19 46 50 1 24 26 47 5 37
split_gain=23.2342 12.5111 11.4834 10.6483 9.94129 9.09458 8.0642 7.44625 7.06782 6.51824 6.311 10.3977 5.82542 5.76828
threshold=-4.5499999523162833 8.1422619819641131 19.750000000000004 0.88621068000793468 4.7500000000000009 57.250000000000007 4.3500001430511483 -0.91597560048103321 37.049999237060554 2.5000000000000004 0.68742400407791149 7.5422618389129648 25.44999980926514 49.500000000000007
decision_type=2 2 2 2 2 2 2 2 2 2 2 2 2 2
left_child=1 -1 4 9 7 -3 10 -2 -8 -4 -6 13 -10 -12
right_child=2 5 3 -5 6 -7 8 -9 12 -11 11 -13 -14 -15
leaf_value=0.0083315085336447044 -0.015643137795565924 0.0075995013093128052 0.0017232076340146882 -0.0078531778390137207 0.0031103825008487623 -0.0017018596037114584 0.0034562965624146112 -0.0033068065884562271 -0.01921606794181456 -0.0031565109423321268 -0.0011382830630534183 -0.0029629040646750328 -0.0053106579871443739 0.0028154006476924474
leaf_weight=10960 194 1895 1802 683 12778 3255 765 801 106 4436 2356 2553 1192 7072
leaf_count=10960 194 1895 1802 683 12778 3255 765 801 106 4436 2356 2553 1192 7072
internal_value=0.000804003 0.00237283 7.59758e-05 -0.00174506 0.000529522 0.000339147 0.000712209 -0.00435323 -0.00228413 -0.00108995 0.000962695 0.00013802 -0.00451835 0.000904853
internal_weight=50848 16110 34738 6921 27817 5150 26822 995 2063 6238 24759 11981 1298 9428
internal_count=50848 16110 34738 6921 27817 5150 26822 995 2063 6238 24759 11981 1298 9428
is_linear=0
shrinkage=0.05


Tree=52
num_leaves=15
num_cat=0
split_feature=43 0 56 47 19 20 51 57 45 20 19 26 49 57
split_gain=24.2122 20.2145 16.6578 11.5949 11.5714 10.4976 8.69779 7.84256 6.9415 6.29416 5.40058 7.3233 6.64367 5.39323
threshold=62.500000000000007 28.849999427795414 29.349999427795414 8.6866073608398455 132.44999694824222 87.750000000000014 -0.37940952181816096 25.94999980926514 -0.54444456100463856 55.549999237060554 77.65000152587892 0.71573477983474743 67.500000000000014 99.950000762939467
decision_type=8 2 2 2 2 2 2 2 2 2 2 2 8 2
left_child=4 -2 6 5 -1 8 9 -8 10 -3 -4 12 -12 -13
right_child=1 2 3 -5 -6 -7 7 -9 -10 -11 11 13 -14 -15
leaf_value=0.0093768226382933209 0.0076945262251003656 -0.00029623148905539242 0.0036288772133292509 -0.0026049940305501902 0.00022462207151490305 -0.0020126461571778344 -0.014895226556651995 -0.0042910856946728219 0.0036368087608867924 -0.0057118064465522369 -0.0042931414947466693 -0.0060289849137726143 0.0026717336972201062 -4.253045448439081e-06
leaf_weight=9616 5223 2076 3102 6849 3862 3338 479 935 8920 857 1066 1092 2592 680
leaf_count=9616 5223 2076 3102 6849 3862 3338 479 935 8920 857 1066 1092 2592 680
internal_value=0.000694025 3.61376e-05 -0.000435054 1.79032e-05 0.0025089 0.000605769 -0.00330847 -0.00651685 0.00109724 -0.00174482 7.72655e-05 -0.000873162 0.000406216 -0.00350168
internal_weight=50687 37209 31986 27639 13478 20790 4347 1414 17452 2933 8532 5430 3658 1772
internal_count=50687 37209 31986 27639 13478 20790 4347 1414 17452 2933 8532 5430 3658 1772
is_linear=0
shrinkage=0.05


Tree=53
num_leaves=15
num_cat=0
split_feature=19 56 43 38 43 15 1 34 45 55 26 52 20 42
split_gain=21.2676 19.3718 12.4345 10.9348 9.51054 9.17587 9.11283 9.33552 7.53959 6.8525 6.50549 6.24187 6.8066 6.68725
threshold=56.750000000000007 48.350000381469734 37.500000000000007 -1.0000000180025095e-35 182.50000000000003 141.80000305175784 52.800001144409187 -4.7499999999999991 -1.7937000989913938 5.5000000000000009 0.69250738620758068 0.92922380566596996 91.549999237060561 9.1500000953674334
decision_type=2 2 8 2 10 2 2 2 2 2 2 2 2 2
left_child=4 3 -3 -2 -1 11 -4 -8 -9 -7 -6 12 13 -5
right_child=1 2 6 5 10 9 7 8 -10 -11 -12 -13 -14 -15
leaf_value=0.010377135429628405 -0.017470612005177188 0.0067809401570380432 0.0051355929834822865 0.0010730807124458746 0.0062582803219063277 -0.0046431762149099741 -0.016217504983789776 -0.0019842613685352958 0.0012487870544279098 -0.013619474585058983 -0.0010129842556192235 -0.003495682294070749 -0.0040058372981843322 -0.0030071502839611858
leaf_weight=7730 94 5670 4535 6421 1922 439 255 5899 8981 75 3117 2048 968 2457
leaf_count=7730 94 5670 4535 6421 1922 439 255 5899 8981 75 3117 2048 968 2457
internal_value=0.000759665 0.00016406 0.00095858 -0.00144581 0.00252328 -0.00130939 0.000363313 -0.000226147 -6.04431e-05 -0.00778626 0.000830858 -0.00102319 -0.000499188 -6.30061e-05
internal_weight=50611 37842 25340 12502 12769 12408 19670 15135 14880 514 5039 11894 9846 8878
internal_count=50611 37842 25340 12502 12769 12408 19670 15135 14880 514 5039 11894 9846 8878
is_linear=0
shrinkage=0.05


Tree=54
num_leaves=15
num_cat=0
split_feature=17 42 1 43 47 27 56 56 1 56 50 2 31 33
split_gain=23.882 12.3982 9.12862 8.73514 7.47926 7.73691 6.49743 6.44538 6.19947 11.857 6.2508 5.53336 5.27241 5.09428
threshold=-5.3500001430511466 5.6499998569488534 53.149999618530281 62.500000000000007 11.638750076293947 24.750000000000004 28.94999980926514 16.250000000000004 65.799999237060561 48.350000381469734 -0.6035533845424651 48.149999618530281 -9.7027015686035138 2.8500000238418584
decision_type=2 2 2 8 2 2 2 2 2 2 2 2 2 2
left_child=3 8 7 -1 6 12 -4 -3 -2 -10 -11 -5 -6 -13
right_child=1 2 4 11 5 -7 -8 -9 9 10 -12 13 -14 -15
leaf_value=0.010585686141499516 0.0044798248145527589 -0.006456008522026685 -0.0079312278103786434 0.0055103991113437476 -0.0015496600055953311 -0.0050708176530350263 -0.0015220311310691881 0.00075124148602412604 -0.0042618923667627224 -0.00326932667972146 0.0024157352615888604 0.0013788613558927984 -0.017483395550683494 -0.0050487036087410973
leaf_weight=6156 6249 473 662 6394 63 402 6973 8128 1299 1005 4343 7366 167 1041
leaf_count=6156 6249 473 662 6394 63 402 6973 8128 1299 1005 4343 7366 167 1041
internal_value=0.000714652 -0.000195808 -0.00108781 0.0020072 -0.00227317 -0.00746106 -0.00183453 5.28396e-05 0.000970866 -9.23838e-05 0.000949982 0.00134731 -0.0145833 0.000503149
internal_weight=50721 29764 16868 20957 8267 632 7635 8601 12896 6647 5348 14801 230 8407
internal_count=50721 29764 16868 20957 8267 632 7635 8601 12896 6647 5348 14801 230 8407
is_linear=0
shrinkage=0.05


Tree=55
num_leaves=15
num_cat=0
split_feature=17 47 48 1 13 36 47 34 10 48 47 17 26 56
split_gain=22.0135 12.1527 13.7821 9.79086 9.3912 9.42312 8.49973 8.4103 8.00346 7.66479 6.73805 6.24946 6.06772 5.72779
threshold=-5.3500001430511466 5.219090700149537 2.4500000476837163 53.149999618530281 71.259223937988295 28.550000190734867 8.0612502098083514 -3.9500000476837154 32.941667556762702 -2.5499999523162837 11.638750076293947 52.750000000000007 0.68696025013923656 31.349999427795414
decision_type=2 2 2 2 2 2 2 2 2 2 2 2 2 2
left_child=6 2 -2 -3 5 7 9 -5 -8 -1 -6 -4 -12 -7
right_child=1 3 11 4 10 13 8 -9 -10 -11 12 -13 -14 -15
leaf_value=0.011027552691398324 0.0064801535919384624 0.00050315621592481713 -0.0001989883872499365 -0.02943564209061136 0.00024899164305933191 -0.0061636497553021474 0.0078999460609744977 -0.0056887770725265879 -0.00058699545703406108 0.0024514502147477868 -0.00090113246941272919 -0.0042164982545668623 -0.013966448316943884 0.00015540836682777364
leaf_weight=6962 5591 10135 4040 144 3868 471 1620 2752 4943 7435 94 493 67 2003
leaf_count=6962 5591 10135 4040 144 3868 471 1620 2752 4943 7435 94 493 67 2003
internal_value=0.000741487 -0.000135162 0.00126998 -0.000863692 -0.00202519 -0.00339219 0.0019814 -0.00532347 0.000489122 0.00266086 -0.000199307 -0.00077812 -0.00991228 -0.00111916
internal_weight=50618 29658 10124 19534 9399 5370 20960 2896 6563 14397 4029 4533 161 2474
internal_count=50618 29658 10124 19534 9399 5370 20960 2896 6563 14397 4029 4533 161 2474
is_linear=0
shrinkage=0.05


Tree=56
num_leaves=15
num_cat=0
split_feature=17 43 42 0 47 28 8 55 9 0 38 17 12 56
split_gain=22.6694 13.2186 12.2248 10.0011 13.2653 8.77015 6.97318 6.29431 8.76032 6.22068 6.02241 5.4368 5.40473 5.20499
threshold=3.8500000238418584 47.500000000000007 7.8500001430511483 28.849999427795414 8.2477273941040057 77.500000000000014 48.149999618530281 4.5000000000000009 56.549999237060554 188.85000610351565 13.84999990463257 -10.449999809265135 74.152084350585952 54.549999237060554
decision_type=2 8 2 2 2 2 2 2 2 2 2 2 2 2
left_child=1 -1 13 -3 9 10 7 -7 -9 -5 -4 -11 -6 -2
right_child=2 3 5 4 12 6 -8 8 -10 11 -12 -13 -14 -15
leaf_value=0.010410860031700173 -0.001265840801675516 0.0078618231272109176 -0.003989700417528822 0.0022936550337108431 -0.0033862396310618131 -0.0048967926728430535 -0.0042679631872680167 -0.024896312392104707 -0.0092054328808249802 -0.0002741372772076521 0.00065399139519203169 -0.0088100994728408637 0.0013570176057372486 0.0014667225206494809
leaf_weight=6033 6504 4967 2019 12826 4237 357 1336 103 72 240 2565 109 1565 7752
leaf_count=6033 6504 4967 2019 12826 4237 357 1336 103 72 240 2565 109 1565 7752
internal_value=0.000624815 0.00150348 -0.000647263 0.00097562 0.000452152 -0.00245125 -0.00533014 -0.0101292 -0.0177027 0.00132916 -0.00126905 -0.00516713 -0.0015382 0.000170335
internal_weight=50685 29977 20708 23944 18977 6452 1868 532 175 13175 4584 349 5802 14256
internal_count=50685 29977 20708 23944 18977 6452 1868 532 175 13175 4584 349 5802 14256
is_linear=0
shrinkage=0.05


Tree=57
num_leaves=15
num_cat=0
split_feature=43 18 13 42 20 6 56 24 21 22 39 38 30 18
split_gain=18.5254 18.1391 9.54822 9.08647 9.20078 7.88984 7.52992 7.48804 6.64967 6.1544 6.06669 6.04686 5.48955 5.30955
threshold=41.875000000000007 9.1500000953674334 42.946725845336921 9.4499998092651385 44.649999618530281 72.500000000000014 32.750000000000007 4.5000000000000009 55.500000000000007 4963.5000000000009 1.1500000357627871 13.949999809265138 197.50000000000003 54.049999237060554
decision_type=8 2 2 2 2 2 2 2 2 2 2 2 10 2
left_child=8 3 11 4 -2 9 -7 -8 -1 10 -4 -3 13 -9
right_child=1 2 5 -5 -6 6 7 12 -10 -11 -12 -13 -14 -15
leaf_value=0.0014100452340022988 0.0043314575420544225 -0.0060279948674739296 0.0011826733125696537 -0.00065096499504354894 -0.00016419709360101725 -0.016278617662794443 0.00032000136762023036 -0.0023758145797714765 0.010529297118577729 -0.011356287353016671 -0.010719796941195701 -0.0041078008720494361 -0.013676263720913682 -0.0059300906202882017
leaf_weight=3086 15280 1139 5970 7440 6341 93 1559 1176 6133 116 120 1611 214 293
leaf_count=3086 15280 1139 5970 7440 6341 93 1559 1176 6133 116 120 1611 214 293
internal_value=0.000720725 0.000268604 -0.00134095 0.000949572 0.00146803 -0.000591037 -0.00254858 -0.0021187 0.00274623 0.000463321 0.000688525 -0.00393116 -0.00442115 -0.00328262
internal_weight=50571 41352 12291 29061 21621 9541 3335 3242 9219 6206 6090 2750 1683 1469
internal_count=50571 41352 12291 29061 21621 9541 3335 3242 9219 6206 6090 2750 1683 1469
is_linear=0
shrinkage=0.05


Tree=58
num_leaves=15
num_cat=0
split_feature=17 47 48 47 17 48 19 57 26 51 2 47 26 43
split_gain=16.6711 11.1807 11.6459 8.46827 8.31454 8.26652 7.67161 7.42306 7.05965 7.19564 6.52229 6.42461 6.8783 6.42182
threshold=-5.3500001430511466 5.219090700149537 3.5499999523162846 8.8522729873657244 52.750000000000007 -4.7499999999999991 59.949998855590827 45.049999237060554 0.97076472640037548 -0.37940952181816096 29.050000190734867 11.427922248840334 0.68696025013923656 787.50000000000011
decision_type=2 2 2 2 2 2 2 2 2 2 2 2 2 8
left_child=3 2 -2 5 -4 -1 -3 8 9 -8 -5 -9 -13 -6
right_child=1 6 4 10 13 -7 7 11 -10 -11 -12 12 -14 -15
leaf_value=0.011021608822536395 0.0053262914716352833 0.002021932667552912 8.4811894761231041e-06 0.0067945292401133065 -0.0031101438763876804 0.0022729229387832878 -0.0008394958359465212 -0.00016796228932650201 -0.015365588828995639 -0.0059817077096875719 -0.0013902734100852785 -0.0045359148942936212 -0.012700918160472223 -0.008100854524605931
leaf_weight=6287 6005 4970 3746 1164 286 9861 2341 9027 96 2270 3745 722 117 122
leaf_count=6287 6005 4970 3746 1164 286 9861 2341 9027 96 2270 3745 722 117 122
internal_value=0.000701117 -6.19277e-05 0.00128282 0.00177695 -0.000751681 0.0023295 -0.000761264 -0.00133957 -0.00297117 -0.0026715 -4.1675e-05 -0.000558931 -0.00471731 -0.00744019
internal_weight=50759 29702 10159 21057 4154 16148 19543 14573 4707 4611 4909 9866 839 408
internal_count=50759 29702 10159 21057 4154 16148 19543 14573 4707 4611 4909 9866 839 408
is_linear=0
shrinkage=0.05


Tree=59
num_leaves=15
num_cat=0
split_feature=0 56 47 21 1 0 42 52 33 2 9 53 33 47
split_gain=18.9183 19.8864 12.867 12.3063 12.0116 11.237 8.91406 7.05792 6.66533 9.41782 7.81704 7.16342 11.1585 6.53567
threshold=28.849999427795414 48.350000381469734 5.8041667938232431 32.500000000000007 60.649999618530281 77.40000152587892 9.1500000953674334 0.91939014196395885 1.0000000180025095e-35 143.19999694824222 108.40000152587892 -0.82413947582244862 1.3499999642372134 11.534848690032961
decision_type=2 2 2 2 2 2 2 2 2 2 2 2 2 2
left_child=-1 5 3 -3 13 6 7 -2 -6 11 -11 12 -10 -4
right_child=1 2 4 -5 8 -7 -8 -9 9 10 -12 -13 -14 -15
leaf_value=0.0080078105589879971 0.0013353217315944382 0.00013259199035658902 0.0042424387831106556 0.0074769122976777319 -0.00031692923402505289 -0.0052609727576401581 -0.0032889211331806039 -0.0035351839747265589 -0.0016517243099172568 -0.003625346251129884 -0.017010501363337087 -0.0005534114341016591 -0.016243656631320769 -0.0072809794560303428
leaf_weight=6736 7918 4840 5819 8430 5784 2257 4051 1586 467 71 91 1379 376 760
leaf_count=6736 7918 4840 5819 8430 5784 2257 4051 1586 467 71 91 1379 376 760
internal_value=0.000615423 0.000235977 0.00103597 0.00216491 1.93131e-05 -0.00118127 -0.000635827 0.000201808 -0.0012607 -0.00347953 -0.0147674 -0.00259409 -0.00619578 0.00160798
internal_weight=50565 43829 28017 13270 14747 15812 13555 9504 8168 2384 162 2222 843 6579
internal_count=50565 43829 28017 13270 14747 15812 13555 9504 8168 2384 162 2222 843 6579
is_linear=0
shrinkage=0.05


Tree=60
num_leaves=15
num_cat=0
split_feature=48 47 20 50 23 47 26 23 37 30 0 16 16 47
split_gain=18.342 11.9956 11.7238 14.5366 9.7142 9.59595 9.81073 8.51831 8.44595 7.60043 6.9768 6.50377 5.81077 5.72249
threshold=-4.7499999999999991 5.5738635063171396 51.149999618530281 -0.6035533845424651 0.75499999523162853 5.9809091091156015 0.69897434115409862 1.4249999523162844 16.500000000000004 142.50000000000003 84.200000762939467 18.250000000000004 25.750000000000004 11.111805438995363
decision_type=2 2 2 2 2 2 2 2 2 10 2 2 2 2
left_child=1 -1 5 11 13 -2 8 -8 12 -5 -11 -4 -7 -3
right_child=2 4 3 9 -6 6 7 -9 -10 10 -12 -13 -14 -15
leaf_value=0.011440052436470109 0.0036012783382705056 0.0048165962226822782 -0.015840791035763638 1.3426888965603225e-05 -0.0021099299713668563 -0.0031488236826217723 -0.0029986079844915394 -0.016518729662929509 0.0017508224713296547 -0.0030643635008687255 -0.01317150908303763 -0.0041033254477353181 -0.014808047254814044 -0.0029051800942846945
leaf_weight=5228 8157 6902 176 9920 2454 349 3170 74 10134 527 155 2436 75 811
leaf_count=5228 8157 6902 176 9920 2454 349 3170 74 10134 527 155 2436 75 811
internal_value=0.000643363 0.00208212 1.32168e-05 -0.00116304 0.00107939 0.000721244 -8.25367e-05 -0.0024831 0.0006567 -0.000338296 -0.00540462 -0.00449657 -0.00617511 0.00195067
internal_weight=50568 15395 35173 13214 10167 21959 13802 3244 10558 10602 682 2612 424 7713
internal_count=50568 15395 35173 13214 10167 21959 13802 3244 10558 10602 682 2612 424 7713
is_linear=0
shrinkage=0.05


Tree=61
num_leaves=15
num_cat=0
split_feature=17 42 56 19 28 43 0 52 26 19 23 53 31 57
split_gain=16.0271 9.98296 8.71396 8.28362 8.03821 7.19621 5.62047 5.59852 7.49594 5.65372 6.11153 5.85565 4.63893 4.30084
threshold=-5.3500001430511466 5.1499998569488534 18.050000190734867 92.799999237060561 73.500000000000014 111.87500000000001 21.050000190734867 0.55656746029853832 0.69767969846725475 268.70001220703131 0.79500001668930065 -0.99052476882934559 -7.6978814601898184 21.983333587646488
decision_type=2 2 2 2 2 8 2 2 2 2 2 2 2 2
left_child=3 -2 6 5 -4 -1 -3 9 -9 11 -11 12 -5 -8
right_child=1 2 4 7 -6 -7 13 8 -10 10 -12 -13 -14 -15
leaf_value=0.011455017626826977 0.0015956400172063166 0.0034685534255876208 0.00051818894531244469 -0.016303820521518471 -0.0024189144212042038 0.0022411067093263334 -0.0038602890555155147 -0.0020526256155510548 -0.016010045764054445 -0.01101637142417514 0.00035986508272625885 0.0025644971124734084 -0.0027816295898978999 -0.010090744584351575
leaf_weight=5896 11025 151 10901 62 6941 7714 373 984 101 106 146 5741 143 312
leaf_count=5896 11025 151 10901 62 6941 7714 373 984 101 106 146 5741 143 312
internal_value=0.00065269 -9.37298e-05 -0.000797838 0.00171339 -0.000562402 0.00244126 -0.0057565 0.000351707 -0.00294521 0.000932668 -0.00625954 0.00124748 -0.00686046 -0.00766187
internal_weight=50596 29703 18678 20893 17842 13610 836 7283 1085 6198 252 5946 205 685
internal_count=50596 29703 18678 20893 17842 13610 836 7283 1085 6198 252 5946 205 685
is_linear=0
shrinkage=0.05


Tree=62
num_leaves=15
num_cat=0
split_feature=0 56 0 46 36 0 34 23 48 17 0 23 46 45
split_gain=18.3973 17.5515 10.8916 14.7977 9.18417 9.07875 8.12257 7.16463 7.2596 7.08755 6.96328 6.35243 7.25061 5.97782
threshold=29.44999980926514 43.350000381469734 61.600000381469734 1.0000000180025095e-35 14.84999990463257 143.19999694824222 -3.1499999761581416 0.45499999821186071 3.4500000476837163 -28.55000019073486 188.85000610351565 1.185000002384186 0.55000001192092907 1.0428436398506167
decision_type=2 2 2 2 2 2 2 2 2 2 2 2 2 2
left_child=-1 7 6 4 10 -6 9 13 11 -3 -4 -9 -13 -2
right_child=1 2 3 -5 5 -7 -8 8 -10 -11 -12 12 -14 -15
leaf_value=0.006805409899801382 -0.0037235856643336924 -0.019243643921912829 0.0053016269167009385 -0.0043431613895433636 0.00067243063480892939 -0.0034130069416286254 0.0050377061679843576 -0.0016607910905281804 0.0022152008440387899 -0.0019944009646461402 -0.0014282926063853615 0.0030245088021860819 -0.015972082861141695 5.0906690431914769e-05
leaf_weight=7215 4418 63 5037 2521 8060 1832 11551 3352 2962 792 1068 82 172 1562
leaf_count=7215 4418 63 5037 2521 8060 1832 11551 3352 2962 792 1068 82 172 1562
internal_value=0.000594414 0.000206062 0.000845995 7.77204e-05 0.000639408 -0.000301959 0.00199178 -0.00137044 -0.000229553 -0.00268786 0.00216271 -0.00173396 -0.00920455 -0.00262103
internal_weight=50687 43472 30924 18518 15997 9892 12406 12548 6568 855 6105 3606 254 5980
internal_count=50687 43472 30924 18518 15997 9892 12406 12548 6568 855 6105 3606 254 5980
is_linear=0
shrinkage=0.05


Tree=63
num_leaves=15
num_cat=0
split_feature=43 0 47 52 18 0 12 19 52 24 51 37 23 11
split_gain=16.2164 13.3889 13.1191 8.69252 10.2319 8.93712 7.78948 6.03113 5.73051 5.67442 6.29451 6.82238 6.83532 6.04328
threshold=41.875000000000007 28.849999427795414 7.9154760837554941 0.88621068000793468 27.150000572204593 60.649999618530281 24.243055343627933 138.55000305175784 0.79383251070976268 1.0000000180025095e-35 -0.37940952181816096 33.500000000000007 0.53499999642372142 45.212499618530281
decision_type=8 2 2 2 2 2 2 2 2 2 2 2 2 2
left_child=7 -2 3 5 -5 -3 -4 -1 -9 -8 -11 12 13 -12
right_child=1 2 6 4 -6 -7 9 8 -10 10 11 -13 -14 -15
leaf_value=0.0089214222203559488 0.0059600661680583623 0.0034363086969495535 -0.019451593909355681 -0.0019323665824401313 -0.011529668852477207 -0.00014761304811240335 -0.012458448091187256 0.0012028419185055473 -0.0081181494644106851 0.00046395854721905983 -0.0086792552526626376 -0.0023997605843382296 0.00019608168258743671 -0.019092057197131591
leaf_weight=6468 5812 9493 90 2211 318 12359 282 2617 78 4302 321 5956 214 91
leaf_count=6468 5812 9493 90 2211 318 12359 282 2617 78 4302 321 5956 214 91
internal_value=0.000595789 0.000174751 -0.000188375 0.000463491 -0.00230603 0.000784924 -0.0015995 0.00249809 0.000508318 -0.00147369 -0.00128786 -0.0022588 -0.00718553 -0.0108768
internal_weight=50612 41449 35637 24381 2529 21852 11256 9163 2695 11166 10884 6582 626 412
internal_count=50612 41449 35637 24381 2529 21852 11256 9163 2695 11166 10884 6582 626 412
is_linear=0
shrinkage=0.05


Tree=64
num_leaves=15
num_cat=0
split_feature=17 47 48 43 31 26 17 17 10 49 26 26 45 14
split_gain=14.7978 9.60368 10.6511 7.47973 6.80951 6.68492 5.69201 5.44595 5.06431 4.87077 5.07378 5.48451 4.91373 4.8263
threshold=-5.3500001430511466 5.1041665077209482 4.7500000000000009 52.500000000000007 4.6763195991516122 0.94172158837318432 20.94999980926514 52.750000000000007 41.324998855590827 22.500000000000004 0.65772810578346264 0.63807249069213878 -1.4598052501678465 6.8218891620635995
decision_type=2 2 2 8 2 2 2 2 2 10 2 2 2 2
left_child=3 2 -2 -1 5 6 -3 -4 -5 10 11 -8 -11 -7
right_child=1 4 7 8 -6 13 9 -9 -10 12 -12 -13 -14 -15
leaf_value=0.0094168768123278988 0.0047195029308436465 -0.0004776533225883707 -0.00050565973470825928 0.0049690021847611197 0.0015775944625718076 0.0072328039295740734 -0.0057001805620863141 -0.0050821374013529739 0.00079125115437483147 -0.0044160348801924971 -0.0039882035874641468 -0.010349144134870709 0.00094212175674801958 -0.0076257125062434471
leaf_weight=5297 6133 10559 3198 4529 4209 141 508 321 11138 744 1181 96 1338 1213
leaf_count=5297 6133 10559 3198 4529 4209 141 508 321 11138 744 1181 96 1338 1213
internal_value=0.000636669 -8.24591e-05 0.00121196 0.001653 -0.000707785 -0.00118429 -0.000867276 -0.000979031 0.00110257 -0.0025058 -0.00441504 -0.00811075 -0.00085564 -0.00453079
internal_weight=50605 29641 9652 20964 19989 15780 14426 3519 15667 3867 1785 604 2082 1354
internal_count=50605 29641 9652 20964 19989 15780 14426 3519 15667 3867 1785 604 2082 1354
is_linear=0
shrinkage=0.05


Tree=65
num_leaves=15
num_cat=0
split_feature=0 56 19 56 34 45 52 29 26 42 57 56 50 52
split_gain=13.381 14.8601 11.5553 7.25401 7.24275 7.08692 5.88112 5.4745 5.37341 5.34245 5.21482 4.94534 4.81008 8.7555
threshold=26.150000572204593 44.649999618530281 114.45000076293947 18.050000190734867 -1.6500000357627866 -1.4598052501678465 -0.98214942216873158 22.94999980926514 0.99066370725631725 10.550000190734865 63.583332061767585 128.75000000000003 -0.91597560048103321 0.2603727281093598
decision_type=2 2 2 2 2 2 2 2 2 2 2 2 2 2
left_child=-1 3 4 -2 6 -4 -3 8 12 -10 -6 -7 13 -5
right_child=1 2 5 7 10 11 -8 -9 9 -11 -12 -13 -14 -15
leaf_value=0.0074139763037779013 -0.0063563034402490826 -0.0094641267163362401 -0.0018135187039862535 0.0026733711574817229 0.0022619620624409341 -2.0031805311990146e-06 0.0004031506225698092 -0.017693311706040403 -0.0054150216167258205 -0.011136594965984684 0.0072065578874380646 0.004144987149483032 -4.6724865895717916e-05 -0.0077377306435695127
leaf_weight=5180 969 245 5614 728 6273 5962 2055 70 316 52 8066 2583 11392 1100
leaf_count=5180 969 245 5614 728 6273 5962 2055 70 316 52 8066 2583 11392 1100
internal_value=0.00058135 0.000306482 0.000929629 -0.00100533 0.00182263 -0.000120333 -0.000779221 -0.00070676 -0.000629504 -0.00650794 0.00224023 0.00078609 -0.000461073 -0.0028346
internal_weight=50605 45425 30798 14627 16639 14159 2300 13658 13588 368 14339 8545 13220 1828
internal_count=50605 45425 30798 14627 16639 14159 2300 13658 13588 368 14339 8545 13220 1828
is_linear=0
shrinkage=0.05


Tree=66
num_leaves=15
num_cat=0
split_feature=43 17 2 42 45 23 24 26 2 29 4 13 17 2
split_gain=14.7984 9.09167 7.82148 7.85256 7.50447 6.89521 6.15881 5.83814 5.60483 5.18553 5.16231 6.89543 6.77681 4.86614
threshold=47.500000000000007 6.2500000000000009 29.44999980926514 8.9499998092651385 -0.40378719568252558 0.36500000953674322 80.500000000000014 0.96778345108032238 132.94999694824222 8.1500000953674334 137.59999847412112 43.936309814453132 14.650000095367433 64.15000152587892
decision_type=8 2 2 2 2 2 2 2 2 2 2 2 2 2
left_child=8 2 -2 13 10 6 -5 -7 -1 -9 11 -3 -12 -4
right_child=1 4 3 5 -6 7 -8 9 -10 -11 12 -13 -14 -15
leaf_value=0.0067317214391228539 0.0056336114312649441 -0.0040301339923639523 0.0027702041200753768 -0.0038658476140222679 0.00035138996866462455 -5.8455116858373356e-05 -0.014115030463157999 -0.0099742178847757341 -0.00060566473502174833 0.0022785823563030668 -0.0093773133625417431 -0.00071540171257848803 -0.0043285421075972292 -9.9712552531590383e-05
leaf_weight=8609 4591 2103 8687 1003 7310 4440 54 115 1693 69 86 4840 363 6624
leaf_count=8609 4591 2103 8687 1003 7310 4440 54 115 1693 69 86 4840 363 6624
internal_value=0.000594601 0.000161931 0.000731255 0.000321874 -0.000828575 -0.00126428 -0.00488753 -0.000427276 0.00228472 -0.00891753 -0.00195082 -0.00160866 -0.0070915 0.000910841
internal_weight=50587 40285 25583 20992 14702 5681 1057 4624 10302 184 7392 6943 449 15311
internal_count=50587 40285 25583 20992 14702 5681 1057 4624 10302 184 7392 6943 449 15311
is_linear=0
shrinkage=0.05


Tree=67
num_leaves=15
num_cat=0
split_feature=19 56 47 43 23 19 50 26 47 23 34 56 15 25
split_gain=16.5352 12.8039 11.1681 10.1036 9.01257 8.64176 7.51352 6.75617 6.34479 6.20775 6.11217 5.94093 10.9769 5.71726
threshold=56.750000000000007 38.549999237060554 6.7577381134033212 142.50000000000003 0.43500000238418585 279.84999084472662 -0.91597560048103321 0.75405275821685802 11.772077560424806 0.53499999642372142 2.7500000000000004 103.25000000000001 128.75000000000003 11.750000000000002
decision_type=2 2 2 8 2 2 2 2 2 2 2 2 2 2
left_child=3 4 5 -1 6 11 -2 8 -4 13 -9 12 -3 -10
right_child=1 2 7 -5 -6 -7 -8 10 9 -11 -12 -13 -14 -15
leaf_value=0.010767839567241075 -0.0096972831432339378 0.0027702438165404446 0.000163112232872073 0.0016184941823078837 -0.00019900610865860539 -0.003231676039653142 -0.002491612116855532 -0.0039267986159116528 -0.0024707082150147168 -0.0030668195074431701 -0.015680960788775324 0.0054762438807315966 -0.0025238275530471885 -0.011086398847192714
leaf_weight=5441 575 8770 9841 7268 3768 988 2979 810 120 1212 83 5657 2780 175
leaf_count=5441 575 8770 9841 7268 3768 988 2979 810 120 1212 83 5657 2780 175
internal_value=0.000547477 2.22412e-05 0.000473954 0.00210669 -0.00185352 0.00125927 -0.003656 -0.000693413 -0.000361859 -0.00337179 -0.00485604 0.00152088 0.000869377 -0.0097541
internal_weight=50467 37758 30436 12709 7322 18195 3554 12241 11348 1507 893 17207 11550 295
internal_count=50467 37758 30436 12709 7322 18195 3554 12241 11348 1507 893 17207 11550 295
is_linear=0
shrinkage=0.05


Tree=68
num_leaves=15
num_cat=0
split_feature=19 57 43 0 38 49 33 52 19 26 43 43 57 12
split_gain=15.8791 12.4893 9.80891 7.39538 7.00077 6.89755 6.83494 8.97634 8.6769 6.73837 6.66537 6.37811 5.75022 5.43674
threshold=57.549999237060554 60.983333587646491 142.50000000000003 57.45000076293946 8.5500001907348651 7.5000000000000009 0.15000000223517421 -0.97509795427322377 279.84999084472662 0.68831950426101696 57.500000000000007 37.500000000000007 39.616666793823249 98.24375152587892
decision_type=2 2 8 2 2 8 2 2 2 2 10 10 2 2
left_child=2 3 -1 4 -2 12 8 10 11 -4 -8 -3 -5 -7
right_child=1 6 9 5 -6 13 7 -9 -10 -11 -12 -13 -14 -15
leaf_value=0.010320819554360127 -0.004501630916309703 0.0058334344507646836 0.0042445238809673937 -0.012494282689161442 0.000743875075653416 -0.0010941008902857618 -0.0014002097129120284 -0.00059918612301849581 -0.0034564487394046148 -0.0010037178998832357 -0.015928304436362332 0.0011940337219407925 -0.0050163755719015652 -0.0051909533066447156
leaf_weight=5547 848 5701 3847 253 8442 6957 107 3962 958 3775 121 8671 1114 355
leaf_count=5547 848 5701 3847 253 8442 6957 107 3962 958 3775 121 8671 1114 355
internal_value=0.000532684 7.86706e-06 0.00202557 -0.000943044 3.76346e-05 -0.0019916 0.000883257 -0.000904762 0.00137223 0.000859539 -0.0103361 0.00167988 -0.00523965 -0.00137804
internal_weight=50658 37489 13169 17969 9290 8679 19520 4190 15330 7622 228 14372 1367 7312
internal_count=50658 37489 13169 17969 9290 8679 19520 4190 15330 7622 228 14372 1367 7312
is_linear=0
shrinkage=0.05


Tree=69
num_leaves=15
num_cat=0
split_feature=47 48 0 51 37 26 1 53 37 38 5 18 49 14
split_gain=12.8161 14.6138 13.408 8.69673 14.5675 10.8649 8.54616 7.48787 7.85492 7.13398 6.17143 6.08796 5.72691 5.12192
threshold=5.5738635063171396 -1.2499999999999998 28.849999427795414 -0.37940952181816096 38.500000000000007 0.80262345075607311 53.850000381469734 0.42763730883598333 81.500000000000014 9.0500001907348651 50.95000076293946 50.45000076293946 17.500000000000004 25.678476333618168
decision_type=2 2 2 2 2 2 2 2 2 2 2 2 10 2
left_child=1 -1 -2 5 9 -4 10 8 -8 -5 -6 -9 -10 -3
right_child=2 13 3 4 6 -7 7 11 12 -11 -12 -13 -14 -15
leaf_value=0.0068627456674290391 0.004862067730384472 0.0016337663583085816 0.0020688792495232046 -0.011549133315671867 -0.0014893644179219227 -0.0038278720855334522 -0.0030010713859228151 2.3745981431685104e-05 -0.0076960259023415847 -0.0042870386396635027 0.0038148723885347495 -0.0065925999026277262 -0.0026104595085121446 -0.0013554246250407048
leaf_weight=8825 5507 5806 8411 530 3641 1602 2332 3560 783 948 3684 187 462 4467
leaf_count=8825 5507 5806 8411 530 3641 1602 2332 3560 783 948 3684 187 462 4467
internal_value=0.000567925 0.00159043 -4.9436e-05 -0.000521988 -0.00124032 0.00063504 -0.000760966 -0.00196755 -0.0036005 -0.0059543 0.00044649 -0.000403247 -0.00679283 0.00030779
internal_weight=50745 19098 31647 26140 16127 10013 14649 7324 3577 1478 7325 3747 1245 10273
internal_count=50745 19098 31647 26140 16127 10013 14649 7324 3577 1478 7325 3747 1245 10273
is_linear=0
shrinkage=0.05


Tree=70
num_leaves=15
num_cat=0
split_feature=47 20 50 26 18 26 53 17 19 37 53 37 17 19
split_gain=13.497 15.0754 8.20319 9.26142 7.33832 9.44154 6.93025 6.88081 5.50472 5.25267 5.13625 5.10595 5.39956 4.92697
threshold=8.0612502098083514 23.94999980926514 -0.37940952181816096 0.76335415244102489 9.1500000953674334 0.97193297743797313 0.18281312286853793 -9.9499998092651349 252.84999847412112 37.500000000000007 0.90803977847099315 86.500000000000014 50.350000381469734 56.750000000000007
decision_type=2 2 2 2 2 2 2 2 2 2 2 2 2 2
left_child=1 9 3 8 13 -6 11 -5 -3 -1 -10 12 -4 -2
right_child=4 2 6 7 5 -7 -8 -9 10 -11 -12 -13 -14 -15
leaf_value=-0.00045100558412434013 0.0022322747624060973 0.0010371741578002363 0.0013561842994273667 -9.5657757752032151e-05 -0.0029092864883195815 -0.020803832462411784 0.0026230234237284689 -0.0053986567313779269 -0.014388256701389157 0.005859128637221777 -0.0012834632217466882 -0.0042269326928212822 -0.0036757056812600493 -0.0013450665294309503
leaf_weight=1474 4620 3662 5054 1102 3155 114 8649 1972 92 11837 222 1292 413 7115
leaf_count=1474 4620 3662 5054 1102 3155 114 8649 1972 92 11837 222 1292 413 7115
internal_value=0.000527047 0.00105495 0.000264376 -0.00114731 -0.000731317 -0.00282251 0.000910624 -0.00320363 0.000446563 0.00238758 -0.00580247 -0.000288816 0.000380683 -0.000146871
internal_weight=50773 35769 22458 7050 15004 3269 15408 3074 3976 13311 314 6759 5467 11735
internal_count=50773 35769 22458 7050 15004 3269 15408 3074 3976 13311 314 6759 5467 11735
is_linear=0
shrinkage=0.05


Tree=71
num_leaves=15
num_cat=0
split_feature=19 57 56 19 43 0 43 38 9 50 56 51 33 47
split_gain=11.7189 11.6582 10.0388 7.94376 6.88972 6.75219 6.72683 6.70988 6.03062 6.29695 5.81399 5.80628 5.64337 5.23984
threshold=57.549999237060554 60.983333587646491 16.250000000000004 137.1499938964844 77.500000000000014 84.200000762939467 47.500000000000007 1.7500000000000002 44.45000076293946 -0.7865660786628722 194.85000610351565 -0.37940952181816096 0.55000001192092907 3.7591667175292973
decision_type=2 2 2 2 8 2 10 2 2 2 2 2 2 2
left_child=2 5 -1 6 -4 7 -3 -2 -7 -10 -5 -9 -12 -13
right_child=1 3 4 10 -6 8 -8 11 9 -11 12 13 -14 -15
leaf_value=-0.0032371651611807087 -0.009933620481739713 0.0074741715834740416 0.012463590179439122 -0.00083725754113061254 0.0025176619452119712 -0.0075563124492168954 0.0013107921288198522 0.0012760563864396201 -0.0073583934507365075 -0.00059102843448587963 0.0054392523576680734 0.0057486171198050254 -0.014132211742566887 -0.0020349171065009628
leaf_weight=754 146 4285 3757 7283 8643 538 6656 6965 639 2150 1195 467 58 7161
leaf_count=754 146 4285 3757 7283 8643 538 6656 6965 639 2150 1195 467 58 7161
internal_value=0.000514426 6.43093e-05 0.00179809 0.00091266 0.0021394 -0.000850299 0.00180394 -0.000390196 -0.00288133 -0.00193105 -0.000230517 -0.000279737 0.00290182 -0.001232
internal_weight=50697 37543 13154 19477 12400 18066 10941 14739 3327 2789 8536 14593 1253 7628
internal_count=50697 37543 13154 19477 12400 18066 10941 14739 3327 2789 8536 14593 1253 7628
is_linear=0
shrinkage=0.05


Tree=72
num_leaves=15
num_cat=0
split_feature=17 48 56 2 47 20 13 17 50 52 40 38 4 38
split_gain=10.7399 7.79365 7.05336 6.51654 7.29212 5.76726 5.35182 4.99011 5.15713 4.54232 5.58278 4.63764 4.47581 4.41542
threshold=-5.3500001430511466 -6.4500000476837149 18.050000190734867 33.149999618530281 8.2477273941040057 98.750000000000014 56.34553527832032 -43.749999999999993 -1.0000000180025095e-35 0.88621068000793468 981.35000610351574 14.250000000000002 126.89999771118165 2.7500000000000004
decision_type=2 2 2 2 2 2 2 2 2 2 2 2 2 2
left_child=1 -1 6 -4 9 13 -2 -7 -9 12 -11 -12 -5 -3
right_child=2 5 3 4 -6 7 -8 8 -10 10 11 -13 -14 -15
leaf_value=0.007016398057323717 -0.002497348678276438 -0.0055123003985884161 0.0033039716884761712 0.001183616939123074 -0.002410361157769195 0.0031325947944939011 -0.0091722393839383069 -0.0083832744823579084 0.0013758790245817917 -0.013039865682425987 -0.0044657305126188729 0.0044572961277792702 -0.0020160111158748456 0.0017571419704707472
leaf_weight=6087 992 168 5066 14805 5360 119 124 209 116 151 957 401 2061 14279
leaf_count=6087 992 168 5066 14805 5360 119 124 209 116 151 957 401 2061 14279
internal_value=0.000609469 0.00147656 1.1697e-06 0.000152893 -0.000194778 0.000859338 -0.00388099 -0.00469163 -0.00783582 0.00027876 -0.00234036 -0.00128655 0.00051434 0.00103306
internal_weight=50895 20978 29917 28801 23735 14891 1116 444 325 18375 1509 1358 16866 14447
internal_count=50895 20978 29917 28801 23735 14891 1116 444 325 18375 1509 1358 16866 14447
is_linear=0
shrinkage=0.05


Tree=73
num_leaves=15
num_cat=0
split_feature=47 21 0 56 51 34 2 20 37 22 19 30 46 15
split_gain=12.0199 14.6159 10.1766 7.46592 6.83722 8.76885 8.33293 7.79133 7.19306 5.85393 5.97761 5.38457 5.36985 4.7947
threshold=5.9809091091156015 33.500000000000007 25.750000000000004 20.050000190734867 -0.37940952181816096 -1.6500000357627866 51.399999618530281 52.049999237060554 29.500000000000004 813.50000000000011 125.05000305175783 627.50000000000011 1.1500000357627871 162.75000000000003
decision_type=2 2 2 2 2 2 2 2 2 2 2 8 2 2
left_child=1 -1 -2 -4 12 6 -6 8 -7 -9 -11 -8 -5 -13
right_child=2 -3 3 4 5 7 11 9 -10 10 -12 13 -14 -15
leaf_value=-0.00033730688746463254 0.0047126111054016919 0.0044594129740999043 -0.0067280627179622139 0.0019348990838175741 -0.0014112718855631306 -0.0060935410128502582 -0.0044266021773010193 -0.014057068548113467 0.00088291397510389762 -0.00045424736104068304 -0.0046929778855567365 -0.015085156005545122 -0.0034999881564223797 0.0037229526397799181
leaf_weight=7876 3733 14124 836 7149 1564 642 846 65 8320 1886 1420 345 1594 56
leaf_count=7876 3733 14124 836 7149 1564 642 846 65 8320 1886 1420 345 1594 56
internal_value=0.000496968 0.00137438 -0.00018162 -0.000549266 -0.000385613 -0.00102811 -0.00354307 -0.000452483 0.00031877 -0.00249778 -0.00217732 -0.00657518 0.000727179 -0.0113017
internal_weight=50456 22000 28456 24723 23887 15144 2811 12333 8962 3371 3306 1247 8743 401
internal_count=50456 22000 28456 24723 23887 15144 2811 12333 8962 3371 3306 1247 8743 401
is_linear=0
shrinkage=0.05


Tree=74
num_leaves=15
num_cat=0
split_feature=45 19 37 47 43 37 19 14 21 52 36 17 41 1
split_gain=11.2631 9.47872 8.29751 8.14371 7.63002 6.57211 6.38308 6.41807 5.94213 5.6687 5.63449 7.27633 5.44325 5.16285
threshold=-1.7937000989913938 87.90000152587892 49.500000000000007 5.3707141876220712 41.875000000000007 83.500000000000014 329.69999694824224 5.3493487834930429 52.500000000000007 0.55656746029853832 17.750000000000004 22.349999427795414 22.500000000000004 27.849999427795414
decision_type=2 2 2 2 10 2 2 2 2 2 2 2 2 2
left_child=1 2 13 8 6 -5 7 -3 -2 -6 -7 -12 -11 -1
right_child=3 4 -4 5 9 10 -8 -9 -10 12 11 -13 -14 -15
leaf_value=0.0021354663066311245 0.0013492845486569041 -0.0053523941595014762 0.0030380234751587734 0.0017497125269083068 -0.0017067221824844795 0.0023307170457627971 -0.0062698126884235999 0.0018002067597229039 0.0071280530232360534 -0.0094510978331060341 -0.0015504447042408304 -0.00744895519037645 -0.0020198957327539841 -0.0027142916697715696
leaf_weight=1487 5990 61 7216 13641 4541 1275 72 2939 5978 901 2473 478 621 2862
leaf_count=1487 5990 61 7216 13641 4541 1275 72 2939 5978 901 2473 478 621 2862
internal_value=0.000543575 -0.000352487 0.000598272 0.00116519 -0.00155549 0.000488617 0.000473719 0.000847176 0.00217399 -0.00258274 -0.00123229 -0.00242992 -0.0052154 -0.00112526
internal_weight=50535 20700 11565 29835 9135 17867 3072 3000 11968 6063 4226 2951 1522 4349
internal_count=50535 20700 11565 29835 9135 17867 3072 3000 11968 6063 4226 2951 1522 4349
is_linear=0
shrinkage=0.05


Tree=75
num_leaves=15
num_cat=0
split_feature=49 36 0 56 0 56 24 47 49 0 10 54 17 47
split_gain=10.5808 9.17332 6.68343 6.54367 6.75656 6.24977 6.19211 5.98969 7.88842 5.79167 5.75558 5.90317 5.2301 5.21499
threshold=-397.49999999999994 14.449999809265138 143.19999694824222 18.750000000000004 78.799999237060561 100.25000000000001 119.50000000000001 7.8133928775787362 37.500000000000007 188.85000610351565 81.108333587646499 6.5000000000000009 50.350000381469734 6.3133928775787362
decision_type=8 2 2 2 2 2 2 2 8 2 2 2 2 2
left_child=6 9 3 4 -3 -4 13 12 10 -2 -9 -12 -5 -1
right_child=1 2 5 7 -6 -7 -8 8 -10 -11 11 -13 -14 -15
leaf_value=0.008077361560493523 0.0040476370558365686 -0.0023501713117742079 -0.0049042895652123639 0.0011443229409503625 -0.016225511751235211 -0.0001910853707289709 -0.0017459321697324501 -0.0031824933520468559 -0.00015281944827044296 -0.0021013544157778914 -0.022094499326927409 -0.004195101260839473 -0.0032100805738479741 0.0021878701136147814
leaf_weight=4890 6323 1428 1113 16936 91 1005 1617 1997 7919 1110 92 260 936 5034
leaf_count=4890 6323 1428 1113 16936 91 1005 1617 1997 7919 1110 92 260 936 5034
internal_value=0.000479798 8.79655e-05 -0.000282033 -8.78019e-05 -0.00327338 -0.00298872 0.0018098 8.52577e-05 -0.000876629 0.00166801 -0.00341458 -0.00922652 0.000638072 0.00227703
internal_weight=50751 39210 31777 29659 1519 2118 11541 28140 10268 7433 2349 352 17872 9924
internal_count=50751 39210 31777 29659 1519 2118 11541 28140 10268 7433 2349 352 17872 9924
is_linear=0
shrinkage=0.05


Tree=76
num_leaves=15
num_cat=0
split_feature=19 38 43 45 33 11 9 31 20 24 12 40 0 34
split_gain=10.5256 9.00526 8.21885 7.58148 7.17802 5.80927 12.2003 5.63128 5.37075 5.3916 5.3128 4.77395 5.93722 4.63129
threshold=56.250000000000007 -1.0000000180025095e-35 157.50000000000003 -2.5449984073638912 1.3499999642372134 68.293750762939467 43.850000381469734 -4.7123055458068839 46.049999237060554 1.5000000000000002 63.600000381469734 986.95001220703136 104.90000152587892 -1.6500000357627866
decision_type=2 2 8 2 2 2 2 2 2 2 2 2 2 2
left_child=2 -2 -1 11 8 -6 7 -7 13 -10 -8 -3 -13 -5
right_child=1 3 -4 4 5 6 10 -9 9 -11 -12 12 -14 -15
leaf_value=0.008699776227019158 -0.010977600451352744 -0.002451692669769411 0.00099506647814893491 -0.0021073907135689719 -0.00053744424252455587 -0.021650401382256157 -0.013033267359131132 -0.005608238829104566 0.0033174568638884246 -0.00035164723645920136 0.00072628116888182525 0.0016093359019060307 -0.0027721941627371475 0.0033073153188412233
leaf_weight=5481 175 5929 6938 1189 3625 106 73 151 1930 8462 638 4070 2303 9650
leaf_count=5481 175 5929 6938 1189 3625 106 73 151 1930 8462 638 4070 2303 9650
internal_value=0.000469151 5.88606e-05 0.00173345 0.00011223 0.000598823 -0.00119161 -0.00461145 -0.0137266 0.000986536 0.000174005 -0.00117198 -0.000908869 4.15167e-05 0.00176468
internal_weight=50720 38301 12419 38126 25824 4593 968 257 21231 10392 711 12302 6373 10839
internal_count=50720 38301 12419 38126 25824 4593 968 257 21231 10392 711 12302 6373 10839
is_linear=0
shrinkage=0.05


Tree=77
num_leaves=15
num_cat=0
split_feature=47 48 0 56 40 37 1 52 44 21 18 47 11 25
split_gain=10.7499 11.7875 9.55929 7.02092 5.6428 10.9308 6.5871 6.54501 6.89288 8.23405 5.84802 5.62821 5.28207 5.26107
threshold=5.3707141876220712 -0.94999998807907093 31.750000000000004 19.44999980926514 987.04998779296886 81.500000000000014 138.55000305175784 0.66527691483497631 -3.9974585771560665 199.50000000000003 14.949999809265138 12.547222137451174 104.16875076293947 44.149999618530281
decision_type=2 2 2 2 2 2 2 2 2 2 2 2 2 2
left_child=1 -1 3 -2 5 7 -6 11 -9 -10 -7 -4 -8 -3
right_child=2 13 4 -5 6 10 12 8 9 -11 -12 -13 -14 -15
leaf_value=0.0061226124890671214 -0.0025375300336583895 0.00060252360002430692 0.0011090190907843106 0.0039456433384267619 0.001358849939149528 -0.0028177439444666782 -0.011529950446441617 0.0005368301398184967 -0.0035725115451887969 -0.010477826058603514 -0.0068966376423973755 -0.0059142525807537195 -0.0023667389904967074 -0.0037781117835471926
leaf_weight=8337 771 8782 8543 6344 7326 3246 98 1630 2286 125 824 653 1052 637
leaf_count=8337 771 8782 8543 6344 7326 3246 98 1630 2286 125 824 653 1052 637
internal_value=0.000454366 0.00144546 -8.08312e-05 0.00154035 -0.000528632 -0.00104608 0.000527929 -0.000348381 -0.00202296 -0.00371541 -0.00330882 0.000388877 -0.00297414 0.000232793
internal_weight=50654 17756 32898 7115 25783 17307 8476 13237 4041 2411 4070 9196 1150 9419
internal_count=50654 17756 32898 7115 25783 17307 8476 13237 4041 2411 4070 9196 1150 9419
is_linear=0
shrinkage=0.05


Tree=78
num_leaves=15
num_cat=0
split_feature=0 56 33 11 21 40 51 57 50 43 17 54 44 36
split_gain=10.5948 12.7614 7.62968 11.4107 9.28298 8.65466 7.09836 8.28934 6.07276 5.82621 5.90478 5.41697 5.60251 5.7127
threshold=28.849999427795414 44.649999618530281 1.0000000180025095e-35 96.660415649414077 33.500000000000007 984.25000000000011 -0.37940952181816096 30.750000000000004 -0.37940952181816096 167.50000000000003 8.6500000953674334 5.5000000000000009 0.54727211594581615 18.650000572204593
decision_type=2 2 2 2 2 2 2 2 2 8 2 2 2 2
left_child=9 6 4 -4 8 -5 -2 11 -3 -1 -11 12 -8 -14
right_child=1 2 3 5 -6 -7 7 -9 -10 10 -12 -13 13 -15
leaf_value=0.011214660762628864 -6.2429018680958806e-05 -0.0025546569226593051 0.0002879714182252495 -0.018785197318880186 0.0037809746646416454 -0.0033605446733728493 -0.0041317536407467622 -0.0022430054918200931 0.0011010117156618406 0.0026658500293343587 -0.010908864029853639 -0.0023185982735197583 0.0062362900402611601 -0.012453272301845909
leaf_weight=2972 7728 2125 8516 211 13179 906 337 4567 5218 3663 194 505 57 364
leaf_count=2972 7728 2125 8516 211 13179 906 337 4567 5218 3663 194 505 57 364
internal_value=0.000486826 0.000200467 0.000773247 -0.000387327 0.00131794 -0.00511535 -0.00107311 -0.0023887 -0.000106759 0.00231686 0.00103051 -0.00595837 -0.00860677 -0.0124014
internal_weight=50542 43713 30155 9633 20522 1117 13558 5830 7343 6829 3857 1263 758 421
internal_count=50542 43713 30155 9633 20522 1117 13558 5830 7343 6829 3857 1263 758 421
is_linear=0
shrinkage=0.05


Tree=79
num_leaves=15
num_cat=0
split_feature=47 48 1 37 49 14 2 57 9 33 10 44 14 5
split_gain=9.92901 10.6373 8.0468 6.23019 6.15896 5.97372 5.5836 6.63133 5.12297 5.63015 8.75839 5.4028 4.9232 5.38168
threshold=5.9809091091156015 -1.2499999999999998 52.45000076293946 18.500000000000004 32.500000000000007 40.632062911987312 126.89999771118165 51.083332061767585 43.850000381469734 1.3499999642372134 65.108333587646499 4.0194127559661874 6.5305628776550302 32.049999237060554
decision_type=2 2 2 2 8 2 2 2 2 2 2 2 2 2
left_child=1 -1 3 12 5 6 7 -4 9 11 -11 -6 13 -2
right_child=2 -3 4 -5 8 -7 -8 -9 -10 10 -12 -13 -14 -15
leaf_value=0.004860668895493513 -0.0048859798314434726 0.00025809877530335386 -0.0080181978996418119 0.0014592856696613015 0.0011044897982138734 0.0029681176030463808 -0.0092667106578014635 -0.0019820811899284216 0.00077191269975386708 -0.0032952507860963317 -0.024859716684659916 -0.0061504414357783574 -0.0014318592265738013 -0.014215715289249656
leaf_weight=10189 121 11796 604 15157 991 754 361 3775 5559 185 113 375 520 58
leaf_count=10189 121 11796 604 15157 991 754 361 3775 5559 185 113 375 520 58
internal_value=0.000489242 0.00128779 -0.000125424 0.000625867 -0.00106192 -0.00232195 -0.00297895 -0.00247323 -0.000101617 -0.00252688 -0.00863636 -0.00114099 -0.00395628 -0.010873
internal_weight=50558 21985 28573 15856 12717 5494 4740 4379 7223 1664 298 1366 699 179
internal_count=50558 21985 28573 15856 12717 5494 4740 4379 7223 1664 298 1366 699 179
is_linear=0
shrinkage=0.05


Tree=80
num_leaves=15
num_cat=0
split_feature=0 56 47 6 25 13 23 54 51 56 0 34 56 0
split_gain=10.0926 11.5631 7.3676 7.27889 7.2651 6.87633 6.86299 6.97403 5.86174 6.97355 5.77624 5.53141 5.43553 5.42661
threshold=28.849999427795414 52.45000076293946 11.638750076293947 59.350000381469734 11.650000095367433 152.6839294433594 0.64499998092651378 3.5000000000000004 -0.37940952181816096 19.44999980926514 69.049999237060561 -2.8500000238418575 160.44999694824222 146.90000152587893
decision_type=2 2 2 2 2 2 2 2 2 2 2 2 2 2
left_child=-1 5 3 11 -4 8 7 -6 -2 -10 -11 -3 13 -5
right_child=1 2 4 12 6 -7 -8 -9 9 10 -12 -13 -14 -15
leaf_value=0.0048301712282616399 0.00011332293748393918 -0.0028751910836138706 0.0021998126563597341 0.00073682009829627911 -0.0050980565760047614 -0.032313700104614429 -0.0045018860211819365 -0.13984902934412086 -0.014224628466676117 -0.0011830967255511242 -0.004739088932526038 0.0054685349358740238 0.0037828772199227667 -0.0025277846127155037
leaf_weight=6767 9902 488 448 11240 111 53 471 77 371 6995 1056 7128 3158 2401
leaf_count=6767 9902 488 448 11240 111 53 471 77 371 6995 1056 7128 3158 2401
internal_value=0.000503789 0.000226491 0.00091493 0.00109621 -0.0030573 -0.000729591 -0.00636024 -0.0141919 -0.000672521 -0.00164137 -0.00132676 0.00237739 0.000514308 8.09466e-05
internal_weight=50666 43899 25522 24415 1107 18377 659 188 18324 8422 8051 7616 16799 13641
internal_count=50666 43899 25522 24415 1107 18377 659 188 18324 8422 8051 7616 16799 13641
is_linear=0
shrinkage=0.05


Tree=81
num_leaves=15
num_cat=0
split_feature=47 21 0 33 27 6 51 41 25 13 17 26 21 17
split_gain=8.78188 9.62331 7.82329 9.67908 10.4606 8.88898 7.50287 6.16632 7.17655 8.98218 6.09792 5.83628 5.79602 5.76264
threshold=5.219090700149537 53.500000000000007 32.45000076293946 1.5500000119209292 26.150000572204593 53.350000381469734 -0.37940952181816096 92.500000000000014 9.0500001907348651 49.951488494873054 -20.449999809265133 0.96778345108032238 19.500000000000004 -2.1499999761581416
decision_type=2 2 2 2 2 2 2 2 2 2 2 2 2 2
left_child=1 -1 -2 6 -5 7 11 -6 9 -9 -8 -4 -13 -7
right_child=2 -3 3 4 5 13 10 8 -10 -11 -12 12 -14 -15
leaf_value=0.00029896272294727128 0.0026336547032886413 0.0054193898300803891 0.0019439283868104189 0.00031004382901459691 0.00074585322987953684 -0.01220121712623355 0.0022074039709276353 -0.0039212186248043955 -0.0062044263917601901 -0.018319539772501888 -0.0014483815684127612 -0.013965530033010615 -0.001978014858115819 -0.0066487018859712095
leaf_weight=8638 7643 7941 7600 2277 1084 492 2833 76 330 55 10138 101 427 853
leaf_count=8638 7643 7941 7600 2277 1084 492 2833 76 330 55 10138 101 427 853
internal_value=0.000506753 0.00144945 4.55499e-05 -0.00036421 -0.00230153 -0.0042931 0.00011109 -0.0016881 -0.00646497 -0.015922 -0.000635159 0.0013013 -0.00373606 -0.00725092
internal_weight=50488 16579 33909 26266 5167 2890 21099 1545 461 131 12971 8128 528 1345
internal_count=50488 16579 33909 26266 5167 2890 21099 1545 461 131 12971 8128 528 1345
is_linear=0
shrinkage=0.05


Tree=82
num_leaves=15
num_cat=0
split_feature=47 31 21 50 49 38 47 50 28 0 56 24 52 23
split_gain=9.84526 8.57616 7.97724 7.4755 6.72349 6.4754 6.78105 6.30344 4.83081 4.67304 5.47825 7.41014 7.56928 7.00958
threshold=4.8348486423492441 3.9820796251297002 33.500000000000007 0.91597560048103344 22.500000000000004 5.6499998569488534 12.726136684417726 -0.7865660786628722 70.500000000000014 25.750000000000004 37.199998855590827 1.5000000000000002 -0.98214942216873158 0.46500000357627874
decision_type=2 2 2 2 8 2 2 2 2 2 2 2 2 2
left_child=2 3 -1 5 8 6 -2 -3 -5 -7 11 12 -11 -13
right_child=1 7 -4 4 -6 9 -8 -9 -10 10 -12 13 -14 -15
leaf_value=9.0982834961892301e-05 -0.0024907235230294858 -0.001966275995392838 0.0047478671215734252 -0.0031082988227425449 -0.0001969057676977406 0.0045903820000023597 -0.012993962289311321 0.0028271281379571214 -0.0079550022432880989 -0.0091452891870414648 0.00039534662126658758 -0.0031117677899310308 -0.0054028006076922231 0.0015920372614720594
leaf_weight=5491 968 1326 8308 951 1519 2259 91 8152 964 72 15465 1924 668 2441
leaf_count=5491 968 1326 8308 951 1519 2259 91 8152 964 72 15465 1924 668 2441
internal_value=0.000432631 5.43349e-06 0.00157108 -0.000444168 -0.00262195 -0.000130136 -0.00393358 0.00130059 -0.00458442 4.79445e-05 -0.000189504 -0.00160802 -0.0062 -0.000817143
internal_weight=50599 36800 13799 27322 3434 23888 1059 9478 1915 22829 20570 5105 740 4365
internal_count=50599 36800 13799 27322 3434 23888 1059 9478 1915 22829 20570 5105 740 4365
is_linear=0
shrinkage=0.05


Tree=83
num_leaves=15
num_cat=0
split_feature=43 0 16 24 13 0 49 16 31 16 23 40 23 36
split_gain=10.7889 8.35454 6.08571 6.05644 6.6901 6.01712 6.65331 6.73621 5.55404 6.27524 5.39263 5.38527 6.85698 7.10961
threshold=37.500000000000007 18.44999980926514 12.150000095367433 17.500000000000004 39.675596237182624 62.050001144409187 22.500000000000004 19.849999427795414 -7.1261327266693106 9.7500000000000018 0.47499999403953558 987.14999389648449 0.31499999761581426 27.550000190734867
decision_type=8 2 2 2 2 2 8 2 2 2 2 2 2 2
left_child=10 -2 3 8 -5 11 -7 -8 9 -3 -1 12 -4 -14
right_child=1 2 5 4 -6 6 7 -9 -10 -11 -12 -13 13 -15
leaf_value=0.0078132568835085174 0.0093738477352822754 -0.0022649618960734648 -0.0026533883677949221 -0.0027126558258155241 -0.010721499200810248 -0.0024998644594323577 -0.0049288053500310966 0.00016735505395388761 -2.2881181065670107e-05 -0.04367927172352716 0.00084609804991364862 0.0035275971578322993 -0.0011956555776685505 0.0022639828549508973
leaf_weight=4134 1457 84 2680 146 138 4505 555 11765 852 54 3739 3937 6127 10405
leaf_count=4134 1457 84 2680 146 138 4505 555 11765 852 54 3739 3937 6127 10405
internal_value=0.000344746 3.10197e-05 -0.000100829 -0.0034891 -0.00979592 8.00339e-06 -0.000711316 -0.000109489 -0.0016 -0.0105405 0.00204427 0.000530895 0.000185205 0.000565833
internal_weight=50578 42705 41248 1274 284 39974 16825 12320 990 138 7873 23149 19212 16532
internal_count=50578 42705 41248 1274 284 39974 16825 12320 990 138 7873 23149 19212 16532
is_linear=0
shrinkage=0.05


Tree=84
num_leaves=15
num_cat=0
split_feature=0 56 33 11 13 19 56 15 23 19 43 51 45 10
split_gain=9.0301 11.9459 7.33258 10.039 10.261 7.55664 8.39236 6.87438 6.45628 6.39198 6.44174 5.79178 5.78841 5.43969
threshold=22.150000572204593 28.550000190734867 1.0000000180025095e-35 96.660415649414077 56.34553527832032 79.049999237060561 59.199998855590827 139.00000000000003 0.51499998569488536 279.84999084472662 41.875000000000007 -0.37940952181816096 -3.2968453168869014 86.691665649414077
decision_type=2 2 2 2 2 2 2 2 2 2 10 2 2 2
left_child=-1 11 5 8 -5 -3 -7 -6 13 12 -11 -2 -8 -4
right_child=1 2 3 4 7 6 9 -9 -10 10 -12 -13 -14 -15
leaf_value=0.0071177072617580536 -0.0007000171334613799 0.0048676128451682101 -0.0023763446216908523 -0.023596861276198259 -0.02011215987895594 -0.0012692322342930211 -0.00045789846995999305 -0.0036139197518342812 0.00095573103813229542 -0.005101980450518415 0.00080046605245681591 -0.0051168644286943071 0.0031926600995915797 -0.013649517048722368
leaf_weight=3165 3370 8405 2810 50 103 5140 2948 972 11609 453 569 2159 9015 63
leaf_count=3165 3370 8405 2810 50 103 5140 2948 972 11609 453 569 2159 9015 63
internal_value=0.000449539 0.000277498 0.000564335 -0.000295511 -0.00482379 0.00107008 0.0004949 -0.00366359 5.93433e-05 0.0011716 -0.00260659 -0.00190558 0.00149628 -0.00205862
internal_weight=50831 47666 42137 15607 1125 26530 18125 1075 14482 12985 1022 5529 11963 2873
internal_count=50831 47666 42137 15607 1125 26530 18125 1075 14482 12985 1022 5529 11963 2873
is_linear=0
shrinkage=0.05


Tree=85
num_leaves=15
num_cat=0
split_feature=17 42 56 1 47 19 16 51 47 38 1 52 32 52
split_gain=8.51724 6.48779 6.29839 5.80542 5.35149 5.68547 5.76136 5.27425 5.06909 6.5861 5.14334 4.695 5.35607 4.39832
threshold=-5.5499999523162833 4.4500000476837167 16.250000000000004 52.800001144409187 7.3348486423492441 268.70001220703131 100.60000228881837 0.37940952181816107 13.715476036071779 9.0500001907348651 96.500000000000014 -0.94705909490585316 0.16841019690036776 0.91248813271522533
decision_type=2 2 2 2 2 2 2 2 2 2 2 2 2 2
left_child=4 11 -3 -4 5 7 -7 -1 13 -10 -11 12 -2 -5
right_child=1 2 3 8 -6 6 -8 -9 9 10 -12 -13 -14 -15
leaf_value=0.0012701982799799118 0.0028621780467181562 -0.0041926281305207412 0.00069155119384511964 -0.0010030599701565256 0.00027367634356985696 -0.0091984075030047928 0.0031302265511175516 0.0070074892498359388 -0.13933905937068172 0.000229121299311368 -0.012371539641263467 0.0019806329316717887 -0.0061569895344270025 -0.0047347310070107772
leaf_weight=6238 450 618 9921 9475 8104 127 105 6200 56 213 54 7865 550 812
leaf_count=6238 450 618 9921 9475 8104 127 105 6200 56 213 54 7865 550 812
internal_value=0.000437813 -0.000100919 -0.000576823 -0.000425734 0.00121584 0.00185726 -0.0057438 0.00200353 -0.00123823 -0.00731231 -0.00366426 0.0010338 -0.00217822 -0.00104059
internal_weight=50788 30014 21149 20531 20774 12670 232 12438 10610 323 267 8865 1000 10287
internal_count=50788 30014 21149 20531 20774 12670 232 12438 10610 323 267 8865 1000 10287
is_linear=0
shrinkage=0.05


Tree=86
num_leaves=15
num_cat=0
split_feature=43 1 56 1 15 9 50 51 26 43 8 22 13 1
split_gain=8.79785 6.5093 6.19687 4.42319 4.66693 5.31568 4.67867 4.52151 5.14611 8.49672 5.28904 5.46118 4.93361 7.1096
threshold=32.500000000000007 28.550000190734867 37.549999237060554 138.55000305175784 167.85000610351565 149.69999694824222 -0.37940952181816096 -0.37940952181816096 0.80262345075607311 417.50000000000006 158.09999847412112 1070.5000000000002 84.287200927734389 58.149999618530281
decision_type=8 2 2 2 2 2 2 2 2 10 2 2 2 2
left_child=-1 -2 -3 7 5 -5 -6 8 -4 -10 -11 -12 13 -9
right_child=1 2 3 4 6 -7 -8 12 9 10 11 -13 -14 -15
leaf_value=0.004105627098192427 0.003045339766101714 -0.0014050126081246153 0.0030553584801347239 -0.0035027640572687182 -0.0025608981035096599 -0.017273956195432424 0.00071170330400560698 0.00065695566661881102 0.0039323907472459943 -0.0026286228259726507 -0.014645577298666536 -0.0070753672878525325 0.0021531190521030699 -0.0028345262176192165
leaf_weight=6463 5882 9058 7252 404 1335 103 1921 8144 1008 999 52 70 3609 4309
leaf_count=6463 5882 9058 7252 404 1335 103 1921 8144 1008 999 52 70 3609 4309
internal_value=0.00041279 0.000160341 -7.78595e-05 0.000276561 -0.00132123 -0.00573501 -0.000618493 0.000513299 0.00138484 -0.000773726 -0.00375332 -0.0131818 3.73339e-06 -0.000468186
internal_weight=50609 44146 38264 29206 3763 507 3256 25443 9381 2129 1121 122 16062 12453
internal_count=50609 44146 38264 29206 3763 507 3256 25443 9381 2129 1121 122 16062 12453
is_linear=0
shrinkage=0.05


Tree=87
num_leaves=15
num_cat=0
split_feature=45 17 39 19 38 4 36 19 23 36 26 2 48 50
split_gain=9.84236 7.00725 6.91011 5.92616 5.96211 5.7901 5.78355 5.53325 6.7425 5.35002 5.28282 5.07181 4.62417 4.30276
threshold=-1.7778090238571165 85.15000152587892 1.0000000180025095e-35 51.95000076293946 2.2500000000000004 68.599998474121108 18.849999427795414 46.350000381469734 0.55500000715255748 18.44999980926514 0.75405275821685802 176.75000000000003 3.0499999523162846 -0.91597560048103321
decision_type=2 2 2 2 2 2 2 2 2 2 2 2 2 2
left_child=1 6 3 -2 -5 -3 11 13 -9 -6 -11 -1 -10 -8
right_child=2 5 -4 4 9 -7 7 8 12 10 -12 -13 -14 -15
leaf_value=0.0013597168215059921 0.0062886124888781123 -0.026336077039264938 -0.00242026235533995 -0.014353875645792845 0.0029079115399163417 -0.0034607876568311328 -0.0048591219160828087 -0.0026996507230089947 -0.0014575668989263498 0.0011887541327308736 -0.0015139813176705879 -0.0034577173293590074 0.0031492778204135147 0.0027306572348051493
leaf_weight=6892 4890 95 2491 122 5689 237 452 5786 2775 13598 3085 536 1781 2360
leaf_count=6892 4890 95 2491 122 5689 237 452 5786 2775 13598 3085 536 1781 2360
internal_value=0.000357192 -0.000474574 0.000939435 0.00116887 0.000825187 -0.0075731 -0.000356449 -0.000986022 -0.00152048 0.00088732 0.000435213 0.000758269 -8.10335e-05 0.00097803
internal_weight=50789 20914 29875 27384 22494 332 20582 13154 10342 22372 16683 7428 4556 2812
internal_count=50789 20914 29875 27384 22494 332 20582 13154 10342 22372 16683 7428 4556 2812
is_linear=0
shrinkage=0.05


Tree=88
num_leaves=15
num_cat=0
split_feature=43 0 47 56 51 47 34 16 16 0 38 20 23 12
split_gain=7.78872 7.84139 6.4417 5.59925 5.25411 7.21462 5.60985 5.53297 8.59157 4.41687 5.24196 4.3407 4.23575 4.21706
threshold=25.02689361572266 41.649999618530281 8.4041666984558123 18.750000000000004 -0.37940952181816096 5.9809091091156015 -1.6500000357627866 19.849999427795414 19.44999980926514 200.00000000000003 9.5500001907348651 52.049999237060554 0.59499999880790722 47.250000000000007
decision_type=8 2 2 2 2 2 2 2 2 2 2 2 2 2
left_child=12 2 3 -2 7 9 -7 8 13 10 -6 -8 -1 -3
right_child=1 4 -4 -5 5 6 11 -9 -10 -11 -12 -13 -14 -15
leaf_value=0.0077825111851839591 -0.0026492939691884331 0.00062140053283431652 -0.00013726683601166843 0.0048774094151530162 0.0051696739871626551 -0.0053572182026707885 -0.00043059018154494987 0.00084573078200076497 -0.010493732483875135 -0.0043177741876447356 -0.00021344813694391054 -0.0032819437819587246 0.00010185054306806703 -0.0043499022779283835
leaf_weight=3507 610 899 6056 7926 1632 1691 5046 13071 99 319 4974 2618 1586 348
leaf_count=3507 610 899 6056 7926 1632 1691 5046 13071 99 319 4974 2618 1586 348
internal_value=0.000375258 0.00016656 0.00112039 0.00200445 -0.000287068 -0.000902394 -0.00180726 0.000407916 -0.00263274 0.000320837 0.000601572 -0.00122882 0.00222712 -0.00144391
internal_weight=50382 45289 14592 8536 30697 16280 9355 14417 1346 6925 6606 7664 5093 1247
internal_count=50382 45289 14592 8536 30697 16280 9355 14417 1346 6925 6606 7664 5093 1247
is_linear=0
shrinkage=0.05


Tree=89
num_leaves=15
num_cat=0
split_feature=17 19 43 44 24 23 24 8 53 18 54 36 40 19
split_gain=7.8299 6.81125 8.5716 6.09721 4.86378 8.6537 10.1044 7.61171 5.46767 4.69888 4.48048 6.48066 9.43605 7.72563
threshold=-59.249999999999993 41.149999618530281 182.50000000000003 3.9760600328445439 5.5000000000000009 0.32500000298023229 76.500000000000014 161.85000610351565 -0.82413947582244862 57.149999618530281 9.5000000000000018 27.650000572204593 981.64999389648449 329.69999694824224
decision_type=2 2 10 2 2 2 2 2 2 2 2 2 2 2
left_child=-1 2 -2 10 -5 6 8 9 -6 -7 11 12 -3 -14
right_child=1 3 -4 4 5 7 -8 -9 -10 -11 -12 -13 13 -15
leaf_value=0.0072210455375293706 0.0087331851674673326 -0.0034960987942517945 -0.00098979548428905322 0.00029310603154357359 -0.0085128634903671695 -8.29240764960726e-05 -0.014389334299801821 -0.0090477150403851358 -0.0030773127406286578 -0.0063549713499050503 0.0019962386460045251 0.0011115731382918606 0.00056952438813020231 -0.0074594354424036662
leaf_weight=2235 3358 4183 2167 3680 111 3914 70 142 1415 94 7925 13088 8013 149
leaf_count=2235 3358 4183 2167 3680 111 3914 70 142 1415 94 7925 13088 8013 149
internal_value=0.000376232 0.000242037 0.0018925 2.85089e-05 -0.00109368 -0.00200139 -0.00511831 -0.000793269 -0.00417969 -0.000375809 0.000345841 2.22067e-05 -0.000799271 0.000190896
internal_weight=50544 48309 5525 42784 9426 5746 1596 4150 1526 4008 33358 25433 12345 8162
internal_count=50544 48309 5525 42784 9426 5746 1596 4150 1526 4008 33358 25433 12345 8162
is_linear=0
shrinkage=0.05


Tree=90
num_leaves=15
num_cat=0
split_feature=43 1 49 13 44 26 57 31 31 38 24 46 38 14
split_gain=8.76753 6.21281 6.68519 7.15729 6.38871 7.44494 5.41213 5.24464 4.59236 7.24278 11.0287 7.80477 5.41281 8.20321
threshold=32.500000000000007 52.45000076293946 22.500000000000004 57.604166030883796 2.4721593856811528 0.79590076208114635 38.583332061767585 0.3279553502798081 0.705266833305359 24.750000000000004 2.5000000000000004 0.15000000223517421 8.5500001907348651 8.1095643043518084
decision_type=8 2 8 2 2 2 2 2 2 2 2 2 2 2
left_child=7 6 3 -3 -4 -6 -2 -1 9 10 11 -8 13 -12
right_child=1 2 4 -5 5 -7 8 -9 -10 -11 12 -13 -14 -15
leaf_value=0.0002703358381518902 -0.0003400398864039621 -0.0043778377998317372 0.00092131985744640433 -0.00096692103674024641 -2.7083254812530625e-05 -0.0038868142886830876 -0.002766146099339061 0.0074631451298038448 0.0044835933559885001 0.0052322978644365539 -0.015642440593832775 -0.014210203775665273 0.0015497891730152406 -0.0019830210540049578
leaf_weight=2569 8259 1741 10063 5331 3696 1639 442 3839 5668 2479 59 300 4133 273
leaf_count=2569 8259 1741 10063 5331 3696 1639 442 3839 5668 2479 59 300 4133 273
internal_value=0.000312964 6.15746e-05 -0.000520462 -0.00179187 6.42525e-05 -0.00133302 0.000666651 0.00203958 0.00128854 0.000491164 -0.000568334 -0.00617021 0.000374302 -0.00567251
internal_weight=50491 44083 22470 7072 15398 5335 21613 6408 13354 7686 5207 742 4465 332
internal_count=50491 44083 22470 7072 15398 5335 21613 6408 13354 7686 5207 742 4465 332
is_linear=0
shrinkage=0.05


Tree=91
num_leaves=15
num_cat=0
split_feature=48 23 47 45 52 52 18 31 52 50 57 44 28 4
split_gain=7.80761 7.33405 6.48866 5.48855 5.43243 8.01254 5.08968 4.60762 4.04037 6.57814 5.49527 4.76551 3.75539 3.59427
threshold=-5.9500000476837149 0.75499999523162853 7.5095455646514901 -0.72666779160499562 -0.98214942216873158 -0.98523971438407887 29.349999427795414 0.705266833305359 0.78325453400611889 -0.91597560048103321 27.816666603088382 -3.8417252302169795 79.500000000000014 97.000000000000014
decision_type=2 2 2 2 2 2 2 2 2 2 2 2 2 2
left_child=1 2 7 6 5 -5 8 -1 13 10 11 -10 -7 -2
right_child=3 -3 -4 4 -6 12 -8 -9 9 -11 -12 -13 -14 -15
leaf_value=0.0029364992908634843 0.00078634641100096183 -0.0010868458598461697 0.00069729893786331983 -0.0015091482450776841 0.0011651716625752638 -0.0031336233715169252 -0.002631165531938197 0.011027306398416325 0.0018727126108108627 -0.0005210938056838041 -0.0024864372395456977 -0.016670673875482128 -0.034175220795837791 -0.0013210062527992423
leaf_weight=1886 9454 2345 3741 1322 18601 50 2144 3580 83 3444 532 260 51 3169
leaf_count=1886 9454 2345 3741 1322 18601 50 2144 3580 83 3444 532 260 51 3169
internal_value=0.000364304 0.00150579 0.00214115 2.68407e-05 0.000604972 -0.00236218 -0.000579702 0.00323776 -0.000288461 -0.00160661 -0.00545198 -0.0102975 -0.0152703 0.000163461
internal_weight=50662 11552 9207 39110 20024 1423 19086 5466 16942 4319 875 343 101 12623
internal_count=50662 11552 9207 39110 20024 1423 19086 5466 16942 4319 875 343 101 12623
is_linear=0
shrinkage=0.05


Tree=92
num_leaves=15
num_cat=0
split_feature=0 57 56 46 47 37 26 46 47 0 47 50 52 41
split_gain=7.91824 8.99697 8.76156 7.18704 6.85911 6.0367 6.78687 7.02238 5.73193 5.51843 6.50065 5.45922 6.85545 5.50114
threshold=42.45000076293946 81.683330535888686 43.95000076293946 1.0000000180025095e-35 11.427922248840334 86.500000000000014 0.75405275821685802 7.0499999523162851 7.673863649368287 186.05000305175784 7.3041667938232431 -0.91597560048103321 0.71503382921218883 99.500000000000014
decision_type=2 2 2 2 2 2 2 2 2 2 2 2 2 2
left_child=2 5 11 9 -4 6 7 -2 -5 10 -3 12 -1 -13
right_child=1 3 4 8 -6 -7 -8 -9 -10 -11 -12 13 -14 -15
leaf_value=0.00060139002653090317 0.0004425891939563228 0.004778870859075462 0.0073401622205513635 -0.0063287542957692943 -0.0043032799186036325 -0.0036207213471999081 -0.0018955089646326266 -0.010374769114850014 0.00051963362806273358 -0.00081602339000183359 -0.00046341260225581002 0.0018434281712469119 -0.0085873000991484177 -0.0034084207030662958
leaf_weight=821 13366 7290 6215 597 621 2813 5123 361 619 1615 2481 7056 635 1158
leaf_count=821 13366 7290 6215 597 621 2813 5123 361 619 1615 2481 7056 635 1158
internal_value=0.000343731 -8.97153e-05 0.00124304 0.00097209 0.00261174 -0.000707562 -0.000384411 0.000195458 -0.00266721 0.00136276 0.00181014 0.000273761 -0.00253752 0.000774562
internal_weight=50771 34265 16506 12602 6836 21663 18850 13727 1216 11386 9771 9670 1456 8214
internal_count=50771 34265 16506 12602 6836 21663 18850 13727 1216 11386 9771 9670 1456 8214
is_linear=0
shrinkage=0.05


Tree=93
num_leaves=15
num_cat=0
split_feature=0 36 45 37 0 37 46 43 23 21 26 13 38 47
split_gain=8.01827 9.24809 7.588 8.37209 7.33143 6.54259 6.26757 5.43294 5.30188 6.34708 5.29941 8.38485 7.20727 5.77392
threshold=28.849999427795414 14.650000095367433 -3.6739404254066051e-16 84.500000000000014 81.40000152587892 39.500000000000007 1.0000000180025095e-35 167.50000000000003 0.54500001668930065 37.500000000000007 0.70001143217086803 54.498512268066413 13.650000095367433 3.6041666269302373
decision_type=2 2 2 2 2 2 2 8 2 2 2 2 2 2
left_child=7 6 4 -4 5 8 -2 -1 9 -3 -6 12 -12 -13
right_child=1 2 3 -5 10 -7 -8 -9 -10 -11 11 13 -14 -15
leaf_value=0.008815925478820286 0.0028570897683185131 0.00039340125706625347 0.0013358323368902047 -0.0022914237306893783 -0.001283607873845162 0.00022162622335177603 -0.005312709478006712 0.0010882456392936493 0.0038563677821563725 -0.00495985332767661 -0.018122650819975796 -0.00086835888408596748 -0.0037000982890722026 -0.0080806159071796068
leaf_weight=2969 7925 791 14303 2910 2802 10043 620 3813 602 1715 78 944 101 1039
leaf_count=2969 7925 791 14303 2910 2802 10043 620 3813 602 1715 78 944 101 1039
internal_value=0.000324188 7.66814e-05 -0.000280434 0.000471172 -0.000994483 -0.000375731 0.00155172 0.00192285 -0.00237652 -0.00338633 -0.00262967 -0.00448435 -0.0145767 -0.00350477
internal_weight=50655 43873 35328 17213 18115 13151 8545 6782 3108 2506 4964 2162 179 1983
internal_count=50655 43873 35328 17213 18115 13151 8545 6782 3108 2506 4964 2162 179 1983
is_linear=0
shrinkage=0.05


Tree=94
num_leaves=15
num_cat=0
split_feature=43 0 56 0 46 24 23 47 36 23 33 40 6 47
split_gain=7.28513 6.88276 6.49787 6.71591 9.71735 6.60839 7.13143 6.45646 5.79382 5.38097 5.34372 5.36832 10.2659 6.79929
threshold=22.500000000000004 21.650000572204593 28.150000572204593 123.65000152587892 2.6499999761581425 4.5000000000000009 0.32500000298023229 5.1369316577911386 30.94999980926514 0.2650000005960465 1.5500000119209292 977.95001220703136 79.500000000000014 12.363068103790285
decision_type=8 2 2 2 2 2 2 2 2 2 2 2 2 2
left_child=-1 -2 8 7 5 -5 -7 -4 -3 -10 -9 12 13 -12
right_child=1 2 3 4 -6 6 -8 10 9 -11 11 -13 -14 -15
leaf_value=0.005201695009925086 0.0052852619593421945 -0.0031759504980707273 0.0024049190960773173 0.00032671216394203795 -0.01182506031641594 -0.015048402097644454 -0.0025345430212979111 0.0005770412031644367 -0.0030100791674084445 0.0025516293449216222 -0.0014247248668532236 0.00016790215323625508 -0.012479760750764509 -0.012339715782274724
leaf_weight=3697 2698 2941 8471 3316 67 68 2237 19028 708 1556 2251 2976 335 127
leaf_count=3697 2698 2941 8471 3316 67 68 2237 19028 708 1556 2251 2976 335 127
internal_value=0.000303649 0.00013454 -1.57627e-05 0.000206501 -0.00137943 -0.00113568 -0.00318574 0.000478643 -0.00167306 0.000228672 7.01664e-05 -0.00127303 -0.00287734 -0.00170017
internal_weight=50476 46779 44081 38876 5688 5621 2305 33188 5205 2264 24717 5689 2713 2378
internal_count=50476 46779 44081 38876 5688 5621 2305 33188 5205 2264 24717 5689 2713 2378
is_linear=0
shrinkage=0.05


Tree=95
num_leaves=15
num_cat=0
split_feature=47 48 0 33 45 52 40 47 11 24 13 1 24 19
split_gain=6.62083 9.50612 6.16518 6.86238 6.9034 6.83955 8.78947 6.82932 6.73954 7.88062 5.5743 6.74736 5.55377 6.78549
threshold=4.8348486423492441 1.8499999642372134 31.750000000000004 1.5500000119209292 0.69145217537879955 -0.91597726941108693 977.85000610351574 7.9894442558288583 64.437500000000014 6.5000000000000009 43.936309814453132 119.09999847412111 1.5000000000000002 29.849999427795414
decision_type=2 2 2 2 2 2 2 2 2 2 2 2 2 2
left_child=1 -1 12 4 10 7 8 -5 9 -7 -4 -12 13 -2
right_child=2 -3 3 5 -6 6 -8 -9 -10 -11 11 -13 -14 -15
leaf_value=0.0045937891232300755 0.0023954119920003656 -0.00018171699099692214 -0.0034378941011036072 -0.0091288164883449648 0.0014817398443528478 -0.009503684952840763 0.0007994351024351072 0.00076200821529676186 -0.010915028644741108 -0.00012330000289343651 0.00040921058850124851 -0.0031273624764517546 0.0030469946090475389 -0.0084817168996508714
leaf_weight=7638 905 6264 2738 333 9139 609 2629 162 516 1467 9659 1798 6145 525
leaf_count=7638 905 6264 2738 333 9139 609 2629 162 516 1467 9659 1798 6145 525
internal_value=0.000319271 0.00124784 -3.34378e-05 -0.000364762 1.58501e-05 -0.00191582 -0.00137545 -0.00747525 -0.00343582 -0.00214286 -0.000674058 -0.000188802 0.00123599 -0.0015625
internal_weight=50527 13902 36625 29050 23334 5716 5221 495 2592 2076 14195 11457 7575 1430
internal_count=50527 13902 36625 29050 23334 5716 5221 495 2592 2076 14195 11457 7575 1430
is_linear=0
shrinkage=0.05


Tree=96
num_leaves=15
num_cat=0
split_feature=45 46 19 44 56 26 56 25 19 33 52 13 40 53
split_gain=7.71936 6.23784 6.17813 5.71581 5.37285 4.9505 4.7579 5.97647 4.47493 4.62528 4.00743 6.06614 4.52253 8.69566
threshold=-1.7937000989913938 4.7500000000000009 87.90000152587892 -10.859440326690672 16.250000000000004 0.48961192369461065 85.299999237060561 15.84999990463257 279.84999084472662 1.3499999642372134 0.58481550216674816 101.53630828857423 980.54998779296886 -0.53495380282402027
decision_type=2 2 2 2 2 2 2 2 2 2 2 2 2 2
left_child=2 6 4 5 -1 -3 7 -2 9 -8 -4 12 13 -12
right_child=1 3 10 -5 -6 -7 8 -9 -10 -11 11 -13 -14 -15
leaf_value=-0.003939241783093567 0.0018484965059531765 -0.025780073867898413 -0.00084642371169142943 -0.0007604693574248774 0.00086577124980020059 -0.0058208444721119324 0.0045814490898656692 -0.0005859467585178392 -0.001468428280262974 -0.0059405868745143753 -0.0032288985018835074 -0.031028849847804924 -0.0018795137713943741 -0.014914931811649702
leaf_weight=558 13971 56 6933 1440 10871 307 6529 6516 674 403 294 51 1737 126
leaf_count=558 13971 56 6933 1440 10871 307 6529 6516 674 403 294 51 1737 126
internal_value=0.000380973 0.000893801 -0.000364431 -0.00194981 0.000410438 -0.00746649 0.00107693 0.000679856 0.00214417 0.00252233 -0.00133264 -0.00318305 -0.00272958 -0.00732558
internal_weight=50466 29896 20570 1803 11429 363 28093 20487 7606 6932 9141 2208 2157 420
internal_count=50466 29896 20570 1803 11429 363 28093 20487 7606 6932 9141 2208 2157 420
is_linear=0
shrinkage=0.05


Tree=97
num_leaves=15
num_cat=0
split_feature=47 0 56 56 0 24 30 8 56 57 22 49 22 23
split_gain=6.9838 8.26945 6.46935 5.86738 6.03255 7.2649 8.39505 7.15459 5.03251 5.01953 4.51805 4.45433 4.66975 4.70913
threshold=8.2477273941040057 40.350000381469734 9.5500001907348651 46.95000076293946 144.59999847412112 5.5000000000000009 57.500000000000007 179.50000000000003 36.95000076293946 97.950000762939467 4270.5000000000009 27.500000000000004 4170.0000000000009 0.39499999582767492
decision_type=2 2 2 2 2 2 10 2 2 2 2 8 2 2
left_child=1 8 -2 11 9 -6 -7 -8 -1 -5 -4 -3 13 -13
right_child=2 3 10 4 5 6 7 -9 -10 -11 -12 12 -14 -15
leaf_value=0.00074045950339640719 -0.012286746035666025 -0.0035561953458082621 -0.00061729818808464699 0.00052199769945464108 0.00029970618550076618 -0.0027734377305168824 -0.0037463950531670949 -0.016104237653835816 0.0074355712084868937 0.0048026925028763923 -0.0076278920791160989 -0.0014050522771003294 -0.0077825323872135746 0.0012326977212179277
leaf_weight=3505 52 1685 13854 11370 2957 943 138 64 5202 4964 93 2535 217 3286
leaf_count=3505 52 1685 13854 11370 2957 943 138 64 5202 4964 93 2535 217 3286
internal_value=0.000293366 0.000654355 -0.000657077 0.000237673 0.000681307 -0.00103113 -0.00439394 -0.0133962 0.00200011 0.00111172 -0.000585011 -0.0009356 -0.000299272 -2.48669e-05
internal_weight=50865 36866 13999 28159 20436 4102 1145 202 8707 16334 13947 7723 6038 5821
internal_count=50865 36866 13999 28159 20436 4102 1145 202 8707 16334 13947 7723 6038 5821
is_linear=0
shrinkage=0.05


Tree=98
num_leaves=15
num_cat=0
split_feature=47 48 26 20 37 38 16 44 3 36 14 12 33 26
split_gain=5.9545 9.58376 6.04297 8.4902 5.64335 10.0631 5.74302 5.7392 4.92991 7.11716 6.29973 5.34766 5.46838 5.10716
threshold=4.6369316577911386 -1.8499999642372129 0.80262345075607311 18.349999427795414 80.500000000000014 12.449999809265138 122.70000076293947 4.3456325531005868 109.54999923706056 17.94999980926514 40.632062911987312 107.68194580078126 1.0000000180025095e-35 0.99279317259788524
decision_type=2 2 2 2 2 2 2 2 2 2 2 2 2 2
left_child=1 -1 4 -4 7 -6 -7 -2 9 -5 11 -10 -13 -11
right_child=2 -3 3 8 5 6 -8 -9 10 13 -12 12 -14 -15
leaf_value=0.0054442124151076474 0.0018551433715081099 7.9218835992669729e-05 0.003781923363199827 0.0021128818129893148 0.0024233293859007169 -0.0022080703901260104 -0.0042313904865508021 -0.00053160879398145722 -0.018223638472975558 -0.0027938980404555876 -0.000334400982321579 -0.0013632007411338587 -0.016808815040357823 -0.0094184287502745156
leaf_weight=5419 16824 7254 1471 1064 2464 6343 51 6400 201 2366 385 295 74 266
leaf_count=5419 16824 7254 1471 1064 2464 6343 51 6400 201 2366 385 295 74 266
internal_value=0.000308232 0.00124694 -3.40171e-06 -0.00144162 0.000271407 -0.000801759 -0.00184728 0.000680899 -0.00248766 -0.00165138 -0.00567357 -0.00896552 -0.00515831 -0.00304315
internal_weight=50877 12673 38204 6122 32082 8858 6394 23224 4651 3696 955 570 369 2632
internal_count=50877 12673 38204 6122 32082 8858 6394 23224 4651 3696 955 570 369 2632
is_linear=0
shrinkage=0.05


Tree=99
num_leaves=15
num_cat=0
split_feature=19 56 31 25 13 6 15 49 1 15 0 15 12 56
split_gain=8.19789 7.12689 5.78766 6.8615 5.04052 7.78623 5.80287 5.42312 5.60299 6.6947 4.91658 5.32837 6.12442 4.67135
threshold=46.350000381469734 16.250000000000004 -3.9276016950607295 17.750000000000004 61.911605834960945 58.149999618530281 136.19999694824222 27.500000000000004 67.65000152587892 101.15000152587892 186.05000305175784 210.25000000000003 188.83541107177737 53.850000381469734
decision_type=2 2 2 2 2 2 2 10 2 2 2 2 2 2
left_child=1 -1 3 -3 6 -6 7 8 13 -10 11 12 -7 -2
right_child=4 2 -4 -5 5 10 -8 -9 9 -11 -12 -13 -14 -15
leaf_value=-0.0036221799136277096 -0.0015179256118970003 0.0016333323255989431 0.0064426646567207653 -0.010533023285666408 0.0050569720363702999 0.00026634250201633142 -0.0065014683472498364 0.00065895242116498058 -0.0059436855972273802 0.0010163093081585405 -0.0017813622977679176 0.0046107793307432372 -0.012913348536173855 0.0012199563012948726
leaf_weight=592 6913 2252 4812 63 4015 13065 755 8875 794 425 1991 1930 50 3936
leaf_count=592 6913 2252 4812 63 4015 13065 755 8875 794 425 1991 1930 50 3936
internal_value=0.000344507 0.00184306 0.00228177 0.000225807 7.3552e-05 0.000624614 -0.00046112 -0.000304729 -0.00099437 -0.00419447 0.000157222 0.000466623 0.000104762 -0.000631273
internal_weight=50468 7719 7127 2315 42749 21051 21698 20943 12068 1219 17036 15045 13115 10849
internal_count=50468 7719 7127 2315 42749 21051 21698 20943 12068 1219 17036 15045 13115 10849
is_linear=0
shrinkage=0.05


Tree=100
num_leaves=15
num_cat=0
split_feature=20 47 48 0 33 45 37 0 24 24 0 40 33 28
split_gain=6.98007 9.45885 7.42263 6.08884 6.25976 5.70824 5.60048 5.90758 5.06433 4.85485 6.45811 6.37236 5.51836 4.81191
threshold=94.950000762939467 4.6369316577911386 1.9499999880790713 18.44999980926514 1.8499999642372134 -1.1347075700759885 37.500000000000007 81.40000152587892 3.5000000000000004 2.5000000000000004 31.750000000000004 980.14999389648449 2.2500000000000004 82.500000000000014
decision_type=2 2 2 2 2 2 2 2 2 2 2 2 2 2
left_child=1 2 -1 -3 5 6 -5 -8 -2 11 -11 12 -6 -14
right_child=8 3 -4 4 9 -7 7 -9 -10 10 -12 -13 13 -15
leaf_value=0.0060020903993448791 0.00016568381114717069 0.0074810709880579048 0.00038259179901283143 -0.0027612468224588161 -0.015594690388143701 0.00135466701972936 0.00092182973408093123 -0.00191336640563947 -0.0023868024391415039 0.0046518427250649454 -0.001804629866143458 0.0013175845016550024 0.0030345798253663906 -0.01051697942810121
leaf_weight=5473 2429 1526 4594 3110 78 13254 7968 2487 3084 1075 4464 438 216 698
leaf_count=5473 2429 1526 4594 3110 78 13254 7968 2487 3084 1075 4464 438 216 698
internal_value=0.000214522 0.000418696 0.00176987 3.31221e-05 -0.000106811 0.000240225 -0.000480663 7.40566e-05 -0.00146388 -0.00144075 -0.000766805 -0.00402778 -0.00622754 -0.00501082
internal_weight=50894 45381 10067 35314 33788 26819 13565 10455 5513 6969 5539 1430 992 914
internal_count=50894 45381 10067 35314 33788 26819 13565 10455 5513 6969 5539 1430 992 914
is_linear=0
shrinkage=0.05


Tree=101
num_leaves=15
num_cat=0
split_feature=17 1 47 46 27 29 13 1 49 48 13 9 55 38
split_gain=5.90152 6.50411 6.99193 6.45955 6.38692 5.64753 4.76023 5.44002 6.39797 4.5107 5.1328 4.35729 4.094 3.94937
threshold=-73.700000762939439 112.34999847412111 5.1041665077209482 3.9500000476837163 21.750000000000004 3.1499999761581425 86.654167175292983 52.45000076293946 32.500000000000007 6.0499999523162851 146.82826995849612 24.150000572204593 4.5000000000000009 9.3499999046325701
decision_type=2 2 2 2 2 2 2 2 10 2 2 2 2 2
left_child=-1 2 9 4 -3 12 7 13 -9 -2 -11 -10 -6 -4
right_child=1 3 6 -5 5 -7 -8 8 11 10 -12 -13 -14 -15
leaf_value=0.0085580635886080177 0.0036459048402272785 -0.00044693171555777755 -0.0019350927392993212 -0.0099096945218842339 -0.0082746576262881424 -0.0018512173851857692 0.0029097176678748063 -0.0027853298275363628 -0.0061596975300603528 0.0001439578240661032 -0.027972335169229558 0.00051189357017024232 -0.019392214708556638 0.0010474068383299242
leaf_weight=1404 7706 6391 2840 88 162 745 3321 4839 188 2726 52 5215 61 14831
leaf_count=1404 7706 6391 2840 88 162 745 3321 4839 188 2726 52 5215 61 14831
internal_value=0.000330078 0.000238434 0.000481451 -0.00112176 -0.000950604 -0.0047137 0.000106261 -0.000106901 -0.00102321 0.00159806 -0.000129125 0.000159801 -0.0115236 0.000424467
internal_weight=50569 49165 41718 7447 7359 968 31234 27913 10242 10484 2778 5403 223 17671
internal_count=50569 49165 41718 7447 7359 968 31234 27913 10242 10484 2778 5403 223 17671
is_linear=0
shrinkage=0.05


Tree=102
num_leaves=15
num_cat=0
split_feature=17 19 21 45 38 26 28 37 23 19 24 33 18 16
split_gain=6.71781 6.17578 7.36358 6.86843 8.19079 5.8478 5.03302 4.30584 8.02703 5.06297 5.86901 4.89957 4.68032 4.33489
threshold=-59.249999999999993 45.95000076293946 68.500000000000014 -0.40378719568252558 3.7500000000000004 0.69216251373291027 78.500000000000014 51.500000000000007 0.56499999761581432 88.599998474121108 3.5000000000000004 3.1499999761581425 46.549999237060554 133.15000152587893
decision_type=2 2 2 2 2 2 2 2 2 2 2 2 2 2
left_child=-1 2 5 7 6 -2 -5 8 11 -9 -11 -3 13 -12
right_child=1 3 -4 4 -6 -7 -8 9 -10 10 12 -13 -14 -15
leaf_value=0.0058547017318223288 0.0036394364057377548 -0.0025956909715896519 0.0051761162770746407 -0.0035926812018489498 0.00075469332160167061 -0.003734891196246007 -0.013657208987922977 0.0013726977691197731 0.0014589602917441493 0.00061463505780546179 -0.0015736956703179756 -0.01075575797601765 -0.0071575354189138893 -0.015444782725991433
leaf_weight=2256 610 4692 5185 139 20143 1384 62 6184 1686 3077 4813 156 417 54
leaf_count=2256 610 4692 5185 139 20143 1384 62 6184 1686 3077 4813 156 417 54
internal_value=0.000286821 0.000162717 0.00151551 -7.20438e-05 0.000583178 -0.00106287 -0.00921801 -0.000704395 -0.00176956 -0.000225008 -0.00102676 -0.00280156 -0.00203627 -0.00159217
internal_weight=50858 48602 7179 41423 20344 1994 201 21079 6534 14545 8361 4848 5284 4867
internal_count=50858 48602 7179 41423 20344 1994 201 21079 6534 14545 8361 4848 5284 4867
is_linear=0
shrinkage=0.05


Tree=103
num_leaves=15
num_cat=0
split_feature=47 8 37 0 56 26 51 20 37 32 50 34 15 9
split_gain=7.24333 7.10957 5.85129 5.61087 7.05761 5.69268 7.27606 5.91046 5.11849 6.31114 5.54249 5.5387 5.98443 8.54788
threshold=4.8348486423492441 158.09999847412112 54.500000000000007 22.650000572204593 9.5500001907348651 0.75405275821685802 -0.37940952181816096 12.449999809265138 35.500000000000007 -2.4996402263641353 0.37940952181816107 -2.2499999999999996 70.90000152587892 43.45000076293946
decision_type=2 2 2 2 2 2 2 2 2 2 2 2 2 2
left_child=1 2 -1 4 -2 6 -5 -7 9 -8 11 12 -10 -14
right_child=3 -3 -4 5 -6 7 8 -9 10 -11 -12 -13 13 -15
leaf_value=-1.502983290089321e-05 -0.0048311798893112528 -0.0018034324014141092 0.0038921067495282674 0.0015409328698278251 0.0048661168586511391 0.005057579210194011 -0.0085351908762107617 -0.0022167278336158291 0.0025258718213438825 -0.0010847711146964698 -0.0016022257338438692 0.0013767862536464427 -0.011621365989699383 -1.7593484894700557e-06
leaf_weight=3296 79 1885 8687 10122 2845 659 563 5133 589 923 7044 8059 343 351
leaf_count=3296 79 1885 8687 10122 2845 659 563 5133 589 923 7044 8059 343 351
internal_value=0.000305211 0.00127828 0.00172726 -6.2636e-05 0.00203476 -0.000244703 5.07072e-05 -0.00167011 -0.000555866 -0.00335561 -0.000300073 0.000498289 -0.0025406 -0.00565341
internal_weight=50578 13868 11983 36710 2924 33786 27994 5792 17872 1486 16386 9342 1283 694
internal_count=50578 13868 11983 36710 2924 33786 27994 5792 17872 1486 16386 9342 1283 694
is_linear=0
shrinkage=0.05


Tree=104
num_leaves=15
num_cat=0
split_feature=0 56 0 46 43 56 23 36 40 23 23 0 53 15
split_gain=5.85642 6.33572 6.76084 7.72047 5.6309 4.99667 4.21455 3.99202 7.20396 5.93833 5.81614 4.35009 3.95968 4.94767
threshold=17.650000572204593 48.350000381469734 146.90000152587893 2.5499999523162846 32.500000000000007 9.5500001907348651 0.53499999642372142 27.650000572204593 981.04998779296886 0.50499999523162853 1.185000002384186 31.750000000000004 -0.63257205486297596 41.850000381469734
decision_type=2 2 2 2 8 2 2 2 2 2 2 2 2 2
left_child=5 7 4 -4 6 -1 -3 8 10 -9 12 -10 -2 -14
right_child=1 2 3 -5 -6 -7 -8 9 11 -11 -12 -13 13 -15
leaf_value=-0.0054562122541511665 -0.00066043757539874346 0.0075716957407596097 -0.00084801154193213781 -0.017672554083532101 0.00082068043925883976 0.010492765236738689 0.00094169945058382182 -0.00088487153779161708 0.0025888996243766619 0.0017936825069074455 -0.015254637842471157 -0.0012562888168971842 0.00067811616721793534 -0.0064728856475764623
leaf_weight=69 1150 2913 4022 54 20710 1416 1655 5694 1592 5225 164 4443 401 1066
leaf_count=69 1150 2913 4022 54 20710 1416 1655 5694 1592 5225 164 4443 401 1066
internal_value=0.000311759 0.000217825 0.00068349 -0.00120411 0.000988216 0.00339465 0.00257536 -0.000474804 -0.00126558 0.000164242 -0.00336618 -0.000293631 -0.00276551 -0.00447867
internal_weight=50574 49089 29354 4076 25278 1485 4568 19735 8816 10919 2781 6035 2617 1467
internal_count=50574 49089 29354 4076 25278 1485 4568 19735 8816 10919 2781 6035 2617 1467
is_linear=0
shrinkage=0.05


Tree=105
num_leaves=15
num_cat=0
split_feature=19 38 36 37 26 52 13 1 19 49 24 48 52 40
split_gain=6.14383 5.51091 5.60223 6.37442 6.52762 6.55044 5.99103 7.0141 5.67226 5.453 5.27302 5.25857 4.42155 4.57825
threshold=42.350000381469734 1.7500000000000002 14.449999809265138 86.500000000000014 0.75405275821685802 0.72695311903953563 177.40565490722659 210.25000000000003 279.84999084472662 -287.49999999999994 2.5000000000000004 8.7500000000000018 0.999393790960312 983.64999389648449
decision_type=2 2 2 2 2 2 2 2 2 10 2 2 2 2
left_child=9 10 8 4 5 -4 -6 -8 -3 -1 -2 -12 13 -7
right_child=1 2 3 -5 6 12 7 -9 -10 -11 11 -13 -14 -15
leaf_value=0.007276984068985231 0.0037895591083139178 0.0022703090042265161 0.001319015026591994 -0.002456743444764578 -0.0010149546559064969 -0.0024120425514267897 -0.0084072181558859562 0.0015026882533915608 -0.0025982873618531368 0.00025978945631251085 -0.011719747583472146 -0.0011303564097556345 -0.0052100578221657831 0.0010480231371120215
leaf_weight=3507 111 7421 18206 4335 6847 3158 94 63 565 2799 146 140 275 3100
leaf_count=3507 111 7421 18206 4335 6847 3158 94 63 565 2799 146 140 275 3100
internal_value=0.000310869 0.000103551 0.000157009 -0.000108346 0.000137468 0.000519011 -0.00120901 -0.0105689 0.00135443 0.00177011 -0.00568796 -0.00918919 -0.0008383 -0.000559987
internal_weight=50767 44461 44064 36078 31743 24739 7004 157 7986 6306 397 286 6533 6258
internal_count=50767 44461 44064 36078 31743 24739 7004 157 7986 6306 397 286 6533 6258
is_linear=0
shrinkage=0.05


Tree=106
num_leaves=15
num_cat=0
split_feature=47 48 23 26 45 49 23 12 17 56 19 29 14 29
split_gain=6.76928 7.73755 9.63006 6.47598 5.74256 5.32539 5.0088 6.49966 4.01353 4.01254 3.78731 3.74756 3.87999 3.7443
threshold=7.9522726535797128 -6.4500000476837149 0.70499998331069957 0.68648245930671703 -0.72666779160499562 27.500000000000004 1.2250000238418581 69.490280151367202 23.849999427795414 55.250000000000007 45.95000076293946 8.5500001907348651 12.443674087524416 6.3500001430511483
decision_type=2 2 2 2 2 10 2 2 2 2 2 2 2 2
left_child=1 2 -1 5 13 10 -5 -8 -6 -10 -2 -4 -13 -3
right_child=3 4 11 6 8 -7 7 -9 9 -11 -12 12 -14 -15
leaf_value=0.007551176098779375 0.0029333400705028366 -0.0010174396430053163 -0.00042955182952432311 -0.0021694046908064249 0.0019037886285771068 0.0026944914666898541 -0.012549576992881679 0.00093467318823274895 -0.0024237592080687455 0.00068239165211664028 -0.0014652984620016232 0.0026124506548483497 -0.01357797341060922 0.00077003958433973798
leaf_weight=4891 1404 8483 1179 3982 11472 3360 125 93 1312 2514 6453 74 88 5165
leaf_count=4891 1404 8483 1179 3982 11472 3360 125 93 1312 2514 6453 74 88 5165
internal_value=0.000289003 0.00067182 0.0022685 -0.000584365 0.000327393 4.31996e-05 -0.00225653 -0.00947368 0.000992292 -0.00040928 -0.000669251 -0.00147668 -0.00837209 -0.00041807
internal_weight=50595 35178 6232 15417 28946 11217 4200 218 15298 3826 7857 1341 162 13648
internal_count=50595 35178 6232 15417 28946 11217 4200 218 15298 3826 7857 1341 162 13648
is_linear=0
shrinkage=0.05


Tree=107
num_leaves=15
num_cat=0
split_feature=0 42 56 33 12 11 36 19 19 45 26 49 57 22
split_gain=5.79644 6.73743 6.34064 6.23849 5.80929 5.74659 7.46856 8.10593 5.46597 5.71287 5.3069 5.22068 6.79076 5.49152
threshold=41.649999618530281 6.5499999523162851 74.15000152587892 0.25000000745058065 135.15833282470706 96.660415649414077 25.250000000000004 268.70001220703131 268.70001220703131 -5.3606712818145743 0.73644965887069713 27.500000000000004 52.483333587646491 3177.0000000000005
decision_type=2 2 2 2 2 2 2 2 2 2 2 8 2 2
left_child=1 -1 4 8 11 -5 10 -8 9 -4 -7 12 -2 -13
right_child=2 -3 3 5 -6 6 7 -9 -10 -11 -12 13 -14 -15
leaf_value=0.0045360763048943051 -0.0042210733273245794 0.00016931152661145096 -0.0013360250878704564 0.00015296392650042843 -0.012321761486344495 0.0020119852156225033 -0.01903599386064439 0.0032842195443843572 -0.0020683046062072289 0.002357798722952463 -0.0072405170193905119 0.00024849105065848955 -0.00056151513297926557 -0.0029480553723471086
leaf_weight=6905 2445 8923 1463 1397 138 341 102 50 1198 9955 295 12464 3838 1034
leaf_count=6905 2445 8923 1463 1397 138 341 102 50 1198 9955 295 12464 3838 1034
internal_value=0.000273745 0.00106642 -8.78201e-05 0.000695767 -0.000670129 -0.00176538 -0.00515038 -0.0147531 0.00112308 0.00146045 -0.00266254 -0.000595978 -0.00178532 -4.14567e-05
internal_weight=50548 15828 34720 14801 19919 2185 788 152 12616 11418 636 19781 6283 13498
internal_count=50548 15828 34720 14801 19919 2185 788 152 12616 11418 636 19781 6283 13498
is_linear=0
shrinkage=0.05


Tree=108
num_leaves=15
num_cat=0
split_feature=17 19 44 24 49 31 16 24 23 14 5 27 45 19
split_gain=5.48586 5.09158 5.94458 5.83492 4.67921 6.98361 5.63007 4.76868 4.63863 7.62908 5.54302 5.96856 5.60034 4.89663
threshold=-62.450000762939446 42.350000381469734 3.9760600328445439 4.5000000000000009 22.500000000000004 0.3279553502798081 117.90000152587892 12.500000000000002 0.32500000298023229 5.1023464202880868 116.75000000000001 21.94999980926514 -0.3244654089212417 142.75000000000003
decision_type=2 2 2 2 8 2 2 2 2 2 2 2 2 2
left_child=-1 -2 4 -4 5 6 -3 -7 9 -5 -10 12 13 -12
right_child=1 2 3 8 -6 7 -8 -9 10 -11 11 -13 -14 -15
leaf_value=0.0051465275292460616 0.0025932099005084789 -0.0012345113613609312 0.00049805341063236517 -0.008170621098994954 0.00098465335185557294 0.004035426178397669 -0.005771677972316553 -0.00048179769680781393 -0.0005493035545186168 -0.0030455793518629026 -0.016101351217512227 0.0038137552904654141 0.0010877719808514738 -0.0070374131739592023
leaf_weight=2048 5943 9266 3349 143 17621 3158 210 3138 3987 1566 84 91 68 100
leaf_count=2048 5943 9266 3349 143 17621 3158 210 3138 3987 1566 84 91 68 100
internal_value=0.000284747 0.000177905 -1.27361e-05 -0.00112364 0.000299824 -0.000325687 -0.0011828 0.000964161 -0.00205075 -0.00424956 -0.00117511 -0.0071813 -0.0110305 -0.0153608
internal_weight=50772 48724 42781 9388 33393 15772 9476 6296 6039 1709 4330 343 252 184
internal_count=50772 48724 42781 9388 33393 15772 9476 6296 6039 1709 4330 343 252 184
is_linear=0
shrinkage=0.05


Tree=109
num_leaves=15
num_cat=0
split_feature=47 21 0 53 23 11 13 53 13 20 45 43 0 13
split_gain=6.52259 7.26191 4.74214 4.4299 5.9409 6.58144 7.75315 6.25164 11.7647 5.92343 5.29133 4.92935 4.70161 8.10402
threshold=4.6369316577911386 51.500000000000007 27.050000190734867 1.0000000180025095e-35 0.51499998569488536 96.660415649414077 76.428272247314467 -0.56369942426681507 64.388389587402358 43.149999618530281 3.5732871294021611 1087.5000000000002 80.450000762939467 51.584524154663093
decision_type=2 2 2 2 2 2 2 2 2 2 2 10 2 2
left_child=1 -1 -2 4 7 11 -7 -4 10 -10 -9 -6 -5 -14
right_child=2 -3 3 12 5 6 -8 8 9 -11 -12 -13 13 -15
leaf_value=0.00016513929407059136 0.0021461756732872326 0.0044364841254480886 -0.00027029823005617477 0.0014718598229385661 -0.00052544372829639596 -0.0031617709112079771 -0.022828375674940365 -0.0048876713276567851 -0.024147366633818824 -0.021820946515124985 0.0014741108653656696 0.003283997942947094 -0.010925586622654306 -0.00036757211628345729
leaf_weight=6784 5108 5880 2344 9261 10168 224 60 2080 53 54 594 1968 112 6171
leaf_count=6784 5108 5880 2344 9261 10168 224 60 2080 53 54 594 1968 112 6171
internal_value=0.000304791 0.00128768 -2.1331e-05 -0.000240339 -0.000784677 -0.000193081 -0.00758503 -0.00221519 -0.00381404 -0.019359 -0.00312221 -1.39962e-05 0.00037418 -0.000680915
internal_weight=50861 12664 38197 33089 17545 12420 284 5125 2781 107 2674 12136 15544 6283
internal_count=50861 12664 38197 33089 17545 12420 284 5125 2781 107 2674 12136 15544 6283
is_linear=0
shrinkage=0.05


Tree=110
num_leaves=15
num_cat=0
split_feature=17 53 45 16 53 56 39 16 44 10 45 30 29 3
split_gain=5.33332 5.39195 4.94661 5.3662 5.32104 5.04547 4.66803 4.47327 4.03656 4.0043 3.63929 3.5544 4.99696 4.34606
threshold=-73.700000762939439 -0.57782411575317372 -1.110812723636627 66.950000762939467 0.56191161274909984 18.750000000000004 1.0000000180025095e-35 67.40000152587892 -14.779191493988035 137.72499847412112 -8.6525430679321271 267.50000000000006 11.150000095367433 81.40000152587892
decision_type=2 2 2 2 2 2 2 2 2 2 2 8 2 2
left_child=1 -1 3 5 9 10 -4 -6 -8 -5 -2 13 -13 -12
right_child=2 -3 6 4 7 -7 8 -9 -10 -11 11 12 -14 -15
leaf_value=-0.012023383093780765 0.0037119543554402072 0.0075644596732272907 0.0010024968570117811 -0.0046634879694951925 -0.01245466061449468 6.7495305129165292e-05 -0.015370589689761897 -0.00095574687576768585 -0.0013407098993101277 -0.019331709789819063 -0.00055899246291496332 -0.0090112513615078337 0.0020561679508752616 -0.010870218638763418
leaf_weight=51 226 1384 24089 312 82 18842 148 2540 2165 53 442 220 82 50
leaf_count=51 226 1384 24089 312 82 18842 148 2540 2165 53 442 220 82 50
internal_value=0.000241242 0.00323529 0.000153367 -0.000385187 -0.00235736 -8.75602e-05 0.000619416 -0.00155395 -0.00152174 -0.00793333 -0.00349515 -0.00507463 -0.00926282 -0.00237052
internal_weight=50686 1435 49251 22849 2987 19862 26402 2622 2313 365 1020 794 302 492
internal_count=50686 1435 49251 22849 2987 19862 26402 2622 2313 365 1020 794 302 492
is_linear=0
shrinkage=0.05


Tree=111
num_leaves=15
num_cat=0
split_feature=0 13 56 1 5 13 37 12 13 38 41 50 46 54
split_gain=6.38688 7.1321 6.18882 5.83806 4.95867 5.29301 6.61993 4.41145 4.61634 4.54944 6.27669 4.47171 5.64461 4.17435
threshold=42.199998855590827 60.324106216430671 38.549999237060554 138.55000305175784 140.40000152587893 169.37559509277347 75.500000000000014 44.497917175292976 48.540180206298835 10.949999809265138 99.500000000000014 -0.91597560048103321 1.0000000180025095e-35 9.5000000000000018
decision_type=2 2 2 2 2 2 2 2 2 2 2 2 2 2
left_child=2 13 7 4 5 -3 -7 11 9 -9 -11 12 -1 -2
right_child=1 3 -4 -5 -6 6 -8 8 -10 10 -12 -13 -14 -15
leaf_value=-0.0075368452902267015 -0.0014989595504295893 0.00083409140424462651 0.0041538456023346793 -0.00088193908144976272 0.004564923405678295 -0.015092809169270895 0.0005009077122022492 -0.0084543624885153011 -0.0012054620140375086 0.0039026751191441238 -0.016484347641000274 0.0013545002449499481 0.0054069021339894479 0.0017455598525853756
leaf_weight=641 12251 13463 8316 4813 2386 85 134 150 962 224 67 5684 327 1345
leaf_count=641 12251 13463 8316 4813 2386 85 134 150 962 224 67 5684 327 1345
internal_value=0.000246569 -0.000139618 0.00105946 0.000440621 0.000898122 0.000530237 -0.00700873 7.12959e-05 -0.00246638 -0.0066408 -0.00280731 0.000609427 -0.00251534 -0.00103043
internal_weight=50848 34477 16371 20881 16068 13682 219 8055 1403 441 291 6652 968 13596
internal_count=50848 34477 16371 20881 16068 13682 219 8055 1403 441 291 6652 968 13596
is_linear=0
shrinkage=0.05


Tree=112
num_leaves=15
num_cat=0
split_feature=43 19 51 37 38 50 52 2 24 26 43 50 55 37
split_gain=5.97408 4.8047 5.63844 6.92772 6.80586 6.11997 6.62552 6.37615 6.26874 5.4829 7.43367 5.97737 5.78234 6.84405
threshold=25.02689361572266 29.849999427795414 -0.37940952181816096 44.500000000000007 9.4499998092651385 0.37940952181816107 -0.31799228489398951 74.15000152587892 5.5000000000000009 0.67501363158226024 332.50000000000006 -0.6035533845424651 4.5000000000000009 80.500000000000014
decision_type=8 2 2 2 2 2 2 2 2 2 10 2 2 2
left_child=-1 -2 9 4 -4 7 -7 -5 -9 -3 11 -11 -12 -14
right_child=1 2 3 5 -6 6 -8 8 -10 10 12 -13 13 -15
leaf_value=0.0030160221261402499 0.0051552481694547639 0.0021894995115679808 -0.0067023452469923226 0.0020981676685985942 -0.0011852474347497839 -0.0031879593169642749 -4.3494116200602086e-05 0.00071848391229244993 -0.0039974377241532456 -0.003955545433158199 -5.3316508716888766e-05 0.0033061539753987002 -0.0021897989564186016 -0.014020412198498295
leaf_weight=5011 2126 6797 1265 8613 2339 4081 5384 1863 1618 354 5637 3334 2096 131
leaf_count=5011 2126 6797 1265 8613 2339 4081 5384 1863 1618 354 5637 3334 2096 131
internal_value=0.000196313 1.62112e-05 -9.74218e-05 -0.000583363 -0.0026093 -0.000243637 -0.00119525 0.000501487 -0.00130192 0.000568931 -9.42742e-05 0.001755 -0.000962662 -0.00311354
internal_weight=50649 45638 43512 25163 3604 21559 9465 12094 3481 18349 11552 3688 7864 2227
internal_count=50649 45638 43512 25163 3604 21559 9465 12094 3481 18349 11552 3688 7864 2227
is_linear=0
shrinkage=0.05


Tree=113
num_leaves=15
num_cat=0
split_feature=0 13 43 14 50 44 23 20 24 53 38 34 52 13
split_gain=5.65362 7.61678 6.8655 6.15016 4.92715 7.52309 4.92292 4.8326 4.62284 12.031 4.64894 4.50478 4.09224 8.65569
threshold=60.649999618530281 59.093452453613288 47.500000000000007 3.4420465230941777 -1.0000000180025095e-35 0.85758596658706676 0.9350000023841859 93.149997711181655 5.5000000000000009 0.69521084427833568 9.9499998092651385 -4.2499999999999991 -0.98214942216873158 58.849403381347663
decision_type=2 2 8 2 2 2 2 2 2 2 2 2 2 2
left_child=2 11 3 -1 5 7 8 -3 10 -10 -7 -2 13 -4
right_child=1 4 12 -5 -6 6 -8 -9 9 -11 -12 -13 -14 -15
leaf_value=-0.0057444779263099398 -0.023355329205008733 0.0018562472526222136 0.00053324796773124804 0.0056894247617674037 0.001024379886408732 0.00027175365170729524 0.0043556960274512167 -0.0035373712481740665 -0.0013641043989885305 -0.0071023244646635057 -0.0041049568530877349 -0.0017760472241555338 0.00070764070543994609 -0.0073825324512685007
leaf_weight=59 119 3345 805 4473 9371 1278 393 343 749 468 975 5208 22651 475
leaf_count=59 119 3345 805 4473 9371 1278 393 343 749 468 975 5208 22651 475
internal_value=0.000208194 -0.000388831 0.00067485 0.00245707 0.000130522 -0.000819336 -0.00235864 0.000795025 -0.00295977 -0.00543195 -0.00160627 -0.00203579 0.000336452 -0.0024031
internal_weight=50712 22249 28463 4532 16922 7551 3863 3688 3470 1217 2253 5327 23931 1280
internal_count=50712 22249 28463 4532 16922 7551 3863 3688 3470 1217 2253 5327 23931 1280
is_linear=0
shrinkage=0.05


Tree=114
num_leaves=15
num_cat=0
split_feature=17 34 34 29 1 47 52 36 38 19 26 50 51 26
split_gain=5.24116 8.68559 4.47574 4.40193 4.03488 4.87465 4.10123 5.11386 4.11399 4.85549 4.91201 4.74595 5.50694 5.04398
threshold=-25.05000019073486 -4.8500001430511466 3.2500000000000004 7.1499998569488534 72.500000000000014 4.6369316577911386 0.88621068000793468 27.94999980926514 9.5500001907348651 329.69999694824224 0.69600468873977672 -0.37940952181816096 1.0000000180025095e-35 0.69767969846725475
decision_type=2 2 2 2 2 2 2 2 2 2 2 2 2 2
left_child=1 -1 -3 -4 5 -2 8 -8 9 -6 -11 13 -13 -10
right_child=4 2 3 -5 6 -7 7 -9 11 10 -12 12 -14 -15
leaf_value=-0.0089094173608167092 0.0025672488355307438 0.0028087564514230031 -0.0077383332965621611 0.0066091454271549463 0.0011134264928702705 0.000158040248761273 -0.0064672144473165898 0.00039246011435003245 -0.00083538236052612281 -0.0063765239591669536 -0.0024607534126073697 0.00076049684406111868 -0.002777480926021236 -0.0058276575726141939
leaf_weight=117 4681 7838 185 112 3960 24549 394 254 1666 59 150 3961 1713 1171
leaf_count=117 4681 7838 185 112 3960 24549 394 254 1666 59 150 3961 1713 1171
internal_value=0.00029516 0.00144759 0.00164825 -0.00428339 7.14153e-05 0.000400137 -0.000649273 -0.00449848 -0.000449172 0.000836325 -0.00641552 -0.0010791 -0.000242787 -0.00274499
internal_weight=50810 8252 8135 297 42558 29230 13328 648 12680 4169 209 8511 5674 2837
internal_count=50810 8252 8135 297 42558 29230 13328 648 12680 4169 209 8511 5674 2837
is_linear=0
shrinkage=0.05


Tree=115
num_leaves=15
num_cat=0
split_feature=17 43 51 56 26 2 26 40 43 23 45 22 23 57
split_gain=5.14186 5.43911 5.55812 6.17611 5.48662 5.15539 4.65261 4.3841 4.36215 5.21352 4.35971 4.27055 4.36094 5.41109
threshold=42.549999237060554 37.500000000000007 -0.37940952181816096 16.250000000000004 0.75405275821685802 173.94999694824222 0.69622549414634716 993.95001220703136 327.50000000000006 0.21499999612569812 -5.0194687843322745 292.50000000000006 0.36500000953674322 49.983333587646491
decision_type=2 8 2 2 2 2 2 2 10 2 2 2 2 2
left_child=1 11 4 -4 -3 10 -2 -7 -6 -10 -5 -1 -13 -14
right_child=6 2 3 5 8 7 -8 -9 9 -11 -12 12 13 -15
leaf_value=-0.0055274840995918652 -0.0026844388552144669 0.0018741583994460458 -0.0079466926400178738 -0.0014678784030736551 0.0022881981477601674 -0.001904496904567423 -9.0613557945070606e-05 -0.012265959152230794 -0.0036011524522998025 -0.00060387041401767328 0.00033038287447900174 0.0081812165410554642 -0.0044399379206049644 0.0023012089063875075
leaf_weight=56 1767 11897 373 4945 1142 284 2793 52 551 3278 17219 2121 439 3694
leaf_count=56 1767 11897 373 4945 1142 284 2793 52 551 3278 17219 2121 439 3694
internal_value=0.000243081 0.00040175 0.000185027 -0.000322728 0.000873326 -0.00021546 -0.00135667 -0.00627168 -0.00052098 -0.00132977 -0.000120862 0.00176424 0.00189496 0.000944968
internal_weight=50611 46051 39741 22873 16868 22500 4560 336 4971 3829 22164 6310 6254 4133
internal_count=50611 46051 39741 22873 16868 22500 4560 336 4971 3829 22164 6310 6254 4133
is_linear=0
shrinkage=0.05


Tree=116
num_leaves=15
num_cat=0
split_feature=17 2 33 56 23 21 23 33 43 16 30 30 13 13
split_gain=5.91955 4.80672 6.13816 5.15464 5.08903 6.01263 6.41915 4.21349 3.56016 3.3684 3.85632 5.39078 3.74048 4.71483
threshold=-73.700000762939439 51.399999618530281 1.0000000180025095e-35 49.049999237060554 0.33500000834465032 72.500000000000014 0.89499998092651378 1.4499999880790713 47.500000000000007 64.40000152587892 207.50000000000003 387.50000000000006 59.386013031005866 57.044345855712898
decision_type=2 2 2 2 2 2 2 2 10 2 10 10 2 2
left_child=-1 3 -3 -2 7 -6 -7 -4 -5 12 -11 -12 13 -8
right_child=1 2 4 8 5 6 9 -9 -10 10 11 -13 -14 -15
leaf_value=0.006900303608451239 0.00015541317649306243 0.00019723613063315221 -0.0030763240175054871 0.0054789336037582301 3.8044615597932679e-05 -0.0046440976344872984 -0.00084215825450427266 -0.0089551021116643648 0.0017731064248090796 0.00465633676738237 -0.016031157992092135 -0.0033983932403853032 0.0034659539098523783 -0.012656776074330599
leaf_weight=1428 14519 18641 133 3043 4035 1475 644 60 5504 82 94 180 901 76
leaf_count=1428 14519 18641 133 3043 4035 1475 644 60 5504 82 94 180 901 76
internal_value=0.000272996 0.000180882 -0.000280847 0.000707662 -0.00146944 -0.00125584 -0.00278452 -0.00928571 0.00168108 -0.000913437 -0.0052459 -0.00802817 6.43779e-05 -0.00260274
internal_weight=50815 49387 26321 23066 7680 7487 3452 193 8547 1977 356 274 1621 720
internal_count=50815 49387 26321 23066 7680 7487 3452 193 8547 1977 356 274 1621 720
is_linear=0
shrinkage=0.05


Tree=117
num_leaves=15
num_cat=0
split_feature=47 48 51 26 0 16 17 2 16 27 45 33 25 38
split_gain=5.21845 8.9776 4.6334 6.17108 4.26212 3.94224 3.40723 3.74658 3.36963 3.49413 4.0337 3.23553 3.30748 3.22373
threshold=5.6881945133209237 -6.4500000476837149 -0.37940952181816096 0.80262345075607311 31.750000000000004 13.34999990463257 -62.450000762939446 171.1499938964844 12.150000095367433 28.750000000000004 3.6017768383026127 23.550000190734867 60.800001144409187 24.750000000000004
decision_type=2 2 2 2 2 2 2 2 2 2 2 2 2 2
left_child=1 -1 3 -2 13 -6 -7 -8 -5 -10 -11 12 -3 -4
right_child=2 11 4 8 5 6 7 -9 9 10 -12 -13 -14 -15
leaf_value=0.0067339778504805249 0.001680811357853221 0.0007102967616636059 0.0003160280562506067 0.0054977945886332154 -0.0068241339869074937 0.0052199576729428905 -0.00093154063268080067 -0.0063366278445208509 -0.0016008574380431658 -0.0079148296196657458 0.0011575349279216171 -0.0034077990765675852 -0.0043350450709262597 0.010841486253039923
leaf_weight=3183 9184 16093 4599 174 291 592 13408 238 1367 117 75 249 264 533
leaf_count=3183 9184 16093 4599 174 291 592 13408 238 1367 117 75 249 264 533
internal_value=0.000342121 0.000974544 -6.73465e-05 0.000758214 -0.000525901 -0.000963271 -0.000842925 -0.00100469 -0.00197074 -0.00271192 -0.00886139 0.000507342 0.000594795 0.000711785
internal_weight=50367 19789 30578 10917 19661 14529 14238 13646 1733 1559 192 16606 16357 5132
internal_count=50367 19789 30578 10917 19661 14529 14238 13646 1733 1559 192 16606 16357 5132
is_linear=0
shrinkage=0.05


Tree=118
num_leaves=15
num_cat=0
split_feature=47 19 26 34 28 3 22 53 37 25 38 55 14 11
split_gain=5.97199 5.01022 5.62968 5.62961 6.12808 6.10313 5.17351 4.54317 7.01365 6.18213 4.79968 7.41009 6.49688 8.9051
threshold=3.6825758218765263 28.849999427795414 0.75405275821685802 2.7500000000000004 83.500000000000014 79.500000000000014 3127.0000000000005 0.56191161274909984 86.500000000000014 15.949999809265138 10.949999809265138 5.5000000000000009 6.7081835269927987 31.797916412353519
decision_type=2 2 2 2 2 2 2 2 2 2 2 2 2 2
left_child=-1 -2 7 6 5 -5 -4 8 10 -10 11 -3 13 -13
right_child=1 2 3 4 -6 -7 -8 -9 9 -11 -12 12 -14 -15
leaf_value=0.0018241187111541716 0.0055347835531231295 -0.00061306648660200229 -0.0004533691942957478 0.00075453316640653563 -0.015757338830827895 -0.0099709686183222044 -0.0043665442293807097 0.0014484582833283444 -0.0016937978802936569 -0.0054119489672153692 0.00071638367428679254 -0.0010916715365738214 -0.0057242554190959326 -0.014639646871596241
leaf_weight=6982 2008 3034 7124 284 103 103 870 6935 2724 845 19125 51 338 66
leaf_count=6982 2008 3034 7124 284 103 103 870 6935 2724 845 19125 51 338 66
internal_value=0.000232402 1.49016e-05 -0.000103095 -0.00125147 -0.0064 -0.00331234 -0.000928286 0.000191379 -0.000110144 -0.00216681 0.000215258 -0.00148757 -0.00736559 -0.0170472
internal_weight=50592 43610 41602 8484 490 387 7994 33118 26183 3569 22614 3489 455 117
internal_count=50592 43610 41602 8484 490 387 7994 33118 26183 3569 22614 3489 455 117
is_linear=0
shrinkage=0.05


Tree=119
num_leaves=15
num_cat=0
split_feature=28 53 47 9 36 37 23 53 23 23 4 33 53 14
split_gain=5.87979 8.15831 6.10884 4.93472 5.32744 4.64225 4.57918 8.19851 4.57322 4.4734 4.33591 7.38807 6.28971 4.17474
threshold=44.500000000000007 0.097680736333131804 7.9522726535797128 78.799999237060561 27.650000572204593 51.500000000000007 0.39499999582767492 -0.81427544355392445 0.21499999612569812 0.24499999731779101 50.549999237060554 1.3499999642372134 -0.99628248810768116 6.4505441188812265
decision_type=2 2 2 2 2 2 2 2 2 2 2 2 2 2
left_child=1 -1 5 4 13 6 7 -2 -6 -7 -10 -12 -13 -4
right_child=2 -3 3 -5 8 9 -8 -9 10 -11 11 12 -14 -15
leaf_value=0.00061411343912213157 -0.0099147702661758624 0.008194537731108599 0.00041455467454859128 0.00066441748493388346 -0.0084993097509319087 0.0044795846236514924 0.00027592923304249416 -0.00159577175250991 0.0029335673465266765 0.00052111952988683331 0.00092109715556479548 -0.011373255599882844 -0.003415398774334498 -0.0039020162628745992
leaf_weight=7689 80 2788 744 2913 122 2094 3257 2799 1601 21313 1205 106 392 3557
leaf_count=7689 80 2788 744 2913 122 2094 3257 2799 1601 21313 1205 106 392 3557
internal_value=0.000222025 0.00127634 -5.31185e-05 -0.00107981 -0.00174034 0.000316888 -0.00090628 -0.00235549 -0.000267753 0.000637785 9.65602e-05 -0.00165499 -0.0067126 -0.00291
internal_weight=50660 10477 40183 10640 7727 29543 6136 2879 3426 23407 3304 1703 498 4301
internal_count=50660 10477 40183 10640 7727 29543 6136 2879 3426 23407 3304 1703 498 4301
is_linear=0
shrinkage=0.05


Tree=120
num_leaves=15
num_cat=0
split_feature=44 0 53 1 0 52 53 15 13 51 15 43 8 12
split_gain=5.55635 4.82397 5.61219 8.20866 5.97379 5.16104 5.0469 5.26559 6.59073 5.42773 5.17334 4.98171 4.83122 4.76572
threshold=4.821810483932496 22.650000572204593 0.33222858607769018 132.00000000000003 57.800001144409187 0.81428062915802013 -0.70900321006774891 94.65000152587892 70.686309814453139 0.37940952181816107 138.55000305175784 122.50000000000001 22.150000572204593 48.309028625488288
decision_type=2 2 2 2 2 2 2 2 2 2 2 8 2 2
left_child=1 -1 4 5 6 -4 10 8 -8 -10 -3 -6 13 -7
right_child=-2 2 3 -5 11 12 7 -9 9 -11 -12 -13 -14 -15
leaf_value=0.0054332294468077483 -0.00074282836892211818 0.0024557833942844211 0.0036964923109735061 -0.00061211226077306519 -0.0030001039733472926 0.0010572691771226512 -0.00093296505082180337 0.0053572909402301531 -0.0020482012187246347 -0.010323034481224727 -0.010374036423737912 -0.00036166729167017399 -0.00015759034532324663 -0.0059333628817185378
leaf_weight=2588 9129 6856 8604 4664 2340 52 7959 1205 84 57 80 5842 1247 51
leaf_count=2588 9129 6856 8604 4664 2340 52 7959 1205 84 57 80 5842 1247 51
internal_value=0.000147534 0.000392541 0.000253643 0.00102817 -0.000210166 0.00183862 0.000344902 -0.000415996 -0.000875462 -0.0112252 0.00136481 -0.00131103 -0.00102941 -0.0109292
internal_weight=50758 41629 39041 14618 24423 9954 16241 9305 8100 141 6936 8182 1350 103
internal_count=50758 41629 39041 14618 24423 9954 16241 9305 8100 141 6936 8182 1350 103
is_linear=0
shrinkage=0.05


Tree=121
num_leaves=15
num_cat=0
split_feature=19 43 38 37 56 0 47 26 48 48 23 50 43 19
split_gain=5.03606 8.33886 4.66415 4.75217 4.26076 5.0835 5.30838 6.38697 5.0228 4.98529 4.7151 5.39229 4.25154 4.88253
threshold=40.100000381469734 187.50000000000003 24.750000000000004 92.500000000000014 203.25000000000003 195.80000305175784 3.6436507701873784 0.75405275821685802 5.1499998569488534 -1.1500000357627866 0.55500000715255748 -0.6035533845424651 32.500000000000007 329.69999694824224
decision_type=2 10 2 2 2 2 2 2 2 2 2 2 10 2
left_child=1 -1 3 -3 5 6 8 9 -2 -8 11 -11 13 -7
right_child=4 2 -4 -5 -6 12 7 -9 -10 10 -12 -13 -14 -15
leaf_value=0.006290720927654099 0.0041405373111644489 -0.0016303997588784447 0.0069685329501800843 -0.014985298732550254 0.0033669330505300497 -0.0047846130304943441 -0.00061603357451282467 -0.0015110013943792455 -0.00029086970079630117 -0.0020197975074198282 0.0026733370752134999 0.0013333587725659344 -0.00090274174361195498 -0.0091255352599602067
leaf_weight=3378 3218 1265 562 145 1347 285 15928 6865 2094 2922 7400 4442 837 82
leaf_count=3378 3218 1265 562 145 1347 285 15928 6865 2094 2922 7400 4442 837 82
internal_value=0.000127019 0.00157649 -0.00100404 -0.00253521 -4.40236e-05 -0.000128961 -3.85968e-05 -0.000247957 0.00143931 6.05826e-05 0.000722215 -0.000173583 -0.0033196 -0.0077321
internal_weight=50770 5350 1972 1410 45420 44073 42869 37557 5312 30692 14764 7364 1204 367
internal_count=50770 5350 1972 1410 45420 44073 42869 37557 5312 30692 14764 7364 1204 367
is_linear=0
shrinkage=0.05


Tree=122
num_leaves=15
num_cat=0
split_feature=0 42 53 13 12 38 33 6 13 6 14 23 2 41
split_gain=4.96125 6.54947 6.29118 6.10898 6.08263 6.85216 6.366 6.0196 7.23006 5.93752 5.54255 5.36375 6.18339 5.09129
threshold=34.649999618530281 7.4500000476837167 0.89691349864006054 60.324106216430671 69.490280151367202 25.250000000000004 0.25000000745058065 77.40000152587892 53.920238494873054 58.149999618530281 5.5526955127716073 0.56499999761581432 54.300001144409187 1.0000000180025095e-35
decision_type=2 2 2 2 2 2 2 2 2 2 2 2 2 2
left_child=1 -1 -3 4 7 6 -6 -2 11 -5 -11 12 -9 -14
right_child=3 2 -4 9 5 -7 -8 8 -10 10 -12 -13 13 -15
leaf_value=0.0044460620255813319 -0.00024838738457624127 0.00016253138574566766 -0.0070724912948948344 0.0039652338520723912 0.00044354184106846009 -0.024002986342504307 -0.0077716424700310779 -0.00095510966844779624 0.00080752329518128663 -0.013503132867512297 0.00017703390060502 -0.0015123407709843075 -0.0031190664442766023 -0.010867116249073832
leaf_weight=5620 15752 5014 81 4422 360 62 238 169 590 89 17398 426 166 224
leaf_count=5620 15752 5014 81 4422 360 62 238 169 590 89 17398 426 166 224
internal_value=0.000241106 0.0011958 -0.00010284 -1.55363e-05 -0.000698172 -0.00537313 -0.00355263 -0.000517102 -0.00345426 0.000544961 0.000130594 -0.00605528 -0.0092355 -0.012625
internal_weight=50611 10715 5095 39896 17987 660 598 17327 1575 21909 17487 985 559 390
internal_count=50611 10715 5095 39896 17987 660 598 17327 1575 21909 17487 985 559 390
is_linear=0
shrinkage=0.05


Tree=123
num_leaves=15
num_cat=0
split_feature=47 19 56 45 38 57 8 50 27 24 20 49 20 15
split_gain=5.22976 6.23143 5.24235 5.19823 4.79425 3.91747 3.64867 3.9109 7.21351 3.61064 3.58977 3.55071 5.6511 3.50046
threshold=8.1422619819641131 77.65000152587892 38.549999237060554 -0.40378719568252558 9.5500001907348651 67.416667938232436 158.09999847412112 0.12940952181816109 13.550000190734865 1.5000000000000002 121.85000228881837 27.500000000000004 68.149997711181655 164.59999847412112
decision_type=2 2 2 2 2 2 2 2 2 2 2 10 2 2
left_child=1 2 -1 4 -3 -5 10 8 -8 -2 -6 12 -11 -12
right_child=9 3 -4 5 6 -7 7 -9 -10 11 13 -13 -14 -15
leaf_value=0.00015750269039337182 -0.0039022494850625036 0.00080786645366924352 0.0038844064719374739 -0.00016606865245227107 -0.00082722779530355829 0.0020000927029867944 -0.0029935822820117337 0.00059199865666817301 -0.010168239165466001 -0.00060943083605839298 -0.01135269173124339 0.0012783082273221482 -0.0052589839081304468 -0.00050575898232854677
leaf_weight=5663 1546 3617 8984 5150 6015 5473 385 244 90 7799 164 4609 547 150
leaf_count=5663 1546 3617 8984 5150 6015 5473 385 244 90 7799 164 4609 547 150
internal_value=0.000236491 0.000559883 0.00135328 1.36165e-05 -0.000765808 0.000796107 -0.00152451 -0.00487654 -0.00747423 -0.000564744 -0.00113661 -0.000291168 -0.000905936 -0.00626543
internal_weight=50436 35935 14647 21288 10665 10623 7048 719 475 14501 6329 12955 8346 314
internal_count=50436 35935 14647 21288 10665 10623 7048 719 475 14501 6329 12955 8346 314
is_linear=0
shrinkage=0.05


Tree=124
num_leaves=15
num_cat=0
split_feature=36 19 47 26 37 1 45 19 47 49 37 31 28 19
split_gain=5.20771 5.43879 5.64816 5.16569 4.10463 5.20929 3.55183 3.46135 3.86505 4.47198 4.78648 4.03279 5.62999 4.75929
threshold=18.94999980926514 88.599998474121108 6.9348485469818124 0.69216251373291027 79.500000000000014 32.149999618530281 1.0609090924263003 23.399999618530277 5.4041666984558114 57.500000000000007 45.500000000000007 -2.1988074779510494 78.500000000000014 161.85000610351565
decision_type=2 2 2 2 2 2 2 2 2 8 2 2 2 2
left_child=1 2 -1 4 6 -6 -2 -5 11 10 -10 -9 13 -13
right_child=3 -3 -4 7 5 -7 -8 8 9 -11 -12 12 -14 -15
leaf_value=0.0084667281660757571 0.00013608495012583515 0.00030449332421547779 0.00098991465119672409 0.0055836559604444339 0.0028670978706864768 -0.0020552339466073429 0.0020624845717894086 0.0014181459048734171 -0.010304852095501915 -0.001066431950700336 -0.0038235631560232341 0.00091831985913462869 -0.002984141156828548 -0.0098754377100166244
leaf_weight=2849 10800 9185 2891 680 859 3989 7822 1926 191 3619 1604 2356 1635 87
leaf_count=2849 10800 9185 2891 680 859 3989 7822 1926 191 3619 1604 2356 1635 87
internal_value=0.000262658 0.0010462 0.00225217 -6.63329e-05 0.000366269 -0.000928365 0.000703628 -0.000905186 -0.00111218 -0.00207965 -0.00411357 -0.000237778 -0.00112769 0.000393396
internal_weight=50493 14925 5740 35568 23470 4848 18622 12098 11418 5414 1795 6004 4078 2443
internal_count=50493 14925 5740 35568 23470 4848 18622 12098 11418 5414 1795 6004 4078 2443
is_linear=0
shrinkage=0.05


Tree=125
num_leaves=15
num_cat=0
split_feature=19 53 28 38 21 51 0 42 37 14 4 38 41 18
split_gain=4.67504 4.22476 8.30275 7.63339 6.08163 5.9776 4.77958 5.19162 4.5548 3.97667 3.96662 3.93618 5.35389 5.5175
threshold=28.849999427795414 0.18281312286853793 44.500000000000007 8.1500000953674334 11.500000000000002 -0.37940952181816096 146.90000152587893 7.3500001430511483 88.500000000000014 4.2646059989929208 92.799999237060561 17.849999427795414 99.500000000000014 -40.249999999999993
decision_type=2 2 2 2 2 2 2 2 2 2 2 2 2 2
left_child=-1 3 -3 5 -5 -2 7 9 10 -4 11 -6 13 -13
right_child=1 2 6 4 8 -7 -8 -9 -10 -11 -12 12 -14 -15
leaf_value=0.0052998207854822229 -0.00012572013601746393 0.0077028468373262077 -0.0083937617771575636 -0.0022327043622688068 -0.00044655047675961078 -0.0092209827934345619 -0.00098913813777160172 -0.00049415082143303157 -0.0024934497352856249 0.002097391778219515 -0.0024367925822903294 -0.0045745009706311575 -0.0025992514676249903 0.0022165076341398725
leaf_weight=2076 585 2228 73 1076 7856 724 4204 5266 3085 9386 1408 428 1107 11028
leaf_count=2076 585 2228 73 1076 7856 724 4204 5266 3085 9386 1408 428 1107 11028
internal_value=0.000237436 0.000137628 0.000667785 -0.000273373 -8.50064e-05 -0.00398408 0.000327103 0.000751612 7.4633e-05 0.00145158 0.000329029 0.000506388 0.00105504 0.00137624
internal_weight=50530 48454 21157 27297 25988 1309 18929 14725 24912 9459 21827 20419 12563 11456
internal_count=50530 48454 21157 27297 25988 1309 18929 14725 24912 9459 21827 20419 12563 11456
is_linear=0
shrinkage=0.05


Tree=126
num_leaves=15
num_cat=0
split_feature=43 0 38 33 15 5 50 24 34 46 43 4 44 50
split_gain=4.61243 4.56041 4.77936 8.15323 6.28926 5.86135 5.15798 4.97298 4.74553 4.6572 7.41077 4.20385 4.02189 5.47671
threshold=17.500000000000004 60.649999618530281 25.050000190734867 10.449999809265138 94.65000152587892 59.699998855590827 0.78656607866287243 1.0000000180025095e-35 -1.6500000357627866 1.0000000180025095e-35 52.500000000000007 83.500000000000014 0.35348723828792578 -1.0000000180025095e-35
decision_type=8 2 2 2 2 2 2 2 2 2 8 2 2 2
left_child=-1 2 3 4 -2 6 -5 -8 11 12 -11 -6 -3 -14
right_child=1 9 -4 5 8 -7 7 -9 -10 10 -12 -13 13 -15
leaf_value=0.0045942161082769177 6.1052144539388553e-05 0.0005711870858640276 0.0031706617082599021 -0.00041685485789681411 -0.00023629447280812106 -0.0074831203354830608 -0.028451735717832834 -0.0043725498587537 0.0059871495610552732 -0.0073701570811085127 -0.0016512549406660925 -0.01544407493089292 -0.0020811431359694476 0.00052483877744810537
leaf_weight=2253 17578 8499 4585 1123 336 196 93 308 3454 234 3143 84 4615 4159
leaf_count=2253 17578 8499 4585 1123 336 196 93 308 3454 234 3143 84 4615 4159
internal_value=0.000186501 8.33387e-05 0.000501855 0.000209646 0.000475725 -0.00309249 -0.00200782 -0.00680049 0.0022966 -0.000479187 -0.00217449 -0.00267442 -0.000146676 -0.000897085
internal_weight=50660 48407 27757 23172 21452 1720 1524 401 3874 20650 3377 420 17273 8774
internal_count=50660 48407 27757 23172 21452 1720 1524 401 3874 20650 3377 420 17273 8774
is_linear=0
shrinkage=0.05


Tree=127
num_leaves=15
num_cat=0
split_feature=28 11 16 28 29 26 13 25 17 56 6 41 52 17
split_gain=5.05815 5.24623 5.5151 8.75083 4.72685 5.38517 5.06322 5.16221 4.23671 3.92209 4.75529 8.58042 5.27674 7.84976
threshold=44.500000000000007 70.487499237060561 34.149999618530281 22.500000000000004 22.300000190734867 0.55831882357597362 38.700893402099616 6.5499999523162851 33.750000000000007 223.75000000000003 64.40000152587892 99.500000000000014 -0.97509795427322377 -40.749999999999993
decision_type=2 2 2 2 2 2 2 2 2 2 2 2 2 2
left_child=1 2 -1 -4 6 -6 7 -2 -9 10 11 -8 13 -12
right_child=4 -3 3 -5 5 -7 9 8 -10 -11 12 -13 -14 -15
leaf_value=0.0018510005892577739 0.0041805436044914457 0.006400244625019866 -0.012621766690732642 -0.0017620255977871886 -0.011911491244081956 2.3921621881214537e-06 0.0017243533382549873 -0.0017884205872987149 -0.0067946389324631696 0.0048620351919994968 -0.016712019217754465 -0.0027243955191610211 -0.00013377312889393183 -0.0023964758077980263
leaf_weight=7440 399 1744 79 1132 95 132 14241 3602 249 845 52 2387 16987 1283
leaf_count=7440 399 1744 79 1132 95 132 14241 3602 249 845 52 2387 16987 1283
internal_value=0.000269057 0.0012518 0.000745295 -0.00237101 1.51434e-05 -0.00702532 5.67971e-05 -0.00157277 -0.00213546 0.000250663 0.000168764 0.000780743 -0.000386755 -0.00340149
internal_weight=50667 10395 8651 1211 40272 227 40045 4250 3851 35795 34950 16628 18322 1335
internal_count=50667 10395 8651 1211 40272 227 40045 4250 3851 35795 34950 16628 18322 1335
is_linear=0
shrinkage=0.05


Tree=128
num_leaves=15
num_cat=0
split_feature=33 11 36 20 0 38 9 24 12 38 23 23 11 38
split_gain=5.72831 6.04522 8.08227 5.60768 5.44448 4.76789 5.38771 6.22559 5.78002 8.19964 12.8699 6.44782 5.43745 6.5832
threshold=1.0000000180025095e-35 96.660415649414077 25.750000000000004 96.649997711181655 95.099998474121108 25.150000572204593 63.449998855590827 5.5000000000000009 47.250000000000007 20.750000000000004 0.36500000953674322 0.83499997854232799 52.164583206176765 15.250000000000002
decision_type=2 2 2 2 2 2 2 2 2 2 2 2 2 2
left_child=3 5 -3 -1 -4 6 7 8 -2 -10 -11 -12 13 -9
right_child=1 2 4 -5 -6 -7 -8 12 9 10 11 -13 -14 -15
leaf_value=0.0011476069876962657 -0.002690059823146641 -0.0016934123892374945 -0.019425316859690112 -0.000983568041091217 -0.0068894947592672579 0.001258749666172913 0.0010480479347938726 -0.0020578433881346101 -0.0002317382500136355 0.016654597246828922 -0.010779576279308076 -0.0045982084337694885 -0.0029567871766773574 0.002374398206769132
leaf_weight=27488 1210 949 76 4560 96 5225 3700 1671 211 79 177 92 2588 2553
leaf_count=27488 1210 949 76 4560 96 5225 3700 1671 211 79 177 92 2588 2553
internal_value=0.000221466 -0.000475666 -0.00401857 0.000626677 -0.0136813 -0.000246631 -0.00078472 -0.00147189 -0.00410624 -0.00826889 -0.0128771 -0.0179391 -0.000782761 0.000323571
internal_weight=50675 18627 1121 32048 172 17506 12281 8581 1769 559 348 269 6812 4224
internal_count=50675 18627 1121 32048 172 17506 12281 8581 1769 559 348 269 6812 4224
is_linear=0
shrinkage=0.05


Tree=129
num_leaves=15
num_cat=0
split_feature=17 34 34 44 31 50 31 52 24 33 21 19 52 44
split_gain=4.67028 5.02967 5.09165 3.20079 4.52662 4.42919 4.86195 3.9382 3.393 3.47358 4.8398 2.97791 2.87982 3.60736
threshold=-22.849999427795407 3.2500000000000004 -4.2499999999999991 5.91943383216858 6.8916738033294687 0.91597560048103344 1.0000000180025095e-35 0.9970000982284547 3.5000000000000004 11.84999990463257 48.500000000000007 60.899999618530281 0.66527691483497631 -1.7454025745391843
decision_type=2 2 2 2 2 2 2 2 2 2 2 2 2 2
left_child=1 2 -1 4 5 11 7 8 9 -7 -11 -2 -13 -14
right_child=3 -3 -4 -5 -6 6 -8 -9 -10 10 -12 12 13 -15
leaf_value=-0.0069042768827175796 0.00146516527719835 -0.0046961229594503773 0.0021935703092050784 -0.00091986109834306254 0.0036260717054940154 -0.003698734021221456 0.0007855230626291022 -0.0077975042167769725 -0.0016836956087374227 -0.0033007301661403411 -0.021232634351677073 0.00024521027513275061 0.0002722482340532586 -0.0025349354941468331
leaf_weight=199 8079 329 8615 5229 2256 687 1983 92 2427 67 75 16677 2180 1988
leaf_count=199 8079 329 8615 5229 2256 687 1983 92 2427 67 75 16677 2180 1988
internal_value=0.000224294 0.00124713 0.00147552 1.8622e-10 0.000165795 2.2618e-05 -0.00130032 -0.0024598 -0.00214942 -0.00489273 -0.0117763 0.000266814 -4.91487e-05 -0.00122307
internal_weight=50883 9143 8814 41740 36511 34255 5331 3348 3256 829 142 28924 20845 4168
internal_count=50883 9143 8814 41740 36511 34255 5331 3348 3256 829 142 28924 20845 4168
is_linear=0
shrinkage=0.05


Tree=130
num_leaves=15
num_cat=0
split_feature=6 56 56 12 51 47 50 16 6 41 52 1 16 15
split_gain=5.05103 6.60012 5.04457 5.39565 4.51086 5.48635 5.36335 5.0662 4.84026 4.60156 5.073 4.3034 5.17027 4.15051
threshold=63.449998855590827 81.15000152587892 160.44999694824222 188.83541107177737 1.0000000180025095e-35 4.6041665077209482 -0.37940952181816096 66.950000762939467 128.30000305175784 1.5000000000000002 -0.84315016865730275 128.75000000000003 80.000000000000014 219.34999847412112
decision_type=2 2 2 2 2 2 2 2 2 2 2 2 2 2
left_child=1 -1 3 4 6 13 -2 -7 11 -8 -11 12 -9 -6
right_child=2 -3 -4 -5 5 7 9 8 -10 10 -12 -13 -14 -15
leaf_value=0.00046492871165978522 -0.0012240086746592763 0.0053311504573267205 0.0017469174485078478 -0.0050681963963348734 0.0020449218921733143 -0.0016457665308666992 0.0029016817292308677 -0.0061544180350451925 -0.00021384500223627629 -0.0048589815301424387 0.00044966496823232771 -0.014843684918925397 0.0027842600388900975 -0.0052603121185445991
leaf_weight=26351 4477 3252 3126 251 1465 3968 3099 340 300 561 3098 97 115 85
leaf_count=26351 4477 3252 3126 251 1465 3968 3099 340 300 561 3098 97 115 85
internal_value=0.000219884 0.000640428 -0.000373475 -0.000697974 -0.000591825 -0.0016536 1.11162e-05 -0.00248447 -0.00596288 0.000899823 -0.000301172 -0.00870107 -0.00639785 0.000929487
internal_weight=50585 29603 20982 17856 17605 6370 11235 4820 852 6758 3659 552 455 1550
internal_count=50585 29603 20982 17856 17605 6370 11235 4820 852 6758 3659 552 455 1550
is_linear=0
shrinkage=0.05


Tree=131
num_leaves=15
num_cat=0
split_feature=17 44 38 0 54 52 18 36 55 47 19 1 9 7
split_gain=4.71735 3.87074 3.9831 3.94991 4.21159 6.33863 9.88916 4.51662 4.51461 4.46353 5.03255 4.37965 3.83342 3.80308
threshold=-73.700000762939439 3.9760600328445439 20.349999427795414 17.650000572204593 9.5000000000000018 -0.94705909490585316 -40.249999999999993 31.94999980926514 4.5000000000000009 4.2087121009826669 329.69999694824224 130.6499938964844 32.45000076293946 55.149999618530281
decision_type=2 2 2 2 2 2 2 2 2 2 2 2 2 2
left_child=-1 3 -3 -2 5 6 -5 9 13 10 -7 -6 -10 -8
right_child=1 2 -4 4 11 7 8 -9 12 -11 -12 -13 -14 -15
leaf_value=0.0054733276016225721 0.0091935667333942275 -0.00097655666847012057 0.0019492899900336825 -0.013623916191810687 0.002800344434349105 0.0020311641569227446 0.0019032151628572459 0.0016544147313303542 0.0045924852440329539 -0.00059877752940799562 -0.0060511054130621229 -0.00066037286327466031 -0.006932458679795645 -0.0024543507074814216
leaf_weight=1416 1055 9264 1546 88 6135 3677 1064 5846 139 16743 117 2321 594 718
leaf_count=1416 1055 9264 1546 88 6135 3677 1064 5846 139 16743 117 2321 594 718
internal_value=0.000201348 0.00011933 -0.000716266 0.000354092 0.000268611 -1.79333e-05 -0.00236701 0.00021464 -0.00175248 -0.000134569 0.00141167 0.0012497 -0.00502692 -0.000385044
internal_weight=50723 49307 10810 38497 37442 28986 2603 26383 2515 20537 3794 8456 733 1782
internal_count=50723 49307 10810 38497 37442 28986 2603 26383 2515 20537 3794 8456 733 1782
is_linear=0
shrinkage=0.05


Tree=132
num_leaves=15
num_cat=0
split_feature=36 42 0 20 0 38 16 53 23 53 52 18 30 20
split_gain=4.55299 4.84324 7.34632 5.18456 4.71654 7.56662 7.28235 5.21236 4.49315 5.91612 4.86241 4.90585 4.79803 6.30774
threshold=19.150000572204593 6.0499999523162851 144.59999847412112 4.0499999523162851 43.45000076293946 9.4499998092651385 28.550000190734867 0.44312302768230444 0.55500000715255748 -0.074115883558988557 -0.94705909490585316 -10.65000009536743 147.50000000000003 64.049999237060561
decision_type=2 2 2 2 2 2 2 2 2 2 2 2 8 2
left_child=1 2 -1 -3 5 6 -2 -8 9 10 11 -6 -10 -14
right_child=4 3 -4 -5 8 -7 7 -9 12 -11 -12 -13 13 -15
leaf_value=0.0050206071423287433 -0.0014247988979300534 -0.0046493531707088934 -0.00023682679054660475 0.00015070149425166265 -0.012173283430665182 0.0013518104157534011 -0.013100990832723756 -0.00096874397391562132 0.0012306983717154925 -0.00046735507639743853 -0.002163522166398348 -0.0034955367705811107 -0.00043444789054095979 -0.0066145472383841459
leaf_weight=5512 1804 111 2669 6949 132 12429 65 56 5225 5342 2581 459 7060 245
leaf_count=5512 1804 111 2669 6949 132 12429 65 56 5225 5342 2581 459 7060 245
internal_value=0.000209185 0.000931414 0.00175864 -2.82884e-05 -0.000101954 0.000596631 -0.00231266 -0.0137023 -0.000578512 -0.0014641 -0.00317096 -0.00722962 2.39236e-05 -0.000803144
internal_weight=50639 15241 8181 7060 35398 14354 1925 121 21044 8514 3172 591 12530 7305
internal_count=50639 15241 8181 7060 35398 14354 1925 121 21044 8514 3172 591 12530 7305
is_linear=0
shrinkage=0.05


Tree=133
num_leaves=15
num_cat=0
split_feature=19 43 51 37 43 53 1 33 44 52 12 49 34 36
split_gain=5.01969 7.53172 4.19635 5.0704 5.663 6.21847 9.98343 5.59197 5.43646 5.49335 5.98517 4.59058 4.30476 4.25756
threshold=42.350000381469734 167.50000000000003 -0.37940952181816096 53.500000000000007 25.02689361572266 0.029024410061538223 68.099998474121108 3.2500000000000004 -1.6228886246681211 0.94978111982345592 48.897222518920906 -12.499999999999998 -1.4499999880790708 29.150000572204593
decision_type=2 10 2 2 10 2 2 2 2 2 2 10 2 2
left_child=1 -1 -2 7 5 6 -5 8 -4 -10 -11 -7 -9 -6
right_child=2 -3 3 4 13 11 -8 12 9 10 -12 -13 -14 -15
leaf_value=0.0049073195710003306 0.00063446962558213658 -0.00098766738445232871 0.0010861105753370637 -0.00046091111871768021 -0.0010104804648781135 0.0040434902724804734 -0.0096047235705832273 -0.015115735383400442 -0.0026976216930431961 -0.0054918301146447898 -0.015740436889682581 -0.0010799168583665705 -0.0022069372048954517 0.0014822952090779923
leaf_weight=3790 17438 2413 1771 900 13348 4215 137 64 2700 235 114 925 67 2690
leaf_count=3790 17438 2413 1771 900 13348 4215 137 64 2700 235 114 925 67 2690
internal_value=0.000175827 0.00150732 -9.63804e-06 -0.000398145 -7.53654e-05 0.00120979 -0.00230659 -0.00184338 -0.00155279 -0.00282936 -0.00864902 0.00192233 -0.0116667 -0.000570787
internal_weight=50807 6203 44604 27166 22215 6177 1037 4951 4820 3049 349 5140 131 16038
internal_count=50807 6203 44604 27166 22215 6177 1037 4951 4820 3049 349 5140 131 16038
is_linear=0
shrinkage=0.05


Tree=134
num_leaves=15
num_cat=0
split_feature=45 23 0 46 41 50 23 11 24 38 48 9 7 43
split_gain=4.18294 4.65742 4.2402 3.90121 4.47861 5.7305 4.40306 4.56617 3.72298 6.32034 5.74682 4.84344 4.69445 6.04365
threshold=-0.71604838967323292 0.074999999254941954 18.44999980926514 1.0000000180025095e-35 41.500000000000007 0.12940952181816109 1.0950000286102297 71.820835113525405 8.5000000000000018 8.4499998092651385 -5.6499998569488517 43.250000000000007 40.250000000000007 207.50000000000003
decision_type=2 2 2 2 2 2 2 2 2 2 2 2 2 8
left_child=1 -1 -3 -2 -5 -6 -7 -8 10 11 -4 12 13 -10
right_child=3 2 8 4 5 6 7 -9 9 -11 -12 -13 -14 -15
leaf_value=-0.0050505645685558322 0.0012451445469789523 0.0063184501606380261 0.0036368062471362761 0.0010013404824152775 0.00024674951233651365 -0.0026442410697236811 -0.014444576310453297 0.0038358664014118134 -0.014042519819209884 -0.00053711203269104265 -0.00030787952901566504 -0.0015879494688105346 -0.010605476586513703 -0.001205003886754894
leaf_weight=54 18402 1016 2704 3402 1819 1175 287 81 81 10587 9334 1114 173 351
leaf_count=54 18402 1016 2704 3402 1819 1175 287 81 81 10587 9334 1114 173 351
internal_value=0.000173948 -0.000278477 -0.000244383 0.00063076 -0.00039563 -0.00168743 -0.00391822 -0.00862434 -0.00037694 -0.000988145 0.000248174 -0.00379121 -0.00735772 -0.00438914
internal_weight=50580 25414 25360 25166 6764 3362 1543 368 24344 12306 12038 1719 605 432
internal_count=50580 25414 25360 25166 6764 3362 1543 368 24344 12306 12038 1719 605 432
is_linear=0
shrinkage=0.05


Tree=135
num_leaves=15
num_cat=0
split_feature=44 50 31 49 33 52 4 12 5 55 9 24 52 34
split_gain=4.42984 4.41578 5.53811 5.32176 3.99211 5.06677 5.28072 5.11053 10.7634 5.15263 4.38716 4.21921 4.16384 4.12587
threshold=3.9760600328445439 0.91597560048103344 0.35348723828792578 22.500000000000004 1.0000000180025095e-35 -0.97113886475563038 53.750000000000007 55.08055496215821 48.350000381469734 5.5000000000000009 46.750000000000007 109.50000000000001 -0.7386675477027892 4.7500000000000009
decision_type=2 2 2 10 2 2 2 2 2 2 2 2 2 2
left_child=1 4 3 -3 -1 7 -7 9 -9 -6 -10 13 -13 -8
right_child=-2 2 -4 -5 5 6 11 8 10 -11 -12 12 -14 -15
leaf_value=0.0013757328165259232 -0.00057145700336331607 -0.0037418380442941733 0.0020177499445758018 0.00097735567469550656 0.0018914663190027126 0.0014761168024443449 6.70868433586322e-06 -0.0085794814586633798 -0.0080764406335115078 -0.010788008683063054 0.0010066737369181951 -0.0065804542033608381 -0.0034867175324103713 -0.011425375481961255
leaf_weight=20031 11251 2365 1952 1111 481 7962 4074 63 169 88 168 54 1050 55
leaf_count=20031 11251 2365 1952 1111 481 7962 4074 63 169 88 168 54 1050 55
internal_value=0.00022738 0.000475992 -0.000847738 -0.00204246 0.000686303 4.37422e-05 0.000301023 -0.00342697 -0.00768293 -0.000354059 -0.00378963 -0.000931718 -0.00366248 -0.000194491
internal_weight=50874 39623 5428 3476 34195 14164 13195 969 400 569 337 5233 1104 4129
internal_count=50874 39623 5428 3476 34195 14164 13195 969 400 569 337 5233 1104 4129
is_linear=0
shrinkage=0.05


Tree=136
num_leaves=15
num_cat=0
split_feature=1 56 19 23 57 36 21 50 33 11 36 1 9 25
split_gain=4.0454 4.91837 6.32671 5.56225 7.1539 6.4632 4.64901 4.11094 3.63342 5.9117 6.24966 4.84889 4.72152 4.29413
threshold=18.94999980926514 43.600000381469734 45.95000076293946 0.53499999642372142 70.616664886474624 16.050000190734867 220.50000000000003 -0.91597560048103321 1.0000000180025095e-35 96.660415649414077 25.750000000000004 83.000000000000014 44.45000076293946 11.750000000000002
decision_type=2 2 2 2 2 2 2 2 2 2 2 2 2 2
left_child=-1 3 -3 4 7 -6 -5 -2 11 12 -11 -4 -10 -12
right_child=1 2 8 6 5 -7 -8 -9 9 10 13 -13 -14 -15
leaf_value=0.0049698404580458162 -0.0047846482523500964 0.0059818763749242988 0.0021092525257793387 0.0009165986698796316 0.0016993592576523544 -0.011175054062987725 -0.0080176311365133864 -0.00062368277901648714 -0.0017310259850294469 -0.0027463426413721348 0.0013503315268767581 -0.00011984520238325287 0.0010555894795236808 -0.020445759722413637
leaf_weight=1660 1567 2457 10080 5989 76 120 89 8606 3250 928 51 10366 5379 127
leaf_count=1660 1567 2457 10080 5989 76 120 89 8606 3250 928 51 10366 5379 127
internal_value=0.000184711 0.000102353 0.000457609 -0.000602479 -0.001306 -0.010534 0.000597898 -0.00111804 0.000258521 -0.000536172 -0.00396057 0.000636977 -9.31819e-05 -0.0122872
internal_weight=50745 49085 32638 16447 10369 196 6078 10173 30181 9735 1106 20446 8629 178
internal_count=50745 49085 32638 16447 10369 196 6078 10173 30181 9735 1106 20446 8629 178
is_linear=0
shrinkage=0.05


Tree=137
num_leaves=15
num_cat=0
split_feature=17 36 22 26 13 24 1 46 26 49 26 19 43 38
split_gain=4.2926 5.29137 6.44909 5.26174 4.86192 4.05803 3.63369 3.2798 5.4082 3.31075 6.95024 4.94855 4.97181 4.69425
threshold=52.750000000000007 14.650000095367433 265.50000000000006 0.69510090351104747 186.60624694824222 7.5000000000000009 14.650000095367433 16.750000000000004 0.99479836225509655 37.500000000000007 0.6600199043750764 42.350000381469734 152.50000000000003 25.050000190734867
decision_type=2 2 2 2 2 2 2 2 2 10 2 2 10 2
left_child=1 2 -1 -2 6 -4 -3 9 -9 11 -11 12 -8 -14
right_child=3 4 5 -5 -6 -7 7 8 -10 10 -12 -13 13 -15
leaf_value=-0.0062408908105911869 -0.0036191954537298692 0.012105964812369094 0.0034364975405592035 -0.00014811282114129111 -0.0051176236743717988 -0.0005064959816086735 0.0046906351949215358 -0.0024409277017838661 -0.0091057871187608629 0.003072060069815591 -1.0740049836010779e-06 -0.00058946110985838758 -0.004939980610155585 0.0085240504081174114
leaf_weight=65 1018 542 5452 2374 153 1602 2838 416 65 5252 11602 18821 556 246
leaf_count=65 1018 542 5452 2374 153 1602 2838 416 65 5252 11602 18821 556 246
internal_value=0.000219752 0.000342293 0.0015984 -0.00149618 0.000121108 0.00175113 0.000155894 9.99851e-05 -0.0039613 0.000150668 0.000680147 -0.000246762 0.00143836 -0.0020197
internal_weight=51002 47610 7119 3392 40491 7054 40338 39796 481 39315 16854 22461 3640 802
internal_count=51002 47610 7119 3392 40491 7054 40338 39796 481 39315 16854 22461 3640 802
is_linear=0
shrinkage=0.05


Tree=138
num_leaves=15
num_cat=0
split_feature=17 44 0 32 47 48 23 54 2 49 13 47 43 17
split_gain=4.39243 4.18669 4.23773 3.76521 4.45872 3.72475 3.38129 3.32682 3.90752 4.30732 3.93746 3.33687 7.18594 5.01153
threshold=-62.450000762939446 4.3155126571655282 21.050000190734867 8.4053010940551776 17.470713615417484 -5.9500000476837149 0.5249999761581422 9.5000000000000018 204.6499938964844 22.500000000000004 158.80059051513675 4.6707143783569345 997.50000000000011 -40.749999999999993
decision_type=2 2 2 2 2 2 2 2 2 10 2 2 8 2
left_child=5 2 -2 7 6 -1 -5 8 11 10 -10 -4 13 -13
right_child=1 -3 3 4 -6 -7 -8 -9 9 -11 -12 12 -14 -15
leaf_value=0.0080549486238523076 0.0054077259547555684 -0.00065805922044074694 0.0012752849277016254 -0.0037912586504341653 -0.014586686418232435 -0.00014939492671091326 3.9804251483874842e-05 0.0013048268614992197 -0.0086748580453247931 0.00025932649990368137 -0.0014095212260558988 -0.0081415810097788966 0.0014435154201770006 -0.00076114736431784292
leaf_weight=1223 1889 10054 6528 315 61 825 813 8318 113 264 138 429 5657 14166
leaf_count=1223 1889 10054 6528 315 61 825 813 8318 113 264 138 429 5657 14166
internal_value=0.000186308 9.07601e-05 0.000326994 0.000208085 -0.00254796 0.00244898 -0.00176626 0.000300789 3.38768e-05 -0.00423809 -0.0087931 0.000117581 -0.000199388 -0.00078569
internal_weight=50793 48745 38691 36802 1189 2048 1128 35613 27295 515 251 26780 20252 14595
internal_count=50793 48745 38691 36802 1189 2048 1128 35613 27295 515 251 26780 20252 14595
is_linear=0
shrinkage=0.05


Tree=139
num_leaves=15
num_cat=0
split_feature=47 26 34 36 19 8 46 26 52 20 30 55 17 46
split_gain=4.78201 5.28499 5.8052 5.28096 6.77588 5.9622 4.66054 5.01637 4.40586 3.89132 4.08344 4.23317 4.65652 5.68189
threshold=6.9912879467010507 0.75405275821685802 2.6499999761581425 18.849999427795414 108.84999847412111 252.84999847412112 1.0000000180025095e-35 0.96627038717269909 0.65233618021011364 15.550000190734865 122.50000000000001 3.5000000000000004 -0.25000000745058054 0.25000000745058065
decision_type=2 2 2 2 2 2 2 2 2 2 10 2 2 2
left_child=3 -2 9 4 -1 8 -6 -8 -5 -3 -11 12 13 -12
right_child=1 2 -4 5 6 -7 7 -9 -10 10 11 -13 -14 -15
leaf_value=0.0060731486414212412 -0.00010559798742943673 0.0031666251537570303 -0.0071703210035497962 0.00061475199437931107 0.00064575491221596922 -0.025025777255628268 -0.0027418451723587689 -0.016691100293261481 -0.0012697240301821175 0.00026846101597011385 -0.010983516735787645 -0.0020624666281615499 -0.0035555968199918611 -0.0055081751733223501
leaf_weight=3855 18836 510 168 15419 5413 51 204 88 4340 636 181 492 311 144
leaf_count=3855 18836 510 168 15419 5413 51 204 88 4340 636 181 492 311 144
internal_value=0.000168582 -0.000402104 -0.00258564 0.000582029 0.0015465 0.000116045 0.000450569 -0.00559603 0.000164146 -0.0018958 -0.00300451 -0.00479789 -0.0074613 -0.0115672
internal_weight=50648 21278 2442 29370 9560 19810 5705 292 19759 2274 1764 1128 636 325
internal_count=50648 21278 2442 29370 9560 19810 5705 292 19759 2274 1764 1128 636 325
is_linear=0
shrinkage=0.05


Tree=140
num_leaves=15
num_cat=0
split_feature=36 36 40 23 57 19 31 12 23 3 42 8 44 30
split_gain=4.30434 5.05957 5.74404 5.64563 5.03382 4.55567 4.13604 4.02788 3.98897 5.65469 3.98679 3.96523 3.7078 4.20342
threshold=18.94999980926514 27.650000572204593 980.54998779296886 1.185000002384186 52.216667175292976 88.599998474121108 -17.099781990051266 44.720138549804695 0.24499999731779101 44.049999237060554 5.5499999523162851 252.84999847412112 5.91943383216858 127.50000000000001
decision_type=2 2 2 2 2 2 2 2 2 2 2 2 2 8
left_child=5 2 3 6 7 10 -2 -5 12 -10 -1 -4 -3 -14
right_child=1 8 11 4 -6 -7 -8 -9 9 -11 -12 -13 13 -15
leaf_value=0.0075741792688416749 -0.0078477308653797807 -0.00035821021287671682 -3.9546951504728724e-05 -0.0045230593601377411 -0.0029975455470887158 0.00012298835593401282 -0.0017678970641239748 -0.024687276636974786 0.0025369357466915317 -7.7313715407211875e-05 0.001172230183966407 -0.022602873400100601 -0.00025568008566301752 -0.0063959045520067597
leaf_weight=2160 92 1057 10661 62 198 9242 4829 105 6599 11689 3633 52 222 250
leaf_count=2160 92 1057 10661 62 198 9242 4829 105 6599 11689 3633 52 222 250
internal_value=0.000159356 -0.000138726 -0.000799862 -0.0021469 -0.00806667 0.00086906 -0.00169235 -0.014209 0.000395168 0.000600612 0.00196709 -0.000133824 -0.00205003 -0.00568465
internal_weight=50851 35816 15999 5286 365 15035 4921 167 19817 18288 5793 10713 1529 472
internal_count=50851 35816 15999 5286 365 15035 4921 167 19817 18288 5793 10713 1529 472
is_linear=0
shrinkage=0.05


Tree=141
num_leaves=15
num_cat=0
split_feature=47 48 51 5 1 52 37 6 53 51 17 57 25 24
split_gain=4.52276 6.64917 5.09728 5.07831 4.7492 4.02098 3.32485 4.95338 5.58648 4.369 4.03398 3.89802 3.04821 3.49504
threshold=5.9809091091156015 -7.0499999523162833 -0.37940952181816096 13.750000000000002 52.800001144409187 0.98213580250740062 39.500000000000007 24.550000190734867 -0.86974579095840443 1.0000000180025095e-35 -11.449999809265135 36.650001525878913 42.750000000000007 5.5000000000000009
decision_type=2 2 2 2 2 2 2 2 2 2 2 2 2 2
left_child=1 -1 -2 -4 6 -6 7 9 -9 -5 -10 -8 13 -3
right_child=2 12 3 4 5 -7 11 8 10 -11 -12 -13 -14 -15
leaf_value=0.0055557753709959369 0.00082105604446651545 0.0016052676797066571 -0.0069437625275516049 -0.010205195925934702 -0.0013906958068427514 -0.0087351287946604139 -0.002070042205436599 0.0018679770316818195 -0.0075911857009047339 0.004495634216788196 -0.0054374296274105468 0.0013799203508911156 -0.0016983906704543317 9.4733784959382307e-06
leaf_weight=2804 10150 7344 152 68 7071 178 1583 374 340 680 633 7334 1381 10557
leaf_count=2804 10150 7344 152 68 7071 178 1583 374 340 680 633 7334 1381 10557
internal_value=0.000220001 0.000757151 -0.000195464 -0.000691255 -0.000612719 -0.00160559 4.17349e-05 -0.00174584 -0.00354827 0.00150396 -0.00552899 0.000463202 0.000425565 0.000600469
internal_weight=50649 22086 28563 18413 18261 7249 11012 2095 1347 748 973 8917 19282 17901
internal_count=50649 22086 28563 18413 18261 7249 11012 2095 1347 748 973 8917 19282 17901
is_linear=0
shrinkage=0.05


Tree=142
num_leaves=15
num_cat=0
split_feature=0 56 1 13 29 24 16 6 9 8 37 52 51 50
split_gain=4.48992 3.93956 3.68682 3.94535 3.42476 3.806 3.2917 4.39741 3.89366 3.66522 3.53217 4.83098 3.44662 3.96684
threshold=21.050000190734867 223.75000000000003 185.55000305175784 38.700893402099616 22.300000190734867 62.500000000000007 13.34999990463257 45.350000381469734 31.750000000000004 19.250000000000004 43.500000000000007 0.95752912759780895 1.0000000180025095e-35 0.37940952181816107
decision_type=2 2 2 2 2 2 2 2 2 2 2 2 2 2
left_child=-1 2 3 -2 6 -6 -5 -8 9 -9 11 -11 -10 -14
right_child=1 -3 -4 4 5 -7 7 8 12 10 -12 -13 13 -15
leaf_value=0.0034035443952795544 -0.0010399371631581525 0.0042219672082170262 -0.0016602369009978352 -0.0029843795981835102 -0.0003297313211570983 -0.010427097406035047 0.0018071047847726563 -0.0098245571916096633 0.00079291902020655898 -0.0018115192524006066 -0.00051945510507850085 -0.0098515396715324402 0.00062701924538247045 -0.0014287166358597555
leaf_weight=2604 6453 830 1634 823 161 69 10608 54 14362 394 1611 68 5764 5262
leaf_count=2604 6453 830 1634 823 161 69 10608 54 14362 394 1611 68 5764 5262
internal_value=0.000227484 0.000117768 5.74325e-05 0.000141217 0.000329965 -0.005625 0.000366568 0.000434401 0.000100818 -0.00194899 -0.00157705 -0.00538136 0.00027325 -0.000391446
internal_weight=50697 48093 47263 45629 39176 230 38946 38123 27515 2127 2073 462 25388 11026
internal_count=50697 48093 47263 45629 39176 230 38946 38123 27515 2127 2073 462 25388 11026
is_linear=0
shrinkage=0.05


Tree=143
num_leaves=15
num_cat=0
split_feature=19 56 36 38 34 47 17 34 19 8 24 44 50 30
split_gain=4.00884 4.37921 3.93426 3.1137 3.49929 3.19641 3.71254 3.34643 2.93867 2.92743 6.65206 4.55622 3.15577 2.87465
threshold=28.849999427795414 12.150000095367433 10.449999809265138 -1.0000000180025095e-35 -1.0500000119209287 2.1825758218765263 42.549999237060554 6.7500000000000009 286.34999084472662 176.75000000000003 5.5000000000000009 -2.489370465278625 -1.0000000180025095e-35 52.500000000000007
decision_type=2 2 2 2 2 2 2 2 2 2 2 2 2 10
left_child=1 -1 8 4 -4 -5 7 9 -2 -7 -11 -12 13 -13
right_child=2 -3 3 5 -6 6 -8 -9 -10 10 11 12 -14 -15
leaf_value=-0.0041793126863624913 0.0027335856676544553 0.0058035028435718117 -0.015674003957013887 0.0033369920619012814 -0.0018404611778448027 0.00013544122799182063 -0.0017625191279781374 -0.011406219556622643 -0.0022318090447653195 -4.5372371885269187e-05 0.0005109873548611399 -0.006903956550801906 -0.0027671701153738491 -0.006743259499527113
leaf_weight=133 3544 1961 66 1058 129 39162 3063 54 353 813 99 56 93 68
leaf_count=133 3544 1961 66 1058 129 39162 3063 54 353 813 99 56 93 68
internal_value=0.000154159 0.00229087 6.15634e-05 -7.15227e-05 -0.00621951 -4.31692e-05 -0.000109632 1.79657e-05 0.00158306 3.61035e-05 -0.00246269 -0.00849693 -0.0124009 -0.0173881
internal_weight=50652 2094 48558 44661 195 44466 43408 40345 3897 40291 1129 316 217 124
internal_count=50652 2094 48558 44661 195 44466 43408 40345 3897 40291 1129 316 217 124
is_linear=0
shrinkage=0.05


Tree=144
num_leaves=15
num_cat=0
split_feature=17 6 13 13 29 22 38 1 49 2 50 52 49 47
split_gain=3.54892 3.67764 5.80579 4.21912 4.73179 3.94614 3.86958 4.4187 3.88036 6.07409 5.58508 4.17744 4.04584 4.58085
threshold=-106.09999847412108 64.40000152587892 66.099998474121108 53.920238494873054 5.0499999523162851 5130.5000000000009 11.050000190734865 32.149999618530281 1.0000000180025095e-35 70.90000152587892 0.12940952181816109 0.14250627160072329 -1402.4999999999998 3.7591667175292973
decision_type=2 2 2 2 2 2 2 2 10 2 2 2 10 2
left_child=-1 2 5 4 -3 6 -2 -8 9 10 11 -9 -12 -14
right_child=1 3 -4 -5 -6 -7 7 8 -10 -11 12 -13 13 -15
leaf_value=0.0080887325388832153 -0.0011119795053382638 -0.004584522838162376 0.0032370697442371792 -8.6941636535319212e-05 -0.00073062417691455574 -0.0070674770341456906 0.0026811691828302927 0.0031159643820591657 0.0011584264870643812 -0.0040902245908404867 0.0012785340719789269 -0.001048840443875432 0.004227357049451607 -0.0042143327253559536
leaf_weight=596 4867 871 4427 17705 1748 73 5697 2644 6656 611 1095 1521 259 1934
leaf_count=596 4867 871 4427 17705 1748 73 5697 2644 6656 611 1095 1521 259 1934
internal_value=0.000206452 0.000160422 0.000514198 -0.000358021 -0.00222708 0.000222139 0.000257769 0.000559798 0.000101833 -0.000635373 -0.00023918 0.000976048 -0.00177683 -0.0030118
internal_weight=50704 50108 29784 20324 2619 25357 25284 20417 14720 8064 7453 4165 3288 2193
internal_count=50704 50108 29784 20324 2619 25357 25284 20417 14720 8064 7453 4165 3288 2193
is_linear=0
shrinkage=0.05


Tree=145
num_leaves=15
num_cat=0
split_feature=28 53 11 11 45 13 10 53 41 43 24 52 8 50
split_gain=4.44611 5.9778 3.00651 6.39108 2.84693 2.50764 4.16 5.87925 5.74101 4.67928 4.6065 5.28995 4.68929 6.04256
threshold=45.500000000000007 0.097680736333131804 68.86875152587892 47.408332824707038 -0.71604838967323292 38.700893402099616 71.858333587646499 0.4584775865077973 99.500000000000014 102.50000000000001 5.5000000000000009 -0.79384350776672352 179.50000000000003 0.37940952181816107
decision_type=2 2 2 2 2 2 2 2 2 10 2 2 2 2
left_child=1 2 3 4 -1 -2 8 9 -7 -8 -9 -12 -13 -14
right_child=5 -3 -4 -5 -6 6 7 10 -10 -11 11 12 13 -15
leaf_value=-3.1525368421129854e-05 -0.0012664893670402215 0.0054559160891444565 0.004907903238808629 -0.0035261766897483485 0.0035008492663027324 0.001104319598427426 -0.0040197969460262859 0.00076530550630926988 -0.0016502630990078235 -0.00080895778630550152 0.0022455813546085712 -0.0013190092830270086 -0.0060968888172381122 -0.00045810707299167658
leaf_weight=3217 4247 3036 624 1699 2365 16955 1189 7407 2830 3709 848 2402 270 218
leaf_count=3217 4247 3036 624 1699 2365 16955 1189 7407 2830 3709 848 2402 270 218
internal_value=0.000189707 0.00108255 0.000356917 6.92637e-05 0.000886982 -5.42595e-05 8.2036e-05 -0.000516103 0.000567063 -0.00195803 0.000118781 -0.00131003 -0.00232759 -0.00674699
internal_weight=51016 10941 7905 7281 5582 40075 35828 16043 19785 4898 11145 3738 2890 488
internal_count=51016 10941 7905 7281 5582 40075 35828 16043 19785 4898 11145 3738 2890 488
is_linear=0
shrinkage=0.05


Tree=146
num_leaves=15
num_cat=0
split_feature=0 20 17 45 38 53 23 12 52 10 49 36 0 7
split_gain=4.07023 3.59288 3.48929 3.15904 4.10131 3.72795 4.51196 6.86064 4.28522 4.26791 5.29916 4.26318 4.46022 3.53782
threshold=18.44999980926514 1.0000000180025095e-35 -106.09999847412108 -1.110812723636627 25.44999980926514 1.0000000180025095e-35 0.57499998807907116 55.318054199218757 0.999393790960312 194.50833129882815 12.500000000000002 27.250000000000004 45.000000000000007 65.299999237060561
decision_type=2 2 2 2 2 2 2 2 2 2 10 2 2 2
left_child=1 -1 -2 4 5 6 7 8 -4 -7 -11 12 13 -9
right_child=2 -3 3 -5 -6 9 -8 11 -10 10 -12 -13 -14 -15
leaf_value=-0.0039214721553456683 0.0081470678356589804 0.0064613510307674552 -0.001558356361001478 0.00041791681514047677 0.0044219446808521443 0.0001364231658187336 6.2113713067027794e-05 -0.010240824732917111 -0.008395263669586768 -0.0047410828168867637 -0.00054957823214918898 -0.0028138384801251874 -0.018184712483177785 0.0041250983801369703
leaf_weight=87 576 1610 4209 26185 977 12585 3122 55 99 217 386 361 58 55
leaf_count=87 576 1610 4209 26185 977 12585 3122 55 99 217 386 361 58 55
internal_value=0.000139548 0.00253954 5.57319e-05 9.20981e-06 -0.000430559 -0.00057735 -0.00143117 -0.00238601 -0.00171607 -6.13727e-05 -0.0041354 -0.00770872 -0.0141011 -0.00708333
internal_weight=50582 1697 48885 48309 22124 21147 7959 4837 4308 13188 603 529 168 110
internal_count=50582 1697 48885 48309 22124 21147 7959 4837 4308 13188 603 529 168 110
is_linear=0
shrinkage=0.05


Tree=147
num_leaves=15
num_cat=0
split_feature=36 36 23 49 40 20 10 23 16 23 53 12 47 53
split_gain=4.30556 4.84301 4.44249 4.24552 4.35154 4.02554 3.75143 5.34249 7.13998 4.58583 7.77471 12.8674 3.60168 3.53775
threshold=18.94999980926514 27.650000572204593 0.31499999761581426 -1372.4999999999998 980.54998779296886 4.0499999523162851 37.324998855590827 0.27500000596046453 23.150000572204593 0.50499999523162853 -0.048362832516431802 74.152084350585952 13.204166412353517 -0.30164489150047297
decision_type=2 2 2 8 2 2 2 2 2 2 2 2 2 2
left_child=2 3 5 -2 13 -1 7 8 -3 10 11 -8 -7 -5
right_child=1 6 -4 4 -6 12 9 -9 -10 -11 -12 -13 -14 -15
leaf_value=-0.0039021028612554521 0.0030381676504188659 -0.0002993146199499429 0.00030403583485552214 -0.0020790114867126276 -0.00044162961573356388 0.0041886472557649363 -0.0018622902770628049 0.003446033571202281 -0.010579838743038087 0.00052688471824415505 0.0013605783626994606 -0.017950188956340672 -0.0092976002131779437 -0.0068716873318892318
leaf_weight=94 1512 1030 10839 3772 9723 4029 2813 3779 61 10662 1358 90 58 869
leaf_count=94 1512 1030 10839 3772 9723 4029 2813 3779 61 10662 1358 90 58 869
internal_value=0.000151778 -0.000147285 0.00086161 -0.000797557 -0.00106303 0.00224409 0.000374438 0.00157787 -0.0014941 -1.90851e-05 -0.00140365 -0.00286131 0.00248597 -0.00232101
internal_weight=50689 35669 15020 15876 14364 4181 19793 4870 1091 14923 4261 2903 4087 4641
internal_count=50689 35669 15020 15876 14364 4181 19793 4870 1091 14923 4261 2903 4087 4641
is_linear=0
shrinkage=0.05


Tree=148
num_leaves=15
num_cat=0
split_feature=1 57 53 5 0 56 47 49 26 41 28 44 47 26
split_gain=3.87548 6.60198 4.6046 5.90111 3.65276 5.19081 5.50139 4.8538 4.33165 4.59095 4.10994 3.96377 3.77521 4.05879
threshold=138.55000305175784 93.549999237060561 -0.94137725234031666 107.00000000000001 33.149999618530281 23.94999980926514 8.9825758934021014 32.500000000000007 0.6600199043750764 40.500000000000007 79.500000000000014 -10.859440326690672 3.6825758218765263 0.74631217122077953
decision_type=2 2 2 2 2 2 2 10 2 2 2 2 2 2
left_child=1 4 3 -3 5 -1 -7 12 9 -9 -10 -11 -6 -14
right_child=-2 2 -4 -5 7 6 -8 8 10 11 -12 -13 13 -15
leaf_value=-0.0014654439525211517 -0.00093065591249553959 0.00016532624749869405 0.0027254263717954178 -0.015262800807407965 0.0016241178631299206 0.0044393308534567619 -0.0004011024438479705 0.0035560279653249552 0.00073285032060321038 -0.0099639269980766419 -0.0011458177754514857 0.00039078830385459495 -0.00092234689960248202 -0.0043239646245801788
leaf_weight=1932 4858 130 6906 58 1395 4867 2619 3176 4746 201 4959 1107 11935 1771
leaf_count=1932 4858 130 6906 58 1395 4867 2619 3176 4746 201 4959 1107 11935 1771
internal_value=0.000127294 0.000269798 0.00167089 -0.00585859 1.26558e-05 0.000868689 0.00146478 -0.000262798 0.000401085 0.00168447 -0.000193 -0.000804249 -0.00088644 -0.00113882
internal_weight=50660 45802 7094 188 38708 9418 7486 29290 14189 4484 9705 1308 15101 13706
internal_count=50660 45802 7094 188 38708 9418 7486 29290 14189 4484 9705 1308 15101 13706
is_linear=0
shrinkage=0.05


Tree=149
num_leaves=15
num_cat=0
split_feature=47 48 51 26 41 52 1 16 43 25 54 5 34 5
split_gain=3.64997 6.5476 3.88198 4.44621 4.13057 5.05056 3.95783 5.48567 5.20296 4.60388 4.88225 3.94739 3.67367 3.46554
threshold=5.3707141876220712 -7.1499998569488517 -0.37940952181816096 0.80262345075607311 12.500000000000002 -0.98214942216873158 79.750000000000014 39.399999618530281 137.50000000000003 31.750000000000004 10.500000000000002 13.750000000000002 -0.35000000894069666 30.94999980926514
decision_type=2 2 2 2 2 2 2 2 8 2 2 2 2 2
left_child=1 -1 3 4 -2 13 11 8 9 10 -8 12 -4 -6
right_child=2 -3 6 -5 5 -7 7 -9 -10 -11 -12 -13 -14 -15
leaf_value=0.006785357852828227 0.0027892111300009126 0.00042174963845546533 -0.0093517622603515663 -0.0010871711706893345 0.0035740254916094478 0.00039622590308353319 -0.008500295320057338 -0.0010737758678572877 -0.0017796490757966193 -0.00048301673172685051 -0.00022706946930729582 -0.00013190473159250049 -0.0022687282185838392 -0.007413241863625273
leaf_weight=2064 4682 15402 56 1982 52 4952 201 2977 296 107 68 17294 118 127
leaf_count=2064 4682 15402 56 1982 52 4952 201 2977 296 107 68 17294 118 127
internal_value=0.000187346 0.000771344 -0.000122714 0.000603558 0.00103991 5.93272e-05 -0.00052847 -0.00202378 -0.00607038 -0.00989637 -0.0132796 -0.000215127 -0.0075 -0.00796296
internal_weight=50378 17466 32912 11795 9813 5131 21117 3649 672 376 269 17468 174 179
internal_count=50378 17466 32912 11795 9813 5131 21117 3649 672 376 269 17468 174 179
is_linear=0
shrinkage=0.05


Tree=150
num_leaves=15
num_cat=0
split_feature=17 17 14 36 24 37 38 0 38 4 6 24 13 7
split_gain=3.58397 3.1715 3.63859 3.12143 5.50904 4.65355 4.40207 5.10806 4.2855 5.35288 4.04527 3.954 4.35634 4.6203
threshold=-106.09999847412108 56.350000381469734 73.10135650634767 18.849999427795414 7.5000000000000009 85.500000000000014 11.050000190734865 43.45000076293946 25.550000190734867 71.099998474121108 72.500000000000014 15.500000000000002 52.016071319580085 52.649999618530281
decision_type=2 2 2 2 2 2 2 2 2 2 2 2 2 2
left_child=-1 2 3 4 10 6 -5 -8 11 -10 -2 12 -7 -14
right_child=1 -3 -4 5 -6 8 7 -9 9 -11 -12 -13 13 -15
leaf_value=0.0073178989092518264 0.005057828265608879 -0.0011003680022498305 -0.0042095441247394618 -0.00079233266221429661 -0.00061490357782241077 -0.002737380165970821 0.0021199606725821689 -1.1433823497418752e-05 0.001521996201084309 -0.0081481411288759787 0.0009196596241320752 -0.00059249579003256027 -0.014108513050371464 -0.0045781593916980881
leaf_weight=598 3141 2789 114 5680 3896 1342 9327 15184 1482 80 5197 1329 198 386
leaf_count=598 3141 2789 114 5680 3896 1342 9327 15184 1482 80 5197 1329 198 386
internal_value=0.000197328 0.000151032 0.000247646 0.000270042 0.000957204 2.96992e-05 0.000260091 0.000550753 -0.00141185 0.000737914 0.00168184 -0.00244257 -0.0038843 -0.00745791
internal_weight=50743 50145 47356 47242 12234 35008 30191 24511 4817 1562 8338 3255 1926 584
internal_count=50743 50145 47356 47242 12234 35008 30191 24511 4817 1562 8338 3255 1926 584
is_linear=0
shrinkage=0.05


Tree=151
num_leaves=15
num_cat=0
split_feature=6 13 50 44 51 45 13 13 47 1 52 3 47 38
split_gain=4.54081 5.70396 5.12003 5.21771 3.95241 4.10746 3.95452 3.71222 4.21182 4.05268 3.51333 4.84651 3.37773 4.0066
threshold=64.40000152587892 66.713096618652358 -0.6035533845424651 -1.2880276441574094 1.0000000180025095e-35 -2.5225141048431392 55.424108505249031 53.920238494873054 11.323610782623293 150.6499938964844 -0.98214942216873158 35.549999237060554 8.5236110687255877 11.050000190734865
decision_type=2 2 2 2 2 2 2 2 2 2 2 2 2 2
left_child=1 12 3 -2 -4 -6 -7 -5 9 -9 11 -3 -1 -14
right_child=2 10 4 7 5 6 -8 8 -10 -11 -12 -13 13 -15
leaf_value=0.00066561239862472979 0.00016864084294003132 -0.013341635057724607 0.00065893206747257352 -0.0070596973718434668 -0.0023068057665777742 -0.0038180707129114736 0.00061562553153275744 -0.0011208325790068557 -0.015270448212800393 -0.0045604591032400834 0.0039364225366749694 0.00067374079141719776 -0.0029854056869435034 2.099331290884847e-05
leaf_weight=17311 2124 84 8526 332 2398 484 3294 2415 74 871 4150 199 2203 5918
leaf_count=17311 2124 84 8526 332 2398 484 3294 2415 74 871 4150 199 2203 5918
internal_value=7.27285e-05 0.000466109 -0.000499805 -0.00175421 -2.71868e-06 -0.000965082 6.33582e-05 -0.00288763 -0.00237389 -0.00208434 0.00211906 -0.00319113 0.000177266 -0.00066351
internal_weight=50383 29865 20518 5816 14702 6176 3778 3692 3360 3286 4433 283 25432 8121
internal_count=50383 29865 20518 5816 14702 6176 3778 3692 3360 3286 4433 283 25432 8121
is_linear=0
shrinkage=0.05


Tree=152
num_leaves=15
num_cat=0
split_feature=44 33 38 17 27 20 24 38 12 4 8 24 57 0
split_gain=3.77744 4.15044 5.13902 5.29625 5.88645 4.93726 4.72598 6.79128 12.5263 6.52733 4.63145 4.08465 3.6862 3.44016
threshold=3.9760600328445439 1.0000000180025095e-35 25.050000190734867 -36.149999618530266 28.550000190734867 81.850002288818374 4.5000000000000009 19.349999427795414 47.45000076293946 23.250000000000004 46.049999237060554 1.5000000000000002 22.483333587646488 53.750000000000007
decision_type=2 2 2 2 2 2 2 2 2 2 2 2 2 2
left_child=1 5 3 4 -3 -1 7 -5 12 -10 -6 -7 -9 -4
right_child=-2 2 13 6 10 11 -8 8 9 -11 -12 -13 -14 -15
leaf_value=0.0017886100370520094 -0.00052621798435056042 -0.0020467415897861352 0.0029957445230832953 0.0024620270379979189 -0.0053596963199505805 0.0024983635291045605 2.1079701333273736e-05 -0.013741525634240626 0.0059303319954390563 -0.010485206796506288 -0.011562009108457836 -0.0010061238005756069 -0.0017477159292972827 -0.00048076848383729473
leaf_weight=17739 11311 406 3289 710 81 1066 7981 112 56 299 74 4419 1077 2083
leaf_count=17739 11311 406 3289 710 81 1066 7981 112 56 299 74 4419 1077 2083
internal_value=0.000191568 0.000422821 -0.000192236 -0.00082084 -0.00550788 0.000850908 -0.000558809 -0.00257509 -0.00442728 -0.0125342 -0.0134848 -0.000459508 -0.00192244 0.00107023
internal_weight=50703 39392 16168 10796 561 23224 10235 2254 1544 355 155 5485 1189 5372
internal_count=50703 39392 16168 10796 561 23224 10235 2254 1544 355 155 5485 1189 5372
is_linear=0
shrinkage=0.05


Tree=153
num_leaves=15
num_cat=0
split_feature=43 0 45 41 56 12 46 53 16 30 22 24 12 5
split_gain=4.25019 3.75149 3.61469 3.8855 3.50222 7.19879 3.59522 3.69895 5.68551 3.59519 4.46736 5.84347 4.28324 6.08561
threshold=22.500000000000004 61.100000381469734 -4.1323418617248526 99.500000000000014 59.549999237060554 127.64999771118165 1.0000000180025095e-35 0.64414587616920482 79.299999237060561 157.50000000000003 4170.0000000000009 3.5000000000000004 50.710416793823249 44.049999237060554
decision_type=8 2 2 2 2 2 2 2 2 8 2 2 2 2
left_child=-1 2 -2 -4 5 9 -6 -8 -9 10 -3 -12 -13 -14
right_child=1 4 3 -5 6 -7 7 8 -10 -11 11 12 13 -15
leaf_value=0.0022661945915886535 -0.00059172430596443474 -0.00015236903005488986 0.0012440378207529976 -0.001410256684325517 0.00025606689057031449 -0.02233047154010603 -0.00043684899803069231 -0.007528000509385617 0.0008236451459946412 -0.0030179500894386979 0.0017432019102521436 0.0029607290226735718 -0.012745464211873872 -0.00526543525629507
leaf_weight=3691 7342 4789 17366 2550 11202 62 1168 318 231 1481 203 52 66 118
leaf_count=3691 7342 4789 17366 2550 11202 62 1168 318 231 1481 203 52 66 118
internal_value=8.57867e-05 -4.2804e-05 0.000337025 0.00068654 -0.000568528 -0.00148872 -8.54666e-05 -0.00220903 -0.00555456 -0.0013179 -0.00069874 -0.00546771 -0.0106504 -0.0140722
internal_weight=50639 46948 27258 19916 19690 6771 12919 1717 549 6709 5228 439 236 184
internal_count=50639 46948 27258 19916 19690 6771 12919 1717 549 6709 5228 439 236 184
is_linear=0
shrinkage=0.05


Tree=154
num_leaves=15
num_cat=0
split_feature=19 43 22 52 37 50 33 36 26 47 24 30 38 19
split_gain=3.44463 5.57922 3.87669 3.35416 5.60041 4.97414 5.63382 4.11481 3.91327 5.49304 3.80329 3.44267 3.24661 4.12502
threshold=75.799999237060561 47.500000000000007 276.50000000000006 -0.58482360839843739 49.500000000000007 -0.91597560048103321 8.2500000000000018 28.150000572204593 0.66419497132301342 6.0348484516143808 14.500000000000002 87.500000000000014 11.050000190734865 47.45000076293946
decision_type=2 8 2 2 2 2 2 2 2 2 2 8 2 2
left_child=1 2 -1 8 5 -5 7 10 -3 -10 -7 -12 13 -13
right_child=-2 3 -4 4 -6 6 -8 -9 9 -11 11 12 -14 -15
leaf_value=-0.0033841462283255019 -0.00016047966170825378 0.0019283861290140198 0.0048320180572364859 -0.0049576064414704087 0.0022877664524981766 0.00033044400240491079 -0.011674150910351483 0.0016207847902547975 0.00055794218508633218 -0.0038709463076660512 -0.0090326675739056637 -5.8991149154314738e-05 0.002390656466687356 -0.0066884621655768223
leaf_weight=60 29003 1421 3658 903 6916 975 54 3082 1782 1951 79 188 255 207
leaf_count=60 29003 1421 3658 903 6916 975 54 3082 1782 1951 79 188 255 207
internal_value=0.000173512 0.000652477 0.00241148 0.000284184 0.000721841 -0.000431948 0.000206186 0.000402419 -0.000790085 -0.00163906 -0.00156359 -0.00426928 -0.00295455 -0.00574074
internal_weight=50534 21531 3718 17813 12659 5743 4840 4786 5154 3733 1704 729 650 395
internal_count=50534 21531 3718 17813 12659 5743 4840 4786 5154 3733 1704 729 650 395
is_linear=0
shrinkage=0.05


Tree=155
num_leaves=15
num_cat=0
split_feature=0 56 50 47 26 45 47 17 13 16 13 13 48 19
split_gain=3.4247 4.24293 5.47767 3.68196 4.84176 6.4245 3.37915 4.05084 3.16866 4.05151 4.8461 5.98717 7.84617 4.04085
threshold=28.150000572204593 23.550000190734867 -0.98296290636062611 8.9825758934021014 0.69486087560653698 -1.4235659241676328 2.1825758218765263 56.350000381469734 66.428276062011733 64.40000152587892 107.52678680419923 102.43898773193361 -2.6499999761581416 179.50000000000003
decision_type=2 2 2 2 2 2 2 2 2 2 2 2 2 2
left_child=1 2 -1 -3 -5 -6 -2 8 -8 13 11 -11 -13 -10
right_child=6 3 -4 4 5 -7 7 -9 9 10 -12 12 -14 -15
leaf_value=-0.011506143651783277 0.0026445713977079417 0.005324459376995252 -7.1890966953609215e-05 0.0013630823039624612 -0.01121101392162349 0.0021127107460687899 -0.00028327143337052271 -0.0018539021031758901 0.0016920835575362861 -0.0013462293949861978 0.00041486008641318961 -0.0098698428795885307 -0.0032695976335897041 -0.0018568318916123206
leaf_weight=113 1336 3095 1276 1495 164 169 24431 2522 10122 1322 3488 130 154 758
leaf_count=113 1336 3095 1276 1495 164 169 24431 2522 10122 1322 3488 130 154 758
internal_value=0.000162598 0.00125119 -0.00118299 0.00193898 0.00015778 -0.00520408 7.11513e-06 -7.0219e-05 5.13425e-05 0.000598724 -0.000564263 -0.00282797 -0.00928571 0.00114325
internal_weight=50575 6312 1389 4923 1828 333 44263 42927 40405 15974 5094 1606 284 10880
internal_count=50575 6312 1389 4923 1828 333 44263 42927 40405 15974 5094 1606 284 10880
is_linear=0
shrinkage=0.05


Tree=156
num_leaves=15
num_cat=0
split_feature=43 44 19 36 31 25 31 50 40 1 38 9 10 54
split_gain=3.94295 3.61861 3.54588 3.86195 2.96078 2.87423 2.76736 2.45247 3.05302 3.11756 2.83914 6.36063 2.64869 4.71037
threshold=25.02689361572266 4.6574950218200692 25.150000572204593 32.95000076293946 -4.6536579074747389e-16 11.750000000000002 7.1601276397705087 0.91597560048103344 987.04998779296886 138.55000305175784 8.4499998092651385 40.800001144409187 41.574998855590827 8.5000000000000018
decision_type=8 2 2 2 2 2 2 2 2 2 2 2 2 2
left_child=4 2 -2 6 -1 -5 7 8 10 -10 11 -4 13 -12
right_child=1 -3 3 5 -6 -7 -8 -9 9 -11 12 -13 -14 -15
leaf_value=-5.7846730384745267e-05 0.0058822295438526002 -0.00074555538473678037 -0.0085686959405200484 0.0041123689653472144 0.0041580230631865292 0.00038407207833176946 0.0034581705227153545 -0.0015717603163698285 0.0021093876219048422 -0.00036295080184731274 0.0019247955618906022 0.00029003372272809415 -0.00091365972925788589 -0.0028618448682115796
leaf_weight=1872 1088 9153 219 2464 3209 2690 1557 4259 5964 2764 4534 395 9372 1184
leaf_count=1872 1088 9153 219 2464 3209 2690 1557 4259 5964 2764 4534 395 9372 1184
internal_value=0.000213269 6.60418e-05 0.000289041 0.000202192 0.0015331 0.00146592 -1.35499e-05 -0.000125257 6.79161e-05 0.000817121 -0.000348733 -0.00365385 -0.00021192 0.000635475
internal_weight=50724 45643 36490 35402 5081 5154 30248 28691 24432 8728 15704 614 15090 5718
internal_count=50724 45643 36490 35402 5081 5154 30248 28691 24432 8728 15704 614 15090 5718
is_linear=0
shrinkage=0.05


Tree=157
num_leaves=15
num_cat=0
split_feature=17 0 51 47 18 1 52 12 43 23 24 53 17 52
split_gain=3.52116 3.5439 3.05819 5.23932 4.12387 4.05246 3.66941 4.42074 3.59598 4.47894 4.44277 6.83497 4.1357 3.77572
threshold=-73.700000762939439 17.650000572204593 -0.37940952181816096 4.2422618865966806 34.649999618530281 213.94999694824222 0.9990701973438264 36.706945419311531 237.50000000000003 0.33500000834465032 5.5000000000000009 0.57605713605880748 48.699998855590827 0.056951373815536506
decision_type=2 2 2 2 2 2 2 2 8 2 2 2 2 2
left_child=-1 -2 6 5 -5 -4 8 -8 -3 10 -10 -12 13 -11
right_child=1 2 3 4 -6 -7 7 -9 9 12 11 -13 -14 -15
leaf_value=0.0042143728928456118 0.0044556727048944769 0.0037289041434082851 0.0022776557487666025 -0.00050521870334381666 -0.0029754841293051452 -0.0040802345167678935 -0.00013920488213794977 -0.0083395315461260028 0.00040247954422780791 0.00024232798086865206 -0.0012710578251035195 -0.0085145302635708225 -0.0017438105671469827 0.0022306336910748611
leaf_weight=1422 1478 2831 4911 22831 1184 238 155 89 1990 6405 1581 208 640 4687
leaf_count=1422 1478 2831 4911 22831 1184 238 155 89 1990 6405 1581 208 640 4687
internal_value=0.000181603 0.000110484 3.55948e-05 -0.000283814 -0.000594173 0.00116205 0.000536675 -0.00543307 0.000619006 0.000319245 -0.00117577 -0.00297665 0.000801397 0.00102774
internal_weight=50650 49228 47750 29164 24015 5149 18586 244 18342 15511 3779 1789 11732 11092
internal_count=50650 49228 47750 29164 24015 5149 18586 244 18342 15511 3779 1789 11732 11092
is_linear=0
shrinkage=0.05


Tree=158
num_leaves=15
num_cat=0
split_feature=45 25 24 38 8 28 23 0 28 0 47 43 52 29
split_gain=3.33252 3.79912 3.58236 5.1132 4.46988 4.13345 4.58533 3.78133 3.45335 3.58487 3.40891 5.32946 3.3751 6.02322
threshold=-0.57605877518653859 57.45000076293946 8.5000000000000018 11.250000000000002 188.85000610351565 80.500000000000014 0.085000000894069686 18.44999980926514 87.500000000000014 25.750000000000004 13.465151309967043 232.50000000000003 0.9970000982284547 7.3500001430511483
decision_type=2 2 2 2 2 2 2 2 2 2 2 8 2 2
left_child=2 -2 5 7 8 6 -1 -4 9 -5 -8 -12 -9 -14
right_child=1 -3 3 4 -6 -7 10 12 -10 -11 11 -13 13 -15
leaf_value=-0.0045874502260757986 0.00072757143631679052 -0.0020641596733126091 0.002982543028215242 0.0038372309046719715 -0.0048637388435275103 -0.00056859746582612811 0.0016360183751040541 -0.0027070480606243581 0.0026197122345346146 -0.00056781095693944617 -0.13286145746403363 0.00040540207581262464 2.6681643916691944e-05 -0.0078889066143082512
leaf_weight=74 24342 327 315 869 79 5196 7393 3247 922 7507 53 132 85 75
leaf_count=74 24342 327 315 869 79 5196 7393 3247 922 7507 53 132 85 75
internal_value=0.000213922 0.000629888 -0.000181646 -0.000763216 -0.000140087 0.000411417 0.00114983 -0.00232851 -3.33045e-05 -0.000354162 0.00127702 -0.00525641 -0.00281387 -0.00970588
internal_weight=50616 24669 25947 13099 9377 12848 7652 3722 9298 8376 7578 185 3407 160
internal_count=50616 24669 25947 13099 9377 12848 7652 3722 9298 8376 7578 185 3407 160
is_linear=0
shrinkage=0.05


Tree=159
num_leaves=15
num_cat=0
split_feature=23 19 43 31 47 50 56 12 15 31 47 49 16 16
split_gain=3.10869 3.80127 4.29986 5.04527 3.66364 3.11234 2.94196 3.20594 3.13022 3.94824 2.63464 5.46656 7.60237 13.5623
threshold=0.085000000894069686 28.849999427795414 247.50000000000003 5.7671484947204599 8.0612502098083514 0.60355338454246532 203.25000000000003 192.04444122314456 239.80000305175784 -2.899568915367126 4.6041665077209482 32.500000000000007 66.950000762939467 67.40000152587892
decision_type=2 2 10 2 2 2 2 2 2 2 2 8 2 2
left_child=4 2 -2 5 -1 -4 7 10 -9 -10 -3 12 -12 -14
right_child=1 6 3 -5 -6 -7 -8 8 9 -11 11 -13 13 -15
leaf_value=0.0017934021256702419 0.0094084446757400787 0.00075567226986525003 0.0023173920893010849 -0.013873942642091745 -0.007014802570604179 -0.011992749699187611 0.0021336652606194317 -0.0076718322964126522 -0.0039092730468631934 0.0017108549883891361 -0.0006114224529083865 0.00039157019531244454 -0.012639681519572586 -0.0025398125891451283
leaf_weight=62 1337 11165 560 51 54 69 1369 61 99 226 15467 19001 54 1184
leaf_count=62 1337 11165 560 51 54 69 1369 61 99 226 15467 19001 54 1184
internal_value=0.00014566 0.000165143 0.00228663 -0.000942029 -0.00769841 0.000383412 7.66923e-05 1.0261e-05 -0.0044697 -0.00231343 4.81007e-05 -0.000161552 -0.000821119 -0.00457532
internal_weight=50759 50643 2017 680 116 629 48626 47257 386 325 46871 35706 16705 1238
internal_count=50759 50643 2017 680 116 629 48626 47257 386 325 46871 35706 16705 1238
is_linear=0
shrinkage=0.05


Tree=160
num_leaves=15
num_cat=0
split_feature=56 6 34 52 51 50 57 46 47 56 31 23 53 17
split_gain=3.02231 5.5095 6.6449 3.79034 3.78638 4.56005 4.12041 4.40279 5.14761 4.21184 4.34314 3.90278 3.53551 3.22811
threshold=55.549999237060554 58.149999618530281 -2.6499999761581416 -0.97876849770545948 1.0000000180025095e-35 1.0000000180025095e-35 95.149997711181655 1.0000000180025095e-35 7.4720778465271005 199.05000305175784 0.705266833305359 0.95499998331069957 -0.90892156958580006 24.250000000000004
decision_type=2 2 2 2 2 2 2 2 2 2 2 2 2 2
left_child=13 2 3 -2 5 11 12 -8 9 10 -9 -3 -6 -1
right_child=1 4 -4 -5 6 -7 7 8 -10 -11 -12 -13 -14 -15
leaf_value=-8.0838262428895368e-06 -0.0069183557605050211 -0.0013098109890158226 0.0033533153497138273 -0.001594893525017439 0.0010735002356457048 0.0020437856654570786 0.00050771271469626778 -0.0095416587298537275 0.00028214024376770091 6.9798851753894762e-05 -0.0092793054373165925 0.0031865758082176517 -0.0025568756476925759 -0.0017301598000802412
leaf_weight=22732 71 2507 7032 504 634 5201 4928 101 269 68 50 850 2520 3236
leaf_count=22732 71 2507 7032 504 634 5201 4928 101 269 68 50 850 2520 3236
internal_value=0.000151145 0.000546575 0.00166535 -0.00346154 4.90141e-05 0.000792484 -0.000693473 0.000143752 -0.00433735 -0.00984716 -0.0142547 -0.000643005 -0.00212705 -0.000225575
internal_weight=50703 24735 7607 575 17128 8558 8570 5416 488 219 151 3357 3154 25968
internal_count=50703 24735 7607 575 17128 8558 8570 5416 488 219 151 3357 3154 25968
is_linear=0
shrinkage=0.05


Tree=161
num_leaves=15
num_cat=0
split_feature=19 56 46 56 12 19 33 23 37 45 16 11 38 29
split_gain=3.44485 3.35758 3.41684 3.2317 5.92838 4.83924 5.1536 4.07796 4.85099 6.2901 3.63173 4.5323 7.87958 3.62113
threshold=28.849999427795414 12.150000095367433 26.500000000000004 59.549999237060554 127.64999771118165 109.54999923706056 11.34999990463257 0.57499998807907116 71.500000000000014 4.3475887775421151 26.44999980926514 38.043748855590827 16.44999980926514 1.1500000357627871
decision_type=2 2 2 2 2 2 2 2 2 2 2 2 2 2
left_child=1 -1 -3 4 7 6 -5 10 -9 -10 -2 12 -12 -13
right_child=3 2 -4 5 -6 -7 -8 8 9 -11 11 13 -14 -15
leaf_value=-0.0026334305667953029 -0.00015727070540434479 0.0051172146030151874 -0.0075492838102642059 0.0023196823780306641 -0.022999867806786541 -0.00014062531756497363 -0.0030391125602581767 0.00181470113621002 0.00034281831093456775 -0.0044735279170942345 -0.0079580980177593741 -0.0065114127744955582 6.0745831923569166e-05 -0.0010883245183629141
leaf_weight=137 10092 1937 50 9635 69 12401 344 5229 3862 1055 160 154 186 5451
leaf_count=137 10092 1937 50 9635 69 12401 344 5229 3862 1055 160 154 186 5451
internal_value=0.000151856 0.00211809 0.00264647 6.55733e-05 -0.000310644 0.000506923 0.00132596 -0.000269285 0.000514967 -0.000611934 -0.000765277 -0.00174383 -0.0072191 -0.00139359
internal_weight=50762 2124 1987 48638 26258 22380 9979 26189 10146 4917 16043 5951 346 5605
internal_count=50762 2124 1987 48638 26258 22380 9979 26189 10146 4917 16043 5951 346 5605
is_linear=0
shrinkage=0.05


Tree=162
num_leaves=15
num_cat=0
split_feature=6 56 18 9 9 56 9 51 2 43 49 41 22 8
split_gain=3.38625 6.2831 3.37901 3.51436 4.48566 3.34782 2.88932 3.27392 4.15705 3.97236 2.89927 2.77058 2.84933 2.76093
threshold=64.40000152587892 81.15000152587892 9.1500000953674334 45.699998855590827 34.250000000000007 194.85000610351565 31.750000000000004 -0.6035533845424651 173.94999694824222 377.50000000000006 -567.49999999999989 95.500000000000014 252.50000000000003 30.550000190734867
decision_type=2 2 2 2 2 2 2 2 2 8 8 2 2 2
left_child=1 2 11 4 -4 6 10 9 -9 -8 -2 12 -1 -6
right_child=5 -3 3 -5 13 -7 7 8 -10 -11 -12 -13 -14 -15
leaf_value=-0.00244467041740747 0.0025328947433676313 0.0042316411417050413 -0.0001244916334014641 0.00045304790674142249 -0.0045594487364166297 0.0019544074608160008 0.0038567376357564694 -0.00063017033635840748 -0.0043847669148664543 -0.00012967762854266556 -0.0033345616391248427 -0.00066061276676804466 0.0012820084080704865 -0.0021961010583948673
leaf_weight=554 229 3411 2043 4778 464 1579 1736 10372 829 5129 800 3223 14438 1257
leaf_count=554 229 3411 2043 4778 464 1579 1736 10372 829 5129 800 3223 14438 1257
internal_value=0.000203729 0.000541454 0.000283371 -0.000536716 -0.00167727 -0.000289112 -0.000472389 -0.00032474 -0.000851396 0.000534546 -0.00303657 0.000668039 0.000953873 -0.00354997
internal_weight=50842 30168 26757 8542 3764 20674 19095 18066 11201 6865 1029 18215 14992 1721
internal_count=50842 30168 26757 8542 3764 20674 19095 18066 11201 6865 1029 18215 14992 1721
is_linear=0
shrinkage=0.05


Tree=163
num_leaves=15
num_cat=0
split_feature=28 53 13 7 46 31 38 38 57 37 55 29 26 23
split_gain=3.56291 5.58107 3.94088 4.53542 3.83395 3.9617 3.71543 3.6295 12.6252 7.99314 3.86113 3.51089 7.14132 3.21001
threshold=44.500000000000007 0.097680736333131804 38.700893402099616 42.199998855590827 26.050000190734867 -7.8773920536041251 10.949999809265138 11.050000190734865 50.516666412353523 36.500000000000007 3.5000000000000004 22.300000190734867 0.53471440076828014 0.76499998569488536
decision_type=2 2 2 2 2 2 2 2 2 2 2 2 2 2
left_child=1 7 3 -2 11 -6 -5 8 -1 10 -10 13 -13 -4
right_child=2 -3 4 6 5 -7 -8 -9 9 -11 -12 12 -14 -15
leaf_value=-3.1070553682807033e-05 -0.00043649769606778245 0.00474242682800129 -0.00012711025199176087 -0.0087133668773386429 0.0025683208784526394 -0.015544305628217406 -0.0038406730106788295 0.0013994203545171994 -0.0059357010140674519 -0.0030547398966816039 -0.01789929686227822 -0.0089163126204253214 -4.1626728667029178e-05 0.000921409820185317
leaf_weight=2301 3172 2797 24961 128 61 75 951 5092 80 125 68 63 158 10561
leaf_count=2301 3172 2797 24961 128 61 75 951 5092 80 125 68 63 158 10561
internal_value=0.000115902 0.000937172 -9.84054e-05 -0.00153602 7.23065e-05 -0.0080137 -0.00432048 0.000238406 -0.0012887 -0.0112544 -0.0187342 0.000105306 -0.00603896 0.000145221
internal_weight=50593 10463 40130 4251 35879 136 1079 7666 2574 273 148 35743 221 35522
internal_count=50593 10463 40130 4251 35879 136 1079 7666 2574 273 148 35743 221 35522
is_linear=0
shrinkage=0.05


Tree=164
num_leaves=15
num_cat=0
split_feature=0 56 17 49 37 44 57 16 16 56 29 8 56 16
split_gain=3.25707 4.64435 3.5729 3.74706 4.35036 4.74036 4.39562 4.32406 7.61447 3.89261 3.99225 5.16061 6.36877 4.24792
threshold=43.250000000000007 43.95000076293946 -92.84999847412108 32.500000000000007 45.500000000000007 -1.228975713253021 49.45000076293946 66.950000762939467 67.40000152587892 152.05000305175784 5.7500000000000009 127.34999847412111 60.899999618530281 30.349999427795414
decision_type=2 2 2 8 2 2 2 2 2 2 2 2 2 2
left_child=1 -1 -2 4 5 -4 -6 -8 -9 10 11 -5 13 -13
right_child=2 -3 3 9 6 -7 7 8 -10 -11 -12 12 -14 -15
leaf_value=1.4408128864001081e-05 0.0053418453587458763 0.002849383332594714 -0.0001039702298386918 -6.9444930107233306e-05 -0.0031583491972441494 -0.010262295165291847 0.00018323195131067759 -0.00973438135520408 -0.001435068485305355 0.0035392482333804244 0.0007485303409053934 -0.0010500364238733421 -0.00087399468769409786 -0.0091186105442827101
leaf_weight=10101 698 7088 309 6386 1570 354 9729 82 2684 1066 8905 127 1112 257
leaf_count=10101 698 7088 309 6386 1570 354 9729 82 2684 1066 8905 127 1112 257
internal_value=0.000150363 0.000709053 -0.000138334 -0.00021463 -0.000804722 -0.00473254 -0.000616341 -0.000301879 -0.00204251 0.000272351 8.54321e-05 -0.000733654 -0.00336653 -0.00883249
internal_weight=50468 17189 33279 32581 14728 663 14065 12495 2766 17853 16787 7882 1496 384
internal_count=50468 17189 33279 32581 14728 663 14065 12495 2766 17853 16787 7882 1496 384
is_linear=0
shrinkage=0.05


Tree=165
num_leaves=15
num_cat=0
split_feature=0 56 47 23 57 49 45 2 13 41 21 31 38 31
split_gain=3.17322 3.91711 3.56003 4.1121 3.28047 5.21291 3.88053 4.28965 4.8149 6.37359 3.86957 4.33441 3.5218 5.46385
threshold=33.149999618530281 23.94999980926514 8.9825758934021014 0.50499999523162853 81.683330535888686 32.500000000000007 -2.6697075366973873 132.94999694824222 56.100000381469734 91.500000000000014 203.50000000000003 3.9600468873977666 25.650000572204593 3.5981547832489018
decision_type=2 2 2 2 2 8 2 2 2 2 2 2 2 2
left_child=1 -1 -3 -4 5 12 -6 8 9 -8 -7 -12 13 -2
right_child=4 2 3 -5 6 10 7 -9 -10 -11 11 -13 -14 -15
leaf_value=-0.0011164607623402603 -0.00264433071635565 0.0037311361978355135 -0.0017931858722571978 0.0038040570230218787 -0.00070211851624946912 0.00017751706209368957 0.00031972147332493038 -0.00015875114818191818 0.0034009153325342137 -0.0064575394432159726 -0.003705119201002366 -0.0061501765935489255 0.00063310529952860821 0.0004974683854641345
leaf_weight=1898 6499 5044 1685 1007 4456 17204 236 3207 5294 95 111 54 1631 2259
leaf_count=1898 6499 5044 1685 1007 4456 17204 236 3207 5294 95 111 54 1631 2259
internal_value=8.28568e-05 0.000899005 0.00139814 -7.03181e-05 -0.000108875 -0.000418107 0.000536923 0.00114341 0.00197427 -0.00379765 0.000111917 -0.00728571 -0.00130349 -0.0017005
internal_weight=50680 9634 7736 2692 41046 27758 13288 8832 5625 331 17369 165 10389 8758
internal_count=50680 9634 7736 2692 41046 27758 13288 8832 5625 331 17369 165 10389 8758
is_linear=0
shrinkage=0.05


Tree=166
num_leaves=15
num_cat=0
split_feature=47 48 0 51 2 53 26 37 16 47 42 15 50 52
split_gain=3.53208 4.67619 3.95662 3.70728 3.79856 4.72232 6.1977 6.6124 4.86905 4.43505 5.03489 3.79592 4.5997 7.27943
threshold=3.6825758218765263 1.2500000000000002 159.94999694824222 -0.6035533845424651 74.15000152587892 0.97648853063583385 0.77232274413108837 65.500000000000014 122.70000076293947 6.3904545307159433 4.0499999523162851 99.099998474121108 0.12940952181816109 -0.78326541185379017
decision_type=2 2 2 2 2 2 2 2 2 2 2 2 2 2
left_child=1 2 -1 -2 11 6 8 9 -6 10 -8 12 -5 -14
right_child=3 -3 -4 4 5 -7 7 -9 -10 -11 -12 -13 13 -15
leaf_value=0.0050830650389563246 0.00068861175251955524 -4.5063481528487574e-05 -0.00066010944237044462 0.00052984416069568605 -0.0007115860381736364 0.0016315909621662647 -0.0092497664533659034 -0.0016127203147049058 -0.003648454112634219 -0.0080869411343367018 -0.0016936118789519492 0.0017697716711829884 -0.0037598136333575286 -0.00029428752961076373
leaf_weight=3012 12230 3425 577 10195 4731 1344 177 985 110 176 318 4498 2066 6884
leaf_count=3012 12230 3425 577 10195 4731 1344 177 985 110 176 318 4498 2066 6884
internal_value=0.000172258 0.00121298 0.00247152 5.03175e-06 -0.000281958 -0.00123487 -0.00179268 -0.00442377 -0.000885384 -0.00821586 -0.00559406 3.44567e-05 -0.000272775 -0.00109933
internal_weight=50728 7014 3589 43714 31484 7841 6497 1656 4841 671 495 23643 19145 8950
internal_count=50728 7014 3589 43714 31484 7841 6497 1656 4841 671 495 23643 19145 8950
is_linear=0
shrinkage=0.05


Tree=167
num_leaves=15
num_cat=0
split_feature=0 56 43 51 37 38 26 43 23 14 41 52 34 4
split_gain=3.34038 2.95994 2.83616 3.06427 4.3826 4.71236 3.82805 4.38693 3.76366 6.51983 3.54212 3.19558 3.1706 3.66057
threshold=17.650000572204593 9.5500001907348651 22.500000000000004 -0.37940952181816096 37.500000000000007 4.9500000476837167 0.66329389810562145 347.50000000000006 0.2650000005960465 6.9859952926635751 11.500000000000002 -0.41398024559020991 2.7500000000000004 42.649999618530281
decision_type=2 2 8 2 2 2 2 8 2 2 2 2 2 2
left_child=1 -1 -2 6 5 -5 10 -8 9 -7 -4 -9 -12 -14
right_child=2 -3 3 4 -6 8 7 11 -10 -11 12 -13 13 -15
leaf_value=-0.0026761245148811215 0.0019668883236563942 0.0054461666300349961 0.0035687278465948696 -0.010040578105537115 -9.0636066750800502e-05 -0.013964397046654059 0.0022255116594004968 -0.0013067053348438289 -0.00061521421309308842 -0.0012311330864150031 0.00076769428024807884 0.00022942675841966582 0.0062935241763518723 -0.0087762537765303985
leaf_weight=70 3657 1403 2853 284 24738 89 3335 3936 1900 205 2818 5558 52 87
leaf_count=70 3657 1403 2853 284 24738 89 3335 3936 1900 205 2818 5558 52 87
internal_value=0.00020051 0.00253877 0.000130447 2.34385e-05 -0.000314772 -0.00231511 0.000517186 3.46602e-05 -0.00151089 -0.00667763 0.00158076 -0.000513468 0.000365689 -0.00674497
internal_weight=50985 1473 49512 45855 27216 2478 18639 12829 2194 294 5810 9494 2957 139
internal_count=50985 1473 49512 45855 27216 2478 18639 12829 2194 294 5810 9494 2957 139
is_linear=0
shrinkage=0.05


Tree=168
num_leaves=15
num_cat=0
split_feature=45 38 23 24 53 43 1 24 34 23 15 21 1 14
split_gain=3.04594 3.11045 2.93985 2.97398 5.32048 4.92947 6.33062 3.99043 5.4492 3.77395 3.3413 4.03397 2.98523 3.71849
threshold=-0.71604838967323292 25.44999980926514 0.085000000894069686 8.5000000000000018 0.73136293888092052 41.875000000000007 213.94999694824222 19.500000000000004 -1.5500000119209287 0.56499999761581432 67.90000152587892 81.500000000000014 23.650000572204593 10.053816795349123
decision_type=2 2 2 2 2 10 2 2 2 2 2 2 2 2
left_child=1 2 -1 5 9 6 -4 8 -6 12 -11 -12 -5 -14
right_child=-2 -3 3 4 7 -7 -8 -9 -10 10 11 -13 13 -15
leaf_value=-0.0040186391194495207 0.00061518469156909567 0.0033992918048677614 0.002717930438081816 0.0011575595161991373 -0.018679827743103977 -0.0003889862270068105 -0.0031838973335560554 0.0004482663295537826 -0.0029196995888340388 0.0036533877435286108 0.0021417845158271799 -0.0019524367641195217 -0.0027838200526479617 -0.00034709751225781249
leaf_weight=76 25118 1193 3904 1148 79 7867 139 322 614 1067 1387 2014 2483 3163
leaf_count=76 25118 1193 3904 1148 79 7867 139 322 614 1067 1387 2014 2483 3163
internal_value=0.00020204 -0.000183382 -0.000306307 -0.000273381 -0.000819158 0.00028943 0.00170614 -0.00426829 -0.0063798 -0.00050479 0.000623046 -0.000145119 -0.00124633 -0.00171853
internal_weight=50574 25456 24263 24187 12277 11910 4043 1015 693 11262 4468 3401 6794 5646
internal_count=50574 25456 24263 24187 12277 11910 4043 1015 693 11262 4468 3401 6794 5646
is_linear=0
shrinkage=0.05


Tree=169
num_leaves=15
num_cat=0
split_feature=0 34 43 20 23 36 26 47 13 25 33 18 52 33
split_gain=4.21132 3.33282 3.25996 4.22545 3.16012 2.81126 3.20298 4.30518 3.89338 3.61842 3.15373 3.48087 3.37782 4.43132
threshold=32.750000000000007 -4.1499998569488517 97.500000000000014 1.0000000180025095e-35 0.56499999761581432 10.449999809265138 0.75405275821685802 3.5174242258071904 156.26398468017581 15.750000000000002 22.550000190734867 -16.249999999999996 -0.97113886475563038 1.0000000180025095e-35
decision_type=2 2 8 2 2 2 2 2 2 2 2 2 2 2
left_child=2 -2 3 -1 -4 -3 10 8 -8 -10 11 12 13 -7
right_child=1 5 4 -5 -6 6 7 -9 9 -11 -12 -13 -14 -15
leaf_value=-0.0023357435412924613 -0.0037310971580208972 0.0011016037336938611 -0.00024025798937691277 0.0046024981934016445 0.0033761478936344229 0.0013244424500921611 0.0013530958700308912 -0.0014728566959128172 -0.014783106774871902 -0.0012974950627788911 -0.0038435719855477498 -5.2369988185396202e-05 0.0022473168790950048 -0.0050237067069048708
leaf_weight=56 1118 3804 4730 3079 1583 267 3030 7204 53 209 348 20714 4293 118
leaf_count=56 1118 3804 4730 3079 1583 267 3030 7204 53 209 348 20714 4293 118
internal_value=0.000141853 -7.67585e-05 0.00109325 0.00240859 0.000437293 -1.24825e-06 -0.000137118 -0.000872834 0.000623864 -0.00511029 0.000163107 0.000228722 0.00145904 -0.00297468
internal_weight=50606 41158 9448 3135 6313 40040 36236 10496 3292 262 25740 25392 4678 385
internal_count=50606 41158 9448 3135 6313 40040 36236 10496 3292 262 25740 25392 4678 385
is_linear=0
shrinkage=0.05


Tree=170
num_leaves=15
num_cat=0
split_feature=19 56 40 28 24 31 38 27 23 24 19 43 3 36
split_gain=2.97408 3.53261 2.81038 4.35617 4.0592 6.08464 6.11593 6.43589 4.06616 6.12582 4.24759 4.33367 4.44675 3.92923
threshold=25.150000572204593 9.5500001907348651 985.04998779296886 44.500000000000007 2.5000000000000004 -4.3377826213836661 24.750000000000004 25.650000572204593 0.23499999940395358 55.500000000000007 49.649999618530281 122.50000000000001 68.099998474121108 25.050000190734867
decision_type=2 2 2 2 2 2 2 2 2 2 2 10 2 2
left_child=1 -1 4 -4 5 6 7 -2 9 -6 -10 12 -12 -9
right_child=2 -3 3 -5 8 -7 -8 13 10 -11 11 -13 -14 -15
leaf_value=-0.00222899883601043 -0.0011456931752753376 0.0048309671709080978 0.0043021069740852872 0.0002341062775006128 -0.0014486401883229024 0.00033981155718455032 -0.00088331939105493619 -0.019271790385212626 0.0022210416778096478 -0.0066118456765543706 -0.00065375593051347812 0.00048978112215970499 -0.0031250648141324029 -0.0055701233513041617
leaf_weight=79 290 1400 2579 18926 1128 1613 766 127 3610 70 6739 11549 1429 382
leaf_count=79 290 1400 2579 18926 1128 1613 766 127 3610 70 6739 11549 1429 382
internal_value=0.00014567 0.00234721 7.90363e-05 0.000507785 -0.000253852 -0.00193225 -0.00414286 -0.00717552 -3.56632e-05 -0.00286424 0.000110768 -0.000178182 -0.00105894 -0.0105106
internal_weight=50687 1479 49208 21505 27703 3178 1565 799 24525 1198 23327 19717 8168 509
internal_count=50687 1479 49208 21505 27703 3178 1565 799 24525 1198 23327 19717 8168 509
is_linear=0
shrinkage=0.05


Tree=171
num_leaves=15
num_cat=0
split_feature=0 53 21 44 53 13 4 13 33 34 12 53 44 37
split_gain=2.60643 4.2794 4.9481 3.93983 3.80041 6.83084 5.68971 4.96367 4.8953 6.56135 4.76101 8.2188 4.62749 3.72078
threshold=144.59999847412112 0.011826144531369211 153.50000000000003 2.1763788461685185 -0.67168185114860524 79.30505752563478 50.549999237060554 60.324106216430671 9.7500000000000018 -2.2499999999999996 69.490280151367202 -0.95752304792404164 -17.007311820983883 16.500000000000004
decision_type=2 2 2 2 2 2 2 2 2 2 2 2 2 2
left_child=1 4 3 -3 6 -6 -1 10 -9 -10 12 -12 -8 -5
right_child=-2 2 -4 13 5 -7 7 8 9 -11 11 -13 -14 -15
leaf_value=0.001713098589248464 -0.00067494992505207389 0.001411533205572081 0.0034289438510027048 -0.013674167045648262 -0.00078073826948340543 -0.0098906856027065615 -0.021834279800176073 0.0031829766837975088 0.0062247584844001306 -0.018573531176673694 0.00046226817040817542 -0.032112317312108091 -0.0012120702404521465 -0.00021321018035897767
leaf_weight=7710 4397 8843 3696 57 12805 64 57 1495 96 104 102 87 3667 7405
leaf_count=7710 4397 8843 3696 57 12805 64 57 1495 96 104 102 87 3667 7405
internal_value=0.000126001 0.000236807 0.000787317 0.000412198 -0.000183799 -0.000796257 0.000408163 -0.000802777 0.00145161 -0.00571429 -0.00178052 -0.00932161 -0.00137386 -0.000433619
internal_weight=50585 46188 20001 16305 26187 12869 13318 5608 1695 200 3913 189 3724 7462
internal_count=50585 46188 20001 16305 26187 12869 13318 5608 1695 200 3913 189 3724 7462
is_linear=0
shrinkage=0.05


Tree=172
num_leaves=15
num_cat=0
split_feature=43 24 0 56 35 24 6 23 23 5 17 13 6 48
split_gain=2.96292 3.84055 2.75565 4.60628 3.09368 3.04888 6.22567 4.90292 12.3281 5.20663 2.94579 2.75986 2.5783 3.48551
threshold=22.500000000000004 85.500000000000014 28.849999427795414 24.750000000000004 8.5000000000000018 2.5000000000000004 30.94999980926514 0.33500000834465032 0.56499999761581432 31.349999427795414 42.549999237060554 32.274108886718757 28.550000190734867 4.8500001430511483
decision_type=8 2 2 2 2 2 2 2 2 2 2 2 2 2
left_child=1 -1 3 12 10 6 -5 -8 9 -9 -4 -7 -2 -14
right_child=2 -3 4 5 -6 11 7 8 -10 -11 -12 -13 13 -15
leaf_value=0.002617451637887925 0.00017352734957725932 -0.0037788588700106806 0.00077183617648435027 0.0079898269950565634 -0.00039314218245795177 -0.00018161665597042845 0.0021850182852833212 -0.0065604086294950839 0.0025278699911914638 -0.018393855821133745 -0.0018547052057009312 0.0042299930368396499 -0.0076108883763211371 -3.0385151061899946e-05
leaf_weight=3576 1003 88 12230 520 27028 821 188 60 180 97 1185 3050 282 307
leaf_count=3576 1003 88 12230 520 27028 821 188 60 180 97 1185 3050 282 307
internal_value=0.000148642 0.00151606 4.16305e-05 0.000995704 -0.000112105 0.00175193 -0.00063981 -0.00443925 -0.0079683 -0.0177545 0.00050838 0.00239758 -0.00133583 -0.00393155
internal_weight=50615 3664 46951 6508 40443 4916 1045 525 337 157 13415 3871 1592 589
internal_count=50615 3664 46951 6508 40443 4916 1045 525 337 157 13415 3871 1592 589
is_linear=0
shrinkage=0.05


Tree=173
num_leaves=15
num_cat=0
split_feature=45 56 38 25 41 49 47 12 47 53 16 38 16 46
split_gain=3.59382 2.95339 5.48377 3.40472 3.05616 2.43049 3.0219 2.68144 3.27968 3.0264 3.15577 3.6159 2.45822 2.42066
threshold=-0.40378719568252558 54.549999237060554 3.4500000476837163 38.149999618530281 29.500000000000004 922.50000000000011 3.8436508178710942 44.497917175292976 8.1763892173767108 -0.86974579095840443 26.849999427795414 26.349999427795414 24.750000000000004 6.5499999523162851
decision_type=2 2 2 2 2 10 2 2 2 2 2 2 2 2
left_child=-1 3 -3 4 -2 7 -7 9 -9 -6 -11 -12 13 -10
right_child=1 2 -4 -5 5 6 -8 8 12 10 11 -13 -14 -15
leaf_value=-0.00024473573723913399 0.00073607992466412093 -0.0078393153722229342 0.0012788868027213921 -0.0027171729559167961 0.0066691068405650604 -0.0043780414097621713 0.0026218251778801186 -0.001527586474005227 0.0018544524415541677 -2.7373160555413721e-05 -0.0013078478849022149 -0.022058413524995199 -0.0075530561526532085 -0.009088770180683034
leaf_weight=26595 7401 79 12440 137 391 74 702 861 187 1029 212 59 584 68
leaf_count=26595 7401 79 12440 137 391 74 702 861 187 1029 212 59 584 68
internal_value=0.000107124 0.000547578 0.00108109 -2.3474e-05 7.25516e-05 -0.0010091 0.00150127 -0.0015863 -0.00298246 -0.000173427 -0.00133588 -0.00603203 -0.00518846 -0.00103774
internal_weight=50819 24224 12519 11705 11568 4167 776 3391 1700 1691 1300 271 839 255
internal_count=50819 24224 12519 11705 11568 4167 776 3391 1700 1691 1300 271 839 255
is_linear=0
shrinkage=0.05


Tree=174
num_leaves=15
num_cat=0
split_feature=19 43 34 13 38 13 12 31 38 33 36 0 52 31
split_gain=3.02165 4.04584 2.76135 2.56587 3.68564 3.70482 3.64222 4.7039 5.84899 3.90302 3.64848 3.51354 4.67914 4.5447
threshold=28.849999427795414 282.50000000000006 6.7500000000000009 41.776487350463874 1.7500000000000002 45.886905670166023 36.706945419311531 3.0978757143020634 10.949999809265138 12.650000095367433 25.349999427795414 60.649999618530281 -0.98214942216873158 -4.2903406620025626
decision_type=2 10 2 2 2 2 2 2 2 2 2 2 2 2
left_child=1 -1 3 6 5 -5 -2 9 10 -8 -9 12 13 -6
right_child=2 -3 -4 4 11 -7 7 8 -10 -11 -12 -13 -14 -15
leaf_value=0.0058911149996413751 0.0001061561781548874 -0.0022471633298216703 -0.010868181629538754 -0.011887650359146601 -0.0051690885660382949 -0.0012710583932004334 -0.00029156724750426107 -0.0019738937696407856 -0.0032741794477187491 -0.0063338933992408454 -0.0083779448414844169 -0.00012429259637397776 0.0014775362181738477 -0.00012119543762869403
leaf_weight=1478 5672 628 56 75 359 307 2455 67 592 248 88 21067 16360 1172
leaf_count=1478 5672 628 56 75 359 307 2455 67 592 248 88 21067 16360 1172
internal_value=0.000149504 0.00199905 6.88264e-05 8.27284e-05 0.000257942 -0.00456633 -0.000672361 -0.00195087 -0.00543593 -0.000971249 -0.0137879 0.000306405 0.000821463 -0.00181376
internal_weight=50624 2106 48518 48462 39340 382 9122 3450 747 2703 155 38958 17891 1531
internal_count=50624 2106 48518 48462 39340 382 9122 3450 747 2703 155 38958 17891 1531
is_linear=0
shrinkage=0.05


Tree=175
num_leaves=15
num_cat=0
split_feature=34 56 10 49 57 6 53 16 12 23 51 1 23 48
split_gain=2.53736 2.47622 3.3071 6.65247 2.41351 3.88036 4.15826 3.44864 5.73496 2.65592 3.26594 2.3399 2.63402 7.46889
threshold=6.7500000000000009 223.75000000000003 194.50833129882815 7.5000000000000009 92.750000000000014 58.149999618530281 -0.9711191952228545 75.549999237060561 85.987499237060561 1.8650000095367434 -0.6035533845424651 15.750000000000002 0.57499998807907116 2.2500000000000004
decision_type=2 2 2 10 2 2 2 2 2 2 2 2 2 2
left_child=1 2 4 -4 7 -6 -7 9 -9 11 -11 -1 -13 -14
right_child=-2 -3 3 -5 5 6 -8 8 -10 10 -12 12 13 -15
leaf_value=0.0040730952124697697 -0.010351503479525553 0.0034601022553047418 -0.004724941201717809 3.4954310905388495e-05 0.0060653890854413086 -0.0056078163706385414 0.0005194949880126307 -0.0082660602013871279 -0.00097900742609990953 -0.012656988810836206 0.0026272373143684507 -0.00029623990367365794 -0.00048369123126394144 0.0020661162130665785
leaf_weight=823 54 861 366 828 1455 93 7622 90 319 59 58 22015 9750 6054
leaf_count=823 54 861 366 828 1455 93 7622 90 319 59 58 22015 9750 6054
internal_value=0.000105734 0.000118346 7.18584e-05 -0.00251661 0.000136304 0.000866013 0.000417476 -3.47132e-05 -0.00454654 1.40578e-05 -0.00720472 3.77731e-05 -1.9958e-05 0.000472366
internal_weight=50447 50393 49532 1194 48338 9170 7715 39168 409 38759 117 38642 37819 15804
internal_count=50447 50393 49532 1194 48338 9170 7715 39168 409 38759 117 38642 37819 15804
is_linear=0
shrinkage=0.05


Tree=176
num_leaves=15
num_cat=0
split_feature=51 6 13 23 9 52 25 16 24 8 53 28 6 38
split_gain=2.81114 2.64207 3.90495 4.05483 3.9002 3.57693 5.13854 4.57763 4.138 4.1289 3.71786 3.17938 4.52007 3.76142
threshold=0.98296290636062633 64.40000152587892 62.261905670166023 1.485000014305115 44.049999237060554 0.72695311903953563 27.050000190734867 27.44999980926514 7.5000000000000009 59.350000381469734 0.38043944537639623 44.500000000000007 34.649999618530281 14.949999809265138
decision_type=2 2 2 2 2 2 2 2 2 2 2 2 2 2
left_child=1 2 3 5 -5 -1 8 -8 -7 11 -11 -10 13 -13
right_child=-2 -3 -4 4 -6 6 7 -9 9 10 -12 12 -14 -15
leaf_value=0.0007335431692618384 0.0020952326781718193 -0.00034630945900708364 0.0021001359675423309 -0.024508056707398113 -0.0030410667062484575 0.001817224458684428 -0.0021616277831460954 -0.014170980676512469 0.00047752290679527296 -0.0053889943443584448 0.0027407817341624412 -0.0045138069497115589 -5.9969345863904256e-05 0.0009747083831941688
leaf_weight=14603 2109 19916 5688 56 134 2081 88 54 2566 560 141 833 1489 228
leaf_count=14603 2109 19916 5688 56 134 2081 88 54 2566 560 141 833 1489 228
internal_value=0.000149933 7.19345e-05 0.000380464 8.8211e-05 -0.007 0.000150753 -0.000695652 -0.00980263 -0.000519727 -0.00120388 -0.00477496 -0.000706203 -0.00195312 -0.00443044
internal_weight=50546 48437 28521 22833 190 22643 8040 142 7898 5817 701 5116 2550 1061
internal_count=50546 48437 28521 22833 190 22643 8040 142 7898 5817 701 5116 2550 1061
is_linear=0
shrinkage=0.05


Tree=177
num_leaves=15
num_cat=0
split_feature=6 53 11 56 30 27 44 45 24 26 19 26 15 22
split_gain=2.4921 3.07981 4.09809 3.86156 5.31833 3.80833 3.33218 3.59232 3.8153 3.36263 3.37282 3.93802 3.96014 3.34578
threshold=45.350000381469734 0.029024410061538223 96.660415649414077 128.75000000000003 222.50000000000003 32.549999237060554 2.6585061550140385 -4.1323418617248526 1.0000000180025095e-35 0.90639743208885204 93.500000000000014 0.94965383410453807 158.09999847412112 2539.5000000000005
decision_type=2 2 2 2 10 2 2 2 2 2 2 2 2 2
left_child=-1 2 -2 4 -4 -6 13 8 -8 -9 -11 12 -12 -3
right_child=1 6 3 -5 5 -7 7 9 -10 10 11 -13 -14 -15
leaf_value=0.00070841352503034024 -0.00052634180968118272 0.0018141429185350275 0.0025845102147794502 0.0016933444611400231 -0.02154366569251109 -0.0029176343688629698 -0.0057164441334847035 0.001086654371014603 -0.0011765383964044026 0.0011811653032389883 -0.014829011745622588 -0.0014795285357221274 -0.00029893495772063061 -0.00028079767793348599
leaf_weight=18769 12301 7819 58 93 98 60 143 2716 2411 884 53 946 52 4334
leaf_count=18769 12301 7819 58 93 98 60 143 2716 2411 884 53 946 52 4334
internal_value=0.000186908 -8.16184e-05 -0.000689382 -0.00628527 -0.00982301 -0.0143452 0.000314436 -0.000537075 -0.00203978 0.00029071 -0.0012982 -0.00319981 -0.0119565 0.000819288
internal_weight=50737 31968 12610 309 216 158 19358 7205 2554 4651 1935 1051 105 12153
internal_count=50737 31968 12610 309 216 158 19358 7205 2554 4651 1935 1051 105 12153
is_linear=0
shrinkage=0.05


Tree=178
num_leaves=15
num_cat=0
split_feature=43 0 47 47 1 26 49 33 38 13 2 26 5 11
split_gain=3.02861 3.00937 2.19218 2.17011 3.73305 3.36958 3.58839 3.78285 3.8542 5.89066 4.42619 3.50472 5.75246 4.21679
threshold=12.500000000000002 17.650000572204593 7.5422618389129648 4.8041667938232431 33.699998855590827 0.74631217122077953 32.500000000000007 1.6500000357627871 19.250000000000004 36.35089302062989 39.399999618530281 0.6587362289428712 49.850000381469734 41.243749618530281
decision_type=8 2 2 2 2 2 10 2 2 2 2 2 2 2
left_child=-1 2 -2 4 -3 6 -5 -8 -9 -10 -11 -12 13 -13
right_child=1 3 -4 5 -6 -7 7 8 9 10 11 12 -14 -15
leaf_value=0.0040934165238941207 0.0085861952697810339 0.0058440279572837062 0.00047976134870246961 -0.00047266677058437978 0.00020002090423594412 -0.0012899508284275015 0.0014440223810818604 0.0019579427450828958 -0.029966939125719846 0.0027763534418938831 -0.0016257408510182295 -0.00074126719413453927 0.005160008960453568 -0.013588866843581652
leaf_weight=771 645 1183 811 18817 11823 6277 7934 764 70 456 612 123 119 271
leaf_count=771 645 1183 811 18817 11823 6277 7934 764 70 456 612 123 119 271
internal_value=5.38612e-05 5.50955e-06 0.00223738 -6.2011e-05 0.000490166 -0.000264716 -3.83875e-05 0.000709045 -0.00102062 -0.00237508 -0.0016939 -0.00337004 -0.00637667 -0.00923267
internal_weight=50676 49905 1456 48449 13006 35443 29166 10349 2415 1651 1581 1125 513 394
internal_count=50676 49905 1456 48449 13006 35443 29166 10349 2415 1651 1581 1125 513 394
is_linear=0
shrinkage=0.05


Tree=179
num_leaves=15
num_cat=0
split_feature=34 45 0 13 6 41 14 13 47 53 2 47 52 56
split_gain=2.64673 2.64186 3.71634 3.13934 6.93073 5.68611 4.18985 3.54271 3.58238 3.18286 3.26804 2.94039 7.74594 2.85979
threshold=6.7500000000000009 -2.8733866214752193 30.550000190734867 61.911605834960945 58.149999618530281 99.500000000000014 5.5526955127716073 48.857440948486335 11.638750076293947 -0.99628248810768116 132.94999694824222 14.404999732971193 -0.30163703858852381 26.250000000000004
decision_type=2 2 2 2 2 2 2 2 2 2 2 2 2 2
left_child=1 -1 13 5 -5 11 -6 -7 -9 -8 -11 -4 -13 -3
right_child=-2 2 3 4 6 7 9 8 -10 10 -12 12 -14 -15
leaf_value=-0.00030806861915857694 -0.009816231433503679 -0.00091476516600244747 0.00015695616607461265 0.0044543784509524032 -0.013087853665092726 -0.00091063203623952926 -0.0097791189849534867 -0.0047738879966312264 -0.016671096071333595 0.00098750373978165481 -0.00054086055664218948 -0.0085124415001906501 -0.0024077613255866913 0.0038631422308612901
leaf_weight=16405 53 1064 13123 2775 61 960 100 738 99 7281 3993 50 275 3611
leaf_count=16405 53 1064 13123 2775 61 960 100 738 99 7281 3993 50 275 3611
internal_value=0.000162852 0.000175586 0.000426186 0.000218056 0.000752461 -0.000280236 0.000207514 -0.00291367 -0.00527155 0.000282853 0.000365119 7.35624e-05 -0.00455224 0.00173426
internal_weight=50588 50535 34130 29455 14210 15245 11435 1797 837 11374 11274 13448 325 4675
internal_count=50588 50535 34130 29455 14210 15245 11435 1797 837 11374 11274 13448 325 4675
is_linear=0
shrinkage=0.05


Tree=180
num_leaves=15
num_cat=0
split_feature=0 56 36 23 48 50 23 38 25 29 0 46 17 10
split_gain=2.74909 3.05498 2.38462 5.39538 4.03078 4.00744 3.94336 4.80333 3.61945 3.44288 3.56975 3.43105 3.27993 3.15088
threshold=21.050000190734867 9.5500001907348651 18.849999427795414 0.51499998569488536 -2.4500000476837154 -0.7865660786628722 0.31499999761581426 1.7500000000000002 41.250000000000007 1.3499999642372134 45.350000381469734 9.7500000000000018 16.750000000000004 20.316666603088382
decision_type=2 2 2 2 2 2 2 2 2 2 2 2 2 2
left_child=1 -1 6 5 -5 9 -2 -8 11 10 -4 -6 -10 -7
right_child=2 -3 3 4 8 13 7 -9 12 -11 -12 -13 -14 -15
leaf_value=-0.0023310349627644884 0.0027907583744750859 0.0029237845867794605 0.002804451967935365 -0.00054336487259653741 0.0014782681548054333 -0.0078983144069184313 -0.005219974568641741 0.00023306627032111302 -0.004302406279690983 -0.0021373038927989989 -0.015261265580935249 -0.0040550641811761363 -0.0009124846834295691 -0.0002486169569296236
leaf_weight=79 3715 2528 51 7778 10793 230 78 10544 65 3393 116 684 184 10510
leaf_count=79 3715 2528 51 7778 10793 230 78 10544 65 3393 116 684 184 10510
internal_value=0.000192876 0.00177111 0.000107059 -0.000122139 0.000418674 -0.000859539 0.000647174 0.000156133 0.00100375 -0.00231092 -0.00912429 0.00113476 -0.00484556 -0.000376744
internal_weight=50748 2607 48141 33804 19504 14300 14337 10622 11726 3560 167 11477 249 10740
internal_count=50748 2607 48141 33804 19504 14300 14337 10622 11726 3560 167 11477 249 10740
is_linear=0
shrinkage=0.05


Tree=181
num_leaves=15
num_cat=0
split_feature=17 0 49 12 10 3 38 43 22 38 53 34 8 31
split_gain=2.12834 2.35927 3.78441 3.8859 3.57134 3.5445 3.16018 3.35952 5.96289 2.80514 2.67534 2.69538 3.04062 3.0039
threshold=-106.09999847412108 43.45000076293946 22.500000000000004 57.571527481079109 77.458332061767592 67.65000152587892 25.150000572204593 47.500000000000007 285.50000000000006 2.7500000000000004 0.90803977847099315 2.6499999761581425 24.94999980926514 -3.9579608440399165
decision_type=2 2 8 2 2 2 2 8 2 2 2 2 2 2
left_child=-1 6 3 -3 9 -6 7 8 -2 -5 11 13 -13 -4
right_child=1 2 10 4 5 -7 -8 -9 -10 -11 -12 12 -14 -15
leaf_value=0.0058309460358981439 -0.0062963932321393988 -0.0022860586863733263 0.0013865976725807951 -0.0040354022145876328 -0.0095695549502512189 -0.00085339122649464954 0.0036175326741901257 3.0944254557957159e-05 0.0052716509625887311 0.00096087854368985353 0.0014032013865884533 -0.014250764165092342 -0.0017909640227172603 -0.00023363837030946169
leaf_weight=586 79 3704 5294 78 55 5545 2247 12651 2470 4689 3149 66 864 9188
leaf_count=586 79 3704 5294 78 55 5545 2247 12651 2470 4689 3149 66 864 9188
internal_value=0.000184016 0.000148636 -0.000102322 -0.000720474 -0.000223089 -0.00107843 0.000617804 0.000358317 0.00201055 0.000781872 0.000366432 9.46701e-05 -0.0025 0.000262904
internal_weight=50665 50079 32632 14071 10367 5600 17447 15200 2549 4767 18561 15412 930 14482
internal_count=50665 50079 32632 14071 10367 5600 17447 15200 2549 4767 18561 15412 930 14482
is_linear=0
shrinkage=0.05


Tree=182
num_leaves=15
num_cat=0
split_feature=44 23 48 50 53 53 45 52 33 14 25 40 10 14
split_gain=2.64896 2.86475 3.72352 3.7124 3.96661 4.66234 3.38748 3.18015 5.74673 5.53408 4.6585 3.72579 3.04974 4.5709
threshold=2.6585061550140385 0.25499999523162847 3.2500000000000004 0.91597560048103344 -0.63257205486297596 -0.39036008715629572 1.1009659767150881 -0.97113886475563038 1.6500000357627871 21.032412528991703 8.5500001907348651 979.35000610351574 57.175001144409187 7.5273025035858163
decision_type=2 2 2 2 2 2 2 2 2 2 2 2 2 2
left_child=1 2 -1 7 -5 6 12 8 10 11 -3 -10 13 -6
right_child=-2 3 -4 4 5 -7 -8 -9 9 -11 -12 -13 -14 -15
leaf_value=0.005978982318490385 -0.00037584267381923981 -0.0077868956083961844 -0.00020788315106268194 0.0013733958541415105 -0.0024143054726040503 -0.0012732822904916374 -0.0011042483832475209 0.00063325932987649304 -0.010199709811314205 -0.0095695614778482287 0.00055334804082146866 -0.00085818561242867225 0.0012371111155615037 -0.015149101075479851
leaf_weight=1741 15051 75 1162 1549 72 2415 197 26015 71 92 1709 315 58 180
leaf_count=1741 15051 75 1162 1549 72 2415 197 26015 71 92 1709 315 58 180
internal_value=0.00012147 0.000356272 0.00185891 0.000222541 -0.00111471 -0.00219645 -0.0065087 0.000434299 -0.00136003 -0.00616803 -4.45929e-05 -0.00333333 -0.0096875 -0.0119847
internal_weight=50702 35651 2903 32748 4471 2922 507 28277 2262 478 1784 386 310 252
internal_count=50702 35651 2903 32748 4471 2922 507 28277 2262 478 1784 386 310 252
is_linear=0
shrinkage=0.05


Tree=183
num_leaves=15
num_cat=0
split_feature=1 27 29 23 46 19 44 40 45 21 30 33 17 8
split_gain=3.61145 3.02209 9.30528 3.92946 3.24255 3.2556 2.58856 3.43333 2.81345 2.75682 4.91752 3.97532 6.48356 4.0559
threshold=121.75000000000001 22.94999980926514 1.7500000000000002 1.0649999976158144 0.25000000745058065 226.05000305175784 4.5437498092651376 986.85000610351574 1.7281455397605898 178.50000000000003 467.50000000000006 4.7500000000000009 -2.5499999523162837 43.850000381469734
decision_type=2 2 2 2 2 2 2 2 2 2 10 2 2 2
left_child=6 3 -3 4 -2 -6 7 9 -8 -1 -11 -12 13 -13
right_child=1 2 -4 -5 5 -7 8 -9 -10 10 11 12 -14 -15
leaf_value=0.00044372828753905014 -0.00050689248304747626 -0.015936149691122149 -0.0012388833250659799 0.0036564716953654155 -0.0091582069885487224 0.001458890076598246 -0.00073997455934495914 0.0019287098133776506 0.0011819247503800315 -0.0044072203824095683 0.000252683419478924 -0.0025082662713979357 -0.0001656792368852297 -0.012095677157017776
leaf_weight=21454 5364 69 541 575 125 59 7311 8536 1600 544 4064 81 280 60
leaf_count=21454 5364 69 541 575 125 59 7311 8536 1600 544 4064 81 280 60
internal_value=0.000130543 -0.000946908 -0.00427419 -0.000609 -0.00101835 -0.00737113 0.000295858 0.000489452 -0.000464634 0.000208168 -0.000844413 -0.000294772 -0.00486079 -0.0132119
internal_weight=50663 6733 610 6123 5548 184 43930 35019 8911 26483 5029 4485 421 141
internal_count=50663 6733 610 6123 5548 184 43930 35019 8911 26483 5029 4485 421 141
is_linear=0
shrinkage=0.05


Tree=184
num_leaves=15
num_cat=0
split_feature=25 27 56 12 34 9 47 37 26 51 3 28 37 9
split_gain=3.25366 3.07838 2.83282 2.83028 3.54943 4.25151 3.21568 3.91176 3.88575 4.60495 4.05097 6.6753 7.80632 3.87985
threshold=63.399999618530281 16.849999427795414 194.85000610351565 165.72360992431643 -1.7499999999999998 140.40000152587893 4.8651516437530526 63.500000000000007 0.80262345075607311 -0.37940952181816096 99.099998474121108 67.500000000000014 65.500000000000014 137.59999847412112
decision_type=2 2 2 2 2 2 2 2 2 2 2 2 2 2
left_child=2 -2 3 6 5 -5 7 -1 9 -8 -10 12 -12 -13
right_child=1 -3 -4 4 -6 -7 8 -9 10 -11 11 13 -14 -15
leaf_value=-0.00016775604802806105 -0.0044526712101392646 0.00060425603909542856 0.0023181240074668596 -0.0067877060221179708 -0.00091189603573013731 -0.00082554021373374233 0.0011274072156135931 0.0019978677990240795 -0.00077850296384475567 -0.00033062254449175066 -0.014814522592203359 0.0017548252675544879 -0.0014469231483359439 -0.0038112943105913623
leaf_weight=5014 201 183 1560 53 827 73 10557 7494 4398 19550 134 390 111 208
leaf_count=5014 201 183 1560 53 827 73 10557 7494 4398 19550 134 390 111 208
internal_value=0.000135236 -0.00439086 0.000170607 0.000103341 -0.00258048 -0.0100735 0.000157314 0.000845982 -8.65432e-05 0.000132317 -0.00134165 -0.0044959 -0.0112745 -0.00157895
internal_weight=50753 384 50369 48809 953 126 47856 12508 35348 30107 5241 843 245 598
internal_count=50753 384 50369 48809 953 126 47856 12508 35348 30107 5241 843 245 598
is_linear=0
shrinkage=0.05


Tree=185
num_leaves=15
num_cat=0
split_feature=34 1 47 49 23 43 1 47 37 24 52 43 31 53
split_gain=2.53555 2.38945 2.83282 2.53518 5.20401 4.98616 3.58431 5.95491 4.18105 2.94179 2.88205 2.86099 3.87976 5.08417
threshold=6.7500000000000009 21.44999980926514 7.0809090137481698 32.500000000000007 0.55500000715255748 347.50000000000006 156.69999694824222 4.3133928775787362 54.500000000000007 9.5000000000000018 -0.99054482579231251 47.500000000000007 1.4193348884582522 0.046214086934924133
decision_type=2 2 2 10 2 10 2 2 2 2 2 10 2 2
left_child=1 2 -1 6 5 -5 7 8 -3 -10 -7 12 -9 -14
right_child=-2 3 -4 4 -6 10 -8 11 9 -11 -12 -13 13 -15
leaf_value=0.0052760123947645805 -0.0085940063523797326 -0.0028398877259759006 7.7478986035991009e-05 0.001604687998547104 0.0015355188956710228 0.0023403665738961441 -0.0017668250694972448 -0.00098719911643613614 0.0047225959297650562 0.00030130613111189428 -0.0010845555169857841 -0.0010310588781364187 -0.00058887816374285189 0.0032001225301985015
leaf_weight=1081 54 431 1458 2949 9538 439 1949 4720 2531 1836 6198 11631 2307 3462
leaf_count=1081 54 431 1458 2949 9538 439 1949 4720 2531 1836 6198 11631 2307 3462
internal_value=0.000102186 0.000114761 0.00160651 3.55203e-05 0.000481865 -0.000340767 -0.000260242 -0.000109923 0.00148503 0.00194997 -0.0011005 -0.000456394 0.000142395 0.00101142
internal_weight=50584 50530 2539 47991 19124 9586 28867 26918 4798 4367 6637 22120 10489 5769
internal_count=50584 50530 2539 47991 19124 9586 28867 26918 4798 4367 6637 22120 10489 5769
is_linear=0
shrinkage=0.05


Tree=186
num_leaves=15
num_cat=0
split_feature=28 50 13 32 10 13 22 41 7 24 32 46 22 21
split_gain=2.89371 4.29689 3.39888 3.10295 3.04542 3.61078 5.02945 3.06854 2.95925 2.93459 3.24822 2.73328 2.65907 3.60905
threshold=44.500000000000007 -0.98296290636062611 39.211904525756843 4.2706327438354501 71.858333587646499 60.324106216430671 454.50000000000006 68.500000000000014 41.95000076293946 10.500000000000002 -11.210405349731444 6.9500000476837167 347.50000000000006 65.500000000000014
decision_type=2 2 2 2 2 2 2 2 2 2 2 2 2 2
left_child=1 -1 3 8 7 6 -6 -4 -2 10 -3 12 -10 -14
right_child=2 9 4 -5 5 -7 -8 -9 11 -11 -12 -13 13 -15
leaf_value=-0.0042049166846531271 -0.00096647103123082337 -0.016739735573665756 0.00089203600763807986 0.0012004718662066583 -0.011368342063832129 -8.7525263295900056e-05 -0.0013401567111337958 -0.000659552085902283 0.0024985144121560275 0.00057715101385891936 0.0044041465105520055 0.0082983077295657442 -0.0035225780226209149 -0.0088966483529304211
leaf_weight=397 2747 89 14577 780 92 13506 2252 5046 61 7087 2934 101 538 280
leaf_count=397 2747 89 14577 780 92 13506 2252 5046 61 7087 2934 101 538 280
internal_value=8.78272e-05 0.000825806 -0.000106276 -0.00139805 5.81971e-05 -0.000457125 -0.00226423 0.000474456 -0.00199759 0.00102767 0.00232938 -0.00434343 -0.00523622 -0.00599034
internal_weight=50487 10507 39980 4507 35473 15850 2344 19623 3727 10110 3023 980 879 818
internal_count=50487 10507 39980 4507 35473 15850 2344 19623 3727 10110 3023 980 879 818
is_linear=0
shrinkage=0.05


Tree=187
num_leaves=15
num_cat=0
split_feature=17 48 2 49 2 15 23 50 43 38 23 48 38 57
split_gain=2.36686 2.86238 2.1177 3.01325 3.84368 4.56251 3.67387 3.87186 4.3492 3.33423 2.87414 3.33218 3.95726 3.03077
threshold=-73.700000762939439 -4.9500000476837149 21.550000190734867 32.500000000000007 214.44999694824222 244.44999694824222 0.55500000715255748 0.37940952181816107 767.50000000000011 1.7500000000000002 0.20499999821186068 11.650000095367433 9.0500001907348651 94.383335113525405
decision_type=2 2 2 10 2 2 2 2 10 2 2 2 2 2
left_child=1 -1 -2 4 9 -6 7 -5 -9 -4 11 -11 -13 -12
right_child=2 -3 3 6 5 -7 -8 8 -10 10 13 12 -14 -15
leaf_value=0.0066738386388272347 0.0023075325559384604 -0.00068832415293763752 -0.0039780199597734744 -0.00067490207463531996 -0.0082527966691995167 -0.0020149987207980155 0.0014458572336665703 0.0031594131922888418 -0.0025689315380863073 0.0029339179482505118 -0.0006608207467674942 0.0013141040083206245 -0.0076331674572147476 0.00046845280057523898
leaf_weight=1039 2759 419 229 6707 65 311 9374 2564 315 1618 18388 90 57 6748
leaf_count=1039 2759 419 229 6707 65 311 9374 2564 315 1618 18388 90 57 6748
internal_value=0.000194603 0.00217302 0.000135574 5.55127e-05 -0.000278747 -0.00523316 0.000540327 -0.000147978 0.00138283 -0.00020818 -0.000155884 0.00178873 -0.00519108 -0.000293088
internal_weight=50683 1458 49225 46466 27506 376 18960 9586 2879 27130 26901 1765 147 25136
internal_count=50683 1458 49225 46466 27506 376 18960 9586 2879 27130 26901 1765 147 25136
is_linear=0
shrinkage=0.05


Tree=188
num_leaves=15
num_cat=0
split_feature=6 5 38 17 0 25 38 29 28 56 26 48 24 35
split_gain=2.81326 5.2649 3.83399 3.53895 4.08349 3.48927 2.93059 3.97969 4.23005 2.7692 3.79526 4.78198 3.97837 2.89914
threshold=58.149999618530281 84.90000152587892 3.7500000000000004 -4.5499999523162833 43.45000076293946 22.94999980926514 9.3499999046325701 3.8500000238418584 50.500000000000007 142.25000000000003 0.68696025013923656 -2.9500000476837154 764.00000000000011 11.500000000000002
decision_type=2 2 2 2 2 2 2 2 2 2 2 2 2 2
left_child=1 -1 3 4 -2 -6 -4 8 -8 10 11 13 -13 -9
right_child=2 -3 6 -5 5 -7 7 9 -10 -11 -12 12 -14 -15
leaf_value=0.00018413025094005396 0.0025061405061025015 0.0038111184460922864 0.00057102569554331258 -0.001051693340127871 -0.0092454768949014818 -0.0029386408167732868 0.0021741414172327996 -0.00066047630455748352 -0.0022805746425044529 0.0019496420507530761 -0.0012714299112782856 0.0016769790829548521 -0.0093760495101306244 -0.0040755289759013512
leaf_weight=24572 57 2533 6020 317 81 51 507 1845 3857 1250 4788 4553 51 280
leaf_count=24572 57 2533 6020 317 81 51 507 1845 3857 1250 4788 4553 51 280
internal_value=6.8148e-05 0.000415822 -0.000330206 -0.00459302 -0.00982412 -0.0143662 -0.000235093 -0.00056852 -0.00187014 -0.000122486 -0.000365663 0.000399911 0.00130472 -0.00155738
internal_weight=50762 27105 23657 506 189 132 23151 17131 4364 12767 11517 6729 4604 2125
internal_count=50762 27105 23657 506 189 132 23151 17131 4364 12767 11517 6729 4604 2125
is_linear=0
shrinkage=0.05


Tree=189
num_leaves=15
num_cat=0
split_feature=23 1 53 28 23 12 38 24 44 52 21 49 14 1
split_gain=1.95192 2.76795 2.09612 5.60013 4.09685 4.34736 6.87744 5.8062 5.80398 8.62091 4.84453 4.05509 3.85316 3.70698
threshold=0.085000000894069686 15.750000000000002 0.097680736333131804 44.500000000000007 0.57499998807907116 49.782638549804695 10.050000190734865 5.5000000000000009 -2.1783447265624996 -0.61913973093032826 57.500000000000007 542.50000000000011 4.444894790649415 43.95000076293946
decision_type=2 2 2 2 2 2 2 2 2 2 2 10 2 2
left_child=-1 -2 4 -4 5 -3 11 8 9 10 -8 -7 -5 -9
right_child=1 2 3 12 -6 6 7 13 -10 -11 -12 -13 -14 -15
leaf_value=-0.0026609805080195711 0.0072568362070514932 -0.00021447680738318766 0.0040306237730628773 -0.0057263118819664456 0.00037637491573238305 -0.016913888182173955 -0.0046600485137153142 0.0021774309878797781 -0.0010849683650418257 -0.0013343093259315596 -0.017964814507506584 -0.0023112462033596376 0.0001712424736887274 -0.0021170477426647517
leaf_weight=110 773 9096 2680 172 14204 96 77 1025 323 146 89 84 19950 1846
leaf_count=110 773 9096 2680 172 14204 96 77 1025 323 146 89 84 19950 1846
internal_value=0.000119473 0.000134563 8.81563e-05 0.000440996 -0.000210031 -0.000859131 -0.00230519 -0.0017975 -0.00608527 -0.0108385 -0.0182955 -0.0115789 0.000154481 -0.000831308
internal_weight=50671 50561 49788 22802 26986 12782 3686 3506 635 312 166 180 20122 2871
internal_count=50671 50561 49788 22802 26986 12782 3686 3506 635 312 166 180 20122 2871
is_linear=0
shrinkage=0.05


Tree=190
num_leaves=15
num_cat=0
split_feature=17 23 0 8 52 25 24 15 56 6 37 22 14 34
split_gain=2.47357 2.28093 2.82253 2.60201 2.51571 3.87889 4.32261 4.01259 3.60456 3.13329 3.60661 3.71859 5.25444 3.11511
threshold=-92.84999847412108 0.085000000894069686 14.750000000000002 55.45000076293946 0.73865729570388805 26.650000572204593 8.5000000000000018 119.89999771118165 28.150000572204593 64.40000152587892 85.500000000000014 511.50000000000006 21.233265876770023 3.2500000000000004
decision_type=2 2 2 2 2 2 2 2 2 2 2 2 2 2
left_child=-1 3 -3 -2 9 6 8 13 -6 10 -4 12 -12 -8
right_child=1 2 4 -5 5 -7 7 -9 -10 -11 11 -13 -14 -15
leaf_value=0.0039978304408384482 -0.0034642916358973842 0.0070312021523840753 0.0011743513939672535 0.00079429460817399356 -0.001467628789742793 -0.0041684202032258423 -0.00089774802285176895 0.0067808147351754965 0.0032243744045830666 -0.0002064622259403563 -0.0017270884580575076 0.00059187485669350416 -0.014099946026341976 -0.0049668094573272663
leaf_weight=820 50 756 15680 58 906 581 6522 357 2128 17770 1441 2816 77 421
leaf_count=820 50 756 15680 58 906 581 6522 357 2128 17770 1441 2816 77 421
internal_value=0.000124323 7.89746e-05 9.55223e-05 -0.00686441 4.81432e-05 -0.000620137 -0.000394431 -0.00105335 0.00118922 0.000241308 0.000670196 -0.000605433 -0.00259162 -0.00132101
internal_weight=50383 49563 49455 108 48699 10915 10334 7300 3034 37784 20014 4334 1518 6943
internal_count=50383 49563 49455 108 48699 10915 10334 7300 3034 37784 20014 4334 1518 6943
is_linear=0
shrinkage=0.05


Tree=191
num_leaves=15
num_cat=0
split_feature=17 57 47 20 22 14 0 2 7 2 5 2 14 9
split_gain=2.56384 3.15523 2.82176 3.28756 4.22955 3.62584 3.4048 2.46739 3.8793 3.10472 3.36289 3.78295 3.04938 2.45965
threshold=56.350000381469734 111.61666488647462 2.1825758218765263 145.65000152587893 6651.0000000000009 44.487758636474616 222.85000610351565 143.19999694824222 63.899999618530281 139.44999694824222 46.350000381469734 93.000000000000014 33.364934921264656 126.89999771118165
decision_type=2 2 2 2 2 2 2 2 2 2 2 2 2 2
left_child=1 -1 -2 4 5 6 7 8 -4 10 12 13 -10 -12
right_child=2 -3 3 -5 -6 -7 -8 -9 9 -11 11 -13 -14 -15
leaf_value=0.00013200339682512027 0.0027793082547665007 0.0013526157115806888 0.0011418328104084972 0.00095730612766744487 -0.0077642341756776817 0.001785835655555701 -0.0093459629143503326 0.00085847693152715841 -0.0032144822998330341 -0.016020870681133111 -0.0027500405300918285 0.00051566379144371089 -0.011893225245091574 -0.012317843070229706
leaf_weight=41582 327 6189 351 577 72 336 50 290 127 60 184 389 50 93
leaf_count=41582 327 6189 351 577 72 336 50 290 127 60 184 389 50 93
internal_value=0.00019798 0.000285783 -0.00124143 -0.00179799 -0.00275348 -0.00226804 -0.0032606 -0.00278636 -0.00374209 -0.00546002 -0.00455451 -0.00284024 -0.010508 -0.00719512
internal_weight=50677 47771 2906 2579 2002 1930 1594 1544 1254 903 843 666 177 277
internal_count=50677 47771 2906 2579 2002 1930 1594 1544 1254 903 843 666 177 277
is_linear=0
shrinkage=0.05


Tree=192
num_leaves=15
num_cat=0
split_feature=19 21 51 37 38 28 11 10 6 55 6 45 11 31
split_gain=2.79245 3.57289 2.65573 4.83011 3.77855 3.30243 3.0045 4.94818 3.91525 3.70347 5.08244 2.99357 2.71516 2.61646
threshold=29.849999427795414 68.500000000000014 -0.37940952181816096 54.500000000000007 11.150000095367433 40.500000000000007 29.056249618530277 33.291666030883796 25.750000000000004 2.5000000000000004 34.649999618530281 -5.7877082824707022 48.681249618530281 7.2282407283782968
decision_type=2 2 2 2 2 2 2 2 2 2 2 2 2 2
left_child=1 13 -2 4 6 -5 -4 8 -8 11 -11 -10 -9 -1
right_child=2 -3 3 5 -6 -7 7 12 9 10 -12 -13 -14 -15
leaf_value=-0.00022907242715455392 0.0003507574802674527 0.0048528800626663369 0.00033206561727432311 0.0027408224213548902 -0.00026953285819315609 -0.00018887752114773754 -0.0007909215757914399 -7.410811930675564e-05 -0.0058738612484186582 -0.016531666340311585 -0.0051305222985139794 0.0019192420410401078 -0.0042843713892878575 -0.0072699005682885266
leaf_weight=380 18544 1820 543 2548 3432 21245 192 707 60 118 98 90 751 72
leaf_count=380 18544 1820 543 2548 3432 21245 192 707 60 118 98 90 751 72
internal_value=9.18793e-05 0.00180105 1.11715e-05 -0.000281264 -0.00154891 3.84407e-05 -0.00299922 -0.0038845 -0.00785211 -0.0108245 -0.0149115 -0.004375 -0.00232289 -0.00214286
internal_weight=50600 2272 48328 29784 5991 23793 2559 2016 558 366 216 150 1458 452
internal_count=50600 2272 48328 29784 5991 23793 2559 2016 558 366 216 150 1458 452
is_linear=0
shrinkage=0.05


Tree=193
num_leaves=15
num_cat=0
split_feature=45 54 8 57 0 44 32 24 42 52 41 49 32 13
split_gain=2.09948 2.52392 3.19925 3.1793 3.06717 3.49995 3.20104 3.05724 4.91099 3.63467 2.58423 3.14491 3.38616 3.14049
threshold=-1.4496933221817014 11.500000000000002 183.25000000000003 140.59999847412112 32.750000000000007 11.516139984130861 14.587940692901613 7.5000000000000009 5.3500001430511483 0.07411635667085649 32.500000000000007 32.500000000000007 2.1924093961715703 68.302082061767592
decision_type=2 2 2 2 2 2 2 2 2 2 2 8 2 2
left_child=-1 2 3 4 5 6 -2 -4 9 -9 11 12 -6 -12
right_child=1 -3 7 -5 10 -7 -8 8 -10 -11 13 -13 -14 -15
leaf_value=-0.00019591418605951198 0.0023006759596090258 0.0024252730920157877 -0.00059482795684842778 0.003057827463833959 0.00046762550351449371 -0.0078041372867850263 -0.0064063831179843938 -0.0086655161531349039 0.0010059479961799954 -0.0028781830342585221 -0.0017070604882165827 0.0010329517866625882 -0.0016914031553102997 0.0015407409318803226
leaf_weight=21996 4466 1918 635 1261 4317 57 68 53 72 62 4692 7129 2423 1434
leaf_count=21996 4466 1918 635 1261 4317 57 68 53 72 62 4692 7129 2423 1434
internal_value=0.000143597 0.000426094 0.000299674 0.000397765 0.000271589 0.00143556 0.00159991 -0.0027524 -0.00819797 -0.0142 3.74925e-06 0.000381512 -0.000392592 -0.000850717
internal_weight=50583 28587 26669 25847 24586 4591 4534 822 187 115 19995 13869 6740 6126
internal_count=50583 28587 26669 25847 24586 4591 4534 822 187 115 19995 13869 6740 6126
is_linear=0
shrinkage=0.05


Tree=194
num_leaves=15
num_cat=0
split_feature=45 45 38 24 56 23 16 30 16 44 54 26 4 44
split_gain=3.14982 3.14786 2.60423 4.36924 4.58595 4.79502 5.35342 3.86483 3.53553 7.03845 3.12693 3.19824 2.88002 2.73474
threshold=-5.5425698757171622 -10.041187286376951 11.250000000000002 8.5000000000000018 32.049999237060554 0.2950000017881394 26.250000000000004 322.50000000000006 73.000000000000014 0.54727211594581615 11.500000000000002 0.94965383410453807 75.099998474121108 -1.0478057861328123
decision_type=2 2 2 2 2 2 2 10 2 2 2 2 2 2
left_child=1 -1 3 10 -5 6 -6 -7 -4 -10 11 -3 -9 -12
right_child=-2 2 8 4 5 7 -8 12 9 -11 13 -13 -14 -15
leaf_value=0.0015147153548416732 0.00024815359545455099 0.0020279543519906521 8.6233416580368792e-05 -0.0011872858364749257 -0.007682187904432496 -0.0016944891420187175 -0.0075451197529414309 -0.0056805810274409571 0.0047311938630006205 -0.013104472042254928 -0.014614041397563601 -0.0043440936925842602 -0.0099952734951826473 -0.0034942658865133383
leaf_weight=1604 42957 1130 2905 567 85 416 74 135 77 67 60 266 50 351
leaf_count=1604 42957 1130 2905 567 85 416 74 135 77 67 60 266 50 351
internal_value=0.000114671 -0.000809927 -0.00132165 -0.00233142 -0.00449888 -0.00701299 -0.0145266 -0.00481997 -0.000279503 -0.00766234 -0.00072372 0.000412518 -0.010641 -0.00450119
internal_weight=50744 7787 6183 3134 1327 760 159 601 3049 144 1807 1396 185 411
internal_count=50744 7787 6183 3134 1327 760 159 601 3049 144 1807 1396 185 411
is_linear=0
shrinkage=0.05


Tree=195
num_leaves=15
num_cat=0
split_feature=10 11 12 13 7 2 2 19 3 9 24 36 8 38
split_gain=2.78009 3.34248 3.84312 5.63811 4.04489 5.98557 3.29591 2.92352 4.05593 3.10539 2.76369 3.65599 4.08592 8.10033
threshold=40.558332443237312 42.235416412353523 47.250000000000007 48.345237731933601 52.350000381469734 24.050000190734867 31.349999427795414 78.349998474121108 30.550000190734867 40.800001144409187 3.5000000000000004 23.150000572204593 120.84999847412111 10.750000000000002
decision_type=2 2 2 2 2 2 2 2 2 2 2 2 2 2
left_child=1 2 -1 4 5 -4 -2 -3 9 -9 11 -8 -13 -14
right_child=6 7 3 -5 -6 -7 10 8 -10 -11 -12 12 13 -15
leaf_value=0.00057625623503455576 -0.012524917402984529 0.0037301250890310216 0.0040472913572861284 -0.00026080715556230392 -0.0030789275113760062 -0.0086277009180713692 0.0011478918186271355 -0.0075179898398841085 0.0025380871710574959 -0.001209371175167016 -0.00033173506523405996 -0.00051917365093479288 0.0034457981965525944 -0.0050296976890168762
leaf_weight=9109 63 3283 53 1090 200 116 7891 52 321 115 25568 2522 67 57
leaf_count=9109 63 3283 53 1090 200 116 7891 52 321 115 25568 2522 67 57
internal_value=9.3731e-05 0.000682626 0.000225941 -0.00214772 -0.00740106 -0.0128771 -0.000139864 0.00195848 -0.00162651 -0.00771186 -0.000118372 0.000562719 -0.00104292 -0.00955224
internal_weight=50507 14339 10568 1459 369 169 36168 3771 488 167 36105 10537 2646 124
internal_count=50507 14339 10568 1459 369 169 36168 3771 488 167 36105 10537 2646 124
is_linear=0
shrinkage=0.05


Tree=196
num_leaves=15
num_cat=0
split_feature=10 34 46 11 34 30 34 33 55 16 28 27 38 26
split_gain=2.24704 4.15841 4.34129 3.69782 3.17984 3.05258 2.85066 3.60035 3.99209 3.73218 3.30946 4.57484 4.29317 3.0695
threshold=40.558332443237312 -4.1499998569488517 4.8500001430511483 41.456249237060554 -4.3500001430511466 872.50000000000011 2.5499999523162846 8.2500000000000018 4.5000000000000009 26.250000000000004 49.500000000000007 18.150000572204593 16.44999980926514 0.67057299613952648
decision_type=2 2 2 2 2 10 2 2 2 2 2 2 2 2
left_child=3 2 4 -1 5 -2 -3 8 10 -10 -8 -12 13 -13
right_child=1 6 -4 -5 -6 -7 7 -9 9 -11 11 12 -14 -15
leaf_value=0.00022299553239845933 0.00096996093068769473 0.00011408901502003144 -0.01183264628010141 0.0027323744907911183 -0.010585180040791852 -0.012733885680380376 0.0052101101833263771 -0.018846631855913419 -0.0086883655092971704 -0.0031048592715190561 0.0034688504328889772 -0.0074934362777796699 -0.0015104635274811895 -0.0033703385181299028
leaf_weight=10429 550 33212 87 4020 90 70 424 60 178 558 442 58 489 94
leaf_count=10429 550 33212 87 4020 90 70 424 60 178 558 442 58 489 94
internal_value=0.000146836 -6.3047e-05 -0.00361214 0.000673975 -0.00222222 -0.000873016 1.75934e-05 -0.00167964 -0.0013249 -0.00431635 0.000154911 -0.0013129 -0.00398617 -0.0110494
internal_weight=50761 36312 797 14449 710 620 35515 2303 2243 736 1507 1083 641 152
internal_count=50761 36312 797 14449 710 620 35515 2303 2243 736 1507 1083 641 152
is_linear=0
shrinkage=0.05


Tree=197
num_leaves=15
num_cat=0
split_feature=17 36 42 36 40 53 16 23 53 23 21 11 21 7
split_gain=2.62025 3.45736 4.82073 4.35085 5.58751 4.04398 6.09724 4.6809 4.71483 4.46427 4.62331 3.91511 3.59332 3.41503
threshold=59.95000076293946 19.150000572204593 6.6499998569488534 27.750000000000004 980.14999389648449 -0.49812626838684076 40.250000000000007 0.42499999701976782 -0.30164489150047297 1.1749999523162844 73.500000000000014 46.664583206176765 198.50000000000003 23.750000000000004
decision_type=2 2 2 2 2 2 2 2 2 2 2 2 2 2
left_child=1 2 -1 4 5 9 7 -7 -9 12 -11 -10 -3 -4
right_child=-2 3 13 -5 -6 6 -8 8 11 10 -12 -13 -14 -15
leaf_value=0.0017607409100162154 -0.0013143990325280557 5.5348023896371348e-06 -0.0028267388113586474 0.00037097430027754132 -4.6530560693077345e-05 -0.0013808550969897041 0.0037845494802318906 -0.0035442851606233348 -0.007443765455141982 -0.01486048438558921 -0.0043916251635368678 -0.01495498609810084 -0.0035626201898425846 6.6112751478280563e-06
leaf_weight=7688 2521 2830 291 19244 10570 540 349 413 159 69 275 151 263 5242
leaf_count=7688 2521 2830 291 19244 10570 540 349 413 159 69 275 151 263 5242
internal_value=6.86557e-05 0.000151162 0.000839317 -0.00010997 -0.000729733 -0.00209626 -0.00415536 -0.00576198 -0.00836971 -0.00112126 -0.00644068 -0.0129687 -0.000510796 -0.000285946
internal_weight=50605 48084 13221 34863 15619 5049 1612 1263 723 3437 344 310 3093 5533
internal_count=50605 48084 13221 34863 15619 5049 1612 1263 723 3437 344 310 3093 5533
is_linear=0
shrinkage=0.05


Tree=198
num_leaves=15
num_cat=0
split_feature=20 24 30 31 43 6 16 7 32 29 31 5 36 36
split_gain=2.47699 4.20608 4.05118 2.97048 2.8891 2.85 3.83014 3.5388 2.56712 2.42782 2.39287 2.53722 2.22326 3.34538
threshold=85.450000762939467 1.5000000000000002 111.87500000000001 -2.5688560009002681 12.500000000000002 50.699998855590827 50.95000076293946 142.75000000000003 -0.34827786684036249 8.8499999046325701 0.705266833305359 75.099998474121108 32.750000000000007 19.349999427795414
decision_type=2 2 8 2 8 2 2 2 2 2 2 2 2 2
left_child=4 -2 5 9 -1 -3 7 -7 -9 -4 11 -8 13 -6
right_child=1 2 3 -5 12 6 10 8 -10 -11 -12 -13 -14 -15
leaf_value=0.005760698143229089 0.001622994238511219 0.0024341494776710924 -0.0043793559133537214 -0.0011505192970931444 0.0006774646100646903 -0.0017903543939224475 0.0026674797465821229 -0.011997687820818137 -0.0020837390056662477 -0.015301536418491857 0.0029620452142764243 -0.0012964136783887095 0.00094931649613625227 -0.00026181929409748941
leaf_weight=496 1426 640 163 622 11372 2184 210 70 51 56 686 1229 6998 24534
leaf_count=496 1426 640 163 622 11372 2184 210 70 51 56 686 1229 6998 24534
internal_value=0.000112027 -0.000737035 -0.00132494 -0.00451821 0.000255702 -0.000787401 -0.00123874 -0.00264579 -0.0106489 -0.00941048 0.00029274 -0.000866114 0.000211353 5.23445e-05
internal_weight=50737 7337 5911 841 43400 5070 4430 2305 121 219 2125 1439 42904 35906
internal_count=50737 7337 5911 841 43400 5070 4430 2305 121 219 2125 1439 42904 35906
is_linear=0
shrinkage=0.05


Tree=199
num_leaves=15
num_cat=0
split_feature=38 3 33 26 19 30 24 44 26 51 24 31 40 38
split_gain=2.32749 4.12149 3.92461 4.35879 4.32408 3.23678 4.45961 3.18411 4.95745 3.77669 4.9557 6.52498 4.49963 4.95883
threshold=25.250000000000004 43.250000000000007 1.0000000180025095e-35 0.80262345075607311 95.349998474121108 72.500000000000014 3.5000000000000004 -14.779191493988035 0.67734059691429149 -0.37940952181816096 4.5000000000000009 -4.3377826213836661 980.54998779296886 24.44999980926514
decision_type=2 2 2 2 2 10 2 2 2 2 2 2 2 2
left_child=2 -2 -1 7 -5 -6 -7 8 -4 -9 11 12 13 -11
right_child=1 -3 3 4 5 6 -8 9 -10 10 -12 -13 -14 -15
leaf_value=0.00022752100999509823 0.0040944655286606823 5.1393373033531528e-05 -0.0014256109023145747 -0.0015357720664482787 -0.0043147288896583378 -0.00045608686042955993 -0.011990928191067287 0.00091260931411405507 -0.013185141161131668 -0.014262148879650308 -0.00027540742052137947 0.00021026915971278693 -0.00070368648505471755 -0.002510832252982429
leaf_weight=31287 1951 3785 266 1950 236 71 133 3805 79 249 6033 481 215 117
leaf_count=31287 1951 3785 266 1950 236 71 133 3805 79 249 6033 481 215 117
internal_value=7.57877e-05 0.00102332 -4.54018e-05 -0.000753023 -0.0026875 -0.00711111 -0.0115888 -0.000339849 -0.005 -0.000187901 -0.000869106 -0.00400187 -0.00752115 -0.0108245
internal_weight=50658 5736 44922 13635 2390 440 204 11245 345 10900 7095 1062 581 366
internal_count=50658 5736 44922 13635 2390 440 204 11245 345 10900 7095 1062 581 366
is_linear=0
shrinkage=0.05


Tree=200
num_leaves=15
num_cat=0
split_feature=43 36 23 47 0 49 37 38 0 5 4 23 36 13
split_gain=2.25542 3.00339 2.36501 2.46122 2.43702 2.29263 4.99043 4.70863 4.10931 3.67602 3.26914 3.13995 3.26193 3.53901
threshold=17.500000000000004 30.44999980926514 0.085000000894069686 8.1763892173767108 11.250000000000002 32.500000000000007 35.500000000000007 8.8499999046325701 34.649999618530281 56.750000000000007 40.649999618530281 0.50499999523162853 17.750000000000004 156.26398468017581
decision_type=8 2 2 2 2 8 2 2 2 2 2 2 2 2
left_child=1 -1 3 -2 -4 6 7 9 -8 -6 -9 12 -7 -14
right_child=2 -3 4 -5 5 11 8 10 -10 -11 -12 -13 13 -15
leaf_value=0.0029174900938997825 0.00023336429064162991 -0.0049215208905196654 0.011647558396285871 -0.0042929190350038402 -0.0046157437175915065 0.001689000997711335 0.0013688058657089117 0.0028095662380281292 -0.00055501173881386155 -0.01291866099160467 -0.0039214460070838486 0.00084457535203304429 -0.00041044375176283029 -0.0078631068685708488
leaf_weight=2138 67 66 327 50 304 2076 4796 321 16466 118 350 13262 10332 62
leaf_count=2138 67 66 327 50 304 2076 4796 321 16466 118 350 13262 10332 62
internal_value=7.43918e-05 0.00163505 3.19336e-06 -0.00681102 2.10641e-05 -8.62821e-06 -0.00037894 -0.0036582 -0.000208725 -0.00773148 -0.00102056 0.000313107 -0.00025641 -0.000618031
internal_weight=50735 2204 48531 117 48414 48087 22355 1093 21262 422 671 25732 12470 10394
internal_count=50735 2204 48531 117 48414 48087 22355 1093 21262 422 671 25732 12470 10394
is_linear=0
shrinkage=0.05


Tree=201
num_leaves=15
num_cat=0
split_feature=56 6 57 51 50 23 41 13 26 13 42 12 11 13
split_gain=2.37918 2.9878 4.1804 3.27123 5.46392 5.74065 3.38141 3.15416 3.81276 3.80379 4.23115 3.7131 3.45893 4.41237
threshold=223.75000000000003 64.40000152587892 96.01666641235353 1.0000000180025095e-35 -0.37940952181816096 0.95499998331069957 1.5000000000000002 132.90654754638675 0.99217715859413158 101.86368942260744 5.8500001430511483 146.176383972168 85.397914886474624 107.52678680419923
decision_type=2 2 2 2 2 2 2 2 2 2 2 2 2 2
left_child=1 2 -1 4 5 -3 -6 9 -9 -5 -11 -10 -12 -14
right_child=-2 3 -4 7 6 -7 -8 8 11 10 12 -13 13 -15
leaf_value=0.00021169793172459003 0.002449239107289199 -0.0015452173136412132 0.005454347427491602 -0.0010086406126624771 0.0022920997361416443 0.0033877738886025285 -7.3652202281293694e-06 0.00084415410516568081 0.0029913267812599607 -0.0010281031762964068 6.9882022944954319e-05 -0.0076593568182934425 -0.0078313554125458637 -0.0041465559594544244
leaf_weight=28399 852 3863 1627 4694 3248 761 4127 1553 53 672 130 75 155 314
leaf_count=28399 852 3863 1627 4694 3248 761 4127 1553 53 672 130 75 155 314
internal_value=7.54954e-05 3.02935e-05 0.000343921 -0.000448995 6.62005e-05 -0.00127967 0.00091063 -0.00125653 0.00065346 -0.00179498 -0.00421155 -0.00731884 -0.00723317 -0.00919624
internal_weight=50523 49671 30026 19645 11999 4624 7375 7646 1681 5965 1271 128 599 469
internal_count=50523 49671 30026 19645 11999 4624 7375 7646 1681 5965 1271 128 599 469
is_linear=0
shrinkage=0.05


Tree=202
num_leaves=15
num_cat=0
split_feature=35 17 56 47 36 19 43 21 1 34 20 15 43 43
split_gain=2.299 2.82246 3.06744 2.49556 2.81192 2.12762 2.86386 2.56784 4.27014 2.63559 3.45079 2.55133 2.39013 2.3269
threshold=9.5000000000000018 39.649999618530281 79.750000000000014 2.9522727727890019 33.45000076293946 38.45000076293946 122.50000000000001 72.500000000000014 61.100000381469734 -3.7499999999999996 27.550000190734867 118.40000152587892 242.50000000000003 25.02689361572266
decision_type=2 2 2 2 2 2 10 2 2 2 2 2 10 10
left_child=1 2 -1 -2 5 6 -5 9 11 10 -7 -9 -11 -10
right_child=3 -3 -4 4 -6 7 -8 8 13 12 -12 -13 -14 -15
leaf_value=0.00024593416387380407 0.001806878674243724 -0.0010152561074484644 0.0019843791332995824 0.0038989522408045389 0.00099342389489597764 -0.010009536002179307 -0.0014017757388257175 -0.0009411820377740334 -0.00076401497725446348 0.00052872140119123888 -0.00068370057694548333 0.0027655418342615165 -0.00057667393115927424 -0.002932104883178778
leaf_weight=16843 1697 2568 5814 1206 3032 54 925 5605 896 5091 166 662 4090 1973
leaf_count=16843 1697 2568 5814 1206 3032 54 925 5605 896 5091 166 662 4090 1973
internal_value=0.000120675 0.000458689 0.000636829 -0.000215098 -0.000347954 -0.00055663 0.000936478 -0.000728689 -0.00132517 -0.000148231 -0.00543478 -0.000591843 -1.57761e-05 -0.00291942
internal_weight=50622 25225 22657 25397 23700 20668 2131 18537 9136 9401 220 6267 9181 2869
internal_count=50622 25225 22657 25397 23700 20668 2131 18537 9136 9401 220 6267 9181 2869
is_linear=0
shrinkage=0.05


Tree=203
num_leaves=15
num_cat=0
split_feature=51 26 28 47 20 41 24 18 50 52 34 9 51 49
split_gain=2.44136 3.52796 3.9093 3.36602 3.829 3.14808 2.84051 3.43203 2.74399 5.05014 3.22008 4.05681 3.09284 3.62073
threshold=-0.37940952181816096 0.66329389810562145 78.500000000000014 4.3133928775787362 32.250000000000007 42.500000000000007 10.500000000000002 6.9500000476837167 0.12940952181816109 0.22700754553079608 2.9500000476837163 192.09999847412112 1.0000000180025095e-35 -1402.4999999999998
decision_type=2 2 2 2 2 2 2 2 2 2 2 2 2 8
left_child=1 5 -3 4 6 -1 -2 -8 9 -5 11 -11 -10 -14
right_child=3 2 -4 8 -6 -7 7 -9 12 10 -12 -13 13 -15
leaf_value=0.0027459529698641064 0.0065908385083803247 0.0011433074313412859 -0.00050807546617628603 0.0011086292015989824 -0.00019374454952926135 -4.1860145184321368e-05 0.0038497813553540166 -0.001779845055141105 0.0010912087877637811 -0.00047268137758883354 -0.0040694312050908359 -0.0036711113742121993 0.0017351157664451317 -0.0014265782030194055
leaf_weight=4077 1367 5258 7821 7419 3184 1793 940 516 1649 5745 414 75 1240 9037
leaf_count=4077 1367 5258 7821 7419 3184 1793 940 516 1649 5745 414 75 1240 9037
internal_value=0.000149867 0.000598397 0.000140958 -0.000119319 0.000944823 0.00161565 0.00228203 0.000736699 -0.000369495 0.000114543 -0.000933696 -0.000626072 -0.000923257 -0.00124575
internal_weight=50535 18949 13079 31586 6007 5870 2823 1456 25579 13653 6234 5820 11926 10277
internal_count=50535 18949 13079 31586 6007 5870 2823 1456 25579 13653 6234 5820 11926 10277
is_linear=0
shrinkage=0.05


Tree=204
num_leaves=15
num_cat=0
split_feature=17 5 7 57 56 1 21 49 0 47 4 52 50 46
split_gain=2.69175 2.85542 2.80235 2.98482 2.42907 4.13088 3.75447 2.93296 3.61849 4.57337 3.476 4.00316 2.86495 3.97192
threshold=67.65000152587892 192.09999847412112 243.55000305175784 178.51667022705081 43.95000076293946 33.699998855590827 211.50000000000003 32.500000000000007 166.00000000000003 3.5174242258071904 195.80000305175784 0.24372619390487674 -0.91597560048103321 1.0000000180025095e-35
decision_type=2 2 2 2 2 2 2 10 2 2 2 2 2 2
left_child=4 2 -2 -4 6 -6 12 8 9 -7 -10 -12 13 -1
right_child=1 -3 3 -5 5 7 -8 -9 10 -11 11 -13 -14 -15
leaf_value=-0.0043485532195126596 -0.0016406840327824537 0.0025869498091522112 -0.0087335855623804689 -0.0031736042858925336 0.0030331503189612785 0.0028968257404246743 -0.0039394365797597126 0.0010081264740772736 -1.556355917441151e-05 -0.00021674763713831923 -0.0020895536983476541 -0.0062305280633777639 6.0616613416114599e-05 0.0017918114696636679
leaf_weight=1569 1480 339 52 54 3601 2175 260 9606 453 14883 329 88 14988 786
leaf_count=1569 1480 339 52 54 3601 2175 260 9606 453 14883 329 88 14988 786
internal_value=0.000136463 -0.00169251 -0.00258145 -0.0100862 0.000209034 0.000474394 -0.000260319 0.000265757 -0.000112052 4.92151e-05 -0.00323864 -0.00647541 -0.000169135 -0.00178647
internal_weight=50663 1925 1586 106 48738 31135 17603 27534 17928 17058 870 417 17343 2355
internal_count=50663 1925 1586 106 48738 31135 17603 27534 17928 17058 870 417 17343 2355
is_linear=0
shrinkage=0.05


Tree=205
num_leaves=15
num_cat=0
split_feature=0 56 46 13 13 13 12 29 53 6 24 30 47 37
split_gain=2.15236 3.32353 5.16845 3.64069 3.17449 3.82658 3.40701 3.12978 2.5548 2.61289 2.96186 2.55255 2.47353 2.74251
threshold=60.649999618530281 69.700000762939467 1.0000000180025095e-35 150.52172851562503 38.700893402099616 36.982143402099616 43.56666564941407 2.3500000238418584 -0.65883892774581898 38.850000381469734 16.500000000000004 122.50000000000001 4.1387498378753671 53.500000000000007
decision_type=2 2 2 2 2 2 2 2 2 2 2 10 2 2
left_child=4 3 -3 -2 5 -1 8 -4 9 10 -7 -8 13 -6
right_child=1 2 7 -5 12 6 11 -9 -10 -11 -12 -13 -14 -15
leaf_value=-0.00011177810496783056 -0.00075293612341391012 0.00040795933596216976 -0.0093478477345362854 -0.011834948500009407 -0.0010686517133326569 -0.0060077423270952423 -4.2034823635158161e-05 -0.0016124438744184639 -8.0413936669944221e-05 0.0021492899163785824 -0.0018292377009392321 -0.014380379508760269 0.00050408763671587616 0.0046050606002281903
leaf_weight=5864 9065 11683 151 99 544 159 51 1198 669 76 142 95 19014 1850
leaf_count=5864 9065 11683 151 99 544 159 51 1198 669 76 142 95 19014 1850
internal_value=4.83523e-05 -0.000320634 0.000192455 -0.00104971 0.000336096 -0.000583074 -0.00315308 -0.00272627 -0.00210227 -0.00533592 -0.00737942 -0.0100641 0.000639182 0.00215058
internal_weight=50660 22196 13032 9164 28464 7056 1192 1349 1046 377 301 146 21408 2394
internal_count=50660 22196 13032 9164 28464 7056 1192 1349 1046 377 301 146 21408 2394
is_linear=0
shrinkage=0.05


Tree=206
num_leaves=15
num_cat=0
split_feature=19 44 33 38 43 38 21 43 33 24 22 2 26 43
split_gain=3.48646 2.78242 2.94685 2.45327 2.43567 3.06502 3.01698 3.19421 3.58952 2.85826 3.63154 2.72089 2.55904 2.51768
threshold=75.799999237060561 3.9760600328445439 23.300000190734867 23.550000190734867 62.500000000000007 25.550000190734867 162.50000000000003 282.50000000000006 5.6499998569488534 19.500000000000004 276.50000000000006 47.899999618530281 0.69216251373291027 1747.5000000000002
decision_type=2 2 2 2 8 2 2 10 2 2 2 2 2 8
left_child=4 2 -2 -3 9 6 12 8 -8 10 -1 -11 -6 -14
right_child=1 3 -4 -5 5 -7 7 -9 -10 11 -12 -13 13 -15
leaf_value=-0.0042116787166725268 0.00011246950678668291 -0.0010453126164878307 -0.00705355802963702 0.0031914238248529564 0.001049379321189987 0.0025513048376131497 -0.0005637533342403799 -0.0056633407941999109 -0.0068635748370681621 0.0010064790716036226 0.0040242353981810742 -0.0049369449618949157 -0.00084943319839741831 0.0018383324512598815
leaf_weight=68 22887 5630 172 358 6957 2003 1804 214 108 1064 3895 162 4867 626
leaf_count=68 22887 5630 172 358 6957 2003 1804 214 108 1064 3895 162 4867 626
internal_value=0.000182489 -0.000176033 7.34754e-05 -0.00113538 0.000660759 0.000364398 0.000111751 -0.00162453 -0.000957336 0.00160512 0.00225648 -0.000501618 0.00040931 -0.000397056
internal_weight=50815 29047 23059 5988 21768 16579 14576 2126 1912 5189 3963 1226 12450 5493
internal_count=50815 29047 23059 5988 21768 16579 14576 2126 1912 5189 3963 1226 12450 5493
is_linear=0
shrinkage=0.05


Tree=207
num_leaves=15
num_cat=0
split_feature=6 33 18 33 16 5 11 13 57 13 29 17 0 13
split_gain=2.65001 3.79124 3.55233 3.27511 3.16076 3.58634 5.06546 3.11959 3.11453 4.31191 3.05525 2.92769 4.89134 3.62621
threshold=64.40000152587892 23.650000572204593 -22.150000572204586 12.150000095367433 33.000000000000007 45.699998855590827 61.699998855590827 142.56726074218753 38.283332824707038 27.615179061889652 22.94999980926514 7.8500001430511483 195.80000305175784 132.90654754638675
decision_type=2 2 2 2 2 2 2 2 2 2 2 2 2 2
left_child=8 2 3 -2 5 -4 -7 -8 -1 -10 -11 12 13 -6
right_child=1 -3 4 -5 11 6 7 -9 9 10 -12 -13 -14 -15
leaf_value=-0.0001825646561141904 0.00074073471550830793 -0.0072746505691555904 -0.00048049289956898599 -0.0045228258273592213 -0.001233781876878313 -0.0066897800677777125 -0.0010630771621996543 -0.0066336063959255261 -0.0085667779190344989 0.0011366657985541397 -0.0064155697010160649 0.00030119088530311739 -0.003374748380597252 0.0013873958978153809
leaf_weight=10178 6464 137 975 142 4314 232 554 50 69 19622 104 5805 328 1419
leaf_count=10178 6464 137 975 142 4314 232 554 50 69 19622 104 5805 328 1419
internal_value=0.000174891 -0.000264317 -0.000206229 0.000745163 -0.00066596 -0.00260571 -0.00498818 -0.00249186 0.000474102 0.000839435 0.000885691 -0.000367969 -0.00113573 -0.000789657
internal_weight=50393 20420 20283 6606 13677 1811 836 604 29973 19795 19726 11866 6061 5733
internal_count=50393 20420 20283 6606 13677 1811 836 604 29973 19795 19726 11866 6061 5733
is_linear=0
shrinkage=0.05


Tree=208
num_leaves=15
num_cat=0
split_feature=0 56 44 10 30 40 23 52 23 56 50 52 31 11
split_gain=2.49126 3.55305 3.6204 2.91617 2.68343 5.41149 2.41491 3.56102 3.46869 4.20046 3.17595 2.97511 3.64163 3.4816
threshold=41.250000000000007 43.600000381469734 -11.510390758514403 41.574998855590827 2322.5000000000005 977.95001220703136 0.53499999642372142 -0.56368473172187794 1.044999957084656 16.250000000000004 -0.91597560048103321 0.71503382921218883 -5.217740297317504 26.091667175292972
decision_type=2 2 2 2 10 2 2 2 2 2 2 2 2 2
left_child=1 6 3 -3 -2 -6 10 8 9 -8 11 -1 -13 -14
right_child=4 2 -4 -5 5 -7 7 -9 -10 -11 -12 12 13 -15
leaf_value=-0.00039651800196017383 -0.00015171442714198102 -0.00041961307026550429 0.0024793483118089321 -0.0099976003631057769 -0.0080074934762410354 0.0065950960257189668 -0.023013893116699265 0.0033997088416732029 -0.0070941121296262417 0.0010361645427148188 -0.00012238419612920826 0.0039415419787139716 -0.0031249437223544434 -0.010240529288157293
leaf_weight=495 34903 154 6222 75 92 104 53 1633 120 759 5632 89 126 279
leaf_count=495 34903 154 6222 75 92 104 53 1633 120 759 5632 89 126 279
internal_value=1.57667e-06 0.000526299 0.0014247 -0.00462343 -0.000232276 -0.00592233 -0.00010548 0.00119417 -0.00126327 -4.86616e-05 -0.000610013 -0.00320821 -0.0059127 -0.00789157
internal_weight=50736 15637 6451 229 35099 196 9186 2565 932 812 6621 989 494 405
internal_count=50736 15637 6451 229 35099 196 9186 2565 932 812 6621 989 494 405
is_linear=0
shrinkage=0.05


Tree=209
num_leaves=15
num_cat=0
split_feature=34 6 13 34 43 30 12 54 28 26 12 56 1 32
split_gain=2.32082 2.22724 3.25409 4.258 8.15678 4.95149 3.86052 5.57734 4.47348 2.57186 3.43393 2.4577 2.83764 3.90896
threshold=6.7500000000000009 63.449998855590827 62.261905670166023 -1.7499999999999998 142.50000000000003 392.50000000000006 69.890277862548842 7.5000000000000009 50.500000000000007 0.62485271692276012 74.152084350585952 91.40000152587892 124.55000305175783 4.1107981204986581
decision_type=2 2 2 2 10 8 2 2 2 2 2 2 2 2
left_child=1 2 6 4 5 -4 11 8 -8 -7 -11 12 -1 -14
right_child=-2 -3 3 -5 -6 9 7 -9 -10 10 -12 -13 13 -15
leaf_value=0.00016380164546432976 -0.0086534534202164729 -0.00021019260002141384 0.00025398218170199279 0.0026447357614372414 0.0045771373216524367 -0.0018109774623434054 0.00018064477371960297 0.0048098558491695038 -0.011143911245850596 -0.012556611207796149 -0.0030384207635419692 0.0058071416266533421 -0.012943553129552822 0.0059586818733798255
leaf_weight=22646 57 21184 165 5088 447 79 56 120 95 125 54 644 80 59
leaf_count=22646 57 21184 165 5088 447 79 56 120 95 125 54 644 80 59
internal_value=0.000120706 0.000132935 0.000412566 0.0014561 -0.00176136 -0.00666282 0.000149726 -0.00567616 -0.0117702 -0.0108582 -0.0140476 0.000219506 0.000132705 -0.00674497
internal_weight=50899 50842 29658 5958 870 423 23700 271 151 258 179 23429 22785 139
internal_count=50899 50842 29658 5958 870 423 23700 271 151 258 179 23429 22785 139
is_linear=0
shrinkage=0.05


Tree=210
num_leaves=15
num_cat=0
split_feature=23 0 9 29 36 6 3 12 26 36 37 16 33 23
split_gain=2.48103 2.33493 2.33437 1.82978 2.50472 3.83655 2.91819 4.09265 2.84732 2.38059 3.15035 2.53293 5.61756 2.69076
threshold=0.085000000894069686 11.250000000000002 72.299999237060561 4.5499999523162851 19.150000572204593 88.349998474121108 68.599998474121108 130.12222290039065 0.999151110649109 30.94999980926514 16.500000000000004 64.40000152587892 0.84999999403953563 0.2650000005960465
decision_type=2 2 2 2 2 2 2 2 2 2 2 2 2 2
left_child=2 -2 -1 4 5 -3 7 -7 -6 10 -5 13 -13 -11
right_child=1 3 -4 9 8 6 -8 -9 -10 11 -12 12 -14 -15
leaf_value=-0.0038630189233281745 0.011652092308853092 0.0032943023450098829 -0.00018943390864428227 -0.01059284783658623 -0.00060613351562445851 -0.0051167006063679828 -4.5326540346985207e-05 -0.0086417769258773872 -0.0046413729421231394 -0.001449378531101094 0.00011941491798057225 0.0014069874710504983 -0.01919783399837191 0.0017215590235638682
leaf_weight=51 336 2007 72 52 9328 143 3230 51 50 740 27346 140 59 7069
leaf_count=51 336 2007 72 52 9328 143 3230 51 50 740 27346 140 59 7069
internal_value=0.000166128 0.000184035 -0.00665414 0.000155799 -0.00031075 0.000543099 -0.000474665 -0.00627451 -0.000805283 0.000350971 0.00012916 0.00110876 -0.00433014 0.00125272
internal_weight=50674 50551 123 50215 14809 5431 3424 194 9378 35406 27398 8008 199 7809
internal_count=50674 50551 123 50215 14809 5431 3424 194 9378 35406 27398 8008 199 7809
is_linear=0
shrinkage=0.05


Tree=211
num_leaves=15
num_cat=0
split_feature=6 13 29 12 14 26 14 28 38 51 14 44 37 40
split_gain=1.86312 5.14434 4.07658 4.00227 3.25686 3.04813 2.6423 2.60567 3.40614 2.45836 3.89143 2.73769 2.90725 4.23776
threshold=45.350000381469734 41.776487350463874 22.650000572204593 46.724998474121101 21.233265876770023 0.42884531617164617 9.3708128929138201 42.500000000000007 24.750000000000004 -0.6035533845424651 4.2646059989929208 0.37468813359737402 59.500000000000007 989.54998779296886
decision_type=2 2 2 2 2 2 2 2 2 2 2 2 2 2
left_child=1 3 5 7 6 -3 -5 -1 -9 10 -2 -11 13 -13
right_child=9 2 -4 4 -6 -7 -8 8 -10 11 -12 12 -14 -15
leaf_value=0.00096252340561846705 -0.017449564712245416 -0.0013784683886602543 -0.0073576428866159718 -0.0051867041454464113 -0.00035351479658364424 0.0019849975308147958 -0.016165553027175962 -0.0019598537742298301 0.0017624246979210123 8.5799897699095028e-05 0.00042675319047080057 -0.0011107652143571411 -0.00049030607264150417 -0.0057604803179817062
leaf_weight=3624 52 1020 65 65 110 9507 53 3188 1135 12739 10618 1780 6205 464
leaf_count=3624 52 1020 65 65 110 9507 53 3188 1135 12739 10618 1780 6205 464
internal_value=0.000171324 0.000566385 0.00129315 -0.000375687 -0.00676471 0.00137468 -0.0121875 -0.000184114 -0.001012 -6.15035e-05 0.000557116 -0.000373148 -0.00107046 -0.0026087
internal_weight=50625 18767 10592 8175 228 10527 118 7947 4323 31858 10670 21188 8449 2244
internal_count=50625 18767 10592 8175 228 10527 118 7947 4323 31858 10670 21188 8449 2244
is_linear=0
shrinkage=0.05


Tree=212
num_leaves=15
num_cat=0
split_feature=47 17 53 36 4 9 14 51 28 9 43 10 45 43
split_gain=2.4521 2.29291 2.44248 4.39521 3.49943 3.18982 2.96102 3.82115 3.02728 4.38202 2.91247 3.88587 4.08307 2.89239
threshold=2.1825758218765263 48.699998855590827 0.011826144531369211 27.750000000000004 42.899999618530281 141.80000305175784 3.4420465230941777 0.37940952181816107 45.500000000000007 33.149999618530281 52.500000000000007 49.20000076293946 -4.1323418617248526 97.500000000000014
decision_type=2 2 2 2 2 2 2 2 2 2 10 2 2 10
left_child=-1 2 3 -2 -5 -6 7 -4 10 13 -8 -12 -13 -10
right_child=1 -3 6 4 5 -7 8 -9 9 -11 11 12 -14 -15
leaf_value=0.0025121394925227431 -0.0012523807655994046 -0.0006955240652244324 0.003272414258703402 0.0011883903166762157 -0.00015933270718013106 -0.00679116149045394 0.0057198899566852784 -0.0071351744715498436 -0.00056858714214437836 0.00043812863359500944 0.0024828621951195639 -0.0077491727209191971 0.00026213156735316621 -0.0041621723192330606
leaf_weight=1421 8524 3455 67 6472 10356 83 1894 52 677 15922 744 201 335 445
leaf_count=1421 8524 3455 67 6472 10356 83 1894 52 677 15922 744 201 335 445
internal_value=9.45558e-05 3.52379e-05 0.00012909 -0.000197485 0.000269192 -0.000297157 0.000537426 -0.0070155 0.000585327 0.000320746 0.00200063 0.000155039 -0.00305861 -0.00268551
internal_weight=50648 49227 45772 25435 16911 10439 20337 119 20218 17044 3174 1280 536 1122
internal_count=50648 49227 45772 25435 16911 10439 20337 119 20218 17044 3174 1280 536 1122
is_linear=0
shrinkage=0.05


Tree=213
num_leaves=15
num_cat=0
split_feature=43 17 30 35 0 17 15 57 33 0 30 26 43 16
split_gain=2.35944 2.2784 2.23441 2.60768 2.18883 2.54327 3.5235 2.37108 5.07223 2.02853 2.876 7.26256 2.46644 3.39076
threshold=12.500000000000002 59.95000076293946 25.02689361572266 11.500000000000002 186.05000305175784 10.84999990463257 244.44999694824222 97.950000762939467 14.150000095367433 41.95000076293946 2322.5000000000005 0.28430110216140753 102.50000000000001 48.350000381469734
decision_type=8 2 8 2 2 2 2 2 2 2 10 2 8 2
left_child=-1 2 -2 4 7 6 -6 9 -9 -4 12 -12 13 -11
right_child=1 -3 3 -5 5 -7 -8 8 -10 10 11 -13 -14 -15
leaf_value=0.00308374489341113 0.0011957622273531983 -0.0013046678634806574 0.00046601581811354779 -0.0008925319019808108 -0.0062574996093397884 0.0015277340240980606 -0.0010661931880204128 0.0013322142859122517 -0.017033110313074622 -0.00055155880273978616 0.01538709318582316 -0.0096601449160753326 0.00012380316312161221 -0.0024576459757154456
leaf_weight=758 3855 2396 12665 7270 79 177 259 5479 55 3956 69 74 12757 919
leaf_count=758 3855 2396 12665 7270 79 177 259 5479 55 3956 69 74 12757 919
internal_value=0.000101225 5.89766e-05 0.000134806 3.30144e-05 0.000205348 -0.003 -0.00548851 0.000252057 0.0012031 7.88179e-05 -0.000265673 -0.0070915 -0.000206326 -0.00116172
internal_weight=50768 50010 47614 43759 36489 515 338 35974 5534 30440 17775 143 17632 4875
internal_count=50768 50010 47614 43759 36489 515 338 35974 5534 30440 17775 143 17632 4875
is_linear=0
shrinkage=0.05


Tree=214
num_leaves=15
num_cat=0
split_feature=47 48 26 38 30 31 20 16 8 26 46 52 8 56
split_gain=2.30181 3.66959 3.47341 3.49814 3.1658 4.35731 3.56427 3.07074 4.74916 3.22813 3.06315 3.00172 3.5418 3.42075
threshold=6.0630681514739999 -7.4500000476837149 0.75405275821685802 24.94999980926514 177.50000000000003 -9.3670186996459943 15.550000190734865 26.849999427795414 108.40000152587892 0.96447712182998668 0.25000000745058065 0.72695311903953563 95.799999237060561 59.949998855590827
decision_type=2 2 2 2 10 2 2 2 2 2 2 2 2 2
left_child=1 -1 -2 4 10 -6 -7 -8 9 -9 -4 12 -3 -14
right_child=2 11 3 -5 5 6 7 8 -10 -11 -12 -13 13 -15
leaf_value=0.0032623630775653091 -1.4830737838555733e-05 0.0009047964468129416 -0.0017413214992906434 0.0021215369438452691 0.0025001570575384937 -0.0011545451990789901 -0.0042582176513390061 -0.012080801072039394 0.0013701524407255547 -0.0011577821840558409 0.0021705044126029607 -0.0011446078476980794 -0.0023334871111128624 2.8898456190352871e-05
leaf_weight=2520 24022 11346 1342 755 198 412 432 187 74 68 382 2890 1075 4869
leaf_count=2520 24022 11346 1342 755 198 412 432 187 74 68 382 2890 1075 4869
internal_value=6.445e-05 0.000438133 -0.00023994 -0.00163212 -0.0023752 -0.00416003 -0.00531276 -0.00732166 -0.0109292 -0.0140566 -0.000940023 0.000212977 0.000462428 -0.000525697
internal_weight=50572 22700 27872 3850 3095 1371 1173 761 329 255 1724 20180 17290 5944
internal_count=50572 22700 27872 3850 3095 1371 1173 761 329 255 1724 20180 17290 5944
is_linear=0
shrinkage=0.05


Tree=215
num_leaves=15
num_cat=0
split_feature=23 47 25 52 53 40 33 13 20 24 13 47 20 2
split_gain=2.19778 2.30081 2.14786 2.0439 5.36591 6.73352 5.3683 7.5649 4.13698 3.5282 3.36698 3.52783 3.1953 5.5304
threshold=0.085000000894069686 8.0612502098083514 5.7500000000000009 -0.94705909490585316 -0.30982844531536097 980.64999389648449 1.8499999642372134 73.616966247558608 6.7500000000000009 1.5000000000000002 58.188987731933601 6.6720778942108163 67.049999237060561 36.750000000000007
decision_type=2 2 2 2 2 2 2 2 2 2 2 2 2 2
left_child=1 -1 -2 4 5 -4 9 8 -8 10 -6 -12 -11 -14
right_child=2 -3 3 -5 6 -7 7 -9 -10 12 11 -13 13 -15
leaf_value=0.0023624344444543349 0.0032505462825237301 -0.0038604763374657141 -0.0013417641942713285 0.00012146140634758105 0.0031529594693180426 -0.024168410432974546 -0.0057596111651835626 -0.0086821403910358214 -0.0012596553984723135 0.0017253431030090013 -0.0020597843949348 -0.0061621653312224417 -0.0056510687566383826 -0.00040616298083688286
leaf_weight=57 1135 53 123 43786 93 54 94 79 657 2892 126 73 59 1310
leaf_count=57 1135 53 123 43786 93 54 94 79 657 2892 126 73 59 1310
internal_value=9.19944e-05 -0.00666667 0.000108039 5.83518e-05 -0.000843806 -0.00917112 -0.000553495 -0.00422619 -0.00255585 0.000123822 -0.00509934 -0.00863636 0.000492859 -0.00149021
internal_weight=50591 110 50481 49346 5560 177 5383 830 751 4553 292 199 4261 1369
internal_count=50591 110 50481 49346 5560 177 5383 830 751 4553 292 199 4261 1369
is_linear=0
shrinkage=0.05


Tree=216
num_leaves=15
num_cat=0
split_feature=7 43 49 13 46 47 19 54 18 23 3 24 26 26
split_gain=2.3501 2.85014 2.67147 3.90115 4.0311 6.09304 4.11642 4.10772 4.17574 3.22573 4.76134 4.38867 3.18907 4.05102
threshold=42.199998855590827 47.500000000000007 22.500000000000004 68.302082061767592 1.0000000180025095e-35 7.3041667938232431 212.09999847412112 8.5000000000000018 -11.449999809265135 0.76499998569488536 67.200000762939467 304.50000000000006 0.31955161690711981 0.6600199043750764
decision_type=2 8 10 2 2 2 2 2 2 2 2 2 2 2
left_child=1 -1 3 9 6 7 -5 -6 -9 -2 -11 -12 -4 -14
right_child=2 -3 12 4 5 -7 -8 8 -10 10 11 -13 13 -15
leaf_value=0.0028945596327921573 -0.0018236186411116609 0.00023905939773609158 -0.0038332977112036505 0.00088541715796161948 -0.004315382676832678 0.00031648754084402696 -0.001011026642466157 -0.0027955811333842777 -0.011257878091243873 0.0016611901608279277 -0.0042781079503277633 0.0030645484114566728 0.0023561942531865744 -8.486352889406588e-06
leaf_weight=2981 5696 13461 259 7944 218 545 1478 51 73 1918 342 151 3954 11589
leaf_count=2981 5696 13461 259 7944 218 545 1478 51 73 1918 342 151 3954 11589
internal_value=0.000120387 0.000611476 -0.000115695 -0.000524802 0.000120651 -0.0030825 0.000425149 -0.00821023 -0.0151493 -0.00134471 0.000187939 -0.00414513 0.000361118 0.000454253
internal_weight=50660 16442 34218 18416 10309 887 9422 342 124 8107 2411 493 15802 15543
internal_count=50660 16442 34218 18416 10309 887 9422 342 124 8107 2411 493 15802 15543
is_linear=0
shrinkage=0.05


Tree=217
num_leaves=15
num_cat=0
split_feature=23 47 19 47 35 9 36 22 42 31 47 47 26 23
split_gain=2.21877 3.14802 2.44266 2.61745 2.53627 2.52362 2.44037 2.53506 2.90462 2.68172 3.08433 2.60577 4.59319 2.36424
threshold=0.085000000894069686 8.2118053436279315 28.849999427795414 8.9825758934021014 8.5000000000000018 49.750000000000007 33.549999237060554 252.50000000000003 8.8499999046325701 5.3805353641510019 3.2577381134033208 7.2387499809265146 0.94172158837318432 0.2650000005960465
decision_type=2 2 2 2 2 2 2 2 2 2 2 2 2 2
left_child=1 -1 3 -2 -4 -5 7 8 -6 10 -9 -11 -13 -8
right_child=2 -3 4 5 6 -7 13 9 -10 11 -12 12 -14 -15
leaf_value=0.0011299192138121035 0.0044993078747075721 -0.0037934668430256325 0.00044624096709458268 0.0017036315291119872 0.0013232834821237105 -0.0076788246688808256 -0.0014876536032204029 0.0010866727635302517 -0.0044616307754936418 0.0024841882560978456 -0.00069808265505124235 5.9027965470266847e-05 -0.0037853254031332915 0.0011842145464162994
leaf_weight=65 1379 51 16192 477 108 170 457 2698 133 2042 20955 2269 73 3545
leaf_count=65 1379 51 16192 477 108 170 457 2698 133 2042 20955 2269 73 3545
internal_value=0.000118916 -0.00650794 0.000135424 0.00183202 6.41477e-05 -0.000783866 -0.00019201 -0.000355628 -0.00535857 -0.000310728 -0.000521278 0.000823851 -0.000314626 0.000962114
internal_weight=50614 116 50498 2026 48472 647 32280 28278 241 28037 23653 4384 2342 4002
internal_count=50614 116 50498 2026 48472 647 32280 28278 241 28037 23653 4384 2342 4002
is_linear=0
shrinkage=0.05


Tree=218
num_leaves=15
num_cat=0
split_feature=17 4 43 56 27 1 12 14 21 22 55 4 32 34
split_gain=1.94904 2.17813 2.52481 2.75012 2.22635 2.81709 3.48679 4.00658 3.25393 4.15668 3.04777 3.31833 2.71387 2.56658
threshold=-106.09999847412108 200.00000000000003 62.500000000000007 123.15000152587892 11.949999809265138 146.44999694824222 138.08333587646487 26.704020500183109 14.500000000000002 5329.0000000000009 2.5000000000000004 140.40000152587893 1.4225158691406252 -2.0499999523162837
decision_type=2 2 10 2 2 2 2 2 2 2 2 2 2 2
left_child=-1 4 3 -3 13 -6 7 -7 -9 10 11 -10 -8 -2
right_child=1 2 -4 -5 5 6 12 8 9 -11 -12 -13 -14 -15
leaf_value=0.0040908784810449201 -0.0010189047637498127 -0.0060948704844424398 2.4920518189192163e-05 -0.0021401520430769801 6.1283977513579497e-05 -0.015005363258947933 0.0035232992269195323 0.0016783752315660532 -0.0013590011125802215 -0.0088761057147643298 0.00015952901429023712 -0.0076183655024678653 -0.0052730129595118299 0.0013168024362058917
leaf_weight=605 607 55 651 499 42669 85 443 276 70 86 248 70 96 4187
leaf_count=605 607 55 651 499 42669 85 443 276 70 86 248 70 96 4187
internal_value=8.85368e-05 5.41439e-05 -0.00203704 -0.00448582 0.000106148 -5.3343e-06 -0.00222543 -0.00423077 -0.00296053 -0.00543388 -0.0030402 -0.00866667 0.00090164 0.00112823
internal_weight=50647 50042 1205 554 48837 44043 1374 835 750 474 388 140 539 4794
internal_count=50647 50042 1205 554 48837 44043 1374 835 750 474 388 140 539 4794
is_linear=0
shrinkage=0.05


Tree=219
num_leaves=15
num_cat=0
split_feature=0 47 49 46 24 44 47 0 26 12 12 6 29 12
split_gain=2.23257 3.69239 2.99108 3.07843 2.70181 3.68772 2.66201 3.742 3.30481 3.08513 3.89313 2.73388 2.70398 2.68597
threshold=34.649999618530281 4.9041666984558114 27.500000000000004 0.15000000223517421 9.5000000000000018 -3.5867660045623775 7.0809090137481698 183.25000000000003 0.94435009360313427 38.829860687255866 35.213890075683601 44.049999237060554 7.9500000476837167 87.616664886474624
decision_type=2 2 8 2 2 2 2 2 2 2 2 2 2 2
left_child=1 -1 3 4 6 -6 7 9 11 10 -2 -8 -10 -13
right_child=2 -3 -4 -5 5 -7 8 -9 12 -11 -12 13 -14 -15
leaf_value=0.0039725428053157428 0.0017366386118810801 0.00039114313395110655 0.00026972574039998168 -0.0018736031500794703 0.00039025345098283438 -0.0017818852441329612 0.0033622941415556093 -0.0017943342917330883 -0.014035016962133405 0.0021449947683168497 -0.0063331725196951365 -0.0030587162151137336 0.00039892864639802598 0.0003145613382676778
leaf_weight=1555 152 9225 21578 2810 3130 4388 371 663 94 4921 119 920 58 834
leaf_count=1555 152 9225 21578 2810 3130 4388 371 663 94 4921 119 920 58 834
internal_value=0.000103093 0.000741427 -6.89171e-05 -0.000536004 -0.000261813 -0.000944474 0.000369688 0.000933504 -0.00107783 0.00138601 -0.00371886 -0.000550351 -0.00796296 -0.00137755
internal_weight=50818 10780 40038 18460 15650 7518 8132 5855 2277 5192 271 2125 152 1754
internal_count=50818 10780 40038 18460 15650 7518 8132 5855 2277 5192 271 2125 152 1754
is_linear=0
shrinkage=0.05


Tree=220
num_leaves=15
num_cat=0
split_feature=56 19 47 16 47 38 40 26 57 23 16 52 52 52
split_gain=2.11208 3.13197 3.74646 2.59394 3.64279 3.84075 3.69972 3.04853 3.13295 2.67839 4.63752 6.6247 8.48827 3.11696
threshold=55.250000000000007 50.549999237060554 11.217423915863039 26.849999427795414 18.952083587646488 24.849999427795414 987.64999389648449 0.68365782499313366 72.716663360595717 0.69499999284744274 29.050000190734867 -0.35041563212871546 -0.60554069280624379 0.94425827264785778
decision_type=2 2 2 2 2 2 2 2 2 2 2 2 2 2
left_child=3 2 -2 4 5 6 7 -1 -9 13 11 12 -11 -5
right_child=1 -3 -4 9 -6 -7 -8 8 -10 10 -12 -13 -14 -15
leaf_value=0.00021289603270818839 0.0038492842651102021 0.000201784941406641 -0.0058288010501296502 -0.00087792909360973493 -0.015110769355596505 0.0038213148692826 0.0020576608633910524 -0.001224846974644451 -0.0063247290566312703 -0.002123561044209861 0.00084820097549746527 0.0029022670999566684 -0.016108717979180242 -0.005140252847989202
leaf_weight=6464 2083 22711 145 6297 57 1783 1984 4198 79 205 3610 264 87 576
leaf_count=6464 2083 22711 145 6297 57 1783 1984 4198 79 205 3610 264 87 576
internal_value=9.52468e-05 0.000422662 0.00220733 -0.000223706 0.000214408 0.000267943 -3.72986e-05 -0.000404148 -0.00143807 -0.00080143 0.000198755 -0.0040106 -0.00907285 -0.00140709
internal_weight=50543 24939 2228 25604 14565 14508 12725 10741 4277 11039 4166 556 292 6873
internal_count=50543 24939 2228 25604 14565 14508 12725 10741 4277 11039 4166 556 292 6873
is_linear=0
shrinkage=0.05


Tree=221
num_leaves=15
num_cat=0
split_feature=45 29 36 23 19 46 5 23 31 24 28 43 14 37
split_gain=2.37704 2.93318 2.38228 2.82338 3.98076 3.62455 3.43404 5.95711 2.97226 3.31485 4.10877 4.92741 3.52 3.10958
threshold=5.3623089790344247 20.849999427795414 10.84999990463257 0.95499998331069957 78.349998474121108 1.6500000357627871 37.199998855590827 1.185000002384186 -3.9276016950607295 5.5000000000000009 78.500000000000014 552.50000000000011 11.776316165924074 20.500000000000004
decision_type=2 2 2 2 2 2 2 2 2 2 2 8 2 2
left_child=2 -2 -1 4 -4 -5 7 -7 -6 -10 13 12 -12 -11
right_child=1 -3 3 5 8 6 -8 -9 9 10 11 -13 -14 -15
leaf_value=0.00085572087602615052 0.0014396290204372285 -0.0065965150967202506 0.00018904414254073949 0.0017665124827282086 0.00018173117050904942 0.0036609542865580734 -0.00059579238316351604 -0.015287683061434014 -0.00016509581994235241 -0.0056487040875489274 0.00075264370605068254 -0.000852430178126242 -0.0061776951988659207 -0.00063126060255408011
leaf_weight=4294 4945 104 18222 4116 4516 95 1163 86 5354 239 171 1137 856 5439
leaf_count=4294 4945 104 18222 4116 4516 95 1163 86 5354 239 171 1137 856 5439
internal_value=6.76889e-05 0.00109607 -4.61725e-05 -0.000162544 -0.000323559 0.000895795 -0.00135155 -0.00756544 -0.000857127 -0.0012358 -0.00188996 -0.00373965 -0.00623433 -0.00117968
internal_weight=50737 5049 45688 41394 35934 5460 1344 181 17712 13196 7842 2164 1027 5678
internal_count=50737 5049 45688 41394 35934 5460 1344 181 17712 13196 7842 2164 1027 5678
is_linear=0
shrinkage=0.05


Tree=222
num_leaves=15
num_cat=0
split_feature=19 21 53 57 22 23 29 28 31 7 19 21 28 57
split_gain=2.22363 3.40829 2.24657 3.83335 2.72328 2.30253 3.16847 2.41692 2.12636 2.16702 1.94245 3.26037 5.93824 2.53745
threshold=29.849999427795414 68.500000000000014 -0.97874867916107167 93.549999237060561 438.50000000000006 1.1749999523162844 10.650000095367433 30.500000000000004 7.2282407283782968 37.199998855590827 279.84999084472662 17.500000000000004 94.500000000000014 97.950000762939467
decision_type=2 2 2 2 2 2 2 2 2 2 2 2 2 2
left_child=1 8 3 4 5 7 -7 -2 9 -1 13 -12 -13 -4
right_child=2 -3 10 -5 -6 6 -8 -9 -10 -11 11 12 -14 -15
leaf_value=-0.0036035119392216065 -0.0049151159839646991 0.0039948155891096722 -0.00014757822233528309 -0.01615720184683947 0.0032454793706847662 -0.00027223339218413514 -0.011943599219236737 0.0016509579181007831 -0.0058469881937988103 0.0030414676895256475 0.00047321076435827172 -0.0016800419400708753 -0.0058183093595269384 0.00071272432725117546
leaf_weight=187 57 1862 34792 53 2049 127 66 692 73 203 685 663 69 8830
leaf_count=187 57 1862 34792 53 2049 127 66 692 73 203 685 663 69 8830
internal_value=0.000109882 0.0016167 3.66999e-05 0.00134905 0.00160113 -0.000619748 -0.00534483 0.000652174 -0.00218816 -0.000625 -5.22762e-05 -0.00186755 -0.00416442 7.10506e-06
internal_weight=50408 2325 48083 3044 2991 942 193 749 463 390 45039 1417 732 43622
internal_count=50408 2325 48083 3044 2991 942 193 749 463 390 45039 1417 732 43622
is_linear=0
shrinkage=0.05


Tree=223
num_leaves=15
num_cat=0
split_feature=0 34 17 52 47 49 47 10 50 1 51 42 29 56
split_gain=2.12041 3.37146 2.88728 3.2207 5.79693 2.79589 2.93796 3.89299 3.15228 3.42212 3.35559 3.29239 3.22621 2.93856
threshold=32.45000076293946 -4.1499998569488517 -28.55000019073486 0.94425827264785778 8.9369316101074237 27.500000000000004 3.6825758218765263 200.341667175293 1.0000000180025095e-35 117.90000152587892 0.12940952181816107 3.8500000238418584 4.2500000000000009 223.75000000000003
decision_type=2 2 2 2 2 8 2 2 2 2 2 2 2 2
left_child=-1 2 -2 -4 -5 6 7 -3 9 -8 -10 12 -11 -9
right_child=1 5 3 4 -6 -7 8 13 10 11 -12 -13 -14 -15
leaf_value=0.0007520425313358016 -0.0060720670045045716 0.0017282528383626523 -0.00054851967349659576 -0.015221350707782228 0.0024061845781603855 0.00029520715800930358 0.00033818662519023495 -0.0047219620461540187 5.6077541065822868e-05 -0.010514184670613859 -0.001870119536879706 -0.0013003690385417221 -0.0004907321737719181 0.00073139467214519032
leaf_weight=9132 100 3050 898 87 63 21679 6971 148 2413 90 5202 698 73 96
leaf_count=9132 100 3050 898 87 63 21679 6971 148 2413 90 5202 698 73 96
internal_value=8.28241e-05 -6.87862e-05 -0.00272884 -0.00189981 -0.0084375 7.42042e-06 -0.00043971 0.000914044 -0.000728796 -2.42283e-05 -0.00145246 -0.00297933 -0.00916185 -0.00503937
internal_weight=50700 41568 1148 1048 150 40420 18741 3294 15447 7832 7615 861 163 244
internal_count=50700 41568 1148 1048 150 40420 18741 3294 15447 7832 7615 861 163 244
is_linear=0
shrinkage=0.05


Tree=224
num_leaves=15
num_cat=0
split_feature=17 4 27 17 44 2 18 47 43 2 9 52 15 53
split_gain=2.23782 2.8442 2.83624 2.78714 2.49449 2.44848 3.17313 3.05154 2.76925 4.61372 3.18034 3.53067 2.69271 4.12682
threshold=-56.950000762939446 186.05000305175784 11.949999809265138 9.6500000953674334 5.756052017211915 74.15000152587892 -12.249999999999998 3.8041666746139531 127.50000000000001 80.200000762939467 40.800001144409187 -0.49813632667064661 95.349998474121108 -0.70900321006774891
decision_type=2 2 2 2 2 2 2 2 10 2 2 2 2 2
left_child=-1 2 -2 4 -3 12 -7 -8 9 10 -9 -12 13 -4
right_child=1 3 5 -5 -6 6 7 8 -10 -11 11 -13 -14 -15
leaf_value=0.0018025793451885205 0.0010376166568022509 -0.0021603468010782298 0.00080148525346088466 0.0013271873287365853 -0.0057457568457398725 0.00087761769548402261 0.00065393638379918463 -0.0081437913758772556 -0.00063203262244717836 -0.0015427151585202365 -0.00044497381990507725 -0.0045235540927779797 0.0012699676274325717 -0.00052601504391380132
leaf_weight=2438 4472 734 9514 306 51 2273 1877 105 3213 2415 228 177 5615 17051
leaf_count=2438 4472 734 9514 306 51 2273 1877 105 3213 2415 228 177 5615 17051
internal_value=9.39997e-05 1.88383e-05 7.77425e-05 -0.00249319 -0.0040566 -4.84955e-05 -0.000719557 -0.00118692 -0.00172576 -0.00283646 -0.00711538 -0.00487952 0.000166201 -4.42143e-05
internal_weight=50469 48031 46940 1091 785 42468 10288 8015 6138 2925 510 405 32180 26565
internal_count=50469 48031 46940 1091 785 42468 10288 8015 6138 2925 510 405 32180 26565
is_linear=0
shrinkage=0.05


Tree=225
num_leaves=15
num_cat=0
split_feature=28 23 32 35 43 51 36 23 37 12 29 14 45 16
split_gain=2.08372 2.20846 2.53601 2.77729 2.01662 2.15075 3.70399 3.25322 4.29429 3.74687 3.27718 4.84114 4.45675 5.22571
threshold=95.500000000000014 1.0649999976158144 -6.5031819343566886 9.5000000000000018 12.500000000000002 -0.37940952181816096 18.050000190734867 0.39499999582767492 76.500000000000014 35.213890075683601 7.2500000000000009 12.345390796661379 1.1009659767150881 35.350000381469734
decision_type=2 2 2 2 8 2 2 2 2 2 2 2 2 2
left_child=4 2 3 -2 -1 6 -6 9 -9 -8 11 12 13 -11
right_child=1 -3 -4 -5 5 -7 7 8 -10 10 -12 -13 -14 -15
leaf_value=0.0030577681540876769 -0.002530465299974775 0.0046466692284548262 -0.00097181167395301584 -0.0087347682191309013 0.0025569809332257852 -7.9114105948299316e-05 0.00091114045665863837 0.001291203564224537 -0.0024282046928728891 -0.0074433366089732226 0.00055426078731611258 -0.0007827676974585117 0.00014916069207982679 0.0023969538285870981
leaf_weight=764 53 312 2257 51 1968 30272 1608 8450 1249 268 1336 1977 154 70
leaf_count=764 53 312 2257 51 1968 30272 1608 8450 1249 268 1336 1977 154 70
internal_value=0.000131794 -0.00122438 -0.00174821 -0.00903509 0.000207372 0.000165956 0.000614395 0.000347838 0.000895561 -0.000633413 -0.00148755 -0.00256353 -0.00695219 -0.0100862
internal_weight=50789 2673 2361 104 48116 47352 17080 15112 9699 5413 3805 2469 492 338
internal_count=50789 2673 2361 104 48116 47352 17080 15112 9699 5413 3805 2469 492 338
is_linear=0
shrinkage=0.05


Tree=226
num_leaves=15
num_cat=0
split_feature=43 51 29 26 43 47 27 25 45 41 16 42 45 18
split_gain=2.28164 1.90869 2.88054 3.63911 2.92988 2.55047 2.22711 3.76744 2.2073 3.31894 2.83779 2.03073 2.2232 2.66046
threshold=12.500000000000002 -0.12940952181816107 8.1500000953674334 0.80262345075607311 347.50000000000006 3.6825758218765263 26.650000572204593 11.050000190734865 5.3623089790344247 93.500000000000014 39.649999618530281 1.7500000000000002 -5.2461054325103751 -6.4500000476837149
decision_type=8 2 2 2 8 2 2 2 2 2 2 2 2 2
left_child=-1 2 4 -4 -2 -3 -5 -8 -6 -10 -11 -7 13 -13
right_child=1 5 3 6 8 11 7 -9 9 10 -12 12 -14 -15
leaf_value=0.0030486509033363484 0.0011681270356996942 0.001468277836274036 0.001844068013900255 -0.00056303799268929823 -0.00041388738749689746 -0.0029927165321144891 0.00053789872202134438 -0.017949837520964705 0.0035533922847454189 0.00016077179124557862 -0.0041789254155989138 -0.0023634664257429702 3.3686123462363009e-06 -0.00030577615083917883
leaf_weight=751 5131 2908 6137 497 9842 514 79 74 1108 185 69 1743 18523 3127
leaf_count=751 5131 2908 6137 497 9842 514 79 74 1108 185 69 1743 18523 3127
internal_value=0.000180283 0.000138847 0.000471641 0.00133662 0.000111655 -0.000148182 -0.00219697 -0.00726994 -0.000341537 0.0015379 -0.00352273 -0.000318393 -0.000249327 -0.00119877
internal_weight=50688 49937 23122 6787 16335 26815 650 153 11204 1362 254 23907 23393 4870
internal_count=50688 49937 23122 6787 16335 26815 650 153 11204 1362 254 23907 23393 4870
is_linear=0
shrinkage=0.05


Tree=227
num_leaves=15
num_cat=0
split_feature=19 5 53 16 49 22 53 13 23 12 55 32 53 9
split_gain=2.61456 2.75384 2.41631 2.53849 3.32855 2.4326 2.39528 3.0203 3.26916 6.46449 4.88298 4.90314 4.78428 5.11486
threshold=38.45000076293946 16.849999427795414 -0.97874867916107167 64.40000152587892 102.50000000000001 416.50000000000006 0.011826144531369211 81.656845092773452 0.5249999761581422 57.057638168334968 4.5000000000000009 -1.7866435647010801 -0.19337245076894757 77.40000152587892
decision_type=2 2 2 2 10 2 2 2 2 2 2 2 2 2
left_child=1 -1 3 5 -5 -2 7 8 9 -4 12 -12 -11 -14
right_child=2 -3 6 4 -6 -7 -8 -9 -10 10 11 -13 13 -15
leaf_value=-0.0011429993489549945 -0.00081420512413740232 0.0020080331578699448 -0.00072238968500529677 0.0038008169261912724 -0.017212533827698002 0.0031674615143526285 0.00016610343218735168 -0.0072153230061315051 1.6062276129631563e-05 -0.00073034841890311849 0.00041480147575531526 -0.013564369535647797 -0.020231452573752858 0.0024570740164905186
leaf_weight=543 759 4254 6877 53 50 2216 23057 73 12059 559 57 143 133 60
leaf_count=543 759 4254 6877 53 50 2216 23057 73 12059 559 57 143 133 60
internal_value=7.29821e-05 0.00118265 -4.27274e-05 0.00130829 -0.00606195 0.00158291 -0.000139676 -0.000540534 -0.000500553 -0.00129545 -0.00513513 -0.0119048 -0.0032021 -0.00977832
internal_weight=50893 4797 46096 3078 103 2975 43018 19961 19888 7829 952 200 752 193
internal_count=50893 4797 46096 3078 103 2975 43018 19961 19888 7829 952 200 752 193
is_linear=0
shrinkage=0.05


Tree=228
num_leaves=15
num_cat=0
split_feature=17 18 0 56 57 49 57 11 56 11 40 22 24 13
split_gain=1.90892 2.28739 1.67444 3.34072 3.65824 3.20884 2.62542 2.65663 2.56064 2.99106 2.4069 2.62911 2.49807 3.75699
threshold=-106.09999847412108 -34.149999618530266 34.95000076293946 36.649999618530281 70.149997711181655 22.500000000000004 38.849998474121101 35.595832824707038 152.05000305175784 165.03125000000003 972.75000000000011 1343.5000000000002 9.5000000000000018 180.32678222656253
decision_type=2 2 2 2 2 8 2 2 2 2 2 2 2 2
left_child=1 -1 3 4 -2 6 7 -4 9 -7 11 -8 -12 -14
right_child=2 -3 5 -5 -6 8 10 -9 -10 -11 12 -13 13 -15
leaf_value=-0.0037219642217961842 -7.6135957147655922e-05 0.0056461374970319901 0.00035871555462471433 0.0020014915829573436 -0.0069044363898984719 0.00023525852582426717 0.0027327778249638095 -0.0039800750946167264 0.0025880605204326519 -0.001881961389149465 4.1330730559183697e-05 -0.0030260491775408321 -0.001075338378535879 -0.0038759024675441554
leaf_weight=52 5359 542 350 5362 50 20071 825 686 1210 438 7932 66 7541 65
leaf_count=52 5359 542 350 5362 50 20071 825 686 1210 438 7932 66 7541 65
internal_value=0.000136376 0.00293046 0.000102572 0.000654392 -0.000222366 -4.9242e-05 -0.000553648 -0.00298279 0.000356436 0.000223939 -0.000398747 0.00211432 -0.000544121 -0.00119091
internal_weight=50549 594 49955 10771 5409 39184 17465 1036 21719 20509 16429 891 15538 7606
internal_count=50549 594 49955 10771 5409 39184 17465 1036 21719 20509 16429 891 15538 7606
is_linear=0
shrinkage=0.05


Tree=229
num_leaves=15
num_cat=0
split_feature=2 38 13 53 47 11 31 45 0 18 13 28 31 32
split_gain=2.09985 3.61559 3.52256 3.77813 6.96455 2.67246 3.89502 2.78534 2.58367 2.46959 3.0974 2.81471 2.62526 3.72247
threshold=74.15000152587892 9.3499999046325701 68.302082061767592 0.94909128546714794 8.2118053436279315 40.927082061767585 -4.3377826213836661 -2.8733866214752193 11.250000000000002 -19.949999809265133 156.26398468017581 82.500000000000014 3.5981547832489018 -0.35614354908466334
decision_type=2 2 2 2 2 2 2 2 2 2 2 2 2 2
left_child=2 -2 3 8 -5 6 -4 -7 -1 -3 11 -11 13 -12
right_child=1 9 5 4 -6 7 -8 -9 -10 10 12 -13 -14 -15
leaf_value=0.010032504472569531 0.00054840419140023513 0.00060402377650555091 -0.0064930895589083897 0.0045925359364340753 -0.12555815694126055 0.0003552883789718051 0.00025240010327198928 0.0033439888893058295 5.2984025658400554e-05 -0.001352784211937158 -0.0058261376364335399 6.125712921199798e-05 0.0020066710213704621 -0.0018844823259300517
leaf_weight=334 5163 2073 64 58 57 2471 198 3365 27674 5636 187 3121 88 199
leaf_count=334 5163 2073 64 58 57 2471 198 3365 27674 5636 187 3121 88 199
internal_value=8.65914e-05 -0.000377192 0.000309807 7.34015e-05 -0.0086 0.00139817 -0.00345588 0.00162162 0.000112071 -0.000877673 -0.00122768 -0.00101118 -0.00512397 -0.00686869
internal_weight=50688 16467 34221 28123 115 6098 262 5836 28008 11304 9231 8757 474 386
internal_count=50688 16467 34221 28123 115 6098 262 5836 28008 11304 9231 8757 474 386
is_linear=0
shrinkage=0.05


Tree=230
num_leaves=15
num_cat=0
split_feature=0 10 13 14 50 55 44 34 6 33 25 17 34 44
split_gain=2.3293 2.07455 2.95171 4.90655 2.7948 2.68639 4.5093 4.61634 3.41145 2.37363 3.72101 4.53683 4.81225 2.63328
threshold=11.250000000000002 194.50833129882815 175.33333587646487 37.551939010620124 -0.91597560048103321 3.5000000000000004 -0.92287686467170704 0.15000000223517421 252.84999847412112 1.0000000180025095e-35 16.349999427795414 -41.950000762939446 -1.4499999880790708 -0.19943831861019132
decision_type=2 2 2 2 2 2 2 2 2 2 2 2 2 2
left_child=-1 9 3 -3 -4 -5 8 -8 -7 13 -11 12 -12 -2
right_child=1 2 4 5 -6 6 7 -9 -10 10 11 -13 -14 -15
leaf_value=0.0058194162932486476 0.00082634203711512075 -0.0065379148151809051 -0.0060241479946306917 0.00016388428232962481 0.0024847738074349787 0.0012161318486832442 -0.0077046732848196483 -0.00051900175517907059 -0.0089865284917251664 -1.0642479286462388e-05 -0.00972002035082155 -0.0010334888430753658 -0.0026034334657754131 -5.2367999702461555e-05
leaf_weight=419 13531 69 57 515 348 194 105 96 60 14654 59 3627 169 16837
leaf_count=419 13531 69 57 515 348 194 105 96 60 14654 59 3627 169 16837
internal_value=4.92613e-05 1.79812e-05 -0.00184319 -0.00324595 0.00174699 -0.0022449 -0.005 -0.0104028 -0.000492424 7.33326e-05 -0.00037286 -0.00175291 -0.00844538 0.000345316
internal_weight=50740 50321 1444 1039 405 970 455 201 254 48877 18509 3855 228 30368
internal_count=50740 50321 1444 1039 405 970 455 201 254 48877 18509 3855 228 30368
is_linear=0
shrinkage=0.05


Tree=231
num_leaves=15
num_cat=0
split_feature=0 56 44 53 2 9 36 10 14 14 11 32 28 46
split_gain=2.92099 2.47844 1.9621 2.63019 3.90491 3.31646 3.19639 5.07791 3.06746 3.03342 2.73531 2.56189 2.52385 2.51809
threshold=11.250000000000002 229.80000305175784 3.9760600328445439 0.18281312286853793 126.89999771118165 143.19999694824222 27.44999980926514 37.324998855590827 5.2157282829284677 4.2646059989929208 23.63749980926514 8.4053010940551776 94.500000000000014 1.0000000180025095e-35
decision_type=2 2 2 2 2 2 2 2 2 2 2 2 2 2
left_child=-1 2 3 5 9 6 8 10 -2 -5 -8 -11 -12 -6
right_child=1 -3 -4 4 13 -7 7 -9 -10 11 12 -13 -14 -15
leaf_value=0.0057025785745298185 0.0031869289480617215 0.0029953538203303957 -0.00038049725188865261 -0.0062989571577240864 -7.3224682390987171e-05 -0.006348939080206401 -0.0018642462168184559 -0.00012873667247460585 -0.0013562622486487791 0.0017453567659633164 0.0031008462340749703 -0.0017049917898369481 -0.0043730918265471345 -0.0057101084268755551
leaf_weight=425 726 697 10960 91 4116 131 395 11623 7503 10043 3136 262 116 266
leaf_count=425 726 697 10960 91 4116 131 395 11623 7503 10043 3136 262 116 266
internal_value=0.000115842 8.03796e-05 3.82763e-05 0.000206674 0.000729646 -0.000120558 -7.46521e-05 0.000353403 -0.00086843 0.00125697 0.0019784 0.00134028 0.00245555 -0.000521402
internal_weight=50490 50065 49368 38408 14778 23630 23499 15270 8229 10396 3647 10305 3252 4382
internal_count=50490 50065 49368 38408 14778 23630 23499 15270 8229 10396 3647 10305 3252 4382
is_linear=0
shrinkage=0.05


Tree=232
num_leaves=15
num_cat=0
split_feature=1 47 56 2 49 36 24 6 49 37 23 16 14 50
split_gain=2.27991 1.87882 1.69869 2.27492 2.46735 1.81689 3.04482 4.46649 3.25075 4.11097 2.85499 4.10386 5.17448 3.55952
threshold=15.750000000000002 1.55227267742157 223.75000000000003 189.30000305175784 27.500000000000004 18.849999427795414 6.5000000000000009 82.099998474121108 32.500000000000007 61.500000000000007 0.76499998569488536 73.000000000000014 23.347551345825199 -1.0000000180025095e-35
decision_type=2 2 2 2 10 2 2 2 8 2 2 2 2 2
left_child=-1 -2 3 5 -5 6 7 -3 9 -9 11 -7 -13 -12
right_child=1 2 -4 4 -6 10 -8 8 -10 -11 13 12 -14 -15
leaf_value=0.0045934036012275541 0.0057320337726244463 0.0034354481084083871 0.0025216530690905323 -0.0024381860262506268 -4.5495694060258394e-05 -0.00025066456029122357 -0.00034614723192748448 -0.0066354996369106444 0.0014689345336332043 -0.0005431082661656809 0.0018620832439295376 -0.012925025481390951 -0.00044780578094126035 -0.00031563477059935968
leaf_weight=829 408 3604 827 615 830 24860 4533 113 1800 2188 4706 71 136 4900
leaf_count=829 408 3604 827 615 830 24860 4533 113 1800 2188 4706 71 136 4900
internal_value=0.000150704 0.000106954 7.85683e-05 3.99043e-05 -0.00190722 0.000100275 0.000623775 0.00122813 9.85164e-05 -0.00114453 -8.46234e-05 -0.000365474 -0.00721198 0.000647879
internal_weight=50420 49591 49183 48356 1445 46911 12238 7705 4101 2301 34673 25067 207 9606
internal_count=50420 49591 49183 48356 1445 46911 12238 7705 4101 2301 34673 25067 207 9606
is_linear=0
shrinkage=0.05


Tree=233
num_leaves=15
num_cat=0
split_feature=57 2 3 53 11 45 45 36 40 14 38 40 1 52
split_gain=1.83599 3.07133 3.83092 2.74622 6.04157 3.06765 2.54407 2.42732 3.78472 4.02611 3.35836 4.79997 3.55364 4.09456
threshold=91.049999237060561 132.94999694824222 116.75000000000001 -0.94137725234031666 85.397914886474624 1.6094263792037966 -2.6697075366973873 27.650000572204593 980.54998779296886 6.8915064334869394 24.349999427795414 981.85000610351574 76.500000000000014 0.88621068000793468
decision_type=2 2 2 2 2 2 2 2 2 2 2 2 2 2
left_child=7 3 -3 4 -2 -6 -5 8 9 -1 12 -12 -10 -14
right_child=1 2 -4 6 5 -7 -8 -9 10 -11 11 -13 13 -15
leaf_value=0.00098421109179615339 0.0036902022418280681 -0.0092773771184449499 -0.00012279344377440931 0.00024121144280736499 -0.001965989878876201 -0.014644924076837674 0.0030614662378643347 0.00030247753094161803 0.00060644340876221333 -0.0024137712168904109 -0.0010663913776162797 -0.0098159602158556878 -0.00043223504598130513 -0.0053519500249766131
leaf_weight=1097 113 61 3870 2825 67 51 4319 19068 10612 3942 112 50 3808 351
leaf_count=1097 113 61 3870 2825 67 51 4319 19068 10612 3942 112 50 3808 351
internal_value=0.000175352 0.000736126 -0.000392032 0.00133717 -0.00392116 -0.0114062 0.00151244 1.28043e-05 -0.000372335 -0.00155575 2.77724e-05 -0.0069186 0.000108586 -0.00112857
internal_weight=50346 11306 3931 7375 231 118 7144 39040 19972 5039 14933 162 14771 4159
internal_count=50346 11306 3931 7375 231 118 7144 39040 19972 5039 14933 162 14771 4159
is_linear=0
shrinkage=0.05


Tree=234
num_leaves=15
num_cat=0
split_feature=0 56 26 5 33 17 32 6 55 38 8 8 1 5
split_gain=2.65155 1.90661 3.96971 3.49524 3.08349 2.70937 2.58823 3.46749 3.93682 3.80848 4.52254 3.9163 3.17445 2.97797
threshold=11.250000000000002 69.700000762939467 0.80262345075607311 115.40000152587892 11.34999990463257 2.4500000476837163 -5.0561878681182852 74.849998474121108 4.5000000000000009 21.94999980926514 144.59999847412112 40.250000000000007 29.849999427795414 52.649999618530281
decision_type=2 2 2 2 2 2 2 2 2 2 2 2 2 2
left_child=-1 2 -2 6 -3 -6 12 -8 13 10 11 -10 -4 -9
right_child=1 4 3 -5 5 -7 7 8 9 -11 -12 -13 -14 -15
leaf_value=0.0053014929013149017 8.997746789609399e-05 0.00048131110058917891 -0.0052655015189751117 -0.0086830071639651119 -0.0042642492563413278 0.0013720040276322763 -1.308626532904122e-05 0.001515517915752104 -0.007245705563104274 -0.017029314434160416 -0.0085298962412523344 0.00038882936826982223 -0.00079195046708630673 -0.0034485912566444899
leaf_weight=413 25255 17953 218 104 187 87 4461 568 51 84 53 255 456 543
leaf_count=413 25255 17953 218 104 187 87 4461 568 51 84 53 255 456 543
internal_value=0.000112233 7.90496e-05 -0.00015316 -0.00122519 0.000487197 -0.0046831 -0.00107553 -0.000742738 -0.00276854 -0.00669978 -0.00421409 -0.00164557 -0.00399123 -0.00115522
internal_weight=50688 50275 32048 6793 18227 274 6689 6015 1554 443 359 306 674 1111
internal_count=50688 50275 32048 6793 18227 274 6689 6015 1554 443 359 306 674 1111
is_linear=0
shrinkage=0.05


Tree=235
num_leaves=15
num_cat=0
split_feature=45 8 34 1 57 6 34 49 26 33 21 5 4 53
split_gain=2.39756 2.70825 5.54392 1.98538 2.15079 3.94684 2.38037 3.18976 3.64879 2.78942 2.36169 2.21726 4.4326 2.18926
threshold=-0.54444456100463856 252.84999847412112 0.35000000894069677 15.750000000000002 67.416667938232436 67.90000152587892 -2.1499999761581416 -607.49999999999989 0.62485271692276012 13.550000190734865 213.50000000000003 32.750000000000007 35.95000076293946 -0.61915585398674
decision_type=2 2 2 2 2 2 2 8 2 2 2 2 2 2
left_child=-1 3 -3 -2 5 10 7 8 -6 11 -5 12 -8 -12
right_child=1 2 -4 4 6 -7 9 -9 -10 -11 13 -13 -14 -15
leaf_value=-0.00019208723267669615 0.009480243337595463 -0.01242593100764371 0.0025197218201940207 0.00062476274813807824 0.00036072010658135683 -0.0010361376357702467 -0.0046264276792642315 -3.5384906925484526e-05 -0.0069323157413578784 -0.0063881988224587559 -0.0049169368832337624 0.0016098281553272335 0.00738748534899418 0.0031575884981586231
leaf_weight=26203 296 84 97 11636 57 3267 50 680 60 97 343 7681 62 209
leaf_count=26203 296 84 97 11636 57 3267 50 680 60 97 343 7681 62 209
internal_value=0.000106429 0.000460636 -0.0054712 0.00050679 0.000455863 0.000101843 0.00108486 -0.00150558 -0.00877953 0.0013481 0.000515658 0.00145649 -0.0052459 -0.00265125
internal_weight=50822 24619 181 24438 24142 15455 8687 797 117 7890 12188 7793 112 552
internal_count=50822 24619 181 24438 24142 15455 8687 797 117 7890 12188 7793 112 552
is_linear=0
shrinkage=0.05


Tree=236
num_leaves=15
num_cat=0
split_feature=0 22 25 55 31 11 55 23 23 0 52 13 23 37
split_gain=2.37875 1.77153 2.81771 2.19175 2.78573 2.07656 3.47123 1.85143 2.46511 1.82477 4.11285 2.30963 2.8072 2.69121
threshold=11.250000000000002 276.50000000000006 5.3500001430511483 1.0000000180025095e-35 7.2282407283782968 28.675000190734867 5.5000000000000009 0.48499999940395361 0.41499999165534979 55.850000381469734 0.99466374516487133 39.211904525756843 1.235000014305115 15.500000000000002
decision_type=2 2 2 2 2 2 2 2 2 2 2 2 2 2
left_child=-1 2 -2 4 -4 -5 7 8 -7 11 -11 12 -3 -13
right_child=1 9 3 5 -6 6 -8 -9 -10 10 -12 13 -14 -15
leaf_value=0.0048713313990436137 0.0044196736080254354 -0.00019071900165631563 -0.0063772907543929091 0.0023349410710890857 -0.00084101269662663575 -0.00035168095451808024 -0.0049020240921583847 0.0045620266816000163 -0.0063458659349164368 -5.5793879753773384e-05 -0.0042606417134996239 -0.0025760543683755288 -0.019601495004767138 0.00084156555206328111
leaf_weight=406 180 6171 58 218 56 154 63 130 53 24801 161 270 83 17711
leaf_count=406 180 6171 58 218 56 154 63 130 53 24801 161 270 83 17711
internal_value=0.000152895 0.000121611 -0.00204989 -0.00342318 -0.00951613 -0.0021656 -0.00426829 -0.00206052 -0.00490783 0.000162274 -0.000137754 0.000471231 -0.000356002 0.000758991
internal_weight=50515 50109 912 732 114 618 400 337 207 49197 24962 24235 6254 17981
internal_count=50515 50109 912 732 114 618 400 337 207 49197 24962 24235 6254 17981
is_linear=0
shrinkage=0.05


Tree=237
num_leaves=15
num_cat=0
split_feature=19 43 13 13 49 47 0 19 57 48 16 16 15 15
split_gain=2.21312 2.2934 2.41123 3.09381 2.26093 2.78223 3.16169 2.94466 2.38758 2.75849 2.56246 9.61087 4.40852 4.9148
threshold=28.849999427795414 272.50000000000006 41.571727752685554 37.386011123657234 32.500000000000007 3.6825758218765263 176.75000000000003 188.85000610351565 36.650001525878913 -1.0500000119209287 66.950000762939467 67.40000152587892 207.25000000000003 198.34999847412112
decision_type=2 10 2 2 8 2 2 2 2 2 2 2 2 2
left_child=1 -1 3 -3 5 6 -2 -8 9 -7 -10 -12 13 -13
right_child=4 2 -4 -5 -6 8 7 -9 10 -11 11 12 -14 -15
leaf_value=0.0041219560988172933 0.0021751253794991244 -0.00074728190585039646 0.0044004462935357015 -0.010920725473305857 0.0002588039116576819 -0.00099842079778137099 -0.0091818772143871154 -0.00064752507188265643 -0.000169934036158463 -0.0066701375600462277 -0.010048486324024265 -0.0019427344098369239 0.00099516564028599534 -0.0043025215970470187
leaf_weight=1465 3020 246 321 89 25046 1202 60 472 16137 449 82 1053 910 122
leaf_count=1465 3020 246 321 89 25046 1202 60 472 16137 449 82 1053 910 122
internal_value=9.11532e-05 0.00166823 -0.000780781 -0.00369565 2.19305e-05 -0.000330186 0.000957328 -0.00256458 -0.000559729 -0.00237508 -0.00039478 -0.00200505 -0.00130072 -0.00331224
internal_weight=50674 2121 656 335 48553 23507 3552 532 19955 1651 18304 2167 2085 1175
internal_count=50674 2121 656 335 48553 23507 3552 532 19955 1651 18304 2167 2085 1175
is_linear=0
shrinkage=0.05


Tree=238
num_leaves=15
num_cat=0
split_feature=17 0 13 38 24 36 10 2 52 7 38 10 13 19
split_gain=1.97705 1.70712 1.83552 3.06396 4.52355 5.01491 3.13084 4.26579 3.3838 4.01042 4.40147 3.28012 2.74499 2.73026
threshold=-106.09999847412108 11.250000000000002 38.700893402099616 1.7500000000000002 42.500000000000007 30.750000000000004 40.774999618530281 31.349999427795414 -0.79384350776672352 39.149999618530281 24.550000190734867 34.574998855590827 36.767263412475593 27.650000572204593
decision_type=2 2 2 2 2 2 2 2 2 2 2 2 2 2
left_child=-1 -2 12 4 -4 -6 8 -8 9 -5 -11 -12 -3 -14
right_child=1 2 3 6 5 -7 7 -9 -10 10 11 -13 13 -15
leaf_value=0.004103113775180702 0.004061963062763357 -0.00023659483598157335 -0.00087154318681954596 0.002273641229629158 -0.013650744723761108 -0.0004844434672030539 -0.012191074947876898 1.3904148986199316e-05 0.0016667985664746831 -0.0023915824443426002 -0.0022568917515208005 -0.013174847240815508 -0.0088300308155347586 -0.0017658248648683189
leaf_weight=596 413 5845 340 928 50 54 50 32881 6638 989 73 53 72 1473
leaf_count=596 413 5845 340 928 50 54 50 32881 6638 989 73 53 72 1473
internal_value=9.85834e-05 6.4068e-05 3.70028e-05 0.000164741 -0.0039207 -0.0125439 0.000209265 -1.35088e-05 0.00105339 -0.000723332 -0.00273333 -0.0111765 -0.000689189 -0.00255627
internal_weight=50455 49859 49446 42056 444 104 41612 32931 8681 2043 1115 126 7390 1545
internal_count=50455 49859 49446 42056 444 104 41612 32931 8681 2043 1115 126 7390 1545
is_linear=0
shrinkage=0.05


Tree=239
num_leaves=15
num_cat=0
split_feature=35 51 19 20 24 49 40 20 14 13 13 0 2 5
split_gain=2.20907 2.10653 1.865 1.79554 3.6667 3.84317 2.33035 2.06535 3.38455 3.64712 2.97568 1.91173 1.80472 2.00591
threshold=11.500000000000002 -0.37940952181816096 78.349998474121108 85.450000762939467 1.5000000000000002 -27.499999999999996 987.14999389648449 135.04999542236331 38.064031600952156 127.65535736083986 47.051486968994148 15.84999990463257 173.94999694824222 140.40000152587893
decision_type=2 2 2 2 2 10 2 2 2 2 2 2 2 2
left_child=3 -2 -3 6 -5 7 11 8 10 -10 -6 -1 13 -13
right_child=1 2 -4 4 5 -7 -8 -9 9 -11 -12 12 -14 -15
leaf_value=0.0036462868341222941 0.00037869688839833611 -0.0005305267800431204 -0.0020881380531009323 0.0016892881266013051 -0.0083425422624793799 -0.00032066327286602145 0.00089474968462133491 0.0010170489246033574 -0.001701282232872365 -0.0044601853048920745 -0.00083484023936777484 -5.0366006330195015e-06 -0.0083069501581668915 0.0043120856526248051
leaf_weight=764 3124 2608 2675 1178 112 4054 11023 92 61 100 449 23840 76 366
leaf_count=764 3124 2608 2675 1178 112 4054 11023 92 61 100 449 23840 76 366
internal_value=8.43032e-05 -0.000655221 -0.00126299 0.000232048 -0.000564729 -0.00117056 0.000365725 -0.00428398 -0.0051776 -0.0113743 -0.00323117 9.89785e-05 2.09948e-05 4.66635e-05
internal_weight=50522 8407 5283 42115 6046 4868 36069 814 722 161 561 25046 24282 24206
internal_count=50522 8407 5283 42115 6046 4868 36069 814 722 161 561 25046 24282 24206
is_linear=0
shrinkage=0.05


Tree=240
num_leaves=15
num_cat=0
split_feature=0 35 4 49 46 10 47 44 43 28 40 1 23 51
split_gain=1.82345 1.80118 2.52023 2.53486 2.91552 2.68394 3.12566 3.27526 3.71015 4.1991 2.43364 4.37025 2.27009 3.05665
threshold=11.250000000000002 10.500000000000002 54.049999237060554 -27.499999999999996 4.9500000476837167 78.608333587646499 6.0630681514739999 0.54727211594581615 32.500000000000007 65.500000000000014 988.95001220703136 120.34999847412111 0.95499998331069957 0.78656607866287243
decision_type=2 2 2 8 2 2 2 2 10 2 2 2 2 2
left_child=-1 12 -3 4 5 -4 10 -8 -9 -10 11 -7 13 -2
right_child=1 2 3 -5 -6 6 7 8 9 -11 -12 -13 -14 -15
leaf_value=0.0038518342177256146 -7.3955578238671781e-05 0.0002702464011188324 -0.00038267606897574426 -9.9330237376447667e-05 -0.0071531133753412607 -0.00079158341464001612 -0.0025520284244023033 -0.0011060150355957136 -0.010296411186479514 -0.0030328689677362273 0.001135774417305924 -0.006658572308665814 0.001430240192583206 0.0012369728939409324
leaf_weight=433 23801 8039 1996 5230 73 287 291 82 96 70 435 87 4580 5269
leaf_count=433 23801 8039 1996 5230 73 287 291 82 96 70 435 87 4580 5269
internal_value=0.000113138 8.50119e-05 -0.000339602 -0.000931616 -0.00198862 -0.00175313 -0.00346834 -0.00638433 -0.0105039 -0.0146023 -0.00147131 -0.004375 0.000295603 0.000132394
internal_weight=50769 50336 16686 8647 3417 3344 1348 539 248 166 809 374 33650 29070
internal_count=50769 50336 16686 8647 3417 3344 1348 539 248 166 809 374 33650 29070
is_linear=0
shrinkage=0.05


Tree=241
num_leaves=15
num_cat=0
split_feature=0 13 47 16 12 25 14 6 52 33 25 25 27 0
split_gain=1.96248 2.14133 3.10397 3.40152 3.08547 4.94027 7.07265 2.77137 2.70038 5.26213 5.59057 3.95746 6.01897 3.27381
threshold=17.650000572204593 60.324106216430671 18.952083587646488 25.44999980926514 69.490280151367202 12.250000000000002 30.765353202819828 62.050001144409187 -0.98214942216873158 1.6500000357627871 17.550000190734867 10.449999809265138 25.250000000000004 95.799999237060561
decision_type=2 2 2 2 2 2 2 2 2 2 2 2 2 2
left_child=-1 2 4 -4 -2 6 7 -6 9 11 -11 12 -3 -10
right_child=1 8 3 -5 5 -7 -8 -9 13 10 -12 -13 -14 -15
leaf_value=0.0025470163020494094 -0.00010381322759175415 0.0032658896740010383 -0.014530543077400758 0.0027713139905217016 -0.0066301216802443635 -4.4232578917741523e-05 -0.01543647974509056 -1.7957776641328997e-05 0.0010951336732941165 -0.00054096057960532201 -0.0086610401640766308 0.00065060601160816481 -0.0085840328728738393 -0.00011804502774375498
leaf_weight=1462 25235 56 50 50 55 430 56 157 12393 92 53 968 59 9488
leaf_count=1462 25235 56 50 50 55 430 56 157 12393 92 53 968 59 9488
internal_value=0.000110049 5.61525e-05 -0.000254771 -0.00863636 -0.000219134 -0.00347458 -0.00866906 -0.00400901 0.000406376 -0.00186591 -0.0104839 -0.000626715 -0.009 0.000534695
internal_weight=50604 49142 26033 100 25933 698 268 212 23109 1228 145 1083 115 21881
internal_count=50604 49142 26033 100 25933 698 268 212 23109 1228 145 1083 115 21881
is_linear=0
shrinkage=0.05


Tree=242
num_leaves=15
num_cat=0
split_feature=17 18 22 38 4 41 22 47 43 33 17 49 33 18
split_gain=2.06168 3.01342 2.35124 2.04428 3.39917 3.34832 2.78422 2.5772 2.35557 3.57108 2.60671 2.25298 2.95243 4.1411
threshold=-73.700000762939439 -36.54999923706054 1639.0000000000002 25.250000000000004 43.250000000000007 40.500000000000007 1343.5000000000002 9.1261363029479998 392.50000000000006 1.6500000357627871 -16.249999999999996 -132.49999999999997 5.1499998569488534 2.5499999523162846
decision_type=2 2 2 2 2 2 2 2 10 2 2 10 2 2
left_child=1 2 -1 -2 -5 11 7 -7 -9 -10 -11 12 -6 -14
right_child=3 -3 -4 4 5 6 -8 8 9 10 -12 -13 13 -15
leaf_value=-0.0051053257277458705 -8.6929126143131064e-05 0.0027797557903913978 0.0030453296228637743 0.0030397660144304245 0.0006985383023216823 0.0006142792930671179 -0.0052381177434702693 0.001269009980629903 -0.001367928806234263 -0.0016276797785629575 -0.014031351871691054 0.0028901934285984776 0.0026620309870924483 -0.0043964897658340133
leaf_weight=69 43659 1328 51 1953 752 1017 163 140 135 51 91 1266 118 93
leaf_count=69 43659 1328 51 1953 752 1017 163 140 135 51 91 1266 118 93
internal_value=6.05157e-05 0.00191358 -0.00538462 5.86493e-06 0.000888755 2.08552e-05 -0.0017206 -0.000990305 -0.00425059 -0.00684669 -0.0121053 0.00127066 -0.000549846 -0.00563348
internal_weight=50886 1448 120 49438 5779 3826 1597 1434 417 277 142 2229 963 211
internal_count=50886 1448 120 49438 5779 3826 1597 1434 417 277 142 2229 963 211
is_linear=0
shrinkage=0.05


Tree=243
num_leaves=15
num_cat=0
split_feature=19 43 31 50 53 23 43 46 57 40 47 33 33 19
split_gain=1.94037 2.75087 3.14974 1.9984 2.41248 1.54451 3.48511 3.3489 3.0726 3.62582 3.72715 4.34426 3.7907 3.06611
threshold=28.849999427795414 232.50000000000003 7.2282407283782968 0.37940952181816107 -0.53495380282402027 0.84499999880790722 97.500000000000014 2.8500000238418584 44.549999237060554 977.75000000000011 5.8912880420684823 2.2500000000000004 7.0499999523162851 103.95000076293947
decision_type=2 10 2 2 2 2 8 2 2 2 2 2 2 2
left_child=1 -1 3 -3 -5 -2 13 -8 9 10 -9 -12 -13 -7
right_child=5 2 -4 4 -6 6 7 8 -10 -11 11 12 -14 -15
leaf_value=0.0037836865600840391 -5.9489732129221783e-05 0.0014556760154067541 -0.0098272963951749007 -0.014234858802119155 0.00091967354749786343 0.0019891711216037697 0.0018834833881415437 0.0021729324591851016 0.0010794298666865472 0.0014423183845411805 0.0051730792947950483 -0.02227152739612652 -0.0068646218276606722 -0.0015700926479327933
leaf_weight=1386 38989 538 63 58 69 823 5861 78 840 228 57 117 118 1545
leaf_count=1386 38989 538 63 58 69 823 5861 78 840 228 57 117 118 1545
internal_value=0.000107326 0.00158663 -0.000894309 0.000185185 -0.00521898 4.27405e-05 0.000608143 0.00114858 -0.00100829 -0.0037171 -0.00671053 -0.00923841 -0.0121429 -0.00105551
internal_weight=50770 2114 728 665 127 48656 9667 7299 1438 598 370 292 235 2368
internal_count=50770 2114 728 665 127 48656 9667 7299 1438 598 370 292 235 2368
is_linear=0
shrinkage=0.05


Tree=244
num_leaves=15
num_cat=0
split_feature=35 4 47 38 13 10 26 29 28 34 47 21 36 26
split_gain=2.0909 3.00641 3.19927 3.27836 3.36413 5.12371 3.14616 2.81153 2.71286 2.58307 5.38654 2.56215 3.47412 3.2544
threshold=9.5000000000000018 54.45000076293946 5.8348486423492441 9.9499998092651385 157.55149078369143 184.12500000000003 0.93430787324905407 1.1500000357627871 60.500000000000007 1.0500000119209292 6.9348485469818124 115.50000000000001 20.849999427795414 0.28430110216140753
decision_type=2 2 2 2 2 2 2 2 2 2 2 2 2 2
left_child=11 -2 3 -3 7 -6 -4 -5 -8 -10 -11 13 -13 -1
right_child=1 2 6 4 5 -7 8 -9 9 10 -12 12 -14 -15
leaf_value=-0.0065119551492444144 0.00032430394678232221 0.0011215850009586017 -0.00097892631535009648 -0.0046762108327984492 -0.0071289437611801038 5.8411677442843176e-05 -0.011925480838885637 -0.00011250559780795103 -0.00046117232575820896 0.0012543447095445992 -0.008610764501046456 0.0030893076283715001 0.00042260649065119454 7.0004359702257877e-05
leaf_weight=75 12439 2400 5920 208 96 130 104 3566 311 62 63 2389 5824 17109
leaf_count=75 12439 2400 5920 208 96 130 104 3566 311 62 63 2389 5824 17109
internal_value=8.0464e-05 -0.000241218 -0.000777001 1.56008e-05 -0.000860349 -0.00665254 -0.00156105 -0.000496829 -0.00518182 -0.00329596 -0.00907407 0.000400874 0.00112672 5.35072e-05
internal_weight=50696 25299 12860 6400 4000 226 6460 3774 540 436 125 25397 8213 17184
internal_count=50696 25299 12860 6400 4000 226 6460 3774 540 436 125 25397 8213 17184
is_linear=0
shrinkage=0.05


Tree=245
num_leaves=15
num_cat=0
split_feature=49 23 49 23 48 20 22 48 57 35 13 13 43 46
split_gain=2.23708 4.26929 4.41743 3.93997 3.41977 2.92354 8.65754 2.62719 2.53514 2.71134 2.47299 2.51767 2.3095 2.29224
threshold=32.500000000000007 0.39499999582767492 392.50000000000006 0.20499999821186068 10.050000190734865 43.649999618530281 712.50000000000011 5.4500000476837167 94.383335113525405 9.5000000000000018 40.357738494873054 30.320238113403324 197.50000000000003 1.0000000180025095e-35
decision_type=10 2 10 2 2 2 2 2 2 2 2 2 10 2
left_child=3 2 -2 7 13 8 -7 12 -5 -10 11 -9 -1 -4
right_child=1 -3 4 5 -6 6 -8 10 9 -11 -12 -13 -14 -15
leaf_value=0.0030089566251929939 0.0011186861869961868 0.0010320649530927964 -0.0030765458385732069 -0.00030071147898674957 -0.00013854648477230032 -0.013829929003495212 -0.00067076075219839467 0.0010957984027515025 0.0023504052994987108 -4.7334360268851025e-05 0.00099692425168643683 -0.0076846221093704054 -0.010105242798521217 0.00067015831592849876
leaf_weight=1901 2451 13626 1483 16069 1897 81 8312 86 1912 2133 239 95 53 257
leaf_count=1901 2451 13626 1483 16069 1897 81 8312 86 1912 2133 239 95 53 257
internal_value=0.000124988 0.000540965 -0.0005592 -0.000140656 -0.00166301 -0.000303854 -0.00108711 0.00181208 2.33554e-05 0.00114057 -0.00174419 -0.00599476 0.00258147 -0.00325714
internal_weight=50595 19714 6088 30881 3637 28507 8393 2374 20114 4045 420 181 1954 1740
internal_count=50595 19714 6088 30881 3637 28507 8393 2374 20114 4045 420 181 1954 1740
is_linear=0
shrinkage=0.05


Tree=246
num_leaves=15
num_cat=0
split_feature=34 1 47 7 24 38 31 56 27 6 25 12 31 32
split_gain=1.88841 1.66323 1.68401 3.40584 3.37652 3.03658 2.92051 2.88333 2.76397 2.69002 2.659 3.40516 2.60179 2.83055
threshold=6.7500000000000009 15.750000000000002 5.1041665077209482 97.90000152587892 9.5000000000000018 11.84999990463257 4.6574950218200692 160.44999694824222 11.949999809265138 41.95000076293946 23.150000572204593 75.637496948242202 1.7968004345893862 2.3581696748733525
decision_type=2 2 2 2 2 2 2 2 2 2 2 2 2 2
left_child=1 -1 3 4 -3 -5 10 9 -4 12 -7 -12 13 -6
right_child=-2 2 8 5 7 6 -8 -9 -10 -11 11 -13 -14 -15
leaf_value=0.0033718138591716158 -0.0071530228463345322 0.0021359904261153187 0.0013211946973333019 0.00012791375226978616 -0.00093154883415476624 0.00011005110224986642 -0.020729695631552067 -0.0047167474262211941 -0.00014705942655471874 0.00075625218255159614 -0.0074046908710748253 -0.0024614857913210649 0.001291590922972828 -0.0031618183930598206
leaf_weight=829 53 5023 2394 3786 935 638 66 61 31440 3696 80 528 618 281
leaf_count=829 53 5023 2394 3786 935 638 66 61 31440 3696 80 528 618 281
internal_value=0.000159404 0.00017019 0.000132779 0.000560361 0.00107022 -0.000501174 -0.0025643 0.000224067 -6.58904e-05 0.000351986 -0.00196656 -0.00430421 -0.00120933 -0.00254486
internal_weight=50428 50375 49546 15712 10614 5098 1312 5591 33834 5530 1246 608 1834 1216
internal_count=50428 50375 49546 15712 10614 5098 1312 5591 33834 5530 1246 608 1834 1216
is_linear=0
shrinkage=0.05


Tree=247
num_leaves=15
num_cat=0
split_feature=0 57 37 46 25 0 30 41 56 12 7 34 9 25
split_gain=2.50631 3.19575 2.77115 2.50661 2.46772 2.12061 2.01295 3.12411 2.97668 2.75286 3.52301 2.42436 2.22439 2.58255
threshold=129.69999694824222 107.81666946411134 58.500000000000007 2.6499999761581425 63.399999618530281 11.250000000000002 67.500000000000014 47.500000000000007 194.85000610351565 192.04444122314456 192.09999847412112 1.6500000357627871 40.45000076293946 35.049999237060554
decision_type=2 2 2 2 2 2 10 2 2 2 2 2 2 2
left_child=1 5 -3 4 6 -1 8 9 11 -8 -11 12 -2 -14
right_child=3 2 -4 -5 -6 -7 7 -9 -10 10 -12 -13 13 -15
leaf_value=0.0034171083136278826 -0.0064792855881127404 -0.0023569137571014722 0.0020388943112141294 -0.0082737473938895977 -0.0022908787582280976 6.4750219862092767e-05 -0.0013963323680827716 0.00081321833487500337 0.0028370821601748789 -0.00031773709179805062 -0.0086125972031045311 0.0032107842635687384 0.00019446299811177607 -0.0019621409347676607
leaf_weight=405 76 249 4158 78 279 39700 463 348 684 72 82 466 2082 1421
leaf_count=405 76 249 4158 78 279 39700 463 348 684 72 82 466 2082 1421
internal_value=0.000129813 0.000259647 0.00153611 -0.000824121 -0.000699482 0.000119033 -0.000469846 -0.00253846 -4.32579e-05 -0.00464912 -0.0102439 -0.000561036 -0.00100446 -0.000807002
internal_weight=50563 44512 4407 6051 5973 40105 5694 965 4729 617 154 4045 3579 3503
internal_count=50563 44512 4407 6051 5973 40105 5694 965 4729 617 154 4045 3579 3503
is_linear=0
shrinkage=0.05


Tree=248
num_leaves=15
num_cat=0
split_feature=19 51 43 23 24 38 53 47 4 25 28 0 30 24
split_gain=2.40687 1.61725 3.43541 2.41335 3.87866 2.98973 6.19066 3.88488 4.01391 2.83479 3.40241 2.63074 2.62156 4.06032
threshold=23.399999618530277 -0.6035533845424651 347.50000000000006 0.33500000834465032 6.5000000000000009 19.750000000000004 -0.039769286289811127 5.4630682468414316 48.750000000000007 15.050000190734865 84.500000000000014 59.699998855590827 25.02689361572266 51.500000000000007
decision_type=2 2 8 2 2 2 2 2 2 2 2 2 10 2
left_child=-1 2 -2 12 5 -5 7 -7 -9 10 -10 -12 -4 -14
right_child=1 -3 3 4 -6 6 -8 8 9 -11 11 -13 13 -15
leaf_value=0.0027401560442673009 0.0027952808611889039 -0.00012587103734393198 0.00029721941373200855 0.00030610495680697373 0.0012543516361106432 0.0020888643512112885 -0.0057791003456791282 -0.00018263138492004879 -0.0098782742957551767 0.0016626193103701416 -0.00280039475908808 -0.011976674031762417 -0.001429494169348179 -0.0063793778892724338
leaf_weight=1243 2332 34894 1201 1880 5952 374 50 492 54 67 287 60 1733 57
leaf_count=1243 2332 34894 1201 1880 5952 374 50 492 54 67 287 60 1733 57
internal_value=8.24687e-05 2.76077e-05 0.000470479 0.00013383 0.00053436 -0.000849114 -0.00260402 -0.00188244 -0.0035567 -0.00682008 -0.00838199 -0.00620448 -0.00109797 -0.00230556
internal_weight=50676 49433 14539 12207 9216 3264 1384 1334 960 468 401 347 2991 1790
internal_count=50676 49433 14539 12207 9216 3264 1384 1334 960 468 401 347 2991 1790
is_linear=0
shrinkage=0.05


Tree=249
num_leaves=15
num_cat=0
split_feature=51 51 50 23 47 38 43 0 40 9 44 12 2 23
split_gain=2.03486 2.17173 4.01604 3.81652 4.53602 3.12386 2.94567 2.86211 2.80769 2.76912 2.70672 3.47562 2.65006 2.46692
threshold=0.98296290636062633 -0.37940952181816096 0.37940952181816107 0.21499999612569812 3.7236111164093022 25.650000572204593 292.50000000000006 57.800001144409187 983.14999389648449 41.95000076293946 5.0869722366333017 30.870138168334964 84.65000152587892 0.24499999731779101
decision_type=2 2 2 2 2 2 8 2 2 2 2 2 2 2
left_child=1 2 3 4 12 13 -4 -5 10 -9 -6 -12 -1 -3
right_child=-2 5 6 7 8 -7 -8 9 -10 -11 11 -13 -14 -15
leaf_value=-0.007958472306373374 0.0014324946244315593 0.00090535876277011225 0.0032376555647682238 0.00091810535085895073 -0.00088228359542668147 0.001281666602519326 0.0003703239423006174 -0.0017602498244777415 1.3853681644253076e-05 -7.5949711757035418e-05 -0.00090348896376778978 -0.0073066172231064826 -0.0012053669257228701 -0.00049198348486305171
leaf_weight=124 2146 3134 2883 5040 147 2488 3388 868 821 5414 86 54 59 23748
leaf_count=124 2146 3134 2883 5040 147 2488 3388 868 821 5414 86 54 59 23748
internal_value=4.16586e-05 -2.54846e-05 0.000392717 -0.000121603 -0.00268639 -0.000294418 0.00142573 0.000172962 -0.00144007 -0.000538779 -0.00560606 -0.0103333 -0.00976684 -0.000451435
internal_weight=50400 48254 18884 12613 1291 29370 6271 11322 1108 6282 287 140 183 26882
internal_count=50400 48254 18884 12613 1291 29370 6271 11322 1108 6282 287 140 183 26882
is_linear=0
shrinkage=0.05


Tree=250
num_leaves=15
num_cat=0
split_feature=33 52 25 34 4 13 12 16 47 44 40 38 36 25
split_gain=1.82918 2.977 7.19124 2.68731 2.57151 4.04669 4.30895 5.63229 5.27918 4.40844 3.95231 3.15414 2.96615 2.40771
threshold=1.0000000180025095e-35 -0.98214942216873158 21.250000000000004 -2.4500000476837154 53.350000381469734 60.070833206176765 65.809722900390639 56.049999237060554 5.9809091091156015 -14.779191493988035 982.54998779296886 8.7500000000000018 29.349999427795414 7.3500001430511483
decision_type=2 2 2 2 2 2 2 2 2 2 2 2 2 2
left_child=-1 2 3 -2 11 6 9 8 -8 -6 13 -3 -10 -11
right_child=1 4 -4 -5 5 -7 7 -9 12 10 -12 -13 -14 -15
leaf_value=0.00021153988385258358 -0.0044218671433205207 -0.0033494073399334434 -0.0054866888849124393 -1.3477969933018803e-05 -0.015545111868617824 0.00014655830587455941 -0.00043558813289698383 0.0022249807674382649 -0.0098549711720320454 0.0046634805681456488 0.0040524131602784159 0.00042738416752357829 -0.012250517540518278 -0.0017240656001265295
leaf_weight=32138 159 400 99 670 74 3543 86 105 92 186 345 10271 83 2468
leaf_count=32138 159 400 99 670 74 3543 86 105 92 186 345 10271 83 2468
internal_value=3.73555e-05 -0.000357431 -0.00310235 -0.00149583 -0.000211459 -0.000956808 -0.00217599 -0.00723404 -0.0110517 -0.00155206 -0.00123131 0.00027666 -0.0158108 -0.00188814
internal_weight=50719 18581 928 829 17653 6982 3439 366 261 3073 2999 10671 175 2654
internal_count=50719 18581 928 829 17653 6982 3439 366 261 3073 2999 10671 175 2654
is_linear=0
shrinkage=0.05


Tree=251
num_leaves=15
num_cat=0
split_feature=0 45 48 56 42 18 4 55 42 45 56 56 19 36
split_gain=2.01743 1.9574 3.58805 3.76808 2.46595 3.10251 3.16952 2.28752 2.29914 2.46383 2.17692 1.87506 2.31406 3.20398
threshold=11.250000000000002 5.3623089790344247 5.1499998569488534 55.95000076293946 15.250000000000002 9.1500000953674334 50.549999237060554 1.0000000180025095e-35 10.550000190734865 6.1654975414276132 40.350000381469734 229.80000305175784 88.599998474121108 20.650000572204593
decision_type=2 2 2 2 2 2 2 2 2 2 2 2 2 2
left_child=-1 11 3 4 7 6 10 8 9 -3 -6 12 13 -2
right_child=1 2 -4 -5 5 -7 -8 -9 -10 -11 -12 -13 -14 -15
leaf_value=0.0032791247946300007 0.001319035021150777 -0.00067785247173647806 0.003437403137206395 0.0021737126796620571 -0.005157264352814211 0.0044692427384190195 -0.011753266285986589 0.0002525603901524598 0.00064434194346434386 -0.0083294187768489878 0.0072696641421989699 0.0025286213098104789 -0.00032180178956588254 -0.00010886912923410912
leaf_weight=421 6707 63 1508 1673 101 69 52 1327 84 78 52 707 20810 17168
leaf_count=421 6707 63 1508 1673 101 69 52 1327 84 78 52 707 20810 17168
internal_value=8.55796e-05 5.64385e-05 0.000993622 0.000112568 -0.00145425 -0.00573944 -0.00872093 -0.000665813 -0.00521277 -0.00890728 -0.0045092 -4.71343e-05 -8.78172e-05 0.000248064
internal_weight=50820 50399 5007 3499 1826 274 205 1552 225 141 153 45392 44685 23875
internal_count=50820 50399 5007 3499 1826 274 205 1552 225 141 153 45392 44685 23875
is_linear=0
shrinkage=0.05


Tree=252
num_leaves=15
num_cat=0
split_feature=0 47 40 57 32 6 53 14 0 43 21 24 0 52
split_gain=1.65417 1.57024 1.58609 2.75109 2.49386 1.68644 1.60368 4.86745 3.2145 4.25967 3.13468 3.26097 6.94894 3.35336
threshold=11.250000000000002 1.7095454931259157 972.85000610351574 58.216667175292976 -5.8423225879669181 80.450000762939467 0.011826144531369211 3.4420465230941777 37.899999618530281 87.500000000000014 171.50000000000003 262.50000000000006 71.599998474121108 0.21022171527147296
decision_type=2 2 2 2 2 2 2 2 2 10 2 2 2 2
left_child=-1 -2 3 4 -3 -6 10 -8 9 -9 -4 12 13 -12
right_child=1 2 6 -5 5 -7 7 8 -10 -11 11 -13 -14 -15
leaf_value=0.0026980871435154236 0.0027159944284695821 -0.0043804395338107802 -4.0838300893696343e-05 0.0046651695413287252 0.00094351536595958091 -0.0088195556987034473 -0.0080221126436400055 0.005513873547741209 3.0050030609792846e-05 -0.00034879887893010057 -0.00038758978382632262 0.0038370626052923965 -0.0052282516390259881 -0.0033858995138718062
leaf_weight=408 618 142 18271 1056 1447 107 64 1960 20405 1303 2658 455 126 1684
leaf_count=408 618 142 18271 1056 1447 107 64 1960 20405 1303 2658 455 126 1684
internal_value=7.33527e-05 4.73106e-05 1.58994e-05 0.0011803 -7.03398e-05 0.000524297 -5.26247e-05 0.00023629 0.000276206 0.00173083 -0.000348216 -0.00146665 -0.00187807 -0.00152574
internal_weight=50704 50296 49678 2752 1696 1554 46926 23732 23668 3263 23194 4923 4468 4342
internal_count=50704 50296 49678 2752 1696 1554 46926 23732 23668 3263 23194 4923 4468 4342
is_linear=0
shrinkage=0.05


Tree=253
num_leaves=15
num_cat=0
split_feature=25 9 45 34 34 25 55 17 49 23 50 13 9 47
split_gain=2.73108 2.12685 2.4806 1.8127 2.57972 2.66209 2.89523 1.79934 1.90557 2.7285 3.92557 3.48358 3.7446 3.4456
threshold=60.800001144409187 101.59999847412111 -6.1232340974897155e-17 -4.1499998569488517 -7.2499999999999991 17.050000190734867 1.5000000000000002 -106.09999847412108 22.500000000000004 0.38499999046325689 0.12940952181816109 29.230357170104984 31.750000000000004 9.8436508178710955
decision_type=2 2 2 2 2 2 2 2 10 2 2 2 2 2
left_child=3 -2 -3 4 -1 -6 -7 -5 9 13 -11 12 -12 -9
right_child=1 2 -4 7 5 6 -8 8 -10 10 11 -13 -14 -15
leaf_value=0.0032191096715050889 0.00012876082182933319 -0.0016439611282028943 -0.0081976008536017962 0.0032923002068463874 -0.0015554738999949737 0.0035477007135627197 -0.0065895180289914541 0.00088996009029334894 0.00035244256936561798 0.00014482079701208465 -0.0017254351805632208 -0.00095713374092743202 -0.01224663315005829 -0.001745219905570001
leaf_weight=314 210 148 106 604 1074 54 112 8076 19632 10154 125 8735 53 1319
leaf_count=314 210 148 106 604 1074 54 112 8076 19632 10154 125 8735 53 1319
internal_value=2.22767e-05 -0.00375527 -0.00674242 5.78968e-05 -0.00161765 -0.00264 -0.00835227 0.000111686 7.73326e-05 -0.00018404 -0.000527598 -0.00129273 -0.00803191 0.000513025
internal_weight=50716 464 254 50252 1554 1240 166 48698 48094 28462 19067 8913 178 9395
internal_count=50716 464 254 50252 1554 1240 166 48698 48094 28462 19067 8913 178 9395
is_linear=0
shrinkage=0.05


Tree=254
num_leaves=15
num_cat=0
split_feature=34 19 43 40 53 31 34 34 29 25 31 24 24 44
split_gain=2.30373 1.45873 4.15407 3.34112 2.80529 2.59423 2.23267 2.67757 2.18939 2.02084 1.96412 3.95732 3.40691 5.18248
threshold=6.7500000000000009 40.100000381469734 147.50000000000003 975.25000000000011 -0.97507822513580311 -4.2903406620025626 2.9500000476837163 3.4500000476837163 4.4500000476837167 7.6499998569488534 -5.0869722366332999 3.5000000000000004 6.5000000000000009 -15.652578353881834
decision_type=2 2 10 2 2 2 2 2 2 2 2 2 2 2
left_child=1 2 5 -4 -5 -1 -7 8 -8 -6 12 -12 13 -3
right_child=-2 10 3 4 9 6 7 -9 -10 -11 11 -13 -14 -15
leaf_value=-0.0012520724421138576 -0.0071612100671113958 -0.0035520020212090951 0.0066383012679299518 -0.014740948808628083 0.0011061836009664868 0.0036721827340093723 0.0003865916388386624 0.0068067741112927769 -0.0093813787687887038 -0.0023118947828125284 0.00070617404670761039 -0.00037322035889869663 0.0012913122315777424 -0.00049181981205031848
leaf_weight=484 57 103 303 93 715 2381 50 126 50 1128 9867 24876 7724 2728
leaf_count=484 57 103 303 93 715 2381 50 126 50 1128 9867 24876 7724 2728
internal_value=8.63006e-05 9.85428e-05 0.00088015 -0.000758115 -0.00152621 0.00206546 0.00268819 -0.00199153 -0.00772727 -0.00107124 6.40082e-06 -0.000175093 0.000603408 -0.000878212
internal_weight=50685 50628 5330 2239 1936 3091 2607 226 100 1843 45298 34743 10555 2831
internal_count=50685 50628 5330 2239 1936 3091 2607 226 100 1843 45298 34743 10555 2831
is_linear=0
shrinkage=0.05


Tree=255
num_leaves=15
num_cat=0
split_feature=0 43 52 31 52 50 4 11 15 49 50 23 37 26
split_gain=1.62336 2.60145 3.52821 3.20433 3.08712 2.4463 2.57063 3.5545 4.55818 2.25835 2.75639 3.32485 3.18662 3.76164
threshold=33.149999618530281 87.500000000000014 0.87811094522476207 -2.136533141136169 0.88621068000793468 -0.98296290636062611 49.049999237060554 28.675000190734867 45.149999618530281 22.500000000000004 0.12940952181816109 0.38499999046325689 66.500000000000014 0.69622549414634716
decision_type=2 8 2 2 2 2 2 2 2 10 2 2 2 2
left_child=1 -1 -3 4 -4 -5 7 -7 -9 10 12 -12 13 -2
right_child=9 2 3 5 -6 6 -8 8 -10 -11 11 -13 -14 -15
leaf_value=0.0021261648145017866 -0.00011927241349580455 0.0007725697856909605 -0.0051741666963082689 -0.014519057228165847 0.0014386686933011916 -0.00029517128191660372 0.0060383470361900331 -0.010955489078009051 -0.0018153631447342775 0.00023314632544161077 0.00058949328976530156 -0.001153440265971438 0.00080925244155157774 -0.0030063742655138596
leaf_weight=2945 3888 4428 50 82 821 672 149 121 487 18149 3005 8119 6918 920
leaf_count=2945 3888 4428 50 82 821 672 149 121 487 18149 3005 8119 6918 920
internal_value=6.83557e-05 0.000647722 0.000109971 -0.00143813 0.000970488 -0.0028238 -0.00229673 -0.00302326 -0.00576052 -6.96187e-05 -0.000400262 -0.000963715 0.000134629 -0.000853051
internal_weight=50754 9755 6810 2382 871 1511 1429 1280 608 40999 22850 11124 11726 4808
internal_count=50754 9755 6810 2382 871 1511 1429 1280 608 40999 22850 11124 11726 4808
is_linear=0
shrinkage=0.05


Tree=256
num_leaves=15
num_cat=0
split_feature=40 15 57 16 16 6 47 49 57 4 36 15 40 4
split_gain=1.63387 2.16296 2.30204 3.04241 3.22283 2.00714 2.15564 2.10479 4.34447 3.21062 3.18974 2.83732 2.66773 4.65869
threshold=972.85000610351574 128.75000000000003 54.783332824707038 41.649999618530281 48.149999618530281 24.150000572204593 4.6707143783569345 32.500000000000007 35.083332061767585 15.84999990463257 25.150000572204593 53.649999618530281 977.64999389648449 43.250000000000007
decision_type=2 2 2 2 2 2 2 8 2 2 2 2 2 2
left_child=1 2 3 -1 -5 6 -2 8 11 10 -10 -7 13 -11
right_child=5 -3 -4 4 -6 7 -8 -9 9 12 -12 -13 -14 -15
leaf_value=0.00067809004679999607 0.0046143383423365011 -0.0041263882729810726 0.0043881468425809034 -0.010835418915068479 0.0016323516109616435 -0.00081624852697690384 0.00047241390818112284 0.00014136610638275328 -0.0077373106732727256 0.00092943251478252097 0.0032393855089263126 -0.0057530780491751136 5.8430335033664143e-05 -0.0024626888050322511
leaf_weight=1319 609 90 1223 86 75 528 3285 22828 164 1654 72 494 16051 2330
leaf_count=1319 609 90 1223 86 75 528 3285 22828 164 1654 72 494 16051 2330
internal_value=6.27732e-05 0.00123618 0.00149834 0.000167785 -0.00611111 -5.726e-06 0.00108094 -0.000101856 -0.000459325 -0.000298062 -0.00597561 -0.00362403 -0.000228236 -0.00138458
internal_weight=50808 2793 2703 1480 161 48015 3894 44121 21293 20271 236 1022 20035 3984
internal_count=50808 2793 2703 1480 161 48015 3894 44121 21293 20271 236 1022 20035 3984
is_linear=0
shrinkage=0.05


Tree=257
num_leaves=15
num_cat=0
split_feature=19 56 1 4 32 30 53 26 21 4 28 38 55 56
split_gain=2.14007 2.31267 1.85356 2.99583 4.48459 2.80393 4.37843 5.51086 2.83793 2.78708 1.87416 4.37703 5.42621 3.70251
threshold=28.849999427795414 14.050000190734865 138.55000305175784 67.65000152587892 -0.92669543623924244 192.50000000000003 0.94066718220710765 0.92976748943328869 130.50000000000003 154.35000610351565 22.500000000000004 8.1500000953674334 3.5000000000000004 34.750000000000007
decision_type=2 2 2 2 2 10 2 2 2 2 2 2 2 2
left_child=1 -1 9 4 -4 -5 7 -7 -8 10 11 12 -2 -14
right_child=2 -3 3 5 -6 6 8 -9 -10 -11 -12 -13 13 -15
leaf_value=-0.0032690796577370855 -0.00075996012307734851 0.002673879848720325 -0.0086760403368870333 -0.00015282070694650092 -0.00065018190803374856 -0.0021059638997516623 -0.0075416836525517578 -0.0096618874534136825 0.0025725521185670291 0.0025821006359706099 8.8050404733811623e-05 -0.00030017947340095746 -0.0066899164709215767 -0.014976029966646535
leaf_weight=181 237 1931 60 4276 104 141 68 55 218 1119 40599 1391 89 63
leaf_count=181 237 1931 60 4276 104 141 68 55 218 1119 40599 1391 89 63
internal_value=7.63723e-05 0.00163054 8.25953e-06 -0.000910381 -0.00735632 -0.000673238 -0.00424797 -0.00980582 -0.000236486 0.000112393 4.70643e-05 -0.00153631 -0.00615288 -0.0132099
internal_weight=50532 2112 48420 4922 164 4758 482 196 286 43498 42379 1780 389 152
internal_count=50532 2112 48420 4922 164 4758 482 196 286 43498 42379 1780 389 152
is_linear=0
shrinkage=0.05


Tree=258
num_leaves=15
num_cat=0
split_feature=9 57 1 33 42 56 9 34 43 42 23 12 32 53
split_gain=1.55773 2.60383 3.71085 2.6 3.41341 2.64831 2.58789 4.40025 2.57368 2.96347 2.40659 2.19937 2.12056 2.15247
threshold=58.149999618530281 92.750000000000014 64.849998474121108 3.4500000476837163 12.949999809265138 103.25000000000001 23.750000000000004 -2.1499999761581416 72.500000000000014 3.4500000476837163 1.4950000047683718 84.543056488037124 -10.03033399581909 -0.90892156958580006
decision_type=2 2 2 2 2 2 2 2 10 2 2 2 2 2
left_child=1 2 11 4 -3 -5 7 -4 9 -8 -10 -1 -2 -14
right_child=12 3 6 5 -6 -7 8 -9 10 -11 -12 -13 13 -15
leaf_value=-1.1157017507848048e-06 0.0039996150564929394 0.0026755675301572894 -0.015733692588438524 0.0011879722566527071 -0.0040539086114747894 -0.0050026430390818031 -0.0040438859793326147 -0.0012940171352430021 -0.00023840612436754006 -0.0011379457050023399 -0.010730754966894225 -0.0052749562365784815 0.0019728941944844626 0.00011701994230376419
leaf_weight=19964 508 2488 50 59 66 50 260 219 3106 818 77 63 2170 20892
leaf_count=19964 508 2488 50 59 66 50 260 219 3106 818 77 63 2170 20892
internal_value=9.05514e-05 -0.000167095 -0.000328286 0.001315 0.00164587 -0.00592437 -0.00161894 -0.00629032 -0.00131 -0.00340993 -0.000590354 -3.56838e-05 0.000388041 0.000316834
internal_weight=50790 27220 24557 2663 2554 109 4530 269 4261 1078 3183 20027 23570 23062
internal_count=50790 27220 24557 2663 2554 109 4530 269 4261 1078 3183 20027 23570 23062
is_linear=0
shrinkage=0.05


Tree=259
num_leaves=15
num_cat=0
split_feature=51 47 41 52 52 25 2 35 30 44 24 47 18 27
split_gain=2.36155 3.06161 2.66158 3.23289 4.42799 2.55845 2.37853 3.64585 3.14005 2.83895 4.02053 2.72952 2.44279 3.4312
threshold=-0.37940952181816096 3.6825758218765263 5.5000000000000009 -0.98214942216873158 -0.98523971438407887 60.800001144409187 74.15000152587892 9.5000000000000018 111.87500000000001 -6.5004906654357901 11.500000000000002 18.952083587646488 22.750000000000004 33.149999618530281
decision_type=2 2 2 2 2 2 2 2 10 2 2 2 2 2
left_child=2 5 -1 4 -4 -2 11 -8 -9 -10 -11 -3 13 -12
right_child=1 6 3 -5 -6 -7 7 8 9 10 12 -13 -14 -15
leaf_value=0.0010704254550023278 0.0014227034885669729 -5.7572880721258994e-05 -0.00095687585655783089 0.00013590447088588975 -0.023912875372902473 -0.0051120528043401212 6.5380305853140063e-06 -0.00085640284649363119 0.00021066386136637697 -0.0013488314199631782 -0.0051926971831332477 -0.0065135418127160579 -0.010440912118233793 0.004384356492596676
leaf_weight=8011 3764 21154 426 10621 57 62 3259 1635 334 806 302 81 114 79
leaf_count=8011 3764 21154 426 10621 57 62 3259 1635 334 806 302 81 114 79
internal_value=9.61256e-05 -0.000169304 0.000534641 3.32915e-05 -0.00392495 0.00115485 -0.000352128 -0.00118596 -0.0023628 -0.00390577 -0.00495423 -9.53164e-05 -0.00846535 -0.0062532
internal_weight=50705 31590 19115 11104 483 3826 27764 6529 3270 1635 1301 21235 495 381
internal_count=50705 31590 19115 11104 483 3826 27764 6529 3270 1635 1301 21235 495 381
is_linear=0
shrinkage=0.05


Tree=260
num_leaves=15
num_cat=0
split_feature=17 26 36 36 44 5 13 0 13 36 45 44 28 36
split_gain=1.77713 2.45933 2.59956 2.57876 3.88776 5.19972 2.27627 4.28844 2.62568 2.20248 2.75101 2.69684 2.59672 2.37777
threshold=42.549999237060554 0.69622549414634716 32.250000000000007 21.550000190734867 -4.9992804527282706 107.00000000000001 98.875297546386733 166.00000000000003 52.455356597900398 18.849999427795414 -5.5425698757171622 9.7058014869689959 43.500000000000007 31.94999980926514
decision_type=2 2 2 2 2 2 2 2 2 2 2 2 2 2
left_child=9 3 -3 4 5 -2 8 -8 -6 10 11 -1 -12 -11
right_child=1 2 -4 -5 6 -7 7 -9 -10 13 12 -13 -14 -15
leaf_value=-0.00045111492666955139 -0.0086815773605685397 0.00023342947430012736 -0.0026738673577753479 -0.00010010678377950813 -0.0047454797676798558 0.00080061118074485182 -0.013091401497788766 -0.0005758289668815012 0.0026181598079548052 -0.00023084738096957192 0.0045815699234409311 -0.11830832601168575 0.0006951893956158165 0.00050668864665871945
leaf_weight=2303 152 2784 86 835 51 87 80 253 314 25551 1358 62 8140 8804
leaf_count=2303 152 2784 86 835 51 87 80 253 314 25551 1358 62 8140 8804
internal_value=9.53412e-05 -0.000836199 6.94446e-05 -0.00229517 -0.00408131 -0.00945783 -0.00213277 -0.00505831 0.0006 0.000189063 0.000776131 -0.000747368 0.00115587 -1.3822e-05
internal_weight=50860 4642 2870 1772 937 239 698 333 365 46218 11863 2365 9498 34355
internal_count=50860 4642 2870 1772 937 239 698 333 365 46218 11863 2365 9498 34355
is_linear=0
shrinkage=0.05


Tree=261
num_leaves=15
num_cat=0
split_feature=51 29 49 23 47 19 14 17 52 29 23 41 6 53
split_gain=1.62115 2.86353 3.83346 2.72352 2.47063 3.6744 2.35224 2.92095 2.41067 2.19344 2.14136 2.71137 3.12767 2.79782
threshold=-0.37940952181816096 8.1500000953674334 122.50000000000001 1.8650000095367434 4.2087121009826669 43.45000076293946 37.551939010620124 -92.84999847412108 -0.95244166254997242 5.7500000000000009 0.38499999046325689 7.5000000000000009 47.750000000000007 0.99681594967842113
decision_type=2 2 8 2 2 2 2 2 2 2 2 2 2 2
left_child=1 2 -1 -3 5 -2 8 -8 -7 -9 -4 13 -13 -12
right_child=4 3 10 -5 -6 6 7 9 -10 -11 11 12 -14 -15
leaf_value=0.0021963390080977471 0.0088415866835500397 0.0014136731871106905 -0.00080274088876692348 -0.010620355531236731 -0.00023462242365899274 -0.0016814488144255221 0.0040537627334584648 -0.0021113735259033601 0.0017437962720981645 0.0052098808451092318 0.0013473586652903713 0.0016143708930723066 -0.00073229387487649359 -0.0055088279339993084
leaf_weight=1864 718 5453 3798 74 26151 422 220 1164 2983 101 2856 1495 3380 67
leaf_count=1864 718 5453 3798 74 26151 422 220 1164 2983 101 2856 1495 3380 67
internal_value=0.000128655 0.000494026 0.000100223 0.00145115 -8.98673e-05 0.000861517 0.000367347 -0.00128763 0.00109078 -0.00221569 -0.000238669 0.000235656 -0.000486182 0.0014371
internal_weight=50746 18987 13460 5527 31759 5608 4890 1485 3405 1265 11596 7798 4875 2923
internal_count=50746 18987 13460 5527 31759 5608 4890 1485 3405 1265 11596 7798 4875 2923
is_linear=0
shrinkage=0.05


Tree=262
num_leaves=15
num_cat=0
split_feature=29 24 8 38 32 21 34 13 16 33 47 34 47 23
split_gain=1.88516 3.37705 4.9482 2.94551 2.46771 2.60632 2.26149 2.03785 2.50228 1.98744 3.91813 2.45322 2.3226 2.35311
threshold=4.5499999523162851 7.5000000000000009 89.500000000000014 9.5500001907348651 -3.9805170297622676 6.5000000000000009 0.35000000894069677 62.652976989746101 66.950000762939467 0.25000000745058065 5.6316666603088388 0.25000000745058065 2.9522727727890019 0.2650000005960465
decision_type=2 2 2 2 2 2 2 2 2 2 2 2 2 2
left_child=1 2 -1 -4 6 7 -3 -6 -9 11 -11 12 -5 -14
right_child=-2 4 3 9 5 -7 -8 8 -10 10 -12 -13 13 -15
leaf_value=0.0017949112682954607 0.00023910822638197504 0.00029301354886727851 0.00012253990106052211 -0.00046208965432439734 -0.0030055004127222391 -0.0005510070042890787 -0.0081120545221716519 0.0045221385419754508 -0.0058145170170262267 -0.017248920898378314 0.0011671212175075839 0.00062002469949189968 0.0033558097783038723 -0.0056445809067855535
leaf_weight=4016 35789 59 1908 310 170 7196 74 85 59 66 50 420 50 373
leaf_count=4016 35789 59 1908 310 170 7196 74 85 59 66 50 420 50 373
internal_value=0.000128864 -0.000344874 0.000432459 -0.00104016 -0.00107605 -0.000950798 -0.00758741 -0.00533951 -0.000844156 -0.00289679 -0.00888889 -0.0022227 -0.0039502 -0.0063164
internal_weight=50625 14836 7193 3177 7643 7510 133 314 144 1269 116 1153 733 423
internal_count=50625 14836 7193 3177 7643 7510 133 314 144 1269 116 1153 733 423
is_linear=0
shrinkage=0.05


Tree=263
num_leaves=15
num_cat=0
split_feature=27 6 13 18 33 26 8 16 14 12 26 27 6 41
split_gain=1.90103 2.48535 3.25581 2.57058 4.87228 3.03576 3.14977 2.73768 2.57585 2.42147 3.94163 4.12151 2.61458 2.31575
threshold=11.949999809265138 63.449998855590827 43.336309432983406 -22.150000572204586 12.150000095367433 0.79590076208114635 192.09999847412112 24.94999980926514 30.765353202819828 48.897222518920906 0.64116576313972484 29.94999980926514 46.750000000000007 99.500000000000014
decision_type=2 2 2 2 2 2 2 2 2 2 2 2 2 2
left_child=-1 2 9 4 5 -3 8 -6 -7 -2 -11 12 -12 -4
right_child=1 3 13 -5 7 6 -8 -9 -10 10 11 -13 -14 -15
leaf_value=0.00062280270439413231 -0.00018252182050042525 0.001866873765417593 0.00092563961835977074 -0.00065681860938255298 -0.00047918154605580292 -0.0015843217487947548 -0.0048460526773136357 -0.012235252404742535 0.0015577380979348663 -0.00010657773778059879 -0.012199417143162828 0.0039044749012039285 -0.0069582179654482657 -0.00077387729424919713
leaf_weight=5704 10346 3301 15591 10913 95 851 148 121 702 346 70 55 87 2236
leaf_count=5704 10346 3301 15591 10913 95 851 148 121 702 346 70 55 87 2236
internal_value=0.000150862 4.14514e-05 0.000320274 -0.000455052 0.000457154 0.000780128 -0.000932203 -0.00672566 -0.000246321 -0.000360088 -0.00353873 -0.00873874 -0.0126647 0.000736391
internal_weight=50566 44862 28731 16131 5218 5002 1701 216 1553 10904 558 212 157 17827
internal_count=50566 44862 28731 16131 5218 5002 1701 216 1553 10904 558 212 157 17827
is_linear=0
shrinkage=0.05


Tree=264
num_leaves=15
num_cat=0
split_feature=45 48 47 38 27 0 5 28 32 24 0 29 17 24
split_gain=2.0859 3.55066 3.38889 2.90146 1.9412 2.43402 3.1854 2.39501 2.3972 3.76943 2.89631 2.31397 2.96829 2.64164
threshold=4.9553415775299081 4.9500000476837167 8.2894444465637225 5.4500000476837167 12.550000190734865 27.050000190734867 44.049999237060554 85.500000000000014 -4.1959474086761466 1.0000000180025095e-35 168.35000610351565 13.550000190734865 -92.84999847412108 2.5000000000000004
decision_type=2 2 2 2 2 2 2 2 2 2 2 2 2 2
left_child=4 2 -2 -4 7 6 -6 -1 9 -9 -10 12 -7 -13
right_child=1 -3 3 -5 5 11 -8 8 10 -11 -12 13 -14 -15
leaf_value=0.0020129213117546308 0.0015596797308727887 0.0031902934628659633 -0.0054938515067184121 -0.00087916504025937212 4.5931891383746517e-05 0.0032986898717223068 0.0040226679940228022 -0.0080833055358311076 0.0022472432656909574 -0.00063370696400157132 -0.00028884680524309604 -0.0040732985741429471 -0.00032744744830597418 0.0020947748082049147
leaf_weight=2161 2222 1787 56 1788 3446 612 1542 74 1541 793 1694 85 31276 1599
leaf_count=2161 2222 1787 56 1788 3446 612 1542 74 1541 793 1694 85 31276 1599
internal_value=0.000147575 0.00103445 0.000215898 -0.00136462 3.15618e-05 -0.000101115 0.000928372 0.000847282 0.000136187 -0.00218358 0.000762712 -0.000254303 -0.000349865 0.00154664
internal_weight=50676 5853 4066 1844 44823 38560 4988 6263 4102 867 3235 33572 31888 1684
internal_count=50676 5853 4066 1844 44823 38560 4988 6263 4102 867 3235 33572 31888 1684
is_linear=0
shrinkage=0.05


Tree=265
num_leaves=15
num_cat=0
split_feature=29 32 0 29 56 12 19 49 15 57 0 44 44 6
split_gain=2.82452 2.32447 2.0073 1.93795 1.82792 5.2145 3.07712 2.40205 4.15755 4.24708 2.97652 3.09526 2.55234 2.46186
threshold=23.650000572204593 5.2282924652099618 11.250000000000002 12.949999809265138 55.549999237060554 125.7513885498047 51.049999237060554 -4.9731059074401847 77.40000152587892 35.583332061767585 48.149999618530281 6.5215797424316415 3.0393399000167851 21.050000190734867
decision_type=2 2 2 2 2 2 2 8 2 2 2 2 2 2
left_child=2 -2 -1 4 5 7 -6 8 9 10 11 -4 13 -10
right_child=1 -3 3 -5 6 -7 -8 -9 12 -11 -12 -13 -14 -15
leaf_value=0.002324421462921924 -0.00098897910176435396 -0.006502683168500889 -0.0015451404168374883 0.001149175462447779 0.0027004729039234766 -0.017496895393562868 0.00013143833588862881 4.361584901337544e-05 0.0071283578189584506 0.00021664997956562013 -0.0060482310161228793 -0.0069184411558371808 -1.3165000224187105e-05 -0.0059163851204877453
leaf_weight=427 120 62 1049 3353 2087 58 21543 15777 65 4756 126 67 343 756
leaf_count=427 120 62 1049 3353 2087 58 21543 15777 65 4756 126 67 343 756
internal_value=0.000115516 -0.0059375 0.000138545 0.000109022 2.54092e-05 -0.000291867 0.00033418 -0.000250773 -0.00100948 -0.000476032 -0.00306709 -0.00219361 -0.00373083 -0.00522864
internal_weight=50589 182 50407 49980 46627 22997 23630 22939 7162 5998 1242 1116 1164 821
internal_count=50589 182 50407 49980 46627 22997 23630 22939 7162 5998 1242 1116 1164 821
is_linear=0
shrinkage=0.05


Tree=266
num_leaves=15
num_cat=0
split_feature=25 10 19 36 16 24 36 48 12 14 27 40 16 16
split_gain=2.00892 2.1403 2.26428 2.04139 1.84749 3.37805 3.37283 3.05073 4.11678 3.44207 3.41466 4.31198 5.57438 3.30903
threshold=60.800001144409187 112.30833435058595 257.50000000000006 9.7500000000000018 64.40000152587892 1.0000000180025095e-35 14.650000095367433 -2.4500000476837154 67.301387786865249 41.656063079833991 20.150000572204593 991.25000000000011 80.000000000000014 117.90000152587892
decision_type=2 2 2 2 2 2 2 2 2 2 2 2 2 2
left_child=3 -2 -3 -1 -5 6 -6 9 -9 10 11 12 -7 -12
right_child=1 2 -4 4 5 7 -8 8 -10 -11 13 -13 -14 -15
leaf_value=0.0011098476783275564 0.0039250898822679363 -0.0053641979345493036 -0.001696596328797666 0.00012126677002518832 0.00057224904829119314 -0.0073178318766812973 -0.0080367330372733206 -0.012565443836311899 0.00035030429316014206 0.0010497018069179328 -0.00057204835059288135 -0.00022421549985488415 -0.00037937931010045909 -0.0038285546718709591
leaf_weight=3191 144 109 195 42290 58 122 57 58 2966 455 666 119 66 84
leaf_count=3191 144 109 195 42290 58 122 57 58 2966 455 666 119 66 84
internal_value=0.000108717 -0.00318777 -0.00550955 0.000138806 5.54836e-05 -0.000889294 -0.009 -0.00066432 0.000253791 -0.00249014 -0.00404405 -0.00840694 -0.0129293 -0.00217105
internal_weight=50580 448 304 50132 46941 4651 115 4536 3024 1512 1057 307 188 750
internal_count=50580 448 304 50132 46941 4651 115 4536 3024 1512 1057 307 188 750
is_linear=0
shrinkage=0.05


Tree=267
num_leaves=15
num_cat=0
split_feature=44 33 52 13 30 21 1 38 27 7 9 37 7 31
split_gain=1.80413 2.59533 2.88253 6.2193 3.59868 3.06568 2.40449 2.38311 2.75695 2.46568 6.67712 3.08985 2.74708 3.98796
threshold=4.3155126571655282 1.0000000180025095e-35 -0.98214942216873158 73.616966247558608 117.50000000000001 49.500000000000007 130.6499938964844 23.550000190734867 11.949999809265138 42.899999618530281 33.95000076293946 69.500000000000014 50.699998855590827 7.4876983165740976
decision_type=2 2 2 2 10 2 2 2 2 2 2 2 2 2
left_child=1 6 3 4 -3 -6 -1 8 -2 -10 11 12 -11 -14
right_child=7 2 -4 -5 5 -7 -8 -9 9 10 -12 -13 13 -15
leaf_value=0.00072370312034373565 0.00083677428950434344 0.0015464566720532703 -7.4883615505478855e-05 -0.0060260847827982994 -0.011052656143416571 -0.0017189715625996966 -0.00027340072231315306 0.0029378302916672687 -3.7319546902426768e-06 -0.0019348883483312569 -0.00082976481983318732 0.0020163383939174914 -0.0043697771921346164 -0.0098342747032585508
leaf_weight=19482 1640 329 15617 95 53 335 4457 669 3188 215 4363 94 242 74
leaf_count=19482 1640 329 15617 95 53 335 4457 669 3188 215 4363 94 242 74
internal_value=6.71413e-05 0.000218931 -0.000264919 -0.00315085 -0.00146492 -0.00467337 0.000550963 -0.000516913 -0.000714431 -0.00108967 -0.00178271 -0.0065748 -0.00803142 -0.0109509
internal_weight=50853 40368 16429 812 717 388 23939 10485 9816 8176 4988 625 531 316
internal_count=50853 40368 16429 812 717 388 23939 10485 9816 8176 4988 625 531 316
is_linear=0
shrinkage=0.05


Tree=268
num_leaves=15
num_cat=0
split_feature=45 42 46 23 52 12 18 49 17 52 21 55 2 8
split_gain=1.86795 2.8899 3.43679 3.1292 5.08585 2.47776 3.49708 2.13854 1.94977 1.78909 2.42604 2.13285 3.04914 3.2049
threshold=-0.34263144433498377 14.250000000000002 5.6499998569488534 0.50499999523162853 0.3744682669639588 44.306943893432624 -14.050000190734862 -67.499999999999986 -3.9500000476837154 0.73865729570388805 176.50000000000003 2.5000000000000004 83.000000000000014 66.500000000000014
decision_type=2 2 2 2 2 2 2 8 2 2 2 2 2 2
left_child=9 -2 3 4 -3 -4 -7 8 -5 -1 11 12 -11 -14
right_child=1 2 5 7 -6 6 -8 -9 -10 10 -12 -13 13 -15
leaf_value=8.096335387545737e-05 0.00053136795966366606 -0.0040231256986516875 0.0019302449918346298 -0.0066501697231629775 -0.00027674159266279536 -0.00072606674088687522 -0.018140619250103299 0.003835901239430848 0.0025822971433006048 0.00094848308200709401 -0.0038919367328720655 -0.0012956775670226492 -0.010834455697687305 0.0029388419372896515
leaf_weight=19639 22224 81 51 76 193 67 90 500 89 2660 739 4120 118 96
leaf_count=19639 22224 81 51 76 193 67 90 500 89 2660 739 4120 118 96
internal_value=0.000151026 0.000479235 -0.00195765 -0.000637513 -0.00503521 -0.00761468 -0.0105689 0.00122222 -0.00357143 -0.000129282 -0.000772956 -0.000482581 0.00056172 -0.00504464
internal_weight=50743 23371 1147 939 274 208 157 665 165 27372 7733 6994 2874 214
internal_count=50743 23371 1147 939 274 208 157 665 165 27372 7733 6994 2874 214
is_linear=0
shrinkage=0.05


Tree=269
num_leaves=15
num_cat=0
split_feature=17 18 34 34 2 30 31 32 4 32 19 26 52 26
split_gain=1.6676 3.13647 1.76859 2.16973 2.62006 2.58792 1.96139 2.01928 2.09954 2.64839 1.92483 1.89264 1.72677 1.54127
threshold=-92.84999847412108 -35.350000381469719 -7.3500001430511466 -4.1499998569488517 63.000000000000007 487.50000000000006 -10.087957859039305 14.587940692901613 18.44999980926514 0.72607526183128368 518.75000000000011 0.4064821749925614 0.022575936280190948 0.70045948028564464
decision_type=2 2 2 2 2 8 2 2 2 2 2 2 2 2
left_child=1 -1 -2 4 -4 12 7 8 9 -5 13 -7 -6 -8
right_child=2 -3 3 6 5 11 10 -9 -10 -11 -12 -13 -14 -15
leaf_value=-0.0050583686006961167 0.0047976030898377216 0.0034748359883223206 -0.00061588183982990601 -0.014710676943463868 0.004187687787058819 -0.0082116465672318895 0.00014530076445265177 -0.0026704422602019163 0.0022646063173425101 0.0053772116795132684 -0.007415582423026779 -0.013452269142987514 -0.0094263384540201143 -0.00031882095119920614
leaf_weight=73 275 771 1012 56 90 58 30819 61 2488 56 62 50 76 14655
leaf_count=73 275 771 1012 56 90 58 30819 61 2488 56 62 50 76 14655
internal_value=5.74964e-05 0.00224824 1.98925e-05 -2.72747e-06 -0.0020216 -0.00626761 5.15487e-05 0.0013684 0.00159004 -0.00483607 -2.56881e-05 -0.0119492 -0.00210227 -1.27516e-05
internal_weight=50602 844 49758 49483 1286 274 48197 2661 2600 112 45536 108 166 45474
internal_count=50602 844 49758 49483 1286 274 48197 2661 2600 112 45536 108 166 45474
is_linear=0
shrinkage=0.05


Tree=270
num_leaves=15
num_cat=0
split_feature=32 6 14 4 50 57 23 52 21 41 44 16 13 13
split_gain=1.53338 1.88569 2.12031 2.0413 1.84009 4.81816 3.12695 2.91124 2.52173 1.91196 2.45714 3.82356 4.22468 7.63454
threshold=-2.5623747110366817 47.45000076293946 22.230989456176761 15.84999990463257 -0.91597560048103321 27.483333587646488 0.36500000953674322 0.90892735123634349 199.50000000000003 1.5000000000000002 2.8684053421020512 29.050000190734867 81.656845092773452 78.412200927734389
decision_type=2 2 2 2 2 2 2 2 2 2 2 2 2 2
left_child=4 2 -2 -3 5 6 7 -1 -7 10 -6 -12 13 -13
right_child=1 3 -4 -5 9 8 -8 -9 -10 -11 11 12 -14 -15
leaf_value=-0.0043721193615971774 0.00049974493843818078 -0.008113030474865026 0.0037344850315339517 6.0962878263597058e-05 0.0013709432227836367 -0.00010030096681734481 -0.00056189381041015212 -0.016756712396695694 -0.0032484656856043292 -0.00049990392205276595 0.00092446733150994525 -0.0028865697797935005 -9.9809714434398596e-05 -0.0095678815455990194
leaf_weight=81 10678 107 1558 21065 4127 1453 105 97 51 7493 1629 745 1438 58
leaf_count=81 10678 107 1558 21065 4127 1453 105 97 51 7493 1629 745 1438 58
internal_value=0.000135615 0.000333353 0.000827209 4.76822e-05 -0.000246717 -0.00176127 -0.00762799 -0.0114894 -0.000614267 -7.09676e-05 0.000466467 -0.000438144 -0.00177477 -0.0046556
internal_weight=50685 33408 12236 21172 17277 1787 283 178 1504 15490 7997 3870 2241 803
internal_count=50685 33408 12236 21172 17277 1787 283 178 1504 15490 7997 3870 2241 803
is_linear=0
shrinkage=0.05


Tree=271
num_leaves=15
num_cat=0
split_feature=43 49 56 21 14 25 21 0 45 36 4 15 52 31
split_gain=1.5228 1.71541 2.80521 2.86671 2.62066 2.55018 3.01896 2.43907 3.33171 3.5134 3.30511 2.81675 2.23859 5.09634
threshold=12.500000000000002 32.500000000000007 152.05000305175784 210.50000000000003 10.396144390106203 35.049999237060554 8.5000000000000018 32.049999237060554 -4.46856665611267 22.44999980926514 15.84999990463257 35.350000381469734 -0.98523971438407887 0.3279553502798081
decision_type=8 8 2 2 2 2 2 2 2 2 2 2 2 2
left_child=-1 7 3 5 -5 -3 -7 8 9 -2 -9 -11 13 -10
right_child=1 2 -4 4 -6 6 -8 10 12 11 -12 -13 -14 -15
leaf_value=0.002461201663591369 0.0010486616541144729 0.00030018800161845955 0.0025989468222429469 -0.0074486627837241888 3.7109083131627579e-05 0.00023058794116267262 -0.0026507148310387536 -0.007470128817561577 -0.0046379224644905173 0.0040581956682467927 -0.00035434985651483378 -0.0046286281101026614 0.0019230798319566781 0.0018081052824038789
leaf_weight=737 476 23134 1128 81 90 673 677 120 133 122 18926 548 3717 178
leaf_count=737 476 23134 1128 81 90 673 677 120 133 122 18926 548 3717 178
internal_value=8.17736e-05 4.82876e-05 0.000332067 0.000219947 -0.00604972 0.000266188 -0.00183824 -0.000253817 0.000707948 -0.0016609 -0.000515323 -0.00397059 0.00138435 -0.0026324
internal_weight=50740 50003 25783 24655 171 24484 1350 24220 5174 1146 19046 670 4028 311
internal_count=50740 50003 25783 24655 171 24484 1350 24220 5174 1146 19046 670 4028 311
is_linear=0
shrinkage=0.05


Tree=272
num_leaves=15
num_cat=0
split_feature=49 23 43 50 47 23 50 43 27 46 20 6 14 23
split_gain=1.48123 3.0968 3.23081 2.95829 2.95649 2.79313 3.49495 3.7037 3.28545 3.06461 2.70834 2.66849 2.8337 2.65774
threshold=32.500000000000007 0.2950000017881394 47.500000000000007 0.37940952181816107 4.4563491344451913 0.51499998569488536 0.37940952181816107 767.50000000000011 40.250000000000007 8.6500000953674334 58.350000381469734 47.45000076293946 4.2646059989929208 0.27500000596046453
decision_type=8 2 10 2 2 2 2 10 2 2 2 2 2 2
left_child=1 2 10 -3 -5 6 13 8 9 -8 -1 -7 -13 -2
right_child=5 3 -4 4 -6 11 7 -9 -10 -11 -12 12 -14 -15
leaf_value=0.0046357805868794877 -0.0014571121755958859 -3.848828805319006e-05 -0.00054934741722288498 0.00034130663087731061 -0.0014641054993397298 0.0023582061703515283 0.0020449384354266076 -0.0022203922446965884 -0.004195849991775546 -0.0068714808536249686 0.0001706718253344263 -0.018597766619991709 0.00027948208178715724 -0.00013613626160938848
leaf_weight=1356 3087 12361 2002 2161 6093 3371 3698 278 59 52 1009 52 9495 5617
leaf_count=1356 3087 12361 2002 2161 6093 3371 3698 278 59 52 1009 52 9495 5617
internal_value=-2.35694e-05 -0.000297695 0.000910441 -0.000553939 -0.0012863 0.000242817 -0.000280837 0.000923847 0.00133412 0.00152926 0.00215789 0.000761139 0.000333264 -0.000846913
internal_weight=50691 24982 4367 20615 8254 25709 12791 4087 3809 3750 2365 12918 9547 8704
internal_count=50691 24982 4367 20615 8254 25709 12791 4087 3809 3750 2365 12918 9547 8704
is_linear=0
shrinkage=0.05


Tree=273
num_leaves=15
num_cat=0
split_feature=47 31 47 38 40 52 1 6 37 45 47 48 20 29
split_gain=1.60683 1.39274 3.21221 3.14724 2.83553 2.58676 2.54009 2.5853 2.82496 5.4212 2.73047 2.44397 3.40863 3.57617
threshold=1.55227267742157 3.9820796251297002 7.1436507701873788 24.250000000000004 974.35000610351574 -0.52032786607742298 34.399999618530281 36.850000381469734 79.500000000000014 2.8517501354217534 10.252272605895998 6.2500000000000009 20.750000000000004 8.8499999046325701
decision_type=2 2 2 2 2 2 2 2 2 2 2 2 2 2
left_child=-1 4 11 -4 6 -5 -2 8 10 -10 -8 -3 13 -13
right_child=1 2 3 5 -6 -7 7 -9 9 -11 -12 12 -14 -15
leaf_value=0.0044995003930922801 0.0051947631877957909 0.0021362614824347891 -5.445399397997129e-05 -0.0045824659254696939 -0.00015768929230628039 0.0028344011357269148 0.0009483904716008761 0.0014736706556684133 0.00033310532629771876 -0.0065036185182776865 -0.0042742161825781678 -0.0011963589014031154 0.0004292230614359175 -0.0087430701722496281
leaf_weight=404 661 4086 5475 128 34734 51 395 3021 78 57 80 168 1396 51
leaf_count=404 661 4086 5475 128 34734 51 395 3021 78 57 80 168 1396 51
internal_value=8.61307e-05 6.06261e-05 0.000547734 -0.00029661 -8.12069e-05 -0.00664021 0.00112971 0.000605603 -0.00233871 -0.00844828 -0.000463917 0.00138417 -0.000261538 -0.00591703
internal_weight=50785 50381 11355 5654 39026 179 4292 3631 610 135 475 5701 1615 219
internal_count=50785 50381 11355 5654 39026 179 4292 3631 610 135 475 5701 1615 219
is_linear=0
shrinkage=0.05


Tree=274
num_leaves=15
num_cat=0
split_feature=0 17 32 14 30 36 55 25 46 47 23 47 40 38
split_gain=1.44888 3.10676 1.84801 2.16736 1.65897 1.47061 2.59279 2.72834 2.65511 2.52896 2.15534 2.58062 2.13459 3.76829
threshold=17.650000572204593 -1.5500000119209287 0.3629188090562821 9.521306514739992 282.50000000000006 33.149999618530281 1.0000000180025095e-35 21.250000000000004 0.65000000596046459 3.9550504684448247 0.2650000005960465 3.5577381849288945 984.45001220703136 5.3500001430511483
decision_type=2 2 2 2 10 2 2 2 2 2 2 2 2 2
left_child=1 -1 3 4 -3 12 8 10 -7 -9 11 -8 13 -2
right_child=5 2 -4 -5 -6 6 7 9 -10 -11 -12 -13 -14 -15
leaf_value=0.003615567478593601 -0.006252387966364046 -0.0017473943666316929 0.0017341024801003592 0.0016529945670566782 -0.005519462923855546 -0.00055040320861742898 -0.0045415628803735604 -0.0017532438093339202 -0.007420579132274229 -0.00024333094251087671 0.0019473818206557443 -0.00044854337276879958 0.00020125232436657062 -0.00031003719431225827
leaf_weight=1255 184 70 70 55 50 903 52 105 58 369 4619 465 22519 19645
leaf_count=1255 184 70 70 55 50 903 52 105 58 369 4619 465 22519 19645
internal_value=9.70673e-05 0.00162252 -0.00343137 -0.00608108 -0.00961538 4.99706e-05 0.000745328 0.00115658 -0.00164264 -0.00243802 0.00149242 -0.00154649 -5.80762e-05 -0.000436262
internal_weight=50419 1500 245 175 120 48919 6571 5610 961 474 5136 517 42348 19829
internal_count=50419 1500 245 175 120 48919 6571 5610 961 474 5136 517 42348 19829
is_linear=0
shrinkage=0.05


Tree=275
num_leaves=15
num_cat=0
split_feature=35 57 18 6 21 2 11 32 11 23 43 53 3 25
split_gain=1.75262 2.53808 2.2137 2.97717 2.5358 2.99938 3.49494 4.469 2.37438 2.29939 2.69441 2.60966 3.87499 2.66404
threshold=8.5000000000000018 92.750000000000014 5.4500000476837167 28.550000190734867 66.500000000000014 71.799999237060561 57.995834350585945 2.1543675661087041 50.10625076293946 0.5249999761581422 252.50000000000003 0.92843842506408703 120.34999847412111 33.350000381469734
decision_type=2 2 2 2 2 2 2 2 2 2 8 2 2 2
left_child=1 -1 3 -2 -4 8 7 -7 -6 -8 11 12 -11 -14
right_child=2 -3 4 -5 5 6 9 -9 -10 10 -12 -13 13 -15
leaf_value=0.00011754699622623958 0.002033631311930283 0.0014333310625419607 -1.6433145350739823e-05 -2.492250450437218e-05 -0.0014331958692329711 -0.019854526762577245 0.00050548444611973051 -0.002354327704132915 0.00066145534316576959 -0.0031271173947399707 8.4517562814588558e-05 -0.00054899290439136604 -0.0076837519842703683 -0.0027390340159772855
leaf_weight=13181 2208 3598 7247 18541 2049 68 499 80 1766 455 388 248 121 65
leaf_count=13181 2208 3598 7247 18541 2049 68 499 80 1766 455 388 248 121 65
internal_value=6.76908e-05 0.000485139 -0.000140021 0.000180404 -0.000651739 -0.0014359 -0.00304033 -0.0101899 -0.000620915 -0.00239082 -0.00350816 -0.00501112 -0.00667435 -0.012602
internal_weight=50514 16779 33735 20749 12986 5739 1924 148 3815 1776 1277 889 641 186
internal_count=50514 16779 33735 20749 12986 5739 1924 148 3815 1776 1277 889 641 186
is_linear=0
shrinkage=0.05


Tree=276
num_leaves=15
num_cat=0
split_feature=8 31 47 16 30 14 52 37 41 16 37 57 52 9
split_gain=1.46134 1.35487 3.8421 4.0882 4.24921 2.7785 2.36751 5.4108 2.9408 2.36561 2.52372 2.84928 2.04076 2.42181
threshold=8.9000000953674334 4.9016101360321054 8.9369316101074237 48.350000381469734 377.50000000000006 8.0223884582519549 0.9837264120578767 55.500000000000007 1.5000000000000002 43.149999618530281 21.500000000000004 29.783332824707035 0.30983042716979986 33.149999618530281
decision_type=2 2 2 2 10 2 2 2 2 2 2 2 2 2
left_child=-1 -2 5 6 -5 9 12 8 -8 10 11 -3 -4 -14
right_child=1 2 3 4 -6 -7 7 -9 -10 -11 -12 -13 13 -15
leaf_value=0.0068376108554374987 -2.1823310909559797e-05 0.00037694190854681503 -0.0016641611901122315 -0.00089268220106259203 -0.0047197644518101834 0.0016058187680103673 -0.0071671217610506282 0.0017689458701282289 -0.0089824542624223954 -0.0038714339978577887 0.00061209188699124775 -0.0059482057220520508 -0.0020470927974258826 0.0036295432374549227
leaf_weight=199 41455 57 503 142 89 5637 92 145 60 55 835 50 559 817
leaf_count=199 41455 57 503 142 89 5637 92 145 60 55 835 50 559 817
internal_value=0.00010995 9.26624e-05 0.00064689 -0.00106123 -0.00724066 0.00126731 -0.000375114 -0.00444625 -0.0107407 -0.0011569 -0.000514706 -0.00739316 0.000288513 0.00128427
internal_weight=50695 50496 9041 2407 231 6634 2176 297 152 997 942 107 1879 1376
internal_count=50695 50496 9041 2407 231 6634 2176 297 152 997 942 107 1879 1376
is_linear=0
shrinkage=0.05


Tree=277
num_leaves=15
num_cat=0
split_feature=0 52 55 17 52 13 32 38 25 40 13 43 4 25
split_gain=1.74893 1.92197 3.3596 2.26761 4.02328 2.46092 2.28025 2.44882 2.27312 3.02272 4.01119 4.24618 3.90231 3.1369
threshold=11.250000000000002 0.73865729570388805 1.5000000000000002 59.95000076293946 0.82414472103118908 59.665477752685554 3.9638139009475712 5.9500000476837167 5.9500000476837167 980.54998779296886 28.995833396911625 22.500000000000004 25.750000000000004 10.34999990463257
decision_type=2 2 2 2 2 2 2 2 2 2 2 10 2 2
left_child=-1 -2 -3 6 -5 -6 8 -8 -4 10 -10 12 -12 -11
right_child=1 2 3 4 5 -7 7 -9 9 13 11 -13 -14 -15
leaf_value=0.0024332739548259042 0.00017749162653418285 0.00058988832349666674 0.0018813312617541437 0.0027116796172350871 -0.0029256969953021955 -0.0080961987074103028 -0.0031863055135746259 0.0021688634929580455 0.0025395943586319827 -0.002159140035428558 -0.0011218972879362521 -0.0033666986497765759 -0.01240693911150665 1.8728497774759685e-05
leaf_weight=406 39036 3243 490 66 52 59 108 955 224 2012 52 826 112 3190
leaf_count=406 39036 3243 490 66 52 59 108 955 224 2012 52 826 112 3190
internal_value=8.86098e-05 6.19611e-05 -0.000509255 -0.00105076 -0.00649733 -0.0119421 -0.000921795 0.00122554 -0.00125361 -0.00150482 -0.00374183 -0.0051 -0.0122414 -0.000976592
internal_weight=50831 50425 11389 8146 177 111 7969 1063 6906 6416 1214 990 164 5202
internal_count=50831 50425 11389 8146 177 111 7969 1063 6906 6416 1214 990 164 5202
is_linear=0
shrinkage=0.05


Tree=278
num_leaves=15
num_cat=0
split_feature=49 23 50 37 26 0 54 8 13 13 19 23 9 44
split_gain=1.56598 3.57429 3.40937 3.72977 3.63437 3.18988 4.32226 4.59285 3.7728 3.07616 3.13435 2.86239 2.54238 2.56271
threshold=32.500000000000007 0.20499999821186068 0.37940952181816107 66.500000000000014 0.69379320740699779 37.199998855590827 6.5000000000000009 43.45000076293946 115.22946548461915 28.373511314392093 41.649999618530281 0.58499997854232799 28.150000572204593 6.4737255573272714
decision_type=10 2 2 2 2 2 2 2 2 2 2 2 2 2
left_child=1 -1 3 4 -3 -6 7 -7 11 10 -4 -9 13 -2
right_child=12 2 9 -5 5 6 -8 8 -10 -11 -12 -13 -14 -15
leaf_value=0.0012085260628532375 -0.00048456935899530659 -0.00020685730150148338 0.00012169501551925646 0.00063826749948355974 0.00088226171235983796 -0.0076478303392867918 -0.0013115416216078419 0.0018319351955633464 -0.0066272487353815929 -0.00067161463539056445 -0.0068416578973917565 -0.0047012056421004136 0.00040882820122643457 -0.0054105919272205054
leaf_weight=2363 1158 5897 85 10014 373 95 538 156 51 11345 112 71 18105 174
leaf_count=2363 1158 5897 85 10014 373 95 538 156 51 11345 112 71 18105 174
internal_value=4.64932e-06 -0.000215365 -0.000369256 7.70127e-05 -0.000791962 -0.00319165 -0.00477199 -0.00883812 -0.00524306 -0.00103359 -0.00707729 -0.002173 0.00035661 -0.00174367
internal_weight=50537 31100 28737 17195 7181 1284 911 373 278 11542 197 227 19437 1332
internal_count=50537 31100 28737 17195 7181 1284 911 373 278 11542 197 227 19437 1332
is_linear=0
shrinkage=0.05


Tree=279
num_leaves=15
num_cat=0
split_feature=53 4 31 18 33 48 53 14 42 1 9 32 48 56
split_gain=1.36367 2.07198 2.58786 2.6945 2.46828 2.15609 1.75761 2.97811 4.56214 3.46469 2.86767 2.7677 4.9645 2.53161
threshold=-0.99465739727020253 73.450000762939467 -11.875301837921141 -3.7499999999999996 5.3500001430511483 -8.2499999999999982 0.029024410061538223 4.7949993610382089 7.6499998569488534 34.399999618530281 141.80000305175784 7.9646635055542001 -7.9500000476837149 48.049999237060554
decision_type=2 2 2 2 2 2 2 2 2 2 2 2 2 2
left_child=1 2 3 -1 -3 -4 10 8 -8 13 -2 -11 -13 -9
right_child=6 4 5 -5 -6 -7 7 9 -10 11 -12 12 -14 -15
leaf_value=0.0016199110113486884 -0.0001506090662570305 0.0015003988565957423 -0.0056882756520735918 -0.0099629708909962141 -0.011788320639105607 0.0043422694998133766 -0.0052754422775595933 0.00052385385309386163 0.0010675355628587447 0.00019910161162749445 -0.0059285115996641179 -0.0059719308315956876 -0.00049874909193627494 0.0050416952841128857
leaf_weight=101 24839 161 53 57 65 1189 201 1155 186 20900 115 66 330 1233
leaf_count=101 24839 161 53 57 65 1189 201 1155 186 20900 115 66 330 1233
internal_value=9.58333e-05 0.00151589 0.00223404 -0.00363095 -0.00283898 0.0030032 4.8435e-05 0.000353183 -0.00394207 0.000425002 -0.000245553 0.000222003 -0.00386699 0.00222686
internal_weight=50651 1626 1400 158 226 1242 49025 24071 387 23684 24954 21296 396 2388
internal_count=50651 1626 1400 158 226 1242 49025 24071 387 23684 24954 21296 396 2388
is_linear=0
shrinkage=0.05


Tree=280
num_leaves=15
num_cat=0
split_feature=2 56 5 53 10 19 4 55 53 30 1 12 53 53
split_gain=1.77209 2.19018 3.00369 2.42308 2.16384 3.18351 2.58671 2.09057 1.98641 2.29103 4.67929 2.73226 4.30895 2.65074
threshold=131.55000305175784 237.25000000000003 136.19999694824222 -0.84313312172889698 131.97499847412112 234.00000000000003 129.69999694824222 4.5000000000000009 0.9800505042076112 192.50000000000003 144.1499938964844 162.40277862548831 0.90803977847099315 0.97648853063583385
decision_type=2 2 2 2 2 2 2 2 2 8 2 2 2 2
left_child=-1 2 3 -2 5 7 -6 -4 9 13 -11 12 -12 -8
right_child=1 -3 4 -5 6 -7 8 -9 -10 10 11 -13 -14 -15
leaf_value=0.00016886556531526859 -0.012151846934508248 0.0023130800974162503 -0.0082119234211920963 0.00015245139557010657 0.0021094594760877067 0.0016677133899666381 -5.9639012014254862e-05 -0.0023766299688599661 -0.00027145413389389225 -0.00033556668406214702 -0.0088398662549252303 -0.0070987489254931398 -0.00061017829011962652 -0.010406521077222421
leaf_weight=44904 67 461 84 2757 302 66 462 50 945 212 90 68 135 51
leaf_count=44904 67 461 84 2757 302 66 462 50 945 212 90 68 135 51
internal_value=0.000113888 -0.000711805 -0.00100113 0.000112915 -0.00227273 -0.00714286 -0.00181319 -0.0113194 -0.00247592 -0.00399805 -0.00635922 -0.0103465 -0.00712766 -0.00159656
internal_weight=50654 5750 5289 2824 2465 200 2265 134 1963 1018 505 293 225 513
internal_count=50654 5750 5289 2824 2465 200 2265 134 1963 1018 505 293 225 513
is_linear=0
shrinkage=0.05


Tree=281
num_leaves=15
num_cat=0
split_feature=23 21 24 50 38 14 44 43 11 21 49 50 44 2
split_gain=2.07898 4.79731 4.19131 2.83183 2.72102 2.74565 2.45556 2.36937 2.98083 4.12152 2.55789 2.23014 3.99423 4.12914
threshold=0.95499998331069957 230.50000000000003 90.500000000000014 -0.37940952181816096 27.44999980926514 4.1033339500427255 -3.9396423101425166 102.50000000000001 67.64166641235353 165.50000000000003 -1042.4999999999998 -0.6035533845424651 -1.7454025745391843 173.94999694824222
decision_type=2 2 2 2 2 2 2 10 2 2 8 2 2 2
left_child=11 3 6 -2 5 -5 -3 8 -7 -10 -11 12 -1 -14
right_child=1 2 -4 4 -6 7 -8 -9 9 10 -12 -13 13 -15
leaf_value=0.00050437804190138567 0.0028664523113285144 -0.0052423494260477295 -0.0049549842493744238 -0.011160236220288772 -0.033263542792183208 0.0022087902087760554 0.0040519928218064206 0.0013649228669183689 -0.00093514617190555292 -0.002396565603410629 -0.012564954397801354 8.9617910073044017e-05 -0.00084826153757922452 -0.0037313342377611643
leaf_weight=4257 2627 73 71 59 53 404 90 2637 644 80 86 31257 7892 483
leaf_count=4257 2627 73 71 59 53 404 90 2637 644 80 86 31257 7892 483
internal_value=1.11391e-05 0.000822359 -0.00606557 0.00107576 0.000230305 0.000395408 -0.00135838 0.000571096 -0.00125 -0.0029878 -0.00977273 -0.00011515 -0.000675526 -0.00130888
internal_weight=50713 6824 234 6590 3963 3910 163 3851 1214 810 166 43889 12632 8375
internal_count=50713 6824 234 6590 3963 3910 163 3851 1214 810 166 43889 12632 8375
is_linear=0
shrinkage=0.05


Tree=282
num_leaves=15
num_cat=0
split_feature=27 14 26 23 40 31 6 5 21 53 55 11 13 43
split_gain=1.59545 3.16491 3.95172 4.49127 4.0604 3.65502 2.53153 2.75732 2.6974 2.30065 4.96504 4.79231 3.06552 3.44264
threshold=12.34999990463257 34.129678726196296 0.69510090351104747 0.79500001668930065 991.35000610351574 -1.081360340118408 64.40000152587892 87.90000152587892 197.50000000000003 -0.70900321006774891 1.0000000180025095e-35 25.031250000000004 50.578273773193366 727.50000000000011
decision_type=2 2 2 2 2 2 2 2 2 2 2 2 2 10
left_child=1 -1 3 4 -3 -6 7 8 9 10 11 -2 -13 -14
right_child=6 2 -4 -5 5 -7 -8 -9 -10 -11 -12 12 13 -15
leaf_value=0.0015969431576488735 -0.0097650153532000562 0.00018915744476804926 0.00010846505900157814 0.0033900284751559153 -0.0024911725584583319 -0.0078818948747509925 -0.00038221858744971342 0.0021668067288055301 -0.0011347875867759329 -6.2187142536729509e-05 0.0016434313855992603 0.00087018505631287634 -0.00056823838486285848 -0.0057996412564739882
leaf_weight=3191 102 58 2650 111 60 64 15383 2657 2268 16015 7049 598 269 125
leaf_count=3191 102 58 2650 111 60 64 15383 2657 2268 16015 7049 598 269 125
internal_value=0.00011065 0.000865886 -0.000316627 -0.00572607 -0.0103646 -0.0151493 6.29572e-06 0.000280652 0.000125965 0.00028095 0.000964676 -0.0021558 -0.00103792 -0.00440594
internal_weight=50600 6134 2943 293 182 124 44466 29083 26426 24158 8143 1094 992 394
internal_count=50600 6134 2943 293 182 124 44466 29083 26426 24158 8143 1094 992 394
is_linear=0
shrinkage=0.05


Tree=283
num_leaves=15
num_cat=0
split_feature=47 53 28 27 6 5 33 22 31 28 3 51 13 32
split_gain=1.40314 1.37895 1.80918 2.29087 1.89619 2.88557 2.56611 2.56153 2.29687 3.17155 2.88895 2.56254 3.55906 2.41958
threshold=1.55227267742157 0.99981042742729198 95.500000000000014 11.949999809265138 64.40000152587892 87.90000152587892 29.349999427795414 5130.5000000000009 -3.9579608440399165 70.500000000000014 97.000000000000014 -0.6035533845424651 138.44940185546878 -8.2195467948913556
decision_type=2 2 2 2 2 2 2 2 2 2 2 2 2 2
left_child=-1 2 3 -2 5 7 8 -5 -6 -10 13 -12 -13 -11
right_child=1 -3 -4 4 6 -7 -8 -9 9 10 11 12 -14 -15
leaf_value=0.0052371797669725946 0.0010744340800998883 0.0039588107420164094 -0.00068011914746081697 8.9375840521357814e-05 0.000409073346850212 0.0023883018219924461 -0.01159649375584542 -0.0029845453170041524 3.3759545125233839e-05 0.0040628400944427781 0.0016909421288862651 -0.0045196747111092206 0.00098240979758297368 -0.0024412164350711921
leaf_weight=394 3742 315 2521 25690 5044 2671 65 80 5384 120 897 745 582 2522
leaf_count=394 3742 315 2521 25690 5044 2671 65 80 5384 120 897 745 582 2522
internal_value=8.48728e-05 6.13243e-05 4.02414e-05 0.000109564 7.98923e-06 0.000249728 -0.000439521 8.72771e-05 -0.000394014 -0.000823587 -0.00174733 -0.000416293 -0.00180628 -0.00286199
internal_weight=50772 50378 50063 47542 43800 28441 15359 25770 15294 10250 4866 2224 1327 2642
internal_count=50772 50378 50063 47542 43800 28441 15359 25770 15294 10250 4866 2224 1327 2642
is_linear=0
shrinkage=0.05


Tree=284
num_leaves=15
num_cat=0
split_feature=28 34 31 12 34 47 52 11 40 8 14 9 55 47
split_gain=1.65034 2.21264 2.29926 2.49132 2.19469 1.89885 2.81043 2.68577 3.85626 5.66214 4.91205 3.43064 3.13064 3.01544
threshold=95.500000000000014 1.1500000357627871 -5.4207179546356192 33.670139312744148 -3.4500000476837154 6.7866070270538339 0.73865729570388805 90.752082824707045 989.95001220703136 46.350000381469734 30.427795410156254 60.649999618530281 4.5000000000000009 7.4041666984558114
decision_type=2 2 2 2 2 2 2 2 2 2 2 2 2 2
left_child=5 2 -2 -4 -5 6 -1 11 10 -10 13 -7 -11 -9
right_child=1 -3 3 4 -6 7 -8 8 9 12 -12 -13 -14 -15
leaf_value=0.00058235070331355326 0.0012862147966569693 0.0022975639402097172 -0.0069363396475430579 -0.0048331310755444848 -0.00078705972071095435 -0.00038585512224110016 -0.00070500505438457961 -0.004708577631579833 -0.022591480967022248 -0.0011254870836381089 0.0016645788914914869 0.0010518086164879902 -0.0045456128914848053 -0.00081031137552583024
leaf_weight=21429 426 310 76 98 1761 13317 4418 181 60 697 909 6226 239 547
leaf_count=21429 426 310 76 98 1761 13317 4418 181 60 697 909 6226 239 547
internal_value=0.000108867 -0.00109847 -0.00162168 -0.00235218 -0.00195559 0.000176233 0.000467378 -0.000163166 -0.0016591 -0.00409543 -0.000160898 3.91246e-05 -0.00303383 -0.00319783
internal_weight=50694 2671 2361 1935 1859 48023 25847 22176 2633 996 1637 19543 936 728
internal_count=50694 2671 2361 1935 1859 48023 25847 22176 2633 996 1637 19543 936 728
is_linear=0
shrinkage=0.05


Tree=285
num_leaves=15
num_cat=0
split_feature=28 44 13 13 56 56 32 55 12 18 44 22 44 12
split_gain=1.76219 1.81249 1.86308 2.38396 3.32083 2.12476 2.18488 2.39596 2.37119 2.05751 3.09406 2.17853 1.88428 2.80068
threshold=95.500000000000014 -10.037298202514647 175.33333587646487 140.86428833007815 123.15000152587892 89.049999237060561 -1.0567265152931211 5.5000000000000009 118.50416946411134 6.1499998569488534 4.3456325531005868 828.50000000000011 3.3003927469253544 162.40277862548831
decision_type=2 2 2 2 2 2 2 2 2 2 2 2 2 2
left_child=-1 -2 3 5 12 6 7 9 -8 -3 11 -11 13 -5
right_child=1 2 -4 4 -6 -7 8 -9 -10 10 -12 -13 -14 -15
leaf_value=0.00010825983773812755 -0.0067228468579993211 -0.0023650173149032329 0.0011637238468635077 0.00051707920445076387 -0.00050927502299244292 0.002116451935633572 0.0021488185605182081 0.0029528852477903279 -0.0042056478094734161 -0.0022365735878629644 0.0017615335510682837 -0.0051169489363608123 -0.0048732819184054005 -0.0027622182906173482
leaf_weight=48024 87 260 410 108 552 411 367 83 65 59 57 92 95 51
leaf_count=48024 87 260 410 108 552 411 367 83 65 59 57 92 95 51
internal_value=7.20469e-05 -0.00116919 -0.00091603 -0.00149321 -0.00363971 -0.000235043 -0.00149547 -0.00355615 0.00115385 -0.00493724 -0.00853211 -0.0120807 -0.00825758 -0.00446746
internal_weight=50721 2697 2610 2200 806 1394 983 551 432 468 208 151 254 159
internal_count=50721 2697 2610 2200 806 1394 983 551 432 468 208 151 254 159
is_linear=0
shrinkage=0.05


Tree=286
num_leaves=15
num_cat=0
split_feature=36 6 13 56 0 3 55 45 8 29 32 52 3 45
split_gain=1.63882 1.72318 4.4011 5.44235 1.59825 1.80766 2.78172 3.25394 2.53592 1.55056 2.22271 2.57735 4.01426 1.64225
threshold=9.7500000000000018 217.94999694824222 157.55149078369143 199.05000305175784 11.250000000000002 13.750000000000002 2.5000000000000004 -0.34263144433498377 36.250000000000007 12.949999809265138 9.1849889755249041 -0.78326541185379017 73.450000762939467 4.9553415775299081
decision_type=2 2 2 2 2 2 2 2 2 2 2 2 2 2
left_child=1 -1 3 -3 -2 6 -6 8 -8 10 13 12 -12 -7
right_child=4 2 -4 -5 5 9 7 -9 -10 -11 11 -13 -14 -15
leaf_value=0.0011992952268531118 0.0025035963312146294 -0.0065475498072785146 0.00096187459396947477 0.00032975645779089249 0.0014989517109492429 -0.00013669576474930497 -0.014927747226961148 0.002104762010369552 -0.0032216475231260444 0.00077561119048292668 -0.010269140629366584 -0.00058290734083055141 0.00026799982062941093 0.00062616185926980838
leaf_weight=2910 376 51 240 65 179 37901 79 59 87 3433 79 267 77 4885
leaf_count=2910 376 51 240 65 179 37901 79 59 87 3433 79 267 77 4885
internal_value=5.70044e-05 0.00113858 -0.00210382 -0.00968254 -1.77094e-05 -4.399e-05 -0.00333333 -0.00691489 -0.0103409 -1.47902e-05 -9.61381e-05 -0.00366051 -0.00855422 -6.00522e-05
internal_weight=50688 3266 356 116 47422 47046 404 225 166 46642 43209 423 156 42786
internal_count=50688 3266 356 116 47422 47046 404 225 166 46642 43209 423 156 42786
is_linear=0
shrinkage=0.05


Tree=287
num_leaves=15
num_cat=0
split_feature=51 38 4 29 49 27 30 21 33 47 20 22 20 24
split_gain=1.4728 2.58119 3.03525 2.46604 2.33156 2.1285 2.80878 2.25073 1.93311 4.05735 3.87775 3.67185 4.33105 3.16706
threshold=-0.12940952181816107 25.849999427795414 95.099998474121108 7.4500000476837167 337.50000000000006 28.250000000000004 25.02689361572266 113.50000000000001 1.0000000180025095e-35 10.823610782623293 50.049999237060554 1196.5000000000002 58.350000381469734 5.5000000000000009
decision_type=2 2 2 2 8 2 8 2 2 2 2 2 2 2
left_child=3 8 -3 4 -1 6 -6 -7 9 10 13 12 -12 -2
right_child=1 2 -4 -5 5 7 -8 -9 -10 -11 11 -13 -14 -15
leaf_value=0.00081449122757983386 0.0022206648333769671 0.001893354282866958 -0.0050238955839422336 0.0011139861367379194 0.00078976595349389853 0.0013399967899300593 -0.00085713893749575867 -0.0038843537698071522 -0.0007923878144706607 -0.002891756455678551 0.0014110770106120682 -0.00026629788372271998 -0.005822531195228374 0.00021653528610993393
leaf_weight=5352 3324 1857 66 8418 1523 1767 6026 144 8369 1299 199 4642 344 7233
leaf_count=5352 3324 1857 66 8418 1523 1767 6026 144 8369 1299 199 4642 344 7233
internal_value=0.000150575 -9.81968e-05 0.00166322 0.000443202 5.46487e-05 -0.000417106 -0.000794417 0.00106976 -0.000232101 7.36029e-05 0.000295836 -0.000822906 -0.0046745 0.000845557
internal_weight=50563 27333 1923 23230 14812 9460 7549 1911 25410 17041 15742 5185 543 10557
internal_count=50563 27333 1923 23230 14812 9460 7549 1911 25410 17041 15742 5185 543 10557
is_linear=0
shrinkage=0.05


Tree=288
num_leaves=15
num_cat=0
split_feature=25 10 34 24 40 14 10 25 25 23 15 13 38 17
split_gain=2.44471 2.78219 2.32243 2.66291 2.89203 2.31342 3.39084 2.13463 4.17799 6.43497 5.59957 3.74925 2.97513 2.52646
threshold=63.399999618530281 120.20833206176759 2.7500000000000004 3.5000000000000004 989.64999389648449 10.727550506591799 126.77499771118165 13.550000190734865 10.750000000000002 0.59499999880790722 74.15000152587892 36.982143402099616 13.34999990463257 -2.9500000476837154
decision_type=2 2 2 2 2 2 2 2 2 2 2 2 2 2
left_child=2 -2 -1 -4 7 -6 -7 8 12 11 13 -10 -5 -11
right_child=1 -3 3 4 5 6 -8 -9 9 10 -12 -13 -14 -15
leaf_value=0.00017813997068555728 0.0030431711796344608 -0.0028384832665485395 0.0021425238070793295 -0.0031936899118080314 -0.0178312849285211 0.0017692221581217396 -0.009570694516544815 0.00052504294096701327 -0.0073138726301200472 0.0060628535023427438 -0.012701638738117284 0.0014830080887852327 0.0025666247172985816 -0.0053031465071653999
leaf_weight=47164 143 247 669 288 61 123 66 855 58 53 100 221 488 77
leaf_count=47164 143 247 669 288 61 123 66 855 58 53 100 221 488 77
internal_value=0.000143512 -0.00375 0.000174487 -0.00115836 -0.0019375 -0.00692308 -0.00379397 -0.00132558 -0.00260618 -0.006079 -0.0120833 -0.000882353 -0.000279898 -0.00464286
internal_weight=50613 390 50223 3059 2390 250 189 2140 1285 509 230 279 776 130
internal_count=50613 390 50223 3059 2390 250 189 2140 1285 509 230 279 776 130
is_linear=0
shrinkage=0.05


Tree=289
num_leaves=15
num_cat=0
split_feature=34 23 43 17 33 31 46 48 41 43 44 36 16 50
split_gain=1.31865 1.31275 2.95048 2.58949 3.7511 2.24029 2.17049 2.26582 2.13883 3.18476 2.76177 2.30563 2.45653 2.16407
threshold=6.7500000000000009 0.84499999880790722 87.500000000000014 -36.149999618530266 0.25000000745058065 -5.7819004058837882 0.15000000223517421 -5.0499999523162833 38.500000000000007 327.50000000000006 -9.1783547401428205 27.550000190734867 41.149999618530281 0.37940952181816107
decision_type=2 2 8 2 2 2 2 2 2 10 2 2 2 2
left_child=1 -1 3 4 -3 -5 7 -4 -8 13 11 -11 -13 -10
right_child=-2 2 6 5 -6 -7 8 -9 9 10 -12 12 -14 -15
leaf_value=-2.803642986296517e-05 -0.0059013797245222972 -0.0027105691041803565 -0.00045176188994768842 0.0046841177714720215 -0.0065144698041841188 -0.00077366540485404784 0.0018494765618119774 0.0027236875199042254 0.0031808752405344137 -0.0033130464596874327 -0.00064045208535312432 -0.0048899198415708793 -0.013239070520204116 -0.0011761259646051318
leaf_weight=40815 57 199 858 388 72 1534 1352 3161 457 232 790 164 67 530
leaf_count=40815 57 199 858 388 72 1534 1352 3161 457 232 790 164 67 530
internal_value=6.96447e-05 7.89075e-05 0.000598125 -0.00101453 -0.00549822 -0.000357143 0.00106351 0.00186026 0.000169351 -0.000777778 -0.0024426 -0.00546512 -0.00890041 0.00133902
internal_weight=50676 50619 9804 2193 271 1922 7611 4019 3592 2240 1253 463 231 987
internal_count=50676 50619 9804 2193 271 1922 7611 4019 3592 2240 1253 463 231 987
is_linear=0
shrinkage=0.05


Tree=290
num_leaves=15
num_cat=0
split_feature=0 56 53 32 6 56 36 53 16 40 52 6 23 52
split_gain=1.53233 2.51936 2.68171 4.96574 1.95227 1.83035 1.78322 1.77407 2.40256 1.87754 2.70035 2.52758 2.1933 2.90823
threshold=22.650000572204593 14.050000190734865 -0.96687281131744374 1.4615737795829775 32.45000076293946 27.750000000000004 28.44999980926514 -0.98212954401969899 63.699998855590827 984.64999389648449 0.99983760714530956 59.350000381469734 0.57499998807907116 -0.99763298034667958
decision_type=2 2 2 2 2 2 2 2 2 2 2 2 2 2
left_child=1 -1 3 -3 -4 6 -6 8 -2 12 11 -11 13 -9
right_child=7 2 4 -5 5 -7 -8 9 -10 10 -12 -13 -14 -15
leaf_value=-0.003154923868369454 0.0018517521578959408 -0.011815704079162472 0.0034008694468513284 0.0072448952638150682 -0.0078332710253888656 0.00055801988538177201 0.0014837114481457787 0.0021876538993709812 -0.0063438120731265264 0.0011325783725659748 -0.0047065671542071462 -6.5119701192303525e-06 7.6774261419294029e-05 -0.00089821587580850423
leaf_weight=189 2671 76 2185 71 99 606 78 697 113 6947 97 14939 11832 10010
leaf_count=189 2671 76 2185 71 99 606 78 697 113 6947 97 14939 11832 10010
internal_value=0.000128408 0.00116777 0.001512 -0.00487261 0.00184352 -0.000296343 -0.00462567 5.55839e-05 0.00127774 -2.11082e-05 0.000307598 0.000346182 -0.0003417 -0.000859849
internal_weight=50610 3304 3115 147 2968 783 177 47306 2784 44522 21983 21886 22539 10707
internal_count=50610 3304 3115 147 2968 783 177 47306 2784 44522 21983 21886 22539 10707
is_linear=0
shrinkage=0.05


Tree=291
num_leaves=15
num_cat=0
split_feature=17 21 26 24 25 33 38 47 53 17 9 49 26 15
split_gain=1.62667 1.93978 3.16481 2.63741 1.93455 3.06385 3.12362 2.98448 5.14947 2.88809 2.81456 2.80413 3.47848 3.56527
threshold=-62.450000762939446 159.50000000000003 0.77232274413108837 5.5000000000000009 15.84999990463257 1.0000000180025095e-35 25.150000572204593 8.9369316101074237 0.92843842506408703 -47.450000762939446 58.149999618530281 112.50000000000001 0.55831882357597362 155.30000305175784
decision_type=2 2 2 2 2 2 2 2 2 2 2 10 2 2
left_child=1 2 -1 -4 10 7 9 -6 11 -7 -2 12 -9 -14
right_child=4 -3 3 -5 5 6 -8 8 -10 -11 -12 -13 13 -15
leaf_value=0.0023702895080471497 -6.6058875240770454e-05 0.0024374860766783642 -0.00013022686724971765 -0.004313679585082897 0.00011492038407754664 -0.0060370417846052887 0.00084861153274859891 0.004498488512774664 -0.0080470245187024888 -0.0014138782501053422 0.00085403949803571988 0.0025429522826613451 -0.0043797887148533284 0.003461698576245246
leaf_weight=404 18732 1268 209 145 14100 76 812 146 89 3355 10057 442 685 131
leaf_count=404 18732 1268 209 145 14100 76 812 146 89 3355 10057 442 685 131
internal_value=7.90551e-05 0.00146365 -0.000533854 -0.00392857 2.10755e-05 -0.000358762 -0.00154832 -3.42881e-05 -0.00215236 -0.00220721 0.000282823 -0.00136492 -0.00287037 -0.00414044
internal_weight=50651 2026 758 354 48625 19836 4243 15593 1493 3431 28789 1404 962 816
internal_count=50651 2026 758 354 48625 19836 4243 15593 1493 3431 28789 1404 962 816
is_linear=0
shrinkage=0.05


Tree=292
num_leaves=15
num_cat=0
split_feature=38 53 0 13 13 32 30 11 11 16 50 40 10 25
split_gain=1.55792 3.63784 1.40227 1.79578 2.67964 3.13709 2.98922 3.69559 3.16104 3.58652 4.70983 4.1426 3.5525 2.57136
threshold=27.550000190734867 -0.86974579095840443 11.250000000000002 38.700893402099616 36.767263412475593 2.5095602273941044 52.500000000000007 37.574998855590827 50.10625076293946 19.44999980926514 -0.6035533845424651 980.85000610351574 37.324998855590827 6.7500000000000009
decision_type=2 2 2 2 2 2 10 2 2 2 2 2 2 2
left_child=2 -2 -1 4 5 13 -6 -8 9 -9 -11 12 -12 -4
right_child=1 -3 3 -5 6 -7 7 8 -10 10 11 -13 -14 -15
leaf_value=0.00197954058568181 0.0011787835891201792 -0.017982431579383153 0.0014699100309886479 0.00013225118848764745 0.00074263251650692177 0.0024558989003000934 -0.00041387246794392999 -0.00025013158254776378 0.00074491991653474168 -0.0040251183461360316 -0.0080891652132441313 -0.0016996203263600963 -0.0097372984996288992 -0.0012851523244447223
leaf_weight=422 101 52 713 42789 465 1326 481 115 135 156 69 65 111 3876
leaf_count=422 101 52 713 42789 465 1326 481 115 135 156 69 65 111 3876
internal_value=6.4458e-05 -0.00481595 8.01255e-05 5.57534e-05 -0.00065674 -0.000164557 -0.00246733 -0.00384413 -0.0062708 -0.00802281 -0.0102068 -0.0144118 -0.0181579 -0.000783866
internal_weight=50876 153 50723 50301 7512 5915 1597 1132 651 516 401 245 180 4589
internal_count=50876 153 50723 50301 7512 5915 1597 1132 651 516 401 245 180 4589
is_linear=0
shrinkage=0.05


Tree=293
num_leaves=15
num_cat=0
split_feature=0 47 21 49 57 14 15 38 18 37 29 23 47 5
split_gain=1.46442 2.43316 2.02164 1.83313 2.35266 3.91292 3.54361 5.25159 3.79229 2.97356 4.11409 2.78748 2.99133 2.64473
threshold=33.149999618530281 4.9041666984558114 110.50000000000001 27.500000000000004 71.716663360595717 16.410719871521 105.34999847412111 24.750000000000004 -3.0499999523162837 53.500000000000007 4.9500000476837167 0.42499999701976782 9.7154760360717791 86.950000762939467
decision_type=2 2 2 8 2 2 2 2 2 2 2 2 2 2
left_child=1 2 -1 4 5 11 7 8 13 10 -8 12 -2 -7
right_child=3 -3 -4 -5 -6 6 9 -9 -10 -11 -12 -13 -14 -15
leaf_value=-2.1561964498370038e-05 0.0025381683746553453 0.00022587928749587694 0.0065459117113103428 0.00022415445096528506 8.7137700566008785e-05 -0.0062211704642464701 -0.0080919088485469325 0.002347045834283116 -0.0027232069638872393 0.0010264311753066431 0.0007988005476909088 -0.00069576388385936196 -0.015597962818477196 0.00024037259844810209
leaf_weight=434 1158 8345 844 22014 10765 290 104 273 857 760 174 4459 76 53
leaf_count=434 1158 8345 844 22014 10765 290 104 273 857 760 174 4459 76 53
internal_value=0.000131974 0.000686702 0.00270963 1.58582e-06 -0.000358554 -0.000995861 -0.00263586 -0.00420432 -0.00561983 -0.000391221 -0.00472222 -0.000269156 0.00182476 -0.0100142
internal_weight=50606 9623 1278 40983 18969 8204 2511 1473 1200 1038 278 5693 1234 343
internal_count=50606 9623 1278 40983 18969 8204 2511 1473 1200 1038 278 5693 1234 343
is_linear=0
shrinkage=0.05


Tree=294
num_leaves=15
num_cat=0
split_feature=45 32 52 43 48 44 23 36 52 15 19 25 18 7
split_gain=1.66112 2.51426 3.6646 4.28696 3.14937 2.77285 4.3041 5.41947 2.83651 6.67146 2.76947 4.09523 3.25698 2.40943
threshold=-0.54444456100463856 0.79330053925514232 -0.30163703858852381 1797.5000000000002 4.9500000476837167 -10.662211418151854 0.72500002384185802 26.250000000000004 -0.33425341546535486 147.85000610351565 57.549999237060554 6.9500000476837167 -6.0499999523162833 24.550000190734867
decision_type=2 2 2 8 2 2 2 2 2 2 2 2 2 2
left_child=-1 -2 3 5 10 6 7 -3 13 -10 -4 12 -12 -7
right_child=1 2 4 -5 -6 8 -8 -9 9 -11 11 -13 -14 -15
leaf_value=-0.00013420731655184887 0.00059083118988554229 0.0010332308987825584 0.0044155943088676113 -0.0060106418238573892 0.0027466237707647612 0.0027587066295826613 -0.00013541154615432871 -0.0082716848503963554 0.0040202662593579854 -0.012479130272922951 0.00012221816395464359 -0.00012406796373629598 -0.013080261476820041 -0.00047782439212615697
leaf_weight=26257 12753 54 770 83 1557 376 205 106 84 56 62 3454 63 4913
leaf_count=26257 12753 54 770 83 1557 376 205 106 84 56 62 3454 63 4913
internal_value=0.000100683 0.000396399 -0.000130162 -0.00101325 0.000748817 -0.000840799 -0.005 -0.0108824 -0.000552491 -0.00733333 5.62057e-05 -0.000530788 -0.00907407 -0.000359502
internal_weight=50793 24536 11783 5877 5906 5794 365 160 5429 140 4349 3579 125 5289
internal_count=50793 24536 11783 5877 5906 5794 365 160 5429 140 4349 3579 125 5289
is_linear=0
shrinkage=0.05


Tree=295
num_leaves=15
num_cat=0
split_feature=36 24 25 45 26 55 52 52 34 41 56 25 33 22
split_gain=1.69114 2.34481 2.27237 2.54307 2.20217 3.13338 3.02129 3.01872 4.45037 3.9965 2.90494 2.44556 2.51894 3.33983
threshold=19.150000572204593 3.5000000000000004 58.549999237060554 -1.2880276441574094 0.6831452250480653 4.5000000000000009 -0.98803845047950734 -0.98214942216873158 -2.2499999999999996 8.5000000000000018 87.65000152587892 16.94999980926514 0.65000000596046459 1757.5000000000002
decision_type=2 2 2 2 2 2 2 2 2 2 2 2 2 2
left_child=1 2 -1 -4 6 -6 -2 8 -8 -10 11 -7 -13 -14
right_child=4 -3 3 -5 5 10 7 -9 9 -11 -12 12 13 -15
leaf_value=0.0011398932894817488 0.0022146212060822229 -6.8903136861357507e-05 0.0030782135044234507 -0.0043163952186110327 -7.3063024930496173e-05 -0.00139887788617548 -0.0069919902813068901 8.7193928755634767e-05 0.0022835893341805252 -0.023253617736322368 0.0027377001924510196 -0.0020068734639262292 -0.0082514653809806701 -0.0015945207276150883
leaf_weight=7408 1425 7742 70 93 10207 2594 55 19361 168 63 445 936 99 86
leaf_count=7408 1425 7742 70 93 10207 2594 55 19361 168 63 445 936 99 86
internal_value=7.11164e-05 0.000510018 0.00113507 -0.00453757 -0.000118621 -0.000595743 0.000206812 4.50223e-05 -0.00496622 -0.001639 -0.0017506 -0.00220805 -0.00415119 -0.00935897
internal_weight=50752 15313 7571 163 35439 14367 21072 19647 286 231 4160 3715 1121 185
internal_count=50752 15313 7571 163 35439 14367 21072 19647 286 231 4160 3715 1121 185
is_linear=0
shrinkage=0.05


Tree=296
num_leaves=15
num_cat=0
split_feature=18 7 38 44 57 32 7 7 19 37 19 38 30 50
split_gain=1.61245 2.31324 2.45462 2.84858 2.72167 2.96097 4.62454 2.66758 2.53104 2.13169 3.16287 3.20243 3.30353 2.13199
threshold=5.4500000476837167 44.45000076293946 25.44999980926514 -11.879296302795408 94.383335113525405 -6.5031819343566886 77.40000152587892 156.25000000000003 90.000000000000014 85.500000000000014 36.500000000000007 24.44999980926514 337.50000000000006 0.12940952181816109
decision_type=2 2 2 2 2 2 2 2 2 2 2 2 10 2
left_child=1 -1 4 -4 9 6 8 -7 -6 -3 11 12 -11 -12
right_child=-2 2 3 -5 5 7 -8 -9 -10 10 13 -13 -14 -15
leaf_value=0.00073588281780320557 -0.00023812340605943623 -0.00022416911336744423 -0.0094104978650784883 0.0022249199205019235 -0.00116155211185552 0.0015756755923396551 3.599904207715449e-05 -0.00026621065609876707 -0.0088290590419437837 -0.0051724325807337166 0.0030907318718898171 0.00042715186334720445 -0.014246531967602481 -0.0019579725056498199
leaf_weight=10877 19449 10606 125 1827 63 3676 371 1776 72 65 230 72 75 1255
leaf_count=10877 19449 10606 125 1827 63 3676 371 1776 72 65 230 72 75 1255
internal_value=7.40867e-05 0.000297428 -1.90375e-05 0.00166157 -0.000199496 0.000676944 -0.00294574 0.00101794 -0.0105172 -0.000624137 -0.00226421 -0.00783784 -0.012 -0.0014214
internal_weight=50539 31090 20213 1952 18261 5958 506 5452 135 12303 1697 212 140 1485
internal_count=50539 31090 20213 1952 18261 5958 506 5452 135 12303 1697 212 140 1485
is_linear=0
shrinkage=0.05


Tree=297
num_leaves=15
num_cat=0
split_feature=56 45 41 52 46 32 9 10 15 46 32 20 55 50
split_gain=1.36353 1.40187 2.78515 3.53549 3.34462 3.08544 3.39405 3.23117 3.74735 2.81879 2.44835 2.22494 2.09439 1.52444
threshold=237.25000000000003 5.3623089790344247 15.500000000000002 -0.52032786607742298 1.8499999642372134 0.46590827405452734 53.750000000000007 50.125000000000007 80.90000152587892 4.7500000000000009 8.2791004180908221 14.449999809265138 4.5000000000000009 0.60355338454246532
decision_type=2 2 2 2 2 2 2 2 2 2 2 2 2 2
left_child=1 -1 10 4 5 -4 7 -7 -9 13 -3 -12 -11 -5
right_child=-2 2 3 9 -6 6 -8 8 -10 12 11 -13 -14 -15
leaf_value=-2.9513468013214958e-05 0.0019248805249392491 0.0022827865327216782 0.00058735651351548126 0.0033729141378982877 0.0017697882436248438 -0.0036984434716478875 -0.00082361939175248911 -0.0070691001041598553 -0.0036857682838769695 -0.0019203463108553968 -0.0057053553440358116 0.0012330054999606808 -0.0086566450207706987 -0.0012471763765706833
leaf_weight=45091 594 2438 135 1056 221 112 149 50 51 206 100 94 66 310
leaf_count=45091 594 2438 135 1056 221 112 149 50 51 206 100 94 66 310
internal_value=7.23124e-05 4.38222e-05 0.000838336 -0.000409974 -0.00331044 -0.00555227 -0.00790323 -0.0118161 -0.017973 0.000873787 0.00195307 -0.00333333 -0.00368794 0.00180233
internal_weight=50673 50079 4988 2356 718 497 362 213 101 1638 2632 194 272 1366
internal_count=50673 50079 4988 2356 718 497 362 213 101 1638 2632 194 272 1366
is_linear=0
shrinkage=0.05


Tree=298
num_leaves=15
num_cat=0
split_feature=38 11 33 25 28 43 15 7 13 15 53 23 27 17
split_gain=1.36108 1.64696 1.52101 3.61109 3.73058 2.56599 2.33223 3.39884 3.13009 3.08026 4.0499 2.8872 2.56734 2.63193
threshold=26.050000190734867 87.687500000000014 1.0000000180025095e-35 16.349999427795414 93.500000000000014 3577.5000000000005 155.30000305175784 88.599998474121108 48.11101150512696 171.1499938964844 0.74298545718193065 1.0950000286102297 19.44999980926514 -43.749999999999993
decision_type=2 2 2 2 2 8 2 2 2 2 2 2 2 2
left_child=2 -2 -1 -4 5 6 7 8 -5 10 -8 -11 -10 -14
right_child=1 -3 3 4 -6 -7 9 -9 12 11 -12 -13 13 -15
leaf_value=0.00014326985286180162 0.0013318213967773993 -0.0024301626440499089 1.5069185034831106e-05 0.00037664895021115595 0.0037312160516362112 -0.0053188510073800153 -0.00072266110824835449 0.0031414805657209808 0.0050349112463539568 6.6570315520577636e-05 -0.010157824520172073 -0.0032797778315414453 -0.0069711275223385315 -0.0023315970996605514
leaf_weight=31574 2717 60 12510 778 223 89 57 494 116 246 60 73 67 1351
leaf_count=31574 2717 60 12510 778 223 89 57 494 116 246 60 73 67 1351
internal_value=8.67627e-05 0.00116075 2.39256e-05 -0.000372029 -0.00177609 -0.00219844 -0.00194957 -0.0014098 -0.00221361 -0.0053139 -0.0119291 -0.00259878 -0.00351684 -0.00410364
internal_weight=50415 2777 47638 16064 3554 3331 3242 2806 2312 436 117 319 1534 1418
internal_count=50415 2777 47638 16064 3554 3331 3242 2806 2312 436 117 319 1534 1418
is_linear=0
shrinkage=0.05


Tree=299
num_leaves=15
num_cat=0
split_feature=29 13 12 31 37 53 37 6 36 11 0 42 28 31
split_gain=1.90432 1.61433 2.48531 5.05995 5.54021 3.76222 3.37093 2.43098 2.34337 2.06461 2.58385 1.77059 2.94518 4.81738
threshold=1.0500000119209292 41.776487350463874 36.706945419311531 3.0978757143020634 39.500000000000007 0.42763730883598333 83.500000000000014 45.350000381469734 38.549999237060554 42.493749618530281 28.849999427795414 4.1499998569488534 61.500000000000007 -1.6322385668754575
decision_type=2 2 2 2 2 2 2 2 2 2 2 2 2 2
left_child=-1 2 -2 11 8 6 -6 -3 9 10 -5 12 13 -4
right_child=1 7 3 4 5 -7 -8 -9 -10 -11 -12 -13 -14 -15
leaf_value=-0.0014113666683095662 5.8112292355197799e-05 0.00087690916775329762 -0.0090501668933042883 -0.0050351036852529125 0.0006650177450016493 -0.0046992653428099803 -0.0036391136776164701 8.5270221733436071e-06 -0.00076521816036922443 -0.004269821899396938 -0.0092890520192026732 0.00013288094510338419 -9.8855118830203748e-05 0.0031960640783107231
leaf_weight=1210 6575 10505 110 61 455 50 82 28562 51 59 57 2253 356 72
leaf_count=1210 6575 10505 110 61 455 50 82 28562 51 59 57 2253 356 72
internal_value=6.61807e-05 0.000114499 -0.000445982 -0.00149889 -0.00493939 -0.00228643 -0.000941499 0.000260639 -0.0113866 -0.013984 -0.0176562 -0.000480185 -0.0030292 -0.00802083
internal_weight=50458 49248 10181 3606 815 587 537 39067 228 177 118 2791 538 182
internal_count=50458 49248 10181 3606 815 587 537 39067 228 177 118 2791 538 182
is_linear=0
shrinkage=0.05


Tree=300
num_leaves=15
num_cat=0
split_feature=45 33 29 32 48 3 23 32 53 0 29 22 53 23
split_gain=1.41748 2.77855 1.51244 2.10132 2.45725 3.61922 2.01163 1.9106 2.83648 3.79756 2.94643 2.53056 2.45775 2.40942
threshold=4.9553415775299081 5.4500000476837167 13.550000190734865 8.4053010940551776 -4.9500000476837149 33.149999618530281 0.55500000715255748 -2.5239741802215572 -0.074115883558988557 161.85000610351565 6.7500000000000009 2677.5000000000005 -0.15950992703437802 1.235000014305115
decision_type=2 2 2 2 2 2 2 2 2 2 2 2 2 2
left_child=2 -2 3 7 5 -5 -7 -1 10 -10 12 13 -9 -11
right_child=1 -3 -4 4 -6 6 -8 8 9 11 -12 -13 -14 -15
leaf_value=-0.0003451378748198249 0.0011846567961497489 -0.0016106835468583155 0.001406546396514221 0.0029725535762191546 -0.00035953809997894408 -0.005725447417196515 -0.0072456094014151547 -0.00037763385163162085 0.0011619965823476276 -0.0034259694083231167 0.00072887222688632416 -0.00014653094025690589 -0.0021412477768505719 0.0015593764840382222
leaf_weight=15269 4922 864 2419 65 381 72 104 7646 10888 381 5083 1846 575 87
leaf_count=15269 4922 864 2419 65 381 72 104 7646 10888 381 5083 1846 575 87
internal_value=0.000114795 0.000850587 1.96316e-05 -4.98737e-05 -0.00291139 -0.00675299 -0.0103226 -6.58112e-06 0.000250038 0.000768998 -0.000265134 -0.00106713 -0.000849836 -0.00430962
internal_weight=50602 5786 44816 42397 622 241 176 41775 26506 13202 13304 2314 8221 468
internal_count=50602 5786 44816 42397 622 241 176 41775 26506 13202 13304 2314 8221 468
is_linear=0
shrinkage=0.05


Tree=301
num_leaves=15
num_cat=0
split_feature=56 20 19 31 28 52 36 26 28 27 10 3 49 3
split_gain=1.62607 2.98233 2.75457 2.29603 1.79988 2.6961 2.27414 2.5341 2.69562 2.85141 2.7752 2.59228 2.3341 2.27871
threshold=14.050000190734865 23.050000190734867 28.849999427795414 -7.211413860321044 21.500000000000004 0.27694219350814825 30.050000190734867 0.30636122822761541 17.500000000000004 30.349999427795414 39.041666030883796 23.750000000000004 -232.49999999999997 31.349999427795414
decision_type=2 2 2 2 2 2 2 2 2 2 2 2 8 2
left_child=1 3 -2 -1 5 -4 7 -7 11 -10 12 -9 -11 -8
right_child=2 -3 4 -5 -6 6 13 8 9 10 -12 -13 -14 -15
leaf_value=0.0050924992899899629 0.0022159441801678273 0.00037769296258805506 -0.0049236683558910649 -0.0046142833091987181 5.417006288571182e-05 0.0061357521892391334 0.0041903718175376071 -0.0046881302428770331 0.011707241642536568 0.00035253018412913673 -0.0071604331551285306 0.003553789638677893 -0.0085437975410284119 -0.0022631870078380178
leaf_weight=50 1885 377 57 193 46449 127 376 190 52 116 98 228 101 340
leaf_count=50 1885 377 57 193 46449 127 376 190 52 116 98 228 101 340
internal_value=6.40686e-05 -0.00246032 9.58446e-05 -0.00666008 2.22252e-05 -0.00157817 -0.00116606 -0.00280911 -0.00386792 -0.00693634 -0.00869231 -0.00107477 -0.00513216 0.000936639
internal_weight=50639 620 50019 243 48134 1685 1628 912 785 367 315 418 217 716
internal_count=50639 620 50019 243 48134 1685 1628 912 785 367 315 418 217 716
is_linear=0
shrinkage=0.05


Tree=302
num_leaves=15
num_cat=0
split_feature=17 47 29 20 22 56 7 22 7 29 2 28 5 5
split_gain=1.38636 1.50251 2.10052 1.78463 2.8471 1.93609 2.50113 2.04895 2.01372 3.06722 2.00409 4.9065 2.46725 2.0153
threshold=53.95000076293946 2.1825758218765263 0.75000000000000011 145.65000152587893 6651.0000000000009 140.85000610351565 47.049999237060554 3437.0000000000005 142.75000000000003 6.0499999523162851 89.049999237060561 63.500000000000007 139.00000000000003 46.350000381469734
decision_type=2 2 2 2 2 2 2 2 2 2 2 2 2 2
left_child=-1 -2 -3 4 5 6 -4 -8 -7 -10 11 -9 13 -12
right_child=1 2 3 -5 -6 8 7 10 9 -11 12 -13 -14 -15
leaf_value=0.00010527675352367049 0.0015782673372528257 -0.0061730806775125565 0.0036654078061027873 0.00098396615113189429 -0.0053555656115187112 0.0039493792780016497 -0.00093864249153293323 -0.00031977827874060097 0.00076569464172451503 -0.0072152177987863213 -0.011614904100361968 -0.0091120193117352304 -0.0049877734772360259 0.00024734313118654374
leaf_weight=47594 309 61 256 554 72 218 763 69 299 82 54 69 52 288
leaf_count=47594 309 61 256 554 72 218 763 69 299 82 54 69 52 288
internal_value=8.96554e-05 -0.000925222 -0.00128732 -0.00106604 -0.00169803 -0.00134259 -0.00227098 -0.00316092 0.00105911 -0.00113811 -0.0055166 -0.0105405 -0.0035396 -0.00181818
internal_weight=50740 3146 2837 2776 2222 2150 1551 1295 599 381 532 138 394 342
internal_count=50740 3146 2837 2776 2222 2150 1551 1295 599 381 532 138 394 342
is_linear=0
shrinkage=0.05


Tree=303
num_leaves=15
num_cat=0
split_feature=0 34 34 17 17 26 47 23 37 6 27 28 11 50
split_gain=2.12054 2.82672 2.64165 2.28281 2.10299 2.30022 1.89959 2.24153 2.58759 6.42385 4.59807 3.78969 2.39684 1.82867
threshold=33.149999618530281 -4.1499998569488517 -4.5499999523162833 -31.650000572204586 -1.5500000119209287 0.6600199043750764 6.3904545307159433 0.57499998807907116 85.500000000000014 33.149999618530281 30.550000190734867 88.500000000000014 23.63749980926514 -0.98296290636062611
decision_type=2 2 2 2 2 2 2 2 2 2 2 2 2 2
left_child=6 2 3 -2 -4 -6 -1 8 13 -10 11 -11 -9 -8
right_child=1 -3 4 -5 5 -7 7 12 9 10 -12 -13 -14 -15
leaf_value=0.0017606142329296666 -0.0028667583990608682 2.4306202052446742e-05 -0.001074396438581369 -0.00045565243666224019 -0.0075874231035471702 -0.0073001221981817636 -0.0077239560325889555 -0.009182996454984502 0.0013824137180415098 -0.00016256820869067209 -0.0050044275093747669 -0.012352257338492781 0.0022932193870494749 0.00030495427896997507
leaf_weight=3017 80 39975 85 827 65 51 205 68 289 130 50 51 1389 4358
leaf_count=3017 80 39975 85 827 65 51 205 68 289 130 50 51 1389 4358
internal_value=0.000122409 -3.37039e-05 -0.00251342 -0.00132497 -0.00755924 -0.0116667 0.00079283 0.000312977 -0.000183585 -0.00349057 -0.00952282 -0.00520942 0.00203476 0.000200088
internal_weight=50640 41083 1108 907 201 116 9557 6540 5083 520 231 181 1457 4563
internal_count=50640 41083 1108 907 201 116 9557 6540 5083 520 231 181 1457 4563
is_linear=0
shrinkage=0.05


Tree=304
num_leaves=15
num_cat=0
split_feature=1 49 52 15 25 40 25 56 24 42 6 26 20 32
split_gain=1.85425 2.58523 2.74064 2.71129 4.33508 4.61992 1.95388 1.85853 2.77497 5.14585 4.95262 2.59239 3.06985 3.55925
threshold=138.55000305175784 -27.499999999999996 0.42179998755455023 168.80000305175784 38.850000381469734 988.14999389648449 63.399999618530281 68.799999237060561 92.500000000000014 4.8500001430511483 41.95000076293946 0.89953330159187328 18.050000190734867 -6.7503652572631827
decision_type=2 10 2 2 2 2 2 2 2 2 2 2 2 2
left_child=7 2 -2 4 -3 -6 -5 11 -9 10 -10 -1 -13 -14
right_child=1 3 -4 6 5 -7 -8 8 9 -11 -12 12 13 -15
leaf_value=7.1317839086812166e-05 -0.0011392187074218164 -0.00042551130887320951 -0.0040532621031124389 0.00053697275381137143 0.00024245852740308459 -0.017730225506452858 -0.0017340688200847363 0.00083031273899653783 -0.008572985680753268 0.00025334960099402309 -0.001875592483583034 0.0017931906177985981 -0.007956381517369996 -0.0013493321456378553
leaf_weight=27010 1252 479 106 2725 66 95 204 12674 52 1093 363 914 89 3594
leaf_count=27010 1252 479 106 2725 66 95 204 12674 52 1093 363 914 89 3594
internal_value=5.67758e-05 -0.000863885 -0.00271199 -0.000155071 -0.00307692 -0.00991228 0.000491664 0.000156008 0.000631342 -0.00138999 -0.00605882 -5.74056e-05 -0.00115368 -0.00179664
internal_weight=50716 4927 1358 3569 640 161 2929 45789 14182 1508 415 31607 4597 3683
internal_count=50716 4927 1358 3569 640 161 2929 45789 14182 1508 415 31607 4597 3683
is_linear=0
shrinkage=0.05


Tree=305
num_leaves=15
num_cat=0
split_feature=56 16 56 32 45 47 38 40 24 57 5 29 8 53
split_gain=1.47282 2.18825 1.96361 2.76862 3.77937 4.81444 3.61953 2.70288 2.53264 2.48081 3.67929 2.45672 2.2689 2.15378
threshold=229.80000305175784 64.40000152587892 89.049999237060561 -5.4207179546356192 -4.556330442428588 8.7651515007019061 8.9499998092651385 989.85000610351574 47.500000000000007 87.950000762939467 107.00000000000001 6.7500000000000009 38.250000000000007 -0.74443665146827687
decision_type=2 2 2 2 2 2 2 2 2 2 2 2 2 2
left_child=1 2 11 4 5 6 -4 -8 -5 12 -11 -1 13 -10
right_child=-2 -3 3 8 -6 -7 7 -9 9 10 -12 -13 -14 -15
leaf_value=-0.00029704828981257 0.0020635279980993123 -0.00066528586909635071 -0.00040464628002572026 0.0017452299719639575 0.0009968143602730416 0.0010555086764154665 -0.0025528958299144227 -0.027869582408779039 -0.0065425267412149036 6.5677409829993972e-05 -0.0065449315831583726 0.00037339031629314735 0.0046571121263230706 0.0032267141863470184
leaf_weight=19018 729 5905 74 4997 436 126 65 56 90 124 99 18659 248 63
leaf_count=19018 729 5905 74 4997 436 126 65 56 90 124 99 18659 248 63
internal_value=7.78124e-05 4.50272e-05 0.000166232 0.000976832 -0.00184485 -0.00587613 -0.0106098 -0.0156107 0.00135944 -0.00162461 -0.00572961 2.879e-05 0.000742093 -0.00389571
internal_weight=50689 49960 44055 6378 757 321 195 121 5621 624 223 37677 401 153
internal_count=50689 49960 44055 6378 757 321 195 121 5621 624 223 37677 401 153
is_linear=0
shrinkage=0.05


Tree=306
num_leaves=15
num_cat=0
split_feature=8 22 29 9 25 54 54 12 2 14 28 32 7 9
split_gain=1.46686 3.31867 4.96118 4.68534 2.82551 3.52433 1.88856 1.87984 2.11751 3.60745 2.38643 3.12832 3.07668 2.65713
threshold=146.90000152587893 1302.5000000000002 5.7500000000000009 118.40000152587892 15.34999990463257 9.5000000000000018 1.5000000000000002 156.87569427490237 108.59999847412111 27.036657333374027 82.500000000000014 1.0804529190063479 156.25000000000003 68.099998474121108
decision_type=2 2 2 2 2 2 2 2 2 2 2 2 2 2
left_child=6 2 3 -2 -4 -6 -1 8 9 -8 11 12 13 -10
right_child=1 -3 4 -5 5 -7 7 -9 10 -11 -12 -13 -14 -15
leaf_value=0.0010889942535525097 -0.0011702451110522387 -0.00011077289101760033 0.0023252363559505425 -0.0096333156622645955 -0.0044315058884634544 -0.0014217707096337406 2.1479052878984671e-05 0.0037424577392760373 -0.0030539956455336009 0.0012978158163188579 0.0003056861254930766 0.00013677944250354264 -0.0066642659126751567 -0.00091231669951495414
leaf_weight=2290 90 3596 258 112 51 158 35135 346 533 4595 1747 880 78 801
leaf_count=2290 90 3596 258 112 51 158 35135 346 533 4595 1747 880 78 801
internal_value=0.000108524 -0.000777778 -0.0039838 -0.0103302 -0.00107966 -0.00527397 0.000190133 0.000117281 8.78277e-05 0.000198792 -0.00100148 -0.00205908 -0.00350914 -0.0028869
internal_weight=50670 4265 669 202 467 209 46405 44115 43769 39730 4039 2292 1412 1334
internal_count=50670 4265 669 202 467 209 46405 44115 43769 39730 4039 2292 1412 1334
is_linear=0
shrinkage=0.05


Tree=307
num_leaves=15
num_cat=0
split_feature=43 23 31 47 29 52 40 12 13 33 26 47 17 57
split_gain=1.71579 1.45466 1.47012 3.02033 3.36112 2.45869 2.48292 2.59964 2.78649 2.3235 2.18858 2.73918 2.83699 2.69234
threshold=12.500000000000002 0.074999999254941954 4.9016101360321054 8.9369316101074237 5.9500000476837167 0.2603727281093598 987.85000610351574 39.478473663330085 42.946725845336921 0.35000000894069677 0.70154631137847911 6.9912879467010507 55.049999237060554 36.383333206176765
decision_type=8 2 2 2 2 2 2 2 2 2 2 2 2 2
left_child=-1 -2 -3 10 -5 9 7 -7 -9 -6 -4 12 13 -12
right_child=1 2 3 4 5 6 -8 8 -10 -11 11 -13 -14 -15
leaf_value=0.0022779919011928444 -0.00314013935188806 -7.4338239959418775e-06 0.0015873039469618334 -0.011641173210717585 -0.0025807706797366225 0.00075049306544291625 0.0042719917279859625 -0.0084440907855874558 -0.00049762661399168013 0.0036566903896441531 -0.0030228831069508879 -0.0020722962965060241 -0.0058143835898183584 0.0017764290487039603
leaf_weight=763 91 41059 4708 50 461 775 527 140 355 73 215 285 50 1114
leaf_count=763 91 41059 4708 50 461 775 527 140 355 73 215 285 50 1114
internal_value=0.000139711 0.00010348 0.000115612 0.000703526 -0.000813467 -0.000510465 0.000379082 -0.000820312 -0.00361386 -0.00345588 0.00127076 -0.000286738 0.000644349 0.00111651
internal_weight=50666 49903 49812 8753 2381 2331 1797 1270 495 534 6372 1664 1379 1329
internal_count=50666 49903 49812 8753 2381 2331 1797 1270 495 534 6372 1664 1379 1329
is_linear=0
shrinkage=0.05


Tree=308
num_leaves=15
num_cat=0
split_feature=12 56 50 17 41 36 40 19 31 53 53 16 16 12
split_gain=1.41641 1.54593 3.26902 3.19964 3.16028 4.1085 2.35519 1.90542 2.48461 3.43394 3.57148 3.51465 3.41175 6.5164
threshold=19.704860687255863 28.150000572204593 -0.91597560048103321 2.4500000476837163 9.5000000000000018 33.549999237060554 971.04998779296886 75.799999237060561 -0.32355238497257227 -0.67168185114860524 -0.11692317575216292 27.44999980926514 37.549999237060554 46.724998474121101
decision_type=2 2 2 2 2 2 2 2 2 2 2 2 2 2
left_child=-1 2 3 4 5 -2 -4 8 9 11 12 -3 13 -11
right_child=1 7 6 -5 -6 -7 -8 -9 -10 10 -12 -13 -14 -15
leaf_value=0.0048440120663808713 -0.015206592467999864 0.0024357987692763304 -0.0052779361781136389 0.00048525093054008217 -0.0021369874410038124 -0.0014564860309371032 -1.117580788971427e-05 -6.0924615815403765e-05 0.0011198279418408485 -0.00072065775768192803 0.00061002276889590885 -0.00030612782462618527 0.0050180466492770644 -0.0059797142007048873
leaf_weight=210 153 1834 76 403 315 121 5160 27628 8502 1490 2305 1738 257 690
leaf_count=210 153 1834 76 403 315 121 5160 27628 8502 1490 2305 1738 257 690
internal_value=8.76367e-05 7.02421e-05 -0.00066688 -0.00328343 -0.005601 -0.00943662 -0.00016584 0.000173663 0.00059313 -2.1624e-05 -0.000902778 0.0011474 -0.00223335 -0.00287671
internal_weight=50882 50672 6228 992 589 274 5236 44444 16816 8314 4742 3572 2437 2180
internal_count=50882 50672 6228 992 589 274 5236 44444 16816 8314 4742 3572 2437 2180
is_linear=0
shrinkage=0.05


Tree=309
num_leaves=15
num_cat=0
split_feature=51 57 50 53 40 50 3 43 26 55 27 50 13 27
split_gain=1.68094 3.17122 2.8782 2.83191 6.59705 2.41002 2.83749 2.40415 3.52245 3.30025 3.5858 3.18325 2.83517 2.914
threshold=-0.37940952181816096 26.750000000000004 0.37940952181816107 -0.64580103754997242 976.14999389648449 -0.98296290636062611 30.550000190734867 182.50000000000003 0.67734059691429149 4.5000000000000009 23.250000000000004 0.37940952181816107 35.190177917480476 26.849999427795414
decision_type=2 2 2 2 2 2 2 8 2 2 2 2 2 2
left_child=7 5 -3 -4 -5 6 -2 11 -9 -10 -11 -1 -12 -14
right_child=1 2 3 4 -6 -7 -8 8 9 10 12 -13 13 -15
leaf_value=-0.0035940027274926848 0.00054876661605741733 0.00033203401041182265 0.00084567985471507411 -0.0067712434384988021 -0.00056981002748846888 -0.0012427478131043367 -0.0099838012781686847 0.0011517936302472922 0.00012556494810917555 -9.4375307599564408e-05 0.0037391042852816109 0.0029768821057864913 -0.0050169144913646442 -0.0015435101197652892
leaf_weight=227 84 18156 3321 230 8610 1099 166 6748 7110 1680 106 2071 465 581
leaf_count=227 84 18156 3321 230 8610 1099 166 6748 7110 1680 106 2071 465 581
internal_value=0.000190865 -3.22008e-05 7.36969e-05 -0.000521321 -0.0009887 -0.00239514 -0.00673077 0.000562691 0.000353294 -0.000245177 -0.00168543 0.00207539 -0.003821 -0.00461174
internal_weight=50654 31666 30317 12161 8840 1349 250 18988 16690 9942 2832 2298 1152 1046
internal_count=50654 31666 30317 12161 8840 1349 250 18988 16690 9942 2832 2298 1152 1046
is_linear=0
shrinkage=0.05


Tree=310
num_leaves=15
num_cat=0
split_feature=56 49 1 24 41 37 23 43 13 13 23 14 37 40
split_gain=1.42694 1.53737 1.70661 1.974 2.20906 3.69019 1.53236 2.06907 2.68614 3.32784 3.61746 2.62218 3.37188 5.78273
threshold=175.80000305175784 22.500000000000004 227.00000000000003 9.5000000000000018 5.5000000000000009 82.500000000000014 0.84499999880790722 122.50000000000001 60.324106216430671 56.706546783447273 1.3550000190734866 28.714336395263675 92.500000000000014 992.64999389648449
decision_type=2 8 2 2 2 2 2 8 2 2 2 2 2 2
left_child=6 2 3 -2 5 -5 -1 11 9 -9 -11 -8 -13 -14
right_child=1 -3 -4 4 -6 -7 7 8 -10 10 -12 12 13 -15
leaf_value=-4.1029409209665247e-05 0.0017172650655998872 0.0034343647145730198 -0.0015847934418414132 0.0027885515066472062 0.0025702796222136278 -0.0037808220201051984 0.00013888026845925125 0.00076802923504485038 0.002143500165520834 -0.0024473596458880627 -0.0098151822263122124 -0.0011970280042553948 -0.0080523641678069951 0.0012768143689849433
leaf_weight=39202 1268 692 164 55 112 80 2126 3305 2942 355 52 249 67 51
leaf_count=39202 1268 692 164 55 112 80 2126 3305 2942 355 52 249 67 51
internal_value=0.000130101 0.00132507 0.000500296 0.00103279 -0.00297665 -0.00706897 7.12382e-05 0.000653599 0.00111345 0.000217625 -0.00399281 -0.000573312 -0.00441645 -0.0110156
internal_weight=50720 2371 1679 1515 247 135 48349 9147 6654 3712 407 2493 367 118
internal_count=50720 2371 1679 1515 247 135 48349 9147 6654 3712 407 2493 367 118
is_linear=0
shrinkage=0.05


Tree=311
num_leaves=15
num_cat=0
split_feature=19 49 23 9 6 34 2 17 26 31 27 14 49 27
split_gain=1.55055 1.70592 3.41332 2.85335 4.67487 5.9762 3.30443 3.40702 2.34268 2.63834 4.39993 2.33449 3.19733 3.60628
threshold=23.399999618530277 32.500000000000007 0.39499999582767492 89.299999237060561 114.20000076293947 0.75000000000000011 121.29999923706056 1.0000000180025095e-35 0.89467865228652965 4.3792855739593515 13.150000095367433 14.973493099212648 337.50000000000006 14.150000095367433
decision_type=2 10 2 2 2 2 2 2 2 2 2 2 10 2
left_child=-1 -2 3 4 11 6 7 -6 -5 -10 -11 12 -3 -14
right_child=1 2 -4 8 5 -7 -8 -9 9 10 -12 -13 13 -15
leaf_value=0.0015586012453158527 -0.0001539506096318983 0.0021034199345213969 0.00065439978764719709 0.0028185459296733708 -0.021118982101500955 0.0038122690604397861 -0.011355557032702935 0.0034884932761182468 0.00051609168505490743 4.2465220068368023e-05 -0.0077869004295852045 0.00020040712423869059 -0.0073806489992796938 -0.001786628432099198
leaf_weight=1257 30087 485 13442 984 50 89 61 55 757 190 105 1721 89 1231
leaf_count=1257 30087 485 13442 984 50 89 61 55 757 190 105 1721 89 1231
internal_value=7.6364e-05 3.20125e-05 0.000399346 -0.000611807 -0.00142311 -0.00783019 -0.0131818 -0.00673913 0.000894428 -0.000743879 -0.00467213 -0.000938914 -0.00219008 -0.00345865
internal_weight=50603 49346 19259 5817 3781 255 166 105 2036 1052 295 3526 1805 1320
internal_count=50603 49346 19259 5817 3781 255 166 105 2036 1052 295 3526 1805 1320
is_linear=0
shrinkage=0.05


Tree=312
num_leaves=15
num_cat=0
split_feature=31 29 24 26 23 13 35 51 47 38 10 19 24 19
split_gain=1.63281 1.90594 2.03464 2.37694 3.66383 3.23149 1.74411 2.53085 2.17479 2.73977 2.67758 2.6251 2.2816 2.4378
threshold=-9.3670186996459943 22.550000190734867 5.5000000000000009 0.69434598088264476 0.45499999821186071 46.889583587646491 8.5000000000000018 0.78656607866287243 6.4809091091156015 9.5500001907348651 71.858333587646499 36.500000000000007 1.0000000180025095e-35 71.599998474121108
decision_type=2 2 2 2 2 2 2 2 2 2 2 2 2 2
left_child=1 2 3 4 5 -1 7 -2 9 -8 -10 -11 -12 -14
right_child=6 -3 -4 -5 -6 -7 8 -9 10 11 12 -13 13 -15
leaf_value=-0.0068799602301033219 6.4311912402184595e-05 -0.0029560797377008018 0.0018802115336044923 0.0016054615487771939 -0.00053720877600988337 -0.0012774868872045787 0.00089609306486633565 0.0013792489363581881 -0.00025786171651534588 0.0023350231893678533 -0.0048719408581656383 -0.00025547473609574214 -0.0084616589758755145 -0.0010177483676452887
leaf_weight=50 12575 167 2766 519 303 59 4187 3007 10989 837 96 11779 96 3249
leaf_count=50 12575 167 2766 519 303 59 4187 3007 10989 837 96 11779 96 3249
internal_value=5.11947e-05 0.00103769 0.00127731 -0.000738576 -0.00353081 -0.0109664 -3.04323e-05 0.000401488 -0.000245975 0.000140665 -0.000695983 -0.000227309 -0.00191104 -0.0016766
internal_weight=50679 3864 3697 931 412 109 46815 15582 31233 16803 14430 12616 3441 3345
internal_count=50679 3864 3697 931 412 109 46815 15582 31233 16803 14430 12616 3441 3345
is_linear=0
shrinkage=0.05


Tree=313
num_leaves=15
num_cat=0
split_feature=0 47 7 7 53 34 43 21 15 15 54 7 48 55
split_gain=1.55275 2.41775 2.16375 4.08746 3.02072 3.84213 4.55521 1.96941 1.78584 3.78001 5.5139 4.73941 3.29939 2.75823
threshold=43.250000000000007 4.7683334350585946 74.15000152587892 68.799999237060561 -0.67168185114860524 0.35000000894069677 157.50000000000003 48.500000000000007 95.349998474121108 93.500000000000014 9.5000000000000018 78.099998474121108 5.3500001430511483 4.5000000000000009
decision_type=2 2 2 2 2 2 10 2 2 2 2 2 2 2
left_child=1 -1 3 7 -5 6 -6 -3 9 -2 13 12 -12 -11
right_child=8 2 -4 4 5 -7 -8 -9 -10 10 11 -13 -14 -15
leaf_value=0.0023221674961563369 -0.00024221331547294732 0.0015707116093705697 0.0021414098263273953 0.0014792532831630087 -0.0019340771369806031 0.00010424583680893603 -0.011307252177537369 4.8111343036137939e-08 0.00011302387334947967 0.0014900982348876541 -0.0080781317369352287 -0.0016668742420594873 -0.00098469738239093866 -0.0036663838978061277
leaf_weight=2524 12781 1550 1148 128 68 91 108 11546 19873 276 113 118 62 131
leaf_count=2524 12781 1550 1148 128 68 91 108 11546 19873 276 113 118 62 131
internal_value=0.000109546 0.000495837 0.000248823 7.07357e-05 -0.00487654 -0.00781588 -0.0119355 0.000223562 -8.93176e-05 -0.000533318 -0.00408451 -0.00919142 -0.0141892 -0.000275779
internal_weight=50517 17163 14639 13491 395 267 176 13096 33354 13481 700 293 175 407
internal_count=50517 17163 14639 13491 395 267 176 13096 33354 13481 700 293 175 407
is_linear=0
shrinkage=0.05


Tree=314
num_leaves=15
num_cat=0
split_feature=35 21 19 42 57 12 3 24 38 37 15 27 5 56
split_gain=1.41367 2.02302 2.55789 1.99174 1.51614 1.57121 4.27938 1.55393 2.35573 1.45066 1.40764 1.36897 2.03687 2.4816
threshold=11.500000000000002 97.500000000000014 50.549999237060554 8.2500000000000018 186.716667175293 143.70694732666018 91.15000152587892 6.5000000000000009 10.750000000000002 91.500000000000014 168.80000305175784 11.949999809265138 125.50000000000001 74.15000152587892
decision_type=2 2 2 2 2 2 2 2 2 2 2 2 2 2
left_child=4 -2 3 9 5 11 -7 10 -9 -3 -8 12 -1 -14
right_child=1 2 -4 -5 -6 6 7 8 -10 -11 -12 -13 13 -15
leaf_value=0.0017305537953183807 7.6638935191474181e-05 0.0041100978248860129 -0.0018310164971500971 -0.0026018750076383956 0.0016497580201848023 -0.0054396618499367166 -0.0060023312915285969 -0.0051931735811748449 -0.00012802747326832859 -0.0046666730120366066 0.00010456511374931318 9.973340370767611e-05 -0.0071201721795480042 2.1049559752933743e-05
leaf_weight=2409 5277 529 2352 210 1339 106 56 98 189 85 1492 35999 66 324
leaf_count=2409 5277 529 2352 210 1339 106 56 98 189 85 1492 35999 66 324
internal_value=0.000118815 -0.000470873 -0.00146579 0.000923262 0.00023736 0.000182704 -0.00120195 -0.000609756 -0.00392256 0.00235577 2.56741e-05 0.000252268 0.00131541 -0.002
internal_weight=50531 8453 3176 824 42078 40739 1941 1835 287 614 1548 38798 2799 390
internal_count=50531 8453 3176 824 42078 40739 1941 1835 287 614 1548 38798 2799 390
is_linear=0
shrinkage=0.05


Tree=315
num_leaves=15
num_cat=0
split_feature=23 31 47 26 16 40 20 6 14 6 17 22 7 34
split_gain=1.47763 1.85584 2.81001 5.51688 2.72251 2.59328 2.40748 2.67649 2.16845 2.8443 2.18927 2.59775 2.16117 3.64518
threshold=0.84499999880790722 4.9016101360321054 9.4763889312744158 0.69622549414634716 48.350000381469734 986.75000000000011 3.6499999761581425 25.750000000000004 5.1023464202880868 44.049999237060554 53.95000076293946 4608.0000000000009 57.45000076293946 0.25000000745058065
decision_type=2 2 2 2 2 2 2 2 2 2 2 2 2 2
left_child=1 -1 8 4 6 -5 7 -4 9 -3 -10 12 -12 -14
right_child=-2 2 3 5 -6 -7 -8 -9 10 -11 11 -13 13 -15
leaf_value=-0.00011947029764365739 0.00061720518052763647 -0.00017244602236296238 -3.7758593771119228e-05 -0.0034129661593249442 -0.0044975051789028428 -0.013260154779365424 0.00068344519566800347 -0.0088486868837146324 0.0012353237944968858 -0.0062737125530694009 0.0021494516938963602 0.0023133406332231303 -0.0037934932976691257 -0.0091618904144951333
leaf_weight=32519 9788 284 117 50 70 57 1259 73 6177 72 53 152 105 59
leaf_count=32519 9788 284 117 50 70 57 1259 73 6177 72 53 152 105 59
internal_value=0.000136198 4.50612e-06 0.000660576 -0.00120416 -0.000395683 -0.0116667 9.93833e-05 -0.005 0.00110098 -0.00265027 0.00130872 -0.00238786 -0.00579295 -0.00850575
internal_weight=50835 41047 8528 1626 1519 107 1449 190 6902 356 6546 369 217 164
internal_count=50835 41047 8528 1626 1519 107 1449 190 6902 356 6546 369 217 164
is_linear=0
shrinkage=0.05


Tree=316
num_leaves=15
num_cat=0
split_feature=17 52 56 23 26 47 56 7 21 7 22 44 30 1
split_gain=1.63313 3.9622 4.28322 2.78177 2.00947 2.45477 3.27484 3.69021 2.43649 1.86992 1.59274 1.61345 1.52353 2.78287
threshold=59.95000076293946 0.82414472103118908 43.149999618530281 0.42499999701976782 0.94757825136184703 2.1825758218765263 98.40000152587892 107.00000000000001 1.5000000000000002 90.200000762939467 4270.5000000000009 -1.8221188783645628 57.500000000000007 174.40000152587893
decision_type=2 2 2 2 2 2 2 2 2 2 2 2 8 2
left_child=12 4 -3 -4 -2 -6 7 -7 -8 -10 -11 -12 -1 -14
right_child=1 2 3 -5 5 6 8 -9 9 10 11 -13 13 -15
leaf_value=0.00050132378495674112 0.00028637344080690517 0.0036535720589961369 -0.0055200912547335289 -0.011696973881553805 0.0037545820585898984 -0.0027333207785074543 -0.0057739975453238151 -0.010826079476189842 -0.016999262746265537 0.0048748458686390331 0.0032994982423012091 -0.0037552898250831608 3.0720181053026877e-05 -0.0017030747658432486
leaf_weight=10490 1336 54 53 53 217 131 94 91 56 251 64 116 37129 601
leaf_count=10490 1336 54 53 53 217 131 94 91 56 251 64 116 37129 601
internal_value=8.33565e-05 -0.00115598 -0.00852941 -0.0139655 -0.000621302 -0.00228155 -0.00354859 -0.00857759 -0.00151438 -3.01809e-05 0.00114512 -0.00236842 0.000148248 1.86215e-10
internal_weight=50736 2516 160 106 2356 1020 803 222 581 487 431 180 48220 37730
internal_count=50736 2516 160 106 2356 1020 803 222 581 487 431 180 48220 37730
is_linear=0
shrinkage=0.05


Tree=317
num_leaves=15
num_cat=0
split_feature=45 47 31 26 42 24 28 47 5 52 23 34 42 56
split_gain=1.32654 1.90109 1.87896 2.48613 2.41297 2.35273 3.64315 4.14798 3.16039 2.98483 3.24 2.56002 2.55933 2.2048
threshold=5.3623089790344247 10.17888927459717 -7.1868305206298819 0.67583256959915172 11.949999809265138 3.5000000000000004 71.500000000000014 8.2118053436279315 166.00000000000003 -0.81429189443588246 0.42499999701976782 1.7500000000000002 12.84999990463257 46.95000076293946
decision_type=2 2 2 2 2 2 2 2 2 2 2 2 2 2
left_child=2 -2 3 -1 -5 6 -4 11 9 10 -9 -8 -7 -6
right_child=1 -3 5 4 13 12 7 8 -10 -11 -12 -13 -14 -15
leaf_value=0.0016900360796308523 0.0015069256846856141 -0.00049663809184891702 0.001464447850270837 0.00012689617027222279 -0.00028496304863625459 -0.00034344503756370437 -0.0001129325102174985 0.00024075273805152588 -0.0049619247216640475 -0.00072086062438888882 -0.009835582717288148 0.0027003788724893237 0.0015393528563926518 -0.0066810455502925
leaf_weight=3527 3568 1446 4699 2157 158 26289 5976 60 50 467 80 562 1559 142
leaf_count=3527 3568 1446 4699 2157 158 26289 5976 60 50 467 80 562 1559 142
internal_value=8.86701e-05 0.000859873 3.93582e-06 0.000829163 -0.000391163 -0.000120497 0.00046791 -0.000239417 -0.0039955 -0.00286062 -0.009 0.000143555 -0.000371886 -0.00451613
internal_weight=50740 5014 45726 5984 2457 39742 11894 7195 657 607 140 6538 27848 300
internal_count=50740 5014 45726 5984 2457 39742 11894 7195 657 607 140 6538 27848 300
is_linear=0
shrinkage=0.05


Tree=318
num_leaves=15
num_cat=0
split_feature=33 17 49 49 53 8 44 24 6 24 36 5 26 23
split_gain=2.14994 3.04164 5.77236 3.11822 4.16 2.91469 2.78159 2.26907 4.2813 2.98503 3.10103 4.7839 2.97058 2.97429
threshold=1.0000000180025095e-35 -41.950000762939446 -132.49999999999997 -1167.4999999999998 0.86004966497421276 46.049999237060554 -0.19943831861019132 9.5000000000000018 85.549999237060561 1.0000000180025095e-35 11.250000000000002 80.000000000000014 0.9628715217113496 0.22500000149011615
decision_type=2 2 8 10 2 2 2 2 2 2 2 2 2 2
left_child=6 2 3 -2 5 -5 -1 8 -8 10 -10 -12 -11 -14
right_child=1 -3 -4 4 -6 -7 7 -9 9 12 11 -13 13 -15
leaf_value=0.0005577050289238397 0.00230032453345161 -0.00015680006963348422 0.00081708645504308629 -0.0070405813871276023 -0.00046201127485367846 -0.0072372795046591254 0.0011479925447927728 -0.00048653306301540673 0.0023091098518215978 0.00037987205492368302 -0.00024489652586742364 -0.0047410872796649975 -0.009051084909660315 -0.00076679412853629088
leaf_weight=14181 57 18108 282 69 70 80 5888 7099 104 2643 136 155 144 1583
leaf_count=14181 57 18108 282 69 70 80 5888 7099 104 2643 136 155 144 1583
internal_value=5.02877e-05 -0.000375883 -0.00397887 -0.00898601 -0.0115939 -0.0160692 0.00029944 -0.000117667 0.000343712 -0.000769633 -0.00487654 -0.00745847 -0.000388128 -0.00199482
internal_weight=50599 18666 558 276 219 149 31933 17752 10653 4765 395 291 4370 1727
internal_count=50599 18666 558 276 219 149 31933 17752 10653 4765 395 291 4370 1727
is_linear=0
shrinkage=0.05


Tree=319
num_leaves=15
num_cat=0
split_feature=57 12 48 57 16 36 33 18 11 42 7 56 18 23
split_gain=1.2962 1.76996 2.22537 5.1588 3.78355 1.83324 1.62833 1.54226 1.41842 2.21276 2.20728 2.85986 1.58757 1.53538
threshold=217.84999847412112 162.40277862548831 6.8500001430511483 144.84999847412112 106.04999923706056 7.1499998569488534 0.55000001192092907 45.250000000000007 176.75208282470706 4.9500000476837167 234.44999694824222 203.25000000000003 -9.0500001907348615 0.60500001907348644
decision_type=2 2 2 2 2 2 2 2 2 2 2 2 2 2
left_child=1 5 3 4 -3 -1 -2 8 13 10 11 -10 -13 -5
right_child=6 2 -4 7 -6 -7 -8 -9 9 -11 -12 12 -14 -15
leaf_value=0.0017823646480599486 0.0024851422043541947 -0.00088212811745104502 0.00054092350495601061 -0.0013059247690118978 -0.0054937767676596673 2.3411793355550746e-05 -0.0013307479265377226 -0.004060126331383692 -0.0057489544710845894 0.0014377303294210058 0.00074827791782149003 0.0023289781764139826 -0.0020033021625635024 0.0027376249783524573
leaf_weight=726 637 54 397 118 50 47416 75 95 92 169 71 62 51 254
leaf_count=726 637 54 397 118 50 47416 75 95 92 169 71 62 51 254
internal_value=5.73823e-05 2.67328e-05 -0.00171117 -0.00294347 -0.0129825 7.80862e-05 0.00216066 -0.00167028 -0.00092503 -0.0028022 -0.00548951 -0.00802326 -0.00231707 0.00133508
internal_weight=50267 49555 1413 1016 104 48142 712 912 817 445 276 205 113 372
internal_count=50267 49555 1413 1016 104 48142 712 912 817 445 276 205 113 372
is_linear=0
shrinkage=0.05


Tree=320
num_leaves=15
num_cat=0
split_feature=49 50 37 1 40 38 3 38 12 33 52 15 1 44
split_gain=1.66713 2.43243 4.03668 3.31992 3.64265 2.35515 3.91838 3.83511 3.63057 2.54538 5.44012 2.91952 2.89349 3.16956
threshold=32.500000000000007 0.37940952181816107 65.500000000000014 152.94999694824222 989.95001220703136 9.7500000000000018 86.250000000000014 21.849999427795414 72.78055572509767 0.84999999403953563 -0.84315016865730275 76.000000000000014 19.650000572204593 -3.4290110548895715e-16
decision_type=10 2 2 2 2 2 2 2 2 2 2 2 2 2
left_child=1 2 3 -1 -5 -4 9 -8 -9 -7 12 -12 -11 -14
right_child=-2 -3 5 4 -6 6 7 8 -10 10 11 -13 13 -15
leaf_value=-0.00031795736345679732 0.00041140089604065999 -0.00046182918721229506 0.0018759578839394207 -0.0011407476017463722 -0.0095952800584336913 0.0017685878590212708 -0.00058568829393564786 0.0032406463148360967 -0.0047050148312748419 0.0063351851847322062 0.0027883550315698866 -0.00096799503297593083 -0.0034406527581956948 0.0015417701839119226
leaf_weight=7604 19785 12698 2158 96 50 3732 1618 52 65 82 1613 761 450 140
leaf_count=7604 19785 12698 2158 96 50 3732 1618 52 65 82 1613 761 450 140
internal_value=0.000130023 -9.81398e-05 0.000268841 -0.000599227 -0.00782051 0.000899261 0.000523877 -0.00159026 -0.00996063 0.00106659 -6.54432e-06 0.00111997 -0.00394428 -0.00516667
internal_weight=50904 31119 18421 7750 146 10671 8513 1735 117 6778 3046 2374 672 590
internal_count=50904 31119 18421 7750 146 10671 8513 1735 117 6778 3046 2374 672 590
is_linear=0
shrinkage=0.05


Tree=321
num_leaves=15
num_cat=0
split_feature=56 11 49 40 0 56 10 6 53 42 32 52 37 45
split_gain=1.32893 2.20467 3.27822 1.34007 1.32744 2.5821 1.74398 3.51197 1.70011 1.63559 1.58932 1.37664 1.89723 1.30431
threshold=229.80000305175784 219.57291412353518 42.500000000000007 995.35000610351574 21.050000190734867 14.050000190734865 17.625000000000004 26.550000190734867 -0.96234029531478871 8.4499998092651385 0.19194722920656207 0.89787620306015026 54.500000000000007 -9.0315699577331525
decision_type=2 2 10 2 2 2 2 2 2 2 2 2 2 2
left_child=1 3 -3 4 5 9 7 -6 10 -1 -7 -10 -13 -8
right_child=-2 2 -4 -5 6 8 13 -9 11 -11 -12 12 -14 -15
leaf_value=-0.004008262771309056 0.0020750839833669175 -0.010559650257480612 0.00023094395007421209 0.0022652343668859466 0.0025308740146359858 -0.0042321135572999944 0.0015156296656314817 -0.013949754388269939 0.003514093918328764 0.0003097216452970087 0.007010593359770903 -0.00069963782857715754 0.0052735508341697247 -2.8815072156681981e-05
leaf_weight=97 712 58 95 633 79 50 2008 60 1244 76 51 683 335 44565
leaf_count=97 712 58 95 633 79 50 2008 60 1244 76 51 683 335 44565
internal_value=0.000100087 6.93392e-05 -0.0057362 8.82927e-05 5.86709e-05 0.00117046 -1.9261e-06 -0.00540268 0.00160767 -0.00456284 -0.00445946 0.00189701 0.000525292 1.53491e-05
internal_weight=50746 50034 153 49881 49248 2536 46712 139 2363 173 101 2262 1018 46573
internal_count=50746 50034 153 49881 49248 2536 46712 139 2363 173 101 2262 1018 46573
is_linear=0
shrinkage=0.05


Tree=322
num_leaves=15
num_cat=0
split_feature=45 32 52 15 12 14 27 56 13 13 27 13 27 13
split_gain=1.84089 1.82114 2.16209 3.4221 5.5503 2.84875 3.79626 3.48782 2.72463 3.80307 2.54221 3.48561 2.57874 2.23366
threshold=0.32016235589981085 1.1252641677856448 -0.57780906558036793 97.700000762939467 56.240970611572273 16.021018028259281 35.549999237060554 49.750000000000007 56.100000381469734 65.809226989746108 33.45000076293946 49.438392639160163 34.049999237060554 82.367858886718764
decision_type=2 2 2 2 2 2 2 2 2 2 2 2 2 2
left_child=-1 -2 3 4 10 6 7 -6 -7 -10 -3 12 -12 -5
right_child=1 2 -4 13 5 8 -8 -9 9 -11 11 -13 -14 -15
leaf_value=-0.00014290733884966001 0.0005994873344396794 0.00023054205670371846 0.00051722685569380756 0.0014758282195206527 -0.0033932930163634101 -0.0088297629248907661 -0.0064499603076297041 0.00046615266872823154 -0.00035359018258465712 -0.0087468444198151064 -0.0057155531128770315 0.0011793399790516164 -0.0019007540447591445 -0.0013937873583574406
leaf_weight=29785 10916 1570 5678 983 147 80 60 463 137 56 52 126 54 401
leaf_count=29785 10916 1570 5678 983 147 80 60 463 137 56 52 126 54 401
internal_value=3.44434e-05 0.000396228 -9.82987e-05 -0.000967625 -0.0019873 -0.00507345 -0.00323529 -0.00193548 -0.00931095 -0.00559113 -0.000353201 -0.00512397 -0.0113793 0.00105452
internal_weight=50508 20723 9807 4129 2745 943 670 610 273 193 1802 232 106 1384
internal_count=50508 20723 9807 4129 2745 943 670 610 273 193 1802 232 106 1384
is_linear=0
shrinkage=0.05


Tree=323
num_leaves=15
num_cat=0
split_feature=2 4 57 53 5 45 23 23 8 36 23 11 25 15
split_gain=1.52924 3.92535 2.43484 4.65526 6.5942 2.89121 2.1607 2.13695 2.85288 1.8824 2.63765 3.2158 3.20468 2.96803
threshold=131.55000305175784 68.099998474121108 89.51666641235353 -0.94137725234031666 95.099998474121108 -3.0490971803665157 0.76499998569488536 1.8650000095367434 57.45000076293946 33.45000076293946 0.2650000005960465 35.595832824707038 12.150000095367433 73.700000762939467
decision_type=2 2 2 2 2 2 2 2 2 2 2 2 2 2
left_child=2 -2 7 4 -4 -5 -6 9 -9 -1 11 -11 -12 -13
right_child=1 -3 3 5 6 -7 -8 8 -10 10 12 13 -14 -15
leaf_value=-0.00011927417765911807 -0.007473684904395126 -0.00027485522198702919 0.0010238683629190941 -6.0115439993545981e-05 -0.014486563821835578 0.0022147704078543688 -0.0011047361882450622 -0.0098230352368854773 0.00049338173617089571 4.4879348037487537e-05 0.0026361844750917613 -0.0069198304855463957 -4.1748278476498392e-05 -0.00065080633309669029
leaf_weight=31480 99 5527 151 2650 55 4686 63 57 77 513 2668 98 2520 88
leaf_count=31480 99 5527 151 2650 55 4686 63 57 77 513 2668 98 2520 88
internal_value=3.66562e-05 -0.000739886 0.000133656 0.000948785 -0.00539426 0.0011884 -0.01375 -3.18571e-05 -0.00611111 -8.42746e-06 0.00081143 -0.00205219 0.00120046 -0.0075
internal_weight=50732 5626 45106 7605 269 7336 118 37501 134 37367 5887 699 5188 186
internal_count=50732 5626 45106 7605 269 7336 118 37501 134 37367 5887 699 5188 186
is_linear=0
shrinkage=0.05


Tree=324
num_leaves=15
num_cat=0
split_feature=52 37 0 37 15 11 22 29 11 18 15 17 9 9
split_gain=1.1768 2.25213 2.25788 2.13199 2.45958 5.6134 3.88147 2.37666 4.58563 2.13145 2.08153 2.5196 2.48358 2.01719
threshold=0.73865729570388805 15.500000000000002 37.899999618530281 88.500000000000014 55.350000381469734 39.347917556762702 442.50000000000006 17.250000000000004 53.414583206176765 -32.450000762939446 31.300000190734867 1.0000000180025095e-35 60.649999618530281 21.650000572204593
decision_type=2 2 2 2 2 2 2 2 2 2 2 2 2 2
left_child=1 -1 3 7 -5 6 -6 10 -9 -2 11 12 -3 -4
right_child=9 2 13 4 5 -7 -8 8 -10 -11 -12 -13 -14 -15
leaf_value=-0.0012324166630477869 0.0030786313731400445 -0.010933321371061922 -0.001384906081735071 0.0012147022275649877 -0.013712226715663734 -0.00010887205136655544 -0.0059297067477349641 0.0010402468361804368 -0.0093861603970552317 -0.00038690805506827854 0.001554104457376056 0.0057983365207545977 -6.6639560923916402e-05 9.5400254987908272e-05
leaf_weight=361 677 63 604 742 66 421 90 153 56 10888 5790 78 79 30620
leaf_count=361 677 63 604 742 66 421 90 153 56 10888 5790 78 79 30620
internal_value=0.000121109 0.000252089 0.000289126 0.00106518 -0.000756207 -0.00317717 -0.0109639 0.00145208 -0.0036758 -0.000321814 0.00163621 -0.00304348 -0.0068421 0.000101492
internal_weight=50688 39123 38762 7538 1319 577 156 6219 209 11565 6010 220 142 31224
internal_count=50688 39123 38762 7538 1319 577 156 6219 209 11565 6010 220 142 31224
is_linear=0
shrinkage=0.05


Tree=325
num_leaves=15
num_cat=0
split_feature=44 23 38 31 55 26 25 6 3 50 36 27 18 14
split_gain=1.29683 2.45191 2.18778 4.96372 4.16819 2.1275 3.64242 2.80898 2.56034 3.23878 2.59045 4.49018 4.05586 4.60755
threshold=0.14571669697761538 0.25499999523162847 5.1499998569488534 -2.4905811548233028 3.5000000000000004 0.90639743208885204 8.2500000000000018 95.799999237060561 45.699998855590827 -1.0000000180025095e-35 25.250000000000004 12.34999990463257 20.150000572204593 36.25213813781739
decision_type=2 2 2 2 2 2 2 2 2 2 2 2 2 2
left_child=1 -1 3 4 -3 -2 -7 -8 -9 10 11 -10 13 -13
right_child=5 2 -4 -5 -6 6 7 8 9 -11 -12 12 -14 -15
leaf_value=0.0022770074679359163 3.3408679316331481e-05 -0.00078779131188220174 0.00016743945097119818 0.00035713560627791607 -0.0058871386085685559 -0.0067878007945971069 0.00025925273372115015 -0.0079904648883461649 -0.0010115675927477609 5.3054695041999348e-05 0.0046633184364065243 -0.0076506141264163184 -0.010767461776848243 0.00093961642335686497
leaf_weight=1797 17300 79 26038 335 75 148 2550 59 667 1084 145 167 62 105
leaf_count=1797 17300 79 26038 335 75 148 2550 59 667 1084 145 167 62 105
internal_value=6.03506e-05 0.000284817 0.000163357 -0.00311623 -0.0102439 -0.000224918 -0.00113368 -0.000887812 -0.00215528 -0.00185268 -0.00369377 -0.00459446 -0.00924419 -0.00617021
internal_weight=50611 28324 26527 489 154 22287 4987 4839 2289 2230 1146 1001 334 272
internal_count=50611 28324 26527 489 154 22287 4987 4839 2289 2230 1146 1001 334 272
is_linear=0
shrinkage=0.05


Tree=326
num_leaves=15
num_cat=0
split_feature=47 48 17 43 55 30 35 10 21 44 30 3 24 40
split_gain=1.49831 1.74603 2.12907 2.89476 1.76828 1.73735 1.51862 2.77313 3.14333 2.7841 3.08488 3.3627 4.33502 5.86007
threshold=2.9522727727890019 -0.65000000596046437 4.5499999523162851 172.50000000000003 5.5000000000000009 42.500000000000007 8.5000000000000018 71.858333587646499 16.500000000000004 0.91978707909584057 67.500000000000014 105.79999923706056 10.500000000000002 986.35000610351574
decision_type=2 2 2 10 2 8 2 2 2 2 10 2 2 2
left_child=1 -1 3 5 -5 -3 -2 -8 -9 -10 -11 -12 -13 -14
right_child=6 2 -4 4 -6 -7 7 8 9 10 11 12 13 -15
leaf_value=0.0022873760104955274 0.00024784057367737008 -0.00087786566149456705 0.00066851586338583511 0.00082772741978389536 -0.0016513830122055397 -0.0038978617971156949 3.2099492190115384e-05 0.00039747609155874747 -0.00042657912613672965 -0.00094436139130441065 -0.0009367657479579305 -0.0021076365102468556 -0.0013466920754119415 -0.0077838552294373087
leaf_weight=1704 15460 109 1053 431 88 205 21487 2401 4287 1653 846 506 58 84
leaf_count=1704 15460 109 1053 431 88 205 21487 2401 4287 1653 846 506 58 84
internal_value=3.17592e-06 0.000986111 -6.3291e-05 -0.0019395 0.00036862 -0.00564815 -7.24481e-05 -0.000272565 -0.000967496 -0.00147501 -0.00260215 -0.00424202 -0.00693009 -0.0144079
internal_weight=50372 3590 1886 833 519 314 46782 31322 9835 7434 3147 1494 648 142
internal_count=50372 3590 1886 833 519 314 46782 31322 9835 7434 3147 1494 648 142
is_linear=0
shrinkage=0.05


Tree=327
num_leaves=15
num_cat=0
split_feature=53 46 41 30 31 0 13 31 5 3 57 32 25 53
split_gain=1.6087 2.55198 4.62276 1.97043 1.81441 1.55112 2.30303 2.16681 2.12448 3.27202 3.31218 2.02003 2.93989 3.65491
threshold=0.97263759374618541 1.0000000180025095e-35 56.500000000000007 162.50000000000003 8.8868799209594744 33.149999618530281 43.483036041259773 8.8868799209594744 38.549999237060554 33.95000076293946 45.583332061767585 -0.35614354908466334 8.0500001907348651 -0.96687281131744374
decision_type=2 2 2 8 2 2 2 2 2 2 2 2 2 2
left_child=5 3 -3 4 -2 6 11 -7 9 -8 -11 12 13 -1
right_child=1 2 -4 -5 -6 7 8 -9 -10 10 -12 -13 -14 -15
leaf_value=-0.0043094679898708554 0.00039605951793847882 -0.014002004779449901 0.0056051447803611284 0.0015276287073653111 -0.0024015318564689315 -0.00014884138357257771 0.00074989409123635514 0.0023347361191728175 0.0024520974241785242 6.2885294035480756e-05 -0.0048126364466090834 0.0010740364671855327 -0.0016880767156638662 0.00065319557875640573
leaf_weight=51 2236 98 148 1137 52 36461 1179 866 2582 187 151 1766 1904 1717
leaf_count=51 2236 98 148 1137 52 36461 1179 866 2582 187 151 1766 1904 1717
internal_value=2.72037e-05 0.00103369 -0.00378906 0.0013901 0.0005396 -5.18409e-05 0.000516916 -0.000197257 0.00141032 -7.53109e-05 -0.00433908 -0.000157856 -0.000825638 0.00064117
internal_weight=50535 3671 246 3425 2288 46864 9537 37327 4099 1517 338 5438 3672 1768
internal_count=50535 3671 246 3425 2288 46864 9537 37327 4099 1517 338 5438 3672 1768
is_linear=0
shrinkage=0.05


Tree=328
num_leaves=15
num_cat=0
split_feature=43 45 41 37 2 13 43 27 8 44 57 51 37 6
split_gain=1.50628 1.28284 2.78383 2.80647 2.1524 2.53721 4.38528 3.60023 2.27886 1.83212 2.96399 2.72389 1.83193 1.90525
threshold=12.500000000000002 2.1810795068740849 33.500000000000007 90.500000000000014 34.649999618530281 67.070831298828139 81.250000000000014 33.649999618530281 227.44999694824222 -13.328185081481932 35.883333206176765 -0.37940952181816096 16.500000000000004 48.149999618530281
decision_type=8 2 2 2 2 2 8 2 2 2 2 2 2 2
left_child=-1 -2 3 12 -4 6 7 -6 -7 10 -8 -12 -3 -14
right_child=1 2 4 -5 5 8 9 -9 -10 -11 11 -13 13 -15
leaf_value=0.002185620113457539 -8.0347940815374725e-05 -0.0038333419450181055 0.0018632308768549016 -0.0024208325215288448 -0.0020161896748228775 0.0010326111105296222 0.0048950712082395462 -0.0090814780551153693 -0.00669422342364608 -0.00058931598003761799 -0.012145887855520853 -0.0028188477406284641 0.0023285845710590857 0.00037677502884588682
leaf_weight=730 36587 164 898 483 139 1005 50 58 54 2003 73 80 3664 4468
leaf_count=730 36587 164 898 483 139 1005 50 58 54 2003 73 80 3664 4468
internal_value=5.80591e-05 2.47308e-05 0.000448323 0.00096086 -0.000583524 -0.00114919 -0.00204517 -0.00900966 0.000884004 -0.00138538 -0.00579812 -0.00911043 0.00117746 0.0012847
internal_weight=50456 49726 13139 8779 4360 3462 2403 197 1059 2206 203 153 8296 8132
internal_count=50456 49726 13139 8779 4360 3462 2403 197 1059 2206 203 153 8296 8132
is_linear=0
shrinkage=0.05


Tree=329
num_leaves=15
num_cat=0
split_feature=23 24 31 52 4 44 27 26 15 15 37 31 9 31
split_gain=1.7077 1.98576 4.13988 5.45051 3.33736 3.44506 2.82709 3.77442 3.38115 2.76948 3.55786 2.54562 3.03751 2.49146
threshold=0.84499999880790722 3.5000000000000004 -0.34380599856376642 -0.71504372358322132 24.550000190734867 2.4905811548233037 22.94999980926514 0.69743588566780101 95.349998474121108 50.699998855590827 85.500000000000014 -0.71473115682601918 133.40000152587893 -6.8568832874298087
decision_type=2 2 2 2 2 2 2 2 2 2 2 2 2 2
left_child=1 2 3 4 -1 6 -6 8 9 -8 -11 -5 -13 -3
right_child=-2 13 -4 11 5 -7 7 -9 -10 10 -12 12 -14 -15
leaf_value=0.00073660525887118695 0.00051173470155665784 0.00080735522919311202 0.00093039192135791903 0.00053512512150708923 7.0786922198523068e-05 0.0010631140517371354 -0.0010590523423518968 -0.004654127279387534 0.0011992590772147494 -0.0035634173294828821 -0.012322829193071873 -0.0060819228726458141 0.0023566889400975597 -0.00035035687032025517
leaf_weight=342 9796 3590 7089 3156 180 224 50 439 61 176 73 164 96 25311
leaf_count=342 9796 3590 7089 3156 180 224 50 439 61 176 73 164 96 25311
internal_value=-3.2506e-06 -0.000145138 0.000393864 -0.000713136 -0.0031672 -0.00439819 -0.00566734 -0.00692831 -0.0106757 -0.0127994 -0.0148842 0.000402802 -0.00425926 -0.000369928
internal_weight=50747 40951 12050 4961 1545 1203 979 799 360 299 249 3416 260 28901
internal_count=50747 40951 12050 4961 1545 1203 979 799 360 299 249 3416 260 28901
is_linear=0
shrinkage=0.05


Tree=330
num_leaves=15
num_cat=0
split_feature=43 35 21 21 2 43 50 27 32 25 51 33 43 26
split_gain=1.30988 1.39773 2.88255 2.85447 4.47463 2.51218 2.6971 2.43617 2.27136 2.62486 2.20133 1.97412 1.87553 2.75694
threshold=12.500000000000002 9.5000000000000018 100.50000000000001 64.500000000000014 74.849998474121108 227.50000000000003 -0.7865660786628722 25.94999980926514 -2.1952013969421382 22.94999980926514 -0.6035533845424651 0.75000000000000011 347.50000000000006 0.6696852743625642
decision_type=8 2 2 2 2 8 2 2 2 2 2 2 8 2
left_child=-1 2 10 -3 -5 6 -6 -4 9 -8 12 -7 -2 -14
right_child=1 3 7 4 5 11 8 -9 -10 -11 -12 -13 13 -15
leaf_value=0.0020868600731061677 0.0033588056513335638 0.00020537387927700024 0.0020340474572325654 -0.00018982514292323371 -0.0078286066963503681 0.0008864580228153436 -0.0066216539549990537 0.00045648379907895561 -0.0009125354457637148 -0.0014652289935644458 -0.0004602685064507353 -0.0091566707385482525 0.0014045279175428505 -0.00035637839452023866
leaf_weight=734 1164 11718 2438 10653 160 627 185 6672 1088 266 8723 152 2133 3715
leaf_count=734 1164 11718 2438 10653 160 627 185 6672 1088 266 8723 152 2133 3715
internal_value=9.49683e-05 6.37777e-05 0.000328908 -0.000201335 -0.000707328 -0.00261656 -0.00368929 0.00103618 -0.00300516 -0.00595445 -8.09779e-05 -0.000259822 0.000578183 0.000211677
internal_weight=50428 49694 24845 24849 13131 2478 1699 9110 1539 451 15735 779 7012 5848
internal_count=50428 49694 24845 24849 13131 2478 1699 9110 1539 451 15735 779 7012 5848
is_linear=0
shrinkage=0.05


Tree=331
num_leaves=15
num_cat=0
split_feature=29 40 20 55 31 52 31 21 13 23 43 26 27 7
split_gain=1.52715 1.62463 1.96806 2.39808 1.44868 1.85946 2.89054 3.36151 1.29508 2.20471 2.41083 2.60851 3.66333 2.15714
threshold=1.0500000119209292 974.64999389648449 91.549999237060561 1.0000000180025095e-35 -0.34380599856376642 -0.2603763341903686 -0.6793210208415984 35.500000000000007 42.946725845336921 0.19500000029802325 462.50000000000006 0.89953330159187328 13.150000095367433 42.45000076293946
decision_type=2 2 2 2 2 2 2 2 2 2 10 2 2 2
left_child=1 -1 4 -4 5 -3 -7 -8 13 10 -10 -12 -13 -2
right_child=8 2 3 -5 -6 6 7 -9 9 -11 11 12 -14 -15
leaf_value=-0.0017271777913362844 4.8992753559883338e-05 0.0018500137860244206 -0.0098201292524941405 -0.001315999379788082 0.0021174492659014523 0.0022078512528477126 -0.00025654995769698591 -0.009445546908132282 0.0021803799464554263 0.00012725278030864949 0.0014460844995598339 0.00092631890393116546 -0.0048573814927516451 -0.0013708712474624055
leaf_weight=82 8364 148 75 309 468 61 57 56 1737 35947 250 88 67 2765
leaf_count=82 8364 148 75 309 468 61 57 56 1737 35947 250 88 67 2765
internal_value=7.96294e-05 -0.00163507 -0.00112331 -0.00401015 0.0003125 -0.00222892 -0.00559783 -0.0100407 0.00012371 0.000262343 0.00181691 -0.00162651 -0.00651515 -0.00035057
internal_weight=50474 1256 1174 384 790 322 174 113 49218 38089 2142 405 155 11129
internal_count=50474 1256 1174 384 790 322 174 113 49218 38089 2142 405 155 11129
is_linear=0
shrinkage=0.05


Tree=332
num_leaves=15
num_cat=0
split_feature=19 16 56 31 41 43 21 10 15 13 44 11 36 55
split_gain=1.50388 2.46433 2.01912 1.27385 2.0619 1.7668 2.09601 1.46523 2.15616 1.83637 1.71562 2.16783 1.44724 2.1984
threshold=23.399999618530277 18.050000190734867 9.5500001907348651 6.8916738033294687 14.500000000000002 857.50000000000011 46.500000000000007 20.316666603088382 66.950000762939467 43.706249237060554 -2.8945330381393428 22.343750000000004 32.549999237060554 5.5000000000000009
decision_type=2 2 2 2 2 10 2 2 2 2 2 2 2 2
left_child=1 2 -1 7 5 -5 -7 8 9 10 11 -2 -9 -14
right_child=3 -3 -4 4 -6 6 -8 12 -10 -11 -12 -13 13 -15
leaf_value=-0.0037797444255286933 -0.0041837967913868884 -0.012189800209299958 0.0025086803484546602 0.00041738836568012055 0.0025762377687032125 0.00072729612003858562 -0.0045840444651449631 -3.7652648495670342e-05 -0.0086987352415104618 0.00319409091504275 -1.4113826247899918e-05 0.00026236608641670185 0.00070317207910420632 -0.0010579401022300567
leaf_weight=73 78 52 1123 2732 1186 83 91 37441 89 129 264 62 6252 1025
leaf_count=73 78 52 1123 2732 1186 83 91 37441 89 129 264 62 6252 1025
internal_value=0.00015289 0.0018601 0.0023466 0.000109421 0.000953194 0.000233196 -0.00451087 3.30763e-05 -0.00235759 -0.00107735 -0.00272947 -0.007 6.68487e-05 0.000711541
internal_weight=50680 1248 1196 49432 4092 2906 174 45340 622 533 404 140 44718 7277
internal_count=50680 1248 1196 49432 4092 2906 174 45340 622 533 404 140 44718 7277
is_linear=0
shrinkage=0.05


Tree=333
num_leaves=15
num_cat=0
split_feature=45 22 28 32 15 3 49 13 15 15 13 30 24 5
split_gain=1.26613 2.02163 2.22658 2.14666 2.0936 3.41936 2.59478 2.32558 3.92487 3.25367 2.586 1.58009 1.89872 1.80227
threshold=5.3623089790344247 292.50000000000006 30.500000000000004 0.69145217537879955 89.299999237060561 36.850000381469734 942.50000000000011 56.34553527832032 74.15000152587892 46.049999237060554 61.911605834960945 122.50000000000001 15.500000000000002 35.95000076293946
decision_type=2 2 2 2 2 2 10 2 2 2 2 10 2 2
left_child=-1 2 -2 -3 5 -5 7 9 -9 -7 -10 -11 13 -13
right_child=1 3 -4 4 -6 6 -8 8 10 11 -12 12 -14 -15
leaf_value=-7.2130369117237583e-06 -0.0082619439874413222 0.0024697622815758723 -0.00051865420190428096 0.0018456437946861332 0.0014103241553440778 -0.006837255588303677 0.0016987720194653957 5.6515674637253048e-05 -0.011818311064349812 0.0031666221321016742 -0.0069744060541006726 0.0012821846922308432 -0.00090650073791529676 -0.0064672002020863505
leaf_weight=45605 52 1713 150 604 1205 50 312 91 65 262 58 52 331 95
leaf_count=45605 52 1713 150 604 1205 50 312 91 65 262 58 52 331 95
internal_value=7.05756e-05 0.000821782 -0.00396226 0.00102929 0.000247209 -0.000777202 -0.00220211 -0.00343195 -0.00794643 -0.002125 -0.0134211 -0.0012 -0.00288934 -0.00742038
internal_weight=50645 5040 202 4838 3125 1920 1316 1004 214 790 123 740 478 147
internal_count=50645 5040 202 4838 3125 1920 1316 1004 214 790 123 740 478 147
is_linear=0
shrinkage=0.05


Tree=334
num_leaves=15
num_cat=0
split_feature=0 43 33 21 50 54 44 52 26 24 1 4 33 52
split_gain=1.52019 1.74995 2.27364 1.69336 2.74888 3.21678 2.93391 2.69209 2.43086 2.57955 2.92579 3.09014 2.42621 5.04961
threshold=21.050000190734867 137.50000000000003 14.250000000000002 71.500000000000014 0.37940952181816107 7.5000000000000009 -1.9502100348472593 0.21022171527147296 0.56253129243850719 59.500000000000007 79.049999237060561 57.45000076293946 0.94999998807907116 -0.91597726941108693
decision_type=2 10 2 2 2 2 2 2 2 2 2 2 2 2
left_child=1 -1 -3 8 7 6 -6 12 -2 -10 11 -11 -5 -14
right_child=3 2 -4 4 5 -7 -8 -9 9 10 -12 -13 13 -15
leaf_value=0.0020105314548269702 0.0021140665082729974 -0.0014407319978522125 0.0065732301448299894 0.00093607761154182391 0.00071913598989555645 -0.0018284654147205958 -0.0013600794312306991 -0.00058428485289075717 0.00012485420105818679 -0.0023614575362483872 0.00025632223766604485 -0.0067104591469017601 -0.0027385962943429465 0.00036618034791893603
leaf_weight=1606 1824 719 245 6614 2437 2384 1692 6603 23159 167 148 99 463 2507
leaf_count=1606 1824 719 245 6614 2437 2384 1692 6603 23159 167 148 99 463 2507
internal_value=5.7916e-05 0.00124031 -0.000441478 -5.50837e-06 -0.000319242 -0.0011858 -0.000339454 2.9944e-05 0.000274924 0.000138447 -0.00372641 -0.00677536 0.000564937 -0.000620805
internal_weight=50667 2570 964 48097 22700 6513 4129 16187 25397 23573 414 266 9584 2970
internal_count=50667 2570 964 48097 22700 6513 4129 16187 25397 23573 414 266 9584 2970
is_linear=0
shrinkage=0.05


Tree=335
num_leaves=15
num_cat=0
split_feature=24 31 36 28 52 31 8 16 44 24 8 7 12 7
split_gain=1.5295 3.94979 3.86871 3.70005 3.62944 3.95699 3.86433 3.60178 3.35933 3.29346 2.407 2.98695 3.83367 2.96593
threshold=3.5000000000000004 -5.0869722366332999 24.150000572204593 57.500000000000007 -0.71504372358322132 -0.70697447657585133 120.84999847412111 13.550000190734865 1.9925155043601992 6.5000000000000009 39.149999618530281 52.649999618530281 48.685417175292976 33.95000076293946
decision_type=2 2 2 2 2 2 2 2 2 2 2 2 2 2
left_child=4 2 3 -2 5 7 -7 -1 10 -4 13 12 -12 -9
right_child=1 -3 9 -5 -6 6 -8 8 -10 -11 11 -13 -14 -15
leaf_value=0.0016158005324524286 -0.0031177864057025211 -0.00023962501165683084 -0.001056936970612222 0.00031618115573852799 0.00070843521195278637 0.0023771250113624365 -0.0033328518982421694 -0.004353844685742507 0.0018560044780151286 0.0018626278486836023 -0.002824697045733268 -0.0021775565967495948 -0.010593519063609372 0.0050227483198559165
leaf_weight=333 709 27357 755 1841 11165 980 71 197 228 5924 236 450 129 173
leaf_count=333 709 27357 755 1841 11165 980 71 197 228 5924 236 450 129 173
internal_value=7.10077e-05 -9.89177e-05 0.000795 -0.000859375 0.000516032 -0.00109191 0.00132422 -0.00254556 -0.00364371 0.00142697 -0.00470711 -0.00621212 -0.00953333 -0.00131579
internal_weight=50548 36586 9229 2550 13962 2797 1051 1746 1413 6679 1185 815 365 370
internal_count=50548 36586 9229 2550 13962 2797 1051 1746 1413 6679 1185 815 365 370
is_linear=0
shrinkage=0.05


Tree=336
num_leaves=15
num_cat=0
split_feature=35 10 46 25 16 2 22 43 53 51 32 44 32 14
split_gain=1.41291 1.53838 3.09847 2.93195 2.32482 2.16512 1.79352 2.33234 1.67333 1.60563 1.97446 2.39138 1.74509 2.14262
threshold=10.500000000000002 49.20000076293946 0.15000000223517421 23.750000000000004 84.299999237060561 74.15000152587892 450.50000000000006 317.50000000000006 -0.68432605266571034 0.37940952181816107 8.4053010940551776 0.54727211594581615 -3.4101155996322627 54.628469467163093
decision_type=2 2 2 2 2 2 2 10 2 2 2 2 2 2
left_child=-1 6 9 -4 5 -5 -2 -8 -9 -3 11 -11 -13 -14
right_child=1 2 3 4 -6 -7 7 8 -10 10 -12 12 13 -15
leaf_value=0.00023532587302454029 -0.00046645287003540175 0.00026122950672075951 -0.0014234862840759735 -0.0018903577085908432 0.0022988491598125577 -0.0060611975673478709 0.0016220175791638693 0.0014199367944824209 -0.0018184628608329937 0.00048809217778266834 -0.0059658001225607812 -0.003208093526747047 -0.00024045873552020958 -0.0058576664180881805
leaf_weight=33813 2414 5244 1602 61 62 120 3219 547 871 1566 69 451 723 64
leaf_count=33813 2414 5244 1602 61 62 120 3219 547 871 1566 69 451 723 64
internal_value=0.000175663 -0.000195911 -0.000595668 -0.00243935 -0.00745059 -0.0101832 0.000368928 0.00094362 -0.000742297 -0.000174111 -0.00112209 -0.000899076 -0.00253205 -0.00108532
internal_weight=50826 17013 9962 1845 243 181 7051 4637 1418 8117 2873 2804 1238 787
internal_count=50826 17013 9962 1845 243 181 7051 4637 1418 8117 2873 2804 1238 787
is_linear=0
shrinkage=0.05


Tree=337
num_leaves=15
num_cat=0
split_feature=12 53 30 12 36 16 16 13 18 42 52 29 18 36
split_gain=1.48883 1.45821 2.53033 2.17417 2.68911 2.165 3.94815 10.971 3.3016 3.78238 3.289 2.76049 4.67077 2.76544
threshold=19.704860687255863 0.97263759374618541 267.50000000000006 118.50416946411134 19.349999427795414 64.40000152587892 68.349998474121108 102.43898773193361 14.949999809265138 7.2500000000000009 -0.90163370966911305 1.8499999642372134 1.8499999642372134 11.250000000000002
decision_type=2 2 10 2 2 2 2 2 2 2 2 2 2 2
left_child=-1 5 3 -3 -5 -2 7 -7 9 -9 -8 12 -12 -14
right_child=1 2 -4 4 -6 6 10 8 -10 -11 11 -13 13 -15
leaf_value=0.0053129988207103523 4.5650087370885841e-05 0.002848583509262149 0.0028760471600806402 4.1132201519481432e-05 -0.0066429886835082611 -6.9057287090594326e-06 -0.0037080187319026448 -0.00022411417669197694 -0.0095177564595585219 -0.0088504830339424471 0.0042320745337935829 0.00021607271936198376 -0.00033526553735224599 -0.005106553357132726
leaf_weight=215 42933 588 528 2477 56 424 76 73 61 73 102 2936 87 138
leaf_count=215 42933 588 528 2477 56 424 76 73 61 73 102 2936 87 138
internal_value=5.28785e-05 3.48089e-05 0.000996174 0.000448739 -0.000190719 -4.01806e-05 -0.00115578 -0.00475039 -0.013894 -0.00878205 -0.000464318 -0.000209288 -0.00449555 -0.00840425
internal_weight=50767 50552 3649 3121 2533 46903 3970 631 207 146 3339 3263 327 225
internal_count=50767 50552 3649 3121 2533 46903 3970 631 207 146 3339 3263 327 225
is_linear=0
shrinkage=0.05


Tree=338
num_leaves=15
num_cat=0
split_feature=49 56 26 9 18 22 5 0 17 6 26 7 41 57
split_gain=1.77424 2.30529 2.56778 2.67025 2.89637 2.33887 2.54577 2.30113 2.77295 2.47738 2.24934 4.06609 2.09 2.07757
threshold=32.500000000000007 142.25000000000003 0.90639743208885204 21.650000572204593 1.4499999880790713 858.50000000000011 32.049999237060554 183.25000000000003 -4.7499999999999991 217.94999694824222 0.32916016876697546 51.95000076293946 13.500000000000002 118.75000000000001
decision_type=10 2 2 2 2 2 2 2 2 2 2 2 2 2
left_child=7 2 3 4 -2 6 -6 13 9 -9 11 -5 -13 -1
right_child=1 -3 -4 10 5 -7 -8 8 -10 -11 -12 12 -14 -15
leaf_value=-0.00017276072169992936 0.00035069252259379582 0.0034221703966381095 -0.0005890400539128207 0.0053885966292683109 -0.003108625748900984 0.00046263015461980254 -0.0076621367763872921 -0.0036117893943492466 -0.00051974536504843241 0.00060034158293188831 0.0006385018160373361 -0.001426564006171462 -0.0050260095182587906 0.00064121125785463948
leaf_weight=25370 204 758 4397 138 59 55 55 130 884 65 13904 90 116 4397
leaf_count=25370 204 758 4397 138 59 55 55 130 884 65 13904 90 116 4397
internal_value=5.64862e-05 0.000426059 0.000317427 0.000635979 -0.00348564 -0.00812849 -0.0119355 -0.000180516 -0.00243802 -0.00768293 0.000746248 -0.00319209 -0.0075 -9.78942e-05
internal_weight=50622 19776 19018 14621 373 169 114 30846 1079 195 14248 344 206 29767
internal_count=50622 19776 19018 14621 373 169 114 30846 1079 195 14248 344 206 29767
is_linear=0
shrinkage=0.05


Tree=339
num_leaves=15
num_cat=0
split_feature=47 14 41 1 6 52 21 30 36 38 24 4 52 23
split_gain=1.52695 2.87512 7.55164 2.68862 2.78012 3.9275 3.4158 2.61982 2.59458 2.36383 4.788 5.98475 4.60342 4.12434
threshold=6.5612499713897714 3.4420465230941777 50.500000000000007 34.399999618530281 26.550000190734867 0.07411635667085649 66.500000000000014 477.50000000000006 34.250000000000007 11.250000000000002 1.5000000000000002 83.500000000000014 -0.57780906558036793 0.31499999761581426
decision_type=2 2 2 2 2 2 2 8 2 2 2 2 2 2
left_child=1 2 -1 8 5 -5 -7 -8 -3 -2 11 12 13 -11
right_child=9 3 -4 4 -6 6 7 -9 -10 10 -12 -13 -14 -15
leaf_value=0.00094249528595923427 -0.00059103807890518241 0.0019875391308939914 -0.0065255352735224302 0.00046831845910195286 0.00016918908909643071 -0.00014948245326568255 -0.01021426150822106 -0.0011116360753720171 -0.0017820575688468955 0.0016999202588490235 0.00030615435364225198 -0.0058047512125094982 0.0021798518001061584 -0.0056499702812536495
leaf_weight=132 7365 3449 55 377 21618 105 96 75 281 233 15409 103 551 686
leaf_count=132 7365 3449 55 377 21618 105 96 75 281 233 15409 103 551 686
internal_value=9.34812e-05 0.000358424 -0.0056599 0.000403868 0.000195458 -0.00299397 -0.00741259 -0.0115746 0.00164439 -0.000191526 0.000133004 -0.00248579 -0.00162162 -0.00377287
internal_weight=50535 26188 187 26001 22271 653 276 171 3730 24347 16982 1573 1470 919
internal_count=50535 26188 187 26001 22271 653 276 171 3730 24347 16982 1573 1470 919
is_linear=0
shrinkage=0.05


Tree=340
num_leaves=15
num_cat=0
split_feature=53 6 11 52 11 53 4 32 44 32 32 26 5 21
split_gain=1.28749 1.34086 3.71246 2.52367 2.74211 3.31191 4.00488 2.29933 3.72699 2.2486 3.01473 3.71656 2.89557 2.40393
threshold=0.99958848953247081 47.049999237060554 56.935417175292976 0.85673803091049205 53.127084732055671 0.80290535092353832 39.95000076293946 4.1107981204986581 -4.4668128490447989 -7.599421262741088 -6.8768715858459464 0.90639743208885204 54.45000076293946 59.500000000000007
decision_type=2 2 2 2 2 2 2 2 2 2 2 2 2 2
left_child=1 2 3 4 -1 6 -6 -8 -9 -3 11 12 -11 -14
right_child=-2 9 -4 -5 5 -7 7 8 -10 10 -12 -13 13 -15
leaf_value=0.00050978223082092538 0.002637663371360577 0.0013869108801652218 0.0025571050785212039 -0.00061702308308363596 -0.0086315320394026659 -0.010046190106105253 0.0012233059289350342 -0.0079673774924427111 0.0030309077787088194 0.002450592439836888 -0.00013927698730480863 -0.03060154629981154 -0.0012804877233160202 -0.0047363799257047002
leaf_weight=10974 446 1620 3016 5331 61 60 485 54 56 214 28133 51 189 154
leaf_count=10974 446 1620 3016 5331 61 60 485 54 56 214 28133 51 189 154
internal_value=5.25034e-05 2.85671e-05 0.000345937 5.90102e-05 0.000470086 -0.00250689 -0.00138138 -4.13221e-05 -0.00625 -0.000180929 -0.000283294 -0.00373786 -0.00240741 -0.0051983
internal_weight=50844 50398 20037 17021 11690 716 656 595 110 30361 28741 608 557 343
internal_count=50844 50398 20037 17021 11690 716 656 595 110 30361 28741 608 557 343
is_linear=0
shrinkage=0.05


Tree=341
num_leaves=15
num_cat=0
split_feature=0 43 32 48 14 28 41 38 50 38 29 24 32 10
split_gain=1.46827 1.88921 1.91626 1.53435 3.47247 4.0344 2.76248 4.40043 4.44556 3.87893 3.33559 2.6951 2.48207 3.0702
threshold=22.650000572204593 152.50000000000003 2.9228242635726933 -2.8500000238418575 26.440863609313968 72.500000000000014 5.5000000000000009 16.349999427795414 -0.6035533845424651 13.949999809265138 6.2500000000000009 231.50000000000003 8.4053010940551776 48.658334732055671
decision_type=2 10 2 2 2 2 2 2 2 2 2 2 2 2
left_child=1 -1 -3 4 11 -6 7 8 9 -5 -11 12 -2 -14
right_child=3 2 -4 6 5 -7 -8 -9 -10 10 -12 -13 13 -15
leaf_value=0.0014086596108496255 -0.00054391830140041494 -0.0012348101628233696 0.004694376116851715 -0.00049982429361589121 0.0013776946228855553 -0.00092706591880601329 -0.00011234474954675545 0.0018494524167673094 0.00076113348847571365 -0.0065151219195429908 -0.00077121428904743366 0.0020996100636614676 -0.0012993930913826391 -0.0060455538966148878
leaf_weight=2188 12379 901 237 2843 4025 1365 16108 4680 4108 269 187 736 332 187
leaf_count=2188 12379 901 237 2843 4025 1365 16108 4680 4108 269 187 736 332 187
internal_value=0.000104342 0.00111811 -0.000531359 3.27131e-05 -0.000314174 0.000759259 0.000266797 0.000837811 7.8873e-05 -0.00128589 -0.00551502 -0.000738786 -0.000907189 -0.00426276
internal_weight=50545 3326 1138 47219 19024 5390 28195 12087 7407 3299 456 13634 12898 519
internal_count=50545 3326 1138 47219 19024 5390 28195 12087 7407 3299 456 13634 12898 519
is_linear=0
shrinkage=0.05


Tree=342
num_leaves=15
num_cat=0
split_feature=47 53 7 32 24 3 54 21 55 42 6 2 56 16
split_gain=1.52059 1.36194 1.35161 1.31659 2.17767 2.1688 3.14225 3.54971 2.569 2.51154 2.05777 1.8366 2.19033 2.81233
threshold=1.55227267742157 0.99958848953247081 8.9000000953674334 -2.5623747110366817 100.50000000000001 66.250000000000014 4.5000000000000009 118.50000000000001 1.5000000000000002 7.9500000476837167 32.049999237060554 189.30000305175784 86.700000762939467 75.099998474121108
decision_type=2 2 2 2 2 2 2 2 2 2 2 2 2 2
left_child=-1 2 -2 4 -4 6 7 10 -7 -10 -6 12 13 -5
right_child=1 -3 3 11 5 8 -8 -9 9 -11 -12 -13 -14 -15
leaf_value=0.004027242254373834 0.0046406130123822194 0.0025510087017674011 -9.2678302714072961e-05 8.3558157766636955e-05 -0.008958053555038566 0.002030490749872571 0.0020067820772232316 -0.00027650505788066692 -0.0051055507833442561 -0.0032775954702150829 -0.0037091155555854152 -0.0010749764008583639 0.00092912373341383315 -0.007193829144736423
leaf_weight=398 202 419 15991 24326 53 84 439 192 121 93 53 1267 6917 87
leaf_count=398 202 419 15991 24326 53 84 439 192 121 93 53 1267 6917 87
internal_value=0.000121614 9.69079e-05 7.27402e-05 5.57091e-05 -0.00030054 -0.00251196 -0.0010241 -0.0049026 -0.00603896 -0.00883929 -0.0118103 0.000241819 0.000317486 9.47879e-05
internal_weight=50642 50244 49825 49623 17026 1035 737 298 298 214 106 32597 31330 24413
internal_count=50642 50244 49825 49623 17026 1035 737 298 298 214 106 32597 31330 24413
is_linear=0
shrinkage=0.05


Tree=343
num_leaves=15
num_cat=0
split_feature=32 52 53 49 4 33 41 26 8 15 4 42 8 15
split_gain=1.33961 2.03221 3.58288 5.25751 6.58129 3.21832 2.52427 3.36552 2.79652 2.5389 2.40338 2.89888 3.44654 2.77858
threshold=-2.5239741802215572 -0.94705909490585316 -0.27694045007228846 -252.49999999999997 58.649999618530281 0.15000000223517421 44.500000000000007 0.64268639683723461 86.250000000000014 57.350000381469734 93.500000000000014 6.8500001430511483 77.40000152587892 96.049999237060561
decision_type=2 2 2 10 2 2 2 2 2 2 2 2 2 2
left_child=-1 2 3 -2 5 -5 7 -4 9 -8 13 12 -12 -9
right_child=1 -3 6 4 -6 -7 8 10 -10 -11 11 -13 -14 -15
leaf_value=-0.00016044039547552169 0.0050246663713479538 0.00028646361666867878 0.003139226190203322 -0.015840967202834712 0.00087293723401502162 -0.0056651354577925278 -0.0051410607319533142 -0.0010266033323957132 -0.017158123806249218 0.0025946185291954309 -0.0017625041251186236 0.00075136509741694402 -0.011618444082174599 0.0023408212923585752
leaf_weight=17470 160 28718 827 110 92 66 107 1404 74 165 163 164 88 740
leaf_count=17470 160 28718 827 110 92 66 107 1404 74 165 163 164 88 740
internal_value=7.62542e-05 0.00026423 -0.000767386 -0.00504566 -0.00920863 -0.0146237 -0.000264564 0.000156066 -0.00426966 -0.00173759 -0.000741533 -0.00417647 -0.00745211 -6.03526e-05
internal_weight=50348 32878 4160 428 268 176 3732 3386 346 272 2559 415 251 2144
internal_count=50348 32878 4160 428 268 176 3732 3386 346 272 2559 415 251 2144
is_linear=0
shrinkage=0.05


Tree=344
num_leaves=15
num_cat=0
split_feature=18 30 23 7 9 55 7 9 9 5 21 31 14 5
split_gain=1.24249 3.28455 3.25769 2.20135 2.54385 3.12216 2.1266 2.11866 4.16402 3.47467 2.32228 2.96355 3.67216 5.6299
threshold=5.4500000476837167 111.87500000000001 1.8650000095367434 94.200000762939467 26.150000572204593 2.5000000000000004 75.099998474121108 36.250000000000007 45.699998855590827 83.500000000000014 23.500000000000004 -0.32355238497257227 18.097889900207523 43.45000076293946
decision_type=2 8 2 2 2 2 2 2 2 2 2 2 2 2
left_child=-1 3 7 4 5 -2 -6 -3 9 -9 11 12 13 -10
right_child=1 2 -4 -5 6 -7 -8 8 10 -11 -12 -13 -14 -15
leaf_value=0.00019576714328574534 -0.0062766985392074814 0.00025315780335668424 -0.010921882121202308 -0.0004067271421852761 0.00047718421499089484 0.0014108153260680917 0.0025889720145890961 -0.0031072025905323711 -0.0009013344637695584 0.0005205494782934639 -0.00011722937148301465 3.9261778590863442e-05 -0.00045280634984387293 -0.012291061401258671
leaf_weight=31140 113 3045 68 3184 4904 113 1218 1293 79 365 4747 253 140 54
leaf_count=31140 113 3045 68 3184 4904 113 1218 1293 79 365 4747 253 140 54
internal_value=9.91604e-05 -0.000212907 -0.000843445 0.000451687 0.000989305 -0.00411017 0.00118395 -0.000763068 -0.0012455 -0.00342326 -0.000555555 -0.00367537 -0.00719081 -0.0128322
internal_weight=50716 19576 10044 9532 6348 226 6122 9976 6931 1658 5273 526 273 133
internal_count=50716 19576 10044 9532 6348 226 6122 9976 6931 1658 5273 526 273 133
is_linear=0
shrinkage=0.05


Tree=345
num_leaves=15
num_cat=0
split_feature=0 15 33 38 5 0 43 4 34 0 19 9 48 13
split_gain=1.48296 2.60556 3.4196 2.38302 2.87428 4.74139 2.06656 1.96617 1.87707 1.77122 3.2214 2.78388 1.81311 1.76189
threshold=62.050001144409187 94.65000152587892 17.150000572204593 25.150000572204593 70.65000152587892 58.149999618530281 52.500000000000007 57.45000076293946 5.0499999523162851 28.150000572204593 68.349998474121108 38.250000000000007 -4.9500000476837149 39.211904525756843
decision_type=2 2 2 2 2 2 10 2 2 2 2 2 2 2
left_child=1 3 7 4 -1 6 -6 -3 -9 -8 11 12 -11 -5
right_child=-2 2 -4 13 5 -7 9 8 -10 10 -12 -13 -14 -15
leaf_value=7.1077393776419726e-05 -9.3795745099346485e-05 0.0034656504391585327 -0.0050969006472616901 -0.00033677151076033971 0.00074919301013569837 -0.0072435337241746577 0.0037159945793506302 0.0011414085447336477 -0.0034028701233749801 -0.0068768198646081751 -0.00082523210238326719 -0.0022474753268584813 -0.0050128090813047876 0.0016234825164074896
leaf_weight=18924 21614 1707 75 912 496 100 92 3110 53 51 332 157 50 3075
leaf_count=18924 21614 1707 75 912 496 100 92 3110 53 51 332 157 50 3075
internal_value=0.000150518 0.000383269 0.00142785 0.000169222 -5.14544e-05 -0.00233696 -0.00139731 0.00159836 0.000855657 -0.00316474 -0.00416667 -0.00824627 -0.0143694 0.00128471
internal_weight=50748 29134 4945 24189 20202 1278 1178 4870 3163 682 590 258 101 3987
internal_count=50748 29134 4945 24189 20202 1278 1178 4870 3163 682 590 258 101 3987
is_linear=0
shrinkage=0.05


Tree=346
num_leaves=15
num_cat=0
split_feature=0 15 53 57 53 26 8 8 4 55 5 40 41 26
split_gain=1.59935 1.95577 3.05592 3.29338 4.24523 3.71347 3.13939 3.07264 2.58543 2.9945 3.25249 2.77872 3.35 4.25144
threshold=73.000000000000014 95.349998474121108 -0.67168185114860524 61.383333206176765 0.67007490992546093 0.67138922214508068 68.349998474121108 57.800001144409187 43.250000000000007 1.5000000000000002 24.550000190734867 978.04998779296886 53.500000000000007 0.6441447138786317
decision_type=2 2 2 2 2 2 2 2 2 2 2 2 2 2
left_child=1 2 7 -4 -5 6 -6 8 9 10 -1 12 -10 -14
right_child=-2 -3 3 4 5 -7 -8 -9 11 -11 -12 -13 13 -15
leaf_value=-0.0043022956046426227 -0.00017096094890696782 0.00089336729376180985 1.3196403121846748e-05 -0.0018212721076024544 0.0034377720554652196 0.00393272911134463 -0.012035557373779641 0.0025553159202277901 -0.00019059053340553264 0.0015571125421088474 0.00029982595476840999 0.0028978499223125606 0.00029865922742802666 -0.0058292350715357065
leaf_weight=245 17150 6676 13435 2552 50 750 50 2581 1856 2927 1037 632 338 536
leaf_count=245 17150 6676 13435 2552 50 750 50 2581 1856 2927 1037 632 338 536
internal_value=7.82097e-05 0.000278397 8.87072e-05 -0.00032439 -0.00171161 0.00133721 -0.00727273 0.00077347 0.000264477 0.00108912 -0.000921052 -0.00076809 -0.00145985 -0.00399321
internal_weight=50815 33665 26989 16837 3402 850 100 10152 7571 4209 1282 3362 2730 874
internal_count=50815 33665 26989 16837 3402 850 100 10152 7571 4209 1282 3362 2730 874
is_linear=0
shrinkage=0.05


Tree=347
num_leaves=15
num_cat=0
split_feature=49 23 21 4 34 38 37 50 15 42 24 28 9 50
split_gain=2.16814 3.24778 3.80404 3.0368 3.33903 2.83496 2.71492 3.18557 3.00722 2.55951 4.8934 3.04873 2.97422 2.41446
threshold=32.500000000000007 0.40500000119209295 140.50000000000003 15.84999990463257 -0.25000000745058054 3.4500000476837163 48.500000000000007 -0.98296290636062611 85.099998474121108 2.9500000476837163 18.500000000000004 50.500000000000007 26.150000572204593 1.0000000180025095e-35
decision_type=8 2 2 2 2 2 2 2 2 2 2 2 2 2
left_child=1 2 3 4 -1 -3 7 -4 -9 10 -7 12 -12 -11
right_child=-2 5 6 -5 -6 9 -8 8 -10 13 11 -13 -14 -15
leaf_value=-0.0091201394880095522 0.00024604578939694302 -0.0034062530427678632 -0.0085022105779826683 1.1054757250502656e-05 -0.00057357404608778266 -0.00025411008667829919 0.0034432945797851222 0.0013521287142159251 -0.0048154631060683814 0.0001123232262764181 -0.00035988796886892902 -0.0020117274220748534 -0.0054032478415047391 -0.00079234807190152402
leaf_weight=120 25672 79 81 4749 229 1421 2121 688 96 7726 84 493 233 6767
leaf_count=120 25672 79 81 4749 229 1421 2121 688 96 7726 84 493 233 6767
internal_value=2.462e-05 -0.000307868 0.000515197 -0.000315192 -0.0047493 -0.000703919 0.00192924 -0.000428571 0.00059194 -0.000656149 -0.00222892 -0.00530488 -0.00906728 -0.000412673
internal_weight=50559 24887 8084 5098 349 16803 2986 865 784 16724 2231 810 317 14493
internal_count=50559 24887 8084 5098 349 16803 2986 865 784 16724 2231 810 317 14493
is_linear=0
shrinkage=0.05


Tree=348
num_leaves=15
num_cat=0
split_feature=17 49 2 26 24 38 18 44 50 57 37 40 36 26
split_gain=1.52896 1.5896 3.08208 2.78835 2.66645 3.59895 3.65842 3.63917 3.26576 3.00812 6.24487 3.00292 3.19669 2.71356
threshold=-117.95000076293944 12.500000000000002 214.44999694824222 0.6600199043750764 9.5000000000000018 11.34999990463257 22.250000000000004 -2.1285291910171504 1.0000000180025095e-35 47.583332061767585 36.500000000000007 980.14999389648449 30.150000572204593 0.65772810578346264
decision_type=2 10 2 2 2 2 2 2 2 2 2 2 2 2
left_child=-1 2 4 -3 -2 9 8 -8 -7 -6 -11 12 -9 -12
right_child=1 3 -4 -5 5 6 7 11 -10 10 13 -13 -14 -15
leaf_value=0.0021577071196734973 0.00026831184771225627 0.0014527890344893525 -0.0021652807588131511 3.7522306187044487e-05 -0.00040771673983536552 0.00068611629381607636 -0.0001712946330778855 -0.011666092244390865 -0.00052714384120991671 -0.006132634437822959 2.3997419457172989e-05 -0.0029310439014489827 -0.0021180087635462113 -0.0031058528808073256
leaf_weight=395 12493 5825 361 15342 1885 6326 733 115 5534 179 603 248 94 674
leaf_count=395 12493 5825 361 15342 1885 6326 733 115 5534 179 603 248 94 674
internal_value=8.82581e-05 6.36629e-05 -0.000175184 0.000393588 -0.000116979 -0.000536248 -0.000160796 -0.00279167 0.000105308 -0.00199791 -0.00369713 -0.00624197 -0.0105251 -0.00242036
internal_weight=50807 50412 29245 21167 28884 16391 13050 1190 11860 3341 1456 457 209 1277
internal_count=50807 50412 29245 21167 28884 16391 13050 1190 11860 3341 1456 457 209 1277
is_linear=0
shrinkage=0.05


Tree=349
num_leaves=15
num_cat=0
split_feature=8 29 47 30 11 14 36 11 14 5 44 13 20 31
split_gain=1.32308 1.22237 2.23568 3.08947 5.87253 5.6213 4.36369 4.15843 3.79433 4.88551 4.72544 3.03959 2.56922 2.49119
threshold=8.9000000953674334 12.34999990463257 6.8707141876220712 132.50000000000003 83.268749237060561 31.044102668762211 14.84999990463257 75.099998474121108 23.177927970886234 97.90000152587892 6.1378996372222909 38.700893402099616 55.549999237060554 -7.5807819366455069
decision_type=2 2 2 10 2 2 2 2 2 2 2 2 2 2
left_child=-1 2 -2 -4 7 8 -7 11 -6 -10 -11 -5 -13 -14
right_child=1 -3 3 4 5 6 -8 -9 9 10 -12 12 13 -15
leaf_value=0.0064649650012071199 0.00015616930743038863 0.00069036886634032057 0.00010089048470013638 -0.0030352314244909712 -0.0029053282728753777 -0.0019586016619809118 0.0036298421306549845 0.0040840872365857225 0.001622573676658963 -0.011617245730794545 -0.0020837128827181886 -0.00018241886766730145 -0.0094068515137736008 -0.0013452980426389486
leaf_weight=196 27885 4144 9259 1527 346 251 324 512 52 141 51 5478 66 233
leaf_count=196 27885 4144 9259 1527 346 251 324 512 52 141 51 5478 66 233
internal_value=3.02132e-05 1.38231e-05 -6.01494e-05 -0.000490411 -0.00115059 -0.00444681 -0.000897436 -0.000654229 -0.00783333 -0.0125197 -0.0160396 -0.00096117 -0.000434595 -0.00487055
internal_weight=50465 50269 46125 18240 8981 1165 575 7816 590 244 192 7304 5777 299
internal_count=50465 50269 46125 18240 8981 1165 575 7816 590 244 192 7304 5777 299
is_linear=0
shrinkage=0.05


Tree=350
num_leaves=15
num_cat=0
split_feature=37 44 33 9 11 15 12 20 22 30 0 55 27 28
split_gain=1.23745 4.17077 3.67717 2.76084 3.1845 2.9989 3.51755 2.67425 2.64835 2.64333 3.07897 2.58439 2.27503 2.26418
threshold=53.500000000000007 -7.752504587173461 14.150000095367433 41.95000076293946 29.454167366027836 45.149999618530281 28.87430572509766 4.2500000000000009 542.50000000000011 292.50000000000006 123.65000152587892 5.5000000000000009 27.849999427795414 42.500000000000007
decision_type=2 2 2 2 2 2 2 2 2 10 2 2 2 2
left_child=1 -1 3 4 -3 6 -6 12 -7 10 -10 -8 -2 -9
right_child=7 2 -4 -5 5 8 11 13 9 -11 -12 -13 -14 -15
leaf_value=0.0023022710666017092 -0.0024971037729633128 0.00030211311540446052 -0.0091898160306022412 5.3292117676360522e-05 -0.01077982304897356 -0.00010024788496058378 -0.00076200963354435545 0.0018132653278778736 -0.0010529428650935318 -0.0045264808651447209 -0.0060448256319634349 -0.0072754742763976726 -0.00051498306833742448 0.00010508562679586487
leaf_weight=1232 148 1536 70 8226 95 1647 244 3335 1649 387 77 71 403 31509
leaf_count=1232 148 1536 70 8226 95 1647 244 3335 1649 387 77 71 403 31509
internal_value=6.30938e-05 -0.000313566 -0.00055952 -0.000497776 -0.00134185 -0.00205742 -0.00607143 0.000225251 -0.00160477 -0.00277202 -0.00191244 -0.00330769 -0.00319964 0.000280312
internal_weight=50629 15234 14002 13932 5706 4170 410 35395 3760 2113 1726 315 551 34844
internal_count=50629 15234 14002 13932 5706 4170 410 35395 3760 2113 1726 315 551 34844
is_linear=0
shrinkage=0.05


Tree=351
num_leaves=15
num_cat=0
split_feature=19 56 23 5 38 38 19 33 21 24 38 6 20 11
split_gain=1.5139 1.30054 1.45012 1.61067 1.11844 1.26076 1.45444 1.30746 2.69594 2.49422 2.38695 3.08442 2.50027 2.26553
threshold=25.150000572204593 229.80000305175784 1.1250000000000002 252.84999847412112 27.849999427795414 26.44999980926514 188.85000610351565 2.8500000238418584 167.50000000000003 1.5000000000000002 22.94999980926514 51.049999237060554 13.150000095367433 61.316667556762702
decision_type=2 2 2 2 2 2 2 2 2 2 2 2 2 2
left_child=-1 4 -3 -4 5 7 -7 -2 9 -9 11 -10 -12 -11
right_child=1 2 3 -5 -6 6 -8 8 10 13 12 -13 -14 -15
leaf_value=0.0012843370651741568 6.331151907533136e-05 0.0020323575922689143 -0.0028762433779052402 0.0046330885941385834 -0.0033302780511983141 0.0015756997317744135 -0.0032294928423249273 -0.0024391900176591362 -0.0016841485487388418 0.00064737231954305685 -0.00018036708342456689 -0.010579691224469284 -0.0052766659567276223 -0.0014086034513684591
leaf_weight=1463 40626 574 60 51 55 1475 68 929 103 3609 498 58 55 1008
leaf_count=1463 40626 574 60 51 55 1475 68 929 103 3609 498 58 55 1008
internal_value=9.39933e-05 4.66664e-05 0.00219424 -0.00285124 1.58784e-05 2.46704e-05 0.00142627 -2.17501e-05 -0.00069378 -0.000318574 -0.00356354 -0.00874269 -0.00192718 0.00015885
internal_weight=50632 49169 685 111 48484 48429 1543 46886 6260 5546 714 161 553 4617
internal_count=50632 49169 685 111 48484 48429 1543 46886 6260 5546 714 161 553 4617
is_linear=0
shrinkage=0.05


Tree=352
num_leaves=15
num_cat=0
split_feature=33 54 41 52 17 49 18 19 8 19 23 27 33 31
split_gain=1.52157 2.23485 4.32141 4.27862 2.16384 4.97886 2.99151 4.0119 2.83272 1.93068 2.01519 2.97885 4.51456 2.88413
threshold=1.0000000180025095e-35 11.500000000000002 1.0000000180025095e-35 -0.37447345256805414 -41.950000762939446 -72.499999999999986 12.949999809265138 58.649999618530281 46.049999237060554 21.750000000000004 0.54500001668930065 27.650000572204593 0.94999998807907116 -3.9851181507110591
decision_type=2 2 2 2 2 8 2 2 2 2 2 2 2 2
left_child=-1 4 3 -3 5 6 7 -2 -9 -6 11 12 13 -11
right_child=1 2 -4 -5 9 -7 -8 8 -10 10 -12 -13 -14 -15
leaf_value=0.00017652413948226185 -0.00021236159179643761 -0.0067984149098377494 -0.0076113367891979429 0.0031818844964537855 0.0031688651190003598 0.0015831492997818277 0.0017484794723762022 -0.0050851995605059016 -0.007541492832876597 -0.0051845586769805295 8.6992018044272358e-05 0.00029870439060363565 -0.000402209358592873 -0.0022611262669883342
leaf_weight=31948 70 85 98 171 379 237 50 52 89 345 12536 1910 1886 848
leaf_count=31948 70 85 98 171 379 237 50 52 89 345 12536 1910 1886 848
internal_value=3.39159e-05 -0.000323457 -0.0042033 -0.000639098 -0.000246578 -0.00346457 -0.00809963 -0.0106109 -0.0151987 -0.000155186 -0.000232392 -0.00108122 -0.00204111 -0.00443475
internal_weight=50704 18756 354 256 18402 498 261 211 141 17904 17525 4989 3079 1193
internal_count=50704 18756 354 256 18402 498 261 211 141 17904 17525 4989 3079 1193
is_linear=0
shrinkage=0.05


Tree=353
num_leaves=15
num_cat=0
split_feature=0 14 34 48 57 41 1 21 44 9 13 13 37 37
split_gain=1.58846 2.39855 1.8935 1.6201 3.44769 4.13415 2.57789 2.4169 3.18336 3.32381 4.47949 2.3142 2.2507 2.14264
threshold=67.200000762939467 26.440863609313968 -4.7499999999999991 -2.6499999761581416 38.283332824707038 45.500000000000007 23.650000572204593 49.500000000000007 -3.8417252302169795 51.049999237060554 56.100000381469734 28.995833396911625 32.500000000000007 26.500000000000004
decision_type=2 2 2 2 2 2 2 2 2 2 2 2 2 2
left_child=1 3 -3 6 7 12 -1 13 -9 10 11 -10 -6 -5
right_child=-2 2 -4 4 5 -7 -8 8 9 -11 -12 -13 -14 -15
leaf_value=0.0010030388966548564 -0.00012883792943477754 -0.0022307402359985971 0.0019847394295675657 0.0025658799780695612 -0.00046549119065521959 -0.0002942114799590365 -0.00038652797606337868 0.00068527654639686977 0.00073293806856868083 0.00046234642356332827 -0.0069805166037880595 -0.0025333729650268578 0.0025469476116324508 0.00028450617668438827
leaf_weight=2292 19396 82 2699 595 552 2721 10725 1430 378 876 50 1451 4952 2364
leaf_count=2292 19396 82 2699 595 552 2721 10725 1430 378 876 50 1451 4952 2364
internal_value=0.000137722 0.000358758 0.00175743 0.000221158 0.000568633 0.00126594 -0.000189222 -0.000234833 -0.00100715 -0.00199819 -0.00317893 -0.00272159 0.00205296 0.000857191
internal_weight=50563 31167 2781 28386 15369 8225 13017 7144 4185 2755 1879 1829 5504 2959
internal_count=50563 31167 2781 28386 15369 8225 13017 7144 4185 2755 1879 1829 5504 2959
is_linear=0
shrinkage=0.05


Tree=354
num_leaves=15
num_cat=0
split_feature=47 0 40 26 47 19 19 48 57 14 17 18 36 31
split_gain=1.61964 1.32861 1.94398 1.98537 2.67783 4.25564 4.75425 3.91605 3.99677 3.46321 2.6574 3.33167 2.10444 2.37943
threshold=1.55227267742157 123.65000152587892 987.85000610351574 0.70791533589363109 6.2577381134033212 112.59999847412111 122.25000000000001 -2.5499999523162837 92.750000000000014 16.410719871521 30.44999980926514 14.949999809265138 20.44999980926514 4.6574950218200692
decision_type=2 2 2 2 2 2 2 2 2 2 2 2 2 2
left_child=-1 2 -2 -4 5 12 10 8 9 -6 11 -7 -5 -14
right_child=1 -3 3 4 7 6 -8 -9 -10 -11 -12 -13 13 -15
leaf_value=0.0037830296089863963 -2.8702745484964687e-05 -0.00038180942092964687 0.001001685427119823 0.001666117482976939 -0.0009455228655607565 -0.006742752487885419 0.0058353669524354272 0.0007291198150014812 -0.0010150502157903697 -0.020761276418218448 -0.002935464869813669 -0.0062228666550392083 0.00015576844847870166 -0.014088322180128184
leaf_weight=402 33351 6437 6435 2076 61 140 119 466 255 100 119 50 409 131
leaf_count=402 33351 6437 6435 2076 61 140 119 466 255 100 119 50 409 131
internal_value=5.74555e-05 3.17991e-05 0.000130598 0.000728474 -0.00015752 0.000546824 -0.00401826 -0.00256726 -0.00603286 -0.0119591 -0.0072257 -0.01075 0.00130617 -0.00145455
internal_weight=50551 50149 43712 10361 3926 3044 428 882 416 161 309 190 2616 540
internal_count=50551 50149 43712 10361 3926 3044 428 882 416 161 309 190 2616 540
is_linear=0
shrinkage=0.05


Tree=355
num_leaves=15
num_cat=0
split_feature=6 14 40 18 25 14 57 13 32 35 19 32 5 45
split_gain=1.74681 2.61063 3.30439 2.10868 2.22191 3.5597 3.15435 4.53485 2.31664 1.9262 1.72481 1.70642 1.87577 2.07336
threshold=47.45000076293946 27.036657333374027 974.14999389648449 -16.249999999999996 8.7500000000000018 4.6377301216125497 41.45000076293946 47.911010742187507 -2.8870376348495479 8.5000000000000018 304.05000305175787 -3.4101155996322627 94.200000762939467 2.2020553350448613
decision_type=2 2 2 2 2 2 2 2 2 2 2 2 2 2
left_child=1 10 -3 -2 5 -5 7 -7 -8 -6 11 12 13 -1
right_child=3 2 -4 4 9 6 8 -9 -10 -11 -12 -13 -14 -15
leaf_value=-0.00046663516295563577 0.0002927884750166581 -0.0039477051329892378 0.0034744805246400435 -0.016955623458770604 0.00021209727315686913 -0.00064416669345289336 -0.0038502992532558188 -0.013467170152874837 0.0015099099101283531 -0.00045488102050862759 -0.0070040159762482304 0.00046714056180278279 -0.014380842710050537 0.0019951919697494746
leaf_weight=5268 9930 70 1381 51 6558 144 139 75 417 13247 80 12558 71 907
leaf_count=5268 9930 70 1381 51 6558 144 139 75 417 13247 80 12558 71 907
internal_value=3.79132e-05 0.000396904 0.00243327 -0.000201007 -0.000489075 -0.00301435 -0.00207006 -0.00700873 -3.53355e-05 -0.000382286 0.00023923 0.000272138 -0.000402813 -0.000303153
internal_weight=50896 20335 1451 30561 20631 826 775 219 556 19805 18884 18804 6246 6175
internal_count=50896 20335 1451 30561 20631 826 775 219 556 19805 18884 18804 6246 6175
is_linear=0
shrinkage=0.05


Tree=356
num_leaves=15
num_cat=0
split_feature=0 57 23 48 31 9 20 30 46 9 31 33 52 38
split_gain=1.42242 2.04874 1.72589 2.97647 2.81788 3.48622 2.92908 2.54134 2.45249 3.06008 3.11585 2.62194 2.11796 2.54666
threshold=54.049999237060554 99.049999237060561 0.9650000035762788 -4.4500000476837149 -0.5479663312435149 71.099998474121108 13.550000190734865 1502.5000000000002 0.15000000223517421 55.149999618530281 -6.4721608161926261 2.8500000238418584 -0.99275806546211232 9.5500001907348651
decision_type=2 2 2 2 2 2 2 10 2 2 2 2 2 2
left_child=1 -1 12 4 -4 6 7 -6 -5 10 -10 -12 -2 -14
right_child=2 -3 3 8 5 -7 -8 -9 9 -11 11 -13 13 -15
leaf_value=0.00017507775334790819 0.0015756595445324481 0.0028870760235675855 0.00038078808259973251 0.0027461190832155265 -0.0074664767165783883 0.00090336812645123901 -0.0015158726978392047 -0.00084759656258096873 -0.016363039021352017 0.0014866537052648189 0.0039233397554780513 -0.0020529323369388153 0.00021565868651946755 -0.00053272095186966142
leaf_weight=23585 1017 1100 777 1865 88 209 144 52 167 768 195 126 6628 13921
leaf_count=23585 1017 1100 777 1865 88 209 144 52 167 768 195 126 6628 13921
internal_value=6.13995e-05 0.000333064 -0.000196981 0.000705522 -0.00132812 -0.00424453 -0.0077551 -0.0126667 0.00153465 -0.000173775 -0.00323293 -0.000287009 -0.000380979 -0.000491512
internal_weight=50642 24685 25957 4391 1270 493 284 140 3121 1256 488 321 21566 20549
internal_count=50642 24685 25957 4391 1270 493 284 140 3121 1256 488 321 21566 20549
is_linear=0
shrinkage=0.05


Tree=357
num_leaves=15
num_cat=0
split_feature=57 33 23 21 6 50 46 28 47 57 33 23 9 52
split_gain=1.1573 1.2495 1.18462 3.221 3.86717 2.74314 2.75688 2.74143 3.26145 2.01023 1.90958 4.30501 2.03278 3.02806
threshold=228.8666687011719 0.55000001192092907 0.84499999880790722 217.50000000000003 59.699998855590827 -1.0000000180025095e-35 22.94999980926514 47.500000000000007 5.9809091091156015 56.650001525878913 23.849999427795414 1.1449999809265139 20.44999980926514 0.82414472103118908
decision_type=2 2 2 2 2 2 2 2 2 2 2 2 2 2
left_child=2 -2 -1 5 9 -4 10 -6 -9 -5 12 -12 13 -7
right_child=1 -3 3 4 7 6 -8 8 -10 -11 11 -13 -14 -15
leaf_value=-9.1687258594466717e-06 0.0033159361744728813 -0.0026832606695834007 0.0016183366566817126 -0.0039600544906751014 0.0024714663125244766 -0.0076642627793567222 -0.016906624003566427 -0.0012176214305249424 -0.0055067693724369362 0.0018973458299843867 0.0054893719840878293 -0.016773414083967635 0.0003712584783787064 0.0011225623046233943
leaf_weight=40605 491 55 4317 112 50 73 56 85 73 209 82 63 4495 79
leaf_count=40605 491 55 4317 112 50 73 56 85 73 209 82 63 4495 79
internal_value=0.00012339 0.00239209 9.82927e-05 0.0005946 -0.00316327 0.000814714 -2.05827e-06 -0.00830275 -0.011369 0.000317221 0.000137443 -0.00532258 0.000318875 -0.00518518
internal_weight=50845 546 50299 9694 529 9165 4848 208 158 321 4792 145 4647 152
internal_count=50845 546 50299 9694 529 9165 4848 208 158 321 4792 145 4647 152
is_linear=0
shrinkage=0.05


Tree=358
num_leaves=15
num_cat=0
split_feature=23 43 22 8 30 8 8 53 49 23 20 18 37 46
split_gain=1.60333 1.96915 2.35511 2.80536 2.26679 4.03811 2.09056 3.11441 2.88331 3.81294 4.35471 2.49011 1.95433 1.79186
threshold=0.84499999880790722 102.50000000000001 421.50000000000006 26.550000190734867 1307.5000000000002 56.149999618530281 41.049999237060554 -0.4755979031324386 -92.499999999999986 1.0549999475479128 16.94999980926514 37.750000000000007 88.500000000000014 1.8499999642372134
decision_type=2 8 2 2 10 2 2 2 8 2 2 2 2 2
left_child=-1 2 -2 -4 12 -6 7 8 -3 11 -11 -10 -5 -8
right_child=1 6 3 4 5 -7 13 -9 9 10 -12 -13 -14 -15
leaf_value=-2.8968130070209287e-05 0.002849666788384002 0.00048492369388600568 -0.0054416584719144461 0.0014509652875200852 0.00039540066548114503 -0.0041244766551754505 0.0019523833013733415 0.0058232909225296595 0.00099624445943314894 -0.013443356936560813 -0.0008455187391094663 -0.0040017610531515599 -0.0014772041520309072 -4.0518017497311862e-05
leaf_weight=40881 285 622 92 957 135 86 4245 333 386 157 168 61 911 1349
leaf_count=40881 285 622 92 957 135 86 4245 333 386 157 168 61 911 1349
internal_value=9.25453e-05 0.000667041 -0.000553312 -0.00111593 -0.000717008 -0.00538961 0.0010783 -0.000440414 -0.00148148 -0.00350384 -0.00753731 -0.000470459 -0.000138445 0.00154711
internal_weight=50668 9787 2466 2181 2089 221 7321 1727 1394 772 325 447 1868 5594
internal_count=50668 9787 2466 2181 2089 221 7321 1727 1394 772 325 447 1868 5594
is_linear=0
shrinkage=0.05


Tree=359
num_leaves=15
num_cat=0
split_feature=0 40 34 53 10 25 40 52 7 6 47 6 24 27
split_gain=1.40629 2.39691 2.0897 2.75607 3.13142 3.04777 2.44273 4.53822 2.34397 2.1682 2.07447 3.61817 2.36275 1.99363
threshold=95.799999237060561 991.35000610351574 -1.0500000119209287 -0.87810534238815297 104.29166793823244 17.250000000000004 989.64999389648449 0.80417552590370189 192.09999847412112 179.50000000000003 4.6369316577911386 108.40000152587892 9.5000000000000018 16.050000190734867
decision_type=2 2 2 2 2 2 2 2 2 2 2 2 2 2
left_child=1 10 8 4 -4 -6 -5 13 -2 -10 11 12 -1 -8
right_child=2 -3 3 6 5 -7 7 -9 9 -11 -12 -13 -14 -15
leaf_value=0.0021911386762459234 0.0013615575542322285 0.0014701914191873643 -0.00042459156487059538 0.00025870859797518235 -0.0019172155915393907 -0.0075305408899210479 -0.00026378148499733834 -0.010568759981298822 -0.0043512580532993018 -3.4274761033128434e-05 -5.3882404235640719e-05 -0.0043858923480125968 0.00020020367619881684 -0.0034399771132117112
leaf_weight=2610 1893 2839 182 3634 63 64 3803 104 89 235 30410 240 3820 690
leaf_count=2610 1893 2839 182 3634 63 64 3803 104 89 235 30410 240 3820 690
internal_value=7.85229e-05 0.000215257 -0.000428624 -0.000783626 -0.00534483 -0.0110584 -0.000606116 -0.00137074 0.000936237 -0.00293413 0.000107846 0.000905689 0.00113354 -0.00111814
internal_weight=50676 39919 10757 8540 309 127 8231 4597 2217 324 37080 6670 6430 4493
internal_count=50676 39919 10757 8540 309 127 8231 4597 2217 324 37080 6670 6430 4493
is_linear=0
shrinkage=0.05


Tree=360
num_leaves=15
num_cat=0
split_feature=22 43 9 26 49 16 14 29 9 3 18 14 53 22
split_gain=1.62658 2.63013 4.71827 3.01714 3.39601 2.2894 1.71574 1.40372 1.32164 1.29778 3.06868 3.42303 1.80684 1.61534
threshold=276.50000000000006 277.50000000000006 25.44999980926514 0.57244479656219494 -623.74999999999989 20.349999427795414 6.0799376964569101 12.750000000000002 13.750000000000002 24.150000572204593 -15.349999904632567 12.684872627258303 -0.99465739727020253 454.50000000000006
decision_type=2 10 2 2 10 2 2 2 2 2 2 2 2 2
left_child=1 2 8 5 -5 -4 -7 -2 -1 10 11 -9 13 -11
right_child=7 -3 3 4 -6 6 -8 9 -10 12 -12 -13 -14 -15
leaf_value=-0.0017429275799854963 1.5211930649086463e-05 0.0044194259372038252 0.0010136556121873065 -0.0056568539885240281 -0.0011026996824933858 -0.0027024527807229127 -0.00027463312432813544 -7.5961164743741151e-05 0.0014943353428408083 -0.011898873082840402 0.001113956226695645 -0.015463482800070597 0.0014907597446811574 0.00095301742688647323
leaf_weight=51 46236 160 159 106 76 79 65 67 330 83 356 50 2651 121
leaf_count=51 46236 160 159 106 76 79 65 67 330 83 356 50 2651 121
internal_value=5.92887e-05 -0.00190154 -0.00299087 -0.00621212 -0.0111458 -0.00298722 -0.00733766 0.000100254 0.00116368 0.00109047 -0.0013147 -0.00799213 0.00149215 -0.00294392
internal_weight=50590 1026 866 485 182 303 144 49564 381 3328 473 117 2855 204
internal_count=50590 1026 866 485 182 303 144 49564 381 3328 473 117 2855 204
is_linear=0
shrinkage=0.05


Tree=361
num_leaves=15
num_cat=0
split_feature=6 7 26 18 33 24 17 16 51 21 26 24 34 12
split_gain=1.32434 2.2669 5.52625 2.04401 4.04244 4.28471 2.25077 2.55535 2.33803 3.19011 2.1577 2.35914 5.01141 2.06143
threshold=63.449998855590827 33.149999618530281 0.73644965887069713 -22.150000572204586 12.150000095367433 36.500000000000007 7.8500001430511483 32.300001144409187 -0.6035533845424651 11.500000000000002 0.80262345075607311 1.0000000180025095e-35 -0.84999999403953541 47.831945419311531
decision_type=2 2 2 2 2 2 2 2 2 2 2 2 2 2
left_child=-1 2 -2 4 10 -6 13 8 -8 -10 11 12 -3 -5
right_child=1 3 -4 6 5 -7 7 -9 9 -11 -12 -13 -14 -15
leaf_value=0.00019621327168114187 -0.00031585209755805347 -0.0063270163906403365 -0.0074627024700187521 -0.0040272853372470231 -0.00019864061617942929 -0.011801526646215083 0.00021583147627164353 0.00037106833067871488 -0.0058830606017237653 -0.00096106675268561577 -0.00024214929287630374 0.001494055753037951 0.0051173907656187883 -0.00053440115728938529
leaf_weight=29679 305 82 81 72 176 89 519 5924 131 546 2364 3849 107 6771
leaf_count=29679 305 82 81 72 176 89 519 5924 131 546 2364 3849 107 6771
internal_value=8.62836e-05 -0.00021735 -0.00396465 -0.000145349 0.00057436 -0.00536364 -0.000489157 0.00013324 -0.00196517 -0.00387918 0.000828135 0.00152915 -0.00379397 -0.001136
internal_weight=50695 21016 386 20630 6667 265 13963 7120 1196 677 6402 4038 189 6843
internal_count=50695 21016 386 20630 6667 265 13963 7120 1196 677 6402 4038 189 6843
is_linear=0
shrinkage=0.05


Tree=362
num_leaves=15
num_cat=0
split_feature=9 12 23 28 25 31 3 49 11 51 52 42 55 8
split_gain=1.47689 1.36068 1.53706 1.27308 2.31406 3.40812 2.92542 1.74168 2.28758 1.98467 1.725 1.51536 1.49594 1.94054
threshold=15.84999990463257 19.704860687255863 0.085000000894069686 96.500000000000014 10.250000000000002 -3.9579608440399165 54.750000000000007 17.500000000000004 157.48957824707034 -0.37940952181816096 0.24372619390487674 3.1499999761581425 4.5000000000000009 27.750000000000004
decision_type=2 2 2 2 2 2 2 10 2 2 2 2 2 2
left_child=-1 -2 -3 12 5 -5 -7 8 -6 11 -8 -10 -4 -14
right_child=1 2 3 4 7 6 10 -9 9 -11 -12 -13 13 -15
leaf_value=0.0014930881590962523 0.0065309771466945058 -0.0030091586115500004 0.0001794094473303589 0.0009628661912465101 0.00038844298805651624 -0.00035947819891624512 -0.0076782456483408664 0.00063504825831372277 -0.0036324347641322023 -0.0010219902967823536 -0.0019038662519691718 -0.0016516178867436821 -0.0015833585506011495 -7.5525995643375992e-05
leaf_weight=1075 184 88 33751 157 309 77 98 969 69 208 60 100 1520 11881
leaf_count=1075 184 88 33751 157 309 77 98 969 69 208 60 100 1520 11881
internal_value=8.76258e-05 4.75942e-05 3.1138e-05 4.35898e-05 -0.00117404 -0.00457711 -0.00826531 -0.000345345 -0.00225575 -0.00481912 -0.0119643 -0.00868715 9.66882e-05 -0.000350086
internal_weight=50546 49471 49287 49199 2047 392 235 1655 686 377 158 169 47152 13401
internal_count=50546 49471 49287 49199 2047 392 235 1655 686 377 158 169 47152 13401
is_linear=0
shrinkage=0.05


Tree=363
num_leaves=15
num_cat=0
split_feature=0 38 52 28 40 56 12 0 51 50 28 8 16 5
split_gain=1.50101 1.58222 2.59071 2.20562 2.80028 1.40922 3.88251 2.10292 2.27422 2.12346 2.90706 3.23666 2.5174 3.28474
threshold=21.650000572204593 11.150000095367433 0.89017060399055492 15.500000000000002 985.75000000000011 68.349998474121108 135.15833282470706 133.40000152587893 1.0000000180025095e-35 0.12940952181816109 68.500000000000014 61.100000381469734 44.549999237060554 71.099998474121108
decision_type=2 2 2 2 2 2 2 2 2 2 2 2 2 2
left_child=1 2 -1 -4 -5 6 -2 8 -7 -10 -11 12 13 -12
right_child=5 -3 3 4 -6 7 -8 -9 9 10 11 -13 -14 -15
leaf_value=0.0015629833512072911 -9.6123815585926893e-05 0.0027767604381691759 0.0029881662731103906 -0.0036064385108652989 0.00055857380171146114 0.0019119977130328783 -0.013274872886830581 -0.00026873686398136296 0.00066207303200621723 0.00014931327724179515 -0.001426549682073148 -0.00083450158943698921 -0.0013007282490738519 -0.0068307190748347346
leaf_weight=497 29263 1560 190 373 153 3881 90 4946 5198 3229 64 905 150 67
leaf_count=497 29263 1560 190 373 153 3881 90 4946 5198 3229 64 905 150 67
internal_value=0.000116261 0.00124506 -0.000110384 -0.00202479 -0.00367537 5.052e-05 -0.000164663 0.000392954 0.000716084 0.00030292 -0.000502825 -0.0026087 -0.00719931 -0.0120213
internal_weight=50566 2773 1213 716 526 47793 29353 18440 13494 9613 4415 1186 281 131
internal_count=50566 2773 1213 716 526 47793 29353 18440 13494 9613 4415 1186 281 131
is_linear=0
shrinkage=0.05


Tree=364
num_leaves=15
num_cat=0
split_feature=23 37 14 34 32 0 26 22 42 24 24 11 38 43
split_gain=1.41346 3.05231 1.94902 1.69822 1.9346 1.67312 2.28156 3.8831 1.99134 1.9845 2.06779 5.64849 5.10031 3.18399
threshold=0.95499998331069957 69.500000000000014 3.7288457155227666 -4.1499998569488517 4.3320932388305673 54.049999237060554 0.26936472952365881 629.50000000000011 6.6499998569488534 227.50000000000003 28.500000000000004 84.739582061767592 8.2500000000000018 47.500000000000007
decision_type=2 2 2 2 2 2 2 2 2 2 2 2 2 8
left_child=5 3 -3 4 -2 9 7 8 -7 10 13 12 -12 -1
right_child=1 2 -4 -5 -6 6 -8 -9 -10 -11 11 -13 -14 -15
leaf_value=0.0026826766029303161 0.0023448397735015506 -0.0068112276407689964 3.0637891123131291e-05 0.0028758873143221908 -0.018545784482308186 -0.0072692011897586787 -0.00021610396930203126 -0.010588221653404744 0.0048808300405256055 0.0044565502050452335 -0.0036117378279881072 -0.0072356135462684594 1.7939395523539717e-05 9.7249465330484326e-05
leaf_weight=2853 94 51 4377 2120 56 69 21115 67 106 301 560 62 6767 11763
leaf_count=2853 94 51 4377 2120 56 69 21115 67 106 301 560 62 6767 11763
internal_value=3.08711e-05 0.000706619 -5.85848e-05 0.00219298 -0.0028125 -7.29282e-05 -0.000389151 -0.00511905 -0.000945946 0.00022988 0.000173745 -0.000507501 -0.000370042 0.000518255
internal_weight=50361 6698 4428 2270 150 43663 21357 242 175 22306 22005 7389 7327 14616
internal_count=50361 6698 4428 2270 150 43663 21357 242 175 22306 22005 7389 7327 14616
is_linear=0
shrinkage=0.05


Tree=365
num_leaves=15
num_cat=0
split_feature=57 15 55 22 44 9 51 40 7 25 7 17 52 25
split_gain=1.58756 1.4621 2.02424 1.29311 2.07638 2.02334 3.58287 2.97257 1.8715 1.96518 1.4447 2.63739 3.51497 2.98054
threshold=191.93333435058597 270.55000305175787 5.5000000000000009 276.50000000000006 10.061411857604982 28.550000190734867 0.37940952181816107 976.25000000000011 22.150000572204593 6.8500001430511483 44.049999237060554 -0.35000000894069666 0.9970000982284547 6.3500001430511483
decision_type=2 2 2 2 2 2 2 2 2 2 2 2 2 2
left_child=3 -2 -3 4 5 -1 -7 -8 -9 -10 -5 -12 13 -13
right_child=1 2 -4 10 -6 6 7 8 9 -11 11 12 -14 -15
leaf_value=0.0011222267859260433 0.0020859576416074025 0.00053690829518843208 -0.0060058462387505007 0.000336940661084225 -0.0043003148086596128 0.0016488601351669534 0.00047253630324890105 -0.0052697646605119773 -0.0035035819888626796 -0.00027948295115433032 -0.00038943140506552505 -0.0037436871276083118 -0.0053118035897874944 0.00027313940500729646
leaf_weight=416 905 450 80 17046 55 228 97 50 76 94 14231 128 164 16583
leaf_count=416 905 450 80 17046 55 228 97 50 76 94 14231 128 164 16583
internal_value=7.93276e-05 0.0017128 -0.00037037 3.1315e-05 -0.00172515 -0.0011277 -0.00310811 -0.00646789 -0.00956522 -0.00638889 6.87266e-05 -0.000134014 0.000288718 0.00036212
internal_weight=50603 1435 530 49168 1016 961 545 317 220 170 48152 31106 16875 16711
internal_count=50603 1435 530 49168 1016 961 545 317 220 170 48152 31106 16875 16711
is_linear=0
shrinkage=0.05


Tree=366
num_leaves=15
num_cat=0
split_feature=23 28 22 8 56 30 9 32 40 12 7 53 47 47
split_gain=1.44983 1.80347 2.35738 3.22548 3.78522 3.2118 2.68394 2.64403 2.59064 2.18129 1.98146 1.86557 2.1496 1.72852
threshold=0.84499999880790722 95.500000000000014 4469.0000000000009 152.05000305175784 91.40000152587892 117.50000000000001 126.89999771118165 0.19194722920656207 991.45001220703136 33.670139312744148 48.149999618530281 0.96849882602691661 8.6041669845581072 18.952083587646488
decision_type=2 2 2 2 2 8 2 2 2 2 2 2 2 2
left_child=1 11 3 5 -5 9 -6 -8 10 -3 -7 13 -13 -1
right_child=-2 2 -4 4 6 8 7 -9 -10 -11 -12 12 -14 -15
leaf_value=-6.3053896317021398e-05 0.00042016844015969163 -0.0043925074959585411 0.00071699029404040143 -0.011748079477897072 -0.0041096417676931554 -0.0041081753693005818 0.0006724801669891284 -0.0034024945984888681 -0.0074145351312814084 0.001687242189169104 0.002531030987157261 0.0010627583651888774 -0.002981194311363209 -0.0040759019803351592
leaf_weight=36738 9768 54 443 90 66 129 233 130 73 570 114 2098 86 94
leaf_count=36738 9768 54 443 90 66 129 233 130 73 570 114 2098 86 94
internal_value=4.00428e-05 -9.06468e-05 -0.00158996 -0.00255616 -0.00568053 -0.000789473 -0.00354214 -0.00170241 -0.00481595 0.00129338 -0.00211462 -1.71679e-05 0.00139927 -0.000101514
internal_weight=50686 40918 1902 1459 519 940 429 363 316 624 243 39016 2184 36832
internal_count=50686 40918 1902 1459 519 940 429 363 316 624 243 39016 2184 36832
is_linear=0
shrinkage=0.05


Tree=367
num_leaves=15
num_cat=0
split_feature=56 16 16 48 52 29 16 12 1 23 40 47 17 40
split_gain=1.31912 2.38619 5.91531 8.03164 2.24816 3.42135 2.5369 2.11024 3.2524 3.10851 1.84299 1.70438 2.06453 1.80333
threshold=170.19999694824222 66.950000762939467 67.40000152587892 -3.7499999999999996 -0.90163370966911305 6.4500000476837167 71.349998474121108 85.987499237060561 96.500000000000014 1.0649999976158144 995.25000000000011 2.4387500286102299 56.350000381469734 987.64999389648449
decision_type=2 2 2 2 2 2 2 2 2 2 2 2 2 2
left_child=1 11 3 -3 5 -4 -6 8 -8 10 -9 -1 13 -13
right_child=-2 2 4 -5 6 -7 7 9 -10 -11 -12 12 -14 -15
leaf_value=0.0017525809944884667 0.00069738010529086158 -0.010208980620918979 0.0041059789025061546 0.00026878404297091881 0.0018136782493176663 -0.0029291594926064549 0.00012763574101176708 -0.0013697780461161143 -0.0078117245654766646 0.0018368186440010329 0.0017780213263199078 -0.00010514693371895548 -0.0011233286149970197 0.00052233358626799296
leaf_weight=1387 2700 58 51 73 533 74 77 2130 69 686 247 31766 1451 9102
leaf_count=1387 2700 58 51 73 533 74 77 2130 69 686 247 31766 1451 9102
internal_value=-2.14224e-05 -8.23656e-05 -0.00125 -0.0113121 -0.000880835 -0.00722222 -0.00065032 -0.00118204 -0.00685897 -0.00089001 -0.00174487 2.47051e-05 -3.2011e-05 3.40038e-05
internal_weight=50404 47704 3998 131 3867 125 3742 3209 146 3063 2377 43706 42319 40868
internal_count=50404 47704 3998 131 3867 125 3742 3209 146 3063 2377 43706 42319 40868
is_linear=0
shrinkage=0.05


Tree=368
num_leaves=15
num_cat=0
split_feature=18 30 7 21 22 13 36 28 28 8 15 40 23 54
split_gain=1.81609 1.76644 1.80427 2.70663 2.43035 2.49003 1.79409 1.7635 2.95721 3.84511 2.3385 3.02805 2.21072 2.16445
threshold=5.4500000476837167 111.87500000000001 122.70000076293947 17.500000000000004 4364.5000000000009 127.65535736083986 28.849999427795414 47.500000000000007 53.500000000000007 22.150000572204593 43.250000000000007 974.04998779296886 0.21499999612569812 4.5000000000000009
decision_type=2 8 2 2 2 2 2 2 2 2 2 2 2 2
left_child=-1 2 -2 -4 6 -6 -5 10 9 -9 11 -3 -12 -11
right_child=1 7 3 4 5 -7 -8 8 -10 13 12 -13 -14 -15
leaf_value=0.00021287468042338779 0.00041556755507601742 -0.0059184436439390703 0.00035058618333482883 -0.00042874215903568498 -0.0079556645163924907 -0.0010267267087345768 -0.0027919188436451776 -0.0073318112114135513 -0.00045857210317404675 -0.004494008575744105 -0.0024280147091250755 -0.00088870111399798324 0.0009751721679675516 -0.00087879970517650691
leaf_weight=31253 7535 56 1097 634 81 88 59 56 6049 240 110 293 2526 635
leaf_count=31253 7535 56 1097 634 81 88 59 56 6049 240 110 293 2526 635
internal_value=0.000119475 -0.000259643 0.000228325 -0.00111986 -0.00319954 -0.00840782 -0.00182788 -0.000724311 -0.0011588 -0.00376727 0.000292154 -0.00349582 0.000804989 -0.00285311
internal_weight=50712 19459 9494 1959 862 169 693 9965 6980 931 2985 349 2636 875
internal_count=50712 19459 9494 1959 862 169 693 9965 6980 931 2985 349 2636 875
is_linear=0
shrinkage=0.05


Tree=369
num_leaves=15
num_cat=0
split_feature=56 5 31 40 33 6 31 45 36 25 14 4 36 55
split_gain=1.4986 2.73946 4.18246 2.08473 2.28551 2.94542 2.31182 2.62596 2.87127 2.50591 2.63733 2.58533 2.44126 2.46747
threshold=54.549999237060554 57.800001144409187 -2.1640772819519039 973.95001220703136 1.0000000180025095e-35 54.750000000000007 -4.366766929626464 -6.8164227008819571 10.84999990463257 33.649999618530281 29.702190399169925 186.05000305175784 21.94999980926514 1.0000000180025095e-35
decision_type=2 2 2 2 2 2 2 2 2 2 2 2 2 2
left_child=1 -1 -3 -2 5 -5 9 8 -8 -7 -11 -12 13 -10
right_child=3 2 -4 4 -6 6 7 -9 12 10 11 -13 -14 -15
leaf_value=-1.9775336046631846e-05 0.0016919254934651233 0.00035318377887026003 -0.0024297104223828126 0.0018262379090983093 -0.0004226478979253356 0.0022809592103475262 0.0020104223501875317 2.2596213435850532e-05 0.0017526473634717145 -0.0045808229963134701 0.0005853342499528481 -0.0023238769549372264 0.00047692802459456624 -0.006835372076567349
leaf_weight=22507 1831 1169 1407 4076 5863 1975 176 10510 58 81 375 70 163 387
leaf_count=22507 1831 1169 1407 4076 5863 1975 176 10510 58 81 375 70 163 387
internal_value=6.79065e-05 -0.000206631 -0.00174787 0.000337244 0.000211422 0.000492422 0.000143064 -0.000161889 -0.00293451 0.00151533 -0.00152985 5.49452e-05 -0.00454693 -0.00642857
internal_weight=50648 25083 2576 25565 23734 17871 13795 11294 784 2501 526 445 608 445
internal_count=50648 25083 2576 25565 23734 17871 13795 11294 784 2501 526 445 608 445
is_linear=0
shrinkage=0.05


Tree=370
num_leaves=15
num_cat=0
split_feature=23 18 33 24 26 9 52 5 52 34 52 5 36 42
split_gain=1.34997 1.37248 2.10563 3.70767 1.71596 1.58995 1.54876 3.24597 1.50708 2.51638 3.8726 2.73698 2.97043 2.73978
threshold=0.085000000894069686 -22.150000572204586 12.150000095367433 36.500000000000007 0.69216251373291027 74.15000152587892 -0.94705909490585316 43.45000076293946 0.73865729570388805 2.7500000000000004 0.9470459818840028 26.550000190734867 19.349999427795414 9.1500000953674334
decision_type=2 2 2 2 2 2 2 2 2 2 2 2 2 2
left_child=-1 2 4 5 -2 -4 7 -6 -3 -10 11 -11 -13 -14
right_child=1 8 3 -5 6 -7 -8 -9 9 10 -12 12 13 -15
leaf_value=-0.0029563264973142111 0.0015968426293153034 0.00013247096892177084 0.00099675838639372055 -0.0088643242941019145 -0.013341527930066183 -0.0056762466226511904 0.00031976349026694627 0.002728738061049325 -0.00020120851462206084 0.0040466889630456845 0.00018597355679660953 -4.879543105632957e-05 -0.0097249820520056776 -0.0015165793680584547
leaf_weight=114 3426 32283 264 99 90 84 3808 121 9244 74 462 86 177 80
leaf_count=114 3426 32283 264 99 90 84 3808 121 9244 74 462 86 177 80
internal_value=0.000130102 0.00014292 0.000747912 -0.00254923 0.000949028 -2.79328e-05 0.00024696 -0.00382353 3.01775e-05 -0.000501826 -0.00304274 -0.00647541 -0.00831445 -0.0109176
internal_weight=50412 50298 7892 447 7445 348 4019 211 42406 10123 879 417 343 257
internal_count=50412 50298 7892 447 7445 348 4019 211 42406 10123 879 417 343 257
is_linear=0
shrinkage=0.05


Tree=371
num_leaves=15
num_cat=0
split_feature=57 19 13 53 15 15 25 47 23 36 48 52 44 21
split_gain=1.48138 1.37544 2.53293 3.98912 3.27472 4.98833 8.74166 5.14354 2.43626 2.3927 2.12007 2.08241 3.08207 2.42251
threshold=228.8666687011719 75.799999237060561 32.274108886718757 -0.4755979031324386 35.350000381469734 45.149999618530281 8.6500000953674334 7.5422618389129648 0.18500000238418582 19.650000572204593 0.45000000298023229 -0.58482360839843739 -5.3864130973815909 60.500000000000007
decision_type=2 2 2 2 2 2 2 2 2 2 2 2 2 2
left_child=1 2 3 -1 -5 6 -6 -8 10 -10 -7 12 13 -4
right_child=-2 -3 11 4 5 8 7 -9 9 -11 -12 -13 -14 -15
leaf_value=0.0018487363632667718 0.0021297853189560546 -0.00011034577183731946 0.00036450997412356746 0.0028788248148766678 -0.00045773846386676001 0.00022464504861737663 -0.0025996756390333619 -0.011195393139208268 -0.0045790049035349485 0.00089695514214301563 -0.0070818572718760742 0.00077997275137792102 0.00035555855702130426 -0.0030451336015505205
leaf_weight=816 505 28446 542 284 344 50 150 138 60 687 72 12670 4823 1056
leaf_count=816 505 28446 542 284 344 50 150 138 60 687 72 12670 4823 1056
internal_value=9.90072e-05 7.15883e-05 0.000371395 -0.00108962 -0.00240947 -0.00333885 -0.00668224 -0.012953 -0.00085893 0.000244386 -0.00712121 0.000570913 -0.000162494 -0.00205846
internal_weight=50643 50138 21692 2601 1785 1501 632 288 869 747 122 19091 6421 1598
internal_count=50643 50138 21692 2601 1785 1501 632 288 869 747 122 19091 6421 1598
is_linear=0
shrinkage=0.05


Tree=372
num_leaves=15
num_cat=0
split_feature=47 26 36 51 20 14 30 47 38 32 48 3 0 8
split_gain=1.30288 2.58936 1.14864 1.14119 2.43386 3.2471 2.58951 2.5504 2.49174 3.49826 2.23473 2.1051 4.21757 2.94661
threshold=18.952083587646488 0.50346156954765331 20.849999427795414 1.0000000180025095e-35 23.94999980926514 40.219255447387702 562.50000000000011 4.3133928775787362 15.150000095367433 -2.2887599468231197 -1.4499999880790708 105.79999923706056 76.250000000000014 58.149999618530281
decision_type=2 2 2 2 2 2 10 2 2 2 2 2 2 2
left_child=3 -2 -3 10 5 7 -6 -5 9 -8 -1 -9 13 -13
right_child=1 2 -4 4 6 -7 8 11 -10 -11 -12 12 -14 -15
leaf_value=0.0012821309124593366 -0.0099941211077253095 -0.0013496187134766594 0.0065257137381407107 0.0019514043505555276 -0.00046777496271993102 0.0030398508260546272 -0.0010081710585259664 -5.044112396599307e-05 -8.290955547205712e-05 -0.0072433764240037923 6.5723891590942305e-05 -0.005254014172372045 -0.00077828678033743008 -0.0014609731959271033
leaf_weight=3053 58 51 67 1897 9912 777 86 11736 162 111 22315 52 372 59
leaf_count=3053 58 51 67 1897 9912 777 86 11736 162 111 22315 52 372 59
internal_value=3.72651e-05 -0.00413978 0.0003125 5.26297e-05 -0.000185906 0.000222439 -0.000777648 4.81384e-05 -0.0048916 -0.00852657 0.000289227 -0.000217107 -0.00341785 -0.0115289
internal_weight=50708 176 118 50532 25164 14893 10271 14116 359 197 25368 12219 483 111
internal_count=50708 176 118 50532 25164 14893 10271 14116 359 197 25368 12219 483 111
is_linear=0
shrinkage=0.05


Tree=373
num_leaves=15
num_cat=0
split_feature=17 52 26 26 23 36 24 46 44 52 38 52 13 26
split_gain=1.1498 2.41319 1.94769 4.11414 1.87543 1.62446 2.54444 2.28443 2.42247 2.92545 2.84472 3.53645 4.77327 2.27098
threshold=56.350000381469734 0.091259401291608824 0.69379320740699779 0.68742400407791149 0.36500000953674322 18.849999427795414 7.5000000000000009 5.2500000000000009 5.756052017211915 -0.0053757284767925731 4.3500001430511483 -0.12546116113662717 161.42559814453128 0.6661440134048463
decision_type=2 2 2 2 2 2 2 2 2 2 2 2 2 2
left_child=5 4 3 -3 -2 6 7 8 -1 10 -10 -12 -13 -8
right_child=1 2 -4 -5 -6 -7 13 -9 9 -11 11 12 -14 -15
leaf_value=0.00126415492697483 -0.0012577721464973371 -0.0011522346007096932 -0.00075857346237760443 -0.0061253065279142857 0.00084434785194778322 -3.9002022792128499e-05 0.00044585333235383333 -0.0034645229563622553 -0.11567513112549054 0.00097464914525367255 2.1543099042450371e-06 -0.0068101691254810184 -4.1865306732296368e-05 -0.0011959437471298926
leaf_weight=7129 404 169 868 140 1274 34913 2199 78 62 806 539 55 75 1818
leaf_count=7129 404 169 868 140 1274 34913 2199 78 62 806 539 55 75 1818
internal_value=7.41014e-05 -0.000898778 -0.00262426 -0.00597179 0.000319905 0.000132539 0.000615066 0.00109321 0.00117335 -0.000623788 -0.00289474 -0.00184831 -0.00892857 -0.000425875
internal_weight=50529 2855 1177 309 1678 47674 12761 8744 8666 1537 731 669 130 4017
internal_count=50529 2855 1177 309 1678 47674 12761 8744 8666 1537 731 669 130 4017
is_linear=0
shrinkage=0.05


Tree=374
num_leaves=15
num_cat=0
split_feature=0 30 15 15 53 15 54 31 53 57 56 21 13 14
split_gain=1.47291 2.40983 2.13648 1.87555 3.6009 4.16175 4.33917 3.60034 2.56993 4.90133 4.4567 3.54699 3.35683 3.20091
threshold=144.59999847412112 42.500000000000007 150.6499938964844 95.349998474121108 -0.70900321006774891 93.500000000000014 4.5000000000000009 5.6110417842864999 -0.099822327494621263 75.383335113525405 61.800001144409187 7.5000000000000009 58.188987731933601 3.4420465230941777
decision_type=2 8 2 2 2 2 2 2 2 2 2 2 2 2
left_child=3 2 -2 4 -1 8 -7 -8 9 11 -11 -6 -12 -10
right_child=1 -3 -4 -5 5 6 7 -9 13 10 12 -13 -14 -15
leaf_value=0.00059953380662094297 -0.0065614310677757637 -0.0010862466540316454 0.00022556954344359628 0.00039643138617681566 -0.0038950299865586897 0.00096995735336943877 -0.0037073190223826762 0.0049042967899146882 -0.0045259528273274936 -0.010179181340161851 0.0038928269646788128 -0.00035141547884660082 -0.0027379456932581474 0.00031153923473864232
leaf_weight=9975 102 1725 2592 17119 213 225 442 67 147 108 119 8912 166 8627
leaf_count=9975 102 1725 2592 17119 213 225 442 67 147 108 119 8912 166 8627
internal_value=9.09021e-05 -0.000780086 0.000155326 0.000174507 -7.04903e-05 -0.000473839 -0.00413978 -0.00665703 -0.000324555 -0.000893157 -0.00629032 -0.000654078 -0.00279661 0.000292578
internal_weight=50539 4419 2694 46120 29001 19026 734 509 18292 9518 393 9125 285 8774
internal_count=50539 4419 2694 46120 29001 19026 734 509 18292 9518 393 9125 285 8774
is_linear=0
shrinkage=0.05


Tree=375
num_leaves=15
num_cat=0
split_feature=53 6 53 20 55 20 20 24 7 7 49 7 41 30
split_gain=1.40813 1.3437 1.92906 2.10831 1.93352 1.81941 1.81092 2.06431 2.02385 1.88616 2.23931 1.42693 2.03035 1.74178
threshold=0.99981042742729198 24.150000572204593 -0.93543598055839527 9.1500000953674334 1.5000000000000002 4.2500000000000009 4.0499999523162851 159.50000000000003 22.650000572204593 41.049999237060554 -2162.4999999999995 43.250000000000007 2.5000000000000004 287.50000000000006
decision_type=2 2 2 2 2 2 2 2 2 2 10 2 2 8
left_child=1 2 3 4 -1 6 7 8 -3 10 -8 -4 -13 -14
right_child=-2 5 11 -5 -6 -7 9 -9 -10 -11 -12 12 13 -15
leaf_value=-0.0040989862061163833 0.0031867030814447146 -0.0022335480950940825 0.0016160857111792112 0.0013616753938673909 -0.00091103744812825918 3.1931850440011012e-05 -0.0013964686981230625 0.004928879039425349 -0.00065487531770874307 -0.00033182877027255532 -0.0083350877758357582 0.0016397456742283164 0.00029544595379172873 -0.005362491277205555
leaf_weight=59 291 95 3284 172 98 45369 53 222 510 100 58 212 93 131
leaf_count=59 291 95 3284 172 98 45369 53 222 510 100 58 212 93 131
internal_value=9.5258e-05 7.49021e-05 0.000947278 -0.00266962 -0.00667665 -1.40016e-06 -0.00206107 -0.000973715 -0.00247967 -0.00608597 -0.0102893 0.00127346 -0.00139013 -0.00461538
internal_weight=50747 50456 4049 329 157 46407 1038 827 605 211 111 3720 436 224
internal_count=50747 50456 4049 329 157 46407 1038 827 605 211 111 3720 436 224
is_linear=0
shrinkage=0.05


Tree=376
num_leaves=15
num_cat=0
split_feature=23 52 33 15 21 26 41 56 48 57 16 14 3 43
split_gain=1.2655 2.09265 1.81072 3.2734 1.82447 3.55025 1.83602 2.74139 3.86201 1.54658 1.86335 2.86853 2.95007 2.86402
threshold=0.95499998331069957 -0.97876849770545948 23.849999427795414 70.90000152587892 230.50000000000003 0.53046736121177684 38.500000000000007 146.00000000000003 -4.5499999523162833 191.93333435058597 66.000000000000014 24.640974044799808 141.80000305175784 25.02689361572266
decision_type=2 2 2 2 2 2 2 2 2 2 2 2 2 10
left_child=9 -2 4 -4 6 -6 7 -3 -9 10 -1 12 13 -12
right_child=1 2 3 -5 5 -7 -8 8 -10 -11 11 -13 -14 -15
leaf_value=3.7989555652436367e-05 -0.0027567426733113571 0.0025293820190594365 0.0020513971764399143 -0.012663848364748301 -0.0035451256286695232 0.0013924011437212106 0.00016188563366481429 -0.0024485560057974699 0.00097301857628194651 0.00092310988365890384 0.0011597453691604693 -0.00026963778029347868 -0.007678962647301832 -0.0044989200713887586
leaf_weight=39223 117 2884 146 97 70 138 2847 154 285 1207 223 2796 95 447
leaf_count=39223 117 2884 146 97 70 138 2847 154 285 1207 223 2796 95 447
internal_value=9.45034e-05 0.000732069 0.000852813 -0.0033004 0.00101597 -0.00348624 0.00117314 0.0019697 -0.00168151 -3.29519e-06 -5.32783e-05 -0.00114674 -0.00383871 -0.00257353
internal_weight=50729 6738 6621 243 6378 208 6170 3323 439 43991 42784 3561 765 670
internal_count=50729 6738 6621 243 6378 208 6170 3323 439 43991 42784 3561 765 670
is_linear=0
shrinkage=0.05


Tree=377
num_leaves=15
num_cat=0
split_feature=47 26 40 0 14 48 41 9 27 27 11 7 40 16
split_gain=1.3771 2.78223 2.56615 2.63281 2.30768 3.7165 2.40871 3.10705 2.30731 3.66787 3.1726 2.66477 2.20239 2.18962
threshold=4.4866073131561288 0.75405275821685802 987.64999389648449 67.200000762939467 24.431171417236332 -8.8499999046325666 33.500000000000007 50.000000000000007 26.650000572204593 26.050000190734867 96.660415649414077 74.15000152587892 980.35000610351574 25.94999980926514
decision_type=2 2 2 2 2 2 2 2 2 2 2 2 2 2
left_child=-1 2 3 -2 5 6 7 -5 9 -7 11 12 -10 -4
right_child=1 -3 13 4 -6 8 -8 -9 10 -11 -12 -13 -14 -15
leaf_value=0.00031434247190031923 0.00010317918854015453 -0.00073824189043960849 0.0024754739158634074 -0.008012207975482126 0.0003497863621535889 -0.0011581729083420364 -0.00039747263683644171 -0.001100603432012707 -0.0016795431042937862 -0.0064813279810454682 -0.0078682431748899832 0.0026726425858640498 0.0014305364451425062 0.000416302118274852
leaf_weight=11671 18763 7300 1349 55 1644 1091 56 55 1080 142 99 701 247 6468
leaf_count=11671 18763 7300 1349 55 1644 1091 56 55 1080 142 99 701 247 6468
internal_value=8.48595e-05 -5.76035e-05 0.000144836 -0.000112141 -0.00111004 -0.00182975 -0.00892045 -0.0129167 -0.00145401 -0.00316573 -0.000451567 -4.90659e-06 -0.00132012 0.000930753
internal_weight=50721 39050 31750 23933 5170 3526 166 110 3360 1233 2127 2028 1327 7817
internal_count=50721 39050 31750 23933 5170 3526 166 110 3360 1233 2127 2028 1327 7817
is_linear=0
shrinkage=0.05


Tree=378
num_leaves=15
num_cat=0
split_feature=23 24 31 53 36 26 24 27 46 47 19 52 23 34
split_gain=1.55039 2.26817 3.2756 2.9243 4.03043 3.20932 5.35772 3.49203 3.01925 2.78232 2.7198 3.30926 4.07151 3.09949
threshold=0.84499999880790722 3.5000000000000004 -6.4399371147155753 0.69521084427833568 10.050000190734865 0.88872027397155773 10.500000000000002 12.150000095367433 1.0000000180025095e-35 13.204166412353517 25.150000572204593 -0.63921129703521717 0.54500001668930065 -0.15000000223517415
decision_type=2 2 2 2 2 2 2 2 2 2 2 2 2 2
left_child=1 2 10 -3 -5 -6 8 -8 -7 -4 -1 -12 13 -13
right_child=-2 3 9 4 5 6 7 -9 -10 -11 11 12 -14 -15
leaf_value=0.0027683377019559452 0.00050590651417811716 -3.2826918798186209e-05 0.00062334870750574032 0.0010534973858943508 -0.00041654955873938354 -0.0013818846470037205 -0.00044397649035693909 -0.0066706050542636661 -0.012588537615422352 -0.036149132472892462 -0.0046289188029090223 -0.0029710795699448558 0.0014617818722317895 -9.1232053217050338e-05
leaf_weight=293 9820 24870 10526 896 1473 1150 75 197 82 79 493 146 417 184
leaf_count=293 9820 24870 10526 896 1473 1150 75 197 82 79 493 146 417 184
internal_value=0.000138136 2.56799e-06 0.000575404 -0.000239453 -0.00151558 -0.00239873 -0.00401585 -0.0102482 -0.00256844 0.000887895 -0.00157809 -0.0026 -0.000482166 -0.00455882
internal_weight=50701 40881 12138 28743 3873 2977 1504 272 1232 10605 1533 1240 747 330
internal_count=50701 40881 12138 28743 3873 2977 1504 272 1232 10605 1533 1240 747 330
is_linear=0
shrinkage=0.05


Tree=379
num_leaves=15
num_cat=0
split_feature=31 14 14 18 24 18 52 37 43 18 40 52 25 48
split_gain=1.23525 2.27053 2.56233 3.01092 2.04322 3.02914 2.03367 2.5121 1.95693 1.73989 1.80417 1.6793 1.60641 1.48971
threshold=6.8916738033294687 9.443331718444826 9.1411271095275897 3.4500000476837163 1.0000000180025095e-35 -9.8499999046325666 0.9837264120578767 54.500000000000007 677.50000000000011 -13.65000009536743 972.14999389648449 0.3744682669639588 8.7500000000000018 -4.4500000476837149
decision_type=2 2 2 2 2 2 2 2 10 2 2 2 2 2
left_child=-1 2 8 -4 5 -3 -6 -8 9 12 -11 13 -2 -12
right_child=1 4 3 -5 6 -7 7 -9 -10 10 11 -13 -14 -15
leaf_value=4.2498650726998653e-06 -0.0067374502448552783 -0.0061359840410257129 -0.011115492859629079 0.0017316975330566597 0.0022097316145671553 0.0020363644636371232 -0.0051910390602966146 0.0031356905403018484 -0.0073783859060598369 -0.003960275543201195 -0.0016615336859453897 0.0052182574770913747 0.0010283796984827591 0.0019551903811893113
leaf_weight=46293 53 69 55 52 2573 79 103 82 74 90 276 625 51 182
leaf_count=46293 53 69 55 52 2573 79 103 82 74 90 276 625 51 182
internal_value=8.16115e-05 0.000884774 -0.000722071 -0.00782051 0.00169067 -0.00386076 0.00200145 -0.00294872 -0.000106539 0.000376846 0.000942519 0.00152333 -0.00552632 -0.000769231
internal_weight=50657 4364 1458 107 2906 148 2758 185 1351 1277 1173 1083 104 458
internal_count=50657 4364 1458 107 2906 148 2758 185 1351 1277 1173 1083 104 458
is_linear=0
shrinkage=0.05


Tree=380
num_leaves=15
num_cat=0
split_feature=0 17 26 49 23 48 9 20 52 20 44 16 52 19
split_gain=1.33222 1.61784 2.0384 1.3722 2.13358 4.18527 3.85145 3.52112 2.51286 5.06734 2.65223 2.44936 2.42942 2.31516
threshold=17.650000572204593 -0.35000000894069666 0.69486087560653698 32.500000000000007 0.39499999582767492 2.5499999523162846 113.29999923706056 21.550000190734867 0.65233618021011364 18.050000190734867 1.271982789039612 40.649999618530281 -0.40614700317382807 147.85000610351565
decision_type=2 2 2 10 2 2 2 2 2 2 2 2 2 2
left_child=1 -1 -3 -2 5 -5 7 8 11 -10 -11 -7 -8 -9
right_child=3 2 -4 4 -6 6 12 13 9 10 -12 -13 -14 -15
leaf_value=0.0028098212506661013 -8.3930179204474954e-05 -0.0017333715101339388 0.0012939094813881002 0.0037894865322861734 0.00062671237289241429 0.000136258431430389 -0.001414389548498885 -0.00038707507587313733 -0.0016046348074668067 -0.0033351478302500216 -0.011499891761545923 -0.0058880798330312456 0.0029636319381403562 -0.0037598910022096452
leaf_weight=1272 29923 94 130 784 13438 238 373 2999 199 51 83 61 773 334
leaf_count=1272 29923 94 130 784 13438 238 373 2999 199 51 83 61 773 334
internal_value=0.000115441 0.00158035 -0.00226496 7.06371e-05 0.000398852 -0.000393734 -0.000916813 -0.00165409 -0.00504673 -0.00797376 -0.0151389 -0.0016343 0.0016263 -0.000997607
internal_weight=50752 1496 224 49256 19333 5895 5111 3965 632 333 134 299 1146 3333
internal_count=50752 1496 224 49256 19333 5895 5111 3965 632 333 134 299 1146 3333
is_linear=0
shrinkage=0.05


Tree=381
num_leaves=15
num_cat=0
split_feature=0 11 34 18 4 17 38 15 46 10 7 16 17 5
split_gain=1.41486 2.3172 2.39087 2.96785 3.56242 3.56833 2.18531 2.17855 2.98841 3.2777 2.19654 2.77235 2.26429 1.93922
threshold=37.549999237060554 41.456249237060554 -0.55000001192092884 -16.249999999999996 44.750000000000007 -15.15000009536743 24.750000000000004 65.549999237060561 0.65000000596046459 26.774999618530277 68.799999237060561 21.349999427795414 2.7500000000000004 29.44999980926514
decision_type=2 2 2 2 2 2 2 2 2 2 2 2 2 2
left_child=1 6 3 -3 -5 -6 7 10 13 -10 -1 12 -12 -9
right_child=-2 2 -4 4 5 -7 -8 8 9 -11 11 -13 -14 -15
leaf_value=0.00015147728404668088 -4.8949012594670595e-05 0.0015041441884546709 0.0026796450948380502 0.00080609810778459819 -0.0027540591591583832 -0.0074569494051446852 0.0022927853424288191 0.0020721973432734331 -0.011109044628509529 -0.00096771755716070916 -0.010110131416586883 0.00060537517905795597 -0.00084940686713826552 -0.0019812881998499923
leaf_weight=6520 37883 682 2807 334 298 65 1140 217 50 64 110 171 75 400
leaf_count=6520 37883 682 2807 334 298 65 1140 217 50 64 110 171 75 400
internal_value=6.74853e-05 0.000518813 0.00148475 -0.000219582 -0.00249646 -0.00585791 5.53844e-05 -0.000251411 -0.00282726 -0.00991935 2.61402e-05 -0.00374317 -0.00782051 -0.00137959
internal_weight=50816 12933 4186 1379 697 363 8747 7607 731 114 6876 356 185 617
internal_count=50816 12933 4186 1379 697 363 8747 7607 731 114 6876 356 185 617
is_linear=0
shrinkage=0.05


Tree=382
num_leaves=15
num_cat=0
split_feature=13 19 13 25 9 20 18 22 36 39 17 23 29 14
split_gain=1.32844 2.95499 2.3352 2.12923 2.06142 2.62638 2.47418 2.56139 2.14352 2.21774 1.95775 2.63086 2.54858 2.02931
threshold=41.776487350463874 38.45000076293946 36.767263412475593 6.9500000476837167 35.250000000000007 24.94999980926514 1.8499999642372134 555.50000000000011 24.550000190734867 1.0000000180025095e-35 -14.15000009536743 0.48499999940395361 6.5499999523162851 6.375765562057496
decision_type=2 2 2 2 2 2 2 2 2 2 2 2 2 2
left_child=2 -2 3 -1 8 6 7 -6 -4 -10 -8 13 -13 -12
right_child=1 -3 4 -5 5 -7 10 -9 9 -11 11 12 -14 -15
leaf_value=0.0019385879839781597 0.0017044685847040142 7.8231378159935227e-05 8.7346049573062669e-05 -0.00017681122695489482 0.0016266318989516936 0.0011200732022012645 0.0019364544977829587 -0.0026140072056588157 -0.0019708390236703953 -0.006820707561153651 -0.0052601562101832981 -0.0051286434686618615 0.0010330803787411223 -0.0035139001287835775
leaf_weight=1023 2447 38004 523 5086 508 1309 89 125 1197 91 64 122 150 96
leaf_count=1023 2447 38004 523 5086 508 1309 89 125 1197 91 64 122 150 96
internal_value=9.67668e-05 0.000226267 -0.000407486 0.000219807 -0.00130252 -0.000357865 -0.00208763 2.33283e-05 -0.00257825 -0.00366718 -0.00460452 -0.00597285 -0.00280142 -0.0108824
internal_weight=50834 40451 10383 6109 4274 2463 1154 633 1811 1288 521 432 272 160
internal_count=50834 40451 10383 6109 4274 2463 1154 633 1811 1288 521 432 272 160
is_linear=0
shrinkage=0.05


Tree=383
num_leaves=15
num_cat=0
split_feature=49 23 34 8 2 52 9 56 23 57 27 11 9 29
split_gain=1.48022 2.24312 2.18779 3.85444 2.00985 2.14557 2.64938 1.81424 2.04111 2.02463 2.28662 1.71317 1.66053 1.99987
threshold=32.500000000000007 0.20499999821186068 -1.0500000119209287 37.899999618530281 214.44999694824222 -0.15951316058635709 114.70000076293947 127.34999847412111 1.9550000429153445 114.50000000000001 13.550000190734865 108.89374923706056 30.550000190734867 7.3500001430511483
decision_type=10 2 2 2 2 2 2 2 2 2 2 2 2 2
left_child=1 2 3 -1 -3 -6 -7 8 9 12 -11 -12 -2 -14
right_child=7 4 -4 -5 5 6 -8 -9 -10 10 11 -13 13 -15
leaf_value=-0.0044883469432878062 -0.00072184634362357464 -0.00010640520317236593 0.0015226413333709703 0.00060439754199867533 0.0011025278350188931 -0.0048296894311603581 -0.0013039897574449986 0.003096235350559572 -0.0098262344365022247 -1.2280354769745391e-05 -0.017718516430630448 -0.0021507310241313986 0.00012347717276888303 0.0012090994790994835
leaf_weight=80 1704 28500 1949 310 149 71 265 1094 63 251 83 62 10829 5516
leaf_count=80 1704 28500 1949 310 149 71 265 1094 63 251 83 62 10829 5516
internal_value=0.000108568 -0.000104678 0.00138144 -0.002 -0.000225039 -0.00338384 -0.00554913 0.000449215 0.000331569 0.0003644 -0.00312808 -0.00790323 0.000442716 0.000597677
internal_weight=50926 31324 2339 390 28985 485 336 19602 18508 18445 396 145 18049 16345
internal_count=50926 31324 2339 390 28985 485 336 19602 18508 18445 396 145 18049 16345
is_linear=0
shrinkage=0.05


Tree=384
num_leaves=15
num_cat=0
split_feature=23 37 57 21 43 23 15 19 43 4 57 34 19 15
split_gain=1.30796 2.1151 2.10051 1.63685 3.04655 1.56824 1.91629 1.44516 3.18036 3.76916 4.79988 2.63863 2.08102 2.04678
threshold=1.3049999475479128 97.500000000000014 48.616666793823249 153.50000000000003 37.500000000000007 1.485000014305115 80.450000762939467 220.50000000000003 1057.5000000000002 149.69999694824222 107.81666946411134 -0.25000000745058054 229.35000610351565 83.000000000000014
decision_type=2 2 2 2 10 2 2 2 8 2 2 2 2 2
left_child=7 2 5 -4 -5 -2 -7 -1 11 -10 -11 13 -13 -9
right_child=1 -3 3 4 -6 6 -8 8 9 10 -12 12 -14 -15
leaf_value=7.8821896582079924e-05 0.0022249006291601234 -0.003758803393572293 0.003160944754146541 -0.0034035017763111974 0.0015640396767710421 -0.00098909292305081483 -0.0081503182705315279 -0.0066307473104422745 -0.00045856328713907559 -0.0039064468462073751 -0.0019835012081882617 -0.0024509145567127859 0.0013460489974763434 -0.00096002196501887821
leaf_weight=45191 189 59 1261 96 335 111 54 63 470 56 261 175 1241 988
leaf_count=45191 189 59 1261 96 335 111 54 63 470 56 261 175 1241 988
internal_value=9.49369e-05 0.00131206 0.00159533 0.00232667 -0.000328798 -0.00186813 -0.00528571 4.17915e-05 -0.000974264 -0.0037202 -0.00784404 -8.67984e-05 0.00131837 -0.00197455
internal_weight=50550 2105 2046 1692 431 354 165 48445 3254 787 317 2467 1416 1051
internal_count=50550 2105 2046 1692 431 354 165 48445 3254 787 317 2467 1416 1051
is_linear=0
shrinkage=0.05


Tree=385
num_leaves=15
num_cat=0
split_feature=25 27 0 57 12 37 52 52 27 27 52 0 32 11
split_gain=1.32784 2.30457 2.09866 1.31706 1.68193 2.75659 2.58278 2.44453 1.59029 2.15045 2.91401 3.72729 1.99455 2.57925
threshold=63.399999618530281 16.849999427795414 243.55000305175784 182.84999847412112 165.72360992431643 78.500000000000014 0.21022171527147296 0.07411635667085649 12.34999990463257 15.250000000000002 -0.70291268825530995 136.19999694824222 -4.1959474086761466 84.052082061767592
decision_type=2 2 2 2 2 2 2 2 2 2 2 2 2 2
left_child=3 2 -2 4 8 -6 7 -7 12 10 11 -10 13 -1
right_child=1 -3 -4 -5 5 6 -8 -9 9 -11 -12 -13 -14 -15
leaf_value=0.00095569966271052726 -0.0051889971721947288 0.001219541857318842 -0.0013338216769993138 0.00071750631399682065 0.00039620850443953891 -0.0021515931056871741 -0.0054095231764076726 0.00079214268296582356 -0.0013114250697759339 4.0382375077782358e-05 -0.00066910249174554866 -0.0096964444067331387 0.0011014089869342337 -0.0013570009243450787
leaf_weight=791 80 177 120 1696 375 123 79 138 170 40122 2838 50 3144 706
leaf_count=791 80 177 120 1696 375 123 79 138 170 40122 2838 50 3144 706
internal_value=3.64489e-05 -0.00288114 -0.00642857 5.8915e-05 1.09177e-05 -0.00237931 -0.00557143 -0.00293358 4.71453e-05 -4.74645e-05 -0.00132334 -0.00673913 0.000925608 -0.000573988
internal_weight=50609 377 200 50232 48536 715 340 261 47821 43180 3058 220 4641 1497
internal_count=50609 377 200 50232 48536 715 340 261 47821 43180 3058 220 4641 1497
is_linear=0
shrinkage=0.05


Tree=386
num_leaves=15
num_cat=0
split_feature=19 21 38 5 42 53 25 38 44 44 52 40 38 25
split_gain=1.25724 1.62259 1.7366 1.96364 1.31675 1.23595 1.07446 1.27109 1.48533 2.506 1.25229 2.53636 2.44455 3.00631
threshold=23.399999618530277 75.500000000000014 23.550000190734867 28.150000572204593 7.6499998569488534 0.99981042742729198 6.1499998569488534 11.050000190734865 0.18843336403369906 -6.5004906654357901 0.73865729570388805 979.54998779296886 12.949999809265138 10.250000000000002
decision_type=2 2 2 2 2 2 2 2 2 2 2 2 2 2
left_child=1 2 3 4 -1 6 7 8 9 -2 -8 12 -12 -14
right_child=5 -3 -4 -5 -6 -7 10 -9 -10 -11 11 -13 13 -15
leaf_value=-0.0022222968474943025 0.0021938040683406675 0.0033563778645287986 0.0075727624209291399 -0.0090787910002959517 0.00056537732718678335 0.0024376302194245754 4.2611554798758288e-05 0.0024980426969548339 0.00076145569186407652 -0.0025720364918917454 -0.00043995552812710911 -0.0001906531082523876 -0.00020868469204100824 -0.0059591266543432856
leaf_weight=74 51 926 104 50 97 321 37476 859 228 84 649 9099 206 380
leaf_count=74 51 926 104 50 97 321 37476 859 228 84 649 9099 206 380
internal_value=3.10193e-05 0.00159001 -0.00141791 -0.00387446 -0.00107735 -8.81208e-06 -2.93624e-05 0.00142857 -0.00103217 -0.005 -6.69174e-05 -0.000553944 -0.00267068 -0.00498322
internal_weight=50604 1251 325 221 171 49353 49032 1222 363 135 47810 10334 1235 586
internal_count=50604 1251 325 221 171 49353 49032 1222 363 135 47810 10334 1235 586
is_linear=0
shrinkage=0.05


Tree=387
num_leaves=15
num_cat=0
split_feature=34 32 46 38 7 53 44 25 26 7 5 33 56 21
split_gain=1.37254 1.04141 2.58663 1.964 2.29768 2.02749 3.06418 2.50325 2.31917 2.35332 4.51144 2.06493 2.62173 2.94324
threshold=-7.3500001430511466 -2.5239741802215572 21.650000572204593 17.44999980926514 21.650000572204593 -0.92921787500381459 8.6924948692321795 6.9500000476837167 0.41393557190895086 14.750000000000002 33.45000076293946 0.35000000894069677 68.349998474121108 187.50000000000003
decision_type=2 2 2 2 2 2 2 2 2 2 2 2 2 2
left_child=-1 2 3 5 -5 6 -2 -7 9 -9 -11 12 13 -12
right_child=1 -3 -4 4 -6 7 -8 8 -10 10 11 -13 -14 -15
leaf_value=0.0030820214054127055 0.00062014375006774151 0.00014977131272036446 -0.0046416240282907912 -0.0067629552897115631 0.00077358172633961483 0.0011031304568444005 -0.0048846989226752251 -0.0048271365295841657 -0.00027296672539833371 0.0061900602505902159 -0.0096417524656319583 0.0007624270414541437 0.0010627881883882898 -0.00086758341546354476
leaf_weight=284 91 32832 66 149 3404 1246 62 59 11810 159 151 98 56 80
leaf_count=284 91 32832 66 149 3404 1246 62 59 11810 159 151 98 56 80
internal_value=6.29984e-05 4.30651e-05 -0.000269193 -0.000228777 0.000818131 -0.00049848 -0.00604294 -0.000431999 -0.000646784 -0.003646 -0.00249097 -0.00537975 -0.00745791 -0.00973029
internal_weight=50547 50263 17431 17365 3553 13812 153 13659 12413 603 544 385 287 231
internal_count=50547 50263 17431 17365 3553 13812 153 13659 12413 603 544 385 287 231
is_linear=0
shrinkage=0.05


Tree=388
num_leaves=15
num_cat=0
split_feature=10 26 31 45 31 8 40 0 4 14 51 47 26 37
split_gain=1.41688 1.74864 2.44577 3.6 1.59739 1.55759 1.43202 1.24987 1.35738 1.91792 1.75466 3.18666 2.65992 1.2906
threshold=194.50833129882815 0.99217715859413158 0.5560993254184724 -0.57605877518653859 -2.885229110717773 212.55000305175784 995.45001220703136 16.849999427795414 15.84999990463257 8.1816310882568377 1.0000000180025095e-35 5.8041667938232431 0.69600468873977672 47.500000000000007
decision_type=2 2 2 2 2 2 2 2 2 2 2 2 2 2
left_child=6 4 -3 -4 5 -2 7 -1 9 -9 13 -12 -13 -11
right_child=1 2 3 -5 -6 -7 -8 8 -10 10 11 12 -14 -15
leaf_value=0.0011875737437989794 -0.00049062923082615563 -0.00015413119782311074 -0.0050565846757154309 -0.00014568417661127458 0.00022808082096572726 -0.0025040651649721624 0.0022445949805964031 0.0022399723714109916 8.3322619766223191e-05 -0.0044135609410143562 0.00055804424060978562 -0.00033266673493411109 -0.014511203530510421 0.0012705461449160542
leaf_weight=1268 211 159 68 57 900 77 493 202 46696 173 111 60 110 132
leaf_count=1268 211 159 68 57 900 77 493 202 46696 173 111 60 110 132
internal_value=0.000113056 -0.00141026 -0.00486395 -0.00981481 -0.000550918 -0.00372483 0.000158867 0.000131455 8.99063e-05 -0.00195489 -0.00338926 -0.00616838 -0.0102778 -0.000714286
internal_weight=50717 1472 284 125 1188 288 49245 48752 47484 788 586 281 170 305
internal_count=50717 1472 284 125 1188 288 49245 48752 47484 788 586 281 170 305
is_linear=0
shrinkage=0.05


Tree=389
num_leaves=15
num_cat=0
split_feature=35 51 28 47 44 33 29 17 47 11 28 48 21 18
split_gain=1.07994 1.64699 1.55983 1.36961 1.39328 1.24732 1.19479 1.73505 1.74161 2.46328 2.94213 1.55147 3.37398 3.65661
threshold=11.500000000000002 -0.37940952181816096 79.500000000000014 13.204166412353517 2.8882712125778203 1.0000000180025095e-35 4.5499999523162851 67.65000152587892 3.7591667175292973 102.9458351135254 71.500000000000014 -0.35000000894069666 83.500000000000014 7.4500000476837167
decision_type=2 2 2 2 2 2 2 2 2 2 2 2 2 2
left_child=6 2 -2 4 -3 -6 7 11 -9 10 -10 -1 -13 -14
right_child=1 3 -4 -5 5 -7 -8 8 9 -11 -12 12 13 -15
leaf_value=0.00033329906307949194 0.0010481812485373914 -0.00029215255306070233 -0.0006166392740455819 -0.003367088531482168 -0.00072904640734095915 -0.0024060654793804249 0.00020484291341928203 -0.00054015565601015403 -0.00086164276226678997 -0.00070409885104779106 -0.01967446825502903 -9.2589330696393464e-05 -0.0009032332827818108 -0.0056715365764783187
leaf_weight=6218 1870 3592 1284 164 1174 346 29834 521 57 195 51 4511 523 310
leaf_count=6218 1870 3592 1284 164 1174 346 29834 521 57 195 51 4511 523 310
internal_value=7.7971e-05 -0.000438388 0.000464602 -0.000978055 -0.000827801 -0.0020915 0.000181151 -0.000231526 -0.00243405 -0.00538339 -0.0111017 -7.25888e-05 -0.000696675 -0.00360024
internal_weight=50650 8430 3154 5276 5112 1520 42220 12386 824 303 108 11562 5344 833
internal_count=50650 8430 3154 5276 5112 1520 42220 12386 824 303 108 11562 5344 833
is_linear=0
shrinkage=0.05


Tree=390
num_leaves=15
num_cat=0
split_feature=56 51 47 40 14 26 13 9 54 11 19 9 45 11
split_gain=1.8951 2.38573 3.75431 3.88391 5.94925 3.87701 3.74536 3.9881 3.81175 2.70084 2.6968 2.43221 2.68459 2.38418
threshold=67.40000152587892 0.37940952181816107 7.0522727966308603 990.25000000000011 23.943145751953129 0.6587362289428712 132.90654754638675 49.049999237060554 1.5000000000000002 55.460416793823249 110.95000076293947 28.150000572204593 -2.1539821624755855 28.675000190734867
decision_type=2 2 2 2 2 2 2 2 2 2 2 2 2 2
left_child=13 10 -3 9 -5 -6 7 -7 -9 11 -2 -4 -13 -1
right_child=1 2 3 4 5 6 -8 8 -10 -11 -12 12 -14 -15
leaf_value=0.00073668174688793387 0.0024034953886153832 0.00038425776273628189 0.0030756492276051116 0.00027791963900691716 0.0092223186406739464 -0.0012317238570126682 -0.00095587058132367707 -0.00068275935054213223 -0.017092765675896394 9.5035943930834281e-05 0.0002670004253651714 0.00041575972185586428 -0.0049617022647340291 -0.00019785037265652503
leaf_weight=3577 2649 6208 57 326 51 54 102 50 121 2097 7140 73 135 27844
leaf_count=3577 2649 6208 57 326 51 54 102 50 121 2097 7140 73 135 27844
internal_value=0.00010833 0.000501494 -7.32441e-05 -0.00150195 -0.00473389 -0.00891753 -0.0108754 -0.0143617 -0.0179282 -0.000522765 0.00104552 -0.00518182 -0.00761468 -0.000130285
internal_weight=50484 19063 9274 3066 704 378 327 225 171 2362 9789 265 208 31421
internal_count=50484 19063 9274 3066 704 378 327 225 171 2362 9789 265 208 31421
is_linear=0
shrinkage=0.05


Tree=391
num_leaves=15
num_cat=0
split_feature=49 28 50 37 48 38 11 13 19 52 14 55 7 26
split_gain=1.07122 2.17725 2.04382 3.66739 2.67145 3.06718 2.83374 2.53374 3.80886 2.26739 2.18344 2.74217 3.08199 1.97477
threshold=22.500000000000004 95.500000000000014 1.0000000180025095e-35 69.500000000000014 -2.1499999761581416 24.44999980926514 82.599998474121108 28.373511314392093 41.649999618530281 -0.49064628779888148 8.5509586334228533 1.5000000000000002 52.649999618530281 0.6600199043750764
decision_type=10 2 2 2 2 2 2 2 2 2 2 2 2 2
left_child=1 2 3 -1 5 7 9 8 -4 10 -7 12 -12 -2
right_child=13 -3 4 -5 -6 6 -8 -9 -10 -11 11 -13 -14 -15
leaf_value=-0.00028108273747953912 0.0011939682984092488 -0.001177339110107314 7.5398743766162712e-05 0.00086287089026548325 0.00059757229391910367 0.00021748975527861839 -0.0026286455186657104 -0.0001755890564761424 -0.0057074865012250522 -1.9271067596733596e-05 -0.0081813009217121379 -0.001071735995923438 -0.0018573207844149475 3.6164320374359116e-05
leaf_weight=7794 5615 990 165 7288 2536 207 85 10057 112 611 88 375 60 14660
leaf_count=7794 5615 990 165 7288 2536 207 85 10057 112 611 88 375 60 14660
internal_value=8.22263e-05 -0.000105668 -2.75621e-05 0.000378346 -0.000455753 -0.000773152 -0.00293872 -0.000471771 -0.00510453 -0.00232791 -0.00418919 -0.0058818 -0.0114557 0.000363569
internal_weight=50643 30368 29378 15082 14296 11760 1426 10334 277 1341 730 523 148 20275
internal_count=50643 30368 29378 15082 14296 11760 1426 10334 277 1341 730 523 148 20275
is_linear=0
shrinkage=0.05


Tree=392
num_leaves=15
num_cat=0
split_feature=47 4 53 56 18 8 28 38 53 8 24 53 30 7
split_gain=1.34996 1.35807 1.67059 2.13569 1.63456 2.09505 2.47821 2.79294 3.12651 2.11713 1.87311 1.85805 1.69361 1.88091
threshold=1.7095454931259157 26.150000572204593 -0.98801845312118519 22.650000572204593 -15.349999904632567 173.94999694824222 99.500000000000014 7.1499998569488534 0.9783238172531129 27.750000000000004 2.5000000000000004 0.94066718220710765 967.50000000000011 32.45000076293946
decision_type=2 2 2 2 2 2 2 2 2 2 2 2 8 2
left_child=-1 2 3 -2 5 9 7 8 11 12 -11 -7 13 -3
right_child=1 4 -4 -5 -6 6 -8 -9 -10 10 -12 -13 -14 -15
leaf_value=0.0016890554671000675 0.0047761708045181827 -0.0061204428888070282 0.00054846213482698356 -0.0055524652490115929 -0.00014083051577870798 -0.00091365599828916388 -0.0062000534166916661 0.00032330698668410935 0.0013828255928710533 -0.00028934297971055562 0.00099165233778373803 -0.0043968930554564448 0.0016795832620293057 -0.00093512078425832159
leaf_weight=591 55 113 5085 76 34811 54 74 730 83 2067 6547 56 139 151
leaf_count=591 55 113 5085 76 34811 54 74 730 83 2067 6547 56 139 151
internal_value=6.5361e-05 3.70624e-05 0.000799847 -0.00457447 -5.18566e-05 0.000510774 -0.00165343 -0.000894962 -0.00608374 0.000751634 0.000918368 -0.01125 -0.00274818 -0.0050365
internal_weight=50632 50041 5216 131 44825 10014 997 923 193 9017 8614 110 403 264
internal_count=50632 50041 5216 131 44825 10014 997 923 193 9017 8614 110 403 264
is_linear=0
shrinkage=0.05


Tree=393
num_leaves=15
num_cat=0
split_feature=53 9 1 8 27 18 24 15 23 53 15 13 12 53
split_gain=1.87178 2.65314 4.11441 2.33517 2.86166 2.31591 2.60525 2.24983 2.17211 3.70138 4.84011 3.26632 5.51142 4.16702
threshold=-0.10837475582957266 129.69999694824222 73.450000762939467 35.250000000000007 35.45000076293946 -22.150000572204586 2.5000000000000004 45.549999237060554 0.60500001907348644 -0.56369942426681507 36.250000000000007 63.773214340209968 63.218055725097663 -0.53495380282402027
decision_type=2 2 2 2 2 2 2 2 2 2 2 2 2 2
left_child=1 8 -3 4 7 -5 -7 -2 9 -1 -11 13 -13 -12
right_child=3 2 -4 5 -6 6 -8 -9 -10 10 11 12 -14 -15
leaf_value=0.00020251396111546367 -0.00078758508484198038 0.001094907787119791 -0.0030919510068533186 0.00069066491289430986 -0.0038464911204695433 0.00051093563359972565 -0.00027169350934188951 0.0022370411957448387 0.00017789257324107201 0.0022960675499373111 -0.0057393484632943361 -0.017433850347854298 -0.0019742003064631012 -0.0010472978431879062
leaf_weight=5541 495 103 76 5114 67 5318 12293 3088 12598 650 261 89 267 4579
leaf_count=5541 495 103 76 5114 67 5318 12293 3088 12598 650 261 89 267 4579
internal_value=0.000107717 -0.000210143 -0.00611111 0.000398901 0.00157104 0.000210029 -6.21416e-05 0.0017715 -0.000163576 -0.000663771 -0.0015403 -0.00204956 -0.00661202 -0.00170103
internal_weight=50539 24164 179 26375 3650 22725 17611 3583 23985 11387 5846 5196 356 4840
internal_count=50539 24164 179 26375 3650 22725 17611 3583 23985 11387 5846 5196 356 4840
is_linear=0
shrinkage=0.05


Tree=394
num_leaves=15
num_cat=0
split_feature=45 45 37 50 25 2 47 26 48 29 46 24 13 12
split_gain=1.11694 1.05433 3.11225 1.92785 2.05241 2.25209 1.48651 2.94697 2.93322 3.09695 5.34825 2.77757 2.56082 3.86162
threshold=-14.369521141052244 2.2020553350448613 77.500000000000014 1.0000000180025095e-35 7.0499999523162851 39.649999618530281 6.4809091091156015 0.75405275821685802 -2.5499999523162837 5.0499999523162851 1.0000000180025095e-35 3.5000000000000004 47.911010742187507 51.320138931274421
decision_type=2 2 2 2 2 2 2 2 2 2 2 2 2 2
left_child=-1 6 -3 -4 5 -5 -2 -8 9 10 -9 -11 13 -10
right_child=1 2 3 4 -6 -7 7 8 12 11 -12 -13 -14 -15
leaf_value=0.0030704760265274711 0.00017127294576517723 0.00072811179122704258 0.00047961048237256805 -0.0013809631338514386 -0.00066116556994438587 -0.014153255425281364 -6.477613417487968e-05 -0.015305219843248383 -0.0027814420918378028 0.00021588711326857922 0.00032832701250230117 -0.0029792675867799309 0.00041348442886594795 -0.0066040427568053442
leaf_weight=402 20295 8572 1554 114 2590 52 14713 88 526 327 66 389 954 56
leaf_count=402 20295 8572 1554 114 2590 52 14713 88 526 327 66 389 954 56
internal_value=0.000101365 8.01099e-05 0.000470059 -0.000625 -0.00141721 -0.00664773 -5.42431e-05 -0.000397279 -0.00201573 -0.00431818 -0.0105488 -0.00285124 -0.000692108 -0.00327703
internal_weight=50698 50296 12882 4310 2756 166 37414 17119 2406 870 154 716 1536 582
internal_count=50698 50296 12882 4310 2756 166 37414 17119 2406 870 154 716 1536 582
is_linear=0
shrinkage=0.05


Tree=395
num_leaves=15
num_cat=0
split_feature=49 23 43 1 13 55 49 38 38 47 12 17 25 12
split_gain=1.57599 2.0673 2.14166 2.48134 2.81271 2.69538 2.1359 2.29888 2.11904 2.10116 3.33333 2.02999 3.32963 2.08146
threshold=27.500000000000004 0.2950000017881394 47.500000000000007 81.599998474121108 73.06577301025392 3.5000000000000004 -1372.4999999999998 10.050000190734865 26.349999427795414 10.55634927749634 44.720138549804695 -6.9500000476837149 37.350000381469734 66.677085876464858
decision_type=8 2 10 2 2 2 10 2 2 2 2 2 2 2
left_child=1 2 3 -1 5 -5 7 9 11 -3 -11 12 -8 -13
right_child=-2 6 -4 4 -6 -7 8 -9 -10 10 -12 13 -14 -15
leaf_value=0.002878240162968618 0.00023206161916056227 -0.00022911406615888972 -0.00045232906502711955 -1.0860089063396213e-05 0.00081246099009064574 -0.0062330942546131758 -0.0010199054875435346 0.0011125070895533424 0.00096603277935918507 0.00049892644309367114 -0.012765425857330356 -0.00062200585019605843 0.0015414995708067671 0.0003270473947283563
leaf_weight=1887 26040 262 1915 58 308 55 5841 2776 992 60 50 5519 613 4284
leaf_count=1887 26040 262 1915 58 308 55 5841 2776 992 60 50 5519 613 4284
internal_value=8.78234e-05 -0.000198944 0.000806757 0.00182916 -0.00161253 -0.00800813 -0.000407458 0.000788474 -0.00062605 -0.0028534 -0.00833333 -0.000763201 -0.00145111 -0.000309283
internal_weight=50660 24620 4223 2308 421 113 20397 3148 17249 372 110 16257 6454 9803
internal_count=50660 24620 4223 2308 421 113 20397 3148 17249 372 110 16257 6454 9803
is_linear=0
shrinkage=0.05


Tree=396
num_leaves=15
num_cat=0
split_feature=30 2 10 36 45 24 51 44 46 24 18 31 44 49
split_gain=1.2358 2.21984 4.23018 2.20687 3.49136 3.03442 2.89587 3.45963 2.66018 2.39607 3.06743 3.21601 3.51048 2.59946
threshold=32.500000000000007 131.55000305175784 126.77499771118165 18.94999980926514 -2.9127216339111324 38.500000000000007 0.37940952181816107 0.14571669697761538 0.45000000298023229 17.500000000000004 -2.3500000238418575 2.143207430839539 6.7094697952270517 -52.499999999999993
decision_type=8 2 2 2 2 2 2 2 2 2 2 2 2 8
left_child=-1 3 -3 4 6 -6 -2 -8 -7 10 11 -9 13 -13
right_child=1 2 -4 -5 5 8 7 9 -10 -11 -12 12 -14 -15
leaf_value=0.00041005040496686128 0.00087331683120077375 -0.0032479348440184416 -0.00034186547512166034 -7.8539790671560439e-05 0.0016812007065423466 -0.0028909380950033403 0.0012014782181379903 0.0017590145084068532 0.00031538858773042899 -0.0026150047085318462 0.00054823667643742659 -0.0020018234612073746 0.00035169819359686077 -0.0071033532774715221
leaf_weight=6313 1948 183 3182 31290 4614 147 948 192 148 261 698 238 157 180
leaf_count=6313 1948 183 3182 31290 4614 147 948 192 148 261 698 238 157 180
internal_value=4.44477e-05 -4.90993e-05 -0.00128148 5.27787e-05 0.000718478 0.00164566 -0.000267703 -0.00133383 -0.00319672 -0.00266129 -0.00184746 -0.00400901 -0.0058547 -0.00820093
internal_weight=50499 44186 3365 40821 9531 4909 4622 2674 295 1726 1465 767 575 418
internal_count=50499 44186 3365 40821 9531 4909 4622 2674 295 1726 1465 767 575 418
is_linear=0
shrinkage=0.05


Tree=397
num_leaves=15
num_cat=0
split_feature=28 27 8 8 43 14 47 21 14 11 49 8 23 23
split_gain=1.13176 2.07937 1.8386 1.82799 1.88651 1.62816 2.32888 3.29729 2.402 1.5573 1.55552 1.53811 1.50729 1.40895
threshold=96.500000000000014 11.949999809265138 35.95000076293946 124.55000305175783 797.50000000000011 33.050989151000984 6.8154761791229257 29.500000000000004 46.67030334472657 219.57291412353518 7.5000000000000009 137.1499938964844 0.074999999254941954 0.38499999046325689
decision_type=2 2 2 2 10 2 2 2 2 2 10 2 2 2
left_child=1 5 -2 10 9 -1 13 8 -8 11 -4 -5 -3 -7
right_child=2 12 3 4 -6 6 7 -9 -10 -11 -12 -13 -14 -15
leaf_value=0.0016444590950446866 -0.0044504670567974509 -0.0032629137501724152 -0.0028712485763098161 -0.0034662174593701163 -0.0065240448965041102 -0.001313643018815828 -0.0058171429016301455 0.0025819532080488378 -0.00067457265357262648 -0.0016729867286445672 0.0020440395223152346 -7.7442597311327456e-05 3.0437995176148266e-05 0.0012390123429034854
leaf_weight=2278 139 53 123 71 66 480 95 93 67 98 623 985 44555 1111
leaf_count=2278 139 53 123 71 66 480 95 93 67 98 623 985 44555 1111
internal_value=8.03392e-05 0.000129457 -0.00105201 -0.000642712 -0.00182927 0.00120223 9.69829e-05 -0.00424528 -0.00837209 -0.00131443 0.0012963 -0.000722326 3.00329e-05 0.000815116
internal_weight=50837 48732 2105 1966 1220 4124 1846 255 162 1154 746 1056 44608 1591
internal_count=50837 48732 2105 1966 1220 4124 1846 255 162 1154 746 1056 44608 1591
is_linear=0
shrinkage=0.05


Tree=398
num_leaves=15
num_cat=0
split_feature=29 22 30 16 6 23 19 10 19 25 14 30 36 47
split_gain=1.29227 1.38619 1.81013 1.55939 1.59196 3.24148 2.28657 1.6625 1.38584 1.21505 1.25092 1.15411 1.13567 1.13183
threshold=12.949999809265138 442.50000000000006 1007.5000000000001 12.550000190734865 29.750000000000004 0.37500000000000006 45.250000000000007 57.758333206176765 21.750000000000004 6.9500000476837167 7.4277601242065439 787.50000000000011 13.650000095367433 10.910555362701418
decision_type=2 2 10 2 2 2 2 2 2 2 2 10 2 2
left_child=8 2 3 -2 -5 6 -6 9 12 10 -7 -3 -1 -10
right_child=1 11 -4 4 5 7 -8 -9 13 -11 -12 -13 -14 -15
leaf_value=-0.0019706258903504545 -0.0072993990110107728 0.0017769892889579236 0.0027140817154491532 0.0012331848837326463 -0.00055104167873246124 -0.0050499997085623567 -0.0084345359438346198 -0.0083664557014286028 -5.2435273092504375e-05 0.0024070881966622628 0.0019224044905523632 -0.00051149425674829258 0.0020620047815251975 -0.00092110218610292444
leaf_weight=76 84 1566 410 476 60 56 51 96 43253 456 65 243 837 2896
leaf_count=76 84 1566 410 476 60 56 51 96 43253 456 65 243 837 2896
internal_value=-4.49292e-05 0.000871817 -0.000130385 -0.0010192 -0.000551181 -0.00192695 -0.00946281 -0.000563689 -0.000114505 0.00048552 -0.00377863 0.00183892 0.0018039 -0.000152841
internal_weight=50625 3563 1754 1344 1260 784 111 673 47062 577 121 1809 913 46149
internal_count=50625 3563 1754 1344 1260 784 111 673 47062 577 121 1809 913 46149
is_linear=0
shrinkage=0.05


Tree=399
num_leaves=15
num_cat=0
split_feature=47 9 49 11 37 24 53 21 56 6 7 47 56 22
split_gain=1.27632 1.12392 1.3406 1.94139 2.62943 3.84597 2.58362 3.00318 2.3358 2.2507 2.98153 2.26362 2.31868 1.92237
threshold=1.3118055462837221 15.84999990463257 32.500000000000007 28.343750000000004 35.500000000000007 58.500000000000007 0.56191161274909984 37.500000000000007 23.150000572204593 24.550000190734867 33.149999618530281 9.5958333015441912 32.45000076293946 2575.5000000000005
decision_type=2 2 10 2 2 2 2 2 2 2 2 2 2 2
left_child=-1 -2 3 8 5 6 7 -5 -3 -9 11 12 -11 -6
right_child=1 2 -4 4 13 -7 -8 9 -10 10 -12 -13 -14 -15
leaf_value=0.0042003349619422481 0.0010957929799427387 -0.00042991032573644827 0.00029621026359724753 0.0019273421467313194 8.1128845655005141e-05 0.00079642864407815221 -0.0034110978780575439 0.00033343755229537958 0.0025275192567179626 -0.0045820905549665445 -0.0027665612297166956 -0.0072905352774263786 -0.00015589250413070509 -0.0006173534073457156
leaf_weight=202 1059 894 19302 216 22074 705 55 216 1348 74 439 103 95 3769
leaf_count=202 1059 894 19302 216 22074 705 55 216 1348 74 439 103 95 3769
internal_value=0.000185024 0.000168689 0.000133874 -7.53382e-05 -0.000189869 -0.00197857 -0.00369205 -0.00310928 0.00133659 -0.00433831 -0.00567961 -0.00971631 -0.00561452 -5.744e-05
internal_weight=50551 50349 49290 29988 27746 1903 1198 1143 2242 927 711 272 169 25843
internal_count=50551 50349 49290 29988 27746 1903 1198 1143 2242 927 711 272 169 25843
is_linear=0
shrinkage=0.05


Tree=400
num_leaves=15
num_cat=0
split_feature=10 11 15 37 38 52 38 24 32 41 16 15 53 2
split_gain=1.21137 2.17571 2.64723 3.2032 5.53402 2.96219 2.00578 2.19245 1.71043 2.50357 3.01294 2.80258 2.1365 1.87173
threshold=35.341665267944343 41.456249237060554 65.549999237060561 85.500000000000014 24.94999980926514 -0.92274349927902211 7.6499998569488534 9.5000000000000018 -3.4101155996322627 4.5000000000000009 18.94999980926514 37.049999237060554 -0.013976481743156908 12.150000095367433
decision_type=2 2 2 2 2 2 2 2 2 2 2 2 2 2
left_child=1 2 8 6 5 -5 7 -4 9 -1 13 12 -12 -11
right_child=-2 -3 3 4 -6 -7 -8 -9 -10 10 11 -13 -14 -15
leaf_value=0.00069846094270382042 -5.3257344572606952e-06 0.0020642797236332575 0.0004887629551206719 -0.0011652261151119962 0.0056506759908857979 -0.0081458775390312738 0.00053113106743889356 -0.010312184520572969 0.00081022006887061793 0.013444946664896013 0.00055364602985459469 0.0023572435944835511 -0.0037230021703764829 -0.0020559103756932593
leaf_weight=1734 40138 2237 51 56 79 60 447 70 4186 61 66 520 68 842
leaf_count=1734 40138 2237 51 56 79 60 447 70 4186 61 66 520 68 842
internal_value=0.00011605 0.000594546 0.000218182 -0.00256792 -0.00792683 -0.0144444 -0.000622837 -0.0060687 0.000505543 -0.000346864 -0.00179643 0.000783133 -0.00541667 -0.00365279
internal_weight=50615 10477 8240 763 195 116 568 121 7477 3291 1557 654 134 903
internal_count=50615 10477 8240 763 195 116 568 121 7477 3291 1557 654 134 903
is_linear=0
shrinkage=0.05


Tree=401
num_leaves=15
num_cat=0
split_feature=0 57 19 56 51 35 44 32 48 52 12 34 50 5
split_gain=1.14531 2.1102 1.88751 2.48109 2.03719 2.82454 2.69231 2.57094 3.04972 1.96999 3.25788 1.89502 1.78137 1.89156
threshold=37.549999237060554 26.750000000000004 50.549999237060554 73.200000762939467 0.37940952181816107 9.5000000000000018 0.35348723828792578 8.2791004180908221 -6.2499999999999991 0.99818283319473278 36.429861068725593 0.94999998807907116 0.12940952181816109 42.199998855590827
decision_type=2 2 2 2 2 2 2 2 2 2 2 2 2 2
left_child=1 -1 3 -2 9 12 7 -7 -9 -4 -11 -12 -6 -14
right_child=2 -3 4 -5 5 6 -8 8 -10 10 11 -13 13 -15
leaf_value=-0.0005682751000212848 -0.0026700268995023721 0.00058667026315400647 0.00021991706727972034 0.0014235941180883037 0.00095305035916594914 -7.6281975151590374e-05 -0.0017431191814345414 -0.0039950023126892435 0.00047200286247286901 0.0032598243814145967 -0.0039810488742559949 -0.0063441103593106993 0.0013501237445502886 -0.00055285152455912371
leaf_weight=2013 992 10935 24500 297 2955 3413 2114 112 104 98 81 57 457 2471
leaf_count=2013 992 10935 24500 297 2955 3413 2114 112 104 98 81 57 457 2471
internal_value=0.000122409 0.000527859 -1.71263e-05 -0.00188992 4.97637e-05 -0.000495875 -0.00128368 -0.000454795 -0.00561947 0.000306312 -0.00414634 -0.00885135 0.000274054 -0.000599047
internal_weight=50599 12948 37651 1289 36362 11626 5743 3629 216 24736 236 138 5883 2928
internal_count=50599 12948 37651 1289 36362 11626 5743 3629 216 24736 236 138 5883 2928
is_linear=0
shrinkage=0.05


Tree=402
num_leaves=15
num_cat=0
split_feature=0 47 56 7 54 7 44 5 25 14 14 8 9 9
split_gain=1.13018 2.31109 1.6499 1.49508 1.77907 3.53797 2.69314 2.34012 2.46994 2.56914 2.50015 1.70899 1.62052 2.74679
threshold=35.549999237060554 4.8348486423492441 14.050000190734865 24.94999980926514 4.5000000000000009 20.44999980926514 -10.037298202514647 42.45000076293946 7.8500001430511483 8.1095643043518084 13.062195777893068 23.750000000000004 29.44999980926514 40.800001144409187
decision_type=2 2 2 2 2 2 2 2 2 2 2 2 2 2
left_child=1 2 -1 4 5 -3 -6 8 -7 -10 -11 12 -8 -14
right_child=-2 3 -4 -5 6 7 11 -9 9 10 -12 -13 13 -15
leaf_value=-0.0012629808763444281 -2.0774339838734222e-05 -0.00013348340540803713 0.0031183007028683382 0.00036598626746688176 -0.0078017111673285462 -0.00049765251336101343 0.0024548385674709127 1.5898609625333761e-05 -0.00773792019726689 0.0012269314548180553 -0.0061725822730641852 0.0024300059488606869 -0.0057707131137276317 0.0012818522572153746
leaf_weight=82 39181 830 1472 7274 68 95 200 135 96 58 55 701 118 148
leaf_count=82 39181 830 1472 7274 68 95 200 135 96 58 55 701 118 148
internal_value=9.03551e-05 0.000529889 0.00231458 0.000244177 -0.000807478 -0.00211493 0.000542169 -0.00569042 -0.00805732 -0.0109817 -0.0051626 0.00113424 -0.00119748 -0.00369565
internal_weight=50513 11332 1554 9778 2504 1269 1235 439 304 209 113 1167 466 266
internal_count=50513 11332 1554 9778 2504 1269 1235 439 304 209 113 1167 466 266
is_linear=0
shrinkage=0.05


Tree=403
num_leaves=15
num_cat=0
split_feature=53 19 10 53 49 10 22 36 15 9 8 47 10 56
split_gain=1.46191 1.14535 1.22753 2.32699 1.54877 1.33316 1.19467 2.64496 2.89965 1.35528 1.12097 1.50406 1.07936 1.71565
threshold=0.99981042742729198 21.750000000000004 20.316666603088382 -0.96234029531478871 -192.49999999999997 23.408332824707035 252.50000000000003 25.750000000000004 42.350000381469734 15.84999990463257 37.199998855590827 4.6369316577911386 194.50833129882815 84.65000152587892
decision_type=2 2 2 2 10 2 2 2 2 2 2 2 2 2
left_child=1 -1 3 -3 -5 -4 7 8 -7 -8 11 -6 13 -11
right_child=-2 2 5 4 10 6 9 -9 -10 12 -12 -13 -14 -15
leaf_value=0.0011805854075972516 0.0030808489118032776 -0.0085465348210228085 0.0011459564495354159 0.00027403117953138275 0.00023867376581128316 0.0053103237150721886 0.0014807094590844061 0.00058178812535073768 -0.0042417350049429236 -8.8245256332361403e-05 -0.0013375406590715034 -0.0038307968142920049 -0.00065247723873700081 0.00034592633053888189
leaf_weight=1033 295 52 1151 583 51 52 767 200 78 33445 173 94 1396 11476
leaf_count=1033 295 52 1151 583 51 52 767 200 78 33445 173 94 1396 11476
internal_value=7.33445e-05 5.2511e-05 1.79698e-05 -0.00174974 -0.00109221 5.3011e-05 1.20194e-05 -0.00294118 -0.00821429 3.33378e-05 -0.00384146 -0.00693548 -1.40288e-06 4.12857e-05
internal_weight=50846 50551 49518 953 901 48565 47414 330 130 47084 318 145 46317 44921
internal_count=50846 50551 49518 953 901 48565 47414 330 130 47084 318 145 46317 44921
is_linear=0
shrinkage=0.05


Tree=404
num_leaves=15
num_cat=0
split_feature=29 32 15 14 9 44 37 44 49 52 26 47 26 25
split_gain=1.29156 2.61046 1.94522 2.55547 4.11767 1.1422 2.19845 2.44476 2.37695 2.11875 1.65594 2.31155 3.06559 1.73878
threshold=1.0500000119209292 0.71124580502510082 69.700000762939467 18.097889900207523 52.649999618530281 -7.0062232017517081 55.500000000000007 -10.101816177368162 922.50000000000011 -0.95244166254997242 0.67501363158226024 13.465151309967043 0.47897768020629888 10.550000190734865
decision_type=2 2 2 2 2 2 2 2 8 2 2 2 2 2
left_child=1 2 -1 4 -4 6 -2 8 9 -8 11 -11 -13 -12
right_child=5 -3 3 -5 -6 -7 7 -9 -10 10 13 12 -14 -15
leaf_value=0.0036425512117237921 0.0020632182305220007 -0.0047782889253780089 0.00041687900439306815 -0.00032095100185247649 -0.0069652877509774891 4.6242439674727218e-05 0.0036792064574882495 0.00073301823173161555 0.0026232011070661952 0.00035316344896675454 -0.001006082960617534 -0.012890046669551772 -0.00071415032499143154 -0.0040232443972359026
leaf_weight=190 1661 98 80 806 71 41881 184 3535 255 853 363 79 200 390
leaf_count=190 1661 98 80 806 71 41881 184 3535 255 853 363 79 200 390
internal_value=0.000129896 -0.00145418 -0.000747623 -0.00167011 -0.00742236 0.000170104 0.000737052 0.000280286 -0.000976864 -0.00154161 -0.00204485 -0.000823117 -0.00468858 -0.00384666
internal_weight=50646 1245 1147 957 151 49401 7520 5859 2324 2069 1885 1132 279 753
internal_count=50646 1245 1147 957 151 49401 7520 5859 2324 2069 1885 1132 279 753
is_linear=0
shrinkage=0.05


Tree=405
num_leaves=15
num_cat=0
split_feature=29 36 23 0 57 8 20 23 36 23 9 0 56 0
split_gain=1.31799 1.98765 1.21864 1.76924 1.22929 1.29974 2.31016 1.14464 2.49281 1.88555 2.19188 1.63844 1.62669 1.60509
threshold=23.650000572204593 21.849999427795414 0.085000000894069686 11.250000000000002 217.84999847412112 161.85000610351565 66.350002288818374 1.5549999475479128 36.250000000000007 1.485000014305115 44.049999237060554 85.549999237060561 41.350000381469734 278.00000000000006
decision_type=2 2 2 2 2 2 2 2 2 2 2 2 2 2
left_child=2 -2 -1 -4 7 -6 -7 9 12 13 -11 -12 -9 -5
right_child=1 -3 3 4 5 6 -8 8 -10 10 11 -13 -14 -15
leaf_value=-0.0024147981095931259 -0.0032705648749284154 -0.00048083630217109452 0.0054963094178563342 5.3499482110418621e-05 0.0035950579645710498 -0.0018044104161741147 0.0029087506827740681 -0.004112564929627369 -0.005858674280214614 -0.008061281973764196 0.0014774832910192397 -0.0024218742942714302 0.0022848478753990801 -0.0023026650971954862
leaf_weight=125 55 122 335 47764 364 104 255 55 53 58 104 96 709 138
leaf_count=125 55 122 335 47764 364 104 255 55 53 58 104 96 709 138
internal_value=9.9013e-05 -0.00409091 0.000114611 0.000127386 0.000102595 0.00213506 -1.355e-05 7.21622e-05 0.00191657 4.04818e-05 -0.00414179 -0.00142857 0.00267442 6.38673e-05
internal_weight=50337 177 50160 50035 49700 723 359 48977 817 48160 258 200 764 47902
internal_count=50337 177 50160 50035 49700 723 359 48977 817 48160 258 200 764 47902
is_linear=0
shrinkage=0.05


Tree=406
num_leaves=15
num_cat=0
split_feature=29 24 21 31 6 12 17 45 28 7 5 11 11 57
split_gain=1.19893 1.58053 1.90316 1.74429 2.29047 1.94218 1.63057 1.29877 1.42407 1.06348 1.4254 2.35938 2.3479 4.34598
threshold=1.0500000119209292 5.5000000000000009 16.500000000000004 -0.36060570180416102 97.90000152587892 54.002082824707038 100.79999923706056 -2.8733866214752193 77.500000000000014 14.750000000000002 13.750000000000002 29.454167366027836 33.333333969116218 67.416667938232436
decision_type=2 2 2 2 2 2 2 2 2 2 2 2 2 2
left_child=1 6 -3 4 5 -4 7 8 -1 -2 -11 -12 13 -13
right_child=9 2 3 -5 -6 -7 -8 -9 -10 10 11 12 -14 -15
leaf_value=-0.003434555770159037 0.0013461766359256504 -0.003449614921156047 -0.0016649058912460027 7.624630173299814e-05 0.00089083548955536844 -0.0097035768674309849 -0.0045321821135795512 0.0027341650401520434 0.0017980905043910138 -0.0014103853381833625 0.0010345530000335204 -0.0007621618549753477 8.0223442141487953e-05 -0.0077485679326341891
leaf_weight=82 817 120 51 415 52 67 52 357 64 551 3234 2345 42287 63
leaf_count=82 817 120 51 415 52 67 52 357 64 551 3234 2345 42287 63
internal_value=9.95711e-05 -0.00141732 -0.00297203 -0.00172269 -0.00583333 -0.00945312 0.000575221 0.00149123 -0.00237179 0.000138621 0.00010827 0.000137571 4.30602e-05 -0.00147229
internal_weight=50557 1260 705 585 170 118 555 503 146 49297 48480 47929 44695 2408
internal_count=50557 1260 705 585 170 118 555 503 146 49297 48480 47929 44695 2408
is_linear=0
shrinkage=0.05


Tree=407
num_leaves=15
num_cat=0
split_feature=35 21 44 50 48 48 48 26 56 5 43 1 22 32
split_gain=1.31365 1.83878 1.25063 1.53078 2.04372 1.5017 1.24093 1.1548 1.92934 3.10403 2.37955 2.98746 3.12943 3.78116
threshold=11.500000000000002 71.500000000000014 2.155601024627686 0.91597560048103344 -6.5499999523162833 -11.550000190734862 0.94999998807907116 0.70791533589363109 68.349998474121108 51.95000076293946 1067.5000000000002 27.849999427795414 1150.5000000000002 -1.4484117627143858
decision_type=2 2 2 2 2 2 2 2 2 2 10 2 2 2
left_child=7 6 3 -3 -5 -4 -2 -1 9 -9 11 -11 13 -13
right_child=1 2 5 4 -6 -7 -8 8 -10 10 -12 12 -14 -15
leaf_value=0.00023759921609480179 0.0013682003595816578 -1.2054696586826312e-05 0.0023258931226433459 -0.00092479146738623096 -0.008382226441244145 -0.0018865545529816866 -0.00020308346715279462 -4.1475882822518716e-06 0.00032956672919185528 0.0033405498457578855 0.00073615987203544593 -0.0058136330489284398 -0.0015807865526197857 -0.002185871248754215
leaf_weight=29603 1089 2333 115 499 190 988 3177 4945 5624 173 381 226 1040 370
leaf_count=29603 1089 2333 115 499 190 988 3177 4945 5624 173 381 226 1040 370
internal_value=0.000119477 -0.000451732 -0.00120314 -0.000672823 -0.00272532 -0.00263702 0.000275959 0.000232701 -0.000164852 -0.000710287 -0.00227273 -0.00302639 -0.00368773 -0.00655115
internal_weight=50753 8391 4125 3022 689 1103 4266 42362 12759 7135 2190 1809 1636 596
internal_count=50753 8391 4125 3022 689 1103 4266 42362 12759 7135 2190 1809 1636 596
is_linear=0
shrinkage=0.05


Tree=408
num_leaves=15
num_cat=0
split_feature=53 49 23 50 52 53 14 38 29 41 34 0 53 52
split_gain=1.15921 1.08068 1.98153 1.89904 2.62534 3.07102 5.55302 2.2796 2.10729 4.10853 2.05798 2.062 2.36413 1.96472
threshold=0.99988442659378063 22.500000000000004 0.2950000017881394 1.0000000180025095e-35 0.21022171527147296 -0.94703993201255787 14.572431564331056 4.9500000476837167 5.1499998569488534 18.500000000000004 -1.4499999880790708 38.250000000000007 -0.54940786957740773 -0.9413962960243224
decision_type=2 8 2 2 2 2 2 2 2 2 2 2 2 2
left_child=1 2 -1 4 -4 6 -6 -7 9 10 -9 -12 -13 -5
right_child=-2 -3 3 13 5 7 -8 8 -10 -11 11 12 -14 -15
leaf_value=0.00049434038912962361 0.004064710826813085 0.00018482063010101947 0.00035765702710438638 -0.0023798675739384358 0.0012513888095405884 -0.0027456984543028366 -0.0092062371699928366 -0.0060171191870757625 0.0004110551493652539 0.0014423944573265738 0.00074742992689057382 -0.011668460404167339 -0.0011013782179282768 -0.00035587238357797805
leaf_weight=4136 167 26172 7203 1129 96 128 87 110 1916 377 201 99 288 8262
leaf_count=4136 167 26172 7203 1129 96 128 87 110 1916 377 201 99 288 8262
internal_value=0.000113237 9.89766e-05 -0.000143083 -0.000350145 0.000111745 -0.00105374 -0.00717617 -0.000672739 -0.000381539 -0.00214286 -0.00439266 -0.00311037 -0.00520151 -0.000866397
internal_weight=50371 50204 24032 19896 10505 3302 183 3119 2991 1075 698 588 387 9391
internal_count=50371 50204 24032 19896 10505 3302 183 3119 2991 1075 698 588 387 9391
is_linear=0
shrinkage=0.05


Tree=409
num_leaves=15
num_cat=0
split_feature=6 13 56 21 18 9 6 7 47 52 6 3 30 25
split_gain=1.24259 2.98161 2.05761 1.81725 2.17752 3.04601 2.00294 1.91512 2.24453 3.1515 2.49001 2.40335 2.32505 2.75433
threshold=45.350000381469734 56.100000381469734 18.050000190734867 53.500000000000007 5.4500000476837167 34.250000000000007 40.250000000000007 22.650000572204593 5.9211111068725595 -0.60554069280624379 21.650000572204593 48.149999618530281 1112.5000000000002 14.84999990463257
decision_type=2 2 2 2 2 2 2 2 2 2 2 2 8 2
left_child=1 3 -3 -1 -5 -6 7 -7 9 -9 -11 -10 13 -12
right_child=-2 2 -4 4 5 6 -8 8 11 10 12 -13 -14 -15
leaf_value=0.00090264831090832516 -5.1176778407800889e-05 -0.0051082940172094034 0.0020549905866845803 0.00017960393144087375 0.0004503429255703723 0.0002450832599402173 0.0013485660934116873 -0.00056541001591324264 -0.0023304135901047007 0.00028569791397978147 -0.0087051573842347827 0.0010145634824765594 -0.0018282256939491086 -0.0021934459578849264
leaf_weight=3525 31797 63 3665 7360 1779 377 365 195 685 54 168 400 70 89
leaf_count=3525 31797 63 3665 7360 1779 377 365 195 685 54 168 400 70 89
internal_value=0.000109877 0.000432066 0.00169609 0.000118392 -0.000185249 -0.00109494 -0.00225238 -0.00286133 -0.00358767 -0.00609215 -0.00868286 -0.00221461 -0.0102819 -0.0124157
internal_weight=50592 18795 3728 15067 11542 4182 2403 2038 1661 576 381 1085 327 257
internal_count=50592 18795 3728 15067 11542 4182 2403 2038 1661 576 381 1085 327 257
is_linear=0
shrinkage=0.05


Tree=410
num_leaves=15
num_cat=0
split_feature=0 34 34 0 12 22 30 40 22 32 19 18 23 37
split_gain=1.61539 1.30099 2.19938 2.26068 2.48143 3.10414 2.58622 2.56234 2.06573 1.92868 1.89906 1.82952 1.35102 1.86688
threshold=18.44999980926514 -7.1499998569488517 -4.1499998569488517 28.150000572204593 41.604167938232429 347.50000000000006 367.50000000000006 977.35000610351574 835.50000000000011 5.4697461128234872 65.099998474121108 11.650000095367433 0.84499999880790722 72.500000000000014
decision_type=2 2 2 2 2 2 8 2 2 2 2 2 2 2
left_child=-1 -2 3 -3 5 -5 10 9 -7 -8 -6 -9 -4 -14
right_child=1 2 12 4 6 8 7 11 -10 -11 -12 -13 13 -15
leaf_value=0.0010788830429149768 0.0031578939752425887 0.0063946772567804074 -7.8168104165814511e-05 0.0031910073851943404 -0.0029363024625602991 -0.010824226825642203 -0.0011785535004911378 0.00052981310913125261 -0.0020053677626452673 -0.010165115434519884 0.0042523804839560966 -0.0054702118335824626 0.0011911246972054624 -2.009062393560928e-05
leaf_weight=1724 311 159 38418 50 97 95 112 190 54 50 318 63 3746 5396
leaf_count=1724 311 159 38418 50 97 95 112 190 54 50 318 63 3746 5396
internal_value=1.11238e-05 -4.18796e-05 -6.27587e-05 -0.00217863 -0.00303657 -0.00791866 -0.00178571 -0.00452941 -0.0113522 -0.00924419 0.001 -0.00127376 -9.45956e-06 0.000536495
internal_weight=50783 49059 48748 1188 1029 199 830 415 149 162 415 253 47560 9142
internal_count=50783 49059 48748 1188 1029 199 830 415 149 162 415 253 47560 9142
is_linear=0
shrinkage=0.05


Tree=411
num_leaves=15
num_cat=0
split_feature=56 45 47 6 36 46 27 21 28 22 25 8 15 8
split_gain=1.52071 1.24959 1.31719 1.93162 2.19572 2.88953 2.55777 4.32884 3.54768 2.42805 1.87422 1.89383 1.84742 3.15366
threshold=237.25000000000003 6.4940977096557626 4.4866073131561288 152.05000305175784 21.94999980926514 1.0000000180025095e-35 15.449999809265138 16.500000000000004 89.500000000000014 1315.5000000000002 13.150000095367433 142.75000000000003 75.549999237060561 30.94999980926514
decision_type=2 2 2 2 2 2 2 2 2 2 2 2 2 2
left_child=1 2 3 4 5 -1 7 -6 9 -9 11 -5 -8 -14
right_child=-2 -3 -4 10 6 -7 12 8 -10 -11 -12 -13 13 -15
leaf_value=0.002000340501572901 0.0014276739058770142 0.00065935276800618229 -5.9837246267005096e-05 0.00090045652866208535 0.0016669645527442635 -0.0070640757463073514 0.0012482216594358461 -0.0070870272555576073 0.0020417350351893898 -0.0034827271118063117 -0.00029865689900315231 -0.0035733993277183964 -0.0030761835788699738 8.1494826153224271e-05
leaf_weight=3686 608 3102 35824 51 202 101 2127 106 57 81 1725 107 262 2653
leaf_count=3686 608 3102 35824 51 202 101 2127 106 57 81 1725 107 262 2653
internal_value=0.000107688 7.72549e-05 1.29811e-05 0.000487106 0.000783522 0.00170793 0.000143689 -0.00344298 -0.00779528 -0.0109898 -0.000969361 -0.0060119 0.000467142 -0.000350427
internal_weight=50692 50084 46982 11158 9275 3787 5488 446 244 187 1883 158 5042 2915
internal_count=50692 50084 46982 11158 9275 3787 5488 446 244 187 1883 158 5042 2915
is_linear=0
shrinkage=0.05


Tree=412
num_leaves=15
num_cat=0
split_feature=43 57 33 23 7 23 4 40 16 19 10 25 10 48
split_gain=1.24167 1.10653 1.33399 1.00011 5.01605 1.55611 0.877034 2.01782 1.92586 4.35001 2.42333 1.54651 2.36128 1.58451
threshold=12.500000000000002 228.8666687011719 0.55000001192092907 1.9249999523162844 76.950000762939467 1.6050000190734866 103.70000076293947 991.35000610351574 73.000000000000014 161.85000610351565 95.158332824707045 35.049999237060554 95.158332824707045 9.5500001907348651
decision_type=8 2 2 2 2 2 2 2 2 2 2 2 2 2
left_child=-1 3 -3 5 -5 6 7 8 -2 10 -10 13 -13 -9
right_child=1 2 -4 4 -6 -7 -8 11 9 -11 -12 12 -14 -15
leaf_value=0.0018648467148433706 1.2051754608556572e-05 0.0028085527694225944 -0.0031564066616162709 -0.0084438831848346867 0.0014129847438666635 0.0024442358113063783 -0.00028001718192258829 0.0019712526580098776 -0.0046910042827009767 0.00047654000618645149 -0.0012664639349086026 -0.006460256774972634 0.0002854169338504582 -0.00090112706000412184
leaf_weight=728 36828 459 52 63 171 418 8280 2367 82 305 80 87 295 319
leaf_count=728 36828 459 52 63 171 418 8280 2367 82 305 80 87 295 319
internal_value=5.0847e-05 2.06763e-05 0.00231286 -3.54915e-06 -0.00319672 1.23293e-05 -1.40791e-05 8.21095e-05 -1.94342e-05 -0.0031761 -0.00953488 0.00131254 -0.00163265 0.00173591
internal_weight=50534 49806 511 49295 234 49061 48643 40363 37295 467 162 3068 382 2686
internal_count=50534 49806 511 49295 234 49061 48643 40363 37295 467 162 3068 382 2686
is_linear=0
shrinkage=0.05


Tree=413
num_leaves=15
num_cat=0
split_feature=15 6 15 37 34 0 52 32 37 21 26 37 49 0
split_gain=1.22725 3.05744 2.75575 4.63751 7.67741 2.26778 2.17779 2.01321 1.96 3.44864 1.80618 3.58316 1.78065 1.77394
threshold=95.349998474121108 53.750000000000007 93.500000000000014 73.500000000000014 0.75000000000000011 74.599998474121108 -0.70291268825530995 -9.0148162841796857 54.500000000000007 206.50000000000003 0.51673546433448803 86.500000000000014 1.0000000180025095e-35 61.100000381469734
decision_type=2 2 2 2 2 2 2 2 2 2 2 2 8 2
left_child=2 8 -1 5 -5 -4 -7 -3 9 -2 11 -10 -9 -14
right_child=1 7 3 4 -6 6 -8 12 10 -11 -12 -13 13 -15
leaf_value=2.2970438069034581e-06 0.00077792533743356682 0.0035360988563736271 0.0017696524863735322 -0.0022329030358779894 -0.0094884817433231079 -0.0041230944561801482 0.00035783380920793715 -0.00030298970522392167 0.0019474743319397659 -0.004606703009876245 0.0031314716959032992 -0.0029497871011921451 0.0017813267661010255 0.00015075578969869264
leaf_weight=28162 819 425 367 248 74 69 97 6892 206 124 2510 51 899 9768
leaf_count=28162 819 425 367 248 74 69 97 6892 206 124 2510 51 899 9768
internal_value=0.000131208 0.000415592 -8.14757e-05 -0.00286127 -0.0075 2.76245e-05 -0.00465909 0.000145604 0.00172043 -0.00024659 0.00238927 -0.00155431 6.23259e-05 0.000466892
internal_weight=50711 21694 29017 855 322 533 166 17984 3710 943 2767 257 17559 10667
internal_count=50711 21694 29017 855 322 533 166 17984 3710 943 2767 257 17559 10667
is_linear=0
shrinkage=0.05


Tree=414
num_leaves=15
num_cat=0
split_feature=26 31 57 43 56 5 16 33 55 12 7 17 25 44
split_gain=1.56928 4.34964 1.94924 1.83573 2.1708 3.12729 2.91682 2.58565 4.8296 2.83327 3.91487 3.31934 2.79328 2.50537
threshold=0.75405275821685802 10.066047668457033 182.84999847412112 1712.5000000000002 79.750000000000014 51.95000076293946 41.500000000000007 1.0000000180025095e-35 4.5000000000000009 92.295833587646499 45.000000000000007 62.100000381469734 18.150000572204593 4.6986100673675546
decision_type=2 2 2 10 2 2 2 2 2 2 2 2 2 2
left_child=2 3 -1 4 5 -2 13 9 -9 10 -8 -12 -10 -6
right_child=1 -3 -4 -5 6 -7 7 8 12 -11 11 -13 -14 -15
leaf_value=0.0001104017076242231 -6.3007199211824366e-05 -0.0056766372200036516 0.0019719693063041709 0.0014202095864340068 0.0031352375640772397 -0.0016635793150374927 -0.014019840485948329 9.0241446755975413e-05 -0.0039165077516859909 0.00033570419213214335 0.0011914397200921026 -0.024794690558238526 -0.010985636683276401 -0.00090269024256935289
leaf_weight=35787 4941 56 775 648 1460 3114 68 298 74 3150 173 52 90 201
leaf_count=35787 4941 56 775 648 1460 3114 68 298 74 3150 173 52 90 201
internal_value=6.84718e-05 -0.000374956 0.000242262 -0.000315498 -0.000439806 -0.000964042 0.000319225 -0.000427841 -0.0038983 4.77847e-05 -0.00457096 -0.00117021 -0.0105172 0.00206762
internal_weight=50887 14325 36562 14269 13621 8055 5566 3905 462 3443 293 225 164 1661
internal_count=50887 14325 36562 14269 13621 8055 5566 3905 462 3443 293 225 164 1661
is_linear=0
shrinkage=0.05


Tree=415
num_leaves=15
num_cat=0
split_feature=23 37 13 13 28 47 56 18 4 26 26 7 13 34
split_gain=1.59419 2.11233 1.92191 2.78312 2.92608 3.71139 2.79954 2.93105 2.35029 2.99315 3.15938 1.8604 3.74569 1.57533
threshold=0.9650000035762788 93.500000000000014 60.070833206176765 57.044345855712898 87.500000000000014 6.7577381134033212 79.750000000000014 1.0500000119209292 48.149999618530281 0.88872027397155773 0.6600199043750764 75.549999237060561 77.896133422851577 2.1499999761581425
decision_type=2 2 2 2 2 2 2 2 2 2 2 2 2 2
left_child=-1 2 3 4 -2 -6 7 -5 -7 10 -10 12 -3 -4
right_child=1 11 13 6 5 8 -8 -9 9 -11 -12 -13 -14 -15
leaf_value=-2.6097648419932783e-05 0.0012022899893277615 -0.0012172651074866822 0.0016541693941723231 0.00047042408370098315 0.002840084409916864 -0.00040580469764836487 0.0039088455945754325 -0.0077270870992099533 -0.011609406980340554 0.0011841001866538081 -0.0179190657429079 0.00018871723160775056 -0.0038864768751281048 -0.00096512400653126916
leaf_weight=44361 1748 300 2855 75 249 156 68 122 71 63 96 450 58 216
leaf_count=44361 1748 300 2855 75 249 156 68 122 71 63 96 450 58 216
internal_value=4.89216e-05 0.00077788 0.00111625 0.000127916 0.000674885 -0.0022093 -0.00463636 -0.00756039 -0.00522727 -0.00833333 -0.0116667 -0.00160147 -0.00423913 0.00196527
internal_weight=50888 6527 5719 2648 2383 635 265 197 386 230 167 808 358 3071
internal_count=50888 6527 5719 2648 2383 635 265 197 386 230 167 808 358 3071
is_linear=0
shrinkage=0.05


Tree=416
num_leaves=15
num_cat=0
split_feature=53 38 19 38 12 25 26 9 56 13 38 37 11 23
split_gain=1.36921 2.43842 2.32131 2.07811 5.86954 4.97332 2.9249 4.2288 3.3127 3.27853 2.73088 2.96967 2.37654 3.91347
threshold=0.33222858607769018 15.750000000000002 212.09999847412112 11.150000095367433 49.782638549804695 8.3499999046325701 0.63950756192207348 123.15000152587892 93.000000000000014 90.688095092773452 10.150000095367433 24.500000000000004 83.268749237060561 0.7150000035762788
decision_type=2 2 2 2 2 2 2 2 2 2 2 2 2 2
left_child=3 -2 -3 4 -1 -6 7 12 9 -8 11 -7 -5 -14
right_child=1 2 -4 6 5 10 8 -9 -10 -11 -12 -13 13 -15
leaf_value=-0.00037883221993960993 0.00011286670121072836 0.0023696633163525146 -0.0012676660634817624 0.00066163015201733315 -0.0074789031609379074 -0.00076241101920395391 -0.00035216298519742141 -0.0057744115122537959 0.0020597483787619347 -0.0024144079426333905 0.0017610142771571436 -0.0071069742541322468 -0.0035674202594856647 7.9905569379436409e-05
leaf_weight=3714 17092 1729 319 11822 96 121 13713 99 937 51 91 91 178 572
leaf_count=3714 17092 1729 319 11822 96 121 13713 99 937 51 91 91 178 572
internal_value=7.65283e-05 0.000409922 0.00203596 -0.00012621 -0.00117269 -0.00685819 3.14077e-05 0.000587888 -0.000448304 -0.000644693 -0.00346645 -0.00648649 0.000672389 -0.00203947
internal_weight=50625 19140 2048 31485 4113 399 27372 12671 14701 13764 303 212 12572 750
internal_count=50625 19140 2048 31485 4113 399 27372 12671 14701 13764 303 212 12572 750
is_linear=0
shrinkage=0.05


Tree=417
num_leaves=15
num_cat=0
split_feature=34 34 18 38 44 24 26 47 31 36 27 14 52 26
split_gain=1.25845 1.28055 1.96606 1.59372 1.54457 1.61809 1.47214 2.0769 2.80937 3.3584 3.98043 3.5686 3.31032 4.27522
threshold=-7.3500001430511466 -4.1499998569488517 8.8499999046325701 13.84999990463257 3.2106803655624394 8.5000000000000018 0.70791533589363109 4.4866073131561288 -2.1640772819519039 21.94999980926514 15.449999809265138 37.551939010620124 -0.40614700317382807 0.97809872031211864
decision_type=2 2 2 2 2 2 2 2 2 2 2 2 2 2
left_child=-1 2 4 -4 5 -2 -3 8 -8 11 12 -10 13 -11
right_child=1 6 3 -5 -6 -7 7 -9 9 10 -12 -13 -14 -15
leaf_value=0.002723777723937591 -0.0019421694117697785 0.00013963774230484475 -0.0033760835514174839 -0.0044853926492791291 -0.0031249418202865531 0.0015628835609859404 0.0014050762767814954 -0.00059948852557095635 0.0023570573031984681 -0.0079872372050301503 -0.00059327508625480656 -0.00049944797301754889 -0.0005944704416078223 -0.0010701133490554104
leaf_weight=284 164 33970 88 218 125 662 1499 7937 1864 104 1633 1770 139 73
leaf_count=284 164 33970 88 218 125 662 1499 7937 1864 104 1633 1770 139 73
internal_value=3.75942e-05 1.85054e-05 -0.00155091 -0.00496835 -0.00041103 0.000394737 5.9083e-05 -0.000352984 0.000269318 -0.000247631 -0.00191679 0.000650384 -0.00696319 -0.0113102
internal_weight=50530 50246 1257 306 951 826 48989 15019 7082 5583 1949 3634 316 177
internal_count=50530 50246 1257 306 951 826 48989 15019 7082 5583 1949 3634 316 177
is_linear=0
shrinkage=0.05


Tree=418
num_leaves=15
num_cat=0
split_feature=23 19 53 16 6 49 18 23 29 47 28 47 2 32
split_gain=1.06554 1.14743 1.90928 1.74984 2.10648 1.98365 1.7381 1.83652 1.67051 2.32143 2.41726 2.15799 3.25604 3.18441
threshold=0.074999999254941954 75.799999237060561 0.93158200383186351 32.649999618530281 59.350000381469734 -477.49999999999994 -28.999999999999996 0.19500000029802325 8.7500000000000018 8.1041669845581072 56.500000000000007 5.6316666603088388 35.350000381469734 -0.85295689105987538
decision_type=2 2 2 2 2 8 2 2 2 2 2 2 2 2
left_child=-1 2 -2 4 8 -6 -7 -8 11 10 -10 12 13 -3
right_child=1 3 -4 -5 5 6 7 -9 9 -11 -12 -13 -14 -15
leaf_value=-0.0017365388629915837 0.00022199812522670612 -0.0045646467237604425 0.0043907102624545363 9.0055294356651796e-05 -0.0039331505287797126 0.0019150331455648692 -0.0027598089690720026 -0.0014842924637469689 -0.0041139301140438889 -1.2669460278693732e-05 -0.00055080626003124538 0.0013000387961705467 -0.00012612811293527808 8.4034638318413729e-06
leaf_weight=90 20874 63 538 21970 72 302 173 1722 213 831 248 2059 1192 60
leaf_count=90 20874 63 538 21970 72 302 173 1722 213 831 248 2059 1192 60
internal_value=0.000156396 0.000166611 0.000443936 -3.8907e-05 -0.000730741 -0.00197674 -0.00168328 -0.00224409 -0.000121899 -0.00164362 -0.00444798 0.000463948 -0.00111321 -0.00853383
internal_weight=50407 50317 21412 28905 6935 2269 2197 1895 4666 1292 461 3374 1315 123
internal_count=50407 50317 21412 28905 6935 2269 2197 1895 4666 1292 461 3374 1315 123
is_linear=0
shrinkage=0.05


Tree=419
num_leaves=15
num_cat=0
split_feature=10 15 13 15 36 23 19 40 16 16 43 45 31 18
split_gain=1.19671 2.38405 3.13735 2.90349 2.19623 2.11825 3.50772 2.06639 3.49516 3.15401 3.49984 2.39046 3.15451 2.13362
threshold=75.174999237060561 100.90000152587892 164.51637268066409 100.50000000000001 31.849999427795414 0.50499999523162853 143.6499938964844 988.64999389648449 26.650000572204593 31.150000572204593 617.50000000000011 -1.8043935894966123 3.5981547832489018 8.5500001907348651
decision_type=2 2 2 2 2 2 2 2 2 2 8 2 2 2
left_child=1 3 -3 4 7 6 -6 13 -9 10 -10 12 -12 -1
right_child=-2 2 -4 -5 5 -7 -8 8 9 -11 11 -13 -14 -15
leaf_value=-8.0341845437651685e-06 -0.00012245699098967035 0.0011070532450940009 -0.0022664279037897164 -0.0072741363406978177 0.00017788416590902977 0.001585508138472665 -0.0082233971468588431 0.0023207510999946174 -0.00011001212775592477 0.00096223507232214413 -0.0036525894058443732 -0.00025301975539594892 -0.011674441663088717 -0.00085523237566600084
leaf_weight=14762 16073 5000 96 102 3414 3446 53 1428 290 1081 80 57 54 4625
leaf_count=14762 16073 5000 96 102 3414 3446 53 1428 290 1081 80 57 54 4625
internal_value=9.60038e-05 0.000262044 0.0012593 8.87697e-05 0.000119454 0.000897732 2.44465e-05 -0.000121276 0.0011 -0.000534351 -0.00385947 -0.00893035 -0.0123611 -0.000310099
internal_weight=50561 34488 5096 29392 29290 6913 3467 22377 2990 1562 481 191 134 19387
internal_count=50561 34488 5096 29392 29290 6913 3467 22377 2990 1562 481 191 134 19387
is_linear=0
shrinkage=0.05


Tree=420
num_leaves=15
num_cat=0
split_feature=0 57 3 49 5 17 35 0 33 15 23 18 30 9
split_gain=1.0784 1.8702 1.90755 1.56485 1.39003 1.38382 2.69207 1.97842 1.95965 2.01982 3.84016 1.84619 1.79414 1.73969
threshold=25.44999980926514 26.750000000000004 28.550000190734867 192.50000000000003 18.44999980926514 -0.45000000298023218 9.5000000000000018 55.45000076293946 9.0500001907348651 76.000000000000014 0.70499998331069957 -79.450000762939439 1037.5000000000002 200.00000000000003
decision_type=2 2 2 8 2 2 2 2 2 2 2 2 8 2
left_child=1 2 4 -4 -1 6 8 -8 -2 12 -11 -9 -10 -13
right_child=5 -3 3 -5 -6 -7 7 11 9 10 -12 13 -14 -15
leaf_value=-0.0014824631439788929 0.00027626313080858684 0.00073702338519036469 -0.010285847716783 -0.0012646397735953277 0.00085475668855618508 0.00013772311703751444 -0.00018224996802762865 0.0017768334543821077 0.00064993794744175684 -0.0085535260229585245 -0.0005432473886155492 -0.00091780854306779819 -0.0037032922048448602 -0.0025918067409503014
leaf_weight=207 10263 3921 95 112 466 24069 5924 173 407 78 159 4599 61 199
leaf_count=207 10263 3921 95 112 466 24069 5924 173 407 78 159 4599 61 199
internal_value=6.82855e-05 0.000780503 -0.00129213 -0.00536866 2.19621e-05 -6.31212e-06 -0.000294198 -0.000850527 0.000258699 -0.00227273 -0.00593117 -0.00158502 -0.000334728 -0.00176997
internal_weight=50733 4801 880 207 673 45932 21863 10895 10968 705 237 4971 468 4798
internal_count=50733 4801 880 207 673 45932 21863 10895 10968 705 237 4971 468 4798
is_linear=0
shrinkage=0.05


Tree=421
num_leaves=15
num_cat=0
split_feature=33 47 52 52 14 43 47 45 33 23 53 6 13 0
split_gain=1.17835 1.21431 2.46435 2.64368 2.36044 2.32801 2.03204 1.70171 2.1637 2.09702 1.80647 1.2489 1.22176 2.35132
threshold=34.699998855590827 13.204166412353517 0.5986820161342622 0.51297098398208629 11.698836803436281 252.50000000000003 17.470713615417484 4.6872222423553476 1.1500000357627871 0.64499998092651378 -0.94137725234031666 23.750000000000004 42.758035659790046 41.250000000000007
decision_type=2 2 2 2 2 8 2 2 2 2 2 2 2 2
left_child=1 12 3 4 5 -3 -6 10 9 -9 -7 -4 -1 -14
right_child=-2 2 11 -5 6 7 -8 8 -10 -11 -12 -13 13 -15
leaf_value=-0.0001859398025380279 0.0029527818979537823 -0.10464420952328873 -0.0011205928119793443 -0.0093139120737977029 0.0022553576143451537 -0.0031315361475075937 -0.0018056645627651372 -0.00067599642026100546 -0.013886184712737433 0.0041676800325715765 0.0014332362462673065 0.0013470990733849362 0.00077427327155731973 5.6351998040566779e-05
leaf_weight=10273 301 63 103 76 330 62 102 53 50 78 133 880 7782 30264
leaf_count=10273 301 63 103 76 330 62 102 53 50 78 133 880 7782 30264
internal_value=0.000163173 0.000144153 -0.00108247 -0.00288924 -0.00203746 -0.00457684 0.000588235 -0.00290155 -0.00625654 -0.00244681 0.000365854 0.000669688 0.000193362 0.000323996
internal_weight=50550 50249 1930 947 871 439 432 376 181 131 195 983 48319 38046
internal_count=50550 50249 1930 947 871 439 432 376 181 131 195 983 48319 38046
is_linear=0
shrinkage=0.05


Tree=422
num_leaves=15
num_cat=0
split_feature=49 36 19 47 16 41 16 44 38 38 15 48 47 29
split_gain=1.27122 2.00846 1.72702 2.98984 2.16817 2.75785 1.77878 1.46248 2.43342 2.56668 4.42619 2.93213 1.58876 1.4536
threshold=27.500000000000004 12.050000190734865 40.100000381469734 5.0174243450164804 11.150000095367433 39.500000000000007 27.750000000000004 0.37468813359737402 24.750000000000004 22.94999980926514 50.149999618530281 -3.6499999761581416 8.4422616958618182 3.1499999761581425
decision_type=10 2 2 2 2 2 2 2 2 2 2 2 2 2
left_child=2 -2 3 -1 5 -4 7 8 9 -5 12 -12 -11 -6
right_child=1 -3 4 6 13 -7 -8 -9 -10 10 11 -13 -14 -15
leaf_value=0.0049142484930364758 0.0020005698762867049 0.00016825561488645726 -0.0011548691578598311 -0.00014519879172900882 -0.00059259109194505926 -0.0064258920590306553 -0.0014768959403623216 0.00058764303304685832 0.0046364667813363451 0.006192616723042374 -0.007722458687599857 -0.0083782732452816703 -0.0039592164351241414 -4.0746949045312978e-05
leaf_weight=1016 537 19352 195 912 4214 74 102 1379 319 100 50 82 70 22148
leaf_count=1016 537 19352 195 912 4214 74 102 1379 319 100 50 82 70 22148
internal_value=5.53799e-05 0.000366602 -0.000146555 0.000816832 -0.000292594 -0.00467742 2.31483e-05 0.000260096 -0.000800389 -0.0018219 -0.00573718 -0.0122535 -0.000277778 -0.000246094
internal_weight=50550 19889 30661 4030 26631 269 3014 2912 1533 1214 302 132 170 26362
internal_count=50550 19889 30661 4030 26631 269 3014 2912 1533 1214 302 132 170 26362
is_linear=0
shrinkage=0.05


Tree=423
num_leaves=15
num_cat=0
split_feature=13 17 26 14 17 41 19 36 49 41 9 5 43 31
split_gain=1.08899 2.02295 1.88345 2.92752 3.7522 2.0385 2.85511 1.80752 1.62187 2.12597 1.24596 1.23932 1.22313 1.54287
threshold=31.47351169586182 35.350000381469734 0.57244479656219494 14.45192861557007 -10.15000009536743 1.0000000180025095e-35 50.149999618530281 30.550000190734867 467.50000000000006 51.500000000000007 24.94999980926514 29.750000000000004 102.50000000000001 2.1849123239517216
decision_type=2 2 2 2 2 2 2 2 10 2 2 2 10 2
left_child=1 2 12 4 10 -6 8 11 -7 -10 -4 -8 -1 -14
right_child=-2 -3 3 -5 5 6 7 -9 9 -11 -12 -13 13 -15
leaf_value=0.0014978223817014892 9.2390571548419623e-05 -0.0070257217358268833 -0.0015392275156805553 0.0021913195169418727 0.0017568495896784172 0.0013236573609242408 -0.010568791390363125 -0.0012379193150789576 -0.0065637399364398795 0.0031353602712095984 -0.0077478286019751737 -0.0087844856797511025 0.00054866790956726143 -0.0037634852875147191
leaf_weight=903 47800 92 60 411 343 263 58 84 69 53 96 53 230 123
leaf_count=903 47800 92 60 411 343 263 58 84 69 53 96 53 230 123
internal_value=0.000121229 -0.000828651 -0.000569666 -0.00176667 -0.00312672 -0.00185959 -0.00364407 -0.00841463 -0.00107595 -0.00560606 -0.0100602 -0.0123554 0.000853081 -0.00161157
internal_weight=50638 2838 2746 1490 1079 923 580 195 385 122 156 111 1256 353
internal_count=50638 2838 2746 1490 1079 923 580 195 385 122 156 111 1256 353
is_linear=0
shrinkage=0.05


Tree=424
num_leaves=15
num_cat=0
split_feature=53 9 42 5 11 14 3 27 32 5 10 0 9 37
split_gain=1.76052 2.59547 2.12544 2.52004 2.18341 1.94532 2.92736 1.94378 2.73259 1.97132 2.02887 1.94709 2.85491 3.0255
threshold=0.33222858607769018 126.89999771118165 7.0499999523162851 42.199998855590827 74.270835876464858 7.952601671218873 59.699998855590827 24.550000190734867 6.5117597579956064 54.750000000000007 59.941667556762702 30.550000190734867 63.449998855590827 61.500000000000007
decision_type=2 2 2 2 2 2 2 2 2 2 2 2 2 2
left_child=1 -1 3 -3 -5 6 -2 9 -9 -7 11 -11 13 -13
right_child=5 2 -4 4 -6 7 -8 8 -10 10 -12 12 -14 -15
leaf_value=-2.4267333555537882e-05 -0.00025054395137483762 -0.0001398585463064065 0.00011644967200188806 -0.010766506090704642 -0.0023262993954878677 0.0012006285633770148 -0.011175420700764528 0.0030580439415535811 -0.0028482201632247725 0.0037970310933879998 0.00019973569382397013 -0.0043776639799792318 -0.00030322665144211203 -0.0025894803130344785
leaf_weight=31067 694 84 133 56 56 3331 111 1667 92 215 11444 80 1047 461
leaf_count=31067 694 84 133 56 56 3331 111 1667 92 215 11444 80 1047 461
internal_value=0.000142241 -8.81995e-05 -0.00443953 -0.00762136 -0.0122131 0.00052005 -0.00187117 0.000625988 0.00220181 0.00045756 0.000183677 -0.00137066 -0.00197747 -0.00489111
internal_weight=50538 31396 329 196 112 19142 805 18337 1759 16578 13247 1803 1588 541
internal_count=50538 31396 329 196 112 19142 805 18337 1759 16578 13247 1803 1588 541
is_linear=0
shrinkage=0.05


Tree=425
num_leaves=15
num_cat=0
split_feature=53 0 36 24 23 53 4 48 53 40 14 53 55 53
split_gain=1.33087 1.40159 1.90559 1.8312 6.89101 4.85821 3.81093 2.97263 2.46271 1.81849 1.74379 2.96299 1.95943 1.8768
threshold=0.99958848953247081 131.55000305175784 10.250000000000002 5.5000000000000009 0.32500000298023229 0.97461712360382091 143.19999694824222 6.0499999523162851 0.7074720859527589 995.04998779296886 26.704020500183109 0.56191161274909984 3.5000000000000004 0.44312302768230444
decision_type=2 2 2 2 2 2 2 2 2 2 2 2 2 2
left_child=1 2 -1 8 -5 10 -7 -8 -3 -4 11 13 -12 -6
right_child=-2 3 9 4 5 6 7 -9 -10 -11 12 -13 -14 -15
leaf_value=0.001073033258281036 0.001890258304001483 -0.0036844126771994716 2.7214656440435484e-05 -0.011230662729297521 -0.0056515060655099331 -0.00012152283216881004 -0.006883807440876826 -0.00035085518326068334 9.2550593853674772e-05 0.0039847475595162756 0.0021781136785227815 0.00053373726417661055 -0.00077641701943846576 -0.0091734735260869237
leaf_weight=1965 440 172 42543 66 51 142 140 61 3496 233 521 270 603 65
leaf_count=1965 440 172 42543 66 51 142 140 61 3496 233 521 270 603 65
internal_value=7.07001e-05 4.64859e-05 0.000139774 -0.000699482 -0.0019466 -0.00133387 -0.00661473 -0.0108768 -4.35017e-05 6.96491e-05 -9.8684e-05 -0.00295455 0.000899471 -0.00928571
internal_weight=50768 50328 44741 5587 1919 1853 343 201 3668 42776 1510 386 1124 116
internal_count=50768 50328 44741 5587 1919 1853 343 201 3668 42776 1510 386 1124 116
is_linear=0
shrinkage=0.05


Tree=426
num_leaves=15
num_cat=0
split_feature=23 21 23 12 41 17 45 43 12 6 12 9 30 37
split_gain=1.37223 3.47825 1.64984 5.11032 4.67001 1.53786 1.65355 1.42598 1.69457 1.9287 1.40146 1.39976 3.14432 1.36331
threshold=1.2549999952316286 231.50000000000003 1.1950000524520876 50.542362213134773 87.500000000000014 18.44999980926514 -2.9127216339111324 22.500000000000004 67.589584350585952 72.500000000000014 63.600000381469734 43.250000000000007 242.50000000000003 85.500000000000014
decision_type=2 2 2 2 2 2 2 8 2 2 2 2 10 2
left_child=2 7 -1 4 -4 6 -5 -2 9 11 -11 12 -9 -14
right_child=1 -3 3 5 -6 -7 -8 8 -10 10 -12 -13 13 -15
leaf_value=1.0971962907172455e-05 -0.0021587637060837325 -0.0046943745446618047 -0.00023319647134655634 -0.0028831470236099447 -0.017147077973917856 -0.013118946344161784 0.0036275350373002994 -0.014688232647666692 0.0027148008706159984 -0.00081967369974550789 -0.010330335412939026 0.0029426715848044562 0.0034789731868972739 -0.00089674059629700389
leaf_weight=47654 84 56 70 102 66 57 276 75 1353 120 55 521 175 57
leaf_count=47654 84 56 70 102 66 57 276 75 1353 120 55 521 175 57
internal_value=4.83927e-05 0.00118915 -1.0884e-05 -0.00265921 -0.0107534 5.618e-05 0.00126289 0.0014898 0.00172443 0.000162883 -0.00445946 0.00118138 -0.00146688 0.0014876
internal_weight=50721 2496 48225 571 136 435 378 2440 2356 1003 175 828 307 232
internal_count=50721 2496 48225 571 136 435 378 2440 2356 1003 175 828 307 232
is_linear=0
shrinkage=0.05


Tree=427
num_leaves=15
num_cat=0
split_feature=47 26 47 34 32 50 54 51 11 15 13 9 48 40
split_gain=1.55054 1.57084 2.44463 3.31213 2.55197 2.79036 2.30896 3.24249 3.77203 2.74784 2.50952 2.18091 2.44416 2.1317
threshold=1.7095454931259157 0.75405275821685802 6.9041666984558114 2.6499999761581425 1.5522398095510841e-15 0.91597560048103344 3.5000000000000004 -0.37940952181816096 65.195831298828139 152.50000000000003 43.706249237060554 54.049999237060554 1.4499999880790713 986.85000610351574
decision_type=2 2 2 2 2 2 2 2 2 2 2 2 2 2
left_child=-1 13 -3 4 5 6 7 -4 10 -10 -9 -5 -13 -2
right_child=1 2 3 11 -6 -7 -8 8 9 -11 -12 12 -14 -15
leaf_value=0.0017466258849224412 -4.1397917613188684e-05 -7.2932320192974767e-05 0.00046708140564513168 -0.0051621931103283366 0.00035196745104261793 -0.0052481257678520391 1.4635055436189896e-05 -0.006718611200351385 -0.021809313943074258 -0.0044544035977549619 0.00086667848099412264 -0.0056957050605419661 0.00035910408970476614 0.00042528016337514815
leaf_weight=600 25460 11044 196 62 980 176 701 60 50 59 98 53 69 10739
leaf_count=600 25460 11044 196 62 980 176 701 60 50 59 98 53 69 10739
internal_value=3.54471e-05 4.72314e-06 -0.000454344 -0.00186157 -0.00133047 -0.00274074 -0.00181431 -0.00451374 -0.00799639 -0.0147479 -0.0027381 -0.00814433 -0.00371212 0.000176614
internal_weight=50347 49747 13548 2504 2320 1340 1164 463 267 109 158 184 122 36199
internal_count=50347 49747 13548 2504 2320 1340 1164 463 267 109 158 184 122 36199
is_linear=0
shrinkage=0.05


Tree=428
num_leaves=15
num_cat=0
split_feature=23 29 25 34 37 53 13 14 56 4 15 40 15 47
split_gain=1.29422 1.30411 1.70513 2.00757 1.64885 2.90652 1.53853 2.35316 2.00476 1.43256 1.29836 2.72711 1.74415 1.7212
threshold=0.074999999254941954 4.6499998569488534 57.45000076293946 -0.25000000745058054 17.500000000000004 0.046214086934924133 38.246429443359382 8.1095643043518084 25.150000572204593 61.600000381469734 74.15000152587892 970.45001220703136 67.65000152587892 3.7591667175292973
decision_type=2 2 2 2 2 2 2 2 2 2 2 2 2 2
left_child=-1 2 10 -4 5 6 -3 8 -8 -9 12 -12 -2 -13
right_child=1 4 3 -5 -6 -7 7 9 -10 -11 11 13 -14 -15
leaf_value=-0.0018488705463638744 -5.5313084477452571e-05 0.00053736817302877337 -0.0032100093913765872 -3.4151728325673994e-05 0.00014395743468607585 -0.011613389692268362 -0.00035741503932758088 0.0015688049737901295 -0.0037875083137489753 -0.0025771314536088413 -0.0066981208713824099 0.00015018991078501209 0.0029614018257611593 -0.00059725312652625427
leaf_weight=101 3202 395 116 157 34563 58 53 185 62 58 82 4450 939 6291
leaf_count=101 3202 395 116 157 34563 58 53 185 62 58 82 4450 939 6291
internal_value=3.27276e-05 4.45469e-05 -0.000342034 -0.00418728 0.000211113 -0.00200365 -0.00109436 -0.00342391 -0.009 -0.000533597 -0.000269133 -0.000557094 0.000483016 -0.000483211
internal_weight=50712 50611 15237 273 35374 811 753 358 115 243 14964 10823 4141 10741
internal_count=50712 50611 15237 273 35374 811 753 358 115 243 14964 10823 4141 10741
is_linear=0
shrinkage=0.05


Tree=429
num_leaves=15
num_cat=0
split_feature=6 50 9 19 49 53 33 6 13 40 53 26 56 15
split_gain=1.13829 1.50506 1.41781 2.27884 2.07656 2.96445 3.80927 2.1532 2.10008 3.35199 2.11651 2.07477 3.09541 2.91539
threshold=16.849999427795414 -0.98296290636062611 52.350000381469734 75.799999237060561 22.500000000000004 -0.99864786863327015 1.1500000357627871 217.94999694824222 158.80059051513675 990.64999389648449 0.99445194005966198 0.67501363158226024 85.299999237060561 85.799999237060561
decision_type=2 2 2 2 10 2 2 2 2 2 2 2 2 2
left_child=1 -1 11 -4 7 6 -6 -5 9 -9 -11 -2 13 -13
right_child=2 -3 3 4 5 -7 -8 8 -10 10 -12 12 -14 -15
leaf_value=-0.0048458347343679972 0.00011550196180419169 0.0013085849109955648 0.00076357136562879178 -0.00018940069757314931 0.0065806605000733988 0.00037600173860583865 -0.012227538799630263 0.00030256437262094935 -0.0004941911756402151 -0.0063510109302921452 -0.0022436763056283672 -0.00045589758197838337 0.00053528910154709548 -0.0016675923968006334
leaf_weight=54 13570 1236 7643 9348 61 9200 65 74 225 50 51 5458 1814 1893
leaf_count=54 13570 1236 7643 9348 61 9200 65 74 225 50 51 5458 1814 1893
internal_value=0.000116449 0.00157692 7.80399e-05 0.000324952 3.24881e-05 0.000565553 -0.00676471 -0.000477557 -0.00402439 -0.00797297 -0.0134685 -0.000212134 -0.000792915 -0.00124915
internal_weight=50742 1290 49452 26717 19074 9326 126 9748 400 175 101 22735 9165 7351
internal_count=50742 1290 49452 26717 19074 9326 126 9748 400 175 101 22735 9165 7351
is_linear=0
shrinkage=0.05


Tree=430
num_leaves=15
num_cat=0
split_feature=31 24 24 52 28 21 0 52 30 23 15 37 12 30
split_gain=1.65035 3.07464 3.00803 2.6979 2.51784 2.35094 2.653 2.64474 2.49305 2.2141 2.30597 3.16017 3.58238 2.48803
threshold=-5.0869722366332999 9.5000000000000018 6.5000000000000009 -0.99866804480552662 56.500000000000007 14.500000000000002 161.85000610351565 -0.67803022265434254 17.500000000000004 0.84499999880790722 74.15000152587892 90.500000000000014 51.552082061767585 882.50000000000011
decision_type=2 2 2 2 2 2 2 2 10 2 2 2 2 10
left_child=2 4 3 -1 -2 -6 8 -8 -7 -3 -11 12 13 -12
right_child=1 9 -4 -5 5 6 7 -9 -10 10 11 -13 -14 -15
leaf_value=-0.0061194772520537571 0.0012729936259117313 -0.00046091374629590525 0.00090706092819926572 -0.00017680210739193692 0.00072573277931613483 0.0015115411351841208 -0.0064968766204684036 -0.00071173330400553698 -0.00018571473415989847 0.0033112685173515921 -0.00030170456742971094 -0.0023025097843190827 0.0008591632146089063 -0.0061062869452598789
leaf_weight=68 4801 15934 8099 3878 3325 1326 65 1096 8660 898 150 414 1803 99
leaf_count=68 4801 15934 8099 3878 3325 1326 65 1096 8660 898 150 414 1803 99
internal_value=8.45417e-05 -7.50367e-05 0.000595189 -0.000535895 0.000371571 4.21214e-05 -0.000306086 -0.00255764 -4.20166e-05 -0.000521027 0.000643154 -0.000149434 0.000659554 -0.00484556
internal_weight=50616 38571 12045 3946 19273 14472 11147 1161 9986 19298 3364 2466 2052 249
internal_count=50616 38571 12045 3946 19273 14472 11147 1161 9986 19298 3364 2466 2052 249
is_linear=0
shrinkage=0.05


Tree=431
num_leaves=15
num_cat=0
split_feature=57 23 11 38 50 46 36 9 11 4 38 56 13 49
split_gain=0.982075 2.90848 3.00405 2.74292 2.61488 2.74653 2.80626 1.91748 1.87189 1.9416 2.03577 1.77583 2.99836 1.70004
threshold=26.750000000000004 0.16499999910593036 25.635416984558109 8.4499998092651385 -0.91597560048103321 1.0000000180025095e-35 30.94999980926514 47.45000076293946 29.454167366027836 14.750000000000002 7.6499998569488534 18.750000000000004 52.250892639160163 -1.0000000180025095e-35
decision_type=2 2 2 2 2 2 2 2 2 2 2 2 2 10
left_child=1 2 -1 -4 5 6 7 -3 11 10 -10 12 -2 -12
right_child=8 4 3 -5 -6 -7 -8 -9 9 -11 13 -13 -14 -15
leaf_value=-7.7940084857158534e-05 0.00017023158337536079 -0.011473221003658277 -0.0010553537767828091 -0.0077054527774781598 0.00021432553900346764 0.0055325193950105916 -0.0020180162347545319 -0.0023513122897676087 -0.013458528058895551 2.9536943762223373e-05 -0.0037804534755936439 0.0014600010230498848 -0.0035163222093145836 0.0030408776466555108
leaf_weight=192 268 112 92 86 2708 157 341 51 50 44470 91 2131 62 73
leaf_count=192 268 112 92 86 2708 157 341 51 50 44470 91 2131 62 73
internal_value=5.73743e-05 -0.000721526 -0.00486842 -0.0093617 -0.000253033 -0.00304769 -0.0048249 -0.0100289 0.000119288 4.51964e-05 -0.00459821 0.00145892 -0.00191176 -0.0016092
internal_weight=50884 3739 370 178 3369 661 504 163 47145 44684 214 2461 330 164
internal_count=50884 3739 370 178 3369 661 504 163 47145 44684 214 2461 330 164
is_linear=0
shrinkage=0.05


Tree=432
num_leaves=15
num_cat=0
split_feature=31 47 44 28 38 14 8 23 5 8 50 19 21 26
split_gain=1.69313 1.10887 1.14697 1.75372 1.91266 1.73068 2.15375 1.56931 2.78029 1.54224 1.53714 1.48457 2.72647 2.46946
threshold=-19.234816551208493 1.55227267742157 -6.5004906654357901 39.500000000000007 9.1500000953674334 3.7288457155227666 40.800001144409187 1.2150000333786013 36.850000381469734 186.05000305175784 -0.91597560048103321 40.100000381469734 71.500000000000014 0.55831882357597362
decision_type=2 2 2 2 2 2 2 2 2 2 2 2 2 2
left_child=-1 -2 3 4 -3 6 -5 11 -9 -10 -7 -4 13 -13
right_child=1 2 7 5 -6 10 -8 8 9 -11 -12 12 -14 -15
leaf_value=-0.0022414713975084811 0.0023644063671137837 -0.0023233837050879143 0.00040750850523316368 0.0017149585637520788 0.0037411651222759518 0.0046424076401106471 -0.0078126538378880585 -0.012942897889679929 0.0020828501649655965 -0.00058560867863435742 0.00010176038682262097 0.0017524920664055057 -0.00034302548059785367 3.0831872094440408e-05
leaf_weight=198 406 171 4239 51 1104 682 56 95 1571 72 6491 1417 15324 18800
leaf_count=198 406 171 4239 51 1104 682 56 95 1571 72 6491 1417 15324 18800
internal_value=0.000126956 0.000145477 0.000124094 0.000650905 0.00235409 0.000349794 -0.00568376 1.54115e-05 0.00148169 0.0019752 0.000447585 -4.90071e-05 -0.000154566 0.000226677
internal_weight=50677 50479 50073 8555 1275 7280 107 41518 1738 1643 7173 39780 35541 20217
internal_count=50677 50479 50073 8555 1275 7280 107 41518 1738 1643 7173 39780 35541 20217
is_linear=0
shrinkage=0.05


Tree=433
num_leaves=15
num_cat=0
split_feature=49 43 55 23 50 5 52 24 14 37 52 30 52 25
split_gain=1.46693 1.77722 2.55814 1.72668 3.64501 2.70821 2.55611 2.49155 3.0087 2.79095 3.03744 2.22917 2.11039 1.96562
threshold=22.500000000000004 492.50000000000006 1.5000000000000002 0.38499999046325689 0.60355338454246532 113.04999923706056 -0.32614396512508387 8.5000000000000018 5.4390187263488778 22.500000000000004 -0.99630266427993763 132.50000000000003 0.999393790960312 8.7500000000000018
decision_type=10 10 2 2 2 2 2 2 2 2 2 10 2 2
left_child=1 -1 -3 4 5 7 -7 -2 -9 -10 -11 13 -5 -12
right_child=3 2 -4 12 -6 6 -8 8 9 10 11 -13 -14 -15
leaf_value=-4.3793774111088455e-05 6.4508095589106617e-05 -0.0043644789242538529 -0.0018800553651610622 0.00052573937266718487 0.0022985242137582291 -0.0072723955303929666 -0.00067029861352856871 -0.0069014136024272213 0.00079873196428134239 0.0025996237284754524 -0.0070744757221950852 0.00043806862442941156 -0.0062910818468134887 -0.0018495578482612633
leaf_weight=30158 3040 81 232 14311 1158 71 94 98 541 156 163 144 109 607
leaf_count=30158 3040 81 232 14311 1158 71 94 98 541 156 163 144 109 607
internal_value=8.56338e-05 -0.000134346 -0.00382353 0.000412643 -0.000294311 -0.000889521 -0.007 -0.000662954 -0.00218441 -0.00163171 -0.00310185 -0.00419913 0.000710326 -0.00525641
internal_weight=50963 30471 313 20492 6072 4914 165 4749 1709 1611 1070 914 14420 770
internal_count=50963 30471 313 20492 6072 4914 165 4749 1709 1611 1070 914 14420 770
is_linear=0
shrinkage=0.05


Tree=434
num_leaves=15
num_cat=0
split_feature=43 45 41 13 3 14 26 32 7 7 34 9 20 21
split_gain=1.19474 1.09163 2.40896 2.87116 3.62315 2.36645 1.88907 1.76888 2.33042 2.02657 1.61714 1.79721 1.71611 2.2053
threshold=2567.5000000000005 2.1650291681289677 96.500000000000014 68.745834350585952 41.95000076293946 37.551939010620124 0.68260231614112865 8.2791004180908221 51.649999618530281 60.199998855590827 -1.3499999642372129 35.549999237060554 36.149999618530281 30.500000000000004
decision_type=10 2 2 2 2 2 2 2 2 2 2 2 2 2
left_child=1 -1 7 4 6 10 -4 -3 -9 -10 -6 -12 -13 -14
right_child=-2 2 3 -5 5 -7 -8 8 9 -11 11 12 13 -15
leaf_value=-4.5032766637734481e-05 0.0012527137419872704 0.00057965643561188761 0.0023577602194349181 0.001071404179497776 0.00036789366980742832 -0.0052980893573173187 -0.0027761327836902175 0.0010799899323108502 -0.0043625502485978287 -0.00047781639980850601 0.0001675216544144655 -0.0055515151236019715 -0.0058030669666364193 0.0022859221216914591
leaf_weight=36833 814 10280 448 580 191 51 309 316 89 251 114 316 102 125
leaf_count=36833 814 10280 448 580 191 51 309 316 89 251 114 316 102 125
internal_value=7.76134e-05 4.64862e-05 0.00043696 -0.00105521 -0.00211284 -0.00424092 0.000436767 0.000742737 -0.00175676 -0.00457143 -0.00350816 -0.00467016 -0.00584991 -0.00238397
internal_weight=50819 50005 13172 2236 1656 899 757 10936 656 340 848 657 543 227
internal_count=50819 50005 13172 2236 1656 899 757 10936 656 340 848 657 543 227
is_linear=0
shrinkage=0.05


Tree=435
num_leaves=15
num_cat=0
split_feature=8 18 34 31 49 31 46 53 53 28 16 33 33 45
split_gain=1.17274 1.21146 1.7628 1.09157 1.79948 1.77145 1.72903 3.15814 1.63277 2.80547 2.96189 1.83714 1.6124 2.15037
threshold=8.9000000953674334 126.20000076293947 -0.55000001192092884 -9.3670186996459943 817.50000000000011 -19.234816551208493 24.250000000000004 -0.53495380282402027 -0.98212954401969899 31.500000000000004 64.40000152587892 27.500000000000004 1.0000000180025095e-35 3.2348301410675053
decision_type=2 2 2 2 10 2 2 2 2 2 2 2 2 2
left_child=-1 3 -3 4 5 -2 8 -8 9 -5 11 -11 13 -10
right_child=1 2 -4 6 -6 -7 7 -9 12 10 -12 -13 -14 -15
leaf_value=0.0054294806217886592 -0.0020320110095771761 0.00071314227294799499 -0.0025296294611069805 -0.0042857192193593114 0.003673607431813507 0.00045927018194269844 -0.019434779178354563 0.0029016727773294028 -6.4258387031667167e-07 0.0018527366050639549 -0.0093172780787587391 -0.0042382955132437448 -0.00022995517642157473 0.0007365749010747499
leaf_weight=201 180 57 54 85 490 3163 74 53 25477 2130 67 50 13964 4692
leaf_count=201 180 57 54 85 490 3163 74 53 25477 2130 67 50 13964 4692
internal_value=9.52768e-05 7.97295e-05 -0.00491736 9.17024e-05 0.00090164 0.000481658 2.48918e-05 -0.00558394 4.14203e-05 0.00132793 0.00167701 0.00200913 -2.68444e-05 0.000178767
internal_weight=50737 50536 111 50425 3833 3343 46592 127 46465 2332 2247 2180 44133 30169
internal_count=50737 50536 111 50425 3833 3343 46592 127 46465 2332 2247 2180 44133 30169
is_linear=0
shrinkage=0.05


Tree=436
num_leaves=15
num_cat=0
split_feature=13 53 40 13 18 17 41 18 46 6 11 24 6 15
split_gain=1.10781 2.33104 3.07581 2.5345 3.03396 1.60164 2.97005 1.55501 2.69316 1.50612 2.03468 1.96054 3.32777 2.7487
threshold=31.47351169586182 -0.54940786957740773 972.75000000000011 30.854166984558109 -0.65000000596046437 22.349999427795414 6.5000000000000009 -3.7499999999999996 1.0000000180025095e-35 45.350000381469734 56.935417175292976 11.500000000000002 42.199998855590827 76.000000000000014
decision_type=2 2 2 2 2 2 2 2 2 2 2 2 2 2
left_child=1 2 -1 5 7 -3 -7 8 -5 10 11 -2 13 -13
right_child=9 3 -4 4 -6 6 -8 -9 -10 -11 -12 12 -14 -15
leaf_value=-0.0018093983839430749 0.00068023801676374697 -0.00035683912473586749 0.0046251931418403646 -0.0049861833074382493 -0.0079073868194813931 0.0042706922854340483 -0.01167712855063221 0.010695756374775342 0.002340691475479884 -1.3827851337609274e-05 0.0018775667278333732 -9.9826360402147432e-05 0.0020498897051599934 -0.0022838829410067943
leaf_weight=131 6138 1711 540 52 77 80 97 54 57 31665 2712 5490 1061 881
leaf_count=131 6138 1711 540 52 77 80 97 54 57 31665 2712 5490 1061 881
internal_value=0.000108953 -0.000856176 0.00169604 -0.00166511 -0.0064 -0.00103267 -0.00542781 -0.00222543 -0.0055042 0.000165461 0.000556101 0.000305597 -0.000240527 -0.000673092
internal_weight=50746 2799 671 2128 240 1888 177 163 109 47947 16282 13570 7432 6371
internal_count=50746 2799 671 2128 240 1888 177 163 109 47947 16282 13570 7432 6371
is_linear=0
shrinkage=0.05


Tree=437
num_leaves=15
num_cat=0
split_feature=18 8 16 24 31 38 34 28 25 52 52 31 43 24
split_gain=1.28637 1.44332 2.03105 1.37576 2.79694 2.54377 2.7253 3.9307 2.16501 2.15104 3.30606 2.74861 2.14963 3.1331
threshold=-22.650000572204586 26.550000190734867 22.849999427795414 3.5000000000000004 3.634356021881104 16.94999980926514 2.7500000000000004 85.500000000000014 10.550000190734865 0.98049071431159984 0.73865729570388805 -4.6801428794860831 92.500000000000014 95.500000000000014
decision_type=2 2 2 2 2 2 2 2 2 2 2 2 8 2
left_child=1 2 -1 4 -2 6 -5 9 12 10 -8 -12 13 -7
right_child=3 -3 -4 5 -6 8 7 -9 -10 -11 11 -13 -14 -15
leaf_value=0.00045470490461918875 -7.7368299137016242e-06 0.00039791782043973559 -0.0043137649695545472 -0.00031886431695903446 0.0014916957587272407 0.00025849881516836637 5.8491612562102997e-05 -0.014770770496351192 -4.1028788224392943e-05 0.0038790774830931305 -0.0085779970700390791 -0.0027537644851562695 0.0016751448871955791 -0.0031495612679991536
leaf_weight=133 8371 7481 112 15590 2926 458 390 55 11261 197 78 364 3161 189
leaf_count=133 8371 7481 112 15590 2926 458 390 55 11261 197 78 364 3161 189
internal_value=6.95212e-05 0.000663134 -0.00303922 -3.71659e-05 0.000436455 -0.000205807 -0.000631143 -0.00304388 0.000264938 -0.0022666 -0.00337292 -0.00628319 0.00129387 -0.00131659
internal_weight=50766 7726 245 43040 11297 31743 16674 1084 15069 1029 832 442 3808 647
internal_count=50766 7726 245 43040 11297 31743 16674 1084 15069 1029 832 442 3808 647
is_linear=0
shrinkage=0.05


Tree=438
num_leaves=15
num_cat=0
split_feature=18 51 21 50 23 23 22 12 38 40 15 18 31 25
split_gain=1.59713 1.25678 2.46146 2.03177 2.26228 2.15369 2.04274 2.29842 2.02214 2.9872 2.2107 2.30268 1.78166 1.76058
threshold=-22.150000572204586 0.12940952181816107 107.50000000000001 -0.6035533845424651 0.51499998569488536 1.044999957084656 2430.5000000000005 130.12222290039065 19.550000190734867 985.75000000000011 118.40000152587892 -38.850000381469719 -6.1385221481323233 10.449999809265138
decision_type=2 2 2 2 2 2 2 2 2 2 2 2 2 2
left_child=1 8 3 -3 6 -6 13 -8 -1 10 -10 12 -12 -5
right_child=-2 2 -4 4 5 -7 7 -9 9 -11 11 -13 -14 -15
leaf_value=0.0011687275888034446 -3.9384244687863959e-05 0.0015253915355928191 0.00096767134219598718 -0.0024684918759653057 0.001001188996150262 -0.0041957388725568671 -0.0031537764019545587 -0.0040351219854511469 0.0010017528132746666 -0.015886614611865819 -0.0082036824922510805 -0.00445390217525713 0.00058942791964201023 -0.00034994544318600287
leaf_weight=4146 42729 427 1142 105 347 100 67 55 1006 51 51 75 141 299
leaf_count=4146 42729 427 1142 105 347 100 67 55 1006 51 51 75 141 299
internal_value=3.95068e-05 0.000686861 -0.000231191 -0.00163121 -0.00288403 -0.000251641 -0.00507463 -0.0105303 0.00111314 -0.000584707 -6.62508e-05 -0.00402527 -0.000940594 -0.00321256
internal_weight=50741 8012 2542 1400 973 447 526 122 5470 1324 1273 267 192 404
internal_count=50741 8012 2542 1400 973 447 526 122 5470 1324 1273 267 192 404
is_linear=0
shrinkage=0.05


Tree=439
num_leaves=15
num_cat=0
split_feature=53 0 9 18 24 56 52 53 21 15 14 1 1 49
split_gain=1.34816 1.16264 2.00495 2.18956 2.33772 3.29571 2.92616 3.67939 4.8572 3.04807 1.89954 1.72368 3.47978 2.46366
threshold=0.99981042742729198 67.200000762939467 41.250000000000007 -19.449999809265133 13.500000000000002 121.29999923706056 -0.97113886475563038 0.68274390697479259 34.500000000000007 96.750000000000014 56.347425460815437 54.850000381469734 51.149999618530281 -37.499999999999993
decision_type=2 2 2 2 2 2 2 2 2 2 2 2 2 8
left_child=1 -1 3 -3 5 6 -5 8 9 -8 -7 12 -4 -14
right_child=-2 2 11 4 -6 10 7 -9 -10 -11 -12 -13 13 -15
leaf_value=0.00017175596171791177 0.0018300767171445321 0.0030440140835207817 0.0011021223836761734 0.00087482764211677425 -0.00021629016665315458 0.004923266069049019 0.00031990116082184124 0.00054531446904811781 -0.0064302580824858293 -0.0042195232988797978 -0.0016371580445110575 1.8051603739278325e-05 -0.0054477301516350374 -0.0017049553649339821
leaf_weight=31386 317 240 182 104 1139 160 115 111 162 119 51 16616 55 92
leaf_count=31386 317 240 182 104 1139 160 115 111 162 119 51 16616 55 92
internal_value=0.000117875 9.71471e-05 -0.000209856 -0.00162596 -0.0021791 -0.00419471 -0.0060306 -0.00757253 -0.00977832 -0.00483607 0.00115385 -2.50662e-05 -0.00355457 -0.00901274
internal_weight=50849 50532 19146 2201 1961 822 611 507 396 234 211 16945 329 147
internal_count=50849 50532 19146 2201 1961 822 611 507 396 234 211 16945 329 147
is_linear=0
shrinkage=0.05


Tree=440
num_leaves=15
num_cat=0
split_feature=23 19 21 18 47 26 28 19 19 31 18 23 13 25
split_gain=1.47361 1.34157 1.35105 2.8162 2.1621 2.13199 2.09958 1.9724 1.99617 3.07811 2.2936 1.94217 1.91248 1.98779
threshold=0.085000000894069686 15.799999713897707 53.500000000000007 9.1500000953674334 5.3707141876220712 0.53822335600852977 78.500000000000014 152.50000000000003 140.40000152587893 -5.217740297317504 4.6499998569488534 1.5049999952316286 177.40565490722659 23.550000190734867
decision_type=2 2 2 2 2 2 2 2 2 2 2 2 2 2
left_child=-1 -2 5 4 12 -3 -7 8 -6 -10 -11 -9 -4 -14
right_child=1 2 3 -5 7 6 -8 11 9 10 -12 -13 13 -15
leaf_value=-0.0025729710124033391 0.0050454942159662598 0.0028596049863576435 0.00078062520155632682 -0.00056395960875223802 -0.00010389500269445411 0.0005829643490185873 -8.4482545341702171e-05 0.0019194087394497077 0.0038027499041119392 -0.005750745503951645 0.0015799427815487413 -0.0012673280491271972 -0.0034914226445488142 2.0816375324012538e-06
leaf_weight=116 344 873 5759 7060 15251 8521 10990 1071 122 143 52 108 60 111
leaf_count=116 344 873 5759 7060 15251 8521 10990 1071 122 143 52 108 60 111
internal_value=8.31177e-05 9.65827e-05 7.49039e-05 -0.000140014 0.000131573 0.00038835 0.000279443 -0.000159038 -0.000308769 -0.00417431 -0.00792683 0.00180404 0.000951179 -0.00411602
internal_weight=50581 50465 50121 29737 22677 20384 19511 16747 15568 317 195 1179 5930 171
internal_count=50581 50465 50121 29737 22677 20384 19511 16747 15568 317 195 1179 5930 171
is_linear=0
shrinkage=0.05


Tree=441
num_leaves=15
num_cat=0
split_feature=19 10 57 47 32 57 44 32 40 28 16 38 47 57
split_gain=1.3357 1.53226 1.63435 1.45984 2.48905 1.27742 1.30787 2.99879 1.81895 1.7314 1.53238 1.25091 1.19326 1.19289
threshold=19.849999427795414 20.316666603088382 69.649997711181655 18.952083587646488 5.2282924652099618 53.116666793823249 -1.0478057861328123 -1.0409497585229435e-16 976.85000610351574 38.500000000000007 15.750000000000002 5.4500000476837167 6.9912879467010507 32.349998474121101
decision_type=2 2 2 2 2 2 2 2 2 2 2 2 2 2
left_child=12 2 5 -3 -5 6 7 8 -2 13 11 -8 -1 -10
right_child=1 3 -4 4 -6 -7 10 -9 9 -11 -12 -13 -14 -15
leaf_value=0.0080601318377716072 -0.00743316722328003 6.7479171037213576e-05 -0.0017105887706271106 0.00015761244845706227 -0.0090325676285768867 0.0051735645624098768 -0.0015265596544755237 0.0018409363135632681 -0.0081508149598563812 0.00031241034257587343 -0.0026853855051034896 0.0042480457538477462 0.00022126759662759797 -0.0018156613510914013
leaf_weight=364 73 48567 51 114 58 105 78 142 55 99 69 310 495 68
leaf_count=364 73 48567 51 114 58 105 78 142 55 99 69 310 495 68
internal_value=0.000122192 8.8255e-05 -0.00179245 0.000129131 -0.00434066 -0.00129336 -0.00191372 -0.00383669 -0.00663934 -0.00405172 -3.21197e-05 0.00123116 0.00206559 -0.00778195
internal_weight=50648 49789 1050 48739 172 999 894 437 295 222 457 388 859 123
internal_count=50648 49789 1050 48739 172 999 894 437 295 222 457 388 859 123
is_linear=0
shrinkage=0.05


Tree=442
num_leaves=15
num_cat=0
split_feature=23 45 21 25 23 37 37 12 24 28 47 10 13 14
split_gain=1.19834 1.1089 1.26545 1.44923 2.281 1.44535 2.75877 1.26004 1.14358 2.58094 2.53624 2.37476 2.66058 2.43556
threshold=0.085000000894069686 -9.0315699577331525 80.500000000000014 8.1500000953674334 0.48499999940395361 54.500000000000007 33.500000000000007 79.629169464111342 3.5000000000000004 54.500000000000007 7.2387499809265146 162.45833587646487 80.352382659912124 19.899414062500004
decision_type=2 2 2 2 2 2 2 2 2 2 2 2 2 2
left_child=-1 2 -2 -4 5 6 -5 -6 9 -3 -11 12 13 -12
right_child=1 8 3 4 7 -7 -8 -9 -10 10 11 -13 -14 -15
leaf_value=-0.0020836466694487596 0.0021923795513766847 0.0020590459971930159 0.0023021093964026187 -0.0022084627211093862 0.0030652786145667281 0.00064023733531846591 -0.0058145093233456608 -0.0018573492542617337 -4.2806081993343081e-05 0.00032851825378139968 -0.0010160193355331485 -0.0021933476304294773 0.00067493601623337207 -0.0033801767408146799
leaf_weight=105 1155 1968 284 124 381 88 96 98 34949 8493 1632 99 1091 318
leaf_count=105 1155 1968 284 124 381 88 96 98 34949 8493 1632 99 1091 318
internal_value=9.83476e-05 0.000109873 0.00119857 -4.16279e-05 -0.00114805 -0.00443396 -0.00652174 0.00101227 5.97201e-05 0.000448534 0.000164477 -0.00104762 -0.000784988 -0.00188775
internal_weight=50881 50776 2226 1071 787 308 220 479 48550 13601 11633 3140 3041 1950
internal_count=50881 50776 2226 1071 787 308 220 479 48550 13601 11633 3140 3041 1950
is_linear=0
shrinkage=0.05


Tree=443
num_leaves=15
num_cat=0
split_feature=47 9 51 50 50 23 18 5 7 27 37 18 24 29
split_gain=1.44572 1.03614 1.09702 3.6636 3.2885 3.37005 4.04329 5.21014 3.83033 3.04101 2.78512 3.34021 2.77727 2.72863
threshold=1.55227267742157 15.84999990463257 -0.12940952181816107 0.37940952181816107 0.37940952181816107 0.24499999731779101 3.6499999761581425 56.750000000000007 73.450000762939467 12.34999990463257 59.500000000000007 24.750000000000004 12.500000000000002 7.4500000476837167
decision_type=2 2 2 2 2 2 2 2 2 2 2 2 2 2
left_child=-1 -2 4 10 5 6 7 9 -9 -3 -4 -12 -13 -7
right_child=1 2 3 -5 -6 13 -8 8 -10 -11 11 12 -14 -15
leaf_value=0.0027812066243096695 0.001093069942461466 0.0011064309313934954 -0.00053406345586040486 -0.00060219687244305719 0.00083372764077601833 -0.00022651444683440691 0.00021170157013189405 -0.017446239555737066 -0.0038151382323354335 -0.0020300741751507543 0.00055476035572652382 -3.4281619365905872e-05 -0.0034208738975209196 0.00076124918803765844
leaf_weight=395 1042 277 4758 10015 8329 8222 868 57 145 755 10406 659 322 4309
leaf_count=395 1042 277 4758 10015 8329 8222 868 57 145 755 10406 659 322 4309
internal_value=4.93387e-05 2.53121e-05 -7.93761e-06 -0.00022927 0.000244211 -0.000207266 -0.00205492 -0.00388264 -0.0110377 -0.00238964 0.000236769 0.000661139 -0.00211403 0.000104059
internal_weight=50559 50164 49122 26160 22962 14633 2102 1234 202 1032 16145 11387 981 12531
internal_count=50559 50164 49122 26160 22962 14633 2102 1234 202 1032 16145 11387 981 12531
is_linear=0
shrinkage=0.05


Tree=444
num_leaves=15
num_cat=0
split_feature=49 37 57 37 52 24 40 11 8 56 52 11 24 23
split_gain=1.09484 0.979709 1.80885 3.53179 2.79639 2.01935 2.12448 5.53364 2.67603 2.01446 2.00161 1.94978 1.90281 1.6688
threshold=2222.5000000000005 37.500000000000007 48.883333206176765 20.500000000000004 0.95752912759780895 60.500000000000007 983.95001220703136 61.316667556762702 50.350000381469734 24.349999427795414 0.97112539410591137 33.333333969116218 10.500000000000002 0.19500000029802325
decision_type=10 2 2 2 2 2 2 2 2 2 2 2 2 2
left_child=1 2 5 -4 11 6 7 9 -9 10 -1 -5 -8 -3
right_child=-2 13 3 4 -6 -7 12 8 -10 -11 -12 -13 -14 -15
leaf_value=-0.0008502112054911056 0.00081146370711040723 0.0012705208631066266 -0.0064142894865026508 -0.0072263658496932344 -0.005180656425321571 0.0015237454197615898 0.0015311456729707176 -0.007418480374009365 -0.0035238741141824948 0.00014086339864246853 -0.0036440490344313938 -9.2428577221830504e-05 -0.0016480973802152632 1.9763376723651877e-05
leaf_weight=747 1111 2378 62 58 99 1006 1040 57 104 1467 155 969 386 40979
leaf_count=747 1111 2378 62 58 99 1006 1040 57 104 1467 155 969 386 40979
internal_value=6.4984e-05 2.99899e-05 -0.000560065 -0.00230384 -0.00160211 -0.000138777 -0.000648008 -0.00151575 -0.0102047 -0.000884825 -0.00273026 -0.000785921 0.000891365 0.000113796
internal_weight=50618 49507 6150 1188 1126 4962 3956 2530 161 2369 902 1027 1426 43357
internal_count=50618 49507 6150 1188 1126 4962 3956 2530 161 2369 902 1027 1426 43357
is_linear=0
shrinkage=0.05


Tree=445
num_leaves=15
num_cat=0
split_feature=47 48 18 35 20 8 18 26 11 7 38 25 8 8
split_gain=1.11104 1.22201 1.04967 1.63657 2.87266 2.12359 1.96776 1.50805 1.48012 1.46063 1.75563 1.80436 1.72377 1.77614
threshold=1.55227267742157 7.7500000000000009 5.4500000476837167 9.5000000000000018 43.149999618530281 173.94999694824222 5.6499998569488534 0.99217715859413158 31.241665840148929 94.200000762939467 10.250000000000002 23.150000572204593 171.1499938964844 91.849998474121108
decision_type=2 2 2 2 2 2 2 2 2 2 2 2 2 2
left_child=1 -1 -2 -4 5 6 -5 8 -8 -6 -11 -12 13 -13
right_child=2 -3 3 4 9 -7 7 -9 -10 10 11 12 -14 -15
leaf_value=0.0041960511298841643 0.00011675488487182849 -0.0011327126472528146 9.6111041510215772e-05 -0.0056206795086453957 0.00056817559088342354 -0.003640465923249295 0.0011843433034960083 -0.0027473500079464681 -0.00085022578796085577 0.00026065235918293394 0.00027917397723543051 -0.00012668456777543575 0.00030621490111904355 -0.0045590597250339572
leaf_weight=326 30897 72 9603 91 3393 63 444 136 3914 831 289 126 128 285
leaf_count=326 30897 72 9603 91 3393 63 444 136 3914 831 289 126 128 285
internal_value=7.29136e-05 0.00267157 5.17827e-05 -0.000237405 -0.000695159 -0.00159081 -0.00145267 -0.0012944 -0.00112408 0.000130383 -0.00108149 -0.0026969 -0.00438069 -0.00592637
internal_weight=50598 398 50200 19303 9700 4648 4585 4494 4358 5052 1659 828 539 411
internal_count=50598 398 50200 19303 9700 4648 4585 4494 4358 5052 1659 828 539 411
is_linear=0
shrinkage=0.05


Tree=446
num_leaves=15
num_cat=0
split_feature=45 48 45 52 53 43 31 27 33 46 31 26 23 11
split_gain=1.31379 1.39825 1.30098 1.28368 4.70362 4.95544 2.6054 3.94444 2.50483 4.00496 2.10347 2.78149 2.21847 2.34043
threshold=5.989323854446412 6.5499999523162851 -9.0315699577331525 -0.94705909490585316 -0.30982844531536097 222.50000000000003 2.4733607769012456 34.750000000000007 1.8499999642372134 2.4500000476837163 -4.6659359931945792 0.67668813467025768 0.63499999046325695 37.78541564941407
decision_type=2 2 2 2 2 10 2 2 2 2 2 2 2 2
left_child=2 -2 -1 4 5 -4 7 8 -6 10 -10 -12 13 -13
right_child=1 -3 3 -5 6 -7 -8 -9 9 -11 11 12 -14 -15
leaf_value=0.0010203524138407646 0.0003799975517824358 0.0022856490367290159 0.00077980042194947035 4.8158673510326356e-05 -0.00010418969134265931 -0.015259880057939497 0.0012969336955155415 -0.0033296240651317643 -0.0010473875772029559 0.0027695678732525568 -0.0050748523693201798 -0.00023633715433511835 0.0050552287052097631 -0.014100449772656263
leaf_weight=2222 2997 939 75 39571 2607 78 1458 99 242 149 104 64 56 53
leaf_count=2222 2997 939 75 39571 2607 78 1458 99 242 149 104 64 56 53
internal_value=0.000132482 0.00100862 5.85622e-05 -4.48586e-07 -0.000755756 -0.00911043 -0.000472945 -0.00123522 -0.000920852 -0.00362832 -0.00568053 -0.00858885 -0.00428962 -0.00799213
internal_weight=50714 3936 46778 44556 4985 153 4832 3374 3275 668 519 277 173 117
internal_count=50714 3936 46778 44556 4985 153 4832 3374 3275 668 519 277 173 117
is_linear=0
shrinkage=0.05


Tree=447
num_leaves=15
num_cat=0
split_feature=7 23 37 15 4 41 57 52 51 47 52 43 23 33
split_gain=1.28935 1.26786 2.73833 3.11738 3.19866 2.41027 1.65828 1.64113 1.60927 3.81636 2.87116 2.71276 2.45585 2.54338
threshold=11.250000000000002 0.9350000023841859 71.500000000000014 57.95000076293946 44.750000000000007 38.500000000000007 196.34999847412112 -0.97876849770545948 -0.6035533845424651 8.4041666984558123 0.9990701973438264 487.50000000000006 0.39499999582767492 1.3499999642372134
decision_type=2 2 2 2 2 2 2 2 2 2 2 8 2 2
left_child=-1 6 3 4 -3 -6 8 -4 9 11 -11 -2 13 -13
right_child=1 2 7 -5 5 -7 -8 -9 -10 10 -12 12 -14 -15
leaf_value=0.0025696939439815163 0.00089354187465863911 0.0037821942202933925 -0.0037420019132904758 0.0023637861387946408 -0.00097861426877767269 -0.018169474310027321 0.0010823398235954732 1.8150399482135838e-05 -0.0001626830738775765 0.0018775683834469674 -0.0041759708542116773 -0.00066721925304409353 9.2767121953180195e-05 -0.0022687044265176501
leaf_weight=409 2709 135 73 2450 59 55 1009 4333 29465 2579 86 2694 4334 220
leaf_count=409 2709 135 73 2450 59 55 1009 4333 29465 2579 86 2694 4334 220
internal_value=8.98856e-05 6.68182e-05 0.000685172 0.00193614 -0.00330116 -0.0091129 -3.52617e-05 -8.3786e-05 -8.34974e-05 0.000388696 0.00206542 -6.17034e-05 -0.000566272 -0.00168605
internal_weight=50610 50201 7105 2699 249 114 43096 4406 42087 12622 2665 9957 7248 2914
internal_count=50610 50201 7105 2699 249 114 43096 4406 42087 12622 2665 9957 7248 2914
is_linear=0
shrinkage=0.05


Tree=448
num_leaves=15
num_cat=0
split_feature=23 43 50 56 23 3 17 56 41 37 48 10 8 5
split_gain=1.72133 1.71968 1.94577 2.06992 3.27538 2.57741 1.79412 2.30932 1.6568 1.43892 2.20681 1.43736 1.43131 2.00928
threshold=0.84499999880790722 102.50000000000001 -0.37940952181816096 146.00000000000003 1.0349999666213991 137.59999847412112 -13.449999809265135 72.750000000000014 25.500000000000004 88.500000000000014 -4.6499998569488517 143.87500000000003 33.45000076293946 113.04999923706056
decision_type=2 8 2 2 2 2 2 2 2 2 2 2 2 2
left_child=12 2 6 8 11 -6 7 -2 -4 -10 -11 -5 13 -1
right_child=1 -3 3 4 5 -7 -8 -9 9 10 -12 -13 -14 -15
leaf_value=0.0001890377112100561 -0.0051055923316488724 0.00074459268327612435 0.00055279658150223377 0.0034929298377063146 -0.0038400592489290981 -0.002085746154735689 0.0025301422955336904 0.0006889252862186079 0.00048953565444479776 -0.0046516973091151768 -0.00059229458347007807 -0.002141592964010799 -0.00011733576299831099 0.003841422028733429
leaf_weight=8267 68 7247 781 129 94 83 577 248 203 102 156 58 32163 349
leaf_count=8267 68 7247 781 129 94 83 577 248 203 102 156 58 32163 349
internal_value=7.27221e-05 0.000669332 -0.000460343 -0.00149752 -0.00475936 -0.0094385 0.00140089 -0.00159509 -0.000511182 -0.00285563 -0.00526119 -7.6142e-05 -6.99942e-05 0.000501971
internal_weight=50525 9746 2499 1606 364 177 893 316 1242 461 258 187 40779 8616
internal_count=50525 9746 2499 1606 364 177 893 316 1242 461 258 187 40779 8616
is_linear=0
shrinkage=0.05


Tree=449
num_leaves=15
num_cat=0
split_feature=45 34 0 52 47 47 43 43 45 47 0 4 8 15
split_gain=1.3675 1.10587 1.87084 2.78594 3.89389 1.55229 1.72267 1.36522 1.73875 1.10699 1.21151 2.69962 2.34092 1.93488
threshold=-9.6799769401550275 -4.1499998569488517 31.750000000000004 0.93845596909523021 8.8904547691345233 13.465151309967043 17.500000000000004 202.50000000000003 -0.3244654089212417 2.1825758218765263 84.200000762939467 43.250000000000007 222.85000610351565 95.349998474121108
decision_type=2 2 2 2 2 2 10 10 2 2 2 2 2 2
left_child=-1 2 7 5 -5 6 -4 -2 -9 -3 12 -12 13 -11
right_child=1 9 3 4 -6 -7 -8 8 -10 10 11 -13 -14 -15
leaf_value=0.0011771476512243244 0.0066341160197239905 0.0012377723246694298 -0.0038614404573181745 -0.010334932898115809 0.0020707406507219851 -0.0028005487660751676 0.00014094723665436057 -0.0019023077775057523 0.0074732729385012077 -2.9237128480278135e-05 -0.001490751695002356 -0.0001158635403943864 -0.0042838345355518583 0.00058573924429504898
leaf_weight=1848 206 1408 92 89 70 82 773 113 69 25721 790 11401 90 8050
leaf_count=1848 206 1408 92 89 70 82 773 113 69 25721 790 11401 90 8050
internal_value=3.56217e-05 -1.49087e-05 -0.00134973 -0.00239247 -0.00831361 -0.00132184 -0.000657143 0.00160804 -0.00151042 2.73859e-05 -1.49796e-05 -0.000442177 0.00013891 0.000161481
internal_weight=50802 48954 1494 1106 159 947 865 388 182 47460 46052 12191 33861 33771
internal_count=50802 48954 1494 1106 159 947 865 388 182 47460 46052 12191 33861 33771
is_linear=0
shrinkage=0.05


Tree=450
num_leaves=15
num_cat=0
split_feature=19 10 27 55 20 34 30 2 49 8 13 37 41 10
split_gain=1.04649 1.50579 2.04968 3.18572 1.44824 1.536 1.16319 1.96694 1.77725 1.36199 1.74567 2.48448 1.33959 1.31973
threshold=21.750000000000004 16.633333206176761 26.250000000000004 3.5000000000000004 5.0499999523162851 1.8499999642372134 32.500000000000007 214.44999694824222 27.500000000000004 113.04999923706056 173.31785583496097 87.500000000000014 13.500000000000002 75.174999237060561
decision_type=2 2 2 2 2 2 8 2 8 2 2 2 2 2
left_child=4 2 -2 -4 5 -1 8 13 -3 -9 11 -11 -12 -8
right_child=1 6 3 -5 -6 -7 7 9 -10 10 12 -13 -14 -15
leaf_value=0.00016073011861965903 0.0047186836633648904 -0.00041125045206215328 -0.00012750462309816946 -0.0077756255654877387 0.0032064005659182488 -0.0025270861333397685 4.9178582734631412e-05 0.0017934134967708638 0.00075029037632729553 -0.00055374195482261871 -0.0011403366430120293 -0.0047393905372307638 0.0022745909142838287 -0.00023725557350453183
leaf_weight=167 100 1958 117 92 817 52 31460 89 4424 93 93 94 74 11071
leaf_count=167 100 1958 117 92 817 52 31460 89 4424 93 93 94 74 11071
internal_value=-6.80307e-06 -3.97582e-05 -0.00346395 -0.00618721 0.00155832 -0.0019869 -1.76233e-05 -0.000111204 0.000611702 -0.00338852 -0.00475275 -0.00794416 -0.000932203 -7.62792e-05
internal_weight=50701 49665 309 209 1036 219 49356 42974 6382 443 354 187 167 42531
internal_count=50701 49665 309 209 1036 219 49356 42974 6382 443 354 187 167 42531
is_linear=0
shrinkage=0.05


Tree=451
num_leaves=15
num_cat=0
split_feature=47 7 22 36 16 16 48 52 24 30 35 52 52 42
split_gain=1.07967 1.97113 2.66235 1.76353 1.62619 7.16897 4.01747 3.23032 2.40162 1.60212 1.86251 1.64647 4.87522 1.58767
threshold=4.2809092998504648 139.94999694824222 1018.5000000000001 6.2500000000000009 66.950000762939467 67.40000152587892 -2.4500000476837154 -0.91597726941108693 1.0000000180025095e-35 72.500000000000014 9.5000000000000018 -0.82415616512298573 -0.86114627122879017 3.5499999523162846
decision_type=2 2 2 2 2 2 2 2 2 8 2 2 2 2
left_child=1 -1 -3 -2 -5 6 -6 -7 -9 11 13 12 -10 -11
right_child=3 2 -4 4 5 7 -8 8 9 10 -12 -13 -14 -15
leaf_value=0.00052643711176467243 0.0027065357498362377 -0.011643357821028507 -0.00014228797567936743 1.4722097204231976e-05 -0.0078040044213617855 -0.003359608038429167 -0.00081798268662579754 -0.0041469904663438556 0.0006615461957989871 -0.0018821337294306333 -0.0011476929672806365 0.00096299747297645406 -0.010743418238477033 0.00060550515574296681
leaf_weight=8195 450 72 2119 36480 69 61 56 53 204 69 785 1311 53 739
leaf_count=8195 450 72 2119 36480 69 61 56 53 204 69 785 1311 53 739
internal_value=8.24037e-05 0.000536745 -0.000792821 -3.47048e-05 -7.01928e-05 -0.00111437 -0.0124074 -0.00064688 -0.000412531 -0.000219174 -0.00133188 0.000912548 -0.0026779 0.000354523
internal_weight=50716 10386 2191 40330 39880 3400 125 3275 3214 3161 1593 1568 257 808
internal_count=50716 10386 2191 40330 39880 3400 125 3275 3214 3161 1593 1568 257 808
is_linear=0
shrinkage=0.05


Tree=452
num_leaves=15
num_cat=0
split_feature=40 47 15 23 32 14 9 25 31 43 47 16 20 40
split_gain=1.01161 2.60819 2.95889 2.79044 2.08872 2.16168 1.59365 1.55608 1.52407 2.89235 2.80932 2.13536 2.89345 1.82184
threshold=974.35000610351574 10.55634927749634 138.55000305175784 0.9650000035762788 -1.4205219149589536 6.6204338073730478 41.95000076293946 9.2500000000000018 5.0194687843322763 22.500000000000004 8.9369316101074237 47.750000000000007 21.250000000000004 983.14999389648449
decision_type=2 2 2 2 2 2 2 2 2 10 2 2 2 2
left_child=1 2 7 -4 5 -3 -7 -1 -2 13 -11 -12 -13 -10
right_child=8 4 3 -5 -6 6 -8 -9 9 10 11 12 -14 -15
leaf_value=0.0032045788153301034 -8.0851857194302114e-05 -0.014063287004460743 -0.011725542471348657 0.00072795871284488101 -0.00049245729276947996 -0.005084302797765475 0.0014133791307521016 0.00040690756502714093 0.00014060250187473833 0.00029710605869752205 -0.00077816620726484499 -0.0026031447507876733 -0.00032661088230915062 0.0026584689488559719
leaf_weight=1157 37236 61 50 62 637 61 73 3077 794 4714 1001 91 119 1519
leaf_count=1157 37236 61 50 62 637 61 73 3077 794 4714 1001 91 119 1519
internal_value=5.94136e-05 0.000720895 0.00121212 -0.00647541 -0.00182898 -0.00621951 -0.00229167 0.00143025 -1.60494e-05 0.000598933 1.26371e-05 -0.00212531 -0.00659091 0.00209427
internal_weight=50652 5178 4346 112 832 195 134 4234 45474 8238 5925 1211 210 2313
internal_count=50652 5178 4346 112 832 195 134 4234 45474 8238 5925 1211 210 2313
is_linear=0
shrinkage=0.05


Tree=453
num_leaves=15
num_cat=0
split_feature=25 17 49 53 25 9 32 32 53 4 25 38 52 22
split_gain=1.27752 1.721 1.80978 1.13604 1.07899 2.2286 1.68013 1.11133 1.79257 2.77133 2.67022 2.34808 2.20005 2.11812
threshold=5.9500000476837167 -1.1500000357627866 -427.49999999999994 0.99981042742729198 63.399999618530281 121.29999923706056 0.3629188090562821 -2.5623747110366817 0.42763730883598333 141.80000305175784 10.550000190734865 5.4500000476837167 -0.99763298034667958 1840.5000000000002
decision_type=2 2 8 2 2 2 2 2 2 2 2 2 2 2
left_child=1 -1 -3 4 7 -6 -7 -2 10 -10 -9 -12 -13 -11
right_child=3 2 -4 -5 5 6 -8 8 9 13 11 12 -14 -15
leaf_value=0.0023504862703943408 -0.00014516084472806403 -0.0017699014357036866 0.00013620382072189899 0.001764508026332246 3.9387968458431404e-05 -0.001914461233485117 -0.010563210908271557 0.00049749785770977892 0.00090283799585460687 0.00071666292025850673 -0.0046681513305880818 0.0027299803073608667 -0.00027788160031229239 -0.000721833060262622
leaf_weight=983 16320 72 342 298 230 88 51 6607 6818 916 189 673 14784 2090
leaf_count=983 16320 72 342 298 230 88 51 6607 6818 916 189 673 14784 2090
internal_value=6.74647e-05 0.00155295 -0.00113208 2.48606e-05 5.74071e-06 -0.00265171 -0.00741611 2.65459e-05 0.000197432 0.00075961 -5.09813e-05 -0.000406873 -0.000337169 -0.000503979
internal_weight=50461 1397 414 49064 48766 369 139 48397 32077 9824 22253 15646 15457 3006
internal_count=50461 1397 414 49064 48766 369 139 48397 32077 9824 22253 15646 15457 3006
is_linear=0
shrinkage=0.05


Tree=454
num_leaves=15
num_cat=0
split_feature=8 57 11 16 4 32 52 56 16 52 11 22 19 23
split_gain=1.21223 1.1332 1.22483 2.60691 2.18816 1.57707 1.53719 2.43271 1.73111 1.32439 1.729 4.01843 1.57035 1.46541
threshold=8.9000000953674334 217.84999847412112 157.48957824707034 66.950000762939467 212.55000305175784 -1.7866435647010801 0.24372619390487674 152.05000305175784 110.95000076293947 0.15951094031333926 187.38542175292972 2841.0000000000005 215.35000610351565 0.75499999523162853
decision_type=2 2 2 2 2 2 2 2 2 2 2 2 2 2
left_child=-1 2 -2 4 -4 -5 9 8 -8 10 -7 12 -12 -13
right_child=1 -3 3 5 -6 6 7 -9 -10 -11 11 13 -14 -15
leaf_value=0.0043382954453621879 7.0254257872489186e-06 0.0012322150418969126 -0.0048171907709716631 0.00056949370111020734 0.00086941266459175702 0.00020273576207480387 -0.0015432663226299769 -0.00069044310507457198 -0.0040105262718716618 0.0017626838948902445 -0.0028725342866805486 -0.0012429193056016693 -0.0015541015118429029 0.0021398549372368763
leaf_weight=199 47588 737 105 694 59 457 52 190 54 186 58 154 80 105
leaf_count=199 47588 737 105 694 59 457 52 190 54 186 58 154 80 105
internal_value=3.74565e-06 -1.19731e-05 -4.09702e-05 -0.00119328 -0.00706897 -0.000686274 -0.00168648 -0.00480392 -0.0105172 -0.000761905 -0.00159722 -0.00396806 -0.0105405 -0.000204461
internal_weight=50718 50519 49782 2194 164 2030 1336 296 106 1040 854 397 138 259
internal_count=50718 50519 49782 2194 164 2030 1336 296 106 1040 854 397 138 259
is_linear=0
shrinkage=0.05


Tree=455
num_leaves=15
num_cat=0
split_feature=49 43 55 24 26 34 14 23 48 28 38 53 49 8
split_gain=1.26712 1.73672 2.07976 2.05494 2.80196 2.57159 4.08749 2.54867 2.28205 2.30412 2.48122 2.10499 3.24572 4.05199
threshold=32.500000000000007 462.50000000000006 4.5000000000000009 486.50000000000006 0.55831882357597362 2.5499999523162846 9.8521366119384783 0.40500000119209295 -6.4500000476837149 41.500000000000007 14.34999990463257 0.14888729155063632 3462.5000000000005 81.40000152587892
decision_type=8 8 2 2 2 2 2 2 2 2 2 2 8 2
left_child=-1 -2 -3 4 8 11 -7 -8 9 10 -4 12 13 -6
right_child=1 2 3 -5 5 6 7 -9 -10 -11 -12 -13 -14 -15
leaf_value=-9.6043375527380163e-05 0.00080059917000174481 0.00020006370064066349 0.0026745190508897731 -0.020155235699622173 -5.7210243415670944e-05 -0.013348484385709625 -0.004817071060549967 0.0016158897006270118 0.0019052414855174398 -0.002501176321315701 -0.0023234254010489146 0.00013052853982626033 -0.0036133164922847621 -0.0041658547903137937
leaf_weight=24920 7119 13287 148 50 1485 53 77 143 1071 56 71 1623 311 278
leaf_count=24920 7119 13287 148 50 1485 53 77 143 1071 56 71 1623 311 278
internal_value=4.35882e-05 0.000289349 3.56322e-05 -0.000794271 -0.000689072 -0.00135678 -0.00595406 -0.0026087 0.00127581 -0.0027193 -0.000240174 -0.00100216 -0.00205374 -0.00120417
internal_weight=50692 25772 18653 5366 5316 3970 273 220 1346 275 219 3697 2074 1763
internal_count=50692 25772 18653 5366 5316 3970 273 220 1346 275 219 3697 2074 1763
is_linear=0
shrinkage=0.05


Tree=456
num_leaves=15
num_cat=0
split_feature=0 35 21 48 4 44 37 4 23 33 12 23 16 18
split_gain=1.63211 1.63588 1.65705 1.42847 1.63108 1.54828 1.47761 1.3703 1.64171 1.31812 1.30948 1.47223 1.26996 2.11835
threshold=17.650000572204593 11.500000000000002 110.50000000000001 4.5499999523162851 99.799999237060561 -10.662211418151854 75.500000000000014 20.44999980926514 0.22500000149011615 1.0000000180025095e-35 99.225696563720717 0.38499999046325689 13.34999990463257 -14.849999904632567
decision_type=2 2 2 2 2 2 2 2 2 2 2 2 2 2
left_child=-1 12 3 4 5 6 -3 8 -5 -9 11 -11 13 -2
right_child=1 2 -4 7 -6 -7 -8 9 -10 10 -12 -13 -14 -15
leaf_value=0.0011427102719137805 -0.0050333127492144811 0.0028860326529073551 -0.0012649347556576726 -0.0036576275522668504 -0.0012870475765969526 0.0015365091985414902 -0.0044028395514126885 0.00012543865605696051 0.00062297354426839703 -0.0033935541449443573 -0.010368421859021367 -0.0003607221761684068 0.00013244997892761701 -0.0001831145919030977
leaf_weight=1511 228 91 2689 67 445 2176 126 1768 57 92 58 648 39338 1450
leaf_count=1511 228 91 2689 67 445 2176 126 1768 57 92 58 648 39338 1450
internal_value=0.000132404 8.255e-05 -0.000560958 -6.50052e-05 0.000716292 0.00123387 -0.00270925 -0.000888889 -0.0058209 -0.000628882 -0.00230198 -0.00166667 0.000211573 -0.00113152
internal_weight=50744 49233 8217 5528 2838 2393 217 2690 124 2566 798 740 41016 1678
internal_count=50744 49233 8217 5528 2838 2393 217 2690 124 2566 798 740 41016 1678
is_linear=0
shrinkage=0.05


Tree=457
num_leaves=15
num_cat=0
split_feature=33 12 16 14 34 41 10 57 28 26 4 57 22 33
split_gain=0.997354 2.55417 2.65267 2.52201 2.54958 3.11624 3.051 2.00519 3.40257 2.82825 2.81814 3.56196 2.30295 2.10712
threshold=1.0000000180025095e-35 44.04930496215821 34.399999618530281 4.1033339500427255 3.7500000000000004 11.500000000000002 35.341665267944343 37.95000076293946 93.500000000000014 0.68993914127349865 56.149999618530281 34.483333587646491 519.50000000000011 0.35000000894069677
decision_type=2 2 2 2 2 2 2 2 2 2 2 2 2 2
left_child=-1 2 -2 -3 7 6 -6 8 9 10 12 -12 -5 -9
right_child=1 3 -4 4 5 -7 -8 13 -10 -11 11 -13 -14 -15
leaf_value=0.00013474077536655549 0.00015067552994928104 -0.0046002772553219162 0.0051593059602392764 -0.002388789986021214 0.0019447278538639225 0.00013429839219598151 -0.005535769011824624 -0.00088253947335979364 -0.0059635149660657782 0.0019230639623394026 -0.00062372034768118693 -0.010752657593436139 0.0024519332147362456 8.2800963683326816e-05
leaf_weight=32028 5869 150 471 54 57 162 152 2636 112 282 94 57 142 8350
leaf_count=32028 5869 150 471 54 57 162 152 2636 112 282 94 57 142 8350
internal_value=7.5653e-05 -0.000215614 0.000598425 -0.000637135 -0.000554179 -0.00458005 -0.00847032 -0.000423021 -0.00292277 -0.00141628 -0.00438375 -0.00928571 -0.000339806 -0.00025191
internal_weight=50616 18588 6340 12248 12098 371 209 11727 741 629 347 151 196 10986
internal_count=50616 18588 6340 12248 12098 371 209 11727 741 629 347 151 196 10986
is_linear=0
shrinkage=0.05


Tree=458
num_leaves=15
num_cat=0
split_feature=0 56 47 38 13 47 30 23 37 50 17 32 0 12
split_gain=1.40872 1.90439 1.85301 2.20978 1.52031 1.309 1.41955 1.21728 2.52785 2.02402 1.89674 1.93172 2.13561 1.88183
threshold=21.050000190734867 14.050000190734865 8.5236110687255877 5.4500000476837167 46.311309814453132 5.7422618865966806 2362.5000000000005 0.95499998331069957 76.500000000000014 -0.6035533845424651 -10.749999999999998 -2.8870376348495479 88.599998474121108 70.245140075683608
decision_type=2 2 2 2 2 2 8 2 2 2 2 2 2 2
left_child=1 2 3 -1 5 -3 -7 -2 13 -10 11 12 -11 -9
right_child=7 4 -4 -5 -6 6 -8 8 9 10 -12 -13 -14 -15
leaf_value=-0.0014321152918706493 -4.5856226156508684e-05 0.0064524814262422641 0.0019135971147653235 -0.0060921193056744328 0.0049796963317143075 -0.00043055834438793304 0.0011099592783881201 0.00049492421920604393 0.001584552707960294 -0.0053471236669352393 -0.00010549443871843076 -0.00099712206229138497 -0.0007840153088380195 0.0040184053872742093
leaf_weight=63 41652 320 72 54 642 838 626 1885 773 57 2221 421 67 1281
leaf_count=63 41652 320 72 54 642 838 626 1885 773 57 2221 421 67 1281
internal_value=4.33488e-05 0.00117143 -0.00354271 -0.00720472 0.00155172 0.000791527 0.000149254 -1.78839e-05 0.000606851 -0.000311355 -0.000943804 -0.00355856 -0.00880597 0.00163098
internal_weight=50972 2615 189 117 2426 1784 1464 48357 6705 3539 2766 545 124 3166
internal_count=50972 2615 189 117 2426 1784 1464 48357 6705 3539 2766 545 124 3166
is_linear=0
shrinkage=0.05


Tree=459
num_leaves=15
num_cat=0
split_feature=56 6 11 24 19 13 17 24 27 6 47 52 8 14
split_gain=1.24522 2.51262 2.08537 2.06307 4.93831 1.95002 1.94117 2.56221 2.78596 2.77691 1.79458 3.94326 2.89124 2.40972
threshold=86.700000762939467 158.09999847412112 82.599998474121108 55.500000000000007 129.69999694824222 63.244939804077156 53.95000076293946 19.500000000000004 12.34999990463257 50.350000381469734 6.842262029647828 0.77244481444358837 42.45000076293946 34.822809219360359
decision_type=2 2 2 2 2 2 2 2 2 2 2 2 2 2
left_child=1 6 -2 5 -5 -4 -1 8 -8 -10 -7 12 13 -12
right_child=2 -3 3 4 -6 10 7 -9 9 -11 11 -13 -14 -15
leaf_value=2.0546798135817063e-05 0.0017451993458301261 -0.0019352480748698491 0.0040681830373741536 -0.0062631387627283992 -0.0002308635777399236 0.00028689181181620682 0.003179696842384921 0.001187819630494605 0.0025393913320823562 -0.0036320397463133341 -0.018391118421165014 -0.016262486604702218 -2.2526092550171405e-05 -4.7355878522140617e-05
leaf_weight=36356 2325 498 271 87 432 7153 160 214 149 600 53 79 2118 60
leaf_count=36356 2325 498 271 87 432 7153 160 214 149 600 53 79 2118 60
internal_value=7.26789e-05 -7.01554e-05 0.000503654 0.000196337 -0.00284499 0.000361248 -2.28065e-05 -0.0020609 -0.00321545 -0.00448617 0.000239101 -0.000969827 -0.000555555 -0.00800813
internal_weight=50555 37977 12578 10253 519 9734 37479 1123 909 749 9463 2310 2231 113
internal_count=50555 37977 12578 10253 519 9734 37479 1123 909 749 9463 2310 2231 113
is_linear=0
shrinkage=0.05


Tree=460
num_leaves=15
num_cat=0
split_feature=28 24 46 42 53 38 18 9 9 53 57 11 49 52
split_gain=1.09508 2.60007 2.92806 2.47123 3.84595 3.26737 2.07084 2.41429 2.83693 2.66106 2.01965 3.41315 2.65766 3.14544
threshold=70.500000000000014 7.5000000000000009 5.4500000476837167 3.0499999523162846 0.36447542905807501 11.150000095367433 16.349999427795414 34.250000000000007 44.049999237060554 -0.25206183642148966 47.583332061767585 41.956249237060554 -252.49999999999997 0.76140651106834423
decision_type=2 2 2 2 2 2 2 2 2 2 2 2 8 2
left_child=1 2 -1 4 -3 10 -7 -8 9 -9 -5 -12 13 -13
right_child=-2 3 -4 5 -6 6 7 8 -10 -11 11 12 -14 -15
leaf_value=0.00082382379275089401 -7.1143806140727935e-05 -0.0019998023950566122 -0.0032599501300108269 -9.0342437193765142e-05 0.0017470311065011142 0.00051459840206804445 0.0014103546279984368 -0.0051418209125683352 -0.00044193414917235719 0.0030245770924178616 -0.0038614280904287917 -0.0033844931293973051 0.00078285124281566362 0.0023570773958934356
leaf_weight=8405 23632 1413 84 2474 465 10871 618 286 1033 85 299 315 598 140
leaf_count=8405 23632 1413 84 2474 465 10871 618 286 1033 85 299 315 598 140
internal_value=7.5698e-05 0.000292663 0.00101718 -3.84262e-05 -0.00175318 0.00015512 0.000535922 -0.000930118 -0.00207214 -0.00576115 -0.00112617 -0.00267254 -0.00130292 -0.00413978
internal_weight=50718 27086 8489 18597 1878 16719 12893 2022 1404 371 3826 1352 1053 455
internal_count=50718 27086 8489 18597 1878 16719 12893 2022 1404 371 3826 1352 1053 455
is_linear=0
shrinkage=0.05


Tree=461
num_leaves=15
num_cat=0
split_feature=30 10 49 16 18 21 52 57 42 32 17 10 9 41
split_gain=1.23476 1.63522 1.58125 1.47125 2.56588 2.33752 2.22057 3.4187 2.45634 2.45378 2.06033 1.36634 1.30509 1.36561
threshold=32.500000000000007 184.12500000000003 22.500000000000004 59.699998855590827 10.050000190734865 17.500000000000004 -0.58482360839843739 182.84999847412112 1.9499999880790713 -1.0409497585229435e-16 58.45000076293946 234.90000152587893 234.44999694824222 9.5000000000000018
decision_type=8 2 8 2 2 2 2 2 2 2 2 2 2 2
left_child=2 -2 3 4 10 11 -7 8 -8 -10 -1 -5 13 -3
right_child=1 12 -4 5 -6 6 7 -9 9 -11 -12 -13 -14 -15
leaf_value=-0.00059266348846495891 -9.4515612141388223e-06 -0.0014225193352910587 0.0007280440261918826 0.0024726233503764858 0.0025209243400685696 -9.4831042982220377e-05 -0.00082115344709948876 0.0024864826426198856 -0.0078393759220359502 -0.0018924284352846274 -0.0039330705350197909 -0.0026011013481357327 -0.0029844443465999394 7.3192060207686343e-05
leaf_weight=327 43274 330 4559 285 574 207 75 79 72 58 74 50 79 512
leaf_count=327 43274 330 4559 285 574 207 75 79 72 58 74 50 79 512
internal_value=2.42264e-05 -6.95621e-05 0.000675039 -0.000577029 0.000736041 -0.00211722 -0.00428144 -0.00707483 -0.0103488 -0.0142857 -0.00229927 0.00108696 -0.00214286 -0.00151408
internal_weight=50555 44195 6360 1801 975 826 491 284 205 130 401 335 921 842
internal_count=50555 44195 6360 1801 975 826 491 284 205 130 401 335 921 842
is_linear=0
shrinkage=0.05


Tree=462
num_leaves=15
num_cat=0
split_feature=12 23 21 14 13 43 26 53 55 4 30 45 21 0
split_gain=1.38584 1.12298 1.81756 1.85146 1.77584 1.36427 1.12222 1.13117 2.00048 1.05483 3.03124 1.93715 2.03139 1.52192
threshold=19.704860687255863 1.3049999475479128 210.50000000000003 9.443331718444826 41.078273773193366 22.500000000000004 0.98369553685188305 -0.99628248810768116 1.5000000000000002 15.84999990463257 467.50000000000006 -3.9851181507110591 48.500000000000007 20.44999980926514
decision_type=2 2 2 2 2 8 2 2 2 2 8 2 2 2
left_child=-1 9 4 -4 -3 -6 7 8 -7 10 11 12 -2 -14
right_child=1 2 3 -5 5 6 -8 -9 -10 -11 -12 -13 13 -15
leaf_value=0.0053783063756280176 -6.1939744103699241e-09 -0.014224318737452241 0.0029022552925762998 -0.0038746592802142276 -0.0021777549643914617 -0.0058073690706643812 -0.0018998550170254134 0.0021437869609330813 0.0022933747296611283 4.1778526430433986e-05 0.0012281050724271872 -0.00051606783692950589 -0.0033841647634613049 -0.006860379187535336
leaf_weight=208 58 76 50 95 76 59 80 1565 160 47470 389 436 52 69
leaf_count=208 58 76 50 95 76 59 80 1565 160 47470 389 436 52 69
internal_value=0.000104517 8.73731e-05 0.00119991 -0.00403226 0.00159427 0.00189744 0.00217183 0.0024359 -0.000895196 3.75383e-05 -0.00155819 -0.00372 -0.00796296 -0.0114122
internal_weight=50843 50635 2161 145 2016 1940 1864 1784 219 48474 1004 615 179 121
internal_count=50843 50635 2161 145 2016 1940 1864 1784 219 48474 1004 615 179 121
is_linear=0
shrinkage=0.05


Tree=463
num_leaves=15
num_cat=0
split_feature=23 43 48 46 17 23 36 19 34 25 53 44 8 48
split_gain=1.42835 3.09128 3.29509 2.96845 2.62802 2.17168 1.76879 1.72462 2.18379 2.53929 2.81886 1.68275 1.64158 2.03964
threshold=0.95499998331069957 102.50000000000001 -4.2499999999999991 0.15000000223517421 -1.1500000357627866 1.044999957084656 13.050000190734865 286.34999084472662 0.75000000000000011 40.45000076293946 0.99445194005966198 0.7147311568260194 37.899999618530281 0.15000000223517421
decision_type=2 10 2 2 2 2 2 2 2 2 2 2 2 2
left_child=6 2 4 -3 5 -2 7 11 9 -9 -11 -1 13 -5
right_child=1 3 -4 12 -6 -7 -8 8 -10 10 -12 -13 -14 -15
leaf_value=0.001384195314418674 -0.0001788738676117601 0.0026216849078130084 0.00058223524200721295 0.00026816545763280628 -0.00050740693457603013 -0.0023368600590427239 -7.3460588493462476e-05 -0.004667935562580907 0.001257790836076239 0.001285973475656556 -0.002805149788469651 8.8246520448679916e-05 0.00063988651853961846 -0.0052019619227603973
leaf_weight=2667 124 2108 1207 242 534 304 37774 58 137 109 99 3117 1917 224
leaf_count=2667 124 2108 1207 242 534 304 37774 58 137 109 99 3117 1917 224
internal_value=6.03387e-05 0.000742129 -0.000805415 0.00148967 -0.00297325 -0.00584475 -4.30964e-05 0.000739874 -0.00238499 -0.00496377 -0.00211009 0.000961339 0.000277894 -0.00235294
internal_weight=50621 6660 2169 4491 962 428 43961 6187 403 266 208 5784 2383 466
internal_count=50621 6660 2169 4491 962 428 43961 6187 403 266 208 5784 2383 466
is_linear=0
shrinkage=0.05


Tree=464
num_leaves=15
num_cat=0
split_feature=8 57 50 46 27 23 4 40 27 23 6 53 49 11
split_gain=1.28195 1.12728 3.96138 2.87306 3.18507 1.92827 2.76661 1.89051 1.66108 2.09991 2.37917 1.62884 1.56643 1.55727
threshold=8.9000000953674334 26.750000000000004 -0.91597560048103321 1.0000000180025095e-35 27.44999980926514 0.16499999910593036 32.049999237060554 982.25000000000011 31.349999427795414 0.35500000417232519 33.45000076293946 -0.45273527503013605 -547.49999999999989 30.266666412353519
decision_type=2 2 2 2 2 2 2 2 2 2 2 2 8 2
left_child=-1 2 3 4 7 6 -4 11 -7 -10 -11 -2 -6 -3
right_child=1 13 5 -5 12 8 -8 -9 9 10 -12 -13 -14 -15
leaf_value=0.0041711903737944788 -0.0010172190328092479 0.00088703625467969846 -6.5406380111424165e-05 0.0044827596103956232 -0.0090924795755525836 0.00058924377955776495 -0.0035289196617238473 -0.004713590999316418 0.0011193922559501221 -0.0017052985010574215 -0.0040197218957819785 -0.014672914917057332 0.00050938327275446482 -2.3232509814475021e-06
leaf_weight=191 54 2948 229 156 80 2245 99 134 133 131 56 91 181 43973
leaf_count=191 54 2948 229 156 80 2245 99 134 133 131 56 91 181 43973
internal_value=1.98184e-05 3.95901e-06 -0.000848847 -0.0042068 -0.00590909 -2.92799e-05 -0.00357988 -0.00953287 0.000436893 -0.00287879 -0.00616751 -0.0133871 -0.00182657 6.93573e-05
internal_weight=50701 50510 3589 696 540 2893 328 279 2565 320 187 145 261 46921
internal_count=50701 50510 3589 696 540 2893 328 279 2565 320 187 145 261 46921
is_linear=0
shrinkage=0.05


Tree=465
num_leaves=15
num_cat=0
split_feature=7 47 23 21 17 46 48 6 19 36 17 38 11 24
split_gain=1.07879 1.02978 0.95548 2.96204 2.18296 1.93403 1.95449 2.01313 1.87643 2.53438 2.51768 2.0319 4.4515 3.18605
threshold=8.9000000953674334 1.3118055462837221 0.95499998331069957 230.50000000000003 -5.3500001430511466 1.8499999642372134 -2.4500000476837154 36.500000000000007 183.25000000000003 9.5500001907348651 11.949999809265138 5.4500000476837167 108.89374923706056 44.500000000000007
decision_type=2 2 2 2 2 2 2 2 2 2 2 2 2 2
left_child=-1 -2 8 5 -5 6 -4 -8 9 -3 -10 12 13 -11
right_child=1 2 3 4 -6 -7 7 -9 10 11 -12 -13 -14 -15
leaf_value=0.0035894102344055539 0.0035468268284049006 0.0015410378355814533 3.941115633849445e-05 -0.0025921831347147 -0.00081230270867283655 -0.00067696038632520598 -0.00084679430057431598 0.002156540249105424 -0.0013488320447130324 -8.866204633477487e-05 -2.7060660802611433e-05 1.0984418685575632e-05 -0.015932857614366022 -0.0038082784518945929
leaf_weight=202 211 1603 2158 67 159 1469 257 2663 1678 1475 2847 35682 65 154
leaf_count=202 211 1603 2158 67 159 1469 257 2663 1678 1475 2847 35682 65 154
internal_value=2.56412e-05 1.06937e-05 -4.27527e-06 0.000547693 -0.00495763 0.000745006 0.00120676 0.00204778 -9.03156e-05 2.1673e-05 -0.00105292 -6.20551e-05 -0.00174883 -0.0011928
internal_weight=50690 50488 50277 6773 226 6547 5078 2920 43504 38979 4525 37376 1694 1629
internal_count=50690 50488 50277 6773 226 6547 5078 2920 43504 38979 4525 37376 1694 1629
is_linear=0
shrinkage=0.05


Tree=466
num_leaves=15
num_cat=0
split_feature=23 1 53 29 16 38 37 34 28 44 53 43 45 18
split_gain=1.03443 1.13814 0.959161 1.05376 1.54503 4.9368 2.42048 2.27127 3.12805 2.20768 2.26156 3.50976 1.58555 1.40697
threshold=0.085000000894069686 10.050000190734865 0.99958848953247081 1.8499999642372134 66.950000762939467 9.8499999046325701 73.500000000000014 0.45000000298023229 96.500000000000014 0.69591933488845836 -0.39036008715629572 81.250000000000014 -2.8733866214752193 46.549999237060554
decision_type=2 2 2 2 2 2 2 2 2 2 2 8 2 2
left_child=-1 -2 3 4 6 -6 9 8 -7 10 11 -3 -13 -8
right_child=1 2 -4 -5 5 7 13 -9 -10 -11 -12 12 -14 -15
leaf_value=-0.0016628136344622913 0.005016365231944442 -0.012803623786770055 0.0013163857056587521 5.2852070331135706e-05 0.00065072688683982284 -0.0013296697288379996 0.0017135025376077641 -0.0044359891295041856 -0.013231610441811474 9.8780257584241886e-05 -0.00056951875415242408 -0.0042656124034328767 -0.00019783143004371612 -0.0019583905698331225
leaf_weight=110 126 62 442 46838 389 161 1035 91 58 771 457 60 173 71
leaf_count=110 126 62 442 46838 389 161 1035 91 58 771 457 60 173 71
internal_value=5.34866e-05 6.44413e-05 5.21555e-05 3.14893e-05 -0.000826842 -0.00289845 -0.000267146 -0.0075 -0.00438865 -0.00155577 -0.00346457 -0.00680328 -0.00364198 0.00150538
internal_weight=50844 50734 50608 50166 3328 699 2629 310 219 1523 752 295 233 1106
internal_count=50844 50734 50608 50166 3328 699 2629 310 219 1523 752 295 233 1106
is_linear=0
shrinkage=0.05


Tree=467
num_leaves=15
num_cat=0
split_feature=47 25 45 19 48 14 45 25 31 38 20 45 34 8
split_gain=1.22663 2.10597 1.94923 1.82935 2.01943 1.68275 1.67767 1.85878 2.42999 2.18819 3.12273 2.1603 2.21215 1.83809
threshold=4.6369316577911386 57.45000076293946 1.9777520298957827 38.45000076293946 3.3500000238418584 40.632062911987312 -3.2152053117752071 10.949999809265138 -2.1640772819519039 14.050000190734865 50.649999618530281 -0.54444456100463856 -0.15000000223517415 138.55000305175784
decision_type=2 2 2 2 2 2 2 2 2 2 2 2 2 2
left_child=1 3 -3 4 -1 -2 13 9 -9 -8 -11 12 -10 -5
right_child=5 2 -4 6 -6 -7 7 8 11 10 -12 -13 -14 -15
leaf_value=0.0068552826316266267 -4.0536754435639889e-05 -0.00067047373627917293 -0.0055077584563382439 0.0024349149259347892 -0.00074157214291095815 0.00058890924829698669 -0.0024902181542432711 0.0010899490929112746 0.00041841123051233013 0.00067796223538188602 -0.0024519250806725114 0.0004158328625994607 -0.0012591194399804247 -0.00055324891102187263
leaf_weight=703 35653 263 55 1379 115 2237 329 2128 985 652 91 4017 1468 371
leaf_count=703 35653 263 55 1379 115 2237 329 2128 985 652 91 4017 1468 371
internal_value=0.000143293 0.000571383 -0.00338415 0.000676845 0.00294686 1.31945e-06 0.000511811 0.000253099 0.000498374 -0.00170055 -0.000179283 1.54323e-05 -0.00115104 0.00193182
internal_weight=50446 12556 318 12238 818 37890 11420 9670 8598 1072 743 6470 2453 1750
internal_count=50446 12556 318 12238 818 37890 11420 9670 8598 1072 743 6470 2453 1750
is_linear=0
shrinkage=0.05


Tree=468
num_leaves=15
num_cat=0
split_feature=5 50 42 29 41 25 20 48 22 23 38 15 53 40
split_gain=1.22706 1.80154 1.17083 1.42751 1.0728 1.04987 1.16725 1.983 1.06605 1.77992 2.06025 1.81001 2.4083 1.69726
threshold=13.750000000000002 0.12940952181816109 10.050000190734865 5.5499999523162851 8.5000000000000018 5.7500000000000009 13.150000095367433 -2.4500000476837154 276.50000000000006 0.49500000476837164 6.8500001430511483 36.250000000000007 -0.48313741385936732 973.64999389648449
decision_type=2 2 2 2 2 2 2 2 2 2 2 2 2 2
left_child=1 -1 3 -3 -5 6 -2 -8 9 10 -7 -12 13 -13
right_child=5 2 -4 4 -6 8 7 -9 -10 -11 11 12 -14 -15
leaf_value=8.1053934037609787e-05 0.0026931670242131313 -0.0010172849042478251 0.00068130442339341081 -0.0034275282526599923 -0.010615933725132328 0.0047127775945235793 -0.0029517036849944106 0.00051909105514264182 7.3046172672644173e-05 0.0012945325223988214 0.00033676812150843513 -0.0028614872552090425 -0.0036914182834783872 0.00025684322905158915
leaf_weight=395 747 82 50 87 61 73 51 308 48449 204 111 66 110 110
leaf_count=395 747 82 50 87 61 73 51 308 48449 204 111 66 110 110
internal_value=9.46696e-05 -0.0020073 -0.005 -0.00645833 -0.00924051 0.000123311 0.00163979 -0.000691057 8.88407e-05 -0.00187134 -0.00354167 -0.00495086 -0.00699324 -0.00306452
internal_weight=50904 675 280 230 148 50229 1106 359 49123 674 470 397 286 176
internal_count=50904 675 280 230 148 50229 1106 359 49123 674 470 397 286 176
is_linear=0
shrinkage=0.05


Tree=469
num_leaves=15
num_cat=0
split_feature=26 56 31 22 23 30 11 14 55 6 40 24 12 4
split_gain=1.26698 1.81276 2.4668 2.67272 2.42578 2.31709 2.45532 2.61604 3.31594 2.58256 2.11387 2.13513 3.06892 2.60331
threshold=0.78845849633216869 81.849998474121108 -1.6322385668754575 4728.5000000000009 0.24499999731779101 127.50000000000001 40.927082061767585 14.334474086761476 1.5000000000000002 65.299999237060561 989.64999389648449 6.5000000000000009 75.637496948242202 143.19999694824222
decision_type=2 2 2 2 2 10 2 2 2 2 2 2 2 2
left_child=-1 2 5 -4 -5 -2 -7 8 -8 -10 -3 -12 -13 -14
right_child=1 10 3 4 -6 6 7 -9 9 -11 11 12 13 -15
leaf_value=0.00011703549058439995 0.0010191805692383348 0.0010549405630058018 -0.00085685289836625071 0.0009141927848593768 -0.0067185628944239576 0.00031395339936899806 -0.008852579331755631 -5.1159852399078618e-05 -0.00033829855773391776 -0.011287242224294527 0.00018126722423301327 -0.0111842798106582 0.0011520231519961831 -0.002060344529008609
leaf_weight=37038 1566 2146 4540 54 115 936 75 483 304 87 2460 77 366 274
leaf_count=37038 1566 2146 4540 54 115 936 75 483 304 87 2460 77 366 274
internal_value=5.65002e-05 -0.000358334 -0.000826193 -0.00156919 -0.00756983 0.000189252 -0.000989446 -0.00276851 -0.00539916 -0.00335411 0.000359085 -0.00045968 -0.00284044 -0.00161538
internal_weight=50521 13483 8160 4709 169 3451 1885 949 466 391 5323 3177 717 640
internal_count=50521 13483 8160 4709 169 3451 1885 949 466 391 5323 3177 717 640
is_linear=0
shrinkage=0.05


Tree=470
num_leaves=15
num_cat=0
split_feature=30 19 23 17 27 31 11 48 16 10 12 33 34 14
split_gain=1.02633 1.32744 2.00096 3.36754 2.98575 3.54574 1.7419 1.67125 1.65292 1.89875 3.26026 2.47951 2.52968 2.30371
threshold=37.500000000000007 220.50000000000003 1.0249999761581423 11.949999809265138 34.250000000000007 1.0000000180025095e-35 187.38542175292972 1.0000000180025095e-35 81.599998474121108 75.174999237060561 141.60208129882815 14.150000095367433 -4.2499999999999991 27.036657333374027
decision_type=8 2 2 2 2 2 2 2 2 2 2 2 2 2
left_child=-1 8 3 4 5 6 -3 -5 9 10 13 12 -11 -2
right_child=1 2 -4 7 -6 -7 -8 -9 -10 11 -12 -13 -14 -15
leaf_value=0.00037394891608647423 2.0369059545939954e-05 -0.0061603418097154359 0.0003389862552915352 0.00094607783361202861 0.0031304785886186789 -0.00049020032426088463 -0.00098475669073471122 -0.0012705366136629176 0.00079876856998478273 -0.0043973298875812821 -0.010026050086307393 -0.0096825014984299324 -0.00026262106959028595 0.0011440474165734884
leaf_weight=7684 29441 230 699 409 98 226 60 382 1554 69 102 84 7428 2352
leaf_count=7684 29441 230 699 409 98 226 60 382 1554 69 102 84 7428 2352
internal_value=4.89889e-05 -4.58926e-05 -0.00126774 -0.00234982 -0.00509615 -0.00659696 -0.0101667 -0.000181024 1.70567e-05 -4.60921e-05 0.000123022 -0.000756817 -0.000654722 0.000152973
internal_weight=50818 43134 2104 1405 614 516 290 791 41030 39476 31895 7581 7497 31793
internal_count=50818 43134 2104 1405 614 516 290 791 41030 39476 31895 7581 7497 31793
is_linear=0
shrinkage=0.05


Tree=471
num_leaves=15
num_cat=0
split_feature=36 25 8 19 16 16 10 7 9 8 56 16 21 42
split_gain=1.07218 2.95899 2.0272 2.45243 2.40445 3.10571 1.91862 1.74863 1.54567 1.54057 1.5214 2.0314 1.63201 1.40147
threshold=31.94999980926514 18.550000190734867 55.149999618530281 129.69999694824222 26.250000000000004 19.44999980926514 98.041667938232436 46.750000000000007 38.250000000000007 48.149999618530281 45.699998855590827 41.850000381469734 50.500000000000007 4.0499999523162851
decision_type=2 2 2 2 2 2 2 2 2 2 2 2 2 2
left_child=-1 10 4 -4 5 -3 -5 -6 -9 -10 11 12 13 -2
right_child=1 2 3 6 7 -7 -8 8 9 -11 -12 -13 -14 -15
leaf_value=-1.0009246408698737e-05 -0.00053687062175504074 -0.00065367942667907662 0.0020160896040322005 -0.0030616171257400212 0.0010035073769886439 -0.0083902305699666314 0.0006784585494015844 -0.0035811231093113415 0.00062357082966250097 -0.0039688641853472461 0.0016322338843557044 -0.0030862927532361731 -6.6750629783211268e-05 0.0017647193304873691
leaf_weight=41440 405 108 301 96 196 95 148 95 139 53 2867 70 3118 1304
leaf_count=41440 405 108 301 96 196 95 148 95 139 53 2867 70 3118 1304
internal_value=8.57371e-05 0.000580233 -0.00168815 0.000585586 -0.00347701 -0.0079108 -0.00307087 -0.00149087 -0.00392256 -0.00118812 0.0009416 0.000404524 0.000534422 0.00177138
internal_weight=50435 8995 1231 545 686 203 244 483 287 192 7764 4897 4827 1709
internal_count=50435 8995 1231 545 686 203 244 483 287 192 7764 4897 4827 1709
is_linear=0
shrinkage=0.05


Tree=472
num_leaves=15
num_cat=0
split_feature=47 48 24 51 21 18 24 56 22 20 9 18 43 18
split_gain=1.25235 0.990341 1.76816 2.10181 2.46053 3.31891 3.04431 3.72431 2.90715 3.6254 2.23866 2.48127 1.8764 1.81826
threshold=1.55227267742157 -2.6499999761581416 231.50000000000003 -0.12940952181816107 96.500000000000014 9.1500000953674334 106.50000000000001 57.649999618530281 712.50000000000011 43.649999618530281 53.350000381469734 -12.249999999999998 127.50000000000001 14.949999809265138
decision_type=2 2 2 2 2 2 2 2 2 2 2 2 10 2
left_child=-1 2 3 -2 8 12 -7 -8 9 10 11 -5 -6 -9
right_child=1 -3 -4 4 5 6 7 13 -10 -11 -12 -13 -14 -15
leaf_value=0.0025777728677108844 0.0012621101004165734 0.00015873450968628848 0.00133498001670396 -0.0030266954963737661 0.00046117064842418837 -0.00071458156752242711 -0.00087078657320379641 -0.001120407634022732 -0.00051201163270980115 -0.013576373776932937 0.00014180598698476112 -0.0016149426234548549 -0.0003669856948143764 -0.0064954331073605641
leaf_weight=422 1609 28572 905 110 8619 2894 191 51 4568 52 273 232 2179 74
leaf_count=422 1609 28572 905 110 8619 2894 191 51 4568 52 273 232 2179 74
internal_value=0.00012027 9.72409e-05 -0.000156889 -0.000251174 -0.000396561 -5.0649e-05 -0.00145963 -0.00604294 -0.0013203 -0.00437962 -0.00316 -0.00579545 0.000369171 -0.0124074
internal_weight=50751 50329 21757 20852 19243 14008 3210 316 5235 667 615 342 10798 125
internal_count=50751 50329 21757 20852 19243 14008 3210 316 5235 667 615 342 10798 125
is_linear=0
shrinkage=0.05


Tree=473
num_leaves=15
num_cat=0
split_feature=5 11 56 31 3 5 15 38 3 37 19 4 37 4
split_gain=1.28918 1.55388 1.665 2.71731 2.07651 2.23005 1.96392 2.75439 3.07092 2.72518 2.73155 1.73093 1.68486 1.6261
threshold=25.750000000000004 28.01249980926514 28.150000572204593 0.88275200128555309 84.90000152587892 38.250000000000007 43.850000381469734 11.150000095367433 33.45000076293946 90.500000000000014 75.299999237060561 63.899999618530281 41.500000000000007 14.750000000000002
decision_type=2 2 2 2 2 2 2 2 2 2 2 2 2 2
left_child=-1 -2 3 11 5 -5 7 8 12 10 -9 -3 -4 -8
right_child=1 2 6 4 -6 -7 13 9 -10 -11 -12 -13 -14 -15
leaf_value=0.00040864020008095077 0.0014912212376109557 -0.00088087502731534414 0.00068397001133853211 -0.0027221311232583823 -0.0060349277546823815 0.0011176980172337401 -0.0045782644779442582 0.0012959879431421626 -0.0090281750747346224 -0.0042876726942572326 -0.002171795986570461 0.0024028613120387239 -0.004953935470744116 1.2083304823545678e-05
leaf_weight=4969 1107 1107 117 419 51 175 163 604 86 131 95 274 50 41357
leaf_count=4969 1107 1107 117 419 51 175 163 604 86 131 95 274 50 41357
internal_value=1.82394e-05 -6.49235e-05 -0.000111001 -0.00150786 -0.00416031 -0.00319536 -4.42351e-05 -0.00213632 -0.00659696 -0.000714286 0.000557123 -0.000248023 -0.00234463 1.08357e-05
internal_weight=50705 45736 44629 2026 645 594 42603 1083 253 830 699 1381 167 41520
internal_count=50705 45736 44629 2026 645 594 42603 1083 253 830 699 1381 167 41520
is_linear=0
shrinkage=0.05


Tree=474
num_leaves=15
num_cat=0
split_feature=14 38 26 10 16 49 49 15 11 12 44 4 12 16
split_gain=0.978283 2.63277 2.30277 2.29607 5.23893 2.92249 2.66527 2.12037 2.04527 4.43969 3.53731 3.09586 1.98418 1.98444
threshold=9.9268717765808123 14.550000190734865 0.38900603353977209 65.691665649414077 45.699998855590827 -1137.4999999999998 772.50000000000011 54.850000381469734 28.675000190734867 28.87430572509766 6.7094697952270517 28.550000190734867 30.870138168334964 14.050000190734865
decision_type=2 2 2 2 2 10 10 2 2 2 2 2 2 2
left_child=1 8 -3 6 -5 -6 -4 -2 -1 10 11 -10 -11 -14
right_child=7 2 3 4 5 -7 -8 -9 9 12 -12 -13 13 -15
leaf_value=8.0632097265453636e-05 0.0023292054808076589 0.0039432426661976305 -7.0430187013242404e-05 -0.01512336273058049 -0.0071389899869508701 0.00016143296319783015 0.002222481339388595 7.8744633907877786e-05 -0.0026346189254880092 0.0019122365433330492 0.00042921887947686252 -0.0094004254043443744 -0.0066606077025055804 -0.0009392803697594826
leaf_weight=1710 1279 733 6113 63 70 444 947 35887 55 219 56 76 50 2795
leaf_count=1710 1279 733 6113 63 70 444 947 35887 55 219 56 76 50 2795
internal_value=8.286e-05 -0.000284461 0.000256563 -1.96137e-06 -0.00300681 -0.00120229 0.000247525 0.000214655 -0.00119594 -0.00193039 -0.0092132 -0.0134397 -0.00145738 -0.00181261
internal_weight=50497 13331 8370 7637 577 514 7060 37166 4961 3251 187 131 3064 2845
internal_count=50497 13331 8370 7637 577 514 7060 37166 4961 3251 187 131 3064 2845
is_linear=0
shrinkage=0.05


Tree=475
num_leaves=15
num_cat=0
split_feature=23 32 30 27 19 7 27 27 14 28 7 57 40 34
split_gain=1.62078 1.11043 2.08136 2.6966 2.30151 2.96599 6.47999 2.06974 1.73112 1.77356 2.07214 2.26253 1.72768 1.78275
threshold=0.085000000894069686 -2.5239741802215572 192.50000000000003 13.34999990463257 92.099998474121108 73.450000762939467 22.94999980926514 19.150000572204593 30.427795410156254 49.500000000000007 32.049999237060554 61.783332824707038 974.95001220703136 4.6499998569488534
decision_type=2 2 10 2 2 2 2 2 2 2 2 2 2 2
left_child=-1 2 -2 -4 12 6 7 -6 9 10 -8 -12 -5 -14
right_child=1 -3 3 4 5 -7 8 -9 -10 -11 11 -13 13 -15
leaf_value=-0.0019234244756186213 3.4064533346290809e-05 0.00011567477889454556 -0.0034141278414015798 0.0033966392990001249 -0.0013092274548653225 0.00044401876326326684 0.0052898154618745107 -0.0063286185594165576 0.0018838231377908772 -3.3619148213339386e-05 -0.0089806798741998237 -0.0011886416658131913 -0.00024299833743673203 -0.004638021926620532
leaf_weight=117 11511 33036 88 284 65 328 81 120 103 265 88 141 4313 76
leaf_count=117 11511 33036 88 284 65 328 81 120 103 265 88 141 4313 76
internal_value=1.14567e-05 2.56392e-05 -0.000296743 -0.00105501 -0.0009159 -0.00286844 -0.0043929 -0.0124359 -0.00204942 -0.00311966 -0.005625 -0.00797071 -0.000413196 -0.000660377
internal_weight=50616 50499 17463 5952 5864 1191 863 185 678 575 310 229 4673 4389
internal_count=50616 50499 17463 5952 5864 1191 863 185 678 575 310 229 4673 4389
is_linear=0
shrinkage=0.05


Tree=476
num_leaves=15
num_cat=0
split_feature=2 33 50 43 52 25 56 34 57 36 40 38 31 40
split_gain=1.49374 1.65675 1.73485 1.94976 1.87737 3.0709 1.82803 1.93796 1.60413 1.64389 3.40394 1.75757 1.75313 2.0158
threshold=173.94999694824222 0.65000000596046459 -0.6035533845424651 217.50000000000003 -0.43733984231948847 32.45000076293946 229.80000305175784 1.7500000000000002 120.25000000000001 29.250000000000004 970.45001220703136 25.050000190734867 -7.1261327266693106 984.45001220703136
decision_type=2 2 2 10 2 2 2 2 2 2 2 2 2 2
left_child=8 2 4 6 5 -2 7 -4 9 10 11 -1 -11 -14
right_child=1 -3 3 -5 -6 -7 -8 -9 -10 12 -12 -13 13 -15
leaf_value=-0.0025228860483015557 0.0001816338013015698 -0.0083472029660191082 -0.0013103806007030078 0.0009511996580377068 -0.0005356123422259135 -0.0065438405521832353 0.001639103316966547 0.0024336569712292691 0.00062064190301024027 0.0012939278375558691 -5.769195517078959e-05 -0.01262496691848179 7.223133824781184e-06 0.0016237196547154349
leaf_weight=71 72 54 789 485 669 81 224 102 4756 2734 28249 52 11429 1047
leaf_count=71 72 54 789 485 669 81 224 102 4756 2734 28249 52 11429 1047
internal_value=8.10642e-05 -0.00111424 -0.000900493 6.2112e-05 -0.0027524 -0.00757669 -0.00108889 -0.00210322 0.000142509 4.72566e-05 -0.000177577 -0.00815789 0.000466492 0.000214641
internal_weight=50814 2476 2422 1600 822 153 1115 891 48338 43582 28372 123 15210 12476
internal_count=50814 2476 2422 1600 822 153 1115 891 48338 43582 28372 123 15210 12476
is_linear=0
shrinkage=0.05


Tree=477
num_leaves=15
num_cat=0
split_feature=45 56 33 23 23 53 4 41 45 13 18 16 32 38
split_gain=1.15636 1.3475 2.63346 2.50322 2.03943 1.85211 2.87684 2.70271 4.64276 2.78558 2.75377 2.55006 2.47602 2.43676
threshold=-9.0315699577331525 68.799999237060561 11.34999990463257 0.7150000035762788 1.1549999713897707 -0.72102889418601979 48.750000000000007 99.500000000000014 3.1408661603927617 48.540180206298835 -4.1499998569488517 42.549999237060554 4.3792855739593515 21.44999980926514
decision_type=2 2 2 2 2 2 2 2 2 2 2 2 2 2
left_child=-1 5 -3 -4 -5 6 11 13 -9 -10 -11 12 -2 -8
right_child=1 2 3 4 -6 -7 7 8 9 10 -12 -13 -14 -15
leaf_value=0.00099414331079784608 0.00041477666498152753 0.00022057953792260123 -0.0053816663288635295 0.0061238336242909145 -0.0020600539816470571 -0.00024175974584301455 -0.0015090609235574501 1.7956293976603733e-05 -0.0062294817044682505 -0.0071876061046021655 -0.019360480039905766 -0.0049783948853930017 0.0031752986478242396 0.00050002645048329963
leaf_weight=2263 4373 17874 97 128 67 20896 952 290 65 53 82 50 1309 2355
leaf_count=2263 4373 17874 97 128 67 20896 952 290 65 53 82 50 1309 2355
internal_value=7.01874e-05 1.86212e-05 0.000359265 -0.00427152 -0.000853658 -0.00018482 0.000392599 -0.000673759 -0.0041 -0.0097619 -0.0136207 0.00109892 0.0012052 -0.000155261
internal_weight=50854 48591 18166 292 195 30425 9529 3797 490 200 135 5732 5682 3307
internal_count=50854 48591 18166 292 195 30425 9529 3797 490 200 135 5732 5682 3307
is_linear=0
shrinkage=0.05


Tree=478
num_leaves=15
num_cat=0
split_feature=47 49 50 54 40 14 0 11 32 0 48 17 45 42
split_gain=1.33999 0.995709 2.20324 2.63525 2.2936 4.70477 2.87612 3.81071 5.6264 2.64043 2.37574 2.33837 1.91258 1.70031
threshold=1.55227267742157 1.0000000180025095e-35 0.37940952181816107 6.5000000000000009 979.64999389648449 14.022809505462648 21.050000190734867 67.64166641235353 4.1107981204986581 38.250000000000007 -6.2499999999999991 2.7500000000000004 -2.1203013658523555 5.5499999523162851
decision_type=2 8 2 2 2 2 2 2 2 2 2 2 2 2
left_child=-1 2 3 4 5 -2 -7 8 9 12 -6 -12 -8 -9
right_child=1 -3 -4 -5 10 6 7 13 -10 -11 11 -13 -14 -15
leaf_value=0.0018553556272984115 4.4653755370578317e-05 0.00010074131264557613 -0.0005223055410766385 0.0003444150184285209 0.0010376943524348261 0.004782170742620378 -0.0075848600827497547 -0.009804259359830661 -0.00096816488563046012 -0.010050640456008638 -0.0013100372829709668 0.0018070158900867811 -0.001656032571401785 0.0022165709159621626
leaf_weight=408 989 28074 8310 8329 1736 79 72 53 151 134 1561 522 91 121
leaf_count=408 989 28074 8310 8329 1736 79 72 53 151 134 1561 522 91 121
internal_value=2.76463e-05 4.18079e-06 -0.000246412 0.000140093 -0.000707556 -0.00223529 -0.00533755 -0.00647152 -0.00886463 -0.0127524 -2.74221e-05 -0.0011634 -0.00771676 -0.000163043
internal_weight=50630 50222 22148 13838 5509 1690 701 622 448 297 3819 2083 163 174
internal_count=50630 50222 22148 13838 5509 1690 701 622 448 297 3819 2083 163 174
is_linear=0
shrinkage=0.05


Tree=479
num_leaves=15
num_cat=0
split_feature=31 36 24 13 42 42 4 56 6 12 26 31 21 15
split_gain=0.936043 1.6245 1.74863 1.97066 2.01359 3.10332 1.74082 0.957014 2.2795 1.92999 1.70164 2.05388 2.00284 2.35881
threshold=-9.3670186996459943 29.150000572204593 76.500000000000014 51.584524154663093 14.550000190734865 7.4500000476837167 13.750000000000002 68.349998474121108 47.049999237060554 135.15833282470706 0.56946218013763439 -6.0875563621520987 83.500000000000014 73.200000762939467
decision_type=2 2 2 2 2 2 2 2 2 2 2 2 2 2
left_child=1 2 6 4 5 -4 -1 9 -9 10 11 -2 -13 -14
right_child=7 -3 3 -5 -6 -7 -8 8 -10 -11 -12 12 13 -15
leaf_value=-0.010916420544648822 0.0028390568426047182 0.0019634739209657085 -0.0052400567427908868 0.00085675018270658519 -0.0098674276406655048 0.001103018398359516 0.00043610310806662712 0.001422575073605161 3.0365991059720873e-05 -0.0094043003753501442 -0.00019337340646690803 0.0010664963213008903 8.9049401217612147e-05 -0.0021382119138790979
leaf_weight=54 1012 1439 86 157 52 111 1981 2690 15046 83 22067 1635 3299 962
leaf_count=54 1012 1439 86 157 52 111 1981 2690 15046 83 22067 1635 3299 962
internal_value=6.45176e-05 0.000809769 2.244e-05 -0.00293269 -0.00561776 -0.00297101 0.000623472 2.56407e-06 0.000291897 -0.000174074 -0.00015094 0.000533391 0.000174399 -0.000396862
internal_weight=50674 3880 2441 406 249 197 2035 46794 17736 29058 28975 6908 5896 4261
internal_count=50674 3880 2441 406 249 197 2035 46794 17736 29058 28975 6908 5896 4261
is_linear=0
shrinkage=0.05


Tree=480
num_leaves=15
num_cat=0
split_feature=14 23 57 33 16 12 29 34 34 19 10 8 14 21
split_gain=0.935603 2.12997 1.46382 1.45911 1.17228 2.14522 1.75555 1.45211 0.873005 0.818128 1.12075 1.66495 1.95683 1.4112
threshold=73.10135650634767 0.44499999284744268 228.8666687011719 0.55000001192092907 131.55000305175784 204.38958740234378 5.0499999523162851 -0.35000000894069666 6.7500000000000009 23.399999618530277 20.316666603088382 54.049999237060554 19.051250457763675 76.500000000000014
decision_type=2 2 2 2 2 2 2 2 2 2 2 2 2 2
left_child=2 -2 4 -4 8 6 7 -6 9 -1 11 12 13 -11
right_child=1 -3 3 -5 5 -7 -8 -9 -10 10 -12 -13 -14 -15
leaf_value=0.00084810194201000708 -0.001777107572750631 9.712290341180173e-05 0.0029818282648800352 -0.0020737604518544727 -0.001568357209858184 0.0025232095240728947 -0.0032080142929447799 0.00075458586189826662 -0.003643945642865503 -0.0024638765580226474 1.4932292289057926e-05 0.0034741226702059572 -0.0067802320882189709 -0.00014233048413160278
leaf_weight=1232 57 136 411 54 87 92 87 96 55 170 47702 140 73 443
leaf_count=1232 57 136 411 54 87 92 87 96 55 170 47702 140 73 443
internal_value=1.32758e-05 -0.00337438 2.68501e-05 0.00278947 6.97578e-07 -0.0027957 -0.005 -0.00199482 2.15757e-05 2.91342e-05 -3.2962e-06 -0.00181818 -0.00283046 -0.00182183
internal_weight=50835 193 50642 465 50177 362 270 183 49815 49760 48528 826 686 613
internal_count=50835 193 50642 465 50177 362 270 183 49815 49760 48528 826 686 613
is_linear=0
shrinkage=0.05


Tree=481
num_leaves=15
num_cat=0
split_feature=2 4 30 42 9 25 2 27 4 40 30 17 5 34
split_gain=1.74291 2.12746 2.06958 2.6122 4.16085 4.24604 2.43184 1.76552 1.52074 1.46022 2.26704 1.60203 1.79685 2.20404
threshold=131.55000305175784 68.099998474121108 72.500000000000014 3.8500000238418584 65.799999237060561 21.94999980926514 149.25000000000003 5.6499998569488534 108.40000152587892 992.85000610351574 152.50000000000003 -6.6499998569488517 129.69999694824222 -0.35000000894069666
decision_type=2 2 8 2 2 2 2 2 2 2 8 2 2 2
left_child=-1 -2 -3 4 -4 6 -6 -7 -5 11 -11 -10 -13 -14
right_child=1 2 3 8 5 7 -8 -9 9 10 -12 12 13 -15
leaf_value=8.307262460835204e-05 -0.0065519379566119406 5.4028420005416959e-05 -0.006002895156665391 -0.0031924546066778373 0.00020203845255493537 -0.0019129673298614565 -0.003018628197911476 0.00077388111602852199 0.0014302862688830775 -0.0066915478866502289 -0.00033577013507518784 0.0036077127593849897 0.00061786456172140808 -0.0035559421982266724
leaf_weight=45028 101 3534 96 73 62 72 154 387 653 50 285 91 69 88
leaf_count=45028 101 3534 96 73 62 72 154 387 653 50 285 91 69 88
internal_value=6.63017e-05 -0.000755458 -0.000618776 -0.00186603 -0.00415493 -0.00266423 -0.00827434 9.5949e-05 -0.000496588 -5.61796e-05 -0.00282609 0.000993414 -0.00236434 -0.00547904
internal_weight=50743 5715 5614 2080 771 675 216 459 1309 1236 335 901 248 157
internal_count=50743 5715 5614 2080 771 675 216 459 1309 1236 335 901 248 157
is_linear=0
shrinkage=0.05


Tree=482
num_leaves=15
num_cat=0
split_feature=53 0 12 21 16 9 13 16 56 18 11 37 32 5
split_gain=0.923378 0.801736 1.79439 1.76957 1.68835 2.50386 3.7146 1.9375 2.07023 3.77106 2.81988 2.49499 1.99873 1.93357
threshold=0.99981042742729198 54.049999237060554 89.927776336669936 48.500000000000007 32.649999618530281 21.650000572204593 43.706249237060554 29.750000000000004 70.65000152587892 -7.3500001430511466 54.918748855590827 43.500000000000007 4.6801428794860849 42.45000076293946
decision_type=2 2 2 2 2 2 2 2 2 2 2 2 2 2
left_child=1 2 3 -1 5 6 -3 -7 9 10 -9 -11 13 -13
right_child=-2 4 -4 -5 -6 7 -8 8 -10 11 -12 12 -14 -15
leaf_value=0.00086130937188957685 0.0020676683774214968 -0.006366066232721266 0.0025913009895347783 -2.675521861319018e-05 3.4566503344490804e-05 -0.00017564982145160818 0.0025685723539140581 -0.00030474122396780348 0.0012844952413850268 0.0018201219376001111 -0.0051505693842363908 -0.0010746411936425528 0.001041540880500769 -0.0041790386692555272
leaf_weight=4343 317 77 695 19648 20104 4244 58 57 229 187 134 216 98 241
leaf_count=4343 317 77 695 19648 20104 4244 58 57 229 187 134 216 98 241
internal_value=5.80364e-05 4.08218e-05 0.000244169 0.000171035 -0.00015494 -0.00092686 -0.00741379 -0.000751477 -0.00255119 -0.00358961 -0.00967662 -0.00191489 -0.00358407 -0.00495717
internal_weight=50648 50331 24686 23991 25645 5541 135 5406 1162 933 191 742 555 457
internal_count=50648 50331 24686 23991 25645 5541 135 5406 1162 933 191 742 555 457
is_linear=0
shrinkage=0.05


Tree=483
num_leaves=15
num_cat=0
split_feature=20 22 51 26 49 9 26 45 31 25 52 9 41 7
split_gain=1.34534 3.07513 4.37229 2.92832 3.87675 4.02048 2.02415 2.2233 2.27842 1.76606 1.83946 1.67677 1.64015 2.28799
threshold=70.250000000000014 712.50000000000011 -0.6035533845424651 0.69408512115478527 1602.5000000000002 159.94999694824222 0.95801660418510448 1.1009659767150881 -1.7093269824981687 25.349999427795414 -0.95244166254997242 43.45000076293946 7.5000000000000009 127.34999847412111
decision_type=2 2 2 2 8 2 2 2 2 2 2 2 2 2
left_child=-1 2 -2 4 5 -3 -5 8 -8 10 -10 -12 -6 -14
right_child=1 3 -4 6 12 -7 7 -9 9 -11 11 -13 13 -15
leaf_value=0.00012679575508924443 -0.00011469688752381655 -0.00023403419322134031 -0.012095738344220119 0.00063710867418654378 -0.0010323063229726551 -0.0095167296947111183 0.0010420194336504894 0.0018235918259514952 -0.0061117138396753912 -0.0019808096608656929 -0.0031712655319393532 0.0026925631057312565 -0.0057961985880223572 -0.00045314238795545462
leaf_weight=39760 126 3219 52 4015 308 54 590 450 51 1109 63 425 248 208
leaf_count=39760 126 3219 52 4015 308 54 590 450 51 1109 63 425 248 208
internal_value=0.000129025 -0.000362372 -0.00670213 -0.000251163 -0.00131332 -0.00055894 0.000389543 -0.000670867 -0.00131673 -0.00226779 8.19674e-05 0.00108434 -0.00449612 -0.00637339
internal_weight=50678 10918 178 10740 4037 3273 6703 2688 2238 1648 539 488 764 456
internal_count=50678 10918 178 10740 4037 3273 6703 2688 2238 1648 539 488 764 456
is_linear=0
shrinkage=0.05


Tree=484
num_leaves=15
num_cat=0
split_feature=14 23 24 5 16 14 26 13 26 18 21 28 52 9
split_gain=1.20914 2.86959 2.59442 2.69252 2.55144 2.96505 2.66874 2.79348 2.60611 3.13259 3.49225 3.63635 5.4439 3.71556
threshold=9.9949584007263201 0.66500002145767223 23.500000000000004 80.000000000000014 25.750000000000004 8.8137202262878436 0.69250738620758068 33.960414886474616 0.55831882357597362 -13.249999999999998 69.500000000000014 57.500000000000007 -0.69057363271713246 39.549999237060554
decision_type=2 2 2 2 2 2 2 2 2 2 2 2 2 2
left_child=1 4 3 -3 5 -1 7 -6 -9 -10 -11 -12 -13 -14
right_child=-2 2 -4 -5 6 -7 -8 8 9 10 11 12 13 -15
leaf_value=0.00018582395119843417 0.00012057769700863361 -0.0001822538900288188 0.0013518924698768316 -0.0033355783260816002 -0.0083778628076763024 -0.0012649040420350565 0.00075394021754910962 -0.00017247654946613098 0.00049370249823024498 -0.00098253945822129071 -0.002332004338529045 -0.002701402361593711 -0.0019628698149216548 -0.0084748049204143236
leaf_weight=4598 36882 1939 2604 63 70 1039 643 892 371 662 331 175 51 76
leaf_count=4598 36882 1939 2604 63 70 1039 643 892 371 662 331 175 51 76
internal_value=0.000102766 -0.000301686 0.000710572 -0.000641153 -0.000825297 -0.000179741 -0.00193386 -0.00263836 -0.00234034 -0.00350239 -0.00465517 -0.00728616 -0.0111859 -0.0187226
internal_weight=50396 13514 4606 2002 8908 5637 3271 2628 2558 1666 1295 633 302 127
internal_count=50396 13514 4606 2002 8908 5637 3271 2628 2558 1666 1295 633 302 127
is_linear=0
shrinkage=0.05


Tree=485
num_leaves=15
num_cat=0
split_feature=45 48 56 8 42 40 16 56 22 16 34 38 29 25
split_gain=1.24492 1.8816 1.24214 1.40376 1.96878 1.70276 1.77581 1.82824 3.01756 1.56161 1.2137 1.18899 1.10907 1.76117
threshold=5.3623089790344247 7.2500000000000009 55.95000076293946 82.799999237060561 13.250000000000002 978.64999389648449 26.849999427795414 25.550000190734867 416.50000000000006 29.050000190734867 -2.8500000238418575 11.150000095367433 8.6500000953674334 12.150000095367433
decision_type=2 2 2 2 2 2 2 2 2 2 2 2 2 2
left_child=-1 2 3 5 -5 6 7 8 -2 -8 -4 -9 -11 -14
right_child=1 -3 10 4 -6 -7 9 11 -10 12 -12 -13 13 -15
leaf_value=3.3120542729753666e-06 -0.0062570490112422925 0.001518489050363965 -0.0026687071345804559 -0.00052092379410259224 -0.0097655221757227111 0.0015042872244417521 -0.004906510101387514 -0.0015892654413656639 0.0026112374748962909 -0.00019720693205144189 0.0014984612166404118 0.0027133039916112504 3.5131121089370742e-05 -0.0055404967986074976
leaf_weight=45704 80 940 89 205 58 736 102 50 94 352 1762 382 82 57
leaf_count=45704 80 940 89 205 58 736 102 50 94 352 1762 382 82 57
internal_value=9.00343e-05 0.000839168 0.000368317 -0.000434782 -0.00379121 3.85606e-05 -0.00112076 0.000779221 -0.00342391 -0.00304312 0.00131918 0.00251131 -0.00178643 -0.00540268
internal_weight=50693 4989 4049 2198 263 1935 1199 606 174 593 1851 432 491 139
internal_count=50693 4989 4049 2198 263 1935 1199 606 174 593 1851 432 491 139
is_linear=0
shrinkage=0.05


Tree=486
num_leaves=15
num_cat=0
split_feature=23 44 38 45 14 10 2 4 56 6 56 16 5 42
split_gain=1.13306 0.981437 2.26366 2.71882 1.9237 1.60966 2.43283 1.55104 3.47988 2.1279 1.76723 1.58813 2.05294 1.75285
threshold=0.085000000894069686 -7.0062232017517081 21.849999427795414 0.54110196232795726 3.9445407390594487 36.191667556762702 38.549999237060554 49.049999237060554 40.350000381469734 51.649999618530281 94.40000152587892 48.850000381469734 45.350000381469734 9.1500000953674334
decision_type=2 2 2 2 2 2 2 2 2 2 2 2 2 2
left_child=-1 2 -2 -4 -5 -6 -7 -8 9 -9 11 12 -10 -14
right_child=1 -3 3 4 5 6 7 8 10 -11 -12 -13 13 -15
leaf_value=-0.0018221711336851504 0.0010840235610258947 -5.2816472391907428e-05 0.00090855003029521202 -0.0058071796176229727 0.00047332672536404231 -0.0040075177128517936 0.0005005443815770098 -0.00082982474372169507 0.0013665017032064783 -0.009783222133849051 -0.0024856855310195396 0.0027091486774786584 0.001636434245480667 -0.0058154269569699281
leaf_weight=112 3950 42916 1263 58 617 109 540 98 100 77 91 321 96 216
leaf_count=112 3950 42916 1263 58 617 109 540 98 100 77 91 321 96 216
internal_value=-2.3332e-05 -1.16918e-05 0.00051418 -0.000394883 -0.00140806 -0.00115385 -0.00196622 -0.0014235 -0.00258176 -0.00878378 -0.00117506 -0.000316285 -0.00234597 -0.00431677
internal_weight=50564 50452 7536 3586 2323 2265 1648 1539 999 175 824 733 412 312
internal_count=50564 50452 7536 3586 2323 2265 1648 1539 999 175 824 733 412 312
is_linear=0
shrinkage=0.05


Tree=487
num_leaves=15
num_cat=0
split_feature=7 7 49 25 14 49 24 57 11 49 3 55 55 25
split_gain=1.07842 3.08581 1.72672 1.49463 1.31048 1.16752 1.59116 0.966262 2.13312 2.34259 1.67962 2.40385 1.59393 2.07309
threshold=16.849999427795414 17.650000572204593 -457.49999999999994 9.3499999046325701 10.727550506591799 -1972.4999999999998 29.500000000000004 178.51667022705081 157.48957824707034 22.500000000000004 173.94999694824222 5.5000000000000009 3.5000000000000004 32.750000000000007
decision_type=2 2 8 2 2 8 2 2 2 10 2 2 2 2
left_child=4 2 -2 -4 5 6 -1 8 -3 12 -9 -12 13 -10
right_child=1 7 3 -5 -6 -7 -8 10 9 -11 11 -13 -14 -15
leaf_value=0.0011372905824125967 0.00062370694856418501 3.5844417551604062e-05 -0.00188164510941466 -0.0062123590937727896 0.0037200824367879474 0.00012273914277413663 -0.0049758583493188895 0.0013540464279417901 -0.0023892329084824549 9.3293874070545207e-05 8.5409746313843985e-05 -0.0059141846022052642 -0.00035163103657959616 -0.00069013242676866618
leaf_weight=52 81 45939 50 86 707 427 63 1267 223 698 656 79 350 223
leaf_count=52 81 45939 50 86 707 427 63 1267 223 698 656 79 350 223
internal_value=6.00069e-05 2.33581e-05 -0.00579295 -0.0090411 0.00150516 -0.000344203 -0.0046 5.00558e-05 4.53194e-06 -0.0018484 0.00112326 -0.000771812 -0.00368486 -0.00563596
internal_weight=50901 49652 217 136 1249 542 115 49435 47433 1494 2002 735 796 446
internal_count=50901 49652 217 136 1249 542 115 49435 47433 1494 2002 735 796 446
is_linear=0
shrinkage=0.05


Tree=488
num_leaves=15
num_cat=0
split_feature=57 33 0 23 33 37 8 7 33 14 7 16 16 11
split_gain=1.27989 1.61082 1.28034 1.29153 3.08033 1.79976 1.9374 2.22712 1.75918 1.53212 2.14237 2.44728 2.30342 2.76363
threshold=228.8666687011719 0.55000001192092907 21.050000190734867 0.9650000035762788 26.94999980926514 64.500000000000014 30.550000190734867 45.699998855590827 31.750000000000004 29.163706779479984 76.250000000000014 63.699998855590827 82.549999237060561 88.58750152587892
decision_type=2 2 2 2 2 2 2 2 2 2 2 2 2 2
left_child=2 -2 -1 -4 5 6 7 -5 -6 10 11 -7 13 -13
right_child=1 -3 3 4 8 9 -8 -9 -10 -11 -12 12 -14 -15
leaf_value=0.00076216126731728151 0.0026881538468132935 -0.0023795030228864755 -5.6954319057454539e-05 0.0014699922287777587 -0.017940629150013657 0.00021361073089498341 0.002574392740830904 -0.0026422679961339451 -0.00011207592092245776 -0.00048602491656124958 0.0023403970709639861 -0.002698119016939584 0.0037808748918803261 -0.0040412319884173551
leaf_weight=2581 473 55 41101 146 50 2381 1474 87 63 750 1181 82 52 71
leaf_count=2581 473 55 41101 146 50 2381 1474 87 63 750 1181 82 52 71
internal_value=6.49764e-05 0.00249071 3.88776e-05 -2.02325e-05 0.000643611 0.000797241 0.00217531 -0.00199588 -0.00719512 0.000272808 0.000684406 -0.000123266 -0.00523256 -0.00819018
internal_weight=50547 528 50019 47438 6337 6224 1707 233 113 4517 3767 2586 205 153
internal_count=50547 528 50019 47438 6337 6224 1707 233 113 4517 3767 2586 205 153
is_linear=0
shrinkage=0.05


Tree=489
num_leaves=15
num_cat=0
split_feature=45 57 4 27 18 35 48 28 24 34 34 21 8 18
split_gain=0.892974 0.884101 0.931016 1.88012 1.88447 1.77517 2.40292 1.93246 4.26913 1.7331 3.92207 2.37629 1.62108 2.98773
threshold=-14.369521141052244 228.8666687011719 102.54999923706056 11.949999809265138 57.149999618530281 10.500000000000002 5.9500000476837167 39.500000000000007 149.50000000000003 -0.45000000298023218 0.75000000000000011 6.5000000000000009 212.55000305175784 -37.950000762939446
decision_type=2 2 2 2 2 2 2 2 2 2 2 2 2 2
left_child=-1 2 3 -2 12 -4 7 -7 -9 -6 11 -11 -5 -14
right_child=1 -3 5 4 9 6 -8 8 -10 10 -12 -13 13 -15
leaf_value=0.0030652501169766149 0.0011762482525177042 0.0014135029992652583 3.9935127764309118e-05 6.0524545287213568e-05 0.0002915344431782514 0.0020997114173649258 0.00016878275755341965 -0.0014789072575447408 -0.019322038155157758 -0.00022876335702380621 0.00038136091715657147 -0.0084097242747127997 -0.0049900667634676116 0.0025126047676783561
leaf_weight=409 2149 509 5929 38062 205 216 1090 1640 52 60 170 118 53 59
leaf_count=409 2149 509 5929 38062 205 216 1090 1640 52 60 170 118 53 59
internal_value=7.59892e-05 5.68342e-05 3.54327e-05 0.000136477 5.64062e-05 -0.000426877 -0.00141622 -0.00248175 -0.00304935 -0.00281528 -0.0049162 -0.00989362 9.87326e-05 -0.00565574
internal_weight=50721 50312 49803 40876 38727 8927 2998 1908 1692 553 348 178 38174 112
internal_count=50721 50312 49803 40876 38727 8927 2998 1908 1692 553 348 178 38174 112
is_linear=0
shrinkage=0.05


Tree=490
num_leaves=15
num_cat=0
split_feature=0 0 9 51 15 11 21 13 36 23 21 55 3 14
split_gain=1.01928 2.17882 2.84787 4.12032 1.88113 2.10225 1.47616 1.83349 1.39657 2.59111 1.87378 1.70831 1.93751 1.64464
threshold=68.099998474121108 69.049999237060561 51.649999618530281 0.37940952181816107 158.09999847412112 108.89374923706056 1.5000000000000002 48.540180206298835 32.649999618530281 0.2650000005960465 105.50000000000001 4.5000000000000009 34.95000076293946 6.375765562057496
decision_type=2 2 2 2 2 2 2 2 2 2 2 2 2 2
left_child=4 2 3 -2 5 6 7 -1 -8 11 -11 -10 -13 -12
right_child=1 -3 -4 -5 -6 -7 8 -9 9 10 13 12 -14 -15
leaf_value=0.00015184912505121728 -0.00055704938365895823 -4.6341399298588757e-05 4.7482002323153772e-06 -0.0045132585777044806 0.0018180235341747888 -0.0023215467667902288 5.7938482029186999e-05 -0.0029321573814199251 -0.0002179499747551327 0.0016486495316560728 -0.0022354640101357247 0.00041994900882782012 -0.0050800692415320864 0.00039495929424440674
leaf_weight=88 99 18601 227 73 671 61 25199 51 631 3547 207 68 75 1049
leaf_count=88 99 18601 227 73 671 61 25199 51 631 3547 207 68 75 1049
internal_value=9.74201e-05 -0.000192004 -0.00380196 -0.00846154 0.000271188 0.000213968 0.00023363 -0.00473154 0.000257585 0.000972794 0.00140557 -0.00169643 -0.00643791 -0.000252764
internal_weight=50647 19000 399 172 31647 30976 30915 139 30776 5577 4803 774 143 1256
internal_count=50647 19000 399 172 31647 30976 30915 139 30776 5577 4803 774 143 1256
is_linear=0
shrinkage=0.05


Tree=491
num_leaves=15
num_cat=0
split_feature=47 5 18 18 38 3 42 12 9 31 53 12 9 21
split_gain=1.03432 2.03151 2.67026 2.83657 3.43526 3.55929 1.83594 1.50111 1.94854 1.48819 1.74571 1.92759 1.59789 1.69624
threshold=12.547222137451174 29.150000572204593 -21.449999809265133 -9.2499999999999982 8.9499998092651385 62.050001144409187 7.1499998569488534 50.347221374511726 56.95000076293946 -9.3670186996459943 -0.98212954401969899 92.295833587646499 56.750000000000007 66.500000000000014
decision_type=2 2 2 2 2 2 2 2 2 2 2 2 2 2
left_child=9 -2 -3 4 -4 7 -5 -6 -9 -1 11 12 13 -11
right_child=1 2 3 6 5 -7 -8 8 -10 10 -12 -13 -14 -15
leaf_value=0.00088001815875727381 0.0012160537699061169 0.0008824554787075869 -0.10173706919404091 -0.0073404416943638976 0.0017008520609873721 -0.0080716836932864851 -0.00040077053957053474 -0.0044043352725859552 0.0024164987981202595 0.0042707660754239523 2.1176628600625835e-05 -0.0052843765465980241 0.0042630174098194102 -4.11984380430796e-05
leaf_weight=2896 584 503 60 61 132 73 982 82 52 384 43069 51 668 1070
leaf_count=2896 584 503 60 61 132 73 982 82 52 384 43069 51 668 1070
internal_value=0.000134874 -0.000848759 -0.00162404 -0.0027135 -0.00624694 -0.00402579 -0.00131529 -0.00115942 -0.00472222 0.000186716 0.000116238 0.00149565 0.00174015 0.00079918
internal_weight=50667 2529 1945 1442 399 339 1043 266 134 48138 45242 2173 2122 1454
internal_count=50667 2529 1945 1442 399 339 1043 266 134 48138 45242 2173 2122 1454
is_linear=0
shrinkage=0.05


Tree=492
num_leaves=15
num_cat=0
split_feature=45 14 14 23 44 29 36 19 38 42 14 13 26 57
split_gain=1.17408 1.67277 2.21987 1.57609 2.08103 1.61161 1.75305 1.31933 1.88857 1.36907 1.08823 5.24092 2.99807 1.09001
threshold=-8.9384560585021955 30.427795410156254 35.522142410278327 0.43500000238418585 -1.110812723636627 12.150000095367433 24.550000190734867 92.799999237060561 8.8499999046325701 9.4499998092651385 3.4420465230941777 47.911010742187507 0.6661440134048463 25.550000190734867
decision_type=2 2 2 2 2 2 2 2 2 2 2 2 2 2
left_child=1 3 -3 4 5 6 -1 9 -9 -6 11 -2 -13 -12
right_child=10 2 -4 -5 7 -7 -8 8 -10 -11 13 12 -14 -15
leaf_value=-0.0031617429437211472 0.00016264093549725681 -0.011358888418349505 0.0016567216354851 0.0028081121628352138 -0.0059117867187216877 -0.003276924031870459 0.0029264268873279934 -0.0056411946333960478 0.0036788120082544315 0.0024680459459646043 -0.00058837082893978254 -0.0078984647021602856 -0.0015477839165941305 5.7243294410041485e-05
leaf_weight=85 420 67 98 1196 56 54 122 63 51 695 2542 59 54 45063
leaf_count=85 420 67 98 1196 56 54 122 63 51 695 2542 59 54 45063
internal_value=9.82524e-05 0.00115539 -0.00357143 0.00150515 0.000158451 -0.00367159 -0.00145161 0.00134286 -0.00346774 0.00210907 4.3408e-05 -0.00218232 -0.0112602 6.8781e-05
internal_weight=50625 2487 165 2322 1126 261 207 865 114 751 48138 533 113 47605
internal_count=50625 2487 165 2322 1126 261 207 865 114 751 48138 533 113 47605
is_linear=0
shrinkage=0.05


Tree=493
num_leaves=15
num_cat=0
split_feature=47 26 17 43 37 34 8 17 14 52 52 9 47 46
split_gain=1.14691 1.40742 1.91826 1.6764 2.26786 3.02703 3.03516 2.49079 1.84064 1.82228 1.79819 3.82581 1.89416 3.60853
threshold=2.5866072177886967 0.75405275821685802 -59.249999999999993 2282.5000000000005 68.500000000000014 2.6499999761581425 65.299999237060561 56.350000381469734 4.2646059989929208 0.95752912759780895 -0.99630266427993763 36.850000381469734 6.9041666984558114 1.0000000180025095e-35
decision_type=2 2 2 10 2 2 2 2 2 2 2 2 2 2
left_child=-1 2 -2 4 5 7 9 8 -3 -7 11 -6 -12 -14
right_child=1 3 -4 -5 10 6 -8 -9 -10 -11 12 -13 13 -15
leaf_value=0.00075641689451426853 0.0012851286593953484 -0.0040237154296919528 5.5620998030617825e-05 0.0022299398064898209 -0.0041724462118165164 -0.0057175127201815334 -0.00046440293297115979 -0.0042673354109344181 -0.00038369311801921831 -0.0017079158637851391 0.00037549311166746262 0.0039195115485414506 -0.0051281228202066792 2.2071947315393235e-06
leaf_weight=2431 1091 90 34857 310 58 87 173 151 4706 82 5077 82 316 1020
leaf_count=2431 1091 90 34857 310 58 87 173 151 4706 82 5077 82 316 1020
internal_value=7.13284e-05 1.7668e-05 0.000174926 -0.000447295 -0.000543368 -0.00131251 -0.00579545 -0.000991527 -0.000784436 -0.0103631 7.84704e-05 -0.00533333 0.000204733 -0.0014636
internal_weight=50531 48100 35948 12152 11842 5289 342 4947 4796 169 6553 140 6413 1336
internal_count=50531 48100 35948 12152 11842 5289 342 4947 4796 169 6553 140 6413 1336
is_linear=0
shrinkage=0.05


Tree=494
num_leaves=15
num_cat=0
split_feature=0 4 20 16 34 13 15 33 28 29 8 23 1 0
split_gain=1.02011 2.0559 3.21659 2.1553 6.71281 1.80972 1.65444 2.38655 2.4943 4.691 2.44298 2.21528 1.97845 1.78681
threshold=67.200000762939467 44.049999237060554 54.250000000000007 38.250000000000007 1.6500000357627871 56.100000381469734 95.349998474121108 3.7500000000000004 22.500000000000004 7.3500001430511483 173.94999694824222 1.8650000095367434 46.500000000000007 47.049999237060554
decision_type=2 2 2 2 2 2 2 2 2 2 2 2 2 2
left_child=6 2 -2 -4 5 -5 11 8 9 -8 13 -1 -9 -10
right_child=1 -3 3 4 -6 -7 7 12 10 -11 -12 -13 -14 -15
leaf_value=5.2025849018758649e-05 -0.0056634646461708321 -2.55368647176009e-05 -8.5922220012270062e-05 -0.0078852724429582435 -0.012275282641605746 0.0027778241411213402 -0.0095237289583215007 -0.0030141737509768621 0.0032829695199837468 0.0040175188153181917 -0.0017926071915700941 -0.008727191862429793 0.00014974036424834729 0.00073625135033016987
leaf_weight=25581 195 17363 1473 59 57 145 54 200 1937 93 87 53 319 3004
leaf_count=25581 195 17363 1473 59 57 145 54 200 1937 93 87 53 319 3004
internal_value=7.40669e-05 -0.000211895 -0.00175606 -0.00104931 -0.0051476 -0.000607476 0.000250176 0.00102034 0.00134523 -0.00487261 0.00153632 7.8771e-05 -0.00218336 0.00168754
internal_weight=50620 19292 1929 1734 261 204 31328 5694 5175 147 5028 25634 519 4941
internal_count=50620 19292 1929 1734 261 204 31328 5694 5175 147 5028 25634 519 4941
is_linear=0
shrinkage=0.05


Tree=495
num_leaves=15
num_cat=0
split_feature=23 7 49 23 37 24 22 14 12 14 57 31 25 31
split_gain=1.037 3.63912 1.7548 1.18586 1.0677 1.81907 2.27301 1.04215 2.29725 2.06379 2.74772 1.67623 1.63962 1.57183
threshold=1.8650000095367434 76.950000762939467 1.0000000180025095e-35 1.3049999475479128 63.500000000000007 122.50000000000001 507.50000000000006 9.9268717765808123 34.944444656372077 9.3708128929138201 27.116666793823246 6.8180522918701181 8.8499999046325701 6.6714498996734628
decision_type=2 2 8 2 2 2 2 2 2 2 2 2 2 2
left_child=3 -2 -3 7 -5 -6 -7 9 -9 -1 12 13 -11 -10
right_child=1 2 -4 4 5 6 -8 8 11 10 -12 -13 -14 -15
leaf_value=-6.7882531410095627e-05 -0.0060142316649541673 -0.002414696175411118 0.0054701782032482342 0.0052082831225340569 0.00068187383595290146 -0.0071441995319479678 0.00020745445660374422 0.0010950263114674801 -2.6202353535737737e-05 -0.00025359254847277655 -0.0011371149959177583 0.00076307176798972318 -0.0093257655729615425 -0.0013419051752452907
leaf_weight=11502 83 87 149 471 1198 57 107 2345 30222 55 1207 2783 71 150
leaf_count=11502 83 87 149 471 1198 57 107 2345 30222 55 1207 2783 71 150
internal_value=4.72307e-05 -0.00275076 0.000528455 6.55668e-05 0.00131036 0.000590379 -0.0041954 1.80993e-05 0.000157702 -0.000367847 -0.00222264 5.05052e-05 -0.00897059 -5.72706e-05
internal_weight=50487 319 236 50168 1833 1362 164 48335 35500 12835 1333 33155 126 30372
internal_count=50487 319 236 50168 1833 1362 164 48335 35500 12835 1333 33155 126 30372
is_linear=0
shrinkage=0.05


Tree=496
num_leaves=15
num_cat=0
split_feature=52 15 13 53 5 14 32 6 21 33 49 38 32 5
split_gain=1.18855 2.66866 6.17284 4.99329 10.1361 3.7504 2.70482 5.2628 2.4474 2.22704 3.79878 2.68299 2.1694 3.00108
threshold=-0.94705909490585316 99.099998474121108 63.487501144409187 -0.15950992703437802 60.199998855590827 16.021018028259281 5.7708623409271249 48.149999618530281 1.5000000000000002 0.65000000596046459 -1087.4999999999998 24.050000190734867 -3.0950304269790645 56.549999237060554
decision_type=2 2 2 2 2 2 2 2 2 2 10 2 2 2
left_child=1 2 5 4 -4 6 9 -8 -7 -1 -11 -12 13 -10
right_child=-2 -3 3 -5 -6 8 7 -9 12 10 11 -13 -14 -15
leaf_value=0.002306378737844251 0.00010898980534518088 0.00058128492230450637 -0.025678462301708522 -0.0020753825419680782 0.00093550699848647494 -0.0027935426974975246 -0.0051723469117237906 0.004511467333825462 3.8411522896680723e-05 -0.0034313905813819108 0.0010006238473147936 -0.0017895345620505356 -0.00058539295037194434 -0.0084612021764397076
leaf_weight=1381 45058 1900 54 537 56 81 72 86 60 51 495 157 688 59
leaf_count=1381 45058 1900 54 537 56 81 72 86 60 51 495 157 688 59
internal_value=0.000124643 -0.000556532 -0.00132427 -0.00573059 -0.015 -0.000398089 0.000692718 -0.00541667 -0.00312918 0.00117956 -0.00110098 1.51059e-05 -0.00222154 -0.00817829
internal_weight=50735 5677 3777 647 110 3130 2242 158 888 2084 703 652 807 119
internal_count=50735 5677 3777 647 110 3130 2242 158 888 2084 703 652 807 119
is_linear=0
shrinkage=0.05


Tree=497
num_leaves=15
num_cat=0
split_feature=31 27 27 17 56 27 35 23 5 28 38 6 27 6
split_gain=1.09384 1.25701 2.06273 2.84046 2.32699 2.28853 1.72057 1.29555 2.19441 1.63879 1.2055 2.36309 1.53264 0.956143
threshold=-9.3670186996459943 25.650000572204593 26.94999980926514 -4.5499999523162833 44.300001144409187 26.750000000000004 8.5000000000000018 0.64499998092651378 36.850000381469734 68.500000000000014 17.550000190734867 31.750000000000004 31.750000000000004 49.45000076293946
decision_type=2 2 2 2 2 2 2 2 2 2 2 2 2 2
left_child=1 -1 3 5 -5 -3 7 8 -4 -10 11 12 -8 -2
right_child=13 2 6 4 -6 -7 10 -9 9 -11 -12 -13 -14 -15
leaf_value=0.0015118395229311587 0.00015396847457324693 0.002586350927681922 0.00095062951661801793 -0.0028088465807626678 -0.0072137971658159722 -0.0090360562529903255 -0.0069258070061084896 0.00026329467300963431 -0.0004232553041692771 -0.0023824462637764788 0.0012196983528698466 0.0026778785031600456 9.7332864865153258e-05 -9.698866713814189e-05
leaf_weight=1441 19645 187 98 90 63 51 57 450 65 59 1072 154 57 27006
leaf_count=1441 19645 187 98 90 63 51 57 450 65 59 1072 154 57 27006
internal_value=6.48452e-05 0.000874416 0.000171985 -0.00310474 -0.00819018 0.000362903 0.00082097 -0.00123167 -0.00426724 -0.00843284 0.00185185 -0.00111511 -0.00629032 -2.03578e-06
internal_weight=50495 3844 2403 391 153 238 2012 672 222 124 1340 268 114 46651
internal_count=50495 3844 2403 391 153 238 2012 672 222 124 1340 268 114 46651
is_linear=0
shrinkage=0.05


Tree=498
num_leaves=15
num_cat=0
split_feature=47 24 26 31 17 52 14 29 25 55 31 13 6 31
split_gain=1.04781 2.62693 2.40351 2.11842 1.9937 1.73805 1.69366 2.53918 2.68124 3.70697 3.36663 2.75723 2.4548 2.32521
threshold=4.4866073131561288 304.50000000000006 0.75405275821685802 7.8929076194763192 -3.9500000476837154 0.99168354272842418 9.7713189125061053 13.949999809265138 8.6500000953674334 1.0000000180025095e-35 -6.3038098812103263 27.615179061889652 36.500000000000007 0.705266833305359
decision_type=2 2 2 2 2 2 2 2 2 2 2 2 2 2
left_child=1 -1 6 5 -5 -4 7 8 9 10 12 -10 -2 -8
right_child=2 -3 3 4 -6 -7 13 -9 11 -11 -12 -13 -14 -15
leaf_value=0.0002475702137319666 -0.0095306314070561018 -0.0033532976045041437 -0.00053385261366252219 -0.0011274894349395908 -0.00386080329943541 0.001710123585343077 -5.0752431171043386e-05 0.001439743877774785 -0.0045652991346926044 0.00080088472815985432 -0.0003232838652013079 -0.00067671398522561096 -0.003917022997301553 0.00061046576074068781
leaf_weight=11522 61 50 6749 103 81 323 12241 1115 80 2514 303 6153 53 8999
leaf_count=11522 61 50 6749 103 81 323 12241 1115 80 2514 303 6153 53 8999
internal_value=1.95605e-05 0.000436885 -0.000105066 -0.000924855 -0.00608247 -0.000782265 8.38912e-05 -0.000442706 -0.000717244 0.000528732 -0.0037822 -0.00130306 -0.0107258 0.000338824
internal_weight=50347 11572 38775 7256 184 7072 31519 10279 9164 2931 417 6233 114 21240
internal_count=50347 11572 38775 7256 184 7072 31519 10279 9164 2931 417 6233 114 21240
is_linear=0
shrinkage=0.05


Tree=499
num_leaves=15
num_cat=0
split_feature=53 29 37 57 15 5 31 53 40 38 33 16 47 33
split_gain=0.955937 2.15769 2.28271 1.66929 1.99558 2.44462 1.49985 1.44902 3.21956 2.38051 3.77641 4.06515 6.24124 2.04051
threshold=-0.98212954401969899 10.949999809265138 65.500000000000014 54.216667175292976 56.750000000000007 46.350000381469734 -10.414705276489256 -0.10837475582957266 977.85000610351574 15.750000000000002 5.2500000000000009 25.750000000000004 7.3651516437530526 1.4499999880790713
decision_type=2 2 2 2 2 2 2 2 2 2 2 2 2 2
left_child=1 -1 -3 4 -4 -6 -2 -8 -9 13 -11 -12 -13 -10
right_child=6 2 3 -5 5 -7 7 8 9 10 11 12 -14 -15
leaf_value=0.0011282660257166026 0.00069597398339492139 0.0023519552771931762 -0.00028291403149404765 8.7779262091915893e-05 -0.0095329487915958248 -0.00076895524892824682 -0.00020005174835859547 -0.0029869480017601525 -6.6186023656015277e-05 0.0010625278262926163 0.0013959995582702588 -0.0045976595493903783 0.00017523506579431123 0.0011475280086031634
leaf_weight=2370 2416 231 87 143 70 67 19633 109 18801 4681 178 87 85 1568
leaf_count=2370 2416 231 87 143 70 67 19633 109 18801 4681 178 87 85 1568
internal_value=5.10529e-05 0.000920081 -0.00174342 -0.00415119 -0.00675214 -0.0103061 -3.36342e-06 -6.84353e-05 0.000180062 0.000218418 0.00119123 -0.00375 -0.00901099 -2.23267e-05
internal_weight=50526 2968 598 367 224 137 47558 45142 25509 25400 5031 350 172 20369
internal_count=50526 2968 598 367 224 137 47558 45142 25509 25400 5031 350 172 20369
is_linear=0
shrinkage=0.05


end of trees

feature_importances:
pm25_now=273
wind_mean_h=265
aerosol_optical_depth_now=264
snaive_1d=243
pm_coarse_ratio=209
doy_sin=206
dew_point_2m_tgt=198
boundary_layer_height_tgt=187
pm25_mean168=177
pm25_trend6=172
pm10_now=171
doy_cos=168
dust_now=161
blh_diff_tgt=150
relative_humidity_2m_tgt=144
pm25_std24=136
pm25_min24=136
snaive_3d_mean=136
wind_u_now=127
temperature_2m_tgt=126
hour_sin=126
sulphur_dioxide_now=125
ozone_now=122
temp_change24=122
wind_v_tgt=121
pm25_trend24=119
temp_diff_tgt=118
precip_sum24=117
wind_u_tgt=115
pm25_lag168=111
pm25_mean72=111
pm25_lag24=105
pm25_max24=102
surface_pressure_tgt=102
pm25_lag1=97
pm25_mean24=96
nitrogen_dioxide_now=95
pm25_lag72=94
hour_cos=92
relative_humidity_2m_now=91
wind_v_now=90
wind_speed_10m_now=85
precip_cum_h=84
pm25_lag12=83
pm25_lag6=80
carbon_monoxide_now=80
pm25_lag48=79
boundary_layer_height_now=78
temperature_2m_now=76
wind_speed_10m_tgt=71
pm25_mean6=70
pm25_lag2=69
cloud_cover_tgt=65
dayofweek=57
pm25_lag3=44
month=28
horizon=27
precipitation_tgt=4

parameters:
[boosting: gbdt]
[objective: quantile]
[metric: quantile]
[tree_learner: serial]
[device_type: cpu]
[data_sample_strategy: bagging]
[data: ]
[valid: ]
[num_iterations: 500]
[learning_rate: 0.05]
[num_leaves: 15]
[num_threads: 8]
[seed: 42]
[deterministic: 0]
[force_col_wise: 0]
[force_row_wise: 0]
[histogram_pool_size: -1]
[max_depth: -1]
[min_data_in_leaf: 50]
[min_sum_hessian_in_leaf: 0.001]
[bagging_fraction: 0.7]
[pos_bagging_fraction: 1]
[neg_bagging_fraction: 1]
[bagging_freq: 1]
[bagging_seed: 400]
[bagging_by_query: 0]
[feature_fraction: 0.7]
[feature_fraction_bynode: 1]
[feature_fraction_seed: 30056]
[extra_trees: 0]
[extra_seed: 12879]
[early_stopping_round: 0]
[early_stopping_min_delta: 0]
[first_metric_only: 0]
[max_delta_step: 0]
[lambda_l1: 0]
[lambda_l2: 10]
[linear_lambda: 0]
[min_gain_to_split: 0]
[drop_rate: 0.1]
[max_drop: 50]
[skip_drop: 0.5]
[xgboost_dart_mode: 0]
[uniform_drop: 0]
[drop_seed: 17869]
[top_rate: 0.2]
[other_rate: 0.1]
[min_data_per_group: 100]
[max_cat_threshold: 32]
[cat_l2: 10]
[cat_smooth: 10]
[max_cat_to_onehot: 4]
[top_k: 20]
[monotone_constraints: ]
[monotone_constraints_method: basic]
[monotone_penalty: 0]
[feature_contri: ]
[forcedsplits_filename: ]
[refit_decay_rate: 0.9]
[cegb_tradeoff: 1]
[cegb_penalty_split: 0]
[cegb_penalty_feature_lazy: ]
[cegb_penalty_feature_coupled: ]
[path_smooth: 0]
[interaction_constraints: ]
[verbosity: -1]
[saved_feature_importance_type: 0]
[use_quantized_grad: 0]
[num_grad_quant_bins: 4]
[quant_train_renew_leaf: 0]
[stochastic_rounding: 1]
[linear_tree: 0]
[max_bin: 255]
[max_bin_by_feature: ]
[min_data_in_bin: 3]
[bin_construct_sample_cnt: 200000]
[data_random_seed: 175]
[is_enable_sparse: 1]
[enable_bundle: 1]
[use_missing: 1]
[zero_as_missing: 0]
[feature_pre_filter: 1]
[pre_partition: 0]
[two_round: 0]
[header: 0]
[label_column: ]
[weight_column: ]
[group_column: ]
[ignore_column: ]
[categorical_feature: ]
[forcedbins_filename: ]
[precise_float_parser: 0]
[parser_config_file: ]
[objective_seed: 16083]
[num_class: 1]
[is_unbalance: 0]
[scale_pos_weight: 1]
[sigmoid: 1]
[boost_from_average: 1]
[reg_sqrt: 0]
[alpha: 0.1]
[fair_c: 1]
[poisson_max_delta_step: 0.7]
[tweedie_variance_power: 1.5]
[lambdarank_truncation_level: 30]
[lambdarank_norm: 1]
[label_gain: ]
[lambdarank_position_bias_regularization: 0]
[eval_at: ]
[multi_error_top_k: 1]
[auc_mu_weights: ]
[num_machines: 1]
[local_listen_port: 12400]
[time_out: 120]
[machine_list_filename: ]
[machines: ]
[gpu_platform_id: -1]
[gpu_device_id: -1]
[gpu_device_id_list: ]
[gpu_use_dp: 0]
[num_gpu: 1]

end of parameters

pandas_categorical:[]
