tree
version=v4
num_class=1
num_tree_per_iteration=1
label_index=0
max_feature_idx=57
objective=quantile
feature_names=pm25_now pm25_lag1 pm25_lag2 pm25_lag3 pm25_lag6 pm25_lag12 pm25_lag24 pm25_lag48 pm25_lag72 pm25_lag168 pm25_mean6 pm25_mean24 pm25_mean72 pm25_mean168 pm25_std24 pm25_max24 pm25_min24 pm25_trend6 pm25_trend24 pm10_now nitrogen_dioxide_now ozone_now carbon_monoxide_now aerosol_optical_depth_now dust_now sulphur_dioxide_now pm_coarse_ratio temperature_2m_now relative_humidity_2m_now wind_speed_10m_now boundary_layer_height_now wind_u_now wind_v_now precip_sum24 temp_change24 horizon temperature_2m_tgt relative_humidity_2m_tgt dew_point_2m_tgt precipitation_tgt surface_pressure_tgt cloud_cover_tgt wind_speed_10m_tgt boundary_layer_height_tgt wind_u_tgt wind_v_tgt precip_cum_h wind_mean_h temp_diff_tgt blh_diff_tgt hour_sin hour_cos doy_sin doy_cos month dayofweek snaive_1d snaive_3d_mean
feature_infos=[0.60000002384185791:362.29998779296875] [0.5:358.60000610351562] [0.5:365.10000610351562] [0.60000002384185791:362.29998779296875] [0.60000002384185791:362.29998779296875] [0.60000002384185791:362.29998779296875] [0.60000002384185791:362.29998779296875] [0.60000002384185791:362.29998779296875] [0.60000002384185791:362.29998779296875] [0.60000002384185791:362.29998779296875] [0.61666667461395264:355.14999389648438] [0.66250002384185791:292.8416748046875] [9.0597219467163086:247.875] [20.088094711303711:220.05357360839844] [0.062409352511167526:86.876152038574219] [0.80000001192092896:365.10000610351562] [0.5:191.39999389648438] [-215.60000610351562:176] [-185.30000305175781:227.60000610351562] [0.80000001192092896:840.0999755859375] [0:317.70001220703125] [0:332] [59:12844] [0.029999999329447746:3.1700000762939453] [0:1287] [0.10000000149011612:97.900001525878906] [0.14162816107273102:1] [1.3999999761581421:46.099998474121094] [5:100] [0:35] [10:5205] [-30.195400238037109:26.683734893798828] [-32.10614013671875:29.681682586669922] [0:93.900001525878906] [-15.100000381469727:13.699999809265137] [49:72] [1.1000000238418579:46.5] [5:100] [-9.8999996185302734:28.700000762939453] [0:19.899999618530273] [965.4000244140625:1001.5] [0:100] [0:37.200000762939453] [10:5250] [-30.195400238037109:36.426445007324219] [-34.567955017089844:30.310888290405273] [0:127.40000152587891] [1.4530612230300903:18.799999237060547] [-22.200000762939453:21.5] [-5185:5235] [-1:1] [-1:1] [-0.99999940395355225:0.99998557567596436] [-0.99997919797897339:0.99999076128005981] [1:12] [0:6] [0.5:365.10000610351562] [0.66666668653488159:307.63333129882812]
tree_sizes=1488 1526 1533 1534 1527 1537 1539 1532 1534 1535 1539 1539 1537 1547 1549 1528 1553 1535 1550 1543 1546 1563 1555 1568 1552 1546 1552 1576 1565 1581 1555 1576 1556 1556 1565 1569 1567 1555 1575 1548 1568 1569 1577 1567 1553 1553 1567 1552 1566 1537 1568 1535 1551 1545 1590 1555 1547 1566 1558 1545 1557 1545 1559 1555 1549 1557 1547 1554 1550 1570 1561 1577 1582 1579 1541 1568 1570 1568 1567 1558 1580 1572 1544 1567 1562 1556 1559 1565 1553 1571 1572 1563 1567 1560 1562 1579 1541 1573 1576 1568 1561 1557 1538 1559 1553 1547 1580 1578 1546 1563 1554 1573 1565 1560 1565 1550 1571 1577 1563 1560 1548 1576 1555 1578 1575 1572 1588 1563 1546 1532 1568 1545 1564 1561 1548 1575 1573 1575 1569 1575 1552 1554 1567 1549 1576 1575 1560 1554 1564 1561 1558 1548 1544 1562 1560 1554 1526 1558 1561 1561 1549 1566 1565 1525 1548 1534 1564 1526 1567 1542 1545 1558 1588 1557 1553 1549 1567 1559 1545 1563 1574 1566 1551 1563 1564 1565 1572 1550 1578 1532 1548 1549 1579 1540 1543 1574 1556 1545 1573 1559 1572 1522 1576 1546 1574 1558 1545 1540 1569 1561 1543 1532 1573 1552 1559 1551 1548 1575 1564 1564 1547 1554 1569 1547 1557 1538 1513 1543 1549 1500 1559 1545 1541 1521 1544 1579 1525 1535 1551 1533 1568 1546 1585 1530 1546 1542 1564 1540 1544 1543 1534 1567 1553 1559 1557 1579 1563 1555 1583 1575 1529 1540 1537 1524 1532 1527 1561 1543 1553 1556 1564 1541 1547 1534 1553 1569 1549 1571 1571 1543 1543 1526 1550 1556 1554 1512 1541 1558 1554 1565 1531 1540 1534 1511 1526 1524 1524 1580 1568 1547 1566 1526 1566 1564 1501 1542 1557 1537 1499 1565 1559 1543 1520 1587 1562 1514 1547 1539 1545 1543 1534 1544 1531 1567 1514 1571 1528 1502 1545 1554 1513 1566 1545 1519 1530 1559 1565 1510 1522 1525 1546 1530 1532 1527 1543 1545 1543 1563 1541 1542 1553 1516 1530 1553 1541 1531 1497 1517 1525 1549 1493 1488 1535 1522 1555 1534 1489 1542 1513 1510 1554 1551 1547 1520 1508 1521 1529 1527 1522 1519 1508 1546 1519 1513 1546 1564 1538 1503 1531 1555 1538 1541 1509 1534 1504 1570 1536 1548 1515 1515 1548 1508 1555 1573 1532 1539 1521 1551 1544 1542 1548 1520 1535 1557 1537 1541 1533 1487 1546 1539 1538 1544 1552 1524 1504 1539 1512 1524 1526 1527 1543 1520 1530 1528 1560 1550 1520 1536 1538 1557 1508 1535 1579 1547 1545 1525 1510 1542 1531 1497 1562 1514 1570 1528 1532 1571 1562 1520 1568 1529 1530 1519 1506 1554 1539 1534 1530 1513 1511 1546 1519 1523 1507 1524 1492 1504 1523 1537 1520 1514 1537 1559 1538 1546 1544 1511 1526 1512 1523 1548 1545 1523 1491 1510 1524 1534 1535 1549 1546 1538

Tree=0
num_leaves=15
num_cat=0
split_feature=19 49 49 19 46 37 53 0 0 13 0 52 0 52
split_gain=1964.35 587.318 538.839 378.003 377.76 246.231 245.072 278.263 158.838 127.747 79.6086 77.1831 65.4529 64.587
threshold=43.750000000000007 -22.499999999999996 -39.973106384277337 84.90000152587892 1.0000000180025095e-35 77.500000000000014 0.36447542905807501 23.250000000000004 18.349999427795414 75.760715484619155 16.849999427795414 0.80417552590370189 33.699998855590827 -0.96689236164093006
decision_type=2 8 8 2 2 2 2 2 2 2 2 2 2 2
left_child=1 6 3 4 5 -2 7 10 11 -7 -1 -3 -6 -9
right_child=2 8 -4 -5 12 9 -8 13 -10 -11 -12 -13 -14 -15
leaf_value=0.82282227763267457 0.7835091690431113 0.89868421852588654 0.75221353237301325 0.76311801311330218 0.78179135149587786 0.78723768124991977 0.82462949481657688 0.79946728538031453 0.77476736976195681 0.79922276873744669 0.79843480412094647 0.78522412409736264 0.76916213755646434 0.78116821879851916
leaf_weight=2680 8880 1208 117356 26705 4380 1749 3224 1068 9674 2251 3354 1243 13955 4616
leaf_count=2680 8880 1208 117356 26705 4380 1749 3224 1068 9674 2251 3354 1243 13955 4616
internal_value=0.770494 0.783028 0.768558 0.772503 0.776239 0.782798 0.789659 0.786276 0.774846 0.793086 0.793748 0.786188 0.771627 0.778317
internal_weight=202343 27067 175276 57920 31215 12880 14942 11718 12125 4000 6034 2451 18335 5684
internal_count=202343 27067 175276 57920 31215 12880 14942 11718 12125 4000 6034 2451 18335 5684
is_linear=0
shrinkage=1


Tree=1
num_leaves=15
num_cat=0
split_feature=19 43 43 19 0 13 0 53 19 0 0 43 13 37
split_gain=1636.15 812.089 431.146 656.046 283.425 258.413 162.071 155.204 129.031 128.081 118.705 94.1784 74.7783 70.268
threshold=43.750000000000007 72.500000000000014 47.500000000000007 84.40000152587892 16.849999427795414 61.141965866088874 38.250000000000007 0.36447542905807501 61.350000381469734 25.750000000000004 36.500000000000007 277.50000000000006 45.255655288696296 30.500000000000004
decision_type=2 8 8 2 2 2 2 2 2 2 2 10 2 2
left_child=1 7 3 5 13 10 -4 9 -7 -1 -2 -6 -11 -3
right_child=2 4 6 -5 11 8 -8 -9 -10 12 -12 -13 -14 -15
leaf_value=0.039076277299209997 0.016334692292230193 0.025882900575554757 0.0012149535753887956 -0.0057687062307607284 0.014243286657168293 0.029677871237176346 -0.019563549959519866 0.15221336042339148 0.017284907717645362 0.0034038985739652697 0.0011706439735447497 -0.0011444399236749546 0.028372189493753697 0.046195398625139453
leaf_weight=2957 2150 1150 24214 23885 8247 2008 114262 2044 4141 1021 4575 8095 905 2566
leaf_count=2957 2150 1150 24214 23885 8247 2008 114262 2044 4141 1021 4575 8095 905 2566
internal_value=-0.000155517 0.011303 -0.0019206 0.00289252 0.00619942 0.0119862 -0.00319838 0.0260509 0.0193871 0.0211292 0.00520044 0.00335983 0.0110124 0.0186447
internal_weight=202220 26985 175235 36759 20058 12874 138476 6927 6149 4883 6725 16342 1926 3716
internal_count=202220 26985 175235 36759 20058 12874 138476 6927 6149 4883 6725 16342 1926 3716
is_linear=0
shrinkage=0.05


Tree=2
num_leaves=15
num_cat=0
split_feature=0 49 49 53 19 19 57 19 53 57 42 44 0 0
split_gain=1511.86 503.752 462.624 342.455 431.749 294.862 145.987 134.598 141.987 120.727 92.9596 89.0476 88.2332 83.5586
threshold=30.349999427795414 -27.499999999999996 12.500000000000002 0.19969739764928821 61.350000381469734 23.150000572204593 46.216667175292976 110.50000000000001 0.96633976697921764 47.916667938232429 5.0499999523162851 3.1089093685150151 45.350000381469734 11.250000000000002
decision_type=2 8 8 2 2 2 2 2 2 2 2 2 2 2
left_child=2 3 5 12 9 -1 -7 8 -6 -5 -8 -11 -2 -4
right_child=1 -3 13 4 7 6 10 -9 -10 11 -12 -13 -14 -15
leaf_value=0.06232230010864153 0.0023791091908483002 -0.018733836703572239 0.15552396347838621 0.0011263044698517914 0.0063587293613476328 0.016443277065612504 0.031733773865864991 -0.006412185305471641 0.017398849446867204 0.026677051834416762 0.02305094942497149 0.016478582639410023 -0.014239313803379991 0.0053485009945278793
leaf_weight=3299 15162 111715 434 838 9512 8209 2307 8004 1817 3426 3558 1314 19234 13370
leaf_count=3299 15162 111715 434 838 9512 8209 2307 8004 1817 3426 3558 1314 19234 13370
internal_value=-0.000238344 -0.00208446 0.00988601 0.00163975 0.00610308 0.0153129 0.0121436 0.00256346 0.00606799 0.0183447 0.018166 0.0214316 -0.00159362 0.0030498
internal_weight=202199 171022 31177 59307 24911 17373 14074 19333 11329 5578 5865 4740 34396 13804
internal_count=202199 171022 31177 59307 24911 17373 14074 19333 11329 5578 5865 4740 34396 13804
is_linear=0
shrinkage=0.05


Tree=3
num_leaves=15
num_cat=0
split_feature=0 43 49 43 19 53 19 19 19 47 43 0 43 0
split_gain=1334.92 557.621 505.681 448.275 395.765 249.524 159.341 122.347 117.749 109.291 105.666 75.425 85.0087 66.9698
threshold=28.550000190734867 157.50000000000003 -27.499999999999996 37.500000000000007 84.40000152587892 0.36447542905807501 23.150000572204593 11.450000286102297 58.149999618530281 3.6678909063339238 47.500000000000007 45.000000000000007 81.250000000000014 22.349999427795414
decision_type=2 8 8 10 2 2 2 2 2 2 10 2 10 2
left_child=1 6 3 4 5 -2 -1 -3 -7 -5 -8 12 -11 -9
right_child=2 7 -4 9 -6 8 10 13 -10 11 -12 -13 -14 -15
leaf_value=0.087393888581223211 0.010651205462320819 0.15180410916379308 -0.017377020665757689 0.015834189633869036 0.0017244736944360063 0.029968884955932945 0.030085003843945503 0.01480639900599065 0.018039445747457913 0.009495886171226299 0.018265077730265034 -0.011830606304959315 -0.0041916883271190288 0.0034913857091298907
leaf_weight=2223 4237 353 113795 1947 8917 1869 2708 7750 2796 5860 4302 24512 11587 9209
leaf_count=2223 4237 353 113795 1947 8917 1869 2708 7750 2796 5860 4302 24512 11587 9209
internal_value=-0.000313375 0.0101346 -0.00189398 0.00174982 0.00843597 0.0158876 0.0200514 0.0048372 0.0238556 -0.000965025 0.0163105 -0.00150337 0.00100905 0.00421975
internal_weight=202065 26545 175520 61725 17819 8902 9233 17312 4665 43906 7010 41959 17447 16959
internal_count=202065 26545 175520 61725 17819 8902 9233 17312 4665 43906 7010 41959 17447 16959
is_linear=0
shrinkage=0.05


Tree=4
num_leaves=15
num_cat=0
split_feature=0 43 43 0 53 0 17 43 53 47 0 0 53 0
split_gain=1152.88 575.637 428.816 456.511 377.741 185.71 119.499 106.928 104.847 94.8218 81.9517 68.3965 70.335 59.7304
threshold=30.349999427795414 57.500000000000007 57.500000000000007 54.750000000000007 0.36447542905807501 21.349999427795414 -65.749999999999986 297.50000000000006 0.38043944537639623 4.1697540283203134 98.599998474121108 43.850000381469734 0.73136293888092052 23.750000000000004
decision_type=2 8 8 2 2 2 2 8 2 2 2 2 2 2
left_child=1 8 3 4 -2 7 10 -3 13 -6 -5 12 -4 -1
right_child=2 5 11 6 9 -7 -8 -9 -10 -11 -12 -13 -14 -15
leaf_value=0.035386682920621311 0.0072606352515929649 0.031156129456741788 -0.005967258796926939 0.018759032303854006 0.030315165084191312 0.005180749580867075 -0.0054680121510216929 0.01472809783933933 0.18016086690991803 0.019512447128314288 -0.0016074300861197242 -0.020906554352430121 0.016118881730332612 0.021357223419875088
leaf_weight=2006 8882 3314 30828 1151 906 16749 29084 5615 1245 3391 874 94366 1346 2319
leaf_count=2006 8882 3314 30828 1151 906 16749 29084 5615 1245 3391 874 94366 1346 2319
internal_value=-0.000401711 0.00842696 -0.00201706 0.00221703 0.0100125 0.0052616 -0.0010876 0.0110812 0.0229839 0.0221651 0.0106265 -0.00349901 -0.00150758 0.0192215
internal_weight=202076 31248 170828 44288 13179 25678 31109 8929 5570 4297 2025 126540 32174 4325
internal_count=202076 31248 170828 44288 13179 25678 31109 8929 5570 4297 2025 126540 32174 4325
is_linear=0
shrinkage=0.05


Tree=5
num_leaves=15
num_cat=0
split_feature=19 43 0 13 49 0 43 19 36 19 57 57 47 43
split_gain=1055.63 873.438 288.283 222.252 206.358 140.87 135.857 149.102 130.025 105.606 97.2365 83.0355 61.4894 55.7275
threshold=57.549999237060554 57.500000000000007 21.349999427795414 53.035118103027351 -19.374999999999996 20.750000000000004 37.500000000000007 111.40000152587892 10.250000000000002 11.450000286102297 72.883335113525405 33.483333587646491 7.4273459911346444 202.50000000000003
decision_type=2 8 2 2 8 2 10 2 2 2 2 2 2 10
left_child=1 3 9 5 6 -1 7 8 -2 -3 13 -11 -13 -4
right_child=4 2 10 -5 -6 -7 -8 -9 -10 11 -12 12 -14 -15
leaf_value=0.048521012287266359 0.02011735916451687 0.14371648023354611 0.0033424052084815646 0.030655076677787486 -0.018269205703423042 0.010654525821458469 -0.0056410203202809425 -0.0052275721951292129 0.0082495343734746186 0.010417647091810896 0.018381060378420817 0.027897965839247453 0.015136449461982171 -0.0084434251396672821
leaf_weight=1269 1337 495 13722 4822 97235 4575 36355 6730 8324 4468 2518 1461 2282 16766
leaf_count=1269 1337 495 13722 4822 97235 4575 36355 6730 8324 4468 2518 1461 2282 16766
internal_value=-0.000534396 0.00557589 0.00230909 0.0183374 -0.00266853 0.0117492 -0.000150316 0.00362752 0.00760469 0.010397 0.000173248 0.00901897 0.0145044 -0.00060791
internal_weight=202359 52378 41712 10666 149981 5844 52746 16391 9661 8706 33006 8211 3743 30488
internal_count=202359 52378 41712 10666 149981 5844 52746 16391 9661 8706 33006 8211 3743 30488
is_linear=0
shrinkage=0.05


Tree=6
num_leaves=15
num_cat=0
split_feature=19 43 49 0 53 19 53 49 43 43 36 43 37 45
split_gain=953.572 736.703 248.573 230.054 169.307 159.191 214.533 120.806 109.355 87.0734 65.8116 64.5254 63.5029 57.4511
threshold=54.45000076293946 62.500000000000007 -22.499999999999996 21.349999427795414 0.74298545718193065 99.549999237060561 0.96633976697921764 -152.49999999999997 37.500000000000007 302.50000000000006 18.94999980926514 247.50000000000003 87.500000000000014 -2.5158716440200801
decision_type=2 8 8 2 2 2 2 10 10 8 2 10 2 2
left_child=1 4 5 9 7 6 8 -1 10 13 -2 -5 -8 -3
right_child=2 3 -4 11 -6 -7 12 -9 -10 -11 -12 -13 -14 -15
leaf_value=0.02287673635036834 0.013536794926534848 0.01543307489535546 -0.016386633497195404 0.0054321523116011624 0.16804254269157803 -0.0089771043891134546 0.010792699110379764 0.010442142362527669 -0.00026198764416352524 0.01251880344809999 0.0046454602770923852 -0.0074002515520433581 0.024242080350595246 0.031751242466755335
leaf_weight=5872 3591 1299 102245 13835 1472 22607 708 2790 21933 5508 3926 13629 901 1798
leaf_count=5872 3591 1299 102245 13835 1472 22607 708 2790 21933 5508 3926 13629 901 1798
internal_value=-0.000543826 0.00576429 -0.00241343 0.00241567 0.0176686 0.000342237 0.0026652 0.0149723 0.00169043 0.0095444 0.00689053 0.000179441 0.020386 0.0162424
internal_weight=202114 46203 155911 36069 10134 53666 31059 8662 29450 8605 7517 27464 1609 3097
internal_count=202114 46203 155911 36069 10134 53666 31059 8662 29450 8605 7517 27464 1609 3097
is_linear=0
shrinkage=0.05


Tree=7
num_leaves=15
num_cat=0
split_feature=19 43 19 49 13 19 40 37 1 57 43 44 45 37
split_gain=827.407 693.665 243.586 164.773 147.626 118.03 141.929 116.371 106.975 91.2726 78.3981 64.3604 58.9235 56.1774
threshold=61.350000381469734 47.500000000000007 32.300001144409187 -8.7499999999999982 53.422618865966804 99.549999237060561 987.35000610351574 94.500000000000014 21.250000000000004 58.783332824707038 277.50000000000006 0.85758596658706676 -0.34827786684036249 68.500000000000014
decision_type=2 8 2 8 2 2 2 2 2 2 8 2 2 2
left_child=1 4 10 5 8 6 -2 11 -1 -4 12 -8 -3 -6
right_child=3 2 9 -5 13 -7 7 -9 -10 -11 -12 -13 -14 -15
leaf_value=0.15357661846480475 -0.0015120115282973054 0.016894379355001068 -0.0023283544018453083 -0.017937213406564106 0.018136751448071479 -0.008809405305100727 0.011642265808698904 0.019782600983226668 0.0092873609954256184 0.009907383842128907 0.01171617607368293 0.00098275834444006417 0.030164973152028603 0.028119296805870726
leaf_weight=966 18731 2421 33696 88722 1303 26565 3349 952 4175 6834 5338 3972 1831 3250
leaf_count=966 18731 2421 33696 88722 1303 26565 3349 952 4175 6834 5338 3972 1831 3250
internal_value=-0.000663361 0.00427053 0.00190106 -0.00273754 0.0165066 -0.000547697 0.00177982 0.00722987 0.0106669 0.000204735 0.0090625 0.00507366 0.0141225 0.0230627
internal_weight=202105 59814 50120 142291 9694 53569 27004 8273 5141 40530 9590 7321 4252 4553
internal_count=202105 59814 50120 142291 9694 53569 27004 8273 5141 40530 9590 7321 4252 4553
is_linear=0
shrinkage=0.05


Tree=8
num_leaves=15
num_cat=0
split_feature=0 43 43 0 13 13 0 43 53 17 47 0 53 37
split_gain=773.355 318.771 305.991 288.967 230.249 143.523 107.251 86.652 83.427 79.2736 78.0422 72.1168 74.8147 56.7932
threshold=29.849999427795414 57.500000000000007 157.50000000000003 61.100000381469734 61.141965866088874 45.434226989746101 13.650000095367433 25.02689361572266 0.74298545718193065 -65.749999999999986 6.6436491012573251 51.250000000000007 0.73136293888092052 58.500000000000007
decision_type=2 8 8 2 2 2 2 10 2 2 2 2 2 2
left_child=2 3 5 4 -2 6 -1 -6 -4 -5 -7 12 -3 -14
right_child=1 11 8 9 7 10 -8 -9 -10 -11 -12 -13 13 -15
leaf_value=0.049103446610241054 0.0028860007008650935 -0.0068734409808289812 0.0058875768474184334 0.010612603528790045 0.017556140993833593 0.03312979092173244 0.0095843296083006832 0.011748746524164294 0.13236735676207603 -0.0059548939773124351 0.024346983453197996 -0.020758512161906013 -0.0042639037985351628 0.018231331067735803
leaf_weight=758 9664 47005 19030 1738 2868 2784 5231 4164 328 25974 1862 77612 1133 1466
leaf_count=758 9664 47005 19030 1738 2868 2784 5231 4164 328 25974 1862 77612 1133 1466
internal_value=-0.000742387 -0.00203701 0.00666383 0.00160993 0.00680414 0.0134735 0.00833555 0.0136808 0.0029177 -0.00152081 0.0200644 -0.0033101 -0.00182046 0.006422
internal_weight=201617 171624 29993 44408 16696 10635 5989 7032 19358 27712 4646 127216 49604 2599
internal_count=201617 171624 29993 44408 16696 10635 5989 7032 19358 27712 4646 127216 49604 2599
is_linear=0
shrinkage=0.05


Tree=9
num_leaves=15
num_cat=0
split_feature=0 43 43 0 13 13 0 48 43 0 53 17 0 0
split_gain=696.526 307.01 270.192 260.366 194.753 135.281 96.2931 90.5957 68.5647 66.9173 63.7323 62.3288 62.0227 60.4483
threshold=29.849999427795414 62.500000000000007 162.50000000000003 54.750000000000007 61.141965866088874 45.434226989746101 8.9000000953674334 -5.2499999999999991 25.02689361572266 53.350000381469734 0.71952396631240856 -65.749999999999986 13.650000095367433 21.349999427795414
decision_type=2 8 8 2 2 2 2 2 10 2 2 2 2 2
left_child=2 3 5 4 -2 6 -1 11 -6 10 -3 -5 -4 -7
right_child=1 9 12 7 8 13 -8 -9 -10 -11 -12 -13 -14 -15
leaf_value=0.1636438113906096 0.0038199239590617018 -0.0074285214521676154 0.040609789089169172 0.014767882122535853 0.017775727876821693 0.14179705847721211 0.01106564102974991 -0.0068224937914356382 0.012859823402321544 -0.021069647874824488 0.0098620011700992164 0.0024880874721057867 0.0046698474280493299 0.021247888246362975
leaf_weight=253 9217 49790 1416 1347 2137 1422 5839 25999 3448 71085 3098 6061 17744 3349
leaf_count=253 9217 49790 1416 1347 2137 1422 5839 25999 3448 71085 3098 6061 17744 3349
internal_value=-0.000778752 -0.00200422 0.00624763 0.0013813 0.00689913 0.0125435 0.00758604 -0.00106488 0.0142583 -0.00332074 -0.00197342 0.00380965 0.00267345 0.0188444
internal_weight=202205 172182 30023 48209 14802 10863 6092 33407 5585 123973 52888 7408 19160 4771
internal_count=202205 172182 30023 48209 14802 10863 6092 33407 5585 123973 52888 7408 19160 4771
is_linear=0
shrinkage=0.05


Tree=10
num_leaves=15
num_cat=0
split_feature=0 43 43 53 49 0 36 0 53 23 44 47 44 49
split_gain=630.239 391.521 184.135 150.45 147.956 136.364 113.461 95.0143 68.284 61.8747 62.7432 61.2601 53.3055 49.3566
threshold=41.049999237060554 107.50000000000001 32.500000000000007 0.64414587616920482 -64.865528106689439 22.849999427795414 17.650000572204593 84.200000762939467 0.96633976697921764 0.095000002533197417 -1.2880276441574094 7.8618614673614511 -1.0000000180025095e-35 -157.49999999999997
decision_type=2 8 8 2 10 2 2 2 2 2 2 2 2 10
left_child=1 3 4 11 6 9 7 8 -2 -3 -11 13 -5 -1
right_child=2 5 -4 12 -6 -7 -8 -9 -10 10 -12 -13 -14 -15
leaf_value=0.014790797993103342 0.011383217722407682 0.15129523369468234 -0.013209739642862012 0.15083692139192506 -0.0038829177384333748 -0.0020092632981288895 0.00026929758769917366 0.0031929048061495359 0.023279175443358811 0.019042628028168307 0.0033093142777111126 0.0051377253271389089 0.025077366182067257 0.0093558962686377239
leaf_weight=8449 2246 135 119982 946 12396 33520 3576 1647 780 4768 4792 4196 983 3855
leaf_count=8449 2246 135 119982 946 12396 33520 3576 1647 780 4768 4792 4196 983 3855
internal_value=-0.000832037 0.00338307 -0.00267984 0.00948289 0.00168119 0.000780219 0.00686584 0.011987 0.0172332 0.00599948 0.00550157 0.00792853 0.0226689 0.00970684
internal_weight=202271 61644 140627 18429 20645 43215 8249 4673 3026 9695 9560 16500 1929 12304
internal_count=202271 61644 140627 18429 20645 43215 8249 4673 3026 9695 9560 16500 1929 12304
is_linear=0
shrinkage=0.05


Tree=11
num_leaves=15
num_cat=0
split_feature=0 43 43 0 53 13 0 13 44 53 0 47 0 13
split_gain=539.145 230.041 226.899 191.435 267.338 120.993 115.925 94.3814 79.649 79.3822 76.9861 70.0401 61.8665 60.965
threshold=33.699998855590827 62.500000000000007 127.50000000000001 82.099998474121108 0.96633976697921764 91.214584350585952 8.9000000953674334 44.902679443359382 0.54796633124351513 0.96407344937324535 44.049999237060554 6.5526793003082284 22.849999427795414 54.226190567016609
decision_type=2 8 8 2 2 2 2 2 2 2 2 2 2 2
left_child=2 3 6 4 5 10 -1 -8 -7 12 13 -9 -4 -2
right_child=1 -3 9 -5 -6 8 7 11 -10 -11 -12 -13 -14 -15
leaf_value=0.15103554562027607 0.0028241085525892717 -0.01302086209377179 0.010619440867822297 -0.0075001188122713587 0.02139542407705692 0.014484131069989307 0.0085487007145318081 0.021073094519541855 0.0048263175607784507 0.14373047200994821 -0.0020220511608495329 0.009924182721327935 -0.00054823921370979742 0.012656580023915507
leaf_weight=405 3495 116357 9157 21000 1476 1709 6318 3519 1806 128 14390 2589 17724 2385
leaf_count=405 3495 116357 9157 21000 1476 1709 6318 3519 1806 128 14390 2589 17724 2385
internal_value=-0.000872188 -0.00214932 0.00434002 0.000833026 0.00376499 0.00247846 0.00981193 0.00893535 0.0110284 0.00173785 0.000991123 0.0133638 0.00154308 0.00580645
internal_weight=202458 162618 39840 46261 25261 23785 12831 12426 3515 27009 20270 6108 26881 5880
internal_count=202458 162618 39840 46261 25261 23785 12831 12426 3515 27009 20270 6108 26881 5880
is_linear=0
shrinkage=0.05


Tree=12
num_leaves=15
num_cat=0
split_feature=19 43 53 0 13 45 0 40 43 19 53 1 0 24
split_gain=494.593 424.641 202.021 174.152 107.909 79.9776 76.353 70.7604 65.542 77.4214 119.777 63.2686 60.0238 55.493
threshold=78.349998474121108 67.500000000000014 0.93769648671150219 26.550000190734867 52.60327339172364 -2.541049480438232 13.650000095367433 992.04998779296886 41.875000000000007 121.75000000000001 0.96633976697921764 41.350000381469734 34.250000000000007 6.5000000000000009
decision_type=2 8 2 2 2 2 2 2 8 2 2 2 2 2
left_child=1 2 4 5 12 -3 -7 -5 9 10 -2 13 -1 -6
right_child=8 3 -4 7 11 6 -8 -9 -10 -11 -12 -13 -14 -15
leaf_value=0.010218300227238764 0.00053488946083556348 0.00066214025389203237 0.12940189474528482 -0.005916466272012688 0.021852470099332486 0.074140448831509304 0.010606062094833925 0.013372296966112644 -0.015309442190478958 -0.0091364702597859365 0.014013070120184969 0.007561041845681989 -0.0011512736683363879 0.011134424203863008
leaf_weight=5486 8486 7424 1542 49328 2238 966 8697 2513 87877 13478 1295 5274 5369 2328
leaf_count=5486 8486 7424 1542 49328 2238 966 8697 2513 87877 13478 1295 5274 5369 2328
internal_value=-0.000922863 0.00180669 0.00781296 -0.000131859 0.00650447 0.00424431 0.00724026 -0.0015748 -0.00316188 -0.000801282 0.00258349 0.0102944 0.00306259 0.0146023
internal_weight=202301 91165 22237 68928 20695 17087 9663 51841 111136 23259 9781 9840 10855 4566
internal_count=202301 91165 22237 68928 20695 17087 9663 51841 111136 23259 9781 9840 10855 4566
is_linear=0
shrinkage=0.05


Tree=13
num_leaves=15
num_cat=0
split_feature=0 43 49 53 19 37 25 0 53 13 53 12 57 45
split_gain=470.579 242.359 153.196 127.619 134.471 128.408 118.294 94.3075 81.712 78.0972 64.9285 52.4857 51.1283 48.8829
threshold=41.049999237060554 107.50000000000001 -8.7499999999999982 0.34840355813503271 111.40000152587892 85.500000000000014 3.2500000000000004 22.849999427795414 0.93769648671150219 45.061012268066413 0.92519181966781627 32.278472900390632 59.116666793823249 -0.34827786684036249
decision_type=2 8 8 2 2 2 2 2 2 2 2 2 2 2
left_child=1 6 3 -2 5 -5 -1 10 -7 -8 13 -11 -9 -3
right_child=2 7 -4 4 -6 8 9 12 -10 11 -12 -13 -14 -15
leaf_value=0.14075050736758424 -0.0077715512548614113 0.0028367188886612811 -0.015346778438703579 0.0034459975646792349 -0.0044995396583429109 0.0067888294109371972 0.0064094233214107791 -0.0038180092305529125 0.015914982109505375 0.029466678914561242 0.13292881116231284 0.011656997203808462 0.010043963118122168 0.017549340266000284
leaf_weight=278 28048 5596 87797 9283 10955 2454 8167 29728 1839 391 127 9696 3758 3943
leaf_count=278 28048 5596 87797 9283 10955 2454 8167 29728 1839 391 127 9696 3758 3943
internal_value=-0.000970457 0.0026693 -0.00256992 -0.000435358 0.00219816 0.00552186 0.00745011 0.000614892 0.0126621 0.00694426 0.00496279 0.00988561 -0.000641272 0.00446696
internal_weight=202060 61684 140376 52579 24531 13576 18532 43152 4293 18254 9666 10087 33486 9539
internal_count=202060 61684 140376 52579 24531 13576 18532 43152 4293 18254 9666 10087 33486 9539
is_linear=0
shrinkage=0.05


Tree=14
num_leaves=15
num_cat=0
split_feature=0 43 43 0 13 44 53 0 47 23 37 44 27 53
split_gain=433.033 220.546 137.86 117.649 196.354 137.331 115.21 76.0025 71.4289 60.7483 52.2802 48.7171 66.2897 45.7468
threshold=41.049999237060554 127.50000000000001 97.500000000000014 82.099998474121108 87.752975463867202 1.0164568479410201e-15 0.96407344937324535 26.550000190734867 5.7622082233428964 0.074999999254941954 58.500000000000007 -0.7112458050251006 37.850000381469734 0.44312302768230444
decision_type=2 8 8 2 2 2 2 2 2 2 2 2 2 2
left_child=1 6 3 4 13 -6 8 9 10 -3 -1 12 -11 -2
right_child=2 7 -4 -5 5 -7 -8 -9 -10 11 -12 -13 -14 -15
leaf_value=0.003653459556198977 -0.0035659287438097043 0.12441560054982551 -0.01521871889048039 -0.0084553310217658356 0.013615743422955802 0.0048623634751699136 0.1302320952858001 -0.0037736527531802792 0.0069615384282334328 0.0064998535497796679 0.013897874927256219 0.00020802022526277095 0.045319496544188299 0.005086981000518625
leaf_weight=1344 17828 97 84601 27247 2434 3526 425 26048 13381 6460 5325 7463 1037 5087
leaf_count=1344 17828 97 84601 27247 2434 3526 425 26048 13381 6460 5325 7463 1037 5087
internal_value=-0.000967883 0.00252882 -0.0024981 -0.000576499 0.00164705 0.00972362 0.00676715 0.000416513 0.00621136 0.00324318 0.0104364 0.00297261 0.00581657 -0.000456926
internal_weight=202303 61580 140723 56122 28875 5960 20475 41105 20050 15057 6669 14960 7497 22915
internal_count=202303 61580 140723 56122 28875 5960 20475 41105 20050 15057 6669 14960 7497 22915
is_linear=0
shrinkage=0.05


Tree=15
num_leaves=15
num_cat=0
split_feature=19 43 0 19 13 40 0 45 0 44 52 52 44 40
split_gain=396.339 315.218 136.646 132.169 108.361 83.9547 65.7105 62.5447 55.2453 49.2294 47.9833 44.4856 49.2473 43.2361
threshold=87.40000152587892 67.500000000000014 26.550000190734867 11.450000286102297 61.141965866088874 992.25000000000011 41.95000076293946 -0.74224528670310963 8.9000000953674334 0.85758596658706676 -0.81429189443588246 0.77244481444358837 1.4854021668434145 987.64999389648449
decision_type=2 8 2 2 2 2 2 2 2 2 2 2 2 2
left_child=1 3 7 -1 6 -4 -5 -3 -9 13 -11 12 -7 -6
right_child=-2 2 5 4 9 11 -8 8 -10 10 -12 -13 -14 -15
leaf_value=0.12497277949763413 -0.010932696711049945 0.0014919233296663947 -0.0057822443344777682 0.0077035101864653989 0.0092672724484811498 0.021564624081244294 -0.0029512566363756026 0.10377770065170251 0.011254759003759173 0.022487803847439407 0.003247392238530108 -0.0083703048135487425 0.0078970534995344271 0.012404754482243732
leaf_weight=344 96903 9454 58895 9904 2675 989 5527 225 7514 788 3554 794 1385 3498
leaf_count=344 96903 9454 58895 9904 2675 989 5527 225 7514 788 3554 794 1385 3498
internal_value=-0.00097894 0.00114082 -0.0004331 0.00588403 0.00546771 -0.00152587 0.00279742 0.00351014 0.00684024 0.00938005 0.00528263 0.00639081 0.00980705 0.0122489
internal_weight=202449 105546 79256 26290 25946 62063 15431 17193 7739 10515 4342 3168 2374 6173
internal_count=202449 105546 79256 26290 25946 62063 15431 17193 7739 10515 4342 3168 2374 6173
is_linear=0
shrinkage=0.05


Tree=16
num_leaves=15
num_cat=0
split_feature=19 53 49 19 46 36 48 19 52 49 53 19 47 27
split_gain=365.932 242.908 197.052 111.852 92.4145 74.6499 65.2102 55.8071 55.5709 51.9941 45.4702 95.6897 42.6121 39.7874
threshold=87.40000152587892 0.96407344937324535 -74.97310638427733 28.349999427795414 1.0000000180025095e-35 15.050000190734865 -3.9500000476837154 17.550000190734867 1.0000000180025095e-35 1.0000000180025095e-35 0.94066718220710765 120.84999847412111 3.358476042747498 34.45000076293946
decision_type=2 2 8 2 2 2 2 2 2 8 2 2 2 2
left_child=1 2 4 -3 6 -4 12 -6 -5 10 -2 -12 -1 -7
right_child=9 3 5 8 7 13 -8 -9 -10 -11 11 -13 -14 -15
leaf_value=0.010766290570277594 -0.0070272425767147432 0.12078645842456051 0.0095259352938845809 0.0071344297060347344 0.017504144648031864 -0.0054970636056567634 0.0043362636496478268 0.0024039816638990203 0.02156503419783995 -0.016473189863515033 0.01119061528736736 -0.0035031846648008037 0.010569448066083975 0.0091339839880164864
leaf_weight=901 30214 361 4644 1380 645 53410 6915 24069 615 59802 1963 4882 8675 4416
leaf_count=901 30214 361 4644 1380 645 53410 6915 24069 615 59802 1963 4882 8675 4416
internal_value=-0.000977123 0.00105237 0.000690793 0.0168935 0.00337438 -0.00107955 0.00627204 0.00143909 0.0121322 -0.00319864 -0.00172638 0.00195113 0.00894221 -0.00156961
internal_weight=202892 106031 103675 2356 41205 62470 16491 24714 1995 96861 37059 6845 9576 57826
internal_count=202892 106031 103675 2356 41205 62470 16491 24714 1995 96861 37059 6845 9576 57826
is_linear=0
shrinkage=0.05


Tree=17
num_leaves=15
num_cat=0
split_feature=19 43 53 1 19 20 57 11 40 53 12 37 40 43
split_gain=349.737 275.635 146.37 96.4319 70.8765 62.1138 61.2132 60.5747 55.8316 52.5586 84.4693 50.5718 50.1835 48.3469
threshold=87.40000152587892 127.50000000000001 0.96407344937324535 25.250000000000004 36.95000076293946 1.0000000180025095e-35 64.51666641235353 43.714584350585945 992.45001220703136 -0.99983122944831837 61.918748855590827 58.500000000000007 992.04998779296886 25.02689361572266
decision_type=2 8 2 2 2 2 2 2 2 2 2 2 2 8
left_child=1 2 4 5 -1 -3 -6 -4 9 10 -5 -10 -9 -2
right_child=13 3 7 8 6 -7 -8 12 11 -11 -12 -13 -14 -15
leaf_value=0.012128239688375488 -0.00037629912562376559 0.10881041131059135 0.11235837749098382 -0.0068652558953876362 0.0015411671424971284 0.0058224855753308252 0.0067979179115770505 0.0079276850535350309 -0.0067098838255085017 -0.007747123744751643 0.034871861269667494 0.018491669983052562 0.018490525853991063 -0.012672675621884351
leaf_weight=6061 11978 98 287 367 18906 11978 13138 810 1061 51027 258 1356 604 84948
leaf_count=6061 11978 98 287 367 18906 11978 13138 810 1061 51027 258 1356 604 84948
internal_value=-0.000969679 0.00101589 0.00430279 -0.000962513 0.00365932 0.00307546 0.00271978 0.0186119 -0.00186477 -0.00221265 0.0120866 0.005548 0.0141713 -0.00314001
internal_weight=202877 105951 39806 66145 38105 12076 32044 1701 54069 51652 625 2417 1414 96926
internal_count=202877 105951 39806 66145 38105 12076 32044 1701 54069 51652 625 2417 1414 96926
is_linear=0
shrinkage=0.05


Tree=18
num_leaves=15
num_cat=0
split_feature=49 23 20 20 2 43 2 45 48 36 24 13 23 28
split_gain=312.632 165.062 113.333 107.301 81.725 71.8201 82.3661 63.0807 65.2936 56.5165 45.1706 43.6857 41.6956 36.3717
threshold=-22.499999999999996 0.46500000357627874 1.0000000180025095e-35 1.0000000180025095e-35 41.95000076293946 107.50000000000001 52.549999237060554 -1.584993779659271 -5.3500001430511466 14.250000000000002 1.5000000000000002 145.05535888671878 0.25499999523162847 12.500000000000002
decision_type=8 2 2 2 2 10 2 2 2 2 2 2 2 2
left_child=1 2 -1 -2 9 6 -3 -4 11 12 -10 13 -5 -9
right_child=3 5 7 4 -6 -7 -8 8 10 -11 -12 -13 -14 -15
leaf_value=0.10912551330944903 0.10768683238601079 0.0072103290930083819 0.0025937518989960547 0.023255536218530836 -0.011767849845429708 -0.0068106852981653886 -0.0022216698103352563 0.04928346576997316 0.01192095705099013 -0.0024161419461815313 0.0030198282710431263 0.021206771211058281 0.0044052325840041422 0.0093480041843136859
leaf_weight=230 127 12476 12442 552 90079 21614 15104 308 2362 33204 7877 201 813 5399
leaf_count=230 127 12476 12442 552 90079 21614 15104 308 2362 33204 7877 201 813 5399
internal_value=-0.000963472 0.00151923 0.0045234 -0.00251573 -0.00256414 -0.000241242 0.0014498 0.00423459 0.00629541 -0.000497268 0.00387404 0.0104782 0.00943636 0.0096318
internal_weight=202788 78013 28819 124775 124648 49194 27580 28589 16147 34569 10239 5908 1365 5707
internal_count=202788 78013 28819 124775 124648 49194 27580 28589 16147 34569 10239 5908 1365 5707
is_linear=0
shrinkage=0.05


Tree=19
num_leaves=15
num_cat=0
split_feature=0 25 43 36 19 53 27 44 47 44 46 9 53 53
split_gain=340.352 180.219 155.182 112.218 208.153 114.715 69.1161 86.6172 55.4803 54.0258 61.2936 52.1831 48.9321 44.3208
threshold=43.850000381469734 3.2500000000000004 147.50000000000003 16.44999980926514 119.89999771118165 0.96633976697921764 37.850000381469734 -2.4918224811553951 4.2509617805480966 1.4329677820205691 0.45000000298023229 158.09999847412112 0.73136293888092052 0.96407344937324535
decision_type=2 2 8 2 2 2 2 2 2 2 2 2 2 2
left_child=1 13 8 4 5 9 12 -8 -3 10 -2 -7 -4 -1
right_child=3 2 6 -5 -6 11 7 -9 -10 -11 -12 -13 -14 -15
leaf_value=0.012040227846849908 0.0089517513276177168 0.011319597380686691 -0.002595924554837788 -0.011298143911755893 -0.0085222247302028983 0.010622415991358745 0.035818779412905587 -0.00046168183831967087 0.0068804343413275439 -0.0022432484550133445 -0.0057450853259653255 0.018360130771828048 0.015772650312929303 0.10415301918679126
leaf_weight=136 4538 1898 40280 92652 23067 2440 1657 2249 23103 6157 2017 593 1212 332
leaf_count=136 4538 1898 40280 92652 23067 2440 1657 2249 23103 6157 2017 593 1212 332
internal_value=-0.00094373 0.00184919 0.0016412 -0.00244931 -0.00019216 0.00423834 -0.000101085 0.00624872 0.00480369 0.00214903 0.00530464 0.0129592 -0.000700208 0.0324477
internal_weight=202331 70867 70399 131464 38812 15745 45398 3906 25001 12712 6555 3033 41492 468
internal_count=202331 70867 70399 131464 38812 15745 45398 3906 25001 12712 6555 3033 41492 468
is_linear=0
shrinkage=0.05


Tree=20
num_leaves=15
num_cat=0
split_feature=0 20 43 36 0 53 27 46 37 54 12 57 0 57
split_gain=305.23 221.637 138.657 112.182 199.821 143.173 56.3468 56.2812 47.4091 55.7283 47.2934 46.0505 44.6853 67.073
threshold=43.850000381469734 1.0000000180025095e-35 147.50000000000003 14.650000095367433 110.50000000000001 0.96633976697921764 37.850000381469734 1.0000000180025095e-35 87.500000000000014 11.500000000000002 24.243055343627933 65.583332061767592 63.449998855590827 64.883335113525405
decision_type=2 2 8 2 2 2 2 2 2 2 2 2 2 2
left_child=1 -1 11 4 5 -2 -4 8 -7 -10 -8 -3 13 -5
right_child=3 2 6 12 -6 7 10 -9 9 -11 -12 -13 -14 -15
leaf_value=0.098465290003971292 0.0031429343397187462 0.0057523913859044828 -0.0017266362043270641 -0.009647814231729418 -0.0088111514362826365 0.0072796880218567728 0.049498902422996982 -0.002961472042484278 0.0186704299221753 0.014425555759798706 0.014272138094221508 0.009710360208485827 -0.015597902913155376 0.0026308421462600015
leaf_weight=341 11464 18840 41582 31897 17059 864 131 464 790 1035 3778 6210 56889 10938
leaf_count=341 11464 18840 41582 31897 17059 864 131 464 790 1035 3778 6210 56889 10938
internal_value=-0.000982047 0.00166225 0.00146483 -0.00240849 0.000183676 0.00447221 -0.000180327 0.0138903 0.0166562 0.0212125 0.00555116 0.00445132 -0.0032318 -0.00201132
internal_weight=202282 70882 70541 131400 31676 14617 45491 3153 2689 1825 3909 25050 99724 42835
internal_count=202282 70882 70541 131400 31676 14617 45491 3153 2689 1825 3909 25050 99724 42835
is_linear=0
shrinkage=0.05


Tree=21
num_leaves=15
num_cat=0
split_feature=0 53 49 19 53 45 57 0 52 1 53 37 51 52
split_gain=292.239 194.14 159.374 80.2736 115.669 69.1506 55.2427 60.2404 53.9589 45.2028 57.4127 48.7692 41.5166 41.1577
threshold=28.550000190734867 0.96407344937324535 -3.7499999999999996 121.75000000000001 0.96633976697921764 -0.34827786684036249 65.216663360595717 56.750000000000007 1.0000000180025095e-35 52.800001144409187 0.71952396631240856 56.500000000000007 0.37940952181816107 0.65233618021011364
decision_type=2 2 8 2 2 2 2 2 2 2 2 2 2 2
left_child=1 5 3 4 6 -1 -2 -8 -6 10 -4 -12 -7 -13
right_child=2 -3 9 -5 8 12 7 -9 -10 -11 11 13 -14 -15
leaf_value=0.0025475142890536298 -0.0022474044688478747 0.092881796110685394 -0.0061963048462983462 -0.0070050005945152304 0.0059188270085287868 0.0089512244733997905 0.00628182559882312 -0.00045107294181950862 0.014723307812026446 -0.013638818053602481 -0.004765354827269256 0.011616388436232169 0.015361772254918053 0.021629950615771679
leaf_weight=14784 28295 352 32904 19463 1848 7172 11393 10942 1121 67447 1045 1281 4164 184
leaf_count=14784 28295 352 32904 19463 1848 7172 11393 10942 1121 67447 1045 1281 4164 184
internal_value=-0.000962552 0.00393437 -0.0016996 8.60783e-05 0.0010848 0.00342901 0.000521326 0.00237973 0.0106596 -0.00296784 -0.00152072 0.00575397 0.00636524 0.0116102
internal_weight=202395 26472 175923 73062 53599 26120 50630 22335 2969 102861 35414 2510 11336 1465
internal_count=202395 26472 175923 73062 53599 26120 50630 22335 2969 102861 35414 2510 11336 1465
is_linear=0
shrinkage=0.05


Tree=22
num_leaves=15
num_cat=0
split_feature=1 20 57 49 51 17 47 47 19 53 28 38 23 44
split_gain=261.294 209.229 122.46 105.665 102.524 70.5356 48.4163 44.8617 42.0199 88.9927 39.4976 48.9033 38.805 36.0563
threshold=42.649999618530281 1.0000000180025095e-35 69.816669464111342 1.0000000180025095e-35 0.37940952181816107 -54.149999618530266 4.1276819705963144 5.6745276451110849 119.89999771118165 0.96633976697921764 17.500000000000004 14.750000000000002 2.0599999427795415 -1.4553718566894529
decision_type=2 2 2 8 2 2 2 2 2 2 2 2 2 2
left_child=1 -1 4 5 10 -2 -4 -6 9 -7 11 -3 -10 -11
right_child=3 2 6 -5 7 8 -8 -9 12 13 -12 -13 -14 -15
leaf_value=0.086845475058741642 0.0057129454775909951 0.0020017803303202259 0.01213652405402278 -0.011826109446298291 0.012466257053320863 -0.0012714981114075492 0.009976070468979796 0.004106824723677782 -0.0082200227519705626 0.016579706123212364 -0.0033703951948083118 0.03050519949229168 0.022449684690918119 0.0070493842255577232
leaf_weight=319 6063 1895 929 80103 3837 28300 5663 17115 19070 449 36526 810 176 1289
leaf_count=319 6063 1895 929 80103 3837 28300 5663 17115 19070 449 36526 810 176 1289
internal_value=-0.000975149 0.00157636 0.00138017 -0.00223904 0.000670924 -0.000558828 0.00784459 0.00349394 -0.00118514 -1.63084e-05 -0.000837263 0.00498158 -0.00300841 0.0109325
internal_weight=202544 67094 66775 135450 60183 55347 6592 20952 49284 30038 39231 2705 19246 1738
internal_count=202544 67094 66775 135450 60183 55347 6592 20952 49284 30038 39231 2705 19246 1738
is_linear=0
shrinkage=0.05


Tree=23
num_leaves=15
num_cat=0
split_feature=1 20 57 36 1 45 1 43 45 46 46 41 43 20
split_gain=242.994 217.36 140.962 86.6166 126.162 86.3391 80.7484 59.0965 48.544 46.0901 36.7467 34.5469 34.1979 35.1593
threshold=49.149999618530281 1.0000000180025095e-35 67.583332061767592 13.449999809265138 127.34999847412111 -1.4525747299194334 25.94999980926514 142.50000000000003 -0.56380888819694508 20.44999980926514 1.0000000180025095e-35 34.500000000000007 142.50000000000003 36.750000000000007
decision_type=2 2 2 2 2 2 2 8 2 2 2 2 8 2
left_child=1 -1 6 4 5 -2 8 -8 -3 -4 11 -7 13 -5
right_child=3 2 9 12 -6 10 7 -9 -10 -11 -12 -13 -14 -15
leaf_value=0.083616114160679891 0.00017904634171380391 0.0014818461207589495 0.0089025924621582327 -0.00014646116564595829 -0.0090161968017731381 0.0069018246609324138 0.0025893302897080851 -0.00554115801295874 0.010497267744691979 -0.013258578040745365 -0.0028055808959409371 0.01179228971100376 -0.015990515099021465 -0.0083398882407837646
leaf_weight=331 8014 10129 10523 14212 12101 2529 17300 39221 8042 996 841 2196 52820 23241
leaf_count=331 8014 10129 10523 14212 12101 2529 17300 39221 8042 996 841 2196 52820 23241
internal_value=-0.000951232 0.00105359 0.000895894 -0.00244748 0.00011463 0.00342163 0.000101603 -0.000830607 0.00300011 0.00604172 0.00819942 0.00991024 -0.00317629 -0.00201973
internal_weight=202496 86542 86211 115954 25681 13580 74692 56521 18171 11519 5566 4725 90273 37453
internal_count=202496 86542 86211 115954 25681 13580 74692 56521 18171 11519 5566 4725 90273 37453
is_linear=0
shrinkage=0.05


Tree=24
num_leaves=15
num_cat=0
split_feature=0 53 43 19 40 44 43 53 45 19 0 53 37 52
split_gain=241.579 199.457 127.053 142.923 81.7291 96.9009 56.3581 46.0362 44.4966 46.1593 42.3458 46.5501 43.9653 44.8389
threshold=28.550000190734867 0.96407344937324535 142.50000000000003 116.50000000000001 987.04998779296886 0.85758596658706676 332.50000000000006 0.73136293888092052 1.8828944200444102e-15 17.550000190734867 55.45000076293946 0.65720760822296154 55.500000000000007 0.65233618021011364
decision_type=2 2 8 2 2 2 8 2 2 2 2 2 2 2
left_child=1 6 3 4 -2 7 8 -6 -1 -10 11 -4 -13 -14
right_child=2 -3 10 -5 5 -7 -8 -9 9 -11 -12 12 13 -15
leaf_value=0.0059981304866038102 1.7209082769317442e-05 0.080374856237267395 -0.006365268688364234 -0.0072775561309623722 0.0054341716215201182 0.0011349019784825682 0.0019655653167150347 0.009421147254229224 0.022027453711580998 0.013559615188873612 -0.014805903767453383 -0.0028494934013061244 0.0083778675644733975 0.020734228665310203
leaf_weight=7278 29986 353 44440 30820 3848 9040 13845 4781 420 4620 49690 1427 1248 204
leaf_count=7278 29986 353 44440 30820 3848 9040 13845 4781 420 4620 49690 1427 1248 204
internal_value=-0.000942529 0.00350486 -0.0016147 -0.000118814 0.00159708 0.00429351 0.00299297 0.00808022 0.00545182 0.0090594 -0.00282465 -0.00175358 0.00439771 0.0104925
internal_weight=202000 26516 175484 78475 47655 17669 26163 8629 12318 5040 97009 47319 2879 1452
internal_count=202000 26516 175484 78475 47655 17669 26163 8629 12318 5040 97009 47319 2879 1452
is_linear=0
shrinkage=0.05


Tree=25
num_leaves=15
num_cat=0
split_feature=1 1 57 53 36 1 51 45 13 28 52 57 44 53
split_gain=210.634 147.927 113.445 89.1377 88.0115 119.966 85.4506 70.7471 48.9419 43.1421 36.0197 42.0091 35.5302 35.2349
threshold=49.149999618530281 10.050000190734865 61.150001525878913 0.96407344937324535 13.050000190734865 127.34999847412111 0.37940952181816107 -1.4525747299194334 142.9026794433594 17.500000000000004 -0.96689236164093006 29.183333396911625 -1.8263952732086179 0.94066718220710765
decision_type=2 2 2 2 2 2 2 2 2 2 2 2 2 2
left_child=1 3 6 -1 5 7 9 -2 -4 12 11 -8 -3 -9
right_child=4 2 8 -5 -6 -7 10 13 -10 -11 -12 -13 -14 -15
leaf_value=0.014031412522707086 0.00081043304841240641 0.027014481177633911 0.0058603311435809439 0.075477574190394484 -0.0091819044531709273 -0.0081804268984530578 0.02775299030978064 0.0052563546970768298 0.020593449161559994 -0.0047107564068089225 0.0032168870611665231 0.01111897533775999 -0.0016318704740136342 0.010971971621924516
leaf_weight=477 7465 1108 15777 331 91715 11398 117 2415 398 44508 20794 1556 1406 2786
leaf_count=477 7465 1108 15777 331 91715 11398 117 2415 398 44508 20794 1556 1406 2786
internal_value=-0.000950778 0.000916259 0.000714101 0.0220782 -0.00234517 0.000346015 -0.00016396 0.00369359 0.00448409 -0.00137587 0.00237198 0.00940879 0.00498415 0.00816446
internal_weight=202251 86472 85664 808 115779 24064 69489 12666 16175 47022 22467 1673 2514 5201
internal_count=202251 86472 85664 808 115779 24064 69489 12666 16175 47022 22467 1673 2514 5201
is_linear=0
shrinkage=0.05


Tree=26
num_leaves=15
num_cat=0
split_feature=0 25 43 19 13 44 45 4 43 52 0 57 46 0
split_gain=216.695 145.321 102.857 104.466 81.6021 97.9204 61.661 44.6324 43.4943 39.9417 33.5103 46.2561 32.267 31.8265
threshold=33.95000076293946 3.2500000000000004 107.50000000000001 121.75000000000001 91.214584350585952 1.0164568479410201e-15 -0.56380888819694508 15.84999990463257 272.50000000000006 -0.86976337432861317 60.199998855590827 72.383335113525405 5.7500000000000009 54.750000000000007
decision_type=2 2 8 2 2 2 2 2 8 2 2 2 2 2
left_child=1 7 3 4 13 -6 -3 -1 -8 -7 11 -4 -13 -2
right_child=2 6 10 -5 5 9 8 -9 -10 -11 -12 12 -14 -15
leaf_value=0.07326209354470907 0.0024872217016071985 0.00044992353335381589 -0.0069839281401781932 -0.0066741051621899321 0.0094642514718863164 0.018354299966230416 0.010283289798406684 0.029845167425236199 0.0040448969663226773 0.00067693245082821828 -0.013767498286367847 0.0089051733005723246 -0.0096185750862152718 -0.0031271014546359502
leaf_weight=279 16225 21736 43443 26048 3867 141 8705 156 9895 5204 47992 3350 1190 14138
leaf_count=279 16225 21736 43443 26048 3867 141 8705 156 9895 5204 47992 3350 1190 14138
internal_value=-0.000944739 0.00231223 -0.00176656 -0.000240962 0.00137741 0.00549664 0.00199821 0.0307303 0.00411069 0.00110644 -0.00280955 -0.00187455 0.00292308 0.000126262
internal_weight=202369 40771 161598 65623 39575 9212 40336 435 18600 5345 95975 47983 4540 30363
internal_count=202369 40771 161598 65623 39575 9212 40336 435 18600 5345 95975 47983 4540 30363
is_linear=0
shrinkage=0.05


Tree=27
num_leaves=15
num_cat=0
split_feature=20 49 19 13 0 53 0 0 57 46 53 48 13 46
split_gain=246.871 182.348 99.0814 75.6637 70.0348 55.4258 50.2806 48.5306 39.9557 37.8626 36.9305 36.7428 35.8212 35.7783
threshold=1.0000000180025095e-35 -3.7499999999999996 99.549999237060561 62.162498474121101 27.050000190734867 0.67007490992546093 22.349999427795414 73.000000000000014 58.083332061767585 1.0000000180025095e-35 -0.99983122944831837 -3.9500000476837154 54.414285659790046 1.0000000180025095e-35
decision_type=2 10 2 2 2 2 2 2 2 2 2 2 2 2
left_child=-1 2 3 4 -2 -6 -5 8 -3 11 -10 -4 -7 -8
right_child=1 7 9 6 5 12 13 -9 10 -11 -12 -13 -14 -15
leaf_value=0.068919130038648843 0.0061246705318010672 -0.0071829999414748285 0.003769496711193086 0.018893093495572451 -0.0021880155532866905 0.020223609502328238 0.0058962388112037724 -0.014186982866602142 0.030450023689249352 -0.0099890081884816372 0.0016477396930626058 -0.0036196264504240391 0.0081096572347363616 0.0015622049752343639
leaf_weight=347 15896 39006 6487 776 36963 294 13059 40487 86 17350 10733 13342 406 7473
leaf_count=347 15896 39006 6487 776 36963 294 13059 40487 86 17350 10733 13342 406 7473
internal_value=-0.000884124 -0.000957366 0.000390161 0.00143789 0.000435045 -0.000739656 0.00395722 -0.00262904 -0.00158373 -0.00171946 0.00110398 -0.000226575 0.0130986 0.00348019
internal_weight=202705 202358 112046 74867 53559 37663 21308 90312 49825 37179 10819 19829 700 20532
internal_count=202705 202358 112046 74867 53559 37663 21308 90312 49825 37179 10819 19829 700 20532
is_linear=0
shrinkage=0.05


Tree=28
num_leaves=15
num_cat=0
split_feature=20 0 51 36 0 46 44 53 13 28 38 37 37 37
split_gain=227.329 180.807 90.2508 85.7668 128.698 90.137 109.531 56.0656 44.306 43.1139 38.8746 38.111 42.6563 37.0065
threshold=1.0000000180025095e-35 45.000000000000007 0.60355338454246532 17.750000000000004 123.15000152587892 1.0000000180025095e-35 1.4329677820205691 0.94066718220710765 61.141965866088874 15.500000000000002 14.750000000000002 42.500000000000007 85.500000000000014 95.500000000000014
decision_type=2 2 2 2 2 2 2 2 2 2 2 2 2 2
left_child=-1 2 8 4 5 6 7 -3 9 10 -2 -4 -13 -8
right_child=1 3 11 -5 -6 -7 13 -9 -10 -11 -12 12 -14 -15
leaf_value=0.06483720060639668 0.0079344289766271996 0.0055954635775651339 -0.00079566831467316624 -0.0089814015203794288 -0.008346240258087374 -0.0074429555914991884 -0.001882939466321456 0.011032190433303786 0.0046070136455431936 -0.0027618619818518086 0.031347027343889146 0.0089338568727077572 0.0018823921779335521 0.010971095442339806
leaf_weight=331 1514 5891 4542 83616 18969 7845 7655 3185 8470 41816 617 11873 5097 545
leaf_count=331 1514 5891 4542 83616 18969 7845 7655 3185 8470 41816 617 11873 5097 545
internal_value=-0.000922289 -0.000991223 0.000976547 -0.00213035 -0.000345806 0.00200131 0.00401886 0.00779991 -0.000142771 -0.000781105 0.00613965 0.00370272 0.00479093 -0.000170525
internal_weight=201966 201635 73929 127706 44090 25121 17276 9076 52417 43947 2131 21512 16970 8200
internal_count=201966 201635 73929 127706 44090 25121 17276 9076 52417 43947 2131 21512 16970 8200
is_linear=0
shrinkage=0.05


Tree=29
num_leaves=15
num_cat=0
split_feature=20 49 46 17 0 36 23 24 43 1 57 51 0 47
split_gain=231.302 161.813 92.4576 70.8096 55.521 55.0935 67.7741 52.9524 49.5964 44.7795 41.7669 41.6888 38.2737 45.3201
threshold=1.0000000180025095e-35 -64.865528106689439 1.0000000180025095e-35 23.349999427795414 54.049999237060554 14.650000095367433 0.25499999523162847 11.500000000000002 642.50000000000011 49.549999237060554 48.95000076293946 0.60355338454246532 144.59999847412112 7.7007040977478036
decision_type=2 8 2 2 2 2 2 2 8 2 2 2 2 2
left_child=-1 2 7 5 11 6 8 -2 -3 10 -7 -4 13 -8
right_child=1 3 4 -5 -6 9 12 -9 -10 -11 -12 -13 -14 -15
leaf_value=0.061645751965104051 0.0066196150929029298 0.0071395967793632031 -0.002078765647354867 -0.013088934231477764 -0.0088693031972727071 -0.0040598212702277307 0.0052565800214359852 0.0016304019051291961 0.01796838660286966 -0.008503809362613966 0.0033316660462782985 0.0057017540625505349 -0.0076006345257154289 -0.0087254693055599641
leaf_weight=340 14617 1920 16219 34287 11787 33757 6195 12140 554 42255 10144 10742 4588 2877
leaf_count=340 14617 1920 16219 34287 11787 33757 6195 12140 554 42255 10144 10742 4588 2877
internal_value=-0.000897636 -0.000967927 0.00107494 -0.00194773 -0.000486094 -0.00128837 0.00139247 0.00333489 0.00898953 -0.0017905 -0.000671928 0.000765451 1.09717e-05 0.00189275
internal_weight=202422 202082 65505 136577 38748 102290 16134 26757 2474 86156 43901 26961 13660 9072
internal_count=202422 202082 65505 136577 38748 102290 16134 26757 2474 86156 43901 26961 13660 9072
is_linear=0
shrinkage=0.05


Tree=30
num_leaves=15
num_cat=0
split_feature=20 19 43 51 27 36 46 44 20 47 15 31 37 19
split_gain=209.818 154.236 126.175 62.4461 55.5688 59.718 59.8868 52.3621 51.6915 44.1735 39.3988 38.9673 32.9226 44.8012
threshold=1.0000000180025095e-35 116.50000000000001 127.50000000000001 -0.6035533845424651 37.549999237060554 14.650000095367433 1.0000000180025095e-35 -2.6783710718154903 21.849999427795414 5.4478566646575937 72.750000000000014 5.7516794204711923 94.500000000000014 190.69999694824222
decision_type=2 2 8 2 2 2 2 2 2 2 2 2 2 2
left_child=-1 2 3 -2 5 6 9 10 -5 -4 -6 -11 -3 -14
right_child=1 12 4 8 7 -7 -8 -9 -10 11 -12 -13 13 -15
leaf_value=0.059149018515964324 0.0135167851173405 -0.010492646894348479 0.020301171998868026 0.0047591797729801232 0.029740926171749588 -0.0050979646754063038 -0.0038520343186405899 -0.002492372360978933 0.00021887093546361707 0.0028034172769750214 -0.0029684046206391052 0.017261760674282898 0.0054116233353747184 -0.0055273285281031859
leaf_weight=331 1236 55324 350 23926 1579 76793 1968 2680 28444 1025 573 498 3264 4683
leaf_count=331 1236 55324 350 23926 1579 76793 1968 2680 28444 1025 573 498 3264 4683
internal_value=-0.000932833 -0.000998825 -6.76591e-05 0.00183378 -0.00126035 -0.00157259 0.00450402 0.00394258 0.00157025 0.0108789 0.00973173 0.00710046 -0.00304523 -3.58187e-05
internal_weight=202674 202343 139072 53606 85466 80634 3841 4832 52370 1873 2152 1523 63271 7947
internal_count=202674 202343 139072 53606 85466 80634 3841 4832 52370 1873 2152 1523 63271 7947
is_linear=0
shrinkage=0.05


Tree=31
num_leaves=15
num_cat=0
split_feature=20 17 51 43 23 48 24 1 46 51 21 13 43 1
split_gain=204.409 145.33 117.18 58.8301 58.1673 59.2767 49.716 43.3291 42.1079 42.5651 34.8906 32.5213 24.5325 23.8461
threshold=1.0000000180025095e-35 13.150000095367433 0.60355338454246532 41.875000000000007 0.46500000357627874 -0.94999998807907093 12.500000000000002 53.850000381469734 1.2500000000000002 -0.37940952181816096 29.500000000000004 42.519939422607429 22.500000000000004 38.45000076293946
decision_type=2 2 2 10 2 2 2 2 2 2 2 2 10 2
left_child=-1 2 4 6 5 8 10 -5 9 -2 -4 -12 -13 -6
right_child=1 -3 3 7 13 -7 -8 -9 -10 -11 11 12 -14 -15
leaf_value=0.055282531817840486 0.011526524756882865 -0.0096723332779760016 0.0016324399309692623 0.0040344058137476869 -0.00080657067533737743 -0.0030442345106648974 0.0015677048413689357 -0.0043197535537796853 -0.0050322871657999934 0.0038380947169518332 0.000436345012515241 0.0097133228478502899 0.0079971583309976745 -0.0064926484256939551
leaf_weight=336 3836 54504 2370 15062 14727 25837 7541 9767 3809 8645 1212 3924 3280 47610
leaf_count=336 3836 54504 2370 15062 14727 25837 7541 9767 3809 8645 1212 3924 3280 47610
internal_value=-0.000912976 -0.000978659 -0.000163925 0.00202752 -0.00106936 0.000365829 0.00417544 0.000441039 0.00272699 0.00413057 0.00635143 0.00785901 0.00913224 -0.00203915
internal_weight=202460 202124 147620 43156 104464 42127 18327 24829 16290 12481 10786 8416 7204 62337
internal_count=202460 202124 147620 43156 104464 42127 18327 24829 16290 12481 10786 8416 7204 62337
is_linear=0
shrinkage=0.05


Tree=32
num_leaves=15
num_cat=0
split_feature=20 19 57 51 44 40 46 43 19 46 53 30 19 44
split_gain=206.03 146.922 113.555 71.9999 45.4769 59.591 40.963 39.6872 39.1505 37.2168 35.6747 31.7752 30.2072 29.0441
threshold=1.0000000180025095e-35 99.549999237060561 64.883335113525405 0.37940952181816107 2.1988074779510502 991.54998779296886 20.150000572204593 25.02689361572266 32.300001144409187 0.65000000596046459 0.9993295967578889 25.02689361572266 42.049999237060554 -3.8591128587722774
decision_type=2 2 2 2 2 2 2 8 2 2 2 10 2 2
left_child=-1 2 3 8 5 6 -4 -3 -2 11 -6 -7 -5 -13
right_child=1 7 4 12 10 9 -8 -9 -10 -11 -12 13 -14 -15
leaf_value=0.052767219056196558 0.0037661960831797923 0.00043575056864788301 0.0055210118287241337 0.0074359992242592106 -0.00073241071344308062 0.016380710235425054 -0.013296513754984973 -0.0085788952495529543 -0.0058458600810500985 -0.00055490772715465083 0.015395898543344564 0.01767713714321608 0.00071495316516753779 0.0077951107601163562
leaf_weight=342 6541 10272 14972 7381 9102 270 1668 70542 56537 600 124 301 21746 1824
leaf_count=342 6541 10272 14972 7381 9102 270 1668 70542 56537 600 124 301 21746 1824
internal_value=-0.000890365 -0.000956958 0.000145114 -0.000711653 0.00288161 0.00424154 0.00306907 -0.00260777 -0.00166101 0.0107238 -1.40765e-05 0.0135031 0.00134417 0.0113466
internal_weight=202222 201880 121066 92205 28861 19635 16640 80814 63078 2995 9226 2395 29127 2125
internal_count=202222 201880 121066 92205 28861 19635 16640 80814 63078 2995 9226 2395 29127 2125
is_linear=0
shrinkage=0.05


Tree=33
num_leaves=15
num_cat=0
split_feature=20 0 57 36 0 0 37 46 9 47 46 44 23 46
split_gain=202.389 149.715 90.2122 80.3799 104.806 78.3378 67.9323 66.251 42.9398 39.358 37.5116 35.7321 34.5857 39.426
threshold=1.0000000180025095e-35 54.750000000000007 58.783332824707038 13.449999809265138 149.69999694824222 25.750000000000004 85.500000000000014 0.65000000596046459 95.099998474121108 4.9460926055908212 20.44999980926514 3.6157579421997075 2.0599999427795415 1.0000000180025095e-35
decision_type=2 2 2 2 2 2 2 2 2 2 2 2 2 2
left_child=-1 2 5 4 6 8 -3 9 -2 -8 11 -4 -5 -14
right_child=1 3 10 12 -6 -7 7 -9 -10 -11 -12 -13 13 -15
leaf_value=0.049867842702341396 0.0041631311776647315 -0.0028448691495918076 0.0066875006090452039 -0.0086572366002669095 -0.0094483470798493816 -0.003135994535427344 0.0087385078962687723 -0.0095315711656390398 0.026584534433621999 0.0039351031767414849 -0.0082763732350585508 -5.8804979776317141e-05 0.030617640296526014 -0.018462126887392519
leaf_weight=338 17170 6278 16858 76580 9154 58763 4210 1701 261 3368 2133 4839 201 223
leaf_count=338 17170 6278 16858 76580 9154 58763 4210 1701 261 3368 2133 4839 201 223
internal_value=-0.000856736 -0.00092241 0.000451145 -0.00227304 0.000208121 -0.000388695 0.0027054 0.00542093 0.00255404 0.00742093 0.00313549 0.00375754 -0.00306918 0.0110138
internal_weight=202077 201739 100024 101715 24711 76194 15557 9279 17431 7578 23830 21697 77004 424
internal_count=202077 201739 100024 101715 24711 76194 15557 9279 17431 7578 23830 21697 77004 424
is_linear=0
shrinkage=0.05


Tree=34
num_leaves=15
num_cat=0
split_feature=20 0 15 13 51 37 46 0 53 23 50 46 11 37
split_gain=185.858 137.952 86.2967 80.7144 67.5351 62.2186 80.2763 95.5064 67.6256 72.6654 55.0307 55.7 38.2607 34.2101
threshold=1.0000000180025095e-35 61.100000381469734 140.85000610351565 51.110416412353523 0.37940952181816107 77.500000000000014 1.0000000180025095e-35 154.35000610351565 0.94353348016738903 1.9049999713897707 0.37940952181816107 0.25000000745058065 80.241664886474624 57.500000000000007
decision_type=2 2 2 2 2 2 2 2 2 2 2 2 2 2
left_child=-1 2 4 -4 10 -3 7 8 9 -7 -2 -12 -10 -5
right_child=1 5 3 13 -6 6 -8 -9 12 -11 11 -13 -14 -15
leaf_value=0.047161563619240281 -0.0056383753418489391 -0.010770191567805659 0.03648440871051891 -0.003716689550389118 0.0025938103164162476 0.00038099665437989975 -0.01094604549861939 -0.0078655895595632751 0.014750598631262072 0.034375243705491249 0.0056922416952600976 -0.0032644889322004916 0.005544485528257705 0.0090498827186235066
leaf_weight=318 41305 50032 293 1139 41263 9460 15464 7024 773 123 12668 14939 4731 2548
leaf_count=318 41305 50032 293 1139 41263 9460 15464 7024 773 123 12668 14939 4731 2548
internal_value=-0.000839231 -0.000900324 0.000245039 0.00746867 -1.65642e-05 -0.00239263 -0.00085473 0.00107793 0.00331953 0.000780255 -0.000974436 0.000753701 0.00773123 0.00541385
internal_weight=202080 201762 114155 3980 110175 87607 37575 22111 15087 9583 68912 27607 5504 3687
internal_count=202080 201762 114155 3980 110175 87607 37575 22111 15087 9583 68912 27607 5504 3687
is_linear=0
shrinkage=0.05


Tree=35
num_leaves=15
num_cat=0
split_feature=20 0 46 37 0 57 0 47 47 40 15 51 37 49
split_gain=194.179 136.421 71.6827 80.3565 101.206 70.8632 68.8457 58.9221 54.1148 47.6647 34.8928 33.4212 31.1912 31.0269
threshold=1.0000000180025095e-35 54.750000000000007 1.0000000180025095e-35 83.500000000000014 159.94999694824222 49.250000000000007 25.750000000000004 4.9167840480804452 8.9435133934021014 992.54998779296886 59.949998855590827 0.60355338454246532 36.500000000000007 -687.49999999999989
decision_type=2 2 2 2 2 2 2 2 2 2 2 2 2 8
left_child=-1 5 3 13 7 6 12 11 9 -7 -11 -5 -2 -3
right_child=1 2 -4 4 -6 8 -8 -9 -10 10 -12 -13 -14 -15
leaf_value=0.043990998454661812 -0.0018670447173582559 0.0047132197844268397 -0.011842008710674317 0.0053161652985618995 -0.0078802513199005605 0.0039221116879905498 -0.0043120121170835074 0.0012594525262558489 -0.0043309611118064421 0.01747067094471225 0.0086921196334636616 0.0094215297447320413 0.0064051488163845288 -0.0059713603879434406
leaf_weight=330 5859 1693 45815 3653 5242 29649 45615 6538 7774 160 1284 2211 9706 37271
leaf_count=330 5859 1693 45815 3653 5242 29649 45615 6538 7774 160 1284 2211 9706 37271
internal_value=-0.000842908 -0.000906264 -0.0021889 -0.000998624 0.00180016 0.000406917 -0.000653703 0.0042612 0.00207616 0.00300887 0.0118501 0.00789581 0.00221669 -0.00226613
internal_weight=202800 202470 102423 56608 17644 100047 61180 12402 38867 31093 1444 5864 15565 38964
internal_count=202800 202470 102423 56608 17644 100047 61180 12402 38867 31093 1444 5864 15565 38964
is_linear=0
shrinkage=0.05


Tree=36
num_leaves=15
num_cat=0
split_feature=20 17 51 50 23 47 43 53 0 0 26 53 19 47
split_gain=186.786 132.61 99.0513 81.0261 57.4126 57.3989 57.747 49.8565 40.6888 40.3994 37.2015 42.8699 38.8715 59.8896
threshold=1.0000000180025095e-35 23.849999427795414 0.37940952181816107 0.12940952181816109 0.40500000119209295 7.7807354927062997 22.500000000000004 0.65720760822296154 54.049999237060554 26.550000190734867 0.69953638315200817 0.14888729155063632 194.85000610351565 4.7276141643524179
decision_type=2 2 2 2 2 2 10 2 2 2 2 2 2 2
left_child=-1 2 3 -2 7 6 10 -5 -8 -7 11 -4 13 -13
right_child=1 -3 5 4 -6 9 8 -9 -10 -11 -12 12 -14 -15
leaf_value=0.043738067199829138 -0.0066946412591707321 -0.010756945664900021 0.001012927268250245 0.0018743544026779803 -0.0021854836911766764 0.0053758448008926546 0.0052011273152350141 0.0084524012085264166 -0.0010453067850861532 -0.0044937400854753095 0.0014594057293554775 0.017119028183991997 0.002347999189431346 0.010110485467169758
leaf_weight=334 55447 35781 1426 11080 32514 3959 18293 4814 14611 17117 2760 462 1129 2624
leaf_count=334 55447 35781 1426 11080 32514 3959 18293 4814 14611 17117 2760 462 1129 2624
internal_value=-0.000824295 -0.000886937 -0.00029252 -0.00123839 0.000256308 0.00128215 0.00236536 0.00271818 0.00141976 -0.000840843 0.00606289 0.00838701 0.0109172 0.0138146
internal_weight=202351 202017 166236 103855 48408 62381 41305 15894 32904 21076 8401 5641 4215 3086
internal_count=202351 202017 166236 103855 48408 62381 41305 15894 32904 21076 8401 5641 4215 3086
is_linear=0
shrinkage=0.05


Tree=37
num_leaves=15
num_cat=0
split_feature=20 19 57 0 45 28 44 46 53 43 52 45 56 43
split_gain=177.375 122.507 98.1565 91.8027 48.2691 41.755 40.3527 48.4932 39.9889 37.3777 36.4438 54.8601 32.0995 30.8594
threshold=1.0000000180025095e-35 120.84999847412111 72.383335113525405 35.549999237060554 -0.56380888819694508 12.500000000000002 2.1988074779510502 1.0000000180025095e-35 -0.97507822513580311 147.50000000000003 -0.99763298034667958 3.9638139009475712 27.750000000000004 142.50000000000003
decision_type=2 2 2 2 2 2 2 2 2 10 2 2 2 8
left_child=12 2 3 4 -2 9 7 -4 -9 -6 11 -7 -1 -5
right_child=1 -3 6 13 5 10 -8 8 -10 -11 -12 -13 -14 -15
leaf_value=0.042111799711536141 -0.0011813936341846761 -0.0069339732159298152 0.0060224884852089428 -0.00056459424977367198 0.0049672539930022816 0.0013012803740152057 -0.00038726009664822117 0.014452429305060473 -0.00035455755492051744 0.039985289576803834 0.00387248572964532 0.024129328652721983 0.0081672882329998763 -0.0075375126142040762
leaf_weight=265 22379 59319 11304 22796 249 376 9966 966 8034 287 18414 250 77 47535
leaf_count=265 22379 59319 11304 22796 249 376 9966 966 8034 287 18414 250 77 47535
internal_value=-0.000831913 -0.000893703 -9.91132e-05 -0.00078035 0.00107053 0.00288318 0.00242734 0.00370582 0.000965593 0.0165201 0.00249081 0.014261 0.0346307 -0.00188446
internal_weight=202217 201875 142556 112286 41955 19576 30270 20304 9000 536 19040 626 342 70331
internal_count=202217 201875 142556 112286 41955 19576 30270 20304 9000 536 19040 626 342 70331
is_linear=0
shrinkage=0.05


Tree=38
num_leaves=15
num_cat=0
split_feature=20 0 57 0 43 51 46 23 0 57 46 26 40 45
split_gain=181.325 119.06 94.4905 66.8316 60.2899 39.77 34.1861 53.1791 45.3999 41.4082 32.3976 31.9333 31.8356 31.1006
threshold=1.0000000180025095e-35 64.40000152587892 70.816669464111342 23.750000000000004 62.500000000000007 0.60355338454246532 1.0000000180025095e-35 1.9950000047683718 125.05000305175783 112.91666793823244 20.44999980926514 0.7906656563282014 992.95001220703136 -2.541049480438232
decision_type=2 2 2 2 10 2 2 2 2 2 2 2 2 2
left_child=-1 2 3 13 6 -5 7 8 9 -3 -4 -11 -7 -2
right_child=1 4 10 5 -6 12 -8 -9 -10 11 -12 -13 -14 -15
leaf_value=0.039441870524135135 -4.1365845423836834e-06 -0.00032605702708692134 0.0054755670921565686 -0.0040429463571084985 -0.011359709163077922 0.0012354540804224614 -0.0086443233448743398 0.025280069484717373 -0.0040205243539779036 0.0080169812735523174 -0.011934057520031703 0.0013322744851974326 0.013273159744567224 0.0084218306190422428
leaf_weight=340 6204 9273 16850 65171 46522 21885 9194 144 11755 2781 1456 2456 220 8246
leaf_count=340 6204 9273 16850 65171 46522 21885 9194 144 11755 2781 1456 2456 220 8246
internal_value=-0.000814961 -0.000877172 0.000126538 -0.000468665 -0.00234401 -0.000990194 -0.000795076 0.00011942 -5.23323e-05 0.00181818 0.00343252 0.00536783 0.000842187 0.00267981
internal_weight=202497 202157 120032 101726 82125 87276 35603 26409 26265 14510 18306 5237 22105 14450
internal_count=202497 202157 120032 101726 82125 87276 35603 26409 26265 14510 18306 5237 22105 14450
is_linear=0
shrinkage=0.05


Tree=39
num_leaves=15
num_cat=0
split_feature=20 17 43 47 28 20 44 53 12 15 10 53 44 56
split_gain=175.678 113.842 85.4612 85.5524 62.4661 55.6162 44.6053 43.9534 90.7813 36.3068 32.7885 40.7488 47.646 31.4381
threshold=1.0000000180025095e-35 23.849999427795414 202.50000000000003 7.8066685199737558 16.500000000000004 27.849999427795414 -3.736929059028625 -0.99983122944831837 60.584028244018562 72.750000000000014 118.8583335876465 0.42763730883598333 0.85758596658706676 27.750000000000004
decision_type=2 2 10 2 2 2 2 2 2 2 2 2 2 2
left_child=13 2 3 5 6 -2 9 8 -6 -4 11 -7 -13 -1
right_child=1 -3 4 -5 7 10 -8 -9 -10 -11 -12 12 -14 -15
leaf_value=0.038102085480940996 0.0044029982051846158 -0.0096646871580230234 0.037205266606888047 -0.0033595313080828932 -0.0027301219640218834 -0.0011615642153225232 0.0020110693439057211 -0.0055165083865502526 0.035583397841583653 -0.0027897034160383376 -0.0040362935267608249 0.0071778231836652261 -0.00011114284041651149 0.01232258901336286
leaf_weight=263 33760 35773 585 33022 452 13531 937 62847 190 197 9555 5652 4864 72
leaf_count=263 33760 35773 585 33022 452 13531 937 62847 190 197 9555 5652 4864 72
internal_value=-0.000794211 -0.000855246 -0.000302594 0.000612884 -0.0017118 0.0016348 0.00766628 -0.00196688 0.0109509 0.0164015 0.000194572 0.00117907 0.00351225 0.0348551
internal_weight=201700 201365 165592 100384 65208 67362 1719 63489 642 782 33602 24047 10516 335
internal_count=201700 201365 165592 100384 65208 67362 1719 63489 642 782 33602 24047 10516 335
is_linear=0
shrinkage=0.05


Tree=40
num_leaves=15
num_cat=0
split_feature=23 0 57 0 37 46 0 23 56 37 38 47 40 50
split_gain=147.722 109.511 77.7981 58.4817 57.0138 61.7196 69.7481 62.2065 51.6297 47.8145 37.299 33.6134 40.5433 32.7416
threshold=0.074999999254941954 65.799999237060561 70.816669464111342 28.550000190734867 75.500000000000014 1.0000000180025095e-35 161.85000610351565 1.9049999713897707 18.750000000000004 94.500000000000014 14.750000000000002 7.835538625717164 992.64999389648449 0.12940952181816109
decision_type=2 2 2 2 2 2 2 2 2 2 2 2 2 2
left_child=8 2 3 10 -3 6 7 9 -1 -6 -2 12 -5 -11
right_child=1 4 -4 11 5 -7 -8 -9 -10 13 -12 -13 -14 -15
leaf_value=0.036403424692762108 -0.00042272158610642802 -0.010366737223012108 0.0044759143276167784 -0.001078486207678754 0.00095259611023309305 -0.0096420490916273617 -0.0073039425358350594 0.03130194593538773 -0.0012101854734308582 0.0086594921840217783 0.0074233386251267713 -0.0073912915651354882 0.0094019985092397215 0.0050994473781031556
leaf_weight=261 13040 41689 19348 48887 12157 14697 6326 141 95 871 11555 28790 1155 3226
leaf_count=261 13040 41689 19348 48887 12157 14697 6326 141 95 871 11555 28790 1155 3226
internal_value=-0.000807871 -0.000865365 6.94291e-05 -0.000475025 -0.002316 -0.000898794 0.000734458 0.00245504 0.030929 0.00215691 0.00165312 -0.00113911 -0.000355831 0.00682128
internal_weight=202238 201882 122775 103427 79107 37418 22721 16395 356 16254 24595 78832 50042 4097
internal_count=202238 201882 122775 103427 79107 37418 22721 16395 356 16254 24595 78832 50042 4097
is_linear=0
shrinkage=0.05


Tree=41
num_leaves=15
num_cat=0
split_feature=20 17 46 48 0 23 47 45 12 18 43 28 53 54
split_gain=172.356 103.675 76.023 97.1898 59.1276 46.2537 43.7762 42.6268 44.0269 41.2773 44.1278 39.617 36.3965 39.0588
threshold=1.0000000180025095e-35 23.849999427795414 1.0000000180025095e-35 -3.0499999523162837 54.049999237060554 2.0599999427795415 7.6735572814941415 -0.51202034950256337 26.397915840148929 -31.150000572204586 152.50000000000003 44.500000000000007 -0.44505782425403589 8.5000000000000018
decision_type=2 2 2 2 2 2 2 2 2 2 10 2 2 2
left_child=-1 2 3 -2 6 7 9 -5 12 -4 -11 -8 -9 -14
right_child=1 -3 4 5 -6 -7 11 8 -10 10 -12 -13 13 -15
leaf_value=0.033748204819368958 0.0045391828228348273 -0.0090457213970079244 0.0099135956981633248 -0.00360011444822168 -0.0080826232745425195 0.025761671281355609 0.0021954726310790102 0.034913183247569805 0.0013173637563364622 0.0048190782150096699 -0.00301553198525761 -0.008689487394078264 -0.015087758694047042 0.01613918338864288
leaf_weight=352 24053 35846 2742 28151 32841 140 8258 186 21735 13325 16896 17029 329 196
leaf_count=352 24053 35846 2742 28151 32841 140 8258 186 21735 13325 16896 17029 329 196
internal_value=-0.00079616 -0.000857975 -0.000330972 0.000850266 -0.00130081 -0.000390862 -0.000344148 -0.000472959 0.00115203 0.000856305 0.00032235 -0.00190873 0.0133079 0.00630841
internal_weight=202079 201727 165881 74790 91091 50737 58250 50597 22446 32963 30221 25287 711 525
internal_count=202079 201727 165881 74790 91091 50737 58250 50597 22446 32963 30221 25287 711 525
is_linear=0
shrinkage=0.05


Tree=42
num_leaves=15
num_cat=0
split_feature=20 17 45 46 44 12 52 16 43 52 37 46 1 40
split_gain=132.322 94.4985 78.8984 74.7373 64.8323 73.6417 74.2596 70.9062 41.0245 39.9021 35.6494 39.2284 37.7049 42.112
threshold=1.0000000180025095e-35 23.849999427795414 -0.56380888819694508 0.65000000596046459 1.4854021668434145 27.75555515289307 0.89017060399055492 12.150000095367433 152.50000000000003 -0.92923668026924122 44.500000000000007 1.0000000180025095e-35 107.20000076293947 992.95001220703136
decision_type=2 2 2 2 2 2 2 2 10 2 2 2 2 2
left_child=-1 2 10 4 5 6 7 -4 -5 -7 -2 12 13 -12
right_child=1 -3 3 8 -6 9 -8 -9 -10 -11 11 -13 -14 -15
leaf_value=0.031376308473878317 -0.010611768902931203 -0.0084912154042425438 0.035538908024136 0.0024040569504029537 -0.0011995767284585105 -0.00090050721428674855 -0.0071351173239580503 0.012879974043454701 -0.0051035262607429027 0.0055950432726094949 0.0014310133627380157 -0.0044383313823258136 -0.0043781724513927301 0.0090430096218248931
leaf_weight=333 22462 36062 427 13804 13512 5753 485 803 23887 22538 18164 35419 6637 2046
leaf_count=333 22462 36062 427 13804 13512 5753 485 803 23887 22538 18164 35419 6637 2046
internal_value=-0.00075249 -0.000805139 -0.000300911 0.000812678 0.00222408 0.00351879 0.0135507 0.0200403 -0.000817088 0.00290608 -0.00136822 -0.000751976 0.000689391 0.0017631
internal_weight=202332 201999 165937 81209 43518 30006 1715 1230 37691 28291 84728 62266 26847 20210
internal_count=202332 201999 165937 81209 43518 30006 1715 1230 37691 28291 84728 62266 26847 20210
is_linear=0
shrinkage=0.05


Tree=43
num_leaves=15
num_cat=0
split_feature=20 49 1 19 40 46 41 1 38 53 18 28 13 26
split_gain=138.593 97.4279 49.6198 49.4932 60.8005 58.6333 42.8745 38.5603 50.6298 37.2956 44.6936 50.8856 32.5979 30.2879
threshold=1.0000000180025095e-35 22.500000000000004 69.950000762939467 186.94999694824222 986.75000000000011 1.0000000180025095e-35 46.500000000000007 29.44999980926514 14.750000000000002 -0.93543598055839527 -36.199998855590813 42.500000000000007 40.615177154541023 0.81488266587257396
decision_type=2 10 2 2 2 2 2 2 2 2 2 2 2 2
left_child=-1 3 9 4 7 6 13 8 -2 10 -3 12 -12 -6
right_child=1 2 -4 -5 5 -7 -8 -9 -10 -11 11 -13 -14 -15
leaf_value=0.030491979154706608 -0.0023373627144249675 0.020463072761912959 -0.011373530524963794 -0.0058163871609682172 0.0050376064301628273 -0.0023809915710941332 0.0067904848245981314 -0.0021262606255432301 0.0084125282903403983 -0.00467366499550711 0.032349866272284145 -0.00098912720146665631 0.022797337486535299 -0.00037257537562096255
leaf_weight=331 8659 459 33020 13670 11412 10640 7952 54408 9091 38028 92 5139 605 7987
leaf_count=331 8659 459 33020 13670 11412 10640 7952 54408 9091 38028 92 5139 605 7987
internal_value=-0.000778972 -0.00083292 -0.00222506 3.67834e-05 0.000389027 0.00200771 0.00323252 -0.000463364 0.00155968 -0.00113155 0.00243061 0.00123503 0.0138119 0.00196326
internal_weight=201493 201162 77343 123819 110149 37991 27351 72158 17750 44323 6295 5836 697 19399
internal_count=201493 201162 77343 123819 110149 37991 27351 72158 17750 44323 6295 5836 697 19399
is_linear=0
shrinkage=0.05


Tree=44
num_leaves=15
num_cat=0
split_feature=20 20 47 43 26 28 44 12 47 54 44 28 38 24
split_gain=131.042 86.7458 71.5368 72.4665 47.8784 47.1387 48.4344 63.9962 44.433 77.7641 34.4821 34.294 54.219 32.8284
threshold=1.0000000180025095e-35 77.750000000000014 8.0170459747314471 202.50000000000003 0.70515134930610668 44.500000000000007 -7.556668519973754 28.868750572204593 4.8556349277496347 10.500000000000002 5.0510108470916757 18.500000000000004 15.250000000000002 14.500000000000002
decision_type=2 2 2 10 2 2 2 2 2 2 2 2 2 2
left_child=10 2 3 4 8 6 7 -4 9 -2 -1 12 -5 -10
right_child=1 -3 5 11 -6 -7 -8 -9 13 -11 -12 -13 -14 -15
leaf_value=0.030006534895202282 0.0057634364399323278 -0.0075254813579667124 0.027618194602219034 0.006464454871979876 -0.00046314571935647612 -0.0088886721764636391 -0.0029955460689588252 0.0047678047992620355 0.0047386995056017192 0.01681140226436546 0.0015816638098586505 -0.0032589034157025605 0.037299373555519905 0.00067639488647711511
leaf_weight=258 4369 36673 548 1036 25667 31927 15044 3200 19865 548 88 44776 261 17945
leaf_count=258 4369 36673 548 1036 25667 31927 15044 3200 19865 548 88 44776 261 17945
internal_value=-0.000758476 -0.000811889 -0.000323435 0.0003692 0.00140167 -0.0018864 0.00010052 0.00517829 0.00242682 0.00689365 0.0295506 -0.00116345 0.00682096 0.00184426
internal_weight=202205 201859 165186 114467 68394 50719 18792 3748 42727 4917 346 46073 1297 37810
internal_count=202205 201859 165186 114467 68394 50719 18792 3748 42727 4917 346 46073 1297 37810
is_linear=0
shrinkage=0.05


Tree=45
num_leaves=15
num_cat=0
split_feature=19 0 40 46 44 37 34 27 54 53 12 0 44 12
split_gain=101.446 90.1676 76.1189 54.133 67.9161 64.362 47.044 45.0239 47.9061 41.8334 37.1841 36.8959 34.4129 32.2461
threshold=119.89999771118165 8.9000000953674334 992.25000000000011 20.650000572204593 1.0164568479410201e-15 46.500000000000007 0.84999999403953563 37.750000000000007 10.500000000000002 0.98174098134040844 31.10624980926514 33.95000076293946 2.3206776380538945 64.869441986083999
decision_type=2 2 2 2 2 2 2 2 2 2 2 2 2 2
left_child=1 6 3 4 7 -6 -1 8 -3 12 -9 -7 -4 -12
right_child=-2 2 9 -5 5 11 -8 10 -10 -11 13 -13 -14 -15
leaf_value=0.028624766388612555 -0.0054103669288155364 0.00063413443702250917 0.0070600742725249483 -0.010811323920169409 -0.011040032509533162 0.0053218725266690053 0.0072111111550564218 0.027352310130828519 0.0059913775628752776 0.0096389889463846384 0.0061010481174915681 -0.0017023524523197978 -0.0019634449540686487 0.031537340280114338
leaf_weight=393 60189 59262 3658 12821 22373 7921 393 726 4014 1312 2138 24112 3138 111
leaf_count=393 60189 59262 3658 12821 22373 7921 393 726 4014 1312 2138 24112 3138 111
internal_value=-0.000775063 -4.74791e-05 -0.000141813 -0.00042768 -9.93241e-05 -0.00140823 0.0167337 0.00097561 0.000692411 0.004559 0.00697655 2.91783e-05 0.00297091 0.00376494
internal_weight=202561 142372 141586 133478 120657 54406 786 66251 63276 8108 2975 32033 6796 2249
internal_count=202561 142372 141586 133478 120657 54406 786 66251 63276 8108 2975 32033 6796 2249
is_linear=0
shrinkage=0.05


Tree=46
num_leaves=15
num_cat=0
split_feature=20 0 49 47 0 56 45 26 0 12 24 23 0 12
split_gain=108.936 95.36 61.159 51.5572 48.1702 58.6542 42.1866 39.9886 37.4372 37.2017 32.7532 38.0549 35.4054 39.1911
threshold=1.0000000180025095e-35 45.000000000000007 87.500000000000014 7.6735572814941415 163.6499938964844 170.6499938964844 -0.56380888819694508 0.69703051447868358 16.849999427795414 19.609027862548832 3.5000000000000004 2.0599999427795415 102.29999923706056 51.227083206176765
decision_type=2 2 10 2 2 2 2 2 2 2 2 2 2 2
left_child=-1 6 3 4 5 9 -2 -7 -8 -3 12 -12 13 -11
right_child=1 2 -4 -5 -6 7 8 -9 -10 10 11 -13 -14 -15
leaf_value=0.025904506003960149 -0.00094673204937102706 0.02002692411617325 -0.0092060760252045508 -0.0083018404841924739 -0.0076247417682096044 0.0080921608164666505 0.013697341342430428 0.0023177939585114918 0.0028175624002876693 -0.0058130610666449487 -0.0016086700055874814 0.026241535977165394 -0.0020598308945055316 0.0055959805169310713
leaf_weight=328 37918 71 42355 22136 8498 1413 2013 2669 34062 2100 34352 129 5512 8593
leaf_count=328 37918 71 42355 22136 8498 1413 2013 2669 34062 2100 34352 129 5512 8593
internal_value=-0.000669746 -0.00071721 -0.00154406 -0.000774015 -4.79119e-05 0.000495085 0.000711254 0.00625366 0.00193501 3.08259e-05 -2.32772e-05 -0.000894582 0.00183009 0.00350696
internal_weight=202149 201821 127828 85473 63337 54839 73993 4082 36075 50757 50686 34481 16205 10693
internal_count=202149 201821 127828 85473 63337 54839 73993 4082 36075 50757 50686 34481 16205 10693
is_linear=0
shrinkage=0.05


Tree=47
num_leaves=15
num_cat=0
split_feature=20 0 57 37 0 19 46 38 9 53 13 36 43 24
split_gain=103.473 82.4127 71.9711 56.1901 53.9595 45.3912 36.2547 35.4596 47.4671 33.9678 57.0302 33.3715 33.2756 32.6121
threshold=1.0000000180025095e-35 74.599998474121108 71.883335113525405 94.500000000000014 35.549999237060554 201.40000152587893 0.55000001192092907 14.949999809265138 103.70000076293947 0.71952396631240856 55.756547927856452 17.650000572204593 25.02689361572266 40.500000000000007
decision_type=2 2 2 2 2 2 2 2 2 2 2 2 8 2
left_child=-1 2 4 12 7 6 -5 -2 13 -6 11 -11 -3 -9
right_child=1 3 -4 5 9 -7 -8 8 -10 10 -12 -13 -14 -15
leaf_value=0.024740589800208265 -0.0014173628499238894 0.00029654871326130163 0.0037653992087652655 0.0058658504290401703 -0.0037546343826673542 -0.0040023994939120226 -0.012877166912307206 0.0019957104945827436 0.022589688029557641 0.019115336389882463 0.0014414569362539392 -0.0013364993185152349 -0.0085030752982589424 0.012050767617261074
leaf_weight=331 21080 7852 23880 3704 66172 4073 965 16866 310 199 3934 95 48890 3820
leaf_count=331 21080 7852 23880 3704 66172 4073 965 16866 310 199 3934 95 48890 3820
internal_value=-0.000701625 -0.000748081 -4.7887e-05 -0.00220585 -0.000577229 0.00152422 0.00488459 0.000839233 0.00229315 -0.0014238 0.00291647 0.0237829 -0.0027807 0.00199652
internal_weight=202171 201840 136356 65484 112476 8742 4669 42076 20996 70400 4228 294 56742 20686
internal_count=202171 201840 136356 65484 112476 8742 4669 42076 20996 70400 4228 294 56742 20686
is_linear=0
shrinkage=0.05


Tree=48
num_leaves=15
num_cat=0
split_feature=0 20 46 23 48 57 44 38 52 46 44 9 52 0
split_gain=92.8164 83.0251 59.5726 66.7328 60.5708 38.105 33.588 32.5723 75.8687 74.3408 41.1877 35.2823 34.6699 32.3015
threshold=43.850000381469734 1.0000000180025095e-35 1.0000000180025095e-35 1.9049999713897707 -3.0499999523162837 45.383333206176765 0.46241833269596105 15.550000190734865 0.27694219350814825 1.0000000180025095e-35 -4.3640379905700675 95.099998474121108 0.30983042716979986 105.59999847412111
decision_type=2 2 2 2 2 2 2 2 2 2 2 2 2 2
left_child=1 -1 3 4 -2 7 13 -3 11 10 -10 -9 -12 -6
right_child=2 5 -4 -5 6 -7 -8 8 9 -11 12 -13 -14 -15
leaf_value=0.02387695380984348 0.0026404669089564788 -0.0043138553290860094 -0.0065957229485014276 0.022255051295167361 0.0022779403933635149 0.0037577381023194954 -0.0054915531626574228 -0.0013615160328185145 0.031932084673851592 0.0047806739129781922 0.022978220318014386 0.017035656454170118 0.006098816004186612 -0.0036343401232769262
leaf_weight=314 16374 23012 64671 310 13705 27441 26848 15238 606 2796 144 411 625 9607
leaf_count=314 16374 23012 64671 310 13705 27441 26848 15238 606 2796 144 411 625 9607
internal_value=-0.000696694 0.000765825 -0.00148166 -0.000434829 -0.000544303 0.000649302 -0.00140622 -0.000282668 0.00120272 0.00718608 0.0166606 -0.00039562 0.00879974 -1.75812e-05
internal_weight=202102 70587 131515 66844 66534 70273 50160 42832 19820 4171 1375 15649 769 23312
internal_count=202102 70587 131515 66844 66534 70273 50160 42832 19820 4171 1375 15649 769 23312
is_linear=0
shrinkage=0.05


Tree=49
num_leaves=15
num_cat=0
split_feature=0 23 57 37 0 47 0 23 43 38 28 47 53 44
split_gain=86.9891 81.1196 71.9982 51.038 49.3274 41.724 71.7281 46.4494 39.285 33.9534 49.5749 30.5671 45.2668 32.4131
threshold=74.599998474121108 0.074999999254941954 65.216663360595717 85.500000000000014 40.800001144409187 5.1071946620941171 179.94999694824222 1.6250000000000002 22.500000000000004 15.050000190734865 28.500000000000004 8.0981650352478045 -0.94703993201255787 -6.8742341995239249
decision_type=2 2 2 2 2 2 2 2 10 2 2 2 2 2
left_child=1 8 4 -2 9 6 7 -5 -1 -3 11 12 -11 -14
right_child=3 2 -4 5 -6 -7 -8 -9 -10 10 -12 -13 13 -15
leaf_value=0.022420565831678431 -0.0076192032231052467 -0.0020471405027065086 0.0032793573634602316 0.0039455444746514098 -0.003972230757836045 -0.0049615610493271931 -0.0064531220659641841 0.022639872697863321 0.0157421319375711 0.032217444289229999 0.0015525497673092351 0.010268996112989769 0.033853651067117872 0.004740964025554021
leaf_weight=189 45893 25694 31908 6924 51051 9442 3471 156 182 256 24769 1848 193 561
leaf_count=189 45893 25694 31908 6924 51051 9442 3471 156 182 256 24769 1848 193 561
internal_value=-0.000674585 4.49641e-05 -1.9445e-05 -0.00216675 -0.000654903 -5.82425e-05 0.0021016 0.00498589 0.023084 0.000408673 0.00162518 0.00784867 0.0148039 0.00841623
internal_weight=202537 136651 136280 65886 104372 19993 10551 7080 371 53321 27627 2858 1010 754
internal_count=202537 136651 136280 65886 104372 19993 10551 7080 371 53321 27627 2858 1010 754
is_linear=0
shrinkage=0.05


Tree=50
num_leaves=15
num_cat=0
split_feature=19 19 36 53 42 26 47 47 0 52 46 44 28 37
split_gain=98.6128 74.4283 72.2313 57.9778 49.9805 78.7727 110.412 62.1189 48.3974 41.8689 50.4471 37.5965 45.0687 43.357
threshold=17.550000190734867 146.00000000000003 18.44999980926514 0.96849882602691661 7.4500000476837167 0.70084869861602794 4.9167840480804452 3.6678909063339238 50.95000076293946 0.90162119269371044 20.650000572204593 -3.4290110548895715e-16 13.500000000000002 38.500000000000007
decision_type=2 2 2 2 2 2 2 2 2 2 2 2 2 2
left_child=3 2 4 -1 5 6 -2 -7 9 10 11 12 -4 -13
right_child=1 -3 8 -5 -6 7 -8 -9 -10 -11 -12 13 -14 -15
leaf_value=0.009800245602054225 0.01483545875656884 -0.0059154275522082635 0.02437692122554479 0.022408992228540571 -0.001938705983029543 0.004583653587259099 0.0061284338525924012 -0.0029511437972594662 -0.0046262117759567813 -0.0055141900013543476 -0.0094865894592671505 -0.011377912561953085 0.003623623771124432 0.0021155139407074419
leaf_weight=2190 699 40755 713 230 11692 4718 8736 9496 48219 15299 7705 8322 29071 14012
leaf_count=2190 699 40755 713 230 11692 4718 8736 9496 48219 15299 7705 8322 29071 14012
internal_value=-0.00067017 -0.000792116 -0.000302537 0.00934156 0.00169005 0.00301175 0.00655108 0.000659448 -0.000873565 -7.99937e-05 0.000517021 0.00107543 0.00223803 -0.000475297
internal_weight=201857 199437 158682 2420 35341 23649 9435 14214 123341 75122 59823 52118 29784 22334
internal_count=201857 199437 158682 2420 35341 23649 9435 14214 123341 75122 59823 52118 29784 22334
is_linear=0
shrinkage=0.05


Tree=51
num_leaves=15
num_cat=0
split_feature=19 49 43 47 26 19 57 40 1 47 36 12 47 13
split_gain=86.1086 70.3899 66.4584 55.3573 40.2447 46.4294 75.7314 49.7634 38.7141 37.3287 36.3635 35.7316 48.8123 34.1812
threshold=17.550000190734867 26.250000000000004 17.500000000000004 8.0170459747314471 0.70515134930610668 186.94999694824222 115.66666412353517 992.95001220703136 83.000000000000014 4.6940147876739511 15.050000190734865 25.383334159851078 5.4751811027526864 54.899703979492195
decision_type=2 10 8 2 2 2 2 2 2 2 2 2 2 2
left_child=2 3 -1 4 5 6 7 11 -3 -8 13 12 -2 -9
right_child=1 8 -4 -5 -6 -7 9 10 -10 -11 -12 -13 -14 -15
leaf_value=0.020986748658513514 0.016306727555895708 -0.0028517966076599685 0.0091074277761358426 -0.0040248847397304785 -0.0011810925577990464 -0.0027240629605274538 0.01120040549120834 0.017389938225797891 -0.011013919807533183 0.007594945718385402 0.0016786067677987525 0.0015428056706117627 0.0075058324890872529 0.0082184197800429792
leaf_weight=237 242 51104 2226 37661 30094 9883 628 183 23974 3254 620 41575 495 692
leaf_count=237 242 51104 2226 37661 30094 9883 628 183 23974 3254 620 41575 495 692
internal_value=-0.000645907 -0.000760299 0.00862717 -3.49869e-05 0.00065377 0.00142822 0.00207457 0.00148036 -0.00197089 0.00875899 0.0104153 0.00116228 0.0120013 0.0169209
internal_weight=202868 200405 2463 125327 87666 57572 47689 43807 75078 3882 1495 42312 737 875
internal_count=202868 200405 2463 125327 87666 57572 47689 43807 75078 3882 1495 42312 737 875
is_linear=0
shrinkage=0.05


Tree=52
num_leaves=15
num_cat=0
split_feature=51 56 0 53 15 52 15 43 41 53 47 13 13 52
split_gain=82.7962 72.3444 56.8104 70.3504 44.4322 44.2152 40.8892 40.6616 40.5839 39.8021 34.5119 35.1727 54.1004 34.8654
threshold=0.60355338454246532 9.5500001907348651 76.250000000000014 0.53312596678733837 183.69999694824222 -0.81429189443588246 45.149999618530281 52.500000000000007 36.500000000000007 -0.93543598055839527 8.1860556602478045 41.758630752563484 35.849405288696296 0.32613943517208105
decision_type=2 2 2 2 2 2 2 10 2 2 2 2 2 2
left_child=2 -2 3 4 9 -5 -7 8 -3 10 11 12 -1 -14
right_child=1 7 -4 5 -6 6 -8 -9 -10 -11 -12 -13 13 -15
leaf_value=-0.0039949672460375214 0.016507928864971693 0.0015342204723049306 -0.0062477777624421263 0.010493150239553781 0.024327248952963853 0.020176610252544691 0.0024845159369441755 -0.00092504057367186047 0.0050679251383123278 -0.0039750189337481338 -0.005004482858279511 0.0029082359838695734 0.017284877453354507 -0.03039423575358273
leaf_weight=531 136 22371 44927 440 123 256 14135 29206 7377 70261 4928 6741 912 164
leaf_count=531 136 22371 44927 440 123 256 14135 29206 7377 70261 4928 6741 912 164
internal_value=-0.000632488 0.000942469 -0.00128141 -0.000609183 -0.00117187 0.00256351 0.00207937 0.000855266 0.00215606 -0.0012177 0.00129234 0.00324958 0.00987322 0.0162707
internal_weight=202508 59090 143418 98491 83660 14831 14391 58954 29748 83537 13276 8348 1607 1076
internal_count=202508 59090 143418 98491 83660 14831 14391 58954 29748 83537 13276 8348 1607 1076
is_linear=0
shrinkage=0.05


Tree=53
num_leaves=15
num_cat=0
split_feature=20 45 12 15 43 53 12 45 19 37 41 37 18 37
split_gain=85.5925 70.0881 53.2525 53.4797 52.8113 48.331 72.1368 44.1267 36.7502 40.6468 34.4462 32.9192 32.7657 35.4118
threshold=1.0000000180025095e-35 -0.74224528670310963 28.152777671813968 69.049999237060561 222.50000000000003 -0.99983122944831837 59.08055496215821 4.7180798053741464 141.35000610351565 44.500000000000007 2.5000000000000004 52.500000000000007 25.94999980926514 46.500000000000007
decision_type=2 2 2 2 10 2 2 2 2 2 2 2 2 2
left_child=11 8 3 7 12 6 -6 -3 9 -2 -9 -1 13 -4
right_child=1 2 4 -5 5 -7 -8 10 -10 -11 -12 -13 -14 -15
leaf_value=-0.0035495290970265232 -0.0091000584175382933 0.001219926310172586 -0.005228371032983699 0.018224436040606425 -0.00060635942466318938 -0.0035563967925892575 0.033581612627836155 0.030058063937251484 -0.0078497490520901912 -0.00064348490368668098 0.0074701694384515047 0.019702471222973576 -0.0037013996472348822 0.0027829674638434445
leaf_weight=91 22892 2508 5675 263 340 40365 189 438 22641 54654 580 259 7456 43685
leaf_count=91 22892 2508 5675 263 340 40365 189 438 22641 54654 580 259 7456 43685
internal_value=-0.000608674 -0.000652121 0.000273915 0.00608186 4.80954e-05 -0.00132188 0.0135529 0.00441742 -0.00159022 -0.00107252 0.013142 0.02375 0.00103421 0.00150091
internal_weight=202036 201686 101499 3789 97710 40894 529 3526 100187 77546 1018 350 56816 49360
internal_count=202036 201686 101499 3789 97710 40894 529 3526 100187 77546 1018 350 56816 49360
is_linear=0
shrinkage=0.05


Tree=54
num_leaves=15
num_cat=0
split_feature=20 17 46 53 43 53 47 1 14 40 26 38 11 15
split_gain=77.8569 74.1883 53.3917 38.6434 37.8332 41.1909 35.0535 33.1598 59.5913 44.8014 44.6526 41.9806 43.3934 34.5685
threshold=1.0000000180025095e-35 23.849999427795414 7.8500001430511483 -0.99983122944831837 562.50000000000011 -0.93543598055839527 6.1456012725830087 107.20000076293947 40.391807556152351 986.45001220703136 0.69755065441131603 14.750000000000002 38.716667175292976 51.549999237060554
decision_type=2 2 2 2 10 2 2 2 2 2 2 2 2 2
left_child=-1 2 3 -2 7 -6 -4 8 9 11 -10 -5 -13 -11
right_child=1 -3 6 4 5 -7 -8 -9 10 13 -12 12 -14 -15
leaf_value=0.017776281879565727 0.022861003867595188 -0.0064703188352441283 0.0017571180639155658 -0.0044246618381249747 0.0064587990649503761 -0.0057396086286703391 -0.0075606645000459247 -0.0020179621352964206 0.011815867572098338 0.0099148625120212917 0.0030103572467481293 0.0073681195866260631 -9.216724469029232e-05 0.0025466486008380407
leaf_weight=328 525 36022 7362 20340 3938 25160 25895 15388 1639 2049 2656 9226 25784 25926
leaf_count=328 525 36022 7362 20340 3938 25160 25895 15388 1639 2049 2656 9226 25784 25926
internal_value=-0.000574988 -0.000615096 -0.000168418 0.000280794 0.000226466 -0.00136526 -0.00195945 0.000676191 0.00105215 0.000755684 0.00678862 -6.86428e-05 0.000980867 0.0023861
internal_weight=202238 201910 165888 132631 132106 29098 33257 103008 87620 83325 4295 55350 35010 27975
internal_count=202238 201910 165888 132631 132106 29098 33257 103008 87620 83325 4295 55350 35010 27975
is_linear=0
shrinkage=0.05


Tree=55
num_leaves=15
num_cat=0
split_feature=51 56 1 36 46 51 28 38 45 12 47 56 36 1
split_gain=75.7536 62.5957 49.9479 78.2279 50.5546 58.9955 38.0922 51.8694 36.2021 41.0523 34.6169 28.5751 26.8359 25.4975
threshold=0.60355338454246532 9.5500001907348651 107.20000076293947 17.250000000000004 0.84999999403953563 -0.37940952181816096 36.500000000000007 13.34999990463257 6.4940977096557626 28.868750572204593 7.6735572814941415 12.150000095367433 7.8500001430511483 107.20000076293947
decision_type=2 2 2 2 2 2 2 2 2 2 2 2 2 2
left_child=2 -2 3 4 5 -1 7 -5 -9 -10 -8 -7 -3 -14
right_child=1 12 -4 6 -6 11 10 8 9 -11 -12 -13 13 -15
leaf_value=0.0094887348891006529 0.013271973947863778 0.0046880724544488966 -0.0074993863070108094 -0.0050164941668099155 -0.0053279031504990214 0.017320180005352404 -0.001939759899996076 0.0045906236647289848 0.032560096637292625 0.011457698454569506 -0.0086479846324462907 0.0016685057582371981 0.0017495102743683546 -0.0035004577859523312
leaf_weight=3953 132 2443 24031 9357 4267 79 55781 7631 233 783 28881 8452 48251 8074
leaf_count=3953 132 2443 24031 9357 4267 79 55781 7631 233 783 28881 8452 48251 8074
internal_value=-0.00058283 0.000926836 -0.00120272 -0.000784037 0.00238321 0.00398831 -0.00130099 0.000787164 0.00357687 0.0123977 -0.00174509 0.00164442 0.000846574 0.000623501
internal_weight=202348 58900 143448 119417 16751 12484 102666 18004 8647 1016 84662 8531 58768 56325
internal_count=202348 58900 143448 119417 16751 12484 102666 18004 8647 1016 84662 8531 58768 56325
is_linear=0
shrinkage=0.05


Tree=56
num_leaves=15
num_cat=0
split_feature=0 53 43 1 51 28 44 12 38 11 46 9 36 0
split_gain=74.7325 65.577 60.0023 45.5872 58.9462 44.857 63.8724 51.3387 41.8657 62.4541 39.8856 34.8771 33.8748 34.4828
threshold=23.750000000000004 0.96849882602691661 142.50000000000003 107.20000076293947 -0.6035533845424651 43.500000000000007 -4.4662489891052237 28.485416412353519 16.650000572204593 48.85625076293946 3.5499999523162846 101.59999847412111 17.050000190734867 143.19999694824222
decision_type=2 2 8 2 2 2 2 2 2 2 2 2 2 2
left_child=1 11 3 4 -2 6 7 -4 -9 10 -10 -1 13 -7
right_child=2 -3 5 -5 -6 12 -8 8 9 -11 -12 -13 -14 -15
leaf_value=0.0036584831260725128 0.010370406976378777 0.017159286459559265 0.023548200067849731 -0.0034243589542589138 0.00090997027775881309 0.0025965816196111425 -0.0041386738383454927 -0.0025012331104996011 0.026022991142709097 0.0018742974529265138 0.0017189989027511451 0.018932025541652169 -0.0062101676314013782 -0.0070429664231880795
leaf_weight=15176 1689 233 673 19214 61357 9115 13763 3089 941 1809 366 186 70447 4347
leaf_count=15176 1689 233 673 19214 61357 9115 13763 3089 941 1809 366 186 70447 4347
internal_value=-0.000560607 0.00276354 -0.000838241 0.000171993 0.000821808 -0.00163303 0.00045494 0.00438589 0.00294851 0.00702815 0.0153113 0.00235428 -0.00214665 0.000151424
internal_weight=202405 15595 186810 82260 63046 104550 20641 6878 6205 3116 1307 15362 83909 13462
internal_count=202405 15595 186810 82260 63046 104550 20641 6878 6205 3116 1307 15362 83909 13462
is_linear=0
shrinkage=0.05


Tree=57
num_leaves=15
num_cat=0
split_feature=44 20 20 40 31 41 38 42 37 12 52 52 36 38
split_gain=72.339 81.6199 56.7252 63.2351 42.4854 38.4856 52.3881 49.2003 62.5168 47.3242 62.8431 38.4485 29.8496 35.0608
threshold=3.6443601846694951 1.0000000180025095e-35 77.750000000000014 986.75000000000011 4.885160207748414 1.5000000000000002 15.84999990463257 11.250000000000002 65.500000000000014 24.243055343627933 0.89017060399055492 -0.31799228489398951 30.050000190734867 13.449999809265138
decision_type=2 2 2 2 2 2 2 2 2 2 2 2 2 2
left_child=1 -1 3 5 -5 6 9 -8 -9 10 -3 -7 -13 -14
right_child=-2 2 -4 4 -6 11 7 8 -10 -11 -12 12 13 -15
leaf_value=0.014181239261172094 -0.0058019714058691538 0.028374627108100011 -0.004225586409653064 0.0014870169425108364 0.0053141878010336359 -0.0052633538009338983 0.0036960072235655661 0.034009185810378248 -0.004197760598741402 -0.0044534295036864095 -0.0010429413768103754 -0.0022996498619332305 -0.0080245802470110868 0.0057314625874378862
leaf_weight=218 48077 194 27346 26673 8704 28004 16962 570 390 11366 327 18899 3806 10609
leaf_count=218 48077 194 27346 26673 8704 28004 16962 570 390 11366 327 18899 3806 10609
internal_value=-0.000553661 -2.52481e-05 -6.95449e-05 0.000376874 0.00217071 -0.000319685 0.00115379 0.00286025 0.0138144 -0.00141927 0.0131733 -0.00103607 0.00011193 0.00182496
internal_weight=202145 154068 153850 126504 35377 91127 29809 17922 960 11887 521 61318 33314 14415
internal_count=202145 154068 153850 126504 35377 91127 29809 17922 960 11887 521 61318 33314 14415
is_linear=0
shrinkage=0.05


Tree=58
num_leaves=15
num_cat=0
split_feature=51 56 50 46 1 40 16 45 12 43 41 50 1 37
split_gain=72.1996 64.8494 64.7017 55.8397 42.6596 43.7823 53.5553 38.4149 42.1657 36.4827 37.1905 30.8234 30.47 31.1469
threshold=0.37940952181816107 9.5500001907348651 0.12940952181816109 0.55000001192092907 107.20000076293947 987.95001220703136 4.3000000715255746 4.3438737392425546 27.278472900390629 52.500000000000007 72.500000000000014 0.91597560048103344 77.65000152587892 84.500000000000014
decision_type=2 2 2 2 2 2 2 2 2 10 2 2 2 2
left_child=2 -2 -1 4 5 7 -7 -4 -9 10 -3 -8 13 -11
right_child=1 9 3 -5 -6 6 11 8 -10 12 -12 -13 -14 -15
leaf_value=-0.0052997094894132986 0.013889017195115648 0.001239094099873295 -0.0010496155616835756 -0.0044733167429187098 -0.0034828658514947271 0.021275625735477515 0.0072329091592136345 0.02548091839106198 0.0080904149216961627 0.0026197633762641429 0.0047155938229232778 0.00094407408105699829 -0.0079914456578184662 -0.0044205448981066153
leaf_weight=67426 174 30619 13428 24812 7678 111 6135 340 3333 18712 7543 3302 8903 9933
leaf_count=67426 174 30619 13428 24812 7678 111 6135 340 3333 18712 7543 3302 8903 9933
internal_value=-0.000541074 0.000678313 -0.00127217 -6.50065e-05 0.00124108 0.00218707 0.00489747 0.000671789 0.00519549 0.000606179 0.0016947 0.00446861 -0.000500294 0.000294014
internal_weight=202449 75884 126565 59139 34327 26649 9548 17101 3673 75710 38162 9437 37548 28645
internal_count=202449 75884 126565 59139 34327 26649 9548 17101 3673 75710 38162 9437 37548 28645
is_linear=0
shrinkage=0.05


Tree=59
num_leaves=15
num_cat=0
split_feature=44 0 21 47 28 53 23 34 15 38 52 44 37 2
split_gain=66.6721 74.0659 52.795 51.2856 59.6305 49.7952 37.8109 34.6076 30.5535 44.2729 34.9611 39.0972 29.7275 28.4128
threshold=3.6443601846694951 8.9000000953674334 26.500000000000004 7.8877058029174814 46.500000000000007 -0.99983122944831837 2.0599999427795415 0.45000000298023229 72.750000000000014 16.94999980926514 0.32613943517208105 -5.7982335090637198 55.500000000000007 53.649999618530281
decision_type=2 2 2 2 2 2 2 2 2 2 2 2 2 2
left_child=1 7 -3 6 5 -5 -4 -1 9 -7 -11 -12 -2 -14
right_child=12 2 3 4 -6 8 -8 -9 -10 10 11 -13 13 -15
leaf_value=0.022238498469151258 -0.010335815992337237 -0.0040453685010246572 0.0013910444107300959 0.02028761173525187 -0.0069003838170085888 0.0015363994016323989 0.022288670733160487 0.007520275535963631 -0.0045265749560623849 0.00066218255050858748 0.02310541387903969 0.0052398409786938898 0.00255207791212923 -0.0050090220428754707
leaf_weight=291 23933 29260 86179 114 23682 6454 279 352 5457 747 729 617 8757 15052
leaf_count=291 23933 29260 86179 114 23682 6454 279 352 5457 747 729 617 8757 15052
internal_value=-0.000563437 -5.77617e-05 -0.000129228 0.000320757 -0.00121529 0.00135617 0.000992389 0.0167458 0.00107607 0.00294087 0.00924156 0.0140265 -0.00219593 -0.000944415
internal_weight=201903 154161 153518 124258 37800 14118 86458 643 14004 8547 2093 1346 47742 23809
internal_count=201903 154161 153518 124258 37800 14118 86458 643 14004 8547 2093 1346 47742 23809
is_linear=0
shrinkage=0.05


Tree=60
num_leaves=15
num_cat=0
split_feature=0 43 53 23 53 1 40 7 46 20 37 38 16 16
split_gain=66.5932 55.0172 52.4049 89.743 52.3698 37.9791 38.672 36.0273 35.3722 38.0281 48.6112 35.6163 43.3451 40.7484
threshold=26.150000572204593 152.50000000000003 -0.99983122944831837 0.79500001668930065 0.96849882602691661 107.20000076293947 987.04998779296886 8.9000000953674334 0.55000001192092907 80.549999237060561 49.500000000000007 13.250000000000002 21.150000572204593 20.349999427795414
decision_type=2 8 2 2 2 2 2 2 2 2 2 2 2 2
left_child=4 5 3 -3 -1 6 -2 -8 9 10 11 -4 13 -13
right_child=1 2 8 -5 -6 -7 7 -9 -10 -11 -12 12 -14 -15
leaf_value=0.0033134365242982289 -0.00045600459930737861 0.031324281348223619 -0.010741655829780657 -0.00045392613875181733 0.013421089158810511 -0.0031710795485474751 0.016745852736373336 0.0029093841394152147 -0.0066172890343455153 -0.0098416216201001206 0.0025939948484324841 0.011380420636838917 -0.0021619282232592609 0.023980963360324875
leaf_weight=20589 40450 269 13809 621 242 19588 80 22775 48143 9819 17349 1772 6549 325
leaf_count=20589 40450 269 13809 621 242 19588 80 22775 48143 9819 17349 1772 6549 325
internal_value=-0.000573152 -0.000880404 -0.00167819 0.0103333 0.00210378 6.9176e-05 0.000664533 0.00230811 -0.00178858 -0.000851552 -0.000163763 -0.00169931 0.000816773 0.00705505
internal_weight=202380 181549 98656 890 20831 82893 63305 22855 97766 49623 39804 22455 8646 2097
internal_count=202380 181549 98656 890 20831 82893 63305 22855 97766 49623 39804 22455 8646 2097
is_linear=0
shrinkage=0.05


Tree=61
num_leaves=15
num_cat=0
split_feature=51 0 57 53 56 53 1 36 0 21 7 36 45 53
split_gain=65.5471 54.1373 43.2133 40.7236 40.4125 35.688 44.3943 32.9641 29.1183 36.0584 28.9262 26.0263 24.8456 24.1781
threshold=0.78656607866287243 65.799999237060561 59.116666793823249 0.96849882602691661 9.5500001907348651 0.33222858607769018 107.20000076293947 7.8500001430511483 20.250000000000004 196.50000000000003 16.650000572204593 16.44999980926514 -1.4247627258300779 0.9985530972480775
decision_type=2 2 2 2 2 2 2 2 2 2 2 2 2 2
left_child=1 2 3 8 -2 -3 10 13 9 -1 -7 -5 -12 -6
right_child=4 5 -4 11 7 6 -8 -9 -10 -11 12 -13 -14 -15
leaf_value=0.0026165221053804331 0.0096236553483496651 -0.010626338404052823 0.0024900345200621083 0.017111129540366424 0.0042437221426358893 0.014214293649064534 -0.005187897653077111 0.0012802562670376984 -0.0026257897879332407 0.017038188176070789 -0.0022449286125447894 0.0039121073046804898 0.0031364230998690494 0.0072666213464066681
leaf_weight=6254 97 20457 22794 136 1569 83 23733 40206 67644 350 10280 203 8277 175
leaf_count=6254 97 20457 22794 136 1569 83 23733 40206 67644 350 10280 203 8277 175
internal_value=-0.000531919 -0.000993036 -0.000254696 -0.000836965 0.00122488 -0.00213717 -0.00130866 0.00114633 -0.000916939 0.00224977 0.000517425 0.0162034 0.00037782 0.00785633
internal_weight=202258 160211 97381 74587 42047 62830 42373 41950 74248 6604 18640 339 18557 1744
internal_count=202258 160211 97381 74587 42047 62830 42373 41950 74248 6604 18640 339 18557 1744
is_linear=0
shrinkage=0.05


Tree=62
num_leaves=15
num_cat=0
split_feature=17 44 46 20 23 45 16 53 37 40 46 37 53 41
split_gain=62.6573 54.3533 74.3262 49.9451 40.0174 38.6193 55.2478 38.2705 44.6113 38.1691 33.1238 29.8729 27.5914 26.6322
threshold=23.849999427795414 3.6443601846694951 6.0499999523162851 1.0000000180025095e-35 2.0599999427795415 0.9076504409313203 10.550000190734865 -0.45273527503013605 60.500000000000007 988.04998779296886 0.45000000298023229 55.500000000000007 -0.94137725234031666 5.5000000000000009
decision_type=2 2 2 2 2 2 2 2 2 2 2 2 2 2
left_child=1 2 3 -1 5 9 7 8 -7 12 -6 -3 -5 -4
right_child=-2 11 13 4 10 6 -8 -9 -10 -11 -12 -13 -14 -15
leaf_value=0.011871802224629691 -0.0055490329854160515 -0.008641771275264892 0.0014755718607616802 0.0048166770242159635 0.024377090583778658 0.026619655957169787 0.0029646406237103452 0.0068159583169207054 0.0074372196660496565 0.0021958478263037315 -0.0056413912068820357 -0.00061568864734280987 -0.0023377941445243892 -0.0056718592269223043
leaf_weight=217 35804 20581 8439 3351 171 364 34528 648 307 21282 91 18996 32691 24679
leaf_count=217 35804 20581 8439 3351 171 364 34528 648 307 21282 91 18996 32691 24679
internal_value=-0.000543855 -0.000135404 0.000369621 0.00108958 0.00103255 0.000976539 0.00226357 0.0122686 0.0205507 0.00017145 0.0201838 -0.00175272 -0.000819928 -0.00166596
internal_weight=202149 166345 126768 93650 93433 93171 35847 1319 671 57324 262 39577 36042 33118
internal_count=202149 166345 126768 93650 93433 93171 35847 1319 671 57324 262 39577 36042 33118
is_linear=0
shrinkage=0.05


Tree=63
num_leaves=15
num_cat=0
split_feature=51 0 53 52 56 53 43 24 47 12 13 24 11 13
split_gain=66.3783 48.9526 50.9782 47.0826 44.5959 33.6813 32.2666 37.8784 29.181 59.7938 34.906 29.1433 29.0351 28.1628
threshold=0.60355338454246532 76.250000000000014 0.53312596678733837 -0.81429189443588246 9.5500001907348651 -0.93543598055839527 52.500000000000007 12.500000000000002 7.8066685199737558 36.084722518920906 61.525001525878913 9.5000000000000018 33.310417175292976 91.214584350585952
decision_type=2 2 2 2 2 2 10 2 2 2 2 2 2 2
left_child=1 2 5 11 -2 8 7 -6 9 -1 -11 -4 -5 -7
right_child=4 -3 3 12 6 13 -8 -9 -10 10 -12 -13 -14 -15
leaf_value=0.018468356056154382 0.0097430444384349873 -0.0049630048796799834 0.016384318146997773 0.012614716103329891 0.0038080861598927852 -0.0031328551149970825 -0.00065082476509252367 -0.00040556958665639246 -0.0025978423990831792 0.00011623761217090471 0.0086915765474569352 0.0028433588511222068 0.0018310413631449432 0.0087633976870121113
leaf_weight=724 139 44749 227 352 18358 70176 29207 11370 5925 5210 1446 218 13964 288
leaf_count=724 139 44749 227 352 18358 70176 29207 11370 5925 5210 1446 218 13964 288
internal_value=-0.000509309 -0.00109077 -0.000467832 0.00224054 0.00090092 -0.000945286 0.000831706 0.00199105 0.00136125 0.00345737 0.00196069 0.0180769 0.001736 -0.00138094
internal_weight=202353 143279 98530 14761 59074 83769 58935 29728 13305 7380 6656 445 14316 70464
internal_count=202353 143279 98530 14761 59074 83769 58935 29728 13305 7380 6656 445 14316 70464
is_linear=0
shrinkage=0.05


Tree=64
num_leaves=15
num_cat=0
split_feature=45 56 36 21 47 53 23 53 23 10 56 53 19 53
split_gain=58.5354 53.082 48.1037 44.3053 55.4718 40.4395 33.6621 31.1223 30.3157 25.7493 25.253 24.8661 24.444 33.848
threshold=-2.1952013969421382 9.5500001907348651 17.050000190734867 44.500000000000007 7.9389359951019296 -0.99983122944831837 0.33500000834465032 0.41202506422996527 0.58499997854232799 103.12500000000001 71.099998474121108 -0.99983122944831837 23.150000572204593 -0.68432605266571034
decision_type=2 2 2 2 2 2 2 2 2 2 2 2 2 2
left_child=-1 2 -2 5 12 -3 7 -7 11 10 -9 -6 13 -5
right_child=1 3 -4 4 8 6 -8 9 -10 -11 -12 -13 -14 -15
leaf_value=-0.0033684754425321707 0.014199970211746411 0.031682063489148475 0.0040908726980723106 0.016709937862051084 0.023623095000283104 -0.0037487269009599355 -0.0044509412855838534 0.0028627487396451637 -0.0067690160866661145 -0.0028988195460986593 0.0072328546602428963 0.001050870827669526 0.0020814576930572311 0.0055643263862571752
leaf_weight=74899 196 95 260 352 54 5350 29890 3211 12768 1874 1846 10698 59120 1436
leaf_count=74899 196 95 260 352 54 5350 29890 3211 12768 1874 1846 10698 59120 1436
internal_value=-0.00050181 0.000151383 0.0169957 8.94198e-05 0.000750964 -0.00123191 -0.00130877 0.000894556 -0.00131109 0.00310402 0.00495658 0.00064486 0.00154732 0.00729143
internal_weight=202049 127150 456 126694 84428 42266 42171 12281 23520 6931 5057 10752 60908 1788
internal_count=202049 127150 456 126694 84428 42266 42171 12281 23520 6931 5057 10752 60908 1788
is_linear=0
shrinkage=0.05


Tree=65
num_leaves=15
num_cat=0
split_feature=0 57 19 44 53 37 0 44 0 16 16 25 0 57
split_gain=59.8876 54.3842 54.8299 48.0383 45.0941 38.9223 38.6531 30.2218 28.5439 32.0208 28.0781 35.4375 34.4127 26.2177
threshold=40.800001144409187 64.883335113525405 190.69999694824222 2.1763788461685185 0.93158200383186351 34.500000000000007 11.250000000000002 -2.4918224811553951 60.649999618530281 7.5999999046325692 91.049999237060561 14.949999809265138 97.450000762939467 167.48332977294925
decision_type=2 2 2 2 2 2 2 2 2 2 2 2 2 2
left_child=5 8 3 4 10 7 -7 -1 -2 -10 12 -12 -3 -6
right_child=1 2 -4 -5 13 6 -8 -9 9 -11 11 -13 -14 -15
leaf_value=0.006282530310320205 -0.002271908623367974 0.0022237199568003094 -0.0046209422638815644 -0.0026749121299685466 0.003698826412755628 0.01136740356774461 0.0021975229790268131 -0.0091124838451618513 0.014211754916767357 -0.0092944838044310731 0.021290698435519541 0.0014030322080663211 -0.004261077213164037 0.0067934720372894849
leaf_weight=3344 38249 22818 17467 19027 5013 1068 46344 10017 113 29309 247 457 6913 1641
leaf_count=3344 38249 22818 17467 19027 5013 1068 46344 10017 113 29309 247 457 6913 1641
internal_value=-0.000481769 -0.00104641 -0.000105514 0.000656023 0.00170368 0.000830576 0.00150226 -0.00155224 -0.00206934 -0.00324001 0.000887665 0.0106863 0.000652129 0.00542917
internal_weight=202027 141254 73583 56116 37089 60773 47412 13361 67671 29422 30435 704 29731 6654
internal_count=202027 141254 73583 56116 37089 60773 47412 13361 67671 29422 30435 704 29731 6654
is_linear=0
shrinkage=0.05


Tree=66
num_leaves=15
num_cat=0
split_feature=18 23 43 44 36 39 45 53 12 45 41 49 16 23
split_gain=54.9189 42.7664 46.1036 43.3089 42.2476 34.1526 26.5397 28.8959 28.8424 32.8029 24.472 23.7499 26.2635 23.3241
threshold=7.3500001430511483 0.14500000327825549 12.500000000000002 3.6443601846694951 17.44999980926514 1.0000000180025095e-35 -3.2316757440567012 0.99958848953247081 28.152777671813968 4.7180798053741464 1.0000000180025095e-35 197.50000000000003 4.3000000715255746 2.2400000095367436
decision_type=2 2 10 2 2 2 2 2 2 2 2 8 2 2
left_child=1 2 4 5 -1 6 -3 8 9 -8 -11 12 -2 -10
right_child=11 3 -4 -5 -6 -7 7 -9 13 10 -12 -13 -14 -15
leaf_value=0.01354877614388917 0.012380663327246853 -0.0012559544773071603 0.003273677499083113 -0.0036538712667250877 0.0065908309321877192 -0.0062003718241714009 0.0045664560477632421 0.0094137422873021015 0.0014270738366407886 0.025324188049094559 0.0084485648993738085 -0.0068338799562471537 -0.0017520903376640039 0.024899497273778465
leaf_weight=409 176 22684 2266 31198 466 8968 1751 557 63304 264 316 25682 44325 92
leaf_count=409 176 22684 2266 31198 466 8968 1751 557 63304 264 316 25682 44325 92
internal_value=-0.000469656 0.00013021 0.00588543 -1.02223e-05 0.015565 0.000506604 0.000803119 0.00130826 0.00121111 0.00666168 0.0168644 -0.00160009 -0.000901014 0.00100968
internal_weight=202458 132275 3141 129134 875 97936 88968 66284 65727 2331 580 70183 44501 63396
internal_count=202458 132275 3141 129134 875 97936 88968 66284 65727 2331 580 70183 44501 63396
is_linear=0
shrinkage=0.05


Tree=67
num_leaves=15
num_cat=0
split_feature=49 47 1 40 19 26 15 53 12 53 23 24 28 53
split_gain=54.1379 51.3376 52.9665 61.8196 34.6901 35.0131 78.7641 38.8788 43.2348 28.4891 31.5851 34.5873 27.3087 28.37
threshold=287.50000000000006 8.0446290969848651 107.20000076293947 992.45001220703136 17.550000190734867 0.70242592692375194 149.25000000000003 0.6174544394016267 86.406250000000014 -0.93543598055839527 0.47499999403953558 29.500000000000004 44.500000000000007 -0.99983122944831837
decision_type=10 2 2 2 2 2 2 2 2 2 2 2 2 2
left_child=1 2 3 4 -1 6 -6 8 -8 10 11 -2 13 -3
right_child=9 12 -4 -5 5 -7 7 -9 -10 -11 -12 -13 -14 -15
leaf_value=0.0091872831568557967 -0.0014983175313931492 0.014395727401133632 -0.0021520516548777765 0.0059327379892374528 0.0014286694074790672 -0.0013087604573115003 0.0054450422482810248 0.004360524872823116 0.016065461351758976 -0.0065370329234979195 -0.00024952401250417542 0.024016697964967734 -0.0057987836366855412 -8.1355233857737696e-05
leaf_weight=1413 305 81 25397 5984 50886 27635 672 1732 671 36716 4862 428 27945 16788
leaf_count=1413 305 81 25397 5984 50886 27635 672 1732 671 36716 4862 428 27945 16788
internal_value=-0.000452178 -2.96468e-05 0.000532341 0.0011071 0.000752899 0.000617846 0.00135897 0.00911669 0.015473 -0.00204166 0.00128011 0.0108816 -0.00146395 0.00012471
internal_weight=201515 159204 114390 88993 83009 81596 53961 3075 1343 42311 5595 733 44814 16869
internal_count=201515 159204 114390 88993 83009 81596 53961 3075 1343 42311 5595 733 44814 16869
is_linear=0
shrinkage=0.05


Tree=68
num_leaves=15
num_cat=0
split_feature=0 57 0 46 45 44 40 12 57 45 40 12 52 33
split_gain=57.6384 56.5176 42.8726 49.7086 35.1281 34.3051 37.5071 33.2757 31.6301 29.8849 29.6692 27.4829 25.1146 36.009
threshold=54.750000000000007 64.883335113525405 186.50000000000003 1.0000000180025095e-35 0.70697447657585155 1.0891128778457644 985.85000610351574 29.117361068725589 43.81666564941407 5.420717954635621 976.64999389648449 19.609027862548832 0.98522606492042553 0.25000000745058065
decision_type=2 2 2 2 2 2 2 2 2 2 2 2 2 2
left_child=4 11 3 5 -1 6 -3 9 -9 -6 -11 -2 13 -12
right_child=1 2 -4 -5 7 -7 -8 8 -10 10 12 -13 -14 -15
leaf_value=-0.00075161478861274038 0.014746590806510708 -0.0027987766022168729 -0.0089403147232646561 -0.0037889424183596915 0.0045992914877660621 -0.00067195148342956759 0.0035965720563659585 -0.0012085832019730102 0.0037279354966262483 -0.0051147046378285169 0.023027227330445172 -0.0070698384228073995 -0.0046368424488790645 0.0046892772411545065
leaf_weight=60174 75 3598 7564 22142 2515 15187 15322 15553 20664 236 563 38229 160 220
leaf_count=60174 75 3598 7564 22142 2515 15187 15322 15553 20664 236 563 38229 160 220
internal_value=-0.0004748 -0.00131048 -0.000398995 7.65199e-05 0.00037789 0.001274 0.00269414 0.00152789 0.00106592 0.00604212 0.0125778 -0.00282847 0.016511 0.0201576
internal_weight=202202 102117 63813 56249 100085 34107 18920 39911 36217 3694 1179 38304 943 783
internal_count=202202 102117 63813 56249 100085 34107 18920 39911 36217 3694 1179 38304 943 783
is_linear=0
shrinkage=0.05


Tree=69
num_leaves=15
num_cat=0
split_feature=0 53 44 0 52 37 44 38 39 0 47 28 12 52
split_gain=53.2803 49.6625 52.9904 44.4319 46.4353 41.0532 52.2357 61.2355 39.3722 31.3294 28.0622 26.6774 25.0581 41.4662
threshold=56.95000076293946 0.33222858607769018 1.4525747299194338 136.19999694824222 0.75014290213584911 37.500000000000007 -2.3337017297744747 13.449999809265138 1.0000000180025095e-35 25.44999980926514 7.8066685199737558 48.500000000000007 27.75555515289307 0.89017060399055492
decision_type=2 2 2 2 2 2 2 2 2 2 2 2 2 2
left_child=5 -2 3 4 -3 6 7 12 9 -7 -11 -12 13 -1
right_child=1 2 -4 -5 -6 8 -8 -9 -10 10 11 -13 -14 -15
leaf_value=0.019599884892703413 -0.0062107800318530818 0.0034570282978866277 -0.0039468361410069123 -0.002170102833639435 -0.0087251912413035589 0.0056479015934658731 -0.0088408526464938877 0.015407572125400761 -0.0053057276984495765 0.002232395215375551 0.0027660801959780087 -0.0042579701355573369 -0.006802613873445839 -0.0086237153530100315
leaf_weight=342 37974 17167 27386 11171 2839 11544 16279 1672 9276 42257 7759 13431 3030 454
leaf_count=342 37974 17167 27386 11171 2839 11544 16279 1672 9276 42257 7759 13431 3030 454
internal_value=-0.000424033 -0.00127384 -0.000360492 0.00104899 0.00245903 0.000349632 -0.00158512 0.00262527 0.000849756 0.00122992 0.000793686 -0.000691039 -0.000868093 0.0069727
internal_weight=202581 96537 58563 31177 20006 106044 21777 5498 84267 74991 63447 21190 3826 796
internal_count=202581 96537 58563 31177 20006 106044 21777 5498 84267 74991 63447 21190 3826 796
is_linear=0
shrinkage=0.05


Tree=70
num_leaves=15
num_cat=0
split_feature=37 46 44 15 38 16 38 12 52 2 19 41 41 52
split_gain=51.0494 68.9606 59.0578 53.6135 49.7978 68.612 48.8838 45.856 53.7668 40.0872 37.6278 49.0918 36.023 32.7616
threshold=44.500000000000007 1.0000000180025095e-35 -2.6783710718154903 51.549999237060554 15.550000190734865 21.150000572204593 7.7500000000000009 27.75555515289307 0.88621068000793468 78.099998474121108 205.59999847412112 40.500000000000007 27.500000000000004 0.75014290213584911
decision_type=2 2 2 2 2 2 2 2 2 2 2 2 2 2
left_child=2 3 4 6 7 -6 -2 8 -1 12 11 -5 -3 -13
right_child=1 9 -4 10 5 -7 -8 -9 -10 -11 -12 13 -14 -15
leaf_value=0.020877177732866906 0.01391486359382472 0.0010727661618162745 -0.0085352712118309023 0.00050716789355969552 0.019746991140736463 0.0045015051695281687 0.0057917129807642164 -0.0053510951886377818 -0.00089381166790684615 -0.0071043163907397447 -0.0035176463976451782 0.0050970065161373909 -0.0035717048987330352 -0.0018353223385088237
leaf_weight=460 511 39780 32153 41323 784 1701 4069 6334 729 20291 9336 10888 31001 2478
leaf_count=460 511 39780 32153 41323 784 1701 4069 6334 729 20291 9336 10888 31001 2478
internal_value=-0.000442364 -3.37234e-05 -0.00198964 0.00116337 0.00136354 0.00748497 0.00638344 -0.000665739 0.00830275 -0.000935532 0.00078902 0.00128988 -0.000373707 0.0039227
internal_weight=201838 159677 42161 68605 10008 2485 4580 7523 1189 91072 64025 54689 70781 13366
internal_count=201838 159677 42161 68605 10008 2485 4580 7523 1189 91072 64025 54689 70781 13366
is_linear=0
shrinkage=0.05


Tree=71
num_leaves=15
num_cat=0
split_feature=51 0 57 28 38 43 36 24 24 53 9 40 1 45
split_gain=53.0541 41.8125 40.2404 31.8975 44.7587 29.6535 43.7011 33.8109 29.0065 35.1523 30.7487 26.1049 26.5131 22.0603
threshold=0.60355338454246532 76.250000000000014 50.049999237060554 28.500000000000004 15.250000000000002 57.500000000000007 28.250000000000004 12.500000000000002 9.5000000000000018 -0.99983122944831837 45.350000381469734 986.25000000000011 121.75000000000001 0.75298744440078746
decision_type=2 2 2 2 2 10 2 2 2 2 2 2 2 2
left_child=1 2 3 4 -1 7 -7 13 -4 10 -10 -3 -13 -2
right_child=5 11 8 -5 -6 6 -8 -9 9 -11 -12 12 -14 -15
leaf_value=-0.0016816015398236801 0.002392745230566993 -0.011301669732449655 0.0032243277510050922 -0.0035433002239477897 0.011515485987790381 -0.0041217198571934363 0.0044692423857500994 -0.00029506228614777606 0.029356629426114719 -0.00088280377159177619 0.0043848546160819412 4.4301680220410213e-05 -0.0056466220457354549 0.005554703156655804
leaf_weight=6479 14094 13128 15249 52266 2288 18641 8672 12336 172 21982 216 15127 16709 5292
leaf_count=6479 14094 13128 15249 52266 2288 18641 8672 12336 172 21982 216 15127 16709 5292
internal_value=-0.000451765 -0.000970438 -0.000394378 -0.00118712 0.00160248 0.000809974 -0.000397652 0.00184955 0.000891731 -0.000254693 0.0144724 -0.00223396 -0.00145953 0.00315116
internal_weight=202651 143616 98652 61033 8767 59035 27313 31722 37619 22370 388 44964 31836 19386
internal_count=202651 143616 98652 61033 8767 59035 27313 31722 37619 22370 388 44964 31836 19386
is_linear=0
shrinkage=0.05


Tree=72
num_leaves=15
num_cat=0
split_feature=51 19 46 37 44 38 16 52 52 13 16 46 26 49
split_gain=51.2197 40.1644 38.9195 53.276 50.7353 41.9695 43.1582 33.5918 44.9688 28.4898 30.8683 26.8529 40.8107 31.8719
threshold=0.78656607866287243 158.55000305175784 20.44999980926514 44.500000000000007 -3.0084594488143916 14.750000000000002 21.150000572204593 -0.32614396512508387 0.81925055384635936 44.902679443359382 29.250000000000004 5.1499998569488534 0.55698978900909435 -27.499999999999996
decision_type=2 2 2 2 2 2 2 2 2 2 2 2 2 8
left_child=1 2 3 4 5 -1 -7 9 11 -5 -11 12 -9 -14
right_child=-2 -3 -4 7 -6 6 -8 8 -10 10 -12 -13 13 -15
leaf_value=-0.0015925833846743617 0.0016086093039748743 -0.0051863293521432893 -0.0086583538596863904 -0.0070060538170232641 -0.007712538551360614 0.017731843271977712 0.0051774825194739723 0.011869531457920206 -0.0015418209055853343 0.0038594003428240702 -0.0012096403157052396 -0.00068832066115605988 0.00045555710292892053 0.0056619772696472727
leaf_weight=4867 42179 27301 11652 8349 26724 833 1384 2705 15111 9316 25731 6164 8990 11213
leaf_count=4867 42179 27301 11652 8349 26724 833 1384 2705 15111 9316 25731 6164 8990 11213
internal_value=-0.000425348 -0.000833179 -0.000474601 -0.00020952 -0.00189515 0.00186496 0.00755052 0.000441321 0.00141165 -0.0005467 7.88704e-05 0.00256138 0.00334933 0.00257433
internal_weight=202519 160340 133039 121387 33808 7084 2217 87579 44183 43396 35047 29072 22908 20203
internal_count=202519 160340 133039 121387 33808 7084 2217 87579 44183 43396 35047 29072 22908 20203
is_linear=0
shrinkage=0.05


Tree=73
num_leaves=15
num_cat=0
split_feature=0 37 46 0 37 0 37 40 44 2 46 49 47 0
split_gain=49.0888 48.5429 57.3509 42.1444 39.1922 33.0565 27.9833 26.4581 50.7861 27.3679 26.3774 24.1407 58.4114 22.6272
threshold=33.95000076293946 44.500000000000007 1.0000000180025095e-35 186.50000000000003 96.500000000000014 75.099998474121108 25.500000000000004 986.64999389648449 -0.92287686467170704 114.20000076293947 18.050000190734867 -19.374999999999996 5.310249090194703 11.250000000000002
decision_type=2 2 2 2 2 2 2 2 2 2 2 8 2 2
left_child=6 -2 3 4 7 10 -1 -3 9 11 -4 -9 -13 -8
right_child=1 2 5 -5 -6 -7 13 8 -10 -11 -12 12 -14 -15
leaf_value=-0.0075453439005069472 -0.0079530763327339583 -0.0011098047324197286 -0.00014890833384203727 -0.0065763336344773675 0.0049769550747089993 -0.0074988052855232586 0.010392354846879715 0.0029154966822338545 0.00021672332946945803 0.00055353899893608577 -0.0074748389763068177 0.0096409043806833551 0.0034513525374433862 0.0023072161840538875
leaf_weight=5720 27088 17459 39758 5495 3798 22072 1281 3790 22823 3468 11571 1790 2329 33652
leaf_count=5720 27088 17459 39758 5495 3798 22072 1281 3790 22823 3468 11571 1790 2329 33652
internal_value=-0.000451353 -0.000842393 -0.00045299 0.000680587 0.00109461 -0.00139427 0.00110137 0.000733611 0.00154195 0.00426934 -0.000698203 0.00589153 0.00853839 0.00163223
internal_weight=202094 161441 134353 60952 55457 73401 40653 51659 34200 11377 51329 7909 4119 34933
internal_count=202094 161441 134353 60952 55457 73401 40653 51659 34200 11377 51329 7909 4119 34933
is_linear=0
shrinkage=0.05


Tree=74
num_leaves=15
num_cat=0
split_feature=17 47 45 16 52 52 56 12 43 28 12 28 44 44
split_gain=51.4597 44.7815 36.7191 29.9256 35.414 31.8201 26.8786 28.132 24.7148 29.8274 33.1191 22.469 21.8519 20.6601
threshold=13.150000095367433 7.9647474288940439 -0.72541993856430043 11.150000095367433 0.89017060399055492 0.48314048349857336 170.6499938964844 166.2013854980469 157.50000000000003 26.500000000000004 27.75555515289307 44.500000000000007 -0.34454987943172449 -7.556668519973754
decision_type=2 2 2 2 2 2 2 2 8 2 2 2 2 2
left_child=1 2 -1 4 5 -4 -5 -8 -2 10 12 13 -10 -3
right_child=8 11 3 6 -6 -7 7 -9 9 -11 -12 -13 -14 -15
leaf_value=-0.00060084919533824361 -0.0010241913376946336 0.00659566338394577 0.0097810106255927509 0.0015692458408046095 -0.0012855724242541099 0.021068127194948837 0.0068237066844177912 0.00053374437798402467 0.022063745350877781 -0.0080829854177593904 0.00072954909102154405 -0.0048627329165099389 -0.017536115155725476 -0.0014413832744657401
leaf_weight=47431 26899 3138 963 50243 799 266 1474 1216 204 26663 813 28864 70 13548
leaf_count=47431 26899 3138 963 50243 799 266 1474 1216 204 26663 813 28864 70 13548
internal_value=-0.000426973 5.73823e-05 0.000637584 0.00151707 0.0074632 0.0127563 0.00128789 0.00614815 -0.00173796 -0.00278458 0.00530082 -0.00124671 0.02 0.000213822
internal_weight=202591 147942 102392 54961 2028 1229 52933 2690 54649 27750 1087 45550 274 16686
internal_count=202591 147942 102392 54961 2028 1229 52933 2690 54649 27750 1087 45550 274 16686
is_linear=0
shrinkage=0.05


Tree=75
num_leaves=15
num_cat=0
split_feature=48 47 25 47 25 23 53 41 20 23 57 23 43 23
split_gain=44.1375 41.1514 33.4432 30.401 29.462 27.687 45.3292 26.7881 26.6805 26.0381 24.8294 24.5359 20.5064 23.5787
threshold=5.2500000000000009 8.0170459747314471 7.7500000000000009 3.5673273801803593 17.94999980926514 0.59499999880790722 -0.99983122944831837 2.5000000000000004 70.149997711181655 0.20499999821186068 48.95000076293946 2.0599999427795415 1.0000000180025095e-35 0.14500000327825549
decision_type=2 2 2 2 2 2 2 2 2 2 2 2 10 2
left_child=1 2 -1 7 10 6 -3 -4 11 -9 -2 12 13 -5
right_child=4 5 3 8 -6 -7 -8 9 -10 -11 -12 -13 -14 -15
leaf_value=0.0058384382645943114 -0.0050740984515282471 0.019575109249485169 0.00041435032961981356 0.011893815958105784 -0.011923013743909562 -0.0062594304718672396 -0.00078976592190152886 0.011005489872660326 -0.0027917878254884046 0.0036596698535322882 0.0017800274225727817 0.017678517535385685 0.00021442730858226984 0.0030912414374314611
leaf_weight=6839 17408 93 5970 101 11857 21461 25884 359 23426 4692 8099 221 72102 3941
leaf_count=6839 17408 93 5970 101 11857 21461 25884 359 23426 4692 8099 221 72102 3941
internal_value=-0.00044633 -9.50654e-05 0.000406208 0.00019662 -0.00199791 -0.0013381 -0.000239929 0.00268743 -7.87078e-05 0.00536356 -0.0010399 0.00037414 0.000324736 0.00378578
internal_weight=202453 165089 117651 110812 37364 47438 25977 11021 99791 5051 25507 76365 76144 4042
internal_count=202453 165089 117651 110812 37364 47438 25977 11021 99791 5051 25507 76365 76144 4042
is_linear=0
shrinkage=0.05


Tree=76
num_leaves=15
num_cat=0
split_feature=0 43 51 26 47 40 19 1 20 15 47 36 51 12
split_gain=47.6916 38.5887 28.8414 30.3023 43.7194 36.804 34.4503 33.0022 28.36 28.179 26.1043 27.8032 24.2168 23.7918
threshold=33.699998855590827 152.50000000000003 -0.6035533845424651 0.70020255446434032 4.7944951057434091 982.25000000000011 141.35000610351565 197.19999694824222 80.549999237060561 106.04999923706056 8.9435133934021014 13.050000190734865 0.60355338454246532 54.104166030883796
decision_type=2 8 2 2 2 2 2 2 2 2 2 2 2 2
left_child=13 2 -2 4 5 -4 9 -7 10 -6 11 12 -3 -1
right_child=1 8 3 -5 6 7 -8 -9 -10 -11 -12 -13 -14 -15
leaf_value=0.0011467384360538731 0.0054868654986953338 0.00070560023136262027 0.00044193854620137163 -0.0022048506628193141 0.00035015478240739721 0.0091650817280920158 -0.0035820729499438167 -0.0024164212433987198 -0.0093228407086045576 0.0043812495974909502 -0.007930354853664499 -0.0017132163289466545 0.0052148835802406221 0.0062133331842688724
leaf_weight=33984 3267 2522 1358 27821 21211 1236 12681 382 15045 7726 16657 51211 1313 5902
leaf_count=33984 3267 2522 1358 27821 21211 1236 12681 382 15045 7726 16657 51211 1313 5902
internal_value=-0.000435585 -0.000815995 9.1147e-06 -0.000198482 0.000609361 0.00645345 0.000190015 0.0115233 -0.00153577 0.00114226 -0.00112135 -0.000596303 0.00350455 0.00111339
internal_weight=202316 162430 75682 72415 44594 2976 41618 1618 86748 28937 71703 55046 3835 39886
internal_count=202316 162430 75682 72415 44594 2976 41618 1618 86748 28937 71703 55046 3835 39886
is_linear=0
shrinkage=0.05


Tree=77
num_leaves=15
num_cat=0
split_feature=0 37 37 46 46 23 44 28 0 53 16 47 40 53
split_gain=45.0573 44.6992 37.9697 52.023 37.617 58.6329 34.5105 30.0128 29.3478 30.6678 35.273 28.9829 33.4949 37.4523
threshold=65.799999237060561 60.500000000000007 34.500000000000007 7.8500001430511483 1.0000000180025095e-35 1.9049999713897707 -1.8263952732086179 28.500000000000004 186.50000000000003 0.97062206268310558 35.549999237060554 6.0650396347045907 979.54998779296886 -0.21022038161754605
decision_type=2 2 2 2 2 2 2 2 2 2 2 2 2 2
left_child=2 -2 6 7 5 8 -1 -4 9 -3 -11 12 -5 -14
right_child=1 4 3 11 -6 -7 -8 -9 -10 10 -12 -13 13 -15
leaf_value=0.0042508187741701984 -0.0082978413935675174 3.2443248340512604e-06 0.0071656589188017622 -0.001281148894268813 -0.0048130393085242 0.016361222027309611 -0.0088136929280255624 0.0015086600853133612 -0.0056847822126282182 0.010725887682159152 0.0027886499367974723 -0.0047301558214062102 0.014632270772956492 0.00015834827306314273
leaf_weight=5298 23296 21594 6638 4196 22771 272 14770 67249 4984 402 6272 22328 1081 1049
leaf_count=5298 23296 21594 6638 4196 22771 272 14770 67249 4984 402 6272 22328 1081 1049
internal_value=-0.000412938 -0.00133924 0.000188428 0.000577711 -0.000576771 0.000488458 -0.00179998 0.00127901 0.000295832 0.000919795 0.00387941 -0.00123046 0.00175505 0.00684579
internal_weight=202200 79591 122609 102541 56295 33524 20068 73887 33252 28268 6674 28654 6326 2130
internal_count=202200 79591 122609 102541 56295 33524 20068 73887 33252 28268 6674 28654 6326 2130
is_linear=0
shrinkage=0.05


Tree=78
num_leaves=15
num_cat=0
split_feature=0 37 37 46 44 36 46 37 0 13 46 40 11 13
split_gain=42.4553 38.8971 38.4942 49.8198 40.8876 37.4663 34.6661 33.6474 30.1891 28.8507 27.4215 23.4523 31.6949 23.387
threshold=73.000000000000014 75.500000000000014 37.500000000000007 7.8500001430511483 -2.6783710718154903 35.649999618530281 0.94999998807907116 21.500000000000004 200.44999694824222 89.902679443359389 7.7500000000000009 987.45001220703136 28.343750000000004 46.687202453613288
decision_type=2 2 2 2 2 2 2 2 2 2 2 2 2 2
left_child=2 -2 4 10 5 -1 8 -7 9 -3 11 -4 -13 -5
right_child=1 6 3 13 -6 7 -8 -9 -10 -11 -12 12 -14 -15
leaf_value=-0.0015864974055978039 -0.0057439883810629748 -0.001719689739817866 0.00084703549254172268 -0.0080252779988032458 -0.0077212659923662488 0.0017754286509173477 -0.0079409845550114117 0.019083045933403507 -0.0059278237025128556 0.0026455755768917863 0.016372088180610946 0.010017683006600352 0.0028662819576091968 -0.00038601450491685448
leaf_weight=3966 35054 7257 57215 11133 19036 866 8225 986 3786 13787 498 587 20548 19557
leaf_count=3966 35054 7257 57215 11133 19036 866 8225 986 3786 13787 498 587 20548 19557
internal_value=-0.000447409 -0.00146428 6.80037e-05 0.000471116 -0.00170809 0.00195779 -0.000233632 0.00780881 0.000698469 0.00143821 0.00113635 0.00106113 0.00248404 -0.00123779
internal_weight=202501 68109 134392 109538 24854 5818 33055 1852 24830 21044 78848 78350 21135 30690
internal_count=202501 68109 134392 109538 24854 5818 33055 1852 24830 21044 78848 78350 21135 30690
is_linear=0
shrinkage=0.05


Tree=79
num_leaves=15
num_cat=0
split_feature=44 46 18 47 13 12 16 43 33 40 2 45 16 52
split_gain=42.2382 47.7128 40.211 34.5764 28.8529 54.6383 31.0106 34.3704 34.3404 26.0485 31.9441 28.5313 37.4751 37.1695
threshold=4.7123055458068857 6.0499999523162851 19.349999427795414 7.0130791664123544 46.071130752563484 40.727083206176765 37.199998855590827 52.500000000000007 23.650000572204593 987.85000610351574 141.35000610351565 1.0804529190063479 10.550000190734865 0.89017060399055492
decision_type=2 2 2 2 2 2 2 8 2 2 2 2 2 2
left_child=1 2 9 4 -3 -6 7 -7 -9 11 -11 -1 13 -13
right_child=-2 3 -4 -5 5 6 -8 8 -10 10 -12 12 -14 -15
leaf_value=-0.00099473204528850289 -0.004745684601741248 -0.0073221921212721849 -0.0024744205580985363 -0.0070849560110161263 0.014385701299817838 0.01325404433620476 -0.0045553673489315055 0.00080228952584161014 0.014603809220142122 0.0031075553749712612 -0.001330241484968525 0.018323490690105557 0.0017488155329259244 -0.0031714225604435827
leaf_weight=39593 36708 4960 24726 22476 834 878 4555 4903 182 25899 6689 831 28673 441
leaf_count=39593 36708 4960 24726 22476 834 878 4555 4903 182 25899 6689 831 28673 441
internal_value=-0.000408633 -6.85192e-05 0.000400749 -0.00160292 0.00014949 0.00153934 0.00055661 0.00292734 0.00133955 0.000838782 0.00200503 0.000292027 0.00145635 0.00982059
internal_weight=202348 165640 126852 38788 16312 11352 10518 5963 5085 102126 32588 69538 29945 1272
internal_count=202348 165640 126852 38788 16312 11352 10518 5963 5085 102126 32588 69538 29945 1272
is_linear=0
shrinkage=0.05


Tree=80
num_leaves=15
num_cat=0
split_feature=51 0 53 0 46 44 38 49 47 43 41 36 13 53
split_gain=42.199 37.6465 40.1935 35.6824 34.7624 33.338 31.7577 27.058 34.8727 23.0033 28.9716 27.6271 20.9113 27.2988
threshold=0.78656607866287243 99.549999237060561 0.34840355813503271 47.750000000000007 0.84999999403953563 5.1660859584808358 11.050000190734865 -27.499999999999996 3.6678909063339238 52.500000000000007 63.500000000000007 27.849999427795414 68.673812866210952 -0.94703993201255787
decision_type=2 2 2 2 2 2 2 8 2 10 2 2 2 2
left_child=1 2 3 6 5 7 -1 -4 -9 10 -2 -11 -5 -14
right_child=9 -3 4 12 -6 -7 -8 8 -10 11 -12 -13 13 -15
leaf_value=-0.0077220916167598189 0.0015457418373371857 -0.004055092183794933 0.0012356729804618596 -0.0052881637579716024 -0.0046379733205240102 -0.0021429763099233366 0.0008938708481186291 0.0083717477675411579 0.0044672642707397859 -0.0032232453638488647 0.0049652706808969022 0.0037228571177025716 0.0068580412676146913 -0.0031323469171546862
leaf_weight=9804 16763 31797 9883 34442 5883 6439 45455 1346 8830 13516 4501 7504 1830 3757
leaf_count=9804 16763 31797 9883 34442 5883 6439 45455 1346 8830 13516 4501 7504 1830 3757
internal_value=-0.000369004 -0.000741367 -0.000357891 -0.000875046 0.00116375 0.00193564 -5.14767e-05 0.00294011 0.00474867 0.00103513 0.00219423 -0.000137899 -0.00201166 0.000824548
internal_weight=201750 159466 127669 95288 32381 26498 55259 20059 10176 42284 21264 21020 40029 5587
internal_count=201750 159466 127669 95288 32381 26498 55259 20059 10176 42284 21264 21020 40029 5587
is_linear=0
shrinkage=0.05


Tree=81
num_leaves=15
num_cat=0
split_feature=51 0 36 26 47 42 38 28 53 52 23 13 38 36
split_gain=40.7761 30.4305 36.9663 28.6544 58.6902 32.0914 26.5229 41.4951 28.7788 39.1037 28.325 28.9825 25.7424 24.4877
threshold=0.37940952181816107 99.549999237060561 17.250000000000004 0.70020255446434032 4.7276141643524179 7.5499999523162851 10.750000000000002 28.500000000000004 0.38043944537639623 -0.77245554327964772 0.53499999642372142 51.110416412353523 27.849999427795414 28.349999427795414
decision_type=2 2 2 2 2 2 2 2 2 2 2 2 2 2
left_child=1 2 -1 4 13 -6 -4 -8 -9 10 11 -10 -5 -2
right_child=3 -3 6 12 5 -7 7 8 9 -11 -12 -13 -14 -15
leaf_value=0.002677429266425546 0.0062468817707150787 -0.0048690531469096762 -0.0077755607159143564 -0.0015054291942431736 0.00288391329476016 -0.00096080537328118451 0.0061773167113874979 -0.0022605567412543981 -0.0084674308516545747 -0.00098779383851875491 0.0014657438125255627 0.010847808458722952 0.013470892043066686 0.00052463588120883829
leaf_weight=11977 2272 25354 15684 23671 25179 23657 5875 60295 224 4588 1316 1226 76 775
leaf_count=11977 2272 25354 15684 23671 25179 23657 5875 60295 224 4588 1316 1226 76 775
internal_value=-0.000392945 -0.000941889 -0.000553635 0.000525514 0.00118388 0.000763009 -0.000903855 -0.000505482 -0.000855689 0.00209533 0.00677954 0.0115753 -0.000912785 0.00790481
internal_weight=202169 126539 101185 75630 51883 48836 89208 73524 67649 7354 2766 1450 23747 3047
internal_count=202169 126539 101185 75630 51883 48836 89208 73524 67649 7354 2766 1450 23747 3047
is_linear=0
shrinkage=0.05


Tree=82
num_leaves=15
num_cat=0
split_feature=21 45 47 11 56 12 28 13 43 52 52 11 52 49
split_gain=42.953 36.2191 32.7796 27.2476 24.6158 28.2491 41.9111 37.6353 29.95 37.3286 25.6689 28.8484 22.0685 20.9225
threshold=26.500000000000004 -2.1952013969421382 9.5343518257141131 16.695833206176761 129.69999694824222 32.278472900390632 21.500000000000004 46.872917175292976 97.500000000000014 0.89017060399055492 -0.87812310457229603 116.55833435058595 -0.97876849770545948 42.500000000000007
decision_type=2 2 2 2 2 2 2 2 10 2 2 2 2 8
left_child=3 -2 4 -1 5 6 8 -8 -3 -10 11 -6 -7 -5
right_child=1 2 -4 13 10 12 7 -9 9 -11 -12 -13 -14 -15
leaf_value=0.011435950964376995 -0.0019646914936095232 0.0047815863780271521 -0.0046832739993251859 -0.00074568874376399711 0.0035998102179457692 -0.003489797191582677 0.00070276421994072127 0.01073165752047079 0.020826499588738012 0.00033327849270162928 0.0022654730072302798 0.016359094384673419 0.00089677406219838992 -0.0075657055750187763
leaf_weight=118 58545 585 11129 17260 364 7283 5494 715 472 190 8089 296 68324 23068
leaf_count=118 58545 585 11129 17260 364 7283 5494 715 472 190 8089 296 68324 23068
internal_value=-0.000410069 -4.50797e-05 0.000519615 -0.00186697 0.000830301 0.000564382 0.00349853 0.00180978 0.0118258 0.0190327 0.00335141 0.0127612 0.000274606 -0.00193961
internal_weight=201932 161486 102941 40446 91812 83063 7456 6209 1247 662 8749 660 75607 40328
internal_count=201932 161486 102941 40446 91812 83063 7456 6209 1247 662 8749 660 75607 40328
is_linear=0
shrinkage=0.05


Tree=83
num_leaves=15
num_cat=0
split_feature=0 57 19 46 44 23 52 24 57 1 49 40 57 0
split_gain=39.2355 37.9954 37.9501 34.0308 44.1306 43.1021 28.9813 26.6044 26.0459 26.0009 33.7042 27.6724 23.9381 23.7216
threshold=35.95000076293946 49.250000000000007 235.40000152587893 6.0499999523162851 4.0344262123107919 1.9950000047683718 -0.70291268825530995 3.5000000000000004 34.383333206176765 107.20000076293947 -22.499999999999996 985.45001220703136 174.48332977294925 66.250000000000014
decision_type=2 2 2 2 2 2 2 2 2 2 8 2 2 2
left_child=8 -2 3 4 5 7 -7 9 -1 10 -3 -12 -11 -9
right_child=1 2 -4 -5 -6 6 -8 13 -10 12 11 -13 -14 -15
leaf_value=-0.0011667698900794221 -0.0041895773886346348 0.001276279779865997 -0.005977523690980785 -0.0041266783356625845 -0.0036684833514159529 0.021754895634284208 0.00076558950130927101 0.0023198058634211734 0.0030625461765413473 -0.0012178297208952633 -0.0025984202882393193 0.0067320643286470474 0.0038002540730683121 -0.00095091909791156996
leaf_weight=19403 46749 5633 10195 17104 18504 144 105 19007 27274 6798 928 5326 1649 23734
leaf_count=19403 46749 5633 10195 17104 18504 144 105 19007 27274 6798 928 5326 1649 23734
internal_value=-0.000389831 -0.000770628 -0.000259629 3.98201e-05 0.000463842 0.00109151 0.0214479 0.00100777 0.000881722 0.00249607 0.00400227 0.00652618 0.000374245 0.00029929
internal_weight=202553 155876 109127 98932 81828 63324 249 63075 46677 20334 11887 6254 8447 42741
internal_count=202553 155876 109127 98932 81828 63324 249 63075 46677 20334 11887 6254 8447 42741
is_linear=0
shrinkage=0.05


Tree=84
num_leaves=15
num_cat=0
split_feature=45 36 12 0 15 13 54 23 52 0 42 0 46 36
split_gain=42.6501 30.5263 33.1293 31.658 32.5389 58.5528 28.2024 25.7742 27.2923 22.4925 20.6365 20.5515 20.2044 19.6006
threshold=-1.4247627258300779 11.250000000000002 44.265277862548835 76.250000000000014 138.55000305175784 51.110416412353523 9.5000000000000018 1.4149999618530276 -0.69057363271713246 97.450000762939467 7.9500000476837167 16.849999427795414 30.44999980926514 20.150000572204593
decision_type=2 2 2 2 2 2 2 2 2 2 2 2 2 2
left_child=9 2 -2 4 11 -6 -5 -8 -9 10 13 -3 -13 -1
right_child=1 3 -4 6 5 -7 7 8 -10 -11 -12 12 -14 -15
leaf_value=0.0019783297712384724 0.010504994056017434 0.0069418300763181093 0.0025684068141212861 -0.0064597502423628791 0.039987230603569512 0.0039739000140108279 -0.00021289499235497265 0.013134741894033328 -0.017404253479412359 -0.004747539611887514 -0.004124870019578581 0.00060773596846829209 -0.0076871799142837873 -0.0016808017563577542
leaf_weight=13506 190 2475 8284 15337 261 3028 10578 476 219 20329 28974 67523 4778 26515
leaf_count=13506 190 2475 8284 15337 261 3028 10578 476 219 20329 28974 67523 4778 26515
internal_value=-0.000396405 0.000248366 0.00313295 1.45663e-05 0.000522253 0.00538193 -0.00147446 0.000424088 0.00968085 -0.00121309 -0.000782191 0.00030781 0.000154125 -4.63403e-05
internal_weight=202473 113149 8474 104675 78065 3289 26610 11273 695 89324 68995 74776 72301 40021
internal_count=202473 113149 8474 104675 78065 3289 26610 11273 695 89324 68995 74776 72301 40021
is_linear=0
shrinkage=0.05


Tree=85
num_leaves=15
num_cat=0
split_feature=0 57 19 37 46 41 44 46 16 25 24 46 47 33
split_gain=36.3131 42.2588 33.1047 31.1497 27.583 42.1311 30.6576 25.6049 25.4436 29.6489 22.6985 20.8609 44.7156 29.3707
threshold=45.350000381469734 55.549999237060554 207.94999694824222 26.500000000000004 6.0499999523162851 91.500000000000014 1.1325666904449465 20.650000572204593 91.049999237060561 14.949999809265138 2.5000000000000004 2.7500000000000004 7.2119023799896249 7.5499999523162851
decision_type=2 2 2 2 2 2 2 2 2 2 2 2 2 2
left_child=3 -2 4 -1 5 6 8 -5 11 -10 -7 -3 -13 -14
right_child=1 2 -4 7 -6 10 -8 -9 9 -11 -12 12 13 -15
leaf_value=-0.0067243215251367146 -0.0049278381127106875 0.00039677004634170577 -0.004334759008679784 0.0019518651814557587 -0.0046385131302501756 0.0058297546828379983 -0.0024317778945645869 -0.0046397652213102753 0.014096430832991058 0.001985754402217251 0.0024018629664399739 0.0010853647290859512 0.011398683877027199 -0.013731101897124096
leaf_weight=9123 41740 24348 14808 59062 9963 4087 21848 7161 285 1072 6822 1482 561 138
leaf_count=9123 41740 24348 14808 59062 9963 4087 21848 7161 285 1072 6822 1482 561 138
internal_value=-0.000378501 -0.000893886 -0.000256604 0.000491267 0.000194289 0.000594941 -2.25165e-05 0.000868675 0.00107614 0.0077286 0.00340736 0.000733071 0.00540621 0.0157334
internal_weight=202500 127154 85414 75346 70606 60643 49734 66223 27886 1357 10909 26529 2181 699
internal_count=202500 127154 85414 75346 70606 60643 49734 66223 27886 1357 10909 26529 2181 699
is_linear=0
shrinkage=0.05


Tree=86
num_leaves=15
num_cat=0
split_feature=1 15 13 57 1 42 28 38 52 12 40 53 53 52
split_gain=39.2276 37.6291 66.7001 33.1142 30.91 30.0503 37.6424 49.7542 39.7174 32.9542 30.44 36.7926 58.5509 29.0749
threshold=83.000000000000014 138.55000305175784 49.025594711303718 115.66666412353517 179.50000000000003 8.0500001907348651 44.500000000000007 16.550000190734867 0.32613943517208105 29.117361068725589 987.85000610351574 -0.94703993201255787 -0.95752304792404164 -0.7386675477027892
decision_type=2 2 2 2 2 2 2 2 2 2 2 2 2 2
left_child=1 5 -3 -2 -5 10 7 -7 -9 -10 11 12 -1 -4
right_child=3 2 13 4 -6 6 -8 8 9 -11 -12 -13 -14 -15
leaf_value=0.002102434532864511 -0.004974202111158614 0.036622532729664363 0.0084768002753637366 0.0011989992357967043 -0.0048114263116953169 -0.0017142344519007543 -0.0045789292978802168 0.0013490912199380805 0.018585066628496877 0.011981493319185141 0.003084390756158099 -0.00090886512698343789 0.01669068094759079 0.0014258245093750218
leaf_weight=9434 31293 347 1612 15749 6828 12423 32633 1965 320 1665 15595 63317 1119 7880
leaf_count=9434 31293 347 1612 15749 6828 12423 32633 1965 320 1665 15595 63317 1119 7880
internal_value=-0.000354371 6.53979e-05 0.00305158 -0.00150984 -5.02513e-05 -0.000146989 -0.00114208 0.000813952 0.00569444 0.0106642 0.000398155 -2.57186e-05 0.00270614 0.0022511
internal_weight=202180 148310 9839 53870 22577 138471 49006 16373 3950 1985 89465 73870 10553 9492
internal_count=202180 148310 9839 53870 22577 138471 49006 16373 3950 1985 89465 73870 10553 9492
is_linear=0
shrinkage=0.05


Tree=87
num_leaves=15
num_cat=0
split_feature=42 26 53 28 38 47 10 28 23 1 47 53 19 24
split_gain=35.6608 48.4538 51.3545 43.593 42.7946 38.4816 85.9768 36.3754 33.2267 29.8299 29.577 40.8874 33.0815 29.0686
threshold=8.0500001907348651 0.72958466410636913 0.31595529615879064 44.500000000000007 14.750000000000002 5.2838997840881357 118.8583335876465 71.500000000000014 1.4950000047683718 73.450000762939467 3.5673273801803593 -0.73865258693695057 34.649999618530281 23.500000000000004
decision_type=2 2 2 2 2 2 2 2 2 2 2 2 2 2
left_child=1 2 9 4 -2 6 -4 13 -8 -1 -3 12 -12 -7
right_child=3 10 5 -5 -6 7 8 -9 -10 -11 11 -13 -14 -15
leaf_value=0.00063832939660254939 -0.0024441099586645157 0.00094247418281931991 0.0084835717325313555 -0.0045620603511704917 0.0066503761820628894 0.00518920035457712 0.00084916883098936637 -0.00078357793622817131 0.014139124598292203 -0.0061995845600402565 0.0099969703116493183 -0.0052202903475292257 0.00064951659702506322 -0.005011774701384487
leaf_weight=51061 11342 12184 2755 45454 6489 8982 5097 11161 161 8780 966 31836 4496 1576
leaf_count=51061 11342 12184 2755 45454 6489 8982 5097 11161 161 8780 966 31836 4496 1576
internal_value=-0.000360268 8.75478e-05 0.00078123 -0.0013441 0.000750798 0.00247932 0.00543874 0.00138547 0.00168185 -6.27403e-05 -0.00116807 -0.00186662 0.00212719 0.00348789
internal_weight=202340 139055 89573 63285 17831 29732 8013 21719 5258 59841 49482 37298 5462 10558
internal_count=202340 139055 89573 63285 17831 29732 8013 21719 5258 59841 49482 37298 5462 10558
is_linear=0
shrinkage=0.05


Tree=88
num_leaves=15
num_cat=0
split_feature=51 20 53 23 47 23 0 53 53 12 47 43 23 53
split_gain=37.6698 25.9253 24.152 73.7168 23.9763 22.1547 21.2974 20.3872 47.9444 24.2738 18.8919 32.1376 22.3536 18.4879
threshold=0.37940952181816107 77.750000000000014 -0.99983122944831837 0.79500001668930065 7.8066685199737558 2.0599999427795415 25.44999980926514 -0.94703993201255787 -0.95752304792404164 36.084722518920906 8.6884927749633807 477.50000000000006 0.15500000119209292 0.7074720859527589
decision_type=2 2 2 2 2 2 2 2 2 2 2 8 2 2
left_child=1 2 3 -1 5 7 -2 8 9 -4 11 -8 -13 -7
right_child=6 -3 4 -5 -6 13 10 -9 -10 -11 -12 12 -14 -15
leaf_value=0.029353706147122172 0.0050375939112347126 -0.0050185108295963564 0.013355076589926185 -0.00052805486265855334 -0.003874696885434899 0.019563362362341508 0.00047055053361440708 -0.00073028002180094943 0.015652594900340856 0.00027631233240657229 -0.0032577319823592459 0.009221279853478875 0.00339470033390964 -0.0070584430073793603
leaf_weight=171 7089 22923 420 527 34477 134 51861 61739 609 5425 12907 175 3653 71
leaf_count=171 7089 22923 420 527 34477 134 51861 61739 609 5425 12907 175 3653 71
internal_value=-0.000382585 -0.000910472 -0.000573599 0.00862994 -0.000636877 -9.48731e-05 0.000499702 -0.000145376 0.0025263 0.00112297 0.000229862 0.000629364 0.00504429 0.0159302
internal_weight=202181 126496 103573 698 102875 68398 75685 68193 6454 5845 68596 55689 3828 205
internal_count=202181 126496 103573 698 102875 68398 75685 68193 6454 5845 68596 55689 3828 205
is_linear=0
shrinkage=0.05


Tree=89
num_leaves=15
num_cat=0
split_feature=18 46 44 23 25 24 26 53 53 1 53 1 43 36
split_gain=35.7569 29.7672 36.1089 23.2535 22.5804 18.0037 22.4316 24.5797 19.5038 17.8724 18.1312 26.8257 17.6086 21.0041
threshold=7.3500001430511483 20.650000572204593 0.85758596658706676 0.14500000327825549 5.8500001430511483 12.500000000000002 0.70084869861602794 -0.83375966548919667 0.99981042742729198 75.299999237060561 0.94066718220710765 121.75000000000001 12.500000000000002 20.650000572204593
decision_type=2 2 2 2 2 2 2 2 2 2 2 2 10 2
left_child=1 2 -1 12 -3 6 -5 -8 -9 -2 -11 -12 13 -4
right_child=9 4 3 5 -6 -7 7 8 -10 10 11 -13 -14 -15
leaf_value=0.0015963766797620607 -0.00082732860573927428 0.0084366002763110737 0.010977339580780392 0.0017270519461037156 -0.0069521652613259884 -0.003640966065345746 0.0095010656970208485 -0.0047812461757625185 0.0086105398931274352 -0.0058712428515532824 0.0047714843982518493 -0.0024245044550946695 0.0034038791334212283 0.0028934117931418953
leaf_weight=69463 36453 618 249 16468 10331 22083 162 11016 275 25413 1938 6253 1115 173
leaf_count=69463 36453 618 249 16468 10331 22083 162 11016 275 25413 1938 6253 1115 173
internal_value=-0.000338582 0.000146138 0.000372105 -0.000630542 -0.00234921 -0.000817172 2.66717e-05 -0.0016719 -0.00195602 -0.00125145 -0.00208306 -3.71918e-05 0.00540724 0.0139815
internal_weight=202010 131953 121004 51541 10949 50004 27921 11453 11291 70057 33604 8191 1537 422
internal_count=202010 131953 121004 51541 10949 50004 27921 11453 11291 70057 33604 8191 1537 422
is_linear=0
shrinkage=0.05


Tree=90
num_leaves=15
num_cat=0
split_feature=37 46 23 1 44 1 38 41 53 37 46 43 15 38
split_gain=37.6291 38.0192 49.4754 40.9575 37.8207 37.7023 35.6169 29.6486 31.2022 29.409 29.1356 28.0122 27.5187 29.4067
threshold=39.500000000000007 1.0000000180025095e-35 1.9049999713897707 107.20000076293947 -3.0084594488143916 75.299999237060561 13.250000000000002 98.500000000000014 -0.77243989706039418 96.500000000000014 0.55000001192092907 267.50000000000006 51.549999237060554 7.6499998569488534
decision_type=2 2 2 2 2 2 2 2 2 2 2 8 2 2
left_child=4 2 3 12 6 7 -1 8 -3 -5 -8 -10 13 -2
right_child=1 5 -4 9 -6 -7 10 -9 11 -11 -12 -13 -14 -15
leaf_value=-0.0028549076033774143 0.011001453991792805 0.002766796716973342 0.013872414005501283 -0.0027865680290206246 -0.0075623972239944569 -0.0053897650481981793 0.014798644324992394 -0.0047867117597708061 0.00121676295751043 0.0023824218954379391 -0.0035149549041297422 -0.0038469160623745067 0.0013449898048612889 0.0047690333988500942
leaf_weight=4489 566 21869 324 18149 25096 22514 1728 13300 20530 3821 858 17002 46645 5068
leaf_count=4489 566 21869 324 18149 25096 22514 1728 13300 20530 3821 858 17002 46645 5068
internal_value=-0.000343594 -4.64682e-05 0.000798907 0.000712438 -0.00191122 -0.000708586 0.00131616 -0.000154792 0.000323087 -0.00109873 0.00597843 -0.00055165 0.00147364 0.00477144
internal_weight=201959 169788 74573 74249 32171 95215 7075 72701 59401 21970 2586 37532 52279 5634
internal_count=201959 169788 74573 74249 32171 95215 7075 72701 59401 21970 2586 37532 52279 5634
is_linear=0
shrinkage=0.05


Tree=91
num_leaves=15
num_cat=0
split_feature=21 47 49 53 53 45 41 53 52 23 53 12 52 33
split_gain=32.8447 31.598 28.5351 27.179 54.0102 25.7748 24.1101 22.9454 22.8253 22.8122 32.1514 21.6201 22.4082 21.2737
threshold=37.500000000000007 8.0728693008422869 82.500000000000014 -0.94703993201255787 -0.95752304792404164 0.67962491512298595 6.5000000000000009 -0.99983122944831837 0.10837544873356821 0.58499997854232799 -0.99983122944831837 29.809721946716312 0.89017060399055492 29.349999427795414
decision_type=2 2 8 2 2 2 2 2 2 2 2 2 2 2
left_child=2 3 -1 4 8 -5 11 -4 13 10 -3 12 -7 -2
right_child=1 9 7 5 -6 6 -8 -9 -10 -11 -12 -13 -14 -15
leaf_value=-0.00030959356986993313 0.004084566453137102 0.012595457771584568 0.017859494097190658 -0.0006111175998993767 0.016702011684494967 0.013779381850552009 -6.2313960349587842e-05 -0.0053169217585727095 -0.0024590757167863688 -0.0047541711106378354 -0.00018956677803764761 0.0027385082140686991 -0.007845562783699642 0.014449060507378453
leaf_weight=29969 6953 66 58 53558 1009 663 16037 29866 3494 20508 23144 16795 253 131
leaf_count=29969 6953 66 58 53558 1009 663 16037 29866 3494 20508 23144 16795 253 131
internal_value=-0.000334892 7.77924e-05 -0.00131738 0.000572631 0.00284686 0.000270511 0.00135257 -0.0024093 0.00178598 -0.00104144 3.22986e-05 0.00262372 0.0100648 0.00341556
internal_weight=202504 142611 59893 98893 11587 87306 33748 29924 10578 43718 23210 17711 916 7084
internal_count=202504 142611 59893 98893 11587 87306 33748 29924 10578 43718 23210 17711 916 7084
is_linear=0
shrinkage=0.05


Tree=92
num_leaves=15
num_cat=0
split_feature=37 44 46 1 13 15 53 53 0 53 24 52 13 52
split_gain=34.0619 36.7213 35.4969 35.9014 29.6095 52.3471 52.4364 45.1602 39.6055 28.8563 46.4599 37.4053 33.9129 32.4405
threshold=44.500000000000007 -4.4662489891052237 20.650000572204593 107.20000076293947 62.162498474121101 48.95000076293946 0.59003219008445751 0.71952396631240856 47.750000000000007 -0.94703993201255787 14.500000000000002 -0.77245554327964772 91.214584350585952 -0.84315016865730275
decision_type=2 2 2 2 2 2 2 2 2 2 2 2 2 2
left_child=1 -1 3 4 7 6 -6 8 -2 -7 11 12 13 -11
right_child=2 -3 -4 -5 5 9 -8 -9 -10 10 -12 -13 -14 -15
leaf_value=0.0036096912255420299 0.0012991368012946472 -0.0056467563357028398 -0.0058584282417180221 -0.0018341205498686672 0.019566328639378208 0.0061026511256159236 -0.010526616040424704 0.0082509587713980748 -0.0026176632318770376 0.002347563129327635 -0.0028407084844793633 0.0014889940873457836 0.0095115476908034374 0.01030209930370017
leaf_weight=7252 38696 34905 15108 30930 427 3033 224 1316 27719 4526 10831 25663 1367 540
leaf_count=7252 38696 34905 15108 30930 427 3033 224 1316 27719 4526 10831 25663 1367 540
internal_value=-0.000347748 -0.00161228 -1.52765e-05 0.000224665 0.000633481 0.00160325 0.0155749 -3.40279e-05 -0.000216411 0.001402 0.00106819 0.00202361 0.00542992 0.00353034
internal_weight=202537 42157 160380 145272 114342 46611 651 67731 66415 45960 42927 32096 6433 5066
internal_count=202537 42157 160380 145272 114342 46611 651 67731 66415 45960 42927 32096 6433 5066
is_linear=0
shrinkage=0.05


Tree=93
num_leaves=15
num_cat=0
split_feature=51 45 28 53 23 26 40 42 46 53 44 42 12 46
split_gain=33.1308 25.041 26.0104 27.8122 35.8468 23.138 47.0351 25.3437 21.6354 28.0285 26.046 20.8243 20.5029 20.4569
threshold=0.37940952181816107 -1.4019141793251035 58.500000000000007 -0.99983122944831837 0.79500001668930065 0.78396508097648632 995.35000610351574 10.650000095367433 0.55000001192092907 -0.99465739727020253 -10.423130989074705 7.4500000476837167 29.117361068725589 30.050000190734867
decision_type=2 2 2 2 2 2 2 2 2 2 2 2 2 2
left_child=1 -1 3 4 -3 6 7 13 9 -5 12 -4 -11 -2
right_child=5 2 11 8 -6 -7 -8 -9 -10 10 -12 -13 -14 -15
leaf_value=-0.0030944520622959229 0.0020643651239237748 0.026477149700339375 -0.00034570855713982811 0.011549358211447786 -0.0014968492597565906 -0.0013661379724849798 0.0084972683787806064 -0.0037003855375660876 -0.0022645788020008275 0.018748275717154518 0.0019932290140876135 -0.0052552297135760812 0.016747696974334762 -0.0078590175479725712
leaf_weight=56416 46049 130 33088 119 129 20190 279 7453 7819 200 14633 12985 787 1929
leaf_count=56416 46049 130 33088 119 129 20190 279 7453 7819 200 14633 12985 787 1929
internal_value=-0.000346067 -0.000842175 -0.000209586 0.0011317 0.017119 0.000479514 0.00100502 0.000899965 0.000948743 0.00201632 0.00182342 -0.000903046 0.00964393 0.00132137
internal_weight=202206 126306 69890 23817 259 75900 55710 55431 23558 15739 15620 46073 987 47978
internal_count=202206 126306 69890 23817 259 75900 55710 55431 23558 15739 15620 46073 987 47978
is_linear=0
shrinkage=0.05


Tree=94
num_leaves=15
num_cat=0
split_feature=37 46 26 47 44 47 53 12 47 33 42 53 0 47
split_gain=32.1094 35.0825 39.9791 36.1108 32.5804 32.3051 30.8388 53.5087 36.2378 33.3137 29.9219 41.437 45.7593 44.4715
threshold=42.500000000000007 6.0499999523162851 0.72958466410636913 3.5673273801803593 -3.0084594488143916 6.9672570228576669 -0.44505782425403589 27.75555515289307 9.2983727455139178 8.1500000953674334 6.6499998569488534 0.34840355813503271 125.05000305175783 5.1809935569763192
decision_type=2 2 2 2 2 2 2 2 2 2 2 2 2 2
left_child=4 2 10 -4 6 -3 7 8 -1 -9 11 -2 13 -13
right_child=1 5 3 -5 -6 -7 -8 9 -10 -11 -12 12 -14 -15
leaf_value=0.01838345156204749 0.00075270179254659415 0.00068506294027866239 0.0014001395288661444 -0.0035369938455890038 -0.0059895711800869826 -0.0057459532220511707 -0.0062645090464257302 0.0017811288803007922 -0.0050494155568928112 0.038215880921879095 8.5228794853193184e-05 0.0085046057612172734 0.00056148765493615885 0.0043297183983165557
leaf_weight=483 22460 16887 11116 28204 29789 24513 3428 4207 172 97 42680 2208 6920 9087
leaf_count=483 22460 16887 11116 28204 29789 24513 3428 4207 172 97 42680 2208 6920 9087
internal_value=-0.000360451 -5.65268e-05 0.000368218 -0.000945844 -0.00166632 -0.0013149 0.00108551 0.00360334 0.0168045 0.00156004 0.000988123 0.00195834 0.00372977 0.00568996
internal_weight=202251 164075 122675 39320 38176 41400 8387 4959 655 4304 83355 40675 18215 11295
internal_count=202251 164075 122675 39320 38176 41400 8387 4959 655 4304 83355 40675 18215 11295
is_linear=0
shrinkage=0.05


Tree=95
num_leaves=15
num_cat=0
split_feature=0 37 46 0 13 52 38 37 18 38 16 47 16 0
split_gain=33.8637 34.956 38.341 31.8168 29.5116 79.6668 45.4784 41.4947 39.6199 27.8945 42.4437 27.7474 26.5168 25.9822
threshold=32.149999618530281 47.500000000000007 6.0499999523162851 186.50000000000003 91.214584350585952 -0.87812310457229603 16.050000190734867 85.500000000000014 -20.650000572204586 14.750000000000002 21.550000190734867 6.9672570228576669 37.899999618530281 103.25000000000001
decision_type=2 2 2 2 2 2 2 2 2 2 2 2 2 2
left_child=-1 9 3 4 13 -6 7 12 -8 -2 -11 -4 -7 -3
right_child=1 2 11 -5 5 6 8 -9 -10 10 -12 -13 -14 -15
leaf_value=0.0019574491839019436 -0.0081221462080778833 0.00038331822105077502 -7.5447066489541545e-05 -0.004869146242972802 0.011969441630040552 0.0028892531033460371 0.013727106251497102 0.0030004970174966352 0.0034318632028878327 0.010807562817746362 -0.0026612778869913034 -0.0067338998166222219 -0.0029323603466680117 -0.004878762295790825
leaf_weight=35980 22238 55735 13739 7255 781 3345 465 10889 1157 1858 9263 18879 12903 7824
leaf_count=35980 22238 55735 13739 7255 781 3345 465 10889 1157 1858 9263 18879 12903 7824
internal_value=-0.000315366 -0.000616235 -0.000253118 0.000230958 0.000479598 0.00178511 0.00135406 0.000866209 0.00946078 -0.00206314 -1.84182e-05 -0.00174206 -0.000734409 -0.000127343
internal_weight=202311 166331 132972 100354 93099 29540 28759 27137 1622 33359 11121 32618 16248 63559
internal_count=202311 166331 132972 100354 93099 29540 28759 27137 1622 33359 11121 32618 16248 63559
is_linear=0
shrinkage=0.05


Tree=96
num_leaves=15
num_cat=0
split_feature=17 43 28 12 19 46 44 51 44 53 12 38 53 38
split_gain=30.2439 22.4567 20.4208 22.545 19.5507 19.6974 21.4756 18.3813 17.0991 14.7677 17.3695 27.3226 28.1802 35.7495
threshold=4.1499998569488534 242.50000000000003 21.500000000000004 28.152777671813968 23.150000572204593 20.44999980926514 5.1660859584808358 -0.37940952181816096 -0.3558212518692016 -0.94137725234031666 41.29375076293946 26.250000000000004 -0.95752304792404164 15.750000000000002
decision_type=2 8 2 2 2 2 2 2 2 2 2 2 2 2
left_child=4 7 3 8 -1 6 9 -2 -3 10 11 12 -6 -14
right_child=1 2 -4 -5 5 -7 -8 -9 -10 -11 -12 -13 13 -15
leaf_value=0.0048264787298727 0.0032254846563430787 0.016631199401508458 -0.0044440867421914991 -0.0018153032640530701 0.00017263823955386947 -0.0048698295540973609 -0.0027523625973275784 -0.001094726711174865 0.0013182327374180775 0.00042786965128744709 0.0021003751299712705 0.016252413361845866 -0.018333382941017034 0.027564681104568913
leaf_weight=4420 5080 208 37265 626 1027 9152 18483 38351 143 78339 8273 178 140 269
leaf_count=4420 5080 208 37265 626 1027 9152 18483 38351 143 78339 8273 178 140 269
internal_value=-0.000344221 -0.0010867 -0.00197009 0.00513171 0.000159986 3.53398e-05 0.000226341 -0.000308581 0.0150831 0.000551021 0.00237092 0.00709975 0.00471646 0.0156444
internal_weight=201954 81673 38242 977 120281 115861 106709 43431 351 88226 9887 1614 1436 409
internal_count=201954 81673 38242 977 120281 115861 106709 43431 351 88226 9887 1614 1436 409
is_linear=0
shrinkage=0.05


Tree=97
num_leaves=15
num_cat=0
split_feature=0 57 47 0 57 0 54 24 14 47 23 56 57 49
split_gain=31.0389 30.7709 29.3072 32.8208 23.6028 25.2625 23.2446 36.2678 28.5174 24.3191 22.9616 21.5008 21.2305 20.1292
threshold=35.549999237060554 46.516666412353523 9.0688014030456561 97.450000762939467 115.66666412353517 186.50000000000003 2.5000000000000004 1.5000000000000002 34.987585067749031 4.5627284049987802 1.9049999713897707 176.25000000000003 34.083332061767585 -39.973106384277337
decision_type=2 2 2 2 2 2 2 2 2 2 2 2 2 8
left_child=12 -2 3 6 -5 10 7 13 -8 -10 11 -6 -1 -3
right_child=1 2 -4 4 5 -7 8 -9 9 -11 -12 -13 -14 -15
leaf_value=-0.00085273862766395154 -0.0037318587507255067 0.0017182412894433735 -0.0052313106481032389 -0.0045402676207587618 -0.00058569698600721709 -0.0046841776067060043 0.00012448646367336973 0.0016548828248669689 -0.00084389109111697523 0.0075236452947743081 0.009748112350273154 0.0029746577847288764 0.002810715055021399 0.0079766684717271167
leaf_weight=18732 41443 671 14066 16532 9558 5957 51698 7051 1499 2742 262 4323 27079 1267
leaf_count=18732 41443 671 14066 16532 9558 5957 51698 7051 1499 2742 262 4323 27079 1267
internal_value=-0.000286363 -0.000620358 -0.000201323 9.50072e-05 -0.00110147 4.97253e-05 0.000770118 0.00312868 0.000390622 0.00432722 0.0012001 0.000917499 0.000858666 0.00916838
internal_weight=202880 157069 115626 101560 36632 20100 64928 8989 55939 4241 14143 13881 45811 1938
internal_count=202880 157069 115626 101560 36632 20100 64928 8989 55939 4241 14143 13881 45811 1938
is_linear=0
shrinkage=0.05


Tree=98
num_leaves=15
num_cat=0
split_feature=48 46 38 47 26 19 57 52 14 11 12 40 24 52
split_gain=29.9674 30.0576 25.0945 23.6415 35.6844 29.7708 36.6085 25.0281 30.5232 22.3334 36.5436 27.7334 27.1339 42.2109
threshold=4.9500000476837167 20.650000572204593 14.150000095367433 3.5673273801803593 0.8057118058204652 186.94999694824222 108.83333587646486 -0.70291268825530995 36.858125686645515 44.435417175292976 54.727777481079109 985.35000610351574 9.5000000000000018 -0.95754238963127125
decision_type=2 2 2 2 2 2 2 2 2 2 2 2 2 2
left_child=1 3 -2 -1 5 6 9 8 -8 10 11 -5 13 -13
right_child=2 -3 -4 4 -6 -7 7 -9 -10 -11 -12 12 -14 -15
leaf_value=0.0022417404406053186 -0.0058609097282115996 -0.0053201730103161274 -7.618265556535795e-05 0.00079327450560235226 -0.0029775480801217434 -0.0026262081881442008 0.0053513574129238099 0.0021520986481338156 0.012517656889831417 -0.00028746520508532512 0.0098767744884182048 0.026447358244667592 0.0018889747499951889 0.0066668776727227749
leaf_weight=10868 23189 14209 16884 28022 27318 13690 1891 4991 425 53189 2042 136 3958 1690
leaf_count=10868 23189 14209 16884 28022 27318 13690 1891 4991 425 53189 2042 136 3958 1690
internal_value=-0.000296576 5.57013e-06 -0.00152097 0.000216217 3.85102e-05 0.000440095 0.000750149 0.00414992 0.00843508 0.000470705 0.0014351 0.00104152 0.00419054 0.00921569
internal_weight=202502 162429 40073 148220 137352 110034 96344 7307 2316 89037 35848 33806 5784 1826
internal_count=202502 162429 40073 148220 137352 110034 96344 7307 2316 89037 35848 33806 5784 1826
is_linear=0
shrinkage=0.05


Tree=99
num_leaves=15
num_cat=0
split_feature=37 19 46 44 38 52 52 44 23 12 23 28 13 53
split_gain=28.5909 31.3368 34.5159 26.7079 31.7548 23.7374 55.356 57.8241 32.0636 29.1827 28.0358 25.2878 30.6318 32.2754
threshold=37.500000000000007 141.35000610351565 20.650000572204593 -2.6783710718154903 13.250000000000002 -0.97876849770545948 -0.97113886475563038 3.0402570962905888 0.56499999761581432 35.181249618530281 0.36500000953674322 48.500000000000007 55.283332824707038 0.71952396631240856
decision_type=2 2 2 2 2 2 2 2 2 2 2 2 2 2
left_child=3 2 5 4 -1 9 7 8 -7 -2 -9 -8 13 -13
right_child=1 -3 -4 -5 -6 6 11 10 -10 -11 -12 12 -14 -15
leaf_value=-0.0029192812039990665 0.0068931872012919409 -0.0020229896130290756 -0.0046507299831584714 -0.0066793893117495784 0.0097213616649582096 -0.0023273920539570348 0.00286967424065648 0.00049742909571487426 0.010062587914125298 -0.0035410706440075299 0.019893045219205669 -0.0019283589589526185 0.0014235881946168447 0.0072111646287591549
leaf_weight=4277 719 41492 13404 22211 2243 910 25298 99 694 10011 347 37386 42440 581
leaf_count=4277 719 41492 13404 22211 2243 910 25298 99 694 10011 347 37386 42440 581
internal_value=-0.00034885 -0.000106725 0.000270319 -0.00180944 0.00100306 0.000542427 0.000765785 0.00888349 0.00438662 -0.00169926 0.0246053 0.000607528 0.000173656 -0.000858021
internal_weight=202112 173381 131889 28731 6520 118485 107755 2050 1604 10730 446 105705 80407 37967
internal_count=202112 173381 131889 28731 6520 118485 107755 2050 1604 10730 446 105705 80407 37967
is_linear=0
shrinkage=0.05


Tree=100
num_leaves=15
num_cat=0
split_feature=0 37 40 0 45 37 28 22 26 47 40 53 9 15
split_gain=30.2816 40.5335 28.1373 29.6176 28.3388 26.5237 25.3052 21.9197 19.8676 22.7168 19.97 19.4696 58.2296 20.1909
threshold=65.799999237060561 52.500000000000007 985.85000610351574 195.80000305175784 -1.4525747299194334 22.500000000000004 17.500000000000004 1225.5000000000002 0.70515134930610668 3.617502093315125 996.25000000000011 -0.99983122944831837 43.45000076293946 138.55000305175784
decision_type=2 2 2 2 2 2 2 2 2 2 2 2 2 2
left_child=5 -2 -3 4 -4 -1 7 -7 10 -10 -6 12 -8 -13
right_child=1 2 3 -5 8 6 11 -9 9 -11 -12 13 -14 -15
leaf_value=-0.0088531984830481792 -0.0083973392156897128 -0.0037717008933415108 -0.00078166650251323012 -0.0057335706413830694 0.0034215416071310158 0.006352534162931087 0.022331444172549456 0.014029139771051767 0.0025517514829795328 -0.0036586668614159699 0.0086539820474318407 0.00010571814642723955 -0.00079966918907971242 0.0043332645797898913
leaf_weight=8064 15328 19921 20015 5907 9563 2976 294 110 4133 4625 276 105634 626 5160
leaf_count=8064 15328 19921 20015 5907 9563 2976 294 110 4133 4625 276 105634 626 5160
internal_value=-0.000294906 -0.00105342 -0.000503492 0.000195489 0.000700118 0.0001976 0.000392386 0.00485142 0.00210485 0.000371805 0.00364555 0.000268786 0.00747312 0.000208295
internal_weight=202632 79768 64440 44519 38612 122864 114800 3086 18597 8758 9839 111714 920 110794
internal_count=202632 79768 64440 44519 38612 122864 114800 3086 18597 8758 9839 111714 920 110794
is_linear=0
shrinkage=0.05


Tree=101
num_leaves=15
num_cat=0
split_feature=42 28 38 15 52 25 47 30 53 16 18 13 46 53
split_gain=27.1323 37.9187 36.1562 28.9082 36.129 22.2531 21.452 21.5448 19.1781 20.4821 16.7737 18.3542 18.2636 32.4733
threshold=7.2500000000000009 43.500000000000007 16.550000190734867 72.500000000000014 0.29342973232269293 6.9500000476837167 10.947014331817629 667.50000000000011 0.9993295967578889 36.95000076293946 25.94999980926514 46.071130752563484 3.1499999761581425 -0.57782411575317372
decision_type=2 2 2 2 2 2 2 8 2 2 2 2 2 2
left_child=5 2 -2 4 -4 -1 7 -6 10 -10 11 12 13 -7
right_child=1 -3 3 -5 6 8 -8 -9 9 -11 -12 -13 -14 -15
leaf_value=0.0042826181146919488 -0.00067846667484415708 -0.0032878743445226735 0.0015495690412346487 0.00080302041587275409 0.02637384845881793 0.0051119714400411718 0.0012209328349630322 0.012749393102447423 0.009764639673779137 0.0026717567352446299 -0.0027665037317742419 0.00063947045116767793 -0.0066124583337883866 -0.0028211844298737707
leaf_weight=6101 15377 59589 1080 2317 483 4916 303 777 255 1651 15840 75501 7251 10810
leaf_count=6101 15377 59589 1080 2317 483 4916 303 777 255 1651 15840 75501 7251 10810
internal_value=-0.000357979 -0.00107436 0.00078955 0.00449698 0.00806068 0.000110147 0.0128957 0.015748 -4.44804e-05 0.00491649 -0.000127616 0.000115343 -0.00112172 -0.000163956
internal_weight=202251 79926 20337 4960 2643 122325 1563 1260 116224 1906 114318 98478 22977 15726
internal_count=202251 79926 20337 4960 2643 122325 1563 1260 116224 1906 114318 98478 22977 15726
is_linear=0
shrinkage=0.05


Tree=102
num_leaves=15
num_cat=0
split_feature=45 16 52 52 45 47 42 26 38 57 41 56 33 52
split_gain=31.2611 22.9279 26.006 46.7728 25.7767 23.3726 21.1021 26.9845 20.091 18.6861 20.4166 24.4194 25.5887 19.0986
threshold=1.8828944200444102e-15 10.550000190734865 0.90162119269371044 0.48314048349857336 3.2583036422729497 5.7622082233428964 6.6499998569488534 0.69953638315200817 27.550000190734867 42.283332824707038 1.5000000000000002 52.800001144409187 4.8500001430511483 -0.98214942216873158
decision_type=2 2 2 2 2 2 2 2 2 2 2 2 2 2
left_child=6 2 3 5 -5 -2 7 -1 -9 10 11 -3 -13 -11
right_child=1 9 -4 4 -6 -7 -8 8 -10 13 -12 12 -14 -15
leaf_value=0.0010390636021767098 0.012556903139714729 0.00095904003274406503 -0.0042136789294206266 0.010634335258273396 0.018280480450618579 -0.0014262329094068471 -0.0029051301318403621 -0.0021193414155871578 0.013694833881710273 -0.0032711785826174764 -0.003765053748629846 0.0053869691109662242 0.026975489370781949 0.0014376827756975882
leaf_weight=32698 452 6430 878 172 293 944 54732 29718 96 5031 15418 244 70 55279
leaf_count=32698 452 6430 878 172 293 944 54732 29718 96 5031 15418 244 70 55279
internal_value=-0.000271777 0.000456987 0.00494907 0.00828167 0.0218421 0.00364154 -0.000801424 -0.0001737 -0.0012614 0.000307217 -0.000934062 0.00135919 0.0147531 0.000763427
internal_weight=202455 85211 2739 1861 465 1396 117244 62512 29814 82472 22162 6744 314 60310
internal_count=202455 85211 2739 1861 465 1396 117244 62512 29814 82472 22162 6744 314 60310
is_linear=0
shrinkage=0.05


Tree=103
num_leaves=15
num_cat=0
split_feature=0 57 37 0 56 39 1 24 46 53 43 12 26 15
split_gain=28.0572 43.2137 24.1956 23.0084 36.5165 21.1026 20.1769 27.9137 19.6695 19.1069 18.1206 17.8864 27.1303 22.691
threshold=56.95000076293946 55.549999237060554 25.500000000000004 195.80000305175784 170.6499938964844 1.0000000180025095e-35 121.75000000000001 12.500000000000002 6.0499999523162851 -0.94703993201255787 17.500000000000004 153.35903167724612 0.69856801629066478 212.55000305175784
decision_type=2 2 2 2 2 2 2 2 2 2 10 2 2 2
left_child=2 -2 -1 4 6 -4 7 8 -3 -9 11 12 13 -6
right_child=1 3 5 -5 10 -7 -8 9 -10 -11 -12 -13 -14 -15
leaf_value=-0.0061940636759151603 -0.0063162720760762264 0.0017497014482394145 0.0011301125761729448 -0.0059332633469852802 0.010837828854561278 -0.0037111483548552386 -0.0031971779674646334 0.0018614073079670831 -0.0084420002011757877 -0.0035922049150523302 0.0018709722136166841 0.0018695451813876254 0.00042097447362212889 0.0039764243781771789
leaf_weight=9994 24160 24383 86414 6262 259 9549 13967 4219 2364 14351 4825 1250 273 216
leaf_count=9994 24160 24383 86414 6262 259 9549 13967 4219 2364 14351 4825 1250 273 216
internal_value=-0.000322872 -0.000939466 0.000238894 -0.000328066 -5.3467e-05 0.000482791 -0.000452324 5.98969e-05 0.00109373 -0.00142896 0.00340773 0.0074004 0.0134697 0.020567
internal_weight=202486 96529 105957 72369 66107 95963 59284 45317 26747 18570 6823 1998 748 475
internal_count=202486 96529 105957 72369 66107 95963 59284 45317 26747 18570 6823 1998 748 475
is_linear=0
shrinkage=0.05


Tree=104
num_leaves=15
num_cat=0
split_feature=0 57 44 40 37 0 23 12 52 46 46 1 53 23
split_gain=27.4154 39.0878 23.4052 27.3658 22.5411 21.8277 23.6769 18.8785 18.6288 19.2423 22.9477 25.4961 23.023 37.0671
threshold=56.95000076293946 55.549999237060554 1.4329677820205691 986.35000610351574 26.500000000000004 136.19999694824222 1.9049999713897707 23.331944465637211 0.9937499761581422 7.8500001430511483 7.7500000000000009 29.650000572204593 -0.99983122944831837 0.7150000035762788
decision_type=2 2 2 2 2 2 2 2 2 2 2 2 2 2
left_child=4 7 3 -3 -1 6 -5 -2 9 10 12 -12 13 -6
right_child=1 2 -4 5 8 -7 -8 -9 -10 -11 11 -13 -14 -15
leaf_value=-0.0050534701060422514 0.010326919032603793 -0.0016920637571256323 -0.0023449311533515317 0.0024217168689268441 0.025298806948465525 -0.00042046125444053083 0.018833476012479852 -0.0063623172791580545 -0.0050270224007651137 -0.00094629297740096675 0.023290307678334163 0.0034992776411819936 0.0014251727559170643 0.0022703145156645209
leaf_weight=10817 130 18213 28082 15961 138 9971 101 24168 5112 23325 139 333 65391 302
leaf_count=10817 130 18213 28082 15961 138 9971 101 24168 5112 23325 139 333 65391 302
internal_value=-0.000264674 -0.000873175 -0.000290167 0.000426382 0.000292372 0.00146623 0.0026064 -0.00260778 0.000539313 0.000706842 0.00114133 0.0120124 0.00106157 0.0123333
internal_weight=202183 96626 72328 44246 105557 26033 16062 24298 94740 89628 66303 472 65831 440
internal_count=202183 96626 72328 44246 105557 26033 16062 24298 94740 89628 66303 472 65831 440
is_linear=0
shrinkage=0.05


Tree=105
num_leaves=15
num_cat=0
split_feature=0 42 26 53 12 47 52 37 0 36 57 37 24 56
split_gain=26.7976 25.7883 33.8585 56.333 33.8708 60.5267 32.6178 23.1855 22.6269 22.0473 24.3994 20.7172 19.3603 19.1645
threshold=25.750000000000004 6.6499998569488534 0.69953638315200817 0.34840355813503271 151.25069427490237 5.4478566646575937 -0.55657517910003651 77.500000000000014 97.450000762939467 17.250000000000004 67.583332061767592 84.500000000000014 8.5000000000000018 170.6499938964844
decision_type=2 2 2 2 2 2 2 2 2 2 2 2 2 2
left_child=-1 2 3 -2 5 6 11 -4 -3 10 -8 12 -5 -12
right_child=1 8 7 4 -6 -7 9 -9 -10 -11 13 -13 -14 -15
leaf_value=0.0023953754274241602 -0.00042921342121711605 -0.0013806308398989116 -0.003467349607642365 0.014392723139680156 -0.0013441326326759353 0.0022980111365192837 0.0097488924600375813 0.00043403574304791903 -0.0058600690229333877 -0.0021756797081305275 0.002574768221674433 0.0046054064704158307 0.0069056436550976423 0.0066684886481077734
leaf_weight=19913 37733 68890 24570 372 3711 10875 480 18506 14092 704 1446 349 464 512
leaf_count=19913 37733 68890 24570 372 3711 10875 480 18506 14092 704 1446 349 464 512
internal_value=-0.000298999 -0.000488853 5.3041e-05 0.000856395 0.00308276 0.00412766 0.00912266 -0.00100334 -0.00113999 0.00642132 0.00866421 0.0161715 0.0204137 0.00612805
internal_weight=202617 182704 99722 56646 18913 15202 4327 43076 82982 3142 2438 1185 836 1958
internal_count=202617 182704 99722 56646 18913 15202 4327 43076 82982 3142 2438 1185 836 1958
is_linear=0
shrinkage=0.05


Tree=106
num_leaves=15
num_cat=0
split_feature=0 37 37 44 36 47 40 53 23 53 47 55 41 55
split_gain=27.5965 34.8526 30.4126 27.4888 28.8425 27.0302 25.4399 27.6601 33.8632 53.7414 27.6197 25.8005 25.5432 24.3288
threshold=97.450000762939467 84.500000000000014 36.500000000000007 -1.8263952732086179 35.649999618530281 5.2838997840881357 987.04998779296886 -0.76140165328979481 0.59499999880790722 -0.99983122944831837 8.4914770126342791 2.5000000000000004 4.5000000000000009 4.5000000000000009
decision_type=2 2 2 2 2 2 2 2 2 2 2 2 2 2
left_child=2 -2 3 4 -1 -3 7 8 9 -4 -10 -11 13 -9
right_child=1 5 6 -5 -6 -7 -8 12 10 11 -12 -13 -14 -15
leaf_value=-0.0025704284434084992 -0.0048631128001095543 0.0017630248775453877 0.023359062433405162 -0.0061416161658319722 0.010271625211921206 -0.0034722057494347065 0.0018168682034188381 0.0015728657670655113 0.0017646989946742007 -0.00048137743815717082 -0.0038931804766943294 0.010016391229476259 -0.0030556012165413923 -0.002615902780163229
leaf_weight=4315 25844 10133 171 18917 2376 5767 35468 22067 18963 3030 7522 4399 34324 9105
leaf_count=4315 25844 10133 171 18917 2376 5767 35468 22067 18963 3030 7522 4399 34324 9105
internal_value=-0.000300652 -0.00144585 -3.01986e-06 -0.00158248 0.00117072 0.000395976 0.000296573 -0.000113013 0.00104194 0.0039816 0.000197206 0.00332101 -0.000714134 0.000321979
internal_weight=202401 41744 160657 25608 6691 15900 135049 99581 34085 7600 26485 7429 65496 31172
internal_count=202401 41744 160657 25608 6691 15900 135049 99581 34085 7600 26485 7429 65496 31172
is_linear=0
shrinkage=0.05


Tree=107
num_leaves=15
num_cat=0
split_feature=37 19 0 44 42 28 26 40 47 49 11 47 28 36
split_gain=25.2232 23.0527 22.9846 23.0812 21.3841 34.1333 24.9993 41.9246 55.5466 54.6435 35.5666 25.4913 25.2888 24.0592
threshold=42.500000000000007 207.94999694824222 66.700000762939467 -4.4662489891052237 9.9499998092651385 31.500000000000004 0.70020255446434032 985.85000610351574 5.3640310764312753 -22.499999999999996 27.285416603088382 3.5673273801803593 71.500000000000014 26.349999427795414
decision_type=2 2 2 2 2 2 2 2 2 10 2 2 2 2
left_child=2 4 3 -1 6 13 7 -2 9 -9 -10 -8 -12 -6
right_child=1 -3 -4 -5 5 -7 11 8 10 -11 12 -13 -14 -15
leaf_value=0.004211078199406258 0.00016442904810090936 -0.0027689362903657441 -0.012132264638935922 -0.0032306045252970296 -0.0001158344136712291 -0.0035336259485949286 0.0015628813207627119 0.0026885463291834379 0.0093003319706943966 0.0091180161940838441 0.0033705944787509935 -0.0019181726859845963 -0.00073481683739649124 0.01495613476568705
leaf_weight=5362 50339 15553 7793 24868 891 20969 10133 3352 441 1640 12094 36282 11747 779
leaf_count=5362 50339 15553 7793 24868 891 20969 10133 3352 441 1640 12094 36282 11747 779
internal_value=-0.000279676 -1.09614e-05 -0.00143993 -0.000815147 0.000180693 -0.00123383 0.000434868 0.000972519 0.00247678 0.00727509 0.00148773 -0.000487346 0.00122406 0.005625
internal_weight=202243 164220 38023 30230 148667 22639 126028 79613 29274 4992 24282 46415 23841 1670
internal_count=202243 164220 38023 30230 148667 22639 126028 79613 29274 4992 24282 46415 23841 1670
is_linear=0
shrinkage=0.05


Tree=108
num_leaves=15
num_cat=0
split_feature=45 42 39 16 45 40 12 56 0 12 54 54 24 24
split_gain=26.0556 19.2542 17.32 19.9599 18.125 25.1756 19.9856 16.5621 21.9195 19.6106 18.1144 14.9906 14.4452 14.4364
threshold=0.17242836952209475 6.2500000000000009 1.0000000180025095e-35 10.550000190734865 3.2583036422729497 983.54998779296886 28.152777671813968 132.94999694824222 66.700000762939467 153.35903167724612 1.5000000000000002 10.500000000000002 5.5000000000000009 81.500000000000014
decision_type=2 2 2 2 2 2 2 2 2 2 2 2 2 2
left_child=1 -1 3 4 -2 6 12 8 13 10 -9 -10 -6 -5
right_child=2 -3 -4 7 5 -7 -8 9 11 -11 -12 -13 -14 -15
leaf_value=-0.00012465070694912911 0.00095491996870672034 -0.0025279854065141465 -0.0039695640525484596 0.0006688250491753301 0.0072518623019813587 -0.0035548896996606735 0.0097290206829648354 0.005663080387526608 -0.0028812160298037773 -0.00062737768309630655 0.0037392052289720191 0.0020379933408955771 0.017409374532347786 0.0044317028165909243
leaf_weight=57594 1202 60224 8124 38790 90 331 511 1000 17022 2701 3102 3971 261 7474
leaf_count=57594 1202 60224 8124 38790 90 331 511 1000 17022 2701 3102 3971 261 7474
internal_value=-0.000261035 -0.000741675 0.000408503 0.000641796 0.00512474 0.00946384 0.013922 0.000496151 0.000258149 0.00284529 0.00501945 -0.00108151 0.0229778 0.000866144
internal_weight=202397 117818 84579 76455 2395 1193 862 74060 67257 6803 4102 20993 351 46264
internal_count=202397 117818 84579 76455 2395 1193 862 74060 67257 6803 4102 20993 351 46264
is_linear=0
shrinkage=0.05


Tree=109
num_leaves=15
num_cat=0
split_feature=18 47 53 52 12 47 13 11 57 52 45 52 0 53
split_gain=25.6165 22.808 27.3914 40.8345 27.1222 31.9327 28.979 26.1516 23.5998 24.7636 26.5658 27.5304 23.2852 22.1833
threshold=29.250000000000004 9.1594953536987322 -0.94703993201255787 -0.28519254922866816 34.925695419311531 7.9138195514678964 68.224105834960952 28.343750000000004 43.31666564941407 -0.97876849770545948 0.67962491512298595 -0.97113886475563038 20.250000000000004 -0.98801845312118519
decision_type=2 2 2 2 2 2 2 2 2 2 2 2 2 2
left_child=1 2 3 -1 5 7 -6 -5 12 -10 11 -11 -4 -9
right_child=-2 -3 8 4 6 -7 -8 13 9 10 -12 -13 -14 -15
leaf_value=0.011281315169108866 -0.0031808706957622899 -0.0026641402923068881 0.0034824958545697608 -0.00099927640032257251 -0.00075265192376761125 -0.00072596096928373541 0.0064826436394089517 -0.00160693595598713 -0.0030285616468711278 0.0086341059740326614 0.002267865576177629 -0.00019943199062645982 -0.0031130372889645675 0.017529973129288379
leaf_weight=841 21278 30069 5071 231 9608 683 2383 125 9263 820 30081 55724 35722 541
leaf_count=841 21278 30069 5071 231 9608 683 2383 125 9263 820 30081 55724 35722 541
internal_value=-0.00028007 -8.72663e-05 0.000163033 0.00223547 0.001568 0.0077044 0.000753686 0.0138534 -5.56376e-05 0.000372895 0.000635712 -3.00717e-06 -0.00106279 0.0188166
internal_weight=202440 181162 151093 14412 13571 1580 11991 897 136681 95888 86625 56544 40793 666
internal_count=202440 181162 151093 14412 13571 1580 11991 897 136681 95888 86625 56544 40793 666
is_linear=0
shrinkage=0.05


Tree=110
num_leaves=15
num_cat=0
split_feature=3 57 57 28 52 52 52 33 45 16 46 44 26 56
split_gain=26.078 25.1804 21.6248 23.9743 19.2343 18.3967 40.2825 71.8937 24.2514 20.6153 17.8881 16.1451 17.952 16.4004
threshold=57.45000076293946 64.883335113525405 45.383333206176765 28.500000000000004 -0.97876849770545948 -0.96689236164093006 -0.97876849770545948 0.75000000000000011 3.8237462043762211 13.34999990463257 6.2500000000000009 1.0891128778457644 0.70242592692375194 176.25000000000003
decision_type=2 2 2 2 2 2 2 2 2 2 2 2 2 2
left_child=2 -2 3 -1 -4 6 8 10 -5 -10 -8 -3 13 -13
right_child=1 11 4 5 -6 -7 7 -9 9 -11 -12 12 -14 -15
leaf_value=0.0037815423044591 -0.0036459331958993675 0.00048216996711569326 -0.0033042153842510352 -0.0039246581872405071 0.0019071901755705616 -0.0022785053823468271 0.0004421417647210712 0.021928135912171864 0.018420863875540289 0.0040001139745464891 0.019678156237590047 -0.0010357741907541195 -0.0051663517723056869 0.0026351674556556403
leaf_weight=10325 33124 36309 4048 2588 45789 42012 706 234 105 580 100 13238 11095 2010
leaf_count=10325 33124 36309 4048 2588 45789 42012 706 234 105 580 100 13238 11095 2010
internal_value=-0.00025048 -0.000849081 0.000287941 -0.00038034 0.0010475 -0.000865977 0.00224034 0.0107619 -0.000491929 0.00780575 0.00351716 -0.000259489 -0.00120157 -8.7824e-05
internal_weight=202263 95776 106487 56650 49837 46325 4313 1040 3273 685 806 62652 26343 15248
internal_count=202263 95776 106487 56650 49837 46325 4313 1040 3273 685 806 62652 26343 15248
is_linear=0
shrinkage=0.05


Tree=111
num_leaves=15
num_cat=0
split_feature=19 37 38 46 26 47 12 53 37 54 12 53 43 12
split_gain=23.1787 23.2426 29.8517 29.0981 31.5912 36.5964 35.4838 42.0853 33.947 28.7129 33.9622 41.1882 28.3261 27.3901
threshold=269.65000915527349 39.500000000000007 13.250000000000002 1.0000000180025095e-35 0.719303458929062 5.5815570354461679 149.84027099609378 0.38043944537639623 94.500000000000014 6.5000000000000009 101.40833282470705 0.60383266210556041 52.500000000000007 130.74236297607425
decision_type=2 2 2 2 2 2 2 2 2 2 2 2 10 2
left_child=1 2 -1 4 5 6 7 -3 -6 -7 -11 13 -10 -12
right_child=-2 3 -4 -5 8 9 -8 -9 12 10 11 -13 -14 -15
leaf_value=-0.0058831123064088343 -0.0058356681414544753 0.00079484813160667816 0.0021278159438270191 -0.00090054962650306747 -0.0014003782501366604 0.0033895949526478002 -0.00090611019153896482 0.0061008388397869448 0.0013088241429096623 -0.0017138163592342458 0.012286837666622537 0.00032890644007510538 0.0092263764694606436 -0.00069524094144281093
leaf_weight=22827 6895 2742 8996 92492 23556 14194 2308 5267 1996 17458 775 1953 720 259
leaf_count=22827 6895 2742 8996 92492 23556 14194 2308 5267 1996 17458 775 1953 720 259
internal_value=-0.000284716 -0.000184171 -0.00142038 5.61889e-05 0.000815715 0.00162056 0.00423308 0.00580559 -0.000561602 0.000841437 -0.000358104 0.00455956 0.0047212 0.0125766
internal_weight=202438 195543 31823 163720 71228 44956 10317 8009 26272 34639 20445 2987 2716 1034
internal_count=202438 195543 31823 163720 71228 44956 10317 8009 26272 34639 20445 2987 2716 1034
is_linear=0
shrinkage=0.05


Tree=112
num_leaves=15
num_cat=0
split_feature=1 37 37 46 52 52 52 23 44 12 19 25 27 28
split_gain=25.8321 30.3079 23.585 23.6332 20.1371 20.008 57.8977 55.8931 38.5808 31.5671 25.1148 19.0635 21.2805 18.1804
threshold=107.20000076293947 80.500000000000014 26.500000000000004 20.650000572204593 0.9937499761581422 -0.97876849770545948 -0.97113886475563038 0.36500000953674322 3.0402570962905888 32.278472900390632 83.700000762939467 6.9500000476837167 26.94999980926514 44.500000000000007
decision_type=2 2 2 2 2 2 2 2 2 2 2 2 2 2
left_child=2 -2 -1 4 5 9 7 -7 -9 -4 -10 12 -5 -8
right_child=1 -3 3 11 -6 6 13 8 10 -11 -12 -13 -14 -15
leaf_value=-0.0058305604210138785 -0.0058702153484893457 2.4845532528827259e-05 0.0081308543834024746 0.0086675207644409166 -0.0054159390100260302 -0.002526663070260188 0.0025338207493973853 0.0085945366930491578 0.01814469794699855 -0.0028623127748341986 0.0015296853127229313 -0.004685636554893141 -0.0040036265671444709 0.00024398368807399267
leaf_weight=13078 17594 16356 543 615 5340 749 28421 1000 348 11314 76 13319 752 92291
leaf_count=13078 17594 16356 543 615 5340 749 28421 1000 348 11314 76 13319 752 92291
internal_value=-0.000263274 -0.00152091 -8.81827e-06 0.000163523 0.000363617 0.000483034 0.000672321 0.00874255 0.0145258 -0.00147763 0.0270276 -0.00174401 0.00385984 0.000526332
internal_weight=201796 33950 167846 154768 140082 134742 122885 2173 1424 11857 424 14686 1367 120712
internal_count=201796 33950 167846 154768 140082 134742 122885 2173 1424 11857 424 14686 1367 120712
is_linear=0
shrinkage=0.05


Tree=113
num_leaves=15
num_cat=0
split_feature=0 37 46 47 0 54 49 16 16 1 23 16 37 0
split_gain=25.5012 24.3848 27.39 23.3198 21.1258 22.7163 28.1068 32.4954 24.0989 26.0013 22.2338 34.7455 20.9643 20.917
threshold=32.149999618530281 47.500000000000007 6.0499999523162851 6.9672570228576669 195.80000305175784 1.5000000000000002 -19.374999999999996 36.149999618530281 86.850002288818374 106.29999923706056 1.4950000047683718 106.04999923706056 80.500000000000014 84.200000762939467
decision_type=2 2 2 2 2 2 10 2 2 2 2 2 2 2
left_child=-1 13 4 -4 5 6 -3 -8 9 -7 -10 -12 -9 -2
right_child=1 2 3 -5 -6 8 7 12 10 -11 11 -13 -14 -15
leaf_value=0.0015765623054903354 -0.0023233771388654445 0.0006026666932356493 0.00011339275933894738 -0.0054918828680373365 -0.0042883020979699142 0.00041050992646356297 0.0098588256896809546 0.00076185291848043248 0.0014926500262856426 -0.0030406372019329483 0.013703603249966232 0.0025789576729774943 0.0065060597312693695 -0.012627870514848189
leaf_weight=35801 26999 7684 13618 18980 5872 66449 467 2023 2284 13597 270 450 1545 6474
leaf_count=35801 26999 7684 13618 18980 5872 66449 467 2023 2284 13597 270 450 1545 6474
internal_value=-0.000273871 -0.000533884 -0.000230735 -0.00149013 0.000177295 0.000357726 0.00241751 0.0057911 6.6818e-05 -9.84323e-05 0.00445587 0.0120548 0.00413918 -0.00174014
internal_weight=202513 166712 133239 32598 100641 94769 11719 4035 83050 80046 3004 720 3568 33473
internal_count=202513 166712 133239 32598 100641 94769 11719 4035 83050 80046 3004 720 3568 33473
is_linear=0
shrinkage=0.05


Tree=114
num_leaves=15
num_cat=0
split_feature=18 42 53 23 26 53 47 53 16 46 51 50 43 26
split_gain=23.7932 16.4425 24.5698 28.9065 19.3613 22.2418 24.8559 26.6832 20.3807 17.6717 18.5873 16.9455 23.1623 14.4488
threshold=7.3500001430511483 7.9500000476837167 -0.99983122944831837 0.7150000035762788 0.719303458929062 -0.77243989706039418 3.5673273801803593 0.99803557991981517 23.550000190734867 25.650000572204593 0.37940952181816107 0.12940952181816109 1.0000000180025095e-35 0.99079245328903209
decision_type=2 2 2 2 2 2 2 2 2 2 2 2 10 2
left_child=1 4 3 -3 9 8 -7 -8 -6 10 -1 12 -12 -9
right_child=-2 2 -4 -5 5 6 7 13 -10 -11 11 -13 -14 -15
leaf_value=0.00080766376171016979 -0.0015811031390033101 0.023578309263259864 -0.0012705608968324757 0.00074021278307219646 0.0080187897283759239 0.0016974345687253214 -0.0037619583766501426 0.00069961148587589198 0.00039664971190646455 -0.0044112778245241685 0.0062383728214059977 0.0013856865871645987 0.0033794207814000486 0.0091026596494024614
leaf_weight=34156 70384 129 43682 216 1267 6224 20174 351 1988 3627 1444 9062 9560 348
leaf_count=34156 70384 129 43682 216 1267 6224 20174 351 1988 3627 1444 9062 9560 348
internal_value=-0.000242867 0.000152451 -0.000636625 0.0124648 0.000546359 -0.000476254 -0.000945698 -0.0017725 0.00342266 0.00108289 0.001309 0.00251644 0.00383421 0.00776446
internal_weight=202612 132228 44027 345 88201 30352 27097 20873 3255 57849 54222 20066 11004 699
internal_count=202612 132228 44027 345 88201 30352 27097 20873 3255 57849 54222 20066 11004 699
is_linear=0
shrinkage=0.05


Tree=115
num_leaves=15
num_cat=0
split_feature=45 42 53 12 57 45 53 56 53 23 54 53 0 43
split_gain=23.5281 16.9724 18.2195 16.6814 22.2133 18.663 18.1487 18.0516 17.4018 16.9964 14.8454 20.41 14.7369 15.509
threshold=-5.6333752571939751e-16 6.2500000000000009 -0.94703993201255787 29.117361068725589 42.283332824707038 5.420717954635621 -0.85225707292556752 52.45000076293946 -0.46800559759140009 0.31499999761581426 6.5000000000000009 -0.96234029531478871 97.450000762939467 67.500000000000014
decision_type=2 2 2 2 2 2 2 2 2 2 2 2 2 8
left_child=1 2 10 5 7 -2 -7 -5 9 -8 -1 -12 13 -3
right_child=3 12 -4 4 -6 6 8 -9 -10 -11 11 -13 -14 -15
leaf_value=0.0003554306455159147 0.0018361272820849074 0.0014801957425794546 -0.00044466837998897204 -0.0026274046578326606 0.00087382223847586873 -0.0039568535558411498 0.015878740538103554 0.012310049237743027 0.0052618599593677023 0.0049964783692419672 0.0071112723137955764 0.011565573012807237 -0.0057678356366608497 -0.0025530162429861529
leaf_weight=1645 3301 8506 50488 20145 63888 233 299 913 538 127 1280 282 10503 39815
leaf_count=1645 3301 8506 50488 20145 63888 233 299 913 538 127 1280 282 10503 39815
internal_value=-0.000261744 -0.000742876 -0.000100085 0.000343527 0.000186213 0.00330745 0.00862883 -0.00122176 0.0116324 0.0190826 0.00354834 0.0070229 -0.0013295 -0.000960151
internal_weight=201963 112519 53695 89444 84946 4498 1197 21058 964 426 3207 1562 58824 48321
internal_count=201963 112519 53695 89444 84946 4498 1197 21058 964 426 3207 1562 58824 48321
is_linear=0
shrinkage=0.05


Tree=116
num_leaves=15
num_cat=0
split_feature=15 12 13 19 53 52 24 26 53 15 52 18 56 19
split_gain=25.3145 40.7349 31.2901 24.5227 26.2102 44.1724 33.8734 29.8023 24.1857 23.807 41.1946 23.4126 22.9256 21.8983
threshold=68.799999237060561 24.243055343627933 52.153869628906257 238.19999694824222 -0.97874867916107167 -0.082689788192510591 11.500000000000002 0.70084869861602794 0.93158200383186351 138.55000305175784 0.62587949633598339 -22.849999427795407 176.25000000000003 164.59999847412112
decision_type=2 2 2 2 2 2 2 2 2 2 2 2 2 2
left_child=-1 -2 9 4 5 -4 7 12 -9 -3 -11 -7 13 -6
right_child=1 2 3 -5 6 11 -8 8 -10 10 -12 -13 -14 -15
leaf_value=0.00082949737981086516 0.011845938451110878 -0.0048012006516533409 0.010364789223288663 -0.0039768887209101298 0.002272479970145617 0.0084305240268807129 -0.0022014081026845342 -0.003010772399972236 0.001259787867881126 0.0032291958971158103 0.037051486612324387 -0.0028606310133827487 0.004610233291548943 -0.001740654139165
leaf_weight=68285 228 28745 987 8824 23355 835 32865 16516 10160 1109 141 2278 1951 6542
leaf_count=68285 228 28745 987 8824 23355 835 32865 16516 10160 1109 141 2278 1951 6542
internal_value=-0.000269708 -0.000667654 -0.000704225 -0.000294903 -6.17296e-05 0.00384428 -0.000237367 0.000483991 -0.000748708 -0.00212715 0.00460317 0.00090778 0.00151642 0.00117247
internal_weight=202821 134536 134308 104313 95489 4100 91389 58524 26676 29995 1250 3113 31848 29897
internal_count=202821 134536 134308 104313 95489 4100 91389 58524 26676 29995 1250 3113 31848 29897
is_linear=0
shrinkage=0.05


Tree=117
num_leaves=15
num_cat=0
split_feature=0 13 44 52 19 23 52 26 46 26 38 19 57 38
split_gain=21.8776 29.1193 26.4873 23.0652 22.4837 24.7231 18.704 16.4009 16.0584 21.2578 17.0319 27.9846 15.1468 18.3328
threshold=65.799999237060561 64.966369628906264 0.85758596658706676 0.52766072750091564 238.19999694824222 1.9950000047683718 0.9937499761581422 0.72958466410636913 20.650000572204593 0.295306146144867 25.050000190734867 34.649999618530281 34.383333206176765 12.34999990463257
decision_type=2 2 2 2 2 2 2 2 2 2 2 2 2 2
left_child=6 -2 3 4 5 -3 8 -4 12 -10 -11 -12 13 -1
right_child=1 2 7 -5 -6 -7 -8 -9 9 10 11 -13 -14 -15
leaf_value=-0.0049547867709126489 -0.0046183952781558455 0.0017057886073213917 -0.0005004318703920968 -0.0059250838947390938 -0.0027110628920268931 0.013492274184173692 -0.0058037704367927294 -0.0057403154561851064 0.010470238355372552 -0.0082097240685667008 0.0065064799315683146 -0.0018583984686439117 0.0012274651858866174 0.00085381829561283857
leaf_weight=10307 21847 21851 15015 4178 4027 151 6317 12130 90 5913 944 4826 77986 16141
leaf_count=10307 21847 21851 15015 4178 4027 151 6317 12130 90 5913 944 4826 77986 16141
internal_value=-0.000273952 -0.000921551 -0.000329662 0.000688849 0.00124256 0.00187125 0.000144693 -0.0014629 0.000288812 -0.001461 -0.00165612 0.000276815 0.000486192 -0.000547662
internal_weight=201723 79199 57352 30207 26029 22002 122524 27145 116207 11773 11683 5770 104434 26448
internal_count=201723 79199 57352 30207 26029 22002 122524 27145 116207 11773 11683 5770 104434 26448
is_linear=0
shrinkage=0.05


Tree=118
num_leaves=15
num_cat=0
split_feature=15 12 37 46 13 12 38 41 47 26 9 53 53 24
split_gain=21.6907 32.2823 29.0901 33.3311 24.1637 41.93 32.2273 30.4171 21.3369 28.2796 20.6084 20.119 20.0716 19.7923
threshold=68.799999237060561 24.243055343627933 47.500000000000007 24.050000190734867 59.588689804077156 43.993055343627937 27.550000190734867 4.5000000000000009 3.617502093315125 0.72958466410636913 41.250000000000007 -0.97874867916107167 0.99349221587181102 12.500000000000002
decision_type=2 2 2 2 2 2 2 2 2 2 2 2 2 2
left_child=4 -2 -3 8 6 7 -1 -6 -4 13 -7 -11 -13 -10
right_child=1 2 3 -5 5 10 -8 -9 9 11 -12 12 -14 -15
leaf_value=0.00013135596191159789 0.012753822467445506 -0.0046212124945596064 0.0017421539060092726 -0.0090067216565648412 0.022981885185594603 0.01131839578864495 0.010896862281865989 0.00083993701599498086 0.0011990017293380759 0.0077027173571508779 0.0017340337472378548 -0.0044830140122485039 0.0027940671211213563 -0.0011069092701702218
leaf_weight=59887 219 24428 12298 6377 253 984 239 147 36622 838 6483 20951 1796 30596
leaf_count=59887 219 24428 12298 6377 253 984 239 147 36622 838 6483 20951 1796 30596
internal_value=-0.000244599 -0.000613376 -0.000645406 -0.000297203 0.000482845 0.00308683 0.000141678 0.0186585 -8.00605e-05 -0.000344831 0.00222883 -0.00183408 -0.00211517 0.000177901
internal_weight=202118 134125 133906 109478 67993 7867 60126 400 103101 90803 7467 23585 22747 67218
internal_count=202118 134125 133906 109478 67993 7867 60126 400 103101 90803 7467 23585 22747 67218
is_linear=0
shrinkage=0.05


Tree=119
num_leaves=15
num_cat=0
split_feature=19 56 0 23 53 14 54 53 47 49 47 47 53 53
split_gain=21.5913 24.9603 29.49 23.5989 22.828 23.5722 22.0505 21.3956 41.6129 21.0536 19.7412 18.5776 28.6031 52.0486
threshold=282.65000915527349 170.6499938964844 105.59999847412111 1.4149999618530276 0.47369650006294256 29.034747123718265 1.5000000000000002 0.9800505042076112 2.6121747493743901 -27.499999999999996 3.8661414384841923 8.5680856704711932 -0.94703993201255787 -0.95752304792404164
decision_type=2 2 2 2 2 2 2 2 2 8 2 2 2 2
left_child=1 2 6 -4 -3 -6 9 8 -7 -1 -5 12 13 -8
right_child=-2 4 3 10 5 7 11 -9 -10 -11 -12 -13 -14 -15
leaf_value=0.00012761313420472895 -0.0059075886395745202 0.012583090601258232 -0.0034130857165168478 0.0095041957928726113 0.0047394725980952233 0.0081423384641541568 0.0017403569335116137 0.0032106319540496338 -0.002259994521814824 0.006392478849948792 0.0021510250758358484 -0.0020708444181854325 -0.0001787506010588668 0.01391298473750862
leaf_weight=2501 5802 157 22974 152 609 223 12166 3482 4326 2254 999 39198 106235 1317
leaf_count=2501 5802 157 22974 152 609 223 12166 3482 4326 2254 999 39198 106235 1317
internal_value=-0.000258765 -0.000169963 -0.000291951 -0.00192356 0.00243159 0.00207514 -5.13511e-05 0.00134871 -0.000909192 0.0033001 0.00503445 -0.000151833 0.000157523 0.00232602
internal_weight=202395 196593 187796 24125 8797 8640 163671 8031 4549 4755 1151 158916 119718 13483
internal_count=202395 196593 187796 24125 8797 8640 163671 8031 4549 4755 1151 158916 119718 13483
is_linear=0
shrinkage=0.05


Tree=120
num_leaves=15
num_cat=0
split_feature=0 57 23 9 13 15 52 53 41 24 15 13 56 53
split_gain=22.8269 29.408 18.926 19.6533 17.3518 34.8214 56.7515 32.4788 31.941 25.0928 23.105 42.6559 19.9838 19.3779
threshold=73.000000000000014 67.583332061767592 0.2650000005960465 104.90000152587892 62.162498474121101 46.649999618530281 -0.8337765336036681 -0.94703993201255787 5.5000000000000009 22.500000000000004 138.55000305175784 51.110416412353523 50.350000381469734 -0.45273527503013605
decision_type=2 2 2 2 2 2 2 2 2 2 2 2 2 2
left_child=4 -2 3 -3 10 6 8 -7 -6 -9 13 12 -12 -1
right_child=1 2 -4 -5 5 7 -8 9 -10 -11 11 -13 -14 -15
leaf_value=0.00065082699842264726 -0.0053853392603562446 -7.8264739806173863e-05 -0.00074167379958314523 0.0054831411465316275 0.020823504385297578 0.0068769728198666367 -0.00031951052716146466 0.0016674859921186503 -0.0040331398803464492 -0.0029960758897542594 0.010024344639299174 9.036119067379534e-05 0.033616543899504803 -0.0017100172905906285
leaf_weight=54139 19659 1738 45262 1373 233 2215 410 23382 63 7765 116 768 256 45219
leaf_count=54139 19659 1738 45262 1373 233 2215 410 23382 63 7765 116 768 256 45219
internal_value=-0.000223783 -0.000970137 -0.000307237 0.00345883 0.000153592 0.00112859 0.0120391 0.000894162 0.0283333 0.000477099 -0.000177002 0.00686956 0.0205236 -0.000258535
internal_weight=202598 68032 48373 3111 134566 34068 706 33362 296 31147 100498 1140 372 99358
internal_count=202598 68032 48373 3111 134566 34068 706 33362 296 31147 100498 1140 372 99358
is_linear=0
shrinkage=0.05


Tree=121
num_leaves=15
num_cat=0
split_feature=0 44 46 53 40 0 0 52 33 23 43 30 9 36
split_gain=21.3676 22.6678 27.4381 20.7498 28.148 22.2408 20.8864 17.9011 21.0997 26.4915 21.0071 31.2916 20.3149 19.6461
threshold=25.750000000000004 4.5930628776550302 18.050000190734867 -0.93543598055839527 987.04998779296886 149.69999694824222 62.050001144409187 0.77244481444358837 0.84999999403953563 1.4950000047683718 52.500000000000007 47.500000000000007 83.500000000000014 16.050000190734867
decision_type=2 2 2 2 2 2 2 2 2 2 8 10 2 2
left_child=-1 2 3 -2 6 7 -5 8 9 10 11 -6 -11 -12
right_child=1 -3 -4 4 5 -7 -8 -9 -10 12 13 -13 -14 -15
leaf_value=0.0021735701412770748 0.0026087187326877194 -0.0030707316035658069 -0.004182313743385643 -0.00022048012581917561 0.0028146830671574308 -0.001517371983416349 -0.0029708617142011956 -0.0021698234011519484 -0.0047870853655390027 -0.0031022967330781239 0.0048963175977900569 -0.001461142422686782 0.012274540549402574 0.0019713344209192677
leaf_weight=19848 15309 34840 15037 44104 4613 11407 23268 5814 2795 158 6784 8404 387 9535
leaf_count=19848 15309 34840 15037 44104 4613 11407 23268 5814 2795 158 6784 8404 387 9535
internal_value=-0.000230164 -0.000399667 -0.000128875 0.000100762 -0.000125301 0.00077474 -0.000791904 0.00134935 0.00180414 0.0021928 0.00198732 0.000488599 0.013018 0.00318176
internal_weight=202303 182455 147615 132578 117269 49897 67372 38490 32676 29881 29336 13017 545 16319
internal_count=202303 182455 147615 132578 117269 49897 67372 38490 32676 29881 29336 13017 545 16319
is_linear=0
shrinkage=0.05


Tree=122
num_leaves=15
num_cat=0
split_feature=0 47 26 47 53 47 12 23 28 33 53 24 12 33
split_gain=23.7741 20.6642 29.6782 27.0947 21.4858 33.1234 54.6981 29.8593 28.1033 23.0665 33.2438 30.5798 23.4802 25.8164
threshold=33.699998855590827 7.9647474288940439 0.70020255446434032 3.4689898490905766 0.31595529615879064 5.6745276451110849 151.25069427490237 1.4950000047683718 73.500000000000014 2.4500000476837163 0.14888729155063632 12.500000000000002 51.227083206176765 22.349999427795414
decision_type=2 2 2 2 2 2 2 2 2 2 2 2 2 2
left_child=-1 2 4 -4 9 6 7 -6 -7 -2 12 -12 -11 -14
right_child=1 -3 3 -5 5 8 -8 -9 -10 10 11 -13 13 -15
leaf_value=0.0014773067118455064 -0.0011935507700641754 -0.0028946039398475335 0.0011191055043593729 -0.0029655652390509169 0.0041453589238681261 0.0025336844296622845 -0.00089788781211251742 0.013122727263947864 -0.0025285586808469194 -0.0015934263105814373 0.017392697781098507 -0.00056932369882018439 0.0033482943498451172 0.012057250514147848
leaf_weight=39605 33256 40704 10554 38784 6950 8812 4090 257 9816 4946 382 275 3661 440
leaf_count=39605 33256 40704 10554 38784 6950 8812 4090 257 9816 4946 382 275 3661 440
internal_value=-0.000208156 -0.000475246 -0.000150247 -0.00109711 0.000490773 0.00151912 0.00365393 0.006272 0.000223199 -0.00022574 0.00191785 0.0126912 0.00112234 0.0039151
internal_weight=202532 162927 122223 49338 72885 29925 11297 7207 18628 42960 9704 657 9047 4101
internal_count=202532 162927 122223 49338 72885 29925 11297 7207 18628 42960 9704 657 9047 4101
is_linear=0
shrinkage=0.05


Tree=123
num_leaves=15
num_cat=0
split_feature=0 37 54 57 47 47 51 37 46 46 53 38 28 49
split_gain=23.8658 27.7671 25.4334 25.5067 23.5691 21.1805 18.0257 23.3985 29.2731 17.9508 23.9643 20.9646 19.3302 19.0767
threshold=96.500000000000014 84.500000000000014 1.5000000000000002 83.283336639404311 7.9647474288940439 5.2838997840881357 0.37940952181816107 87.500000000000014 1.4499999880790713 0.25000000745058065 -0.99465739727020253 10.150000095367433 33.500000000000007 -56.874999999999993
decision_type=2 2 2 2 2 2 2 2 2 2 2 2 2 10
left_child=2 -2 3 4 -1 -3 9 8 -8 10 -4 -12 13 -13
right_child=1 5 6 -5 -6 -7 7 -9 -10 -11 11 12 -14 -15
leaf_value=0.0061601302327472822 -0.0038092114229200803 0.0015819537267715783 0.008843872233909587 0.0012758484108016958 0.012063575584074457 -0.0031237675384994425 0.00040024123093229116 -0.0025953372225422547 0.004091755086848641 -0.0018166026025741408 -0.0028136225355315141 0.0028080202002272701 0.00042143805631784524 0.011242106570831373
leaf_weight=1216 26193 10259 179 2979 161 5754 32339 12280 13615 51177 14661 4228 25592 1393
leaf_count=1216 26193 10259 179 2979 161 5754 32339 12280 13615 51177 14661 4228 25592 1393
internal_value=-0.000224862 -0.00128222 5.44316e-05 0.00381814 0.00941961 0.000357922 -5.12638e-05 0.000644357 0.00116243 -0.000467916 0.000248246 0.000175005 0.000907503 0.00355976
internal_weight=202026 42206 159820 4356 1377 16013 155464 58234 45954 97230 46053 45874 31213 5621
internal_count=202026 42206 159820 4356 1377 16013 155464 58234 45954 97230 46053 45874 31213 5621
is_linear=0
shrinkage=0.05


Tree=124
num_leaves=15
num_cat=0
split_feature=0 37 47 54 57 47 0 56 37 25 46 47 23 53
split_gain=23.3462 25.8889 22.7158 22.3404 21.6911 27.5235 18.7812 19.0526 16.3373 19.6725 26.6366 15.8348 15.746 15.3208
threshold=97.450000762939467 68.500000000000014 5.9872870445251474 1.5000000000000002 83.283336639404311 7.5006945133209237 214.90000152587893 170.6499938964844 21.500000000000004 7.1499998569488534 29.050000190734867 12.818016529083254 1.5850000381469729 -0.76140165328979481
decision_type=2 2 2 2 2 2 2 2 2 2 2 2 2 2
left_child=3 -2 6 4 5 -1 7 12 11 -10 13 -5 -3 -11
right_child=1 2 -4 8 -6 -7 -8 -9 9 10 -12 -13 -14 -15
leaf_value=0.0057471164816881824 -0.0064278683272881269 -0.00018664995641147898 -0.0052857748053426832 -0.0081429416196859977 0.0012928541568968355 0.014193995813728539 -0.0042576543808644472 0.0027946432840737722 0.0027636657252963315 0.0016563141381432866 -0.0054275724648120815 0.015823737649248753 0.0059971599570626186 -0.00033559547952231742
leaf_weight=1221 14318 11087 7984 7826 3019 201 3215 5203 11825 31226 8158 102 199 97001
leaf_count=1221 14318 11087 7984 7826 3019 201 3215 5203 11825 31226 8158 102 199 97001
internal_value=-0.000218787 -0.00126809 -0.000375119 5.57623e-05 0.00354864 0.00861732 0.000536673 0.00121856 -4.38058e-05 7.45502e-05 -9.51293e-05 -0.00225372 6.37382e-05 8.12156e-05
internal_weight=202585 42006 27688 160579 4441 1422 19704 16489 156138 148210 136385 7928 11286 128227
internal_count=202585 42006 27688 160579 4441 1422 19704 16489 156138 148210 136385 7928 11286 128227
is_linear=0
shrinkage=0.05


Tree=125
num_leaves=15
num_cat=0
split_feature=51 50 50 46 53 50 49 54 23 38 52 12 38 25
split_gain=21.2318 30.0005 24.7624 22.9571 31.7271 22.4968 26.64 24.6371 24.786 19.4718 18.5672 15.6326 34.8179 17.6553
threshold=0.37940952181816107 0.12940952181816109 1.0000000180025095e-35 0.25000000745058065 -0.99465739727020253 0.91597560048103344 422.50000000000006 2.5000000000000004 0.36500000953674322 13.550000190734865 -0.84315016865730275 97.70972061157228 15.949999809265138 18.94999980926514
decision_type=2 2 2 2 2 2 8 2 2 2 2 2 2 2
left_child=2 -2 9 4 -4 6 7 8 -6 -1 -11 -12 -13 -14
right_child=1 -3 3 -5 5 -7 -8 -9 -10 10 11 12 13 -15
leaf_value=-0.0043770753788906162 0.0015974099798960377 -0.0010638733303514915 0.0098077901268467573 -0.0016354970543474201 0.010404688488516231 -0.0012753059551277605 -0.00054687195367470549 0.0023216169062767167 0.0031903836038634733 -0.0034826978081615363 -3.3650811218935428e-05 -0.0075660021148292169 0.0092447972645176794 0.0031806356291289822
leaf_weight=27658 42160 33705 95 31045 1175 13625 8601 10890 1988 10743 19213 676 369 430
leaf_count=27658 42160 33705 95 31045 1175 13625 8601 10890 1988 10743 19213 676 369 430
internal_value=-0.000223414 0.00043789 -0.000619992 3.49244e-05 0.000887202 0.000807544 0.00177285 0.00311349 0.0069918 -0.00136711 -0.000515411 0.00036042 0.00530303 0.0123053
internal_weight=202373 75865 126508 67419 36374 36279 22654 14053 3163 59089 31431 20688 1475 799
internal_count=202373 75865 126508 67419 36374 36279 22654 14053 3163 59089 31431 20688 1475 799
is_linear=0
shrinkage=0.05


Tree=126
num_leaves=15
num_cat=0
split_feature=0 37 24 52 52 52 44 24 0 12 49 52 38 12
split_gain=21.0771 28.1859 20.8801 18.9777 16.8479 48.1213 53.7906 23.0109 16.6455 15.809 35.2141 27.2782 30.7622 41.1555
threshold=76.250000000000014 64.500000000000014 6.5000000000000009 0.9937499761581422 -0.97876849770545948 -0.97113886475563038 3.0402570962905888 5.5000000000000009 214.90000152587893 51.227083206176765 -22.499999999999996 -0.44504626095294947 15.150000095367433 39.125000000000007
decision_type=2 2 2 2 2 2 2 2 2 2 10 2 2 2
left_child=3 -2 8 4 -1 6 -6 -8 -3 11 -11 -7 -13 -14
right_child=1 2 -4 -5 5 9 7 -9 -10 10 -12 12 13 -15
leaf_value=-0.0020858473115929689 -0.004978028108850837 0.001089581169866026 -0.0025265491803371089 -0.0055729704014951063 0.0040848782920724592 -0.0034937947709770289 0.016595013136353587 0.0052287404753460498 -0.0041834667533662386 -0.00023555908172960026 0.0031824384098378422 -0.0011779405582453132 0.0066281566146500076 0.00012904037084639591
leaf_weight=10738 20624 23137 16318 6597 1650 17449 275 227 3176 32020 21874 28797 7275 11681
leaf_count=10738 20624 23137 16318 6597 1650 17449 275 227 3176 32020 21874 28797 7275 11681
internal_value=-0.000247911 -0.00100411 -0.000269812 9.72981e-05 0.000228188 0.000396344 0.00778908 0.0219531 0.000601564 0.000262118 0.000895665 -0.000261609 0.000356656 0.00192028
internal_weight=201838 63255 42631 138583 131986 121248 2152 502 26313 119096 53894 65202 47753 18956
internal_count=201838 63255 42631 138583 131986 121248 2152 502 26313 119096 53894 65202 47753 18956
is_linear=0
shrinkage=0.05


Tree=127
num_leaves=15
num_cat=0
split_feature=42 28 38 52 14 26 40 37 0 47 52 37 52 24
split_gain=19.9262 28.0726 25.2947 32.9446 23.6867 23.2938 30.3136 20.0551 18.7046 18.6064 47.9309 32.1723 23.3349 21.8101
threshold=7.9500000476837167 47.500000000000007 16.650000572204593 0.32613943517208105 16.571452140808109 0.70020255446434032 985.04998779296886 76.500000000000014 62.050001144409187 5.6745276451110849 -0.69057363271713246 78.500000000000014 -0.8940606117248534 23.500000000000004
decision_type=2 2 2 2 2 2 2 2 2 2 2 2 2 2
left_child=5 2 -2 -4 -5 6 8 -7 -1 10 11 12 -8 -11
right_child=1 -3 3 4 -6 7 9 -9 -10 13 -12 -13 -14 -15
leaf_value=0.00062328465917574198 -0.00081191371870119203 -0.0029589499694287111 -0.00027342994263595557 0.013178863592030791 0.0023565030312083343 -0.0026189984706325685 0.002941319337698328 0.0004491389372648061 -0.002546731654727582 0.002175675515744646 0.0015347301418761313 0.002455762903195153 0.009201837218875129 -0.003920221326585073
leaf_weight=37976 15475 45074 2692 1548 781 30095 492 22223 13507 18329 8346 923 912 3821
leaf_count=37976 15475 45074 2692 1548 781 30095 492 22223 13507 18329 8346 923 912 3821
internal_value=-0.000241193 -0.00095761 0.000576415 0.00365633 0.00799701 0.000102682 0.000616964 -0.000725999 -0.000140117 0.00180413 0.00351821 0.00984809 0.0145898 0.000976984
internal_weight=202194 65570 20496 5021 2329 136624 84306 52318 51483 32823 10673 2327 1404 22150
internal_count=202194 65570 20496 5021 2329 136624 84306 52318 51483 32823 10673 2327 1404 22150
is_linear=0
shrinkage=0.05


Tree=128
num_leaves=15
num_cat=0
split_feature=0 36 13 52 38 0 47 54 52 12 24 6 38 36
split_gain=21.3954 20.0594 19.4495 57.1831 46.1344 21.449 21.6279 20.6189 20.5668 19.0952 16.6815 16.0114 15.9725 14.9092
threshold=119.89999771118165 11.84999990463257 91.214584350585952 -0.87812310457229603 15.949999809265138 47.049999237060554 8.0981650352478045 1.5000000000000002 -0.90163370966911305 102.68750000000001 1.5000000000000002 91.849998474121108 27.550000190734867 23.750000000000004
decision_type=2 2 2 2 2 2 2 2 2 2 2 2 2 2
left_child=2 -2 5 8 7 12 9 10 13 -7 -5 -6 -1 -4
right_child=1 -3 3 4 11 6 -8 -9 -10 -11 -12 -13 -14 -15
leaf_value=0.00051759889646032977 0.00016203226360185957 -0.0043856433997789121 0.0091742661340998271 0.005994151645483059 0.002488868966789889 -0.00060652669797678143 -0.004963878895158094 -0.00089285300248800317 0.022143195646976178 0.004059048581042341 0.0013078444857886075 0.0093382944901988785 0.0070736540544511567 0.00050452602898917503
leaf_weight=77143 10863 17467 337 1571 320 55369 19170 13662 138 902 4246 572 232 218
leaf_count=77143 10863 17467 337 1571 320 55369 19170 13662 138 902 4246 572 232 218
internal_value=-0.000239839 -0.00151376 -3.22055e-05 0.00139176 0.000907462 -0.000228562 -0.00082842 0.00039535 0.0154125 -0.000334128 0.0028857 0.0119623 0.000356334 0.0107522
internal_weight=202210 28330 173880 21064 20371 152816 75441 19479 693 56271 5817 892 77375 555
internal_count=202210 28330 173880 21064 20371 152816 75441 19479 693 56271 5817 892 77375 555
is_linear=0
shrinkage=0.05


Tree=129
num_leaves=15
num_cat=0
split_feature=45 0 47 52 38 46 47 33 28 16 26 52 24 53
split_gain=19.8751 16.1223 15.9539 20.896 32.8395 25.6745 31.041 14.9753 17.9419 14.9224 19.2974 16.674 18.9381 14.5094
threshold=-0.15875577926635739 25.750000000000004 7.9389359951019296 0.32613943517208105 18.250000000000004 1.0500000119209292 8.7302455902099627 9.0500001907348651 59.500000000000007 10.550000190734865 0.89130342006683361 0.89017060399055492 4.5000000000000009 -0.99983122944831837
decision_type=2 2 2 2 2 2 2 2 2 2 2 2 2 2
left_child=1 -1 9 13 7 6 -6 -5 -9 10 11 12 -2 -4
right_child=2 -3 3 4 5 -7 -8 8 -10 -11 -12 -13 -14 -15
leaf_value=0.0019169190795231825 0.0067909303468140295 -0.0013051260447464919 0.010757708298492853 -0.00094015229997968213 0.0095749307145018211 0.0025118932735876138 0.020887609734481963 0.034638029756123179 0.0038534886238143873 0.00077315170064739386 -0.0029996884442103134 0.00066030268119596615 0.013114896072730607 -0.0045594100187463403
leaf_weight=11811 670 100765 360 9338 344 710 264 69 151 64657 801 457 318 12010
leaf_count=11811 670 100765 360 9338 344 710 264 69 151 64657 801 457 318 12010
internal_value=-0.000213211 -0.000656211 0.000340009 -0.000788185 0.000810214 0.00817771 0.0156311 -0.000213212 0.0123913 0.000732069 0.00472961 0.00816151 0.0117836 -0.00219305
internal_weight=202725 112576 90149 23246 10876 1318 608 9558 220 66903 2246 1445 988 12370
internal_count=202725 112576 90149 23246 10876 1318 608 9558 220 66903 2246 1445 988 12370
is_linear=0
shrinkage=0.05


Tree=130
num_leaves=15
num_cat=0
split_feature=51 50 50 47 38 43 40 13 47 0 43 46 41 52
split_gain=20.6216 25.1948 23.5928 25.2184 20.8339 18.1493 14.6651 16.4689 14.9872 13.7252 18.8398 13.5535 19.853 16.4166
threshold=0.37940952181816107 0.12940952181816109 1.0000000180025095e-35 3.4111893177032475 10.84999990463257 32.500000000000007 971.95001220703136 31.137797355651859 8.1556348800659197 38.250000000000007 1077.5000000000002 0.55000001192092907 3.5000000000000004 -0.16799356788396833
decision_type=2 2 2 2 2 10 2 2 2 2 10 2 2 2
left_child=2 -2 4 5 -1 -4 9 8 -8 10 -6 -5 13 -13
right_child=1 -3 3 11 6 -7 7 -9 -10 -11 -12 12 -14 -15
leaf_value=-0.0057235116595581604 0.0015413527508436793 -0.00086355439225841042 -0.0010005056964599501 0.00068587690814951466 0.0030014822075460058 0.004552512583198191 -0.0054791144864961274 -0.0016309292414663926 0.0084951719231610833 0.0010320808153425098 0.014687524642029113 0.0049135187857323485 -0.0032190634514593208 -0.0013550088001410268
leaf_weight=19452 42020 33651 1179 35635 462 2636 541 35097 854 2426 215 4040 19449 4650
leaf_count=19452 42020 33651 1179 35635 462 2636 541 35097 854 2426 215 4040 19449 4650
internal_value=-0.00017144 0.00048156 -0.000561645 7.62573e-05 -0.00129172 0.00401961 -0.000633128 -0.000913924 0.00439502 0.00266142 0.00890102 -0.000160229 -0.00098032 0.00100575
internal_weight=202307 75671 126636 67589 59047 3815 39595 36492 1395 3103 677 63774 28139 8690
internal_count=202307 75671 126636 67589 59047 3815 39595 36492 1395 3103 677 63774 28139 8690
is_linear=0
shrinkage=0.05


Tree=131
num_leaves=15
num_cat=0
split_feature=1 40 17 38 0 15 13 14 53 52 9 9 52 8
split_gain=19.5155 22.2659 23.3598 20.8903 22.5216 21.4672 38.4321 20.7096 19.7848 46.8216 30.9985 27.2547 32.3778 34.6764
threshold=119.09999847412111 987.04998779296886 96.550003051757827 11.949999809265138 70.65000152587892 138.55000305175784 47.889286041259773 37.733699798583991 -0.54940786957740773 0.76140651106834423 95.099998474121108 47.45000076293946 0.80417552590370189 91.849998474121108
decision_type=2 2 2 2 2 2 2 2 2 2 2 2 2 2
left_child=1 3 -3 -1 5 8 7 -7 9 -5 -10 12 -11 -14
right_child=-2 2 -4 4 -6 6 -8 -9 10 11 -12 -13 13 -15
leaf_value=-0.0036741873785870053 -0.0018548449019552306 0.0010767435315807601 0.012000784433836646 0.00074528611805723018 -0.0027005377308750651 0.034130654624047581 0.0027132364251305323 0.011582117058129594 -0.0014989198536832251 0.014666431650913218 0.0060988481993602336 -0.0019888840691499208 0.0011675871378538393 0.011090572572886287
leaf_weight=22148 28125 47411 71 44722 18783 120 1367 223 35551 716 1691 606 781 138
leaf_count=22148 28125 47411 71 44722 18783 120 1367 223 35551 716 1691 606 781 138
internal_value=-0.000234439 -3.72277e-05 0.000886253 -0.000382955 -8.77691e-05 0.000255163 0.00578488 0.0204957 0.000142194 0.000824621 -0.000718352 0.00786095 0.0112006 0.00490312
internal_weight=202453 174328 47482 126846 104698 85915 1710 343 84205 46963 37242 2241 1635 919
internal_count=202453 174328 47482 126846 104698 85915 1710 343 84205 46963 37242 2241 1635 919
is_linear=0
shrinkage=0.05


Tree=132
num_leaves=15
num_cat=0
split_feature=37 44 36 52 52 57 46 0 43 53 23 53 37 52
split_gain=19.3237 22.7644 30.1968 25.0523 31.9419 21.9099 19.4418 23.7217 20.2775 24.8102 40.0361 17.6626 17.7828 18.9809
threshold=37.500000000000007 -1.8263952732086179 35.649999618530281 0.78325453400611889 0.89017060399055492 38.95000076293946 1.0000000180025095e-35 93.700000762939467 142.50000000000003 -0.99983122944831837 0.76499998569488536 -0.78324955701827992 80.500000000000014 -0.54939359426498402
decision_type=2 2 2 2 2 2 2 2 8 2 2 2 2 2
left_child=1 2 -1 -4 -5 -6 -2 8 -8 10 -10 12 13 -11
right_child=6 -3 3 4 5 -7 7 -9 9 11 -12 -13 -14 -15
leaf_value=-0.0024056340329345408 0.0006440212865550613 -0.0048450225800597876 0.0054843152116135427 0.014889866467408867 -0.0062829748906733764 0.020866103733023146 0.0014650977196422332 -0.0048717839602622978 0.019117047557189303 0.0068639040414643837 0.0011713754836102101 -0.0026186682162802019 -0.0035090919702869699 0.0011243447343269421
leaf_weight=5132 76563 21113 1827 258 299 108 29736 14039 213 1137 613 31783 6507 12912
leaf_count=5132 76563 21113 1827 258 299 108 29736 14039 213 1137 613 31783 6507 12912
internal_value=-0.000212857 -0.00141354 0.000927429 0.00543165 0.0136667 0.00471223 -1.39195e-05 -0.000484271 -0.000162284 -0.000747063 0.00779904 -0.000883399 0.000258678 0.00125933
internal_weight=202240 28737 7624 2492 665 407 173503 96940 82901 53165 826 52339 20556 14049
internal_count=202240 28737 7624 2492 665 407 173503 96940 82901 53165 826 52339 20556 14049
is_linear=0
shrinkage=0.05


Tree=133
num_leaves=15
num_cat=0
split_feature=44 43 52 38 52 52 19 57 52 1 24 56 52 41
split_gain=18.4291 16.3177 32.5084 17.2962 20.8531 25.958 13.6418 15.509 32.3923 23.1331 17.3843 27.5937 17.1223 37.0463
threshold=5.1660859584808358 67.500000000000014 0.98802474141120922 23.750000000000004 -0.65234524011611927 -0.58482360839843739 269.65000915527349 108.83333587646486 -0.69057363271713246 107.20000076293947 5.5000000000000009 136.19999694824222 -0.31799228489398951 5.5000000000000009
decision_type=2 8 2 2 2 2 2 2 2 2 2 2 2 2
left_child=6 2 -2 -3 -5 -6 7 9 10 12 11 -9 13 -1
right_child=1 3 -4 4 5 -7 -8 8 -10 -11 -12 -13 -14 -15
leaf_value=0.00085865171194828948 0.00028669647182524887 -0.0046091195295866099 0.013364026031217181 -0.0018330075724406335 0.012508896186695742 0.0038947335911947976 -0.003987498643480681 0.003183774681927229 0.00032622617055408625 -0.0040892598877319336 0.0028138291486182587 0.013583443328971526 0.00083268877296901144 -0.0027798134121620518
leaf_weight=28819 6550 24423 234 884 113 392 5962 451 19062 10130 3522 367 71098 29831
leaf_count=28819 6550 24423 234 884 113 392 5962 451 19062 10130 3522 367 71098 29831
internal_value=-0.000241965 -0.00133043 0.000850749 -0.0019038 0.00350607 0.0115049 -3.22608e-05 5.35845e-05 0.00124466 -0.000145761 0.00513793 0.0116667 3.39852e-05 -0.000598365
internal_weight=201838 32596 6784 25812 1389 505 169242 163280 23402 139878 4340 818 129748 58650
internal_count=201838 32596 6784 25812 1389 505 169242 163280 23402 139878 4340 818 129748 58650
is_linear=0
shrinkage=0.05


Tree=134
num_leaves=15
num_cat=0
split_feature=42 26 40 54 24 0 44 52 13 24 57 13 13 23
split_gain=18.6204 23.2848 30.2203 27.989 26.4821 30.1465 23.5718 23.3195 51.1568 39.3727 41.225 35.1383 19.9277 27.4866
threshold=10.050000190734865 0.70020255446434032 985.04998779296886 11.500000000000002 17.500000000000004 119.89999771118165 4.7123055458068857 -0.77245554327964772 51.306846618652351 4.5000000000000009 57.150001525878913 92.394939422607436 32.986309051513679 0.59499999880790722
decision_type=2 2 2 2 2 2 2 2 2 2 2 2 2 2
left_child=1 2 -1 4 5 7 -3 8 -4 10 -10 -11 13 -6
right_child=-2 6 3 -5 12 -7 -8 -9 9 11 -12 -13 -14 -15
leaf_value=-0.00031216775690696454 -0.0025358950447072759 -0.0004986986886401075 -0.0076630058304401798 -0.0019218304567087338 0.0015100885517501195 0.00014853592336708807 -0.0078864359223680628 0.0032109127850750113 0.01782642264704401 0.0016627656925852236 0.0059096537861553769 0.009742241162205123 -0.0012413873285541449 0.0080411512292502072
leaf_weight=66750 33642 50440 921 7409 399 7891 7578 14149 471 2185 725 1172 8201 155
leaf_count=66750 33642 50440 921 7409 399 7891 7578 14149 471 2185 725 1172 8201 155
internal_value=-0.000190948 2.35658e-05 0.000449663 0.00147203 0.00204402 0.00280591 -0.00078738 0.00385499 0.00662473 0.00879575 0.0165589 0.00598901 -0.000350828 0.00874113
internal_weight=202088 168446 110428 43678 36269 27514 58018 19623 5474 4553 1196 3357 8755 554
internal_count=202088 168446 110428 43678 36269 27514 58018 19623 5474 4553 1196 3357 8755 554
is_linear=0
shrinkage=0.05


Tree=135
num_leaves=15
num_cat=0
split_feature=15 12 57 46 19 49 28 44 57 33 44 52 14 38
split_gain=18.0516 28.6086 33.55 20.9628 17.8629 17.2394 22.735 17.2813 27.0717 16.9493 16.3376 16.0618 18.7046 18.7441
threshold=68.799999237060561 27.75555515289307 42.283332824707038 24.050000190734867 235.40000152587893 -27.499999999999996 58.500000000000007 2.5384612083435063 108.83333587646486 7.2500000000000009 -8.1554541587829572 0.99274429678916942 6.3690111637115487 27.650000572204593
decision_type=2 2 2 2 2 10 2 2 2 2 2 2 2 2
left_child=11 -2 -3 4 5 -4 9 8 -8 -7 -11 12 -1 -14
right_child=1 2 3 -5 -6 6 7 -9 -10 10 -12 -13 13 -15
leaf_value=-0.0010105768881503738 0.0095310976621944005 -0.004915499227995725 -0.00072141098862947691 -0.0070994928385951428 -0.0028006885956780034 0.0033813639632139592 0.00017120737760642989 -0.0019673595394532578 0.0033389094148599842 0.031053535681229691 0.012254655705479223 -0.0047132057106428031 0.0017798981942180399 0.011766287454297107
leaf_weight=16833 318 18590 47468 5170 10239 7798 22838 15111 6637 84 102 5486 45672 125
leaf_count=16833 318 18590 47468 5170 10239 7798 22838 15111 6637 84 102 5486 45672 125
internal_value=-0.000205477 -0.000541623 -0.000577672 -0.000260141 -0.000114113 8.95558e-05 0.000713198 0.000272893 0.000977615 0.00316863 0.0177041 0.000457533 0.000684865 0.00120866
internal_weight=202471 134355 134037 115447 110277 100038 52570 44586 29475 7984 186 68116 62630 45797
internal_count=202471 134355 134037 115447 110277 100038 52570 44586 29475 7984 186 68116 62630 45797
is_linear=0
shrinkage=0.05


Tree=136
num_leaves=15
num_cat=0
split_feature=51 1 54 57 47 53 57 28 49 20 53 47 26 53
split_gain=19.239 17.2718 25.3201 22.7248 28.3141 14.3079 13.8456 28.3389 25.052 24.0862 23.996 18.2379 30.4576 16.2883
threshold=0.78656607866287243 121.75000000000001 1.5000000000000002 83.283336639404311 7.4518873691558847 0.97461712360382091 39.250000000000007 33.500000000000007 -27.499999999999996 33.149999618530281 0.38043944537639623 5.1560304164886483 0.69545188546180736 -0.99983122944831837
decision_type=2 2 2 2 2 2 2 2 10 2 2 2 2 2
left_child=1 2 3 4 -1 -2 7 -4 -8 -10 13 12 -12 -11
right_child=5 -3 6 -5 -6 -7 8 -9 9 10 11 -13 -14 -15
leaf_value=0.0048477731905358437 0.0007214005509614559 -0.0023832513898031714 0.0023820284496491075 0.0008589494280774445 0.012249572405032851 0.0031191752385286613 -0.0011537592755758214 -0.003171264093406307 0.002760282276370046 0.015099913427897889 0.0098474251944060918 0.00035002409499993386 0.0027002693264212177 -0.0020673442527828663
leaf_weight=1423 39257 21435 9725 3755 244 3020 44967 33931 16421 106 356 7459 3512 16861
leaf_count=1423 39257 21435 9725 3755 244 3020 44967 33931 16421 106 356 7459 3512 16861
internal_value=-0.000199821 -0.000450206 -0.000246092 0.00310015 0.00793977 0.00074881 -0.000382384 -0.00111254 -2.68709e-05 0.000811066 -7.31357e-05 0.00170812 0.00448943 -0.00126259
internal_weight=202472 160195 138760 5422 1667 42277 133338 43656 89682 44715 28294 11327 3868 16967
internal_count=202472 160195 138760 5422 1667 42277 133338 43656 89682 44715 28294 11327 3868 16967
is_linear=0
shrinkage=0.05


Tree=137
num_leaves=15
num_cat=0
split_feature=48 38 47 15 46 12 49 16 26 24 52 38 16 53
split_gain=18.5686 20.0414 19.8305 24.9295 23.6543 22.0007 21.5391 21.9486 19.3839 23.4508 24.7437 23.8338 28.8717 21.6356
threshold=5.4500000476837167 13.84999990463257 3.617502093315125 68.799999237060561 19.849999427795414 28.152777671813968 -19.374999999999996 31.44999980926514 0.719303458929062 16.500000000000004 -0.77245554327964772 13.750000000000002 63.199998855590827 -0.94703993201255787
decision_type=2 2 2 2 2 2 8 2 2 2 2 2 2 2
left_child=2 -2 6 -4 5 -5 -1 -8 9 10 11 12 -7 -11
right_child=1 -3 3 4 -6 8 7 -9 -10 13 -12 -13 -14 -15
leaf_value=-0.00030536059987520253 -0.0042518691442597232 0.00016164208264076376 0.0011101287501183474 0.010356480849731668 -0.00634908301875442 0.01055926852989752 0.0063653761074061108 0.0022762537783305131 -0.0026501385036476269 0.0024320473293979431 5.2154830239631367e-05 0.0021516784921055293 -0.00033002994321287631 -0.0026847253836258193
leaf_weight=5385 20658 14958 54872 235 8472 626 1073 5427 23961 6065 27197 9878 408 23510
leaf_count=5385 20658 14958 54872 235 8472 626 1073 5427 23961 6065 27197 9878 408 23510
internal_value=-0.000206552 -0.00124291 1.43898e-05 -0.000136376 -0.000604911 -0.000371641 0.00198192 0.00391705 -0.000411599 2.11233e-05 0.000840918 0.00285112 0.0100383 -0.00103515
internal_weight=202725 35616 167109 155224 100352 91880 11885 6500 91645 67684 38109 10912 1034 29575
internal_count=202725 35616 167109 155224 100352 91880 11885 6500 91645 67684 38109 10912 1034 29575
is_linear=0
shrinkage=0.05


Tree=138
num_leaves=15
num_cat=0
split_feature=51 21 53 46 47 49 51 11 13 25 32 53 13 13
split_gain=17.7494 16.1591 29.6413 20.9071 19.1433 15.3394 21.8529 14.9059 19.0094 14.1565 13.943 13.6364 24.4666 20.716
threshold=0.37940952181816107 46.500000000000007 -0.99983122944831837 1.0500000119209292 8.1556348800659197 227.50000000000003 -0.6035533845424651 44.435417175292976 46.071130752563484 21.250000000000004 7.2207281589508066 -0.98212954401969899 42.290178298950202 35.46339416503907
decision_type=2 2 2 2 2 8 2 2 2 2 2 2 2 2
left_child=1 2 -1 5 11 6 -4 10 -9 -7 -2 12 13 -3
right_child=7 4 3 -5 -6 9 -8 8 -10 -11 -12 -13 -14 -15
leaf_value=0.019982509514047189 0.001638400586928878 -0.002439243556561165 0.0042147611073732414 -0.0063856989189417486 -0.0023618082627550963 -0.0010008936556284186 -0.0006802984912166834 -0.0050244685244581165 0.00029545648382440213 -0.0072786826584508154 0.0077350940137901579 0.00015013873077495798 0.0017046278999952123 0.010890956236154145
leaf_weight=66 21942 146 3231 12925 24126 10280 12470 5983 46441 6409 1426 52741 3411 359
leaf_count=66 21942 146 3231 12925 24126 10280 12470 5983 46441 6409 1426 52741 3411 359
internal_value=-0.000217018 -0.000580311 -0.00133518 -0.0013872 -0.000156141 -0.000708335 0.000413403 0.000387719 -8.04833e-05 -0.00176328 0.00143768 0.000346144 0.003189 0.0133495
internal_weight=201956 126164 45381 45315 80783 32390 15701 75792 52424 16689 23368 56657 3916 505
internal_count=201956 126164 45381 45315 80783 32390 15701 75792 52424 16689 23368 56657 3916 505
is_linear=0
shrinkage=0.05


Tree=139
num_leaves=15
num_cat=0
split_feature=37 38 56 25 46 43 1 37 17 49 53 38 41 27
split_gain=16.8669 21.386 21.3568 21.2106 24.5326 16.0925 14.9106 19.4914 18.4109 15.7092 31.295 46.9254 24.7186 22.8823
threshold=39.500000000000007 11.34999990463257 22.250000000000004 7.7500000000000009 30.650000572204593 2937.5000000000005 119.09999847412111 86.500000000000014 96.550003051757827 -22.499999999999996 0.54759982228279125 16.050000190734867 2.5000000000000004 34.750000000000007
decision_type=2 2 2 2 2 10 2 2 2 10 2 2 2 2
left_child=1 -1 5 -2 6 -3 8 -8 9 -5 13 12 -12 -11
right_child=3 2 -4 4 -6 -7 7 -9 -10 10 11 -13 -14 -15
leaf_value=-0.0054780658482506267 0.0024917711391542544 0.007017689412974204 -0.0010737632920802568 -0.00045697603775877007 -0.005477037276495106 0.027181299479920557 -0.0034457737754532581 0.00051214835369695533 0.010372803892617619 -0.00014474741156974275 0.00024604527447497977 0.0095290386988700522 0.0044559499119811866 0.010369485720079445
leaf_weight=18476 13813 1854 11950 67118 7479 79 15971 10460 86 39323 7727 794 6152 1001
leaf_count=18476 13813 1854 11950 67118 7479 79 15971 10460 86 39323 7727 794 6152 1001
internal_value=-0.000211155 -0.00125722 0.000225652 -1.18882e-05 -0.0001781 0.00508749 -3.74065e-05 -0.00111399 0.000195521 0.0001783 0.000804715 0.00278111 0.00209914 8.50387e-05
internal_weight=202283 32359 13883 169924 156111 1933 148632 26431 122201 122115 54997 14673 13879 40324
internal_count=202283 32359 13883 169924 156111 1933 148632 26431 122201 122115 54997 14673 13879 40324
is_linear=0
shrinkage=0.05


Tree=140
num_leaves=15
num_cat=0
split_feature=0 47 37 15 12 16 52 15 0 13 0 56 43 14
split_gain=17.6176 24.8153 21.6376 19.7595 30.546 22.2796 19.9505 44.9179 18.2786 22.9352 16.6888 17.8818 16.0324 18.7251
threshold=97.450000762939467 6.165419578552247 65.500000000000014 124.10000228881837 59.08055496215821 49.049999237060554 -0.70291268825530995 174.40000152587893 47.750000000000007 51.306846618652351 224.6499938964844 170.6499938964844 12.500000000000002 30.288627624511722
decision_type=2 2 2 2 2 2 2 2 2 2 2 2 8 2
left_child=3 2 -2 8 5 -5 7 -6 -1 -10 11 -4 -13 -14
right_child=1 -3 10 4 6 -7 -8 -9 9 -11 -12 12 13 -15
leaf_value=0.00055835721972607663 -0.005013363769376466 -0.0061294093697632571 4.9552786487380677e-05 0.0098605830669605994 0.0023934557647384228 0.030798934252604812 0.00013116685606134131 0.015008724843248744 -0.0035855215768616621 -6.5665013721169548e-05 -0.0049204922577837989 0.0056879789025871402 0.0046001263184656275 0.0014462699153484076
leaf_weight=78527 6997 13426 12728 1186 4128 93 13907 334 22608 39818 2743 272 753 4778
leaf_count=78527 6997 13426 12728 1186 4128 93 13907 334 22608 39818 2743 272 753 4778
internal_value=-0.000160598 -0.0010762 -0.000235318 7.71728e-05 0.00156221 0.0090031 0.0010395 0.00394454 -0.000129929 -0.000768468 0.000558165 0.0010973 0.00339498 0.00279643
internal_weight=202298 41697 28271 160601 19648 1279 18369 4462 140953 62426 21274 18531 5803 5531
internal_count=202298 41697 28271 160601 19648 1279 18369 4462 140953 62426 21274 18531 5803 5531
is_linear=0
shrinkage=0.05


Tree=141
num_leaves=15
num_cat=0
split_feature=0 47 37 0 13 53 0 56 0 53 53 13 47 44
split_gain=18.7981 18.9755 22.614 17.0833 16.886 23.5425 15.6455 15.2803 16.5212 15.1112 18.7438 35.0991 22.0954 21.0939
threshold=33.95000076293946 9.0688014030456561 49.500000000000007 84.200000762939467 41.306547164916999 -0.98212954401969899 224.6499938964844 176.25000000000003 137.59999847412112 0.47369650006294256 0.9783238172531129 135.77410888671878 2.6121747493743901 -1.4325606226921079
decision_type=2 2 2 2 2 2 2 2 2 2 2 2 2 2
left_child=-1 2 3 -2 5 -4 7 8 -6 -9 12 13 -11 -12
right_child=1 -3 4 -5 6 -7 -8 9 -10 10 11 -13 -14 -15
leaf_value=0.0011760801357558453 -0.0013663963990966314 -0.0033830822107680301 0.0081948333253646609 -0.0088239828464801284 0.00050887535144140408 -0.0049823884741735944 -0.0054364673230407924 0.0090768046909119101 -0.0022697630108404741 0.0093310720140434844 0.0023479593596303413 0.0017358755795403313 -0.0009539386072561362 0.0068834884844705809
leaf_weight=40594 21592 22851 356 6489 80923 8656 3220 121 10321 135 362 2720 3382 518
leaf_count=40594 21592 22851 356 6489 80923 8656 3220 121 10321 135 362 2720 3382 518
internal_value=-0.000217307 -0.000458877 -0.000239006 -0.001506 8.24561e-05 -0.00199069 0.000266339 0.000378608 0.000203058 0.0025883 0.00227515 0.00480609 -0.000321804 0.013427
internal_weight=202240 161646 138795 28081 110714 9012 101702 98482 91244 7238 7117 3600 3517 880
internal_count=202240 161646 138795 28081 110714 9012 101702 98482 91244 7238 7117 3600 3517 880
is_linear=0
shrinkage=0.05


Tree=142
num_leaves=15
num_cat=0
split_feature=0 37 46 41 49 40 0 54 52 57 0 57 49 54
split_gain=15.951 23.2201 21.4457 16.6209 18.0706 19.5834 16.4748 19.7161 14.7184 16.3072 13.7376 13.1727 25.2626 23.2966
threshold=76.250000000000014 51.500000000000007 1.0500000119209292 33.500000000000007 -27.499999999999996 987.45001220703136 136.19999694824222 1.5000000000000002 0.9937499761581422 98.649997711181655 238.84999847412112 32.916667938232429 -19.374999999999996 1.5000000000000002
decision_type=2 2 2 2 10 2 2 2 2 2 2 2 8 2
left_child=8 -2 3 -3 -5 -6 -7 10 11 -10 -8 -1 -13 -14
right_child=1 2 -4 4 5 6 7 -9 9 -11 -12 12 13 -15
leaf_value=-0.0013011705087505273 -0.0067708107306098907 -0.00065635183960227833 -0.0045221774624537598 -0.00044577433422425045 -0.0034864243296391026 0.0058668403104302318 0.0059156400101694866 -0.0017747110247304321 -0.0048711822670874753 0.011216395686000601 -0.0018544187110257427 -0.00035044392674001511 0.0079951700379624832 0.00148628765488489
leaf_weight=26285 10605 25879 12612 6047 1521 2743 1391 2100 6536 103 505 55051 925 49985
leaf_count=26285 10605 25879 12612 6047 1521 2743 1391 2100 6536 103 505 55051 925 49985
internal_value=-0.000169504 -0.000826567 -0.000397479 0.00016718 0.00153419 0.0030532 0.00420877 0.00215177 0.000130493 -0.00216499 0.00583421 0.000245886 0.000494427 0.00129713
internal_weight=202288 63403 52798 40186 14307 8260 6739 3996 138885 6639 1896 132246 105961 50910
internal_count=202288 63403 52798 40186 14307 8260 6739 3996 138885 6639 1896 132246 105961 50910
is_linear=0
shrinkage=0.05


Tree=143
num_leaves=15
num_cat=0
split_feature=0 52 52 52 44 24 44 46 13 47 40 52 24 13
split_gain=18.1623 16.708 15.7996 38.9785 35.8128 27.0788 15.4779 20.1644 25.7301 22.6926 21.8533 19.6887 20.2302 18.747
threshold=16.849999427795414 0.9937499761581422 -0.97876849770545948 -0.97113886475563038 3.0402570962905888 4.5000000000000009 5.1660859584808358 5.7500000000000009 29.788095474243168 6.9445300102233896 982.75000000000011 -0.96689236164093006 2.5000000000000004 50.712203979492195
decision_type=2 2 2 2 2 2 2 2 2 2 2 2 2 2
left_child=-1 2 -2 4 -4 -6 7 -5 10 13 -9 12 -8 -10
right_child=1 -3 3 6 5 -7 11 8 9 -11 -12 -13 -14 -15
leaf_value=0.0038593267601510261 -0.0023354803019500418 -0.0058143255828826375 0.0040901117663584372 0.00046566773431765086 0.014614673550083394 0.0045013005074541462 0.026313899760073863 -0.03267228998920868 -0.0028515792002836056 -0.0038999784407247498 0.0077072307385961242 -0.0023301337730278408 -0.0016184106170955429 0.0027983469499653995
leaf_weight=5136 13833 6302 1838 112325 256 273 76 66 6485 20141 103 27811 86 7593
leaf_count=5136 13833 6302 1838 112325 256 273 76 66 6485 20141 103 27811 86 7593
internal_value=-0.000198287 -0.000274801 -0.0001911 -6.3905e-05 0.00629575 0.0176345 -0.000150434 5.51026e-05 -0.00100413 -0.00110272 0.017905 -0.00122807 0.0156395 0.00043725
internal_weight=202324 197188 190886 177053 2367 529 174686 146713 34388 34219 169 27973 162 14078
internal_count=202324 197188 190886 177053 2367 529 174686 146713 34388 34219 169 27973 162 14078
is_linear=0
shrinkage=0.05


Tree=144
num_leaves=15
num_cat=0
split_feature=1 47 13 57 1 49 53 47 14 20 28 32 29 57
split_gain=15.2136 16.3884 18.0832 16.7785 15.7348 26.6494 26.7338 27.7305 20.6259 18.4866 17.936 17.2808 15.4695 14.3619
threshold=31.050000190734867 8.8171920776367205 34.191667556762702 42.049999237060554 119.09999847412111 -22.499999999999996 0.28313310444355017 5.6503522396087655 26.28786659240723 26.050000190734867 72.500000000000014 1.0109589099884035 6.4500000476837167 123.1999969482422
decision_type=2 2 2 2 2 8 2 2 2 2 2 2 2 2
left_child=-1 3 -3 -2 5 -5 9 8 11 -7 12 -8 -9 -6
right_child=1 2 -4 4 13 6 7 10 -10 -11 -12 -13 -14 -15
leaf_value=0.0012672596179150464 -0.0020544116242806293 0.0026878469530221523 -0.0035620705230147774 -0.00064326357496025056 -0.0039214324380972086 0.0027778317378661672 0.0043464679993216616 -0.00054814330005096645 0.0020328367188511857 -0.001018896756803166 -0.001024869024138316 0.0090440809505237859 0.0046398247895334602 3.1600048198503351e-05
leaf_weight=33154 28130 2651 25502 41264 10737 8005 3161 1881 4808 17544 6766 756 3111 15000
leaf_count=33154 28130 2651 25502 41264 10737 8005 3161 1881 4808 17544 6766 756 3111 15000
internal_value=-0.000189896 -0.000381691 -0.00148298 -0.000161966 0.000110001 0.000430324 0.00125733 0.00260259 0.00473669 0.000178214 0.00101631 0.00742679 0.00328668 -0.000976231
internal_weight=202470 169316 28153 141163 113033 87296 46032 20483 8725 25549 11758 3917 4992 25737
internal_count=202470 169316 28153 141163 113033 87296 46032 20483 8725 25549 11758 3917 4992 25737
is_linear=0
shrinkage=0.05


Tree=145
num_leaves=15
num_cat=0
split_feature=0 37 13 52 0 53 44 13 52 24 0 32 41 43
split_gain=16.579 23.5527 17.0566 24.3744 19.5057 15.174 14.5348 13.6177 13.3427 12.0817 12.4644 13.5816 11.7914 11.9723
threshold=56.750000000000007 47.500000000000007 64.966369628906264 -0.99763298034667958 195.80000305175784 0.93158200383186351 3.98511815071106 28.358036041259769 0.57077592611312877 334.50000000000006 23.750000000000004 6.1464669704437265 95.500000000000014 37.500000000000007
decision_type=2 2 2 2 2 2 2 2 2 2 2 2 2 10
left_child=7 -2 5 -4 6 -3 8 -1 -5 10 11 -9 13 -8
right_child=1 2 3 4 -6 -7 12 9 -10 -11 -12 -13 -14 -15
leaf_value=-0.0059752033158885134 -0.0052359755122075684 -0.0024626823840459776 0.0097346828721778592 0.0011646738321334992 -0.0037898205554141406 0.0069494508384348175 0.0014525737417804931 0.0020506255576251027 -0.0028963028852909034 0.0087305509240195086 0.00011573558926753933 0.0084546461280235723 0.0035833529760040494 -0.0062915505529232297
leaf_weight=3844 15036 25018 112 35393 6185 496 2161 12341 4362 369 87456 1184 1547 7291
leaf_count=3844 15036 25018 112 35393 6185 496 2161 12341 4362 369 87456 1184 1547 7291
internal_value=-0.000208946 -0.000678255 -0.000346656 0.000133978 8.61285e-05 -0.00142102 0.000409344 0.000226511 0.000854393 0.00033741 0.000303937 0.00171592 -0.00119857 -0.00186113
internal_weight=202795 97601 82565 57051 56939 25514 50754 105194 39755 101350 100981 13525 10999 9452
internal_count=202795 97601 82565 57051 56939 25514 50754 105194 39755 101350 100981 13525 10999 9452
is_linear=0
shrinkage=0.05


Tree=146
num_leaves=15
num_cat=0
split_feature=51 46 53 23 49 20 52 38 13 24 24 49 53 12
split_gain=17.0593 16.3928 22.8331 21.3092 18.7373 18.472 15.8792 30.987 36.8219 37.1502 36.4568 28.9897 23.2866 25.5086
threshold=0.12940952181816107 0.25000000745058065 -0.99465739727020253 1.9650000333786013 3632.5000000000005 57.850000381469734 -0.022576250135898587 15.150000095367433 49.242559432983406 29.500000000000004 3.5000000000000004 117.50000000000001 0.65720760822296154 95.01111221313478
decision_type=2 2 2 2 8 2 2 2 2 2 2 10 2 2
left_child=1 2 -1 4 6 -3 -4 10 9 -9 12 -11 -8 -14
right_child=-2 5 3 -5 -6 -7 7 8 -10 11 -12 -13 13 -15
leaf_value=0.0077406798012763373 0.00045888127546975748 -0.0011306660236298463 -0.00069427309072136718 0.0060276173123325451 -0.0037332913347135708 -0.0069821509967880075 -0.0029605723956717448 0.0046492867421775623 -0.0017582314793556236 0.010477900504866843 -0.0020315684668802399 0.018878918824696906 0.0085296113421481374 0.0025895563604579029
leaf_weight=170 92787 40347 26755 164 8870 10534 1701 829 1256 606 12897 495 1696 3014
leaf_count=170 92787 40347 26755 164 8870 10534 1701 829 1256 606 12897 495 1696 3014
internal_value=-0.000150918 -0.000574061 -2.82349e-06 -5.77268e-05 -0.000110015 -0.00123018 0.000271117 0.00125 0.00581039 0.0101289 0.000494874 0.0161071 0.00357343 0.00538135
internal_weight=202121 109334 58453 58283 58119 50881 49249 22494 3186 1930 19308 1101 6411 4710
internal_count=202121 109334 58453 58283 58119 50881 49249 22494 3186 1930 19308 1101 6411 4710
is_linear=0
shrinkage=0.05


Tree=147
num_leaves=15
num_cat=0
split_feature=37 44 12 53 47 0 47 53 12 28 34 13 3 33
split_gain=15.1908 18.3029 17.7177 26.372 22.1613 15.6395 16.8368 20.2992 26.6565 20.0149 19.5254 18.6478 15.503 14.9748
threshold=39.500000000000007 -3.0084594488143916 27.75555515289307 -0.28519998490810389 9.2983727455139178 25.750000000000004 7.7547020912170419 -0.97874867916107167 36.084722518920906 48.500000000000007 1.5500000119209292 41.306547164916999 64.40000152587892 8.1500000953674334
decision_type=2 2 2 2 2 2 2 2 2 2 2 2 2 2
left_child=1 2 3 4 -1 -2 7 8 10 -8 -7 -9 -13 -4
right_child=5 -3 13 -5 -6 6 9 11 -10 -11 -12 12 -14 -15
leaf_value=0.013996280313716653 0.0023886793643086626 -0.003601808581040874 -0.00087319746792067587 -0.0035838134098750982 -0.0070689915255788107 0.0094694839726903405 0.0012367012782517836 -0.003595063688109198 0.0031179679304617607 -0.0025993286707923346 0.014716597700676869 0.0011745016012268874 -0.00030661206981473488 0.023572953756691363
leaf_weight=446 12760 25282 5821 478 138 204 10886 10952 5864 32555 120 39486 57269 161
leaf_count=446 12760 25282 5821 478 138 204 10886 10952 5864 32555 120 39486 57269 161
internal_value=-0.000191967 -0.00118537 0.00106748 0.00698694 0.0140236 -3.1169e-06 -0.000139693 0.000179754 0.00296224 -0.000977079 0.0167066 1.96336e-05 0.000241047 6.67438e-06
internal_weight=202422 32326 7044 1062 584 170096 157336 113895 6188 43441 324 107707 96755 5982
internal_count=202422 32326 7044 1062 584 170096 157336 113895 6188 43441 324 107707 96755 5982
is_linear=0
shrinkage=0.05


Tree=148
num_leaves=15
num_cat=0
split_feature=48 0 46 17 47 26 53 11 49 16 13 19 18 53
split_gain=16.4499 14.4979 16.0227 14.2211 12.8669 22.7775 21.1994 36.1155 20.7756 21.1629 17.2766 17.1574 15.3173 14.2093
threshold=6.0499999523162851 14.650000095367433 30.050000190734867 3.6499999761581425 3.617502093315125 0.8057118058204652 -0.73865258693695057 27.285416603088382 -8.7499999999999982 31.44999980926514 59.952678680419929 104.90000152587892 -8.7499999999999982 -0.99983122944831837
decision_type=2 2 2 2 2 2 2 2 10 2 2 2 2 2
left_child=1 -1 4 -2 8 12 7 -7 -3 10 -10 -12 13 -6
right_child=3 2 -4 -5 5 6 -8 -9 9 -11 11 -13 -14 -15
leaf_value=0.004434840358228772 -0.00029145724494514111 -0.00030861871360730788 -0.0038019271210759059 -0.0045124947621048251 0.013455134492921988 0.023938767063933188 -0.0030804362271660401 0.0021578651719295909 -0.005018658994704865 0.0023647546295375603 0.0090051531381317145 0.0013567567960477065 -0.00018348267276932243 0.0013750712622546072
leaf_weight=3002 15928 6529 8832 15043 340 63 24948 4241 166 4601 576 262 83707 33956
leaf_count=3002 15928 6529 8832 15043 340 63 24948 4241 166 4601 576 262 83707 33956
internal_value=-0.000197178 -5.34479e-06 -6.69032e-05 -0.00125738 4.80229e-05 -8.09777e-05 -0.00132971 0.00190774 0.00161232 0.00384239 0.0103846 0.0132783 0.00022866 0.00111846
internal_weight=202194 171223 168221 30971 159389 147255 29252 4304 12134 5605 1004 838 118003 34296
internal_count=202194 171223 168221 30971 159389 147255 29252 4304 12134 5605 1004 838 118003 34296
is_linear=0
shrinkage=0.05


Tree=149
num_leaves=15
num_cat=0
split_feature=1 37 46 57 28 49 11 54 26 52 52 47 52 52
split_gain=15.64 20.8567 15.6169 15.3616 21.2986 16.4927 18.1286 15.7207 15.1125 18.4643 51.913 23.2303 14.9471 31.8309
threshold=78.349998474121108 57.500000000000007 1.0500000119209292 34.383333206176765 30.500000000000004 -22.499999999999996 43.714584350585945 1.5000000000000002 0.55698978900909435 -0.62588816881179798 -0.58482360839843739 6.6919677257537851 0.5986820161342622 0.65233618021011364
decision_type=2 2 2 2 2 10 2 2 2 2 2 2 2 2
left_child=3 -2 -3 4 -1 6 -5 -7 9 -9 11 -11 -12 -14
right_child=1 2 -4 5 -6 7 -8 8 -10 10 12 -13 13 -15
leaf_value=0.0027936110815688078 -0.0050488356511140912 0.0001857183382058154 -0.0040353639349934509 0.0016015746701300111 -0.0027535403068616984 0.005394169642906255 -0.0009100788197265214 -0.00086983935474670311 0.00079606052314739803 0.0014109153523139044 0.001990010574657934 0.013251333829707099 0.029970277171517019 0.007305357131048836
leaf_weight=7716 13545 34791 10890 21320 24971 1017 45390 2114 35531 79 2988 206 103 1476
leaf_count=7716 13545 34791 10890 21320 24971 1017 45390 2114 35531 79 2988 206 103 1476
internal_value=-0.000167379 -0.000850498 -0.000339346 0.000115762 -0.000836011 0.000398061 -9.59245e-05 0.00115522 0.00100724 0.00313503 0.00483134 0.0251695 0.00350994 0.0074292
internal_weight=202137 59226 45681 142911 32687 110224 66710 43514 42497 6966 4852 285 4567 1579
internal_count=202137 59226 45681 142911 32687 110224 66710 43514 42497 6966 4852 285 4567 1579
is_linear=0
shrinkage=0.05


Tree=150
num_leaves=15
num_cat=0
split_feature=15 57 13 0 49 27 0 53 44 38 13 53 23 49
split_gain=15.3154 21.4692 15.7804 14.5965 14.9872 18.6629 17.9544 13.4478 19.3173 18.9979 17.4134 14.1772 14.0325 23.4021
threshold=68.799999237060561 56.183334350585945 28.358036041259769 214.90000152587893 -27.499999999999996 5.6499998569488534 136.19999694824222 0.28313310444355017 2.8882712125778203 16.050000190734867 98.45178604125978 -0.99983122944831837 1.2450000047683718 357.50000000000006
decision_type=2 2 2 2 10 2 2 2 2 2 2 2 2 10
left_child=2 -2 -1 4 -3 -6 7 11 12 -10 -11 -7 -9 -14
right_child=1 3 -4 -5 5 6 -8 8 9 10 -12 -13 13 -15
leaf_value=-0.0064036229781279297 -0.0021827085842477238 -0.00062686140665705638 0.00095248721343552741 -0.0043208848427256415 0.0058908564046991508 0.014421579120016481 -0.0015019644160996198 0.0027217687198385111 -0.0011455583977780224 0.0031834885262801331 0.011834193796939223 -0.00019090788364405382 0.0031193626354709967 0.011192950787958393
leaf_weight=3802 42987 43294 64180 4271 514 95 10653 11288 6944 520 109 13166 364 123
leaf_count=3802 42987 43294 64180 4271 514 95 10653 11288 6944 520 109 13166 364 123
internal_value=-0.000124803 -0.000434279 0.000486674 -6.03265e-07 0.000139526 0.000791804 0.000678035 0.00126015 0.00210042 0.000129895 0.00838028 3.35306e-05 0.00336657 0.0115996
internal_weight=202310 134328 67982 91341 87070 43776 43262 32609 19348 7573 629 13261 11775 487
internal_count=202310 134328 67982 91341 87070 43776 43262 32609 19348 7573 629 13261 11775 487
is_linear=0
shrinkage=0.05


Tree=151
num_leaves=15
num_cat=0
split_feature=45 37 25 17 12 45 52 52 52 13 52 52 56 50
split_gain=15.2176 13.3903 13.0302 12.6509 13.5054 14.1052 16.9691 19.9012 16.0466 17.0672 11.5782 56.6448 28.206 13.1985
threshold=0.67962491512298595 25.500000000000004 7.0499999523162851 -37.149999618530266 30.518750190734867 4.7180798053741464 0.54219430685043346 -0.99763298034667958 0.97508442401885997 29.208929061889652 -0.97876849770545948 -0.97113886475563038 30.650000572204593 -0.7865660786628722
decision_type=2 2 2 2 2 2 2 2 2 2 2 2 2 2
left_child=1 -1 -3 -2 5 -5 7 -7 9 -8 -4 12 -12 -14
right_child=3 2 10 4 -6 6 8 -9 -10 -11 11 -13 13 -15
leaf_value=-0.0060526832567887288 0.0030306975425337611 0.0022721180262691774 -0.0034995528273685235 0.00072841877450246996 6.2514760605406598e-05 0.0068062466692588438 0.0079491399461385226 -0.0026650329608650116 0.0027840796332745535 0.013895128817738016 0.018422635823752923 -0.00059584212914870905 -0.0014816331754183062 0.0085780342027769411
leaf_weight=8763 5856 6605 7084 2974 65618 186 260 829 309 352 193 102179 274 726
leaf_count=8763 5856 6605 7084 2974 65618 186 260 829 309 352 193 102179 274 726
internal_value=-0.000133471 -0.000471416 -0.000330185 0.0004232 0.000237601 0.00276423 0.006074 0.00158536 0.0109506 0.0155788 -0.000459238 -0.000325106 0.0104613 0.00693069
internal_weight=202208 125824 117061 76384 70528 4910 1936 1015 921 612 110456 103372 1193 1000
internal_count=202208 125824 117061 76384 70528 4910 1936 1015 921 612 110456 103372 1193 1000
is_linear=0
shrinkage=0.05


Tree=152
num_leaves=15
num_cat=0
split_feature=0 57 0 56 0 49 14 47 37 47 16 36 24 16
split_gain=15.6302 24.9025 13.5685 15.6412 16.9713 21.762 15.365 13.9021 12.8545 15.9726 12.5901 17.422 15.1125 23.9055
threshold=56.750000000000007 55.549999237060554 238.84999847412112 170.6499938964844 136.19999694824222 -27.499999999999996 29.869793891906742 5.6966938972473153 19.500000000000004 12.818016529083254 85.549999237060561 24.750000000000004 3.5000000000000004 37.899999618530281
decision_type=2 2 2 2 2 10 2 2 2 2 2 2 2 2
left_child=8 -2 3 4 5 -3 -5 10 9 -1 12 -12 13 -7
right_child=1 2 -4 6 -6 7 -8 -9 -10 -11 11 -13 -14 -15
leaf_value=-0.0072365629221488176 -0.0035644360776256041 -0.0014253043641696658 -0.0065280184973919679 0.0036429511641335589 -0.0030673969743280501 0.00590495543346925 0.0012240380425782645 0.00028271697642844284 0.00057763612221262888 0.01995402452450358 0.0030412977977355088 0.0096096155274970185 0.00058887017512099921 0.0013281298608589043
leaf_weight=5387 24726 21250 2325 756 11673 1546 8250 18092 99453 73 301 130 5863 2350
leaf_count=5387 24726 21250 2325 756 11673 1546 8250 18092 99453 73 301 130 5863 2350
internal_value=-0.000147515 -0.00060408 -0.00013688 -1.2177e-05 -0.000298539 0.000105768 0.00193212 0.00101407 0.000275772 -0.0020841 0.00249019 0.0107596 0.00211434 0.00452381
internal_weight=202175 97262 72536 70211 61205 49532 9006 28282 104913 5460 10190 431 9759 3896
internal_count=202175 97262 72536 70211 61205 49532 9006 28282 104913 5460 10190 431 9759 3896
is_linear=0
shrinkage=0.05


Tree=153
num_leaves=15
num_cat=0
split_feature=48 25 57 53 57 46 13 19 41 33 43 0 24 26
split_gain=14.6396 16.1909 16.7817 13.5682 17.1912 12.7957 21.4456 31.5226 19.894 30.4131 19.6649 17.3039 16.8626 16.1626
threshold=6.9500000476837167 18.150000572204593 37.849998474121101 -0.45273527503013605 15.550000190734865 3.1499999761581425 46.071130752563484 47.649999618530281 33.500000000000007 23.849999427795414 52.500000000000007 85.549999237060561 52.500000000000007 0.8057118058204652
decision_type=2 2 2 2 2 2 2 2 2 2 8 2 2 2
left_child=5 2 3 4 -2 13 -7 10 9 11 -8 -9 -11 -1
right_child=1 -3 -4 -5 -6 6 7 8 -10 12 -12 -13 -14 -15
leaf_value=0.00072393025833271504 0.015525095198788294 -0.0063645856332774399 0.0013510668953148281 -0.0082126937467043928 -9.2572857762472454e-05 -0.0040350513022165057 0.011953312150424535 0.0014180758157207691 -0.0034340965157591639 0.0023976872614960734 0.0035177006711557429 -0.0081161685722495203 0.0093568687590343032 -0.00078906760754073881
leaf_weight=90933 90 7711 8430 5652 3156 16364 670 13364 13529 178 4466 3220 236 34902
leaf_count=90933 90 7711 8430 5652 3156 16364 670 13364 13529 178 4466 3220 236 34902
internal_value=-0.000189518 -0.00132121 -0.000472374 -0.00198586 0.000589679 -3.01352e-05 -0.000689607 -1.8233e-06 -0.000611882 0.00052681 0.00361834 0.000188621 0.01375 0.000242559
internal_weight=202901 25039 17328 8898 3246 177862 52027 35663 30527 16998 5136 16584 414 125835
internal_count=202901 25039 17328 8898 3246 177862 52027 35663 30527 16998 5136 16584 414 125835
is_linear=0
shrinkage=0.05


Tree=154
num_leaves=15
num_cat=0
split_feature=26 53 52 47 47 38 18 16 43 5 6 53 16 52
split_gain=17.4724 24.5016 28.5556 22.8571 20.2624 19.6778 18.6126 17.0162 19.0096 16.0354 15.8301 15.367 21.4344 15.0608
threshold=0.8057118058204652 -0.94703993201255787 -0.25205527991056437 3.7151743173599248 9.4872074127197283 27.250000000000004 -8.4499998092651349 31.44999980926514 37.500000000000007 68.349998474121108 29.44999980926514 0.99349221587181102 34.149999618530281 -0.42957681417465204
decision_type=2 2 2 2 2 2 2 2 10 2 2 2 2 2
left_child=4 2 -2 7 6 11 10 8 -3 -4 -1 -5 -13 -9
right_child=1 3 9 5 -6 -7 -8 13 -10 -11 -12 12 -14 -15
leaf_value=0.0092724541200384664 0.01282059170647133 -0.0005788198462786298 -0.001123642996413427 -0.0039198144524377702 -0.0021304889905900118 0.0069022838849560056 -2.7227557520940376e-05 -0.0030737107996200823 0.0049386699354852905 0.012687435865480766 0.0014737318797945853 0.010219635356183292 0.00081866507990518012 0.0013632712471576274
leaf_weight=569 378 1340 1231 33587 24726 421 88384 4768 1898 209 37312 161 1794 5648
leaf_count=569 378 1340 1231 33587 24726 421 88384 4768 1898 209 37312 161 1794 5648
internal_value=-0.000152296 -0.000948101 0.00473742 -0.00115733 0.000118839 -0.00181845 0.000375172 0.000584015 0.00374384 0.00148276 0.00130229 -0.00194673 0.00235369 -0.000400922
internal_weight=202426 51435 1818 49617 150991 35963 126265 13654 3238 1440 37881 35542 1955 10416
internal_count=202426 51435 1818 49617 150991 35963 126265 13654 3238 1440 37881 35542 1955 10416
is_linear=0
shrinkage=0.05


Tree=155
num_leaves=15
num_cat=0
split_feature=0 47 26 23 41 40 15 12 41 55 26 52 15 42
split_gain=17.0337 21.6749 20.9131 19.8416 19.5333 18.5562 17.442 22.7151 22.0706 21.34 19.2789 18.7796 29.3014 14.1782
threshold=97.450000762939467 6.4156556129455575 0.70020255446434032 1.5850000381469729 98.500000000000014 995.35000610351574 124.10000228881837 59.08055496215821 12.500000000000002 3.5000000000000004 0.83884635567665111 -0.70291268825530995 174.40000152587893 10.050000190734865
decision_type=2 2 2 2 2 2 2 2 2 2 2 2 2 2
left_child=6 2 3 5 -4 -2 13 8 9 -8 11 12 -9 -1
right_child=1 -3 4 -5 -6 -7 7 10 -10 -11 -12 -13 -14 -15
leaf_value=0.00012830959488414998 0.00030053815153629842 -0.0059471731010634476 -0.0029295059879732481 0.0061836152895269475 0.002244486533071658 0.0048224542746683578 0.022839846222154455 0.0033452757091267308 0.0031346861052114505 0.0027635026496199769 -0.0012433022325126096 0.0010669329762597738 0.013133090937320253 -0.0020783271485741261
leaf_weight=113067 11275 11964 13858 284 3721 768 340 3116 745 234 7447 7456 338 27685
leaf_count=113067 11275 11964 13858 284 3721 768 340 3116 745 234 7447 7456 338 27685
internal_value=-0.00018729 -0.00108524 -0.000365358 0.00121302 -0.00147223 0.000898945 4.71198e-05 0.00144112 0.00775395 0.0150342 0.000983556 0.00232143 0.00536374 -0.000147839
internal_weight=202298 41870 29906 12327 17579 12043 160428 19676 1319 574 18357 10910 3454 140752
internal_count=202298 41870 29906 12327 17579 12043 160428 19676 1319 574 18357 10910 3454 140752
is_linear=0
shrinkage=0.05


Tree=156
num_leaves=15
num_cat=0
split_feature=44 43 38 7 38 25 18 57 13 13 16 55 12 48
split_gain=14.8842 15.4714 14.4391 12.6642 14.6103 14.0249 13.3239 12.5769 12.9743 16.3633 12.2509 26.4552 18.3299 10.3648
threshold=5.1660859584808358 62.500000000000007 23.750000000000004 28.150000572204593 26.550000190734867 31.550000190734867 -10.15000009536743 45.150001525878913 53.816070556640632 44.496726989746101 30.10000038146973 4.5000000000000009 39.916666030883796 -1.5500000119209287
decision_type=2 8 2 2 2 2 2 2 2 2 2 2 2 2
left_child=3 10 -3 4 5 -1 -5 -4 9 -9 11 -2 -13 -7
right_child=1 2 7 6 -6 13 -8 8 -10 -11 -12 12 -14 -15
leaf_value=0.0011487030511970824 0.0017989800919805045 -0.0036206679858130316 -0.00039737990852208445 0.00075164409777875741 0.0070829457119830413 0.0077020724970885222 -0.00054860917310609817 -0.014146289766231565 0.001258141550449279 0.015483154689803156 -0.00046371551594457332 -0.0056658105751574662 0.018682030881817187 0.0033025185935213388
leaf_weight=20372 1485 25084 896 45034 557 191 102678 60 288 176 4281 98 276 262
leaf_count=20372 1485 25084 896 45034 557 191 102678 60 288 176 4281 98 276 262
internal_value=-0.000136508 -0.0011138 -0.00163763 5.22152e-05 0.00118923 0.000973121 -0.000112442 0.00325175 0.00932584 0.0177642 0.00114634 0.00452381 0.016224 0.00957883
internal_weight=201738 32644 26504 169094 21382 20825 147712 1420 524 236 6140 1859 374 453
internal_count=201738 32644 26504 169094 21382 20825 147712 1420 524 236 6140 1859 374 453
is_linear=0
shrinkage=0.05


Tree=157
num_leaves=15
num_cat=0
split_feature=21 43 23 55 47 40 23 51 52 55 52 38 55 53
split_gain=14.3548 16.9603 18.6123 23.2131 11.4665 16.8121 30.0541 18.739 18.1418 19.5732 22.9285 20.1528 19.7683 27.7189
threshold=37.500000000000007 382.50000000000006 1.325000047683716 3.5000000000000004 8.0446290969848651 988.04998779296886 0.19500000029802325 0.12940952181816107 -0.84315016865730275 2.5000000000000004 0.96234640479087841 17.44999980926514 5.5000000000000009 -0.42958799004554743
decision_type=2 10 2 2 2 2 2 2 2 2 2 2 2 2
left_child=1 -1 -3 -4 -2 8 7 -7 -6 10 -10 -12 13 -11
right_child=4 2 3 -5 5 6 -8 -9 9 12 11 -13 -14 -15
leaf_value=-0.00035851138619554212 0.0005504724053825089 -0.0050705974667702679 0.0099389201025079209 -0.0051754796224949898 -0.0087643689136272761 0.0074316481189404347 0.0013767235317157611 0.010784499335120445 -0.0053622683904665938 0.0038000250541641873 0.0017169951787011494 0.0058206723733090762 -0.0038185530709011666 -0.0042864587392128593
leaf_weight=45043 98097 14346 101 137 3870 239 5634 138 12248 11001 1458 93 4812 4746
leaf_count=45043 98097 14346 101 137 3870 239 5634 138 12248 11001 1458 93 4812 4746
internal_value=-0.000126578 -0.00077779 -0.00225915 0.0113306 0.000146262 -0.000521934 0.00193406 0.0154134 -0.000908522 -0.000542366 -0.00199834 0.00371236 0.000435363 0.00129244
internal_weight=201963 59627 14584 238 142336 44239 6011 377 38228 34358 13799 1551 20559 15747
internal_count=201963 59627 14584 238 142336 44239 6011 377 38228 34358 13799 1551 20559 15747
is_linear=0
shrinkage=0.05


Tree=158
num_leaves=15
num_cat=0
split_feature=0 47 13 52 53 24 36 52 40 52 57 57 0 24
split_gain=13.4 19.8066 14.0195 33.0536 32.0029 36.3015 24.7285 19.6936 25.9713 24.8743 21.6576 19.1954 18.8879 18.4211
threshold=97.450000762939467 6.5069205760955819 63.987796783447273 -0.99763298034667958 -0.94703993201255787 20.500000000000004 28.250000000000004 -0.77245554327964772 986.45001220703136 -0.17647087574005124 136.15000152587893 51.416667938232429 60.649999618530281 2.5000000000000004
decision_type=2 2 2 2 2 2 2 2 2 2 2 2 2 2
left_child=2 -2 12 6 11 7 -4 8 -6 -9 -10 -5 -1 -11
right_child=1 -3 3 4 5 -7 -8 9 10 13 -12 -13 -14 -15
leaf_value=5.4949686484327437e-05 -0.0003355019379262436 -0.0058483357894934425 0.012026162096853248 0.01130880896365037 0.00078458955394471771 -0.0033200401817887575 0.0036791412619168393 -0.0020668696529422452 0.0048036958417622061 0.0039158317243487119 0.0090437836946081398 0.0049397944538481457 -0.0024591215830260349 0.00061310350534379322
leaf_weight=92298 30222 11430 126 175 4513 9548 133 10627 3330 5077 201 2915 21682 10181
leaf_count=92298 30222 11430 126 175 4513 9548 133 10627 3330 5077 201 2915 21682 10181
internal_value=-0.000178005 -0.000977151 2.90382e-05 0.000757322 0.000656224 0.000306182 0.0182342 0.00107266 0.00323193 0.000400655 0.00643745 0.00556451 -0.0002702 0.00169374
internal_weight=202458 41652 160806 46826 46567 43477 259 33929 8044 25885 3531 3090 113980 15258
internal_count=202458 41652 160806 46826 46567 43477 259 33929 8044 25885 3531 3090 113980 15258
is_linear=0
shrinkage=0.05


Tree=159
num_leaves=15
num_cat=0
split_feature=26 53 12 40 42 47 23 29 47 13 47 36 53 53
split_gain=14.5651 22.8371 47.8758 22.6056 24.9144 21.4045 21.2276 22.5109 19.1713 18.863 26.5606 19.6279 25.6759 17.7286
threshold=0.78396508097648632 -0.73865258693695057 29.433333396911625 986.64999389648449 6.4500000476837167 3.7638285160064702 0.23499999940395358 10.750000000000002 10.646322727203371 151.288688659668 4.4629900455474862 27.849999427795414 0.42763730883598333 0.99349221587181102
decision_type=2 2 2 2 2 2 2 2 2 2 2 2 2 2
left_child=3 2 -2 -1 9 -3 7 -6 -4 10 -5 -12 -13 -7
right_child=1 5 8 4 6 13 -8 -9 -10 -11 11 12 -14 -15
leaf_value=-0.0004876357526137087 0.017989022823318455 0.00035174204829568987 0.00078917158431293535 0.0052802092772034539 0.0027988909589905073 -0.0041780595696815359 -0.00083520288459279675 0.0090591259664676554 0.007453073534276611 -0.00099928370352972157 0.0021047749114209038 0.0011328476993352754 0.0071557028001632264 0.0028274193259392802
leaf_weight=103440 215 14324 6020 1864 2525 31210 21637 500 208 3561 13797 588 547 1925
leaf_count=103440 215 14324 6020 1864 2525 31210 21637 500 208 3561 13797 588 547 1925
internal_value=-0.000191259 -0.000895164 0.00189602 6.43557e-05 0.000999466 -0.00127441 -6.93105e-05 0.00384679 0.00107566 0.00229366 0.00299417 0.00228818 0.00858078 -0.0019724
internal_weight=202361 53902 6443 148459 45019 47459 24662 3025 6228 20357 16796 14932 1135 33135
internal_count=202361 53902 6443 148459 45019 47459 24662 3025 6228 20357 16796 14932 1135 33135
is_linear=0
shrinkage=0.05


Tree=160
num_leaves=15
num_cat=0
split_feature=0 37 37 46 47 13 52 13 12 37 40 52 40 26
split_gain=13.5196 18.872 15.3813 15.4398 18.7739 31.2973 17.7142 15.2859 33.8182 20.0454 22.8461 18.6191 15.1068 14.5334
threshold=136.19999694824222 86.500000000000014 36.500000000000007 6.0499999523162851 6.5069205760955819 30.795833587646488 -0.84315016865730275 46.071130752563484 43.815277099609382 75.500000000000014 980.95001220703136 -0.42957681417465204 982.75000000000011 0.72958466410636913
decision_type=2 2 2 2 2 2 2 2 2 2 2 2 2 2
left_child=2 -2 -1 13 7 12 -7 -5 9 -9 11 -11 -6 -4
right_child=1 -3 3 4 5 6 -8 8 -10 10 -12 -13 -14 -15
leaf_value=-0.0021552399641130652 -0.0041609334927062589 0.00034727783381742093 0.0010096880015656982 -0.0030834343939304082 -0.028889776482766239 -0.010845773284495673 -0.001596997439810002 0.0017762976525300398 0.0012200422772066534 0.00069018284674694124 0.018159720178465382 0.012334453160439209 0.0065193639937803699 -0.00053189111195971227
leaf_weight=26592 12530 8851 81319 3787 54 4569 23719 504 7613 287 194 165 146 32416
leaf_count=26592 12530 8851 81319 3787 54 4569 23719 504 7613 287 194 165 146 32416
internal_value=-0.000167099 -0.00135595 -2.68792e-05 0.000164003 -0.000667269 -0.00137694 -0.00151919 0.00094347 0.00208993 0.0100431 0.0158079 0.00928571 0.0178571 0.000463975
internal_weight=202746 21381 181365 154773 41038 28488 28288 12550 8763 1150 646 452 200 113735
internal_count=202746 21381 181365 154773 41038 28488 28288 12550 8763 1150 646 452 200 113735
is_linear=0
shrinkage=0.05


Tree=161
num_leaves=15
num_cat=0
split_feature=21 38 46 38 19 45 16 56 33 52 57 23 29 55
split_gain=12.3638 11.6742 11.2801 16.2065 27.1562 11.165 21.3076 15.9278 14.1354 14.1558 13.0579 16.2066 14.8348 15.2476
threshold=9.5000000000000018 2.7500000000000004 30.44999980926514 25.050000190734867 34.649999618530281 3.2330327033996586 11.150000095367433 45.250000000000007 22.349999427795414 -0.56368473172187794 29.483333587646488 0.18500000238418582 13.34999990463257 1.0000000180025095e-35
decision_type=2 2 2 2 2 2 2 2 2 2 2 2 2 2
left_child=-1 -2 5 -4 -5 10 -7 -8 -9 -10 -3 12 13 -12
right_child=1 2 3 4 -6 6 7 8 9 -11 11 -13 -14 -15
leaf_value=-0.002421011691062654 -0.0067422559371490736 -0.0027096749811091033 -0.007636651909731982 0.0067864260061753084 -0.0017960186335167232 0.0081048335731071543 -0.00088111620199274809 0.0017259851402522026 0.011712560522125966 -0.0027366241947226495 0.007693149105294699 -9.5878531305566416e-05 0.0082176831279489725 0.00085700795442541068
leaf_weight=14651 3470 14854 4795 804 3278 1264 13038 20210 88 61 1070 118776 290 5290
leaf_count=14651 3470 14854 4795 804 3278 1264 13038 20210 88 61 1070 118776 290 5290
internal_value=-0.000157194 -4.77326e-05 6.58105e-06 -0.00173118 0.000584065 9.48539e-05 0.0008983 0.000655999 0.00152953 0.0163836 -0.000103715 6.23414e-05 0.00246246 0.00194662
internal_weight=201939 187288 183818 8877 4082 174941 34661 33397 20359 149 140280 125426 6650 6360
internal_count=201939 187288 183818 8877 4082 174941 34661 33397 20359 149 140280 125426 6650 6360
is_linear=0
shrinkage=0.05


Tree=162
num_leaves=15
num_cat=0
split_feature=18 37 47 28 57 49 28 1 49 33 23 20 43 5
split_gain=12.1274 10.8548 17.095 14.7092 16.4932 15.9569 20.6142 14.697 14.3836 13.4884 20.1971 12.6696 15.3301 12.3962
threshold=27.550000190734867 18.500000000000004 12.818016529083254 28.500000000000004 38.116666793823249 -19.374999999999996 58.500000000000007 31.349999427795414 117.50000000000001 6.4500000476837167 0.47499999403953558 26.050000190734867 62.500000000000007 29.550000190734867
decision_type=2 2 2 2 2 10 2 2 10 2 2 2 10 2
left_child=1 2 -1 8 -5 7 9 -6 -3 -7 -11 -8 -13 -10
right_child=-2 3 -4 4 5 6 11 -9 13 10 -12 12 -14 -15
leaf_value=-0.0076823802033112263 -0.0018467427762720681 0.0017949910982730311 0.018410878048547727 -0.0016594005786268928 0.0021837426185221938 0.0030903362103344169 0.0019067996498802018 -0.00076416790148364517 0.013476924113061398 0.023455431811165096 0.00063627154243378744 0.0016830307938955069 -0.00085201226680353421 0.0057342931555831199
leaf_weight=5244 23057 11328 66 32827 8871 9566 11185 61258 393 130 145 9904 27899 883
leaf_count=5244 23057 11328 66 32827 8871 9566 11185 61258 393 130 145 9904 27899 883
internal_value=-0.000159939 -2.13969e-05 -0.00224624 4.64727e-05 -8.17404e-05 0.000172987 0.000780179 -0.000336405 0.00169098 0.00286722 0.0135965 0.000360422 -7.70911e-05 0.00670295
internal_weight=202756 179699 5310 174389 161785 128958 58829 70129 12604 9841 275 48988 37803 1276
internal_count=202756 179699 5310 174389 161785 128958 58829 70129 12604 9841 275 48988 37803 1276
is_linear=0
shrinkage=0.05


Tree=163
num_leaves=15
num_cat=0
split_feature=42 28 33 33 37 13 12 40 51 49 12 15 30 36
split_gain=14.2904 19.9207 21.8717 16.4573 13.7542 14.7901 31.8501 19.2631 18.2455 16.1474 19.1308 23.839 14.2758 14.5823
threshold=5.4500000476837167 48.500000000000007 7.7500000000000009 9.6500000953674334 68.500000000000014 46.071130752563484 39.125000000000007 983.45001220703136 0.60355338454246532 -8.7499999999999982 60.584028244018562 103.75000000000001 17.500000000000004 29.050000190734867
decision_type=2 2 2 2 2 2 2 2 2 10 2 2 10 2
left_child=4 2 -2 -4 -1 -6 7 8 -7 10 11 -8 -13 -14
right_child=1 -3 3 -5 5 6 9 -9 -10 -11 -12 12 13 -15
leaf_value=-0.00037850127511135031 0.00066722665528395366 -0.0012528439797604696 0.030496610492589019 0.0050687419982042865 -0.00186542801764268 0.0088943391479695596 0.0018052233704838119 -0.001513005780159776 0.012395583189039945 0.0026741971364698993 -0.00055083391474460778 0.011647309100807674 0.0045145178496706359 0.011557093513416194
leaf_weight=38178 33501 86772 72 82 7168 374 6542 279 276 11772 16481 100 410 147
leaf_count=38178 33501 86772 72 82 7168 374 6542 279 276 11772 16481 100 410 147
internal_value=-0.000121042 -0.000467341 0.000565126 0.0187805 0.000389235 0.000996463 0.00140543 0.0104952 0.0151515 0.00116434 0.000411565 0.00255999 0.0115667 0.00813933
internal_weight=202154 120427 33655 154 81727 43549 36381 929 650 35452 23680 7199 657 557
internal_count=202154 120427 33655 154 81727 43549 36381 929 650 35452 23680 7199 657 557
is_linear=0
shrinkage=0.05


Tree=164
num_leaves=15
num_cat=0
split_feature=0 36 52 55 57 41 52 56 24 7 40 49 47 52
split_gain=14.6759 19.2597 15.2132 13.6536 17.2486 15.0557 12.8757 15.819 14.6649 14.4588 12.5276 20.7599 24.0055 31.373
threshold=109.29999923706056 11.84999990463257 0.9937499761581422 2.5000000000000004 65.583332061767592 47.500000000000007 -0.65234524011611927 87.90000152587892 4.5000000000000009 121.29999923706056 986.45001220703136 -22.499999999999996 5.5034191608428964 0.69056403636932384
decision_type=2 2 2 2 2 2 2 2 2 2 2 8 2 2
left_child=2 -2 10 4 -4 -6 7 -3 9 -9 -1 -12 13 -13
right_child=1 6 3 -5 5 -7 -8 8 -10 -11 11 12 -14 -15
leaf_value=-0.00013668918867348396 0.00049424285775210425 -0.0066692307294870653 -0.00097000974596783284 -0.012012073651541706 0.00043261353079430167 0.013792136667631492 -0.0048500870269570272 0.0030361214961141503 0.00030867710795343898 0.012364407196631084 -0.00040866239337284267 0.0043699228243921457 0.0010225968497304184 -0.0038094762509690116
leaf_weight=114672 12103 2164 2776 3983 99 86 14755 314 4560 235 20745 5880 18387 1632
leaf_count=114672 12103 2164 2776 3983 99 86 14755 314 4560 235 20745 5880 18387 1632
internal_value=-0.000105015 -0.0010502 8.67641e-05 -0.00220305 0.000368562 0.0147436 -0.0019303 -0.00020802 0.00130982 0.00895349 0.000185462 0.000876237 0.00182002 0.00419968
internal_weight=202391 34131 168260 6944 2961 185 22028 7273 5109 549 161316 46644 25899 7512
internal_count=202391 34131 168260 6944 2961 185 22028 7273 5109 549 161316 46644 25899 7512
is_linear=0
shrinkage=0.05


Tree=165
num_leaves=15
num_cat=0
split_feature=0 56 0 53 13 44 37 47 53 47 23 49 47 44
split_gain=13.1229 15.2952 18.2393 14.1163 19.9386 18.5098 13.6439 13.5646 14.7052 15.6149 12.0986 13.9047 15.5227 11.5808
threshold=224.6499938964844 167.85000610351565 105.59999847412111 0.97461712360382091 135.77410888671878 2.1763788461685185 47.500000000000007 2.6121747493743901 0.47369650006294256 6.2282354831695566 1.3650000095367434 297.50000000000006 3.6678909063339238 4.1718690395355233
decision_type=2 2 2 2 2 2 2 2 2 2 2 10 2 2
left_child=1 2 -1 7 5 -5 -4 -3 9 -9 -8 12 -12 -13
right_child=-2 3 6 4 -6 -7 10 8 -10 -11 11 13 -14 -15
leaf_value=-2.6981545206342697e-05 -0.0050088466871830335 0.0070063554787128312 -0.010463264481837606 0.0034874542124752246 0.001695797450997642 0.0066739817067873672 -0.0016709969566284677 0.015308367308485405 -0.0012925443384691343 -0.00037039211747139778 0.0079244941084015749 0.0062841446880343155 -0.00091893449208127552 -0.0087380913908484039
leaf_weight=164659 3462 139 3388 824 3333 259 20319 125 4175 160 105 193 1014 63
leaf_count=164659 3462 139 3388 824 3333 259 20319 125 4175 160 105 193 1014 63
internal_value=-0.000166843 -0.000113602 -0.000209249 0.00189751 0.00391324 0.00977585 -0.00146501 -4.23097e-05 -0.000536914 0.0102542 -0.00100304 0.00351985 0.00106732 0.013797
internal_weight=202218 198756 189741 9015 4416 1083 25082 4599 4460 285 21694 1375 1119 256
internal_count=202218 198756 189741 9015 4416 1083 25082 4599 4460 285 21694 1375 1119 256
is_linear=0
shrinkage=0.05


Tree=166
num_leaves=15
num_cat=0
split_feature=51 50 50 38 43 42 28 53 43 47 53 23 52 40
split_gain=12.6261 27.219 26.7918 19.6446 19.0237 32.6403 15.6181 14.9286 14.9854 12.9544 12.4331 17.8241 11.3426 21.9154
threshold=0.12940952181816107 1.0000000180025095e-35 0.12940952181816109 10.84999990463257 672.50000000000011 7.9500000476837167 29.500000000000004 0.99958848953247081 452.50000000000006 3.4689898490905766 -0.99983122944831837 0.89499998092651378 -0.57078385353088368 972.85000610351574
decision_type=2 2 2 2 8 2 2 2 8 2 2 2 2 2
left_child=1 3 4 -1 12 -6 -5 10 -9 -3 11 -8 13 -2
right_child=2 9 -4 6 5 -7 7 8 -10 -11 -12 -13 -14 -15
leaf_value=-0.0057190742365910152 0.0093482332172313866 0.0027713734291999899 -0.00092615811088001064 0.0060283243532636786 0.0046865348604738458 0.0010456986172197409 0.019486971658734163 -4.9073267124540697e-05 0.0095908651075635766 5.7885994809206209e-05 -0.0014969922466070563 -0.00078699428474213922 7.8820615017986836e-05 0.0015556931769662176
leaf_weight=16870 133 3625 42073 1911 2445 3889 99 117 88 55400 31349 176 27790 16424
leaf_count=16870 133 3625 42073 1911 2445 3889 99 117 88 55400 31349 176 27790 16424
internal_value=-0.00014227 -0.000505496 0.000287071 -0.00135618 0.00106123 0.00362232 -0.00065926 -0.00092324 0.0122093 0.000224018 -0.0010122 0.00938596 0.000694703 0.00173025
internal_weight=202389 109635 92754 50610 50681 6334 33740 31829 205 59025 31624 275 44347 16557
internal_count=202389 109635 92754 50610 50681 6334 33740 31829 205 59025 31624 275 44347 16557
is_linear=0
shrinkage=0.05


Tree=167
num_leaves=15
num_cat=0
split_feature=37 38 56 43 0 47 56 52 52 30 12 12 57 46
split_gain=11.9566 17.4995 20.2245 18.6081 13.3686 14.5236 13.874 12.9937 34.226 12.7722 15.6178 12.9898 12.3074 12.2518
threshold=39.500000000000007 10.750000000000002 22.250000000000004 2937.5000000000005 214.90000152587893 2.6121747493743901 176.25000000000003 0.82414472103118908 0.76140651106834423 67.500000000000014 31.10624980926514 54.727777481079109 178.06667327880862 30.44999980926514
decision_type=2 2 2 10 2 2 2 2 2 10 2 2 2 2
left_child=1 -1 3 7 6 12 13 8 9 -3 -11 -12 -6 -2
right_child=4 2 -4 -5 5 -7 -8 -9 -10 10 11 -13 -14 -15
leaf_value=-0.0046684660269162934 0.00013484284859581954 -0.007682120049623588 -0.0007285048932428582 0.028117541864279273 -0.0018548517884268497 -0.0047365547385274098 0.0018763196327621159 -5.8585680332572859e-05 0.014745898454828588 0.016719037357302392 -0.0011343427634163243 0.021523510215595409 0.0080038565903080422 -0.0027148871523687934
leaf_weight=16840 150061 402 13096 84 122 4130 6966 1131 175 66 299 78 105 8883
leaf_count=16840 150061 402 13096 84 122 4130 6966 1131 175 66 299 78 105 8883
internal_value=-0.000146409 -0.00103027 0.000191968 0.00457684 2.06416e-05 -0.0027101 9.25133e-05 0.00360713 0.0076699 0.00336257 0.00912803 0.00481912 0.00934599 -3.27258e-06
internal_weight=202438 32171 15331 2235 170267 4357 165910 2151 1020 845 443 377 227 158944
internal_count=202438 32171 15331 2235 170267 4357 165910 2151 1020 845 443 377 227 158944
is_linear=0
shrinkage=0.05


Tree=168
num_leaves=15
num_cat=0
split_feature=21 53 4 38 28 37 22 38 16 43 46 46 38 26
split_gain=10.9855 12.5686 23.7538 11.9988 12.5858 13.1165 12.8528 11.8625 11.8768 16.1898 15.4309 11.4748 15.8397 20.6128
threshold=9.5000000000000018 0.94066718220710765 97.200000762939467 2.7500000000000004 17.500000000000004 37.500000000000007 1189.5000000000002 10.750000000000002 23.550000190734867 1727.5000000000002 0.25000000745058065 30.44999980926514 25.050000190734867 0.74144724011421215
decision_type=2 2 2 2 2 2 2 2 2 10 2 2 2 2
left_child=1 -1 -3 -2 6 7 -5 -6 9 -9 -11 -7 -13 -14
right_child=3 2 -4 4 5 11 -8 8 -10 10 -12 12 13 -15
leaf_value=-0.0041682406991070918 -0.0064474754420091544 0.0068864741992839089 -0.00096183044204908245 0.0031904026878240795 -0.0049087433467651931 0.00026498165922509966 0.012717315004854408 0.00049753536421824325 -0.0028214340782536139 0.0094109920718694479 -0.0015966365633697515 -0.0070375088973522529 -0.0018895402171460085 0.0062722496636176996
leaf_weight=10534 3467 702 3364 4040 11421 148061 167 4548 5818 694 385 4910 2956 1099
leaf_count=10534 3467 702 3364 4040 11421 148061 167 4548 5818 694 385 4910 2956 1099
internal_value=-0.000151008 -0.0014716 0.000888124 -4.81417e-05 6.81542e-06 -5.64764e-05 0.0027069 -0.00117503 -3.71029e-05 0.00159925 0.0070753 0.000106471 -0.00162953 0.000682656
internal_weight=202166 14600 4066 187566 184099 179892 4207 22866 11445 5627 1079 157026 8965 4055
internal_count=202166 14600 4066 187566 184099 179892 4207 22866 11445 5627 1079 157026 8965 4055
is_linear=0
shrinkage=0.05


Tree=169
num_leaves=15
num_cat=0
split_feature=0 52 33 43 26 40 54 47 43 52 28 36 13 43
split_gain=13.2289 13.6284 16.3848 13.6955 12.8579 24.3268 22.1098 19.514 41.3048 30.2987 22.6015 20.997 20.7743 21.5094
threshold=16.849999427795414 0.9937499761581422 4.0499999523162851 67.500000000000014 0.78396508097648632 985.75000000000011 11.500000000000002 5.6291286945343026 81.250000000000014 -0.70291268825530995 73.500000000000014 20.650000572204593 51.110416412353523 522.50000000000011
decision_type=2 2 2 10 2 2 2 2 10 2 2 2 2 10
left_child=-1 4 -3 -4 5 -2 7 8 -7 12 -9 -11 -10 -14
right_child=1 2 3 -5 -6 6 -8 10 9 11 -12 -13 13 -15
leaf_value=0.0031350721982919064 -0.0005084934442333111 -0.0080182549710049681 0.0073706547157142257 -0.0028910192002834989 -0.0010860220441250995 0.0011343723400032912 -0.0017711159866509623 0.0023903828543823898 -0.0051999488940899889 0.0076740840991371198 -0.0010980340118293393 -0.0037855570382001875 0.0063838777439158547 0.0097552471197468044
leaf_weight=5108 91948 5074 523 721 51291 7142 7950 17537 98 707 12954 594 283 483
leaf_count=5108 91948 5074 523 721 51291 7142 7950 17537 98 707 12954 594 283 483
internal_value=-0.0001631 -0.00022819 -0.00251106 0.00261563 -0.000152543 9.60577e-05 0.00101156 0.00149241 0.00349522 0.00952873 0.000880134 0.00464912 0.0167391 0.0194845
internal_weight=202413 197305 6318 1244 190987 139696 47748 39798 9307 2165 30491 1301 864 766
internal_count=202413 197305 6318 1244 190987 139696 47748 39798 9307 2165 30491 1301 864 766
is_linear=0
shrinkage=0.05


Tree=170
num_leaves=15
num_cat=0
split_feature=52 52 23 40 57 16 46 46 40 51 38 0 52 28
split_gain=11.8151 31.2717 36.4155 65.3641 37.973 14.9281 12.8058 15.1668 12.1915 12.1046 29.4945 11.4411 11.8785 11.2135
threshold=-0.97876849770545948 -0.97113886475563038 0.36500000953674322 982.25000000000011 56.81666564941407 13.34999990463257 0.84999999403953563 0.55000001192092907 979.45001220703136 0.37940952181816107 22.750000000000004 249.15000152587893 0.99466374516487133 17.500000000000004
decision_type=2 2 2 2 2 2 2 2 2 2 2 2 2 2
left_child=5 2 -2 9 -5 -1 7 -7 -9 -4 -11 12 13 -3
right_child=1 11 3 4 -6 6 -8 8 -10 10 -12 -13 -14 -15
leaf_value=0.0092589141252148507 -0.0027193003831308339 0.0039848400100537199 -0.0006269181410081462 0.017871546335961913 -9.0878098952904918e-05 -0.00098339635450921006 -0.0073370603517746193 -0.0012924026691017115 0.014366420901283228 0.0070842426999477215 -0.0020450611651684205 -0.0067704940082962328 -0.0043994766042168565 -7.4247979405300604e-05
leaf_weight=147 799 4298 709 383 117 9073 4565 84 125 183 243 1925 6487 173435
leaf_count=147 799 4298 709 383 117 9073 4565 84 125 183 243 1925 6487 173435
internal_value=-0.000146188 -4.21298e-05 0.00557692 0.00983283 0.0247059 -0.00154742 -0.00172007 -0.000652175 0.0123516 0.00312227 0.0096789 -0.000115899 -7.57218e-05 1.03964e-06
internal_weight=202573 188579 2434 1635 500 13994 13847 9282 209 1135 426 186145 184220 177733
internal_count=202573 188579 2434 1635 500 13994 13847 9282 209 1135 426 186145 184220 177733
is_linear=0
shrinkage=0.05


Tree=171
num_leaves=15
num_cat=0
split_feature=42 51 47 52 38 13 12 19 52 52 24 44 23 19
split_gain=13.7141 12.835 12.707 15.0269 37.3012 27.6032 38.2759 11.3672 11.5885 16.9102 36.8514 28.2441 19.8255 24.3308
threshold=10.050000190734865 0.91597560048103344 9.8024096488952654 -0.14250824600458142 15.949999809265138 47.709226608276374 54.953472137451179 258.44999694824224 -0.97876849770545948 -0.96689236164093006 2.5000000000000004 1.0766309499740603 0.55500000715255748 51.95000076293946
decision_type=2 2 2 2 2 2 2 2 2 2 2 2 2 2
left_child=1 7 3 -2 -5 6 -6 8 -1 10 11 -10 -12 -14
right_child=2 -3 -4 4 5 -7 -8 -9 9 -11 12 -13 13 -15
leaf_value=-0.0019375958651752644 -0.0032762751890354717 0.0014782188344167582 -0.0058965925432709508 -0.0018847082734971797 0.006645824907689943 0.0014004631261820676 0.030477297102517301 -0.0031455961274790378 0.0035468404096163555 1.2810231285234394e-05 -0.0061356974859716499 0.018571371514444237 0.011191575378229587 0.0015930617732605259
leaf_weight=11333 9265 21718 9079 11030 1834 2287 160 6451 208 126449 1208 270 259 898
leaf_count=11333 9265 21718 9079 11030 1834 2287 160 6451 208 126449 1208 270 259 898
internal_value=-0.000148649 3.51283e-05 -0.0010701 -0.000479136 0.00048267 0.00443836 0.00872255 -0.000132441 -3.82207e-05 9.62077e-05 0.00390291 0.0164139 0.00131579 0.00596829
internal_weight=202449 168794 33655 24576 15311 4281 1994 147076 140625 129292 2843 478 2365 1157
internal_count=202449 168794 33655 24576 15311 4281 1994 147076 140625 129292 2843 478 2365 1157
is_linear=0
shrinkage=0.05


Tree=172
num_leaves=15
num_cat=0
split_feature=25 46 26 44 47 55 53 54 24 47 13 47 13 53
split_gain=12.8108 15.1467 13.105 18.1922 16.6621 16.702 17.7177 19.1799 24.1959 27.958 22.8817 25.6041 26.5025 30.4245
threshold=7.9500000476837167 30.44999980926514 0.72958466410636913 -1.0000000180025095e-35 9.3933019638061541 5.5000000000000009 0.19969739764928821 11.500000000000002 12.500000000000002 6.2072594165802011 142.9026794433594 5.4478566646575937 82.538093566894545 0.24997577071189883
decision_type=2 2 2 2 2 2 2 2 2 2 2 2 2 2
left_child=-1 2 4 -4 5 6 -2 8 10 -10 11 -8 13 -13
right_child=1 -3 3 -5 -6 -7 7 -9 9 -11 -12 12 -14 -15
leaf_value=0.0013135954536122134 4.2291535371751751e-05 -0.0039538790440541106 0.00012402898071563971 -0.0026861550441670641 -0.0021086095250605745 -0.0014541880784411112 0.0053451876761385726 -0.0013652047840397557 0.0026195420734134375 -0.0039404730889957317 -0.00024668573868553935 0.012813147940040046 0.0052878746219508204 -8.6412134322689241e-05
leaf_weight=21823 52189 7435 25687 26621 18622 14268 2366 6437 2853 5234 4453 901 6102 6994
leaf_count=21823 52189 7435 25687 26621 18622 14268 2366 6437 2853 5234 4453 901 6102 6994
internal_value=-0.000141465 -0.000280067 -0.000184878 -0.000845599 0.000102175 0.000353756 0.000612354 0.00147666 0.00202625 -0.000294555 0.00292759 0.00379191 0.00297458 0.00105945
internal_weight=201985 180162 172727 52308 120419 101797 87529 35340 28903 8087 20816 16363 13997 7895
internal_count=201985 180162 172727 52308 120419 101797 87529 35340 28903 8087 20816 16363 13997 7895
is_linear=0
shrinkage=0.05


Tree=173
num_leaves=15
num_cat=0
split_feature=0 36 47 57 49 28 41 46 37 47 47 41 0 53
split_gain=12.4948 16.483 13.9668 12.4235 26.8718 19.2132 15.3684 19.9679 25.3832 15.4765 13.4853 14.2712 13.9895 13.4923
threshold=136.19999694824222 11.250000000000002 3.51880955696106 46.216667175292976 -27.499999999999996 33.500000000000007 2.5000000000000004 14.050000190734865 91.500000000000014 5.8047246932983407 3.4111893177032475 2.5000000000000004 68.099998474121108 -0.99983122944831837
decision_type=2 2 2 2 10 2 2 2 2 2 2 2 2 2
left_child=3 2 -2 5 -5 -1 7 -7 9 -9 11 12 -6 -12
right_child=1 -3 -4 4 10 6 -8 8 -10 -11 13 -13 -14 -15
leaf_value=0.0021391671131210693 0.0027463421170250486 -0.0035249352951651431 -0.00080115201834618033 -0.00046792744128141195 0.0059980895186313088 -0.00035608368881195093 -0.0022373862921129107 0.011663253172955218 0.01233928214813086 -0.00075819083355639725 0.014689331824195156 0.0058075222933644732 0.00035314488952477833 0.0011510850843151229
leaf_weight=14499 2038 13191 6225 60346 230 18349 36956 334 237 821 207 934 1685 46446
leaf_count=14499 2038 13191 6225 60346 230 18349 36956 334 237 821 207 934 1685 46446
internal_value=-0.000134514 -0.00127516 0.000475642 7.16826e-07 0.000334157 -0.000513722 -0.000929075 0.000197204 0.00594864 0.00281116 0.00119749 0.0045313 0.00203896 0.00099297
internal_weight=202498 21454 8263 181044 109848 71196 56697 19741 1392 1155 49502 2849 1915 46653
internal_count=202498 21454 8263 181044 109848 71196 56697 19741 1392 1155 49502 2849 1915 46653
is_linear=0
shrinkage=0.05


Tree=174
num_leaves=15
num_cat=0
split_feature=0 53 4 21 52 13 7 27 36 8 38 52 13 52
split_gain=12.2235 19.5683 17.6799 18.8007 13.9382 23.7018 19.9587 11.5846 11.5373 12.0899 10.7924 14.2975 15.4817 10.4507
threshold=80.450000762939467 0.94066718220710765 73.200000762939467 10.500000000000002 -0.57078385353088368 83.066963195800795 86.250000000000014 8.2500000000000018 15.84999990463257 184.1499938964844 15.84999990463257 -0.72696319222450245 142.9026794433594 0.9937499761581422
decision_type=2 2 2 2 2 2 2 2 2 2 2 2 2 2
left_child=7 4 3 -3 5 -2 -7 -1 9 -4 -8 -12 -13 -9
right_child=1 2 8 -5 -6 6 10 13 -10 -11 11 12 -14 -15
leaf_value=0.0048685198528167295 -0.0025747392601146646 0.0078198504754072185 0.0014080502549485086 0.0015936849866707806 -0.0035949085396348689 0.0051535086639365995 -0.0013523865742685326 0.00023885554922942122 -0.0061800486128728363 -0.0015389503933105929 0.00087453151213000085 0.0076289576883729008 -0.0062619306406701651 -0.0032568455263661741
leaf_weight=1239 8879 401 9400 966 22795 1752 4388 136727 2241 4284 1743 316 125 6655
leaf_count=1239 8879 401 9400 966 22795 1752 4388 136727 2241 4284 1743 316 125 6655
internal_value=-0.000111456 -0.000729495 0.000675643 0.00611111 -0.00133698 -0.000262303 0.00165347 0.000133407 0.000205521 0.000750693 0.0003859 0.00324977 0.0111863 9.16357e-05
internal_weight=201911 57290 17292 1367 39998 17203 8324 144621 15925 13684 6572 2184 441 143382
internal_count=201911 57290 17292 1367 39998 17203 8324 144621 15925 13684 6572 2184 441 143382
is_linear=0
shrinkage=0.05


Tree=175
num_leaves=15
num_cat=0
split_feature=19 53 37 0 46 53 52 8 53 12 37 52 44 52
split_gain=11.3305 11.1585 10.8134 12.9383 11.5344 17.6136 32.7887 16.2147 16.6011 40.1619 20.3172 14.5972 16.4688 15.8481
threshold=19.650000572204593 -0.45273527503013605 39.500000000000007 85.549999237060561 6.0499999523162851 -0.21022038161754605 0.96687895059585582 99.099998474121108 -0.26867066323757166 42.187500000000007 81.500000000000014 -0.26866367459297175 -2.0140663385391231 -0.099819734692573533
decision_type=2 2 2 2 2 2 2 2 2 2 2 2 2 2
left_child=1 -1 3 -2 -4 6 7 8 -6 10 -10 -9 13 -13
right_child=2 -3 4 -5 5 -7 -8 11 9 -11 -12 12 -14 -15
leaf_value=0.0082931009178633004 -0.0012077472472930225 0.0013249094398975689 0.00023325349374223286 -0.0094430383340753984 -0.00099192674005353426 -0.005683110559591224 0.0068748551328925399 -0.0013275786251273972 0.0029397611574373088 -0.0099382776482830823 0.014066969578792006 0.010469329886618589 -0.0031442832687241227 0.0094459235756637668
leaf_weight=888 28169 2337 126699 3166 27181 11548 63 576 212 380 164 122 164 382
leaf_count=888 28169 2337 126699 3166 27181 11548 63 576 212 380 164 122 164 382
internal_value=-0.000145527 0.0027898 -0.000193276 -0.00104562 -3.37622e-05 -0.000764915 -0.000111781 -0.000195438 -0.000444951 0.00681462 0.0181865 0.00536682 0.0103392 0.0147471
internal_weight=202051 3225 198826 31335 167491 40792 29244 29181 27937 756 376 1244 668 504
internal_count=202051 3225 198826 31335 167491 40792 29244 29181 27937 756 376 1244 668 504
is_linear=0
shrinkage=0.05


Tree=176
num_leaves=15
num_cat=0
split_feature=17 0 49 24 53 52 9 7 13 49 28 53 44 24
split_gain=13.7229 13.7928 14.6768 14.1734 13.4304 12.7417 18.6335 11.4531 10.6451 10.4878 14.5017 13.272 11.359 10.6616
threshold=-69.549999237060533 57.45000076293946 287.50000000000006 365.00000000000006 0.99981042742729198 -0.70291268825530995 61.600000381469734 8.9000000953674334 28.358036041259769 -19.374999999999996 69.500000000000014 0.56191161274909984 3.6443601846694951 4.5000000000000009
decision_type=2 2 8 2 2 2 2 2 2 10 2 2 2 2
left_child=5 3 7 8 -4 6 -1 -3 -2 -9 11 -11 13 -12
right_child=1 2 4 -5 -6 -7 -8 9 -10 10 12 -13 -14 -15
leaf_value=-0.00045887587393289749 -0.0051554609096059363 0.0061362098544846541 -0.0022474887818604485 0.011327723612285586 0.0036898630452382587 0.0015414302176839981 0.01022680406283631 -0.0012421634724119684 0.0003690931172705466 0.00063425177703971898 0.0014526891931442003 0.0039016281100277377 -0.003917241135222565 -0.00089170480033312887
leaf_weight=361 3898 190 29286 153 203 5838 420 24973 100565 6002 9625 3707 6167 10834
leaf_count=361 3898 190 29286 153 203 5838 420 24973 100565 6002 9625 3707 6167 10834
internal_value=-0.000109578 -0.000185393 -0.000635572 0.000206162 -0.00155243 0.00212777 0.0080847 -0.000195748 0.000183156 -0.000234679 0.000307469 0.00196059 -0.000295841 0.000271385
internal_weight=202222 195603 90987 104616 29489 6619 781 61498 104463 61308 36335 9709 26626 20459
internal_count=202222 195603 90987 104616 29489 6619 781 61498 104463 61308 36335 9709 26626 20459
is_linear=0
shrinkage=0.05


Tree=177
num_leaves=15
num_cat=0
split_feature=45 38 47 49 49 28 44 33 53 29 53 33 13 30
split_gain=10.8773 12.6749 11.9867 11.3644 17.8344 22.2277 29.4654 25.9203 16.3318 23.3695 14.4385 13.9053 21.6131 21.5878
threshold=-1.4247627258300779 27.550000190734867 9.5343518257141131 -19.374999999999996 132.50000000000003 59.500000000000007 -4.4662489891052237 9.0500001907348651 -0.19337245076894757 7.1499998569488534 0.41202506422996527 2.4500000476837163 46.445535659790046 1627.5000000000002
decision_type=2 2 2 8 8 2 2 2 2 2 2 2 2 10
left_child=1 -1 3 11 -5 6 7 8 9 -6 -8 -2 -13 -14
right_child=2 -3 -4 4 5 -7 10 -9 -10 -11 -12 12 13 -15
leaf_value=-0.00079840021987587846 -0.00084670544898652006 0.0078911704462921867 -0.0021487111374322346 0.0020736736387958203 0.011721940494688969 -0.0007214981977295002 -0.0008859607640408874 0.02467620525782319 -0.00098147421025246233 0.0038124616556646468 0.0044605306800718737 -0.0029567233690867513 0.0031377701860998831 0.021252437896682803
leaf_weight=89259 35188 136 11255 21273 1157 26325 5532 82 753 1009 1125 3049 5722 197
leaf_count=89259 35188 136 11255 21273 1157 26325 5532 82 753 1009 1125 3049 5722 197
internal_value=-0.000130945 -0.000542756 0.000195824 0.000367671 0.00083243 0.000153779 0.00220418 0.00630853 0.00546432 0.00766084 0.000347231 -0.000235024 0.0015215 0.00328133
internal_weight=202062 89395 112667 101412 57256 35983 9658 3001 2919 2166 6657 44156 8968 5919
internal_count=202062 89395 112667 101412 57256 35983 9658 3001 2919 2166 6657 44156 8968 5919
is_linear=0
shrinkage=0.05


Tree=178
num_leaves=15
num_cat=0
split_feature=18 7 56 3 47 9 46 0 25 38 46 25 38 56
split_gain=11.0699 9.99425 9.79966 14.3396 12.8977 10.6902 10.6545 10.2081 10.3293 9.56841 9.83261 14.951 13.0784 11.5269
threshold=29.250000000000004 15.750000000000002 208.85000610351565 188.85000610351565 2.6121747493743901 107.00000000000001 1.0000000180025095e-35 192.09999847412112 58.549999237060554 27.150000572204593 30.44999980926514 6.9500000476837167 25.050000190734867 25.550000190734867
decision_type=2 2 2 2 2 2 2 2 2 2 2 2 2 2
left_child=2 -2 7 5 -5 6 -4 8 9 10 -1 12 -12 -14
right_child=1 -3 3 4 -6 -7 -8 -9 -10 -11 11 -13 13 -15
leaf_value=-1.0158284773421739e-05 0.0050814878467721758 -0.0020817955343779919 0.0033688566376934592 0.008380876328325541 -0.0016367783609846063 0.0013707040419828444 0.0093250952196758021 -0.0058943281686102906 0.0061323040665654553 0.003253145307513593 -0.0036248845396041952 -0.0034677680504802432 -0.00073258373675258372 0.008267660332706676
leaf_weight=164972 445 20750 663 59 1630 1114 156 2057 541 1472 404 7654 167 349
leaf_count=164972 445 20750 663 59 1630 1114 156 2057 541 1472 404 7654 167 349
internal_value=-0.000153452 -0.00123438 -2.69808e-05 0.00254405 -0.000821072 0.00547349 0.00977684 -7.95504e-05 -3.84191e-05 -5.99345e-05 -9.40919e-05 -0.00174394 0.00424731 0.00944867
internal_weight=202433 21195 181238 3622 1689 1933 819 177616 175559 175018 173546 8574 920 516
internal_count=202433 21195 181238 3622 1689 1933 819 177616 175559 175018 173546 8574 920 516
is_linear=0
shrinkage=0.05


Tree=179
num_leaves=15
num_cat=0
split_feature=42 28 38 37 33 19 29 53 16 13 56 3 38 13
split_gain=13.4965 19.5908 16.7148 21.4065 25.9877 12.4305 12.2477 12.608 22.5238 22.0053 17.8369 12.819 12.0538 13.1632
threshold=10.050000190734865 59.500000000000007 13.84999990463257 63.500000000000007 7.2500000000000009 282.65000915527349 7.0499999523162851 0.97062206268310558 35.549999237060554 140.28839111328128 176.25000000000003 192.09999847412112 10.750000000000002 59.588689804077156
decision_type=2 2 2 2 2 2 2 2 2 2 2 2 2 2
left_child=5 2 -2 4 -4 6 7 12 9 -9 -10 -12 -1 -14
right_child=1 -3 3 -5 -6 -7 -8 8 10 -11 11 -13 13 -15
leaf_value=-0.0020613992381597387 -0.002684857948865567 -0.0038702014622434104 0.0062568325185292893 -0.0013710610391534624 0.023585483538858403 -0.0032775656327619705 0.00085139328251904005 0.0013871039331914718 -0.00076865111038561772 0.010538883887605295 0.0036147315319934926 -0.00021830712550239683 -0.00080105947084788695 0.0009758808403897498
leaf_weight=21843 8655 17000 4263 3570 148 5157 65431 420 6608 278 2151 1309 39634 25790
leaf_count=21843 8655 17000 4263 3570 148 5157 65431 420 6608 278 2151 1309 39634 25790
internal_value=-9.70759e-05 -0.00101141 0.000208457 0.00185771 0.00418344 8.53627e-05 0.000161676 -0.000191907 0.00142168 0.0100424 0.000814645 0.00371758 -0.000391112 -5.15035e-05
internal_weight=202257 33636 16636 7981 4411 168621 163464 98033 10766 698 10068 3460 87267 65424
internal_count=202257 33636 16636 7981 4411 168621 163464 98033 10766 698 10068 3460 87267 65424
is_linear=0
shrinkage=0.05


Tree=180
num_leaves=15
num_cat=0
split_feature=0 37 46 8 37 57 49 11 28 57 53 12 38 41
split_gain=14.2828 20.1414 13.5856 13.2897 11.4767 16.2003 20.7885 18.0394 15.6278 11.7737 17.4587 13.4445 11.6622 11.3556
threshold=80.450000762939467 47.500000000000007 1.6500000357627871 17.650000572204593 86.500000000000014 34.083332061767585 -12.499999999999998 42.170833587646491 29.500000000000004 44.849998474121101 -0.99983122944831837 58.215278625488288 27.250000000000004 34.500000000000007
decision_type=2 2 2 2 2 2 10 2 2 2 2 2 2 2
left_child=4 -2 3 -3 5 8 7 -7 -1 -8 11 -11 -12 -5
right_child=1 2 -4 13 -6 6 9 -9 -10 10 12 -13 -14 -15
leaf_value=0.0026023210534575989 -0.006275630670166019 0.0048469859668844231 -0.004415360745198953 -0.00083016854637792689 -0.0013941279254773631 0.0019646391974382587 0.00045188924885610567 -0.00055313938292648687 -0.0021473300665566411 -0.0014172281786508829 0.0023247399370200294 0.018005755333837036 0.0069018357351258094 0.00098561881972427995
leaf_weight=7103 7187 382 9564 26459 22833 16113 12604 39952 22570 67 23397 123 161 14051
leaf_count=7103 7187 382 9564 26459 22833 16113 12604 39952 22570 67 23397 123 161 14051
internal_value=-8.82644e-05 -0.000753908 -0.000400865 -3.91298e-06 0.000176529 0.000368959 0.000695304 9.13943e-05 -0.000647341 0.00162642 0.00228176 0.017 0.00215589 -9.25481e-05
internal_weight=202566 57643 50456 40892 144923 122090 92417 56065 29673 36352 23748 190 23558 40510
internal_count=202566 57643 50456 40892 144923 122090 92417 56065 29673 36352 23748 190 23558 40510
is_linear=0
shrinkage=0.05


Tree=181
num_leaves=15
num_cat=0
split_feature=0 36 11 42 17 38 55 13 38 53 43 11 43 40
split_gain=14.1064 14.1571 11.5523 9.71471 9.58734 9.47167 16.6657 15.4673 27.2743 25.7375 13.1925 13.699 12.5172 12.1557
threshold=136.19999694824222 11.250000000000002 155.74375152587893 2.0499999523162846 96.550003051757827 8.1500000953674334 2.5000000000000004 98.45178604125978 15.949999809265138 0.47369650006294256 827.50000000000011 85.045833587646499 92.500000000000014 986.35000610351574
decision_type=2 2 2 2 2 2 2 2 2 2 10 2 10 2
left_child=2 3 4 -2 5 6 10 -7 9 12 11 13 -9 -1
right_child=1 -3 -4 -5 -6 7 -8 8 -10 -11 -12 -13 -14 -15
leaf_value=-0.00088627875239919655 0.0029072265558218874 -0.0033576769940025309 0.0025267320613389611 -0.00035364442730477616 0.0091613991818449529 -3.3095241126329109e-05 -0.0035923720828988054 0.0100223935471181 0.0056394714403467643 0.00074265748128021986 -0.0093719147874710054 -0.0024692021631417746 0.0032045581221003894 0.0045837622888899501
leaf_weight=2116 1198 13296 2416 7097 75 143242 13120 182 1017 10044 2044 2194 194 4163
leaf_count=2116 1198 13296 2416 7097 75 143242 13120 182 1017 10044 2044 2194 194 4163
internal_value=-0.000121241 -0.00132887 2.30331e-05 0.000291992 -2.35717e-05 -3.15726e-05 -0.000963548 0.000110899 0.00187953 0.00111218 0.00051914 0.00138925 0.0137824 0.00257672
internal_weight=202398 21591 180807 8295 178391 178316 23637 154679 11437 10420 10517 8473 376 6279
internal_count=202398 21591 180807 8295 178391 178316 23637 154679 11437 10420 10517 8473 376 6279
is_linear=0
shrinkage=0.05


Tree=182
num_leaves=15
num_cat=0
split_feature=0 57 43 0 53 4 54 43 57 23 38 15 33 12
split_gain=10.5343 15.1048 16.3676 14.4773 12.7847 12.4616 12.2448 20.9853 16.7208 11.8959 11.7813 15.3632 21.3475 24.5142
threshold=214.90000152587893 174.48332977294925 22.500000000000004 97.450000762939467 0.98332250118255626 69.299999237060561 1.5000000000000002 57.500000000000007 83.283336639404311 0.66500002145767223 8.3499999046325701 124.10000228881837 9.0500001907348651 73.659027099609389
decision_type=2 2 10 2 2 2 2 8 2 2 2 2 2 2
left_child=1 3 5 6 -4 -3 7 -1 9 -9 -8 -12 -13 -14
right_child=-2 2 4 -5 -6 -7 10 8 -10 -11 11 12 13 -15
leaf_value=-0.001769829119950284 -0.0032341202409354622 0.0082481122668909019 -0.0030120185826163349 -0.0013894026267847435 0.003679214048112737 0.0023898946446195986 -0.0022831789384213661 0.0052756904565101799 0.0023591659630327372 0.011245465183696129 -9.5056722519195941e-05 0.0017198951928154554 0.023398877845067761 0.0028910421238337626
leaf_weight=1509 4329 67 2412 31883 1829 2215 18273 858 1464 218 123945 13142 105 238
leaf_count=1509 4329 67 2412 31883 1829 2215 18273 858 1464 218 123945 13142 105 238
internal_value=-0.000154497 -0.000101128 0.00226312 -0.000181717 0.000422252 0.00566754 1.24548e-05 0.00272358 0.00549019 0.0101934 -5.82173e-05 0.000100406 0.00170248 0.0138385
internal_weight=202487 198158 6523 191635 4241 2282 159752 4049 2540 1076 155703 137430 13485 343
internal_count=202487 198158 6523 191635 4241 2282 159752 4049 2540 1076 155703 137430 13485 343
is_linear=0
shrinkage=0.05


Tree=183
num_leaves=15
num_cat=0
split_feature=42 26 40 54 44 53 24 52 16 8 24 16 52 52
split_gain=10.7165 15.0539 18.9885 21.7116 18.3583 20.5576 16.4229 22.7265 26.9664 17.1561 18.2828 16.3104 27.5841 22.8025
threshold=10.650000095367433 0.72958466410636913 985.75000000000011 11.500000000000002 2.1763788461685185 0.99445194005966198 9.5000000000000018 -0.77245554327964772 20.44999980926514 46.500000000000007 6.5000000000000009 51.649999618530281 -0.61237984895706166 0.81925055384635936
decision_type=2 2 2 2 2 2 2 2 2 2 2 2 2 2
left_child=1 2 -1 6 -3 -6 7 8 -4 -10 -11 12 -9 -14
right_child=-2 4 3 -5 5 -7 -8 11 9 10 -12 -13 13 -15
leaf_value=-0.0001550894454277547 -0.001812478877899634 -1.5690837398961971e-05 0.017845668595486627 -0.0015328151383044795 -0.0042899407561627391 0.0035270337739884135 0.00039761375309309028 -0.0038881694219481734 -0.0011261425830028037 0.0076786802127785372 0.0012194945710689497 0.00029566873378869627 0.006141133540355833 0.0019674901673537469
leaf_weight=76471 27689 37064 93 7645 16672 1260 13898 1633 862 1735 1007 9078 3909 3472
leaf_count=76471 27689 37064 93 7645 16672 1260 13898 1633 862 1735 1007 9078 3909 3472
internal_value=-0.000109583 3.52087e-05 0.000349585 0.00118568 -0.000649567 -0.00196244 0.00170364 0.00255998 0.0061276 0.00539015 0.00731831 0.00182797 0.00333333 0.00463334
internal_weight=202488 174799 119803 43332 54996 17932 35687 21789 3697 3604 2742 18092 9014 7381
internal_count=202488 174799 119803 43332 54996 17932 35687 21789 3697 3604 2742 18092 9014 7381
is_linear=0
shrinkage=0.05


Tree=184
num_leaves=15
num_cat=0
split_feature=17 10 47 44 26 53 57 37 12 28 43 53 23 4
split_gain=12.0064 15.3622 15.5072 11.4061 12.0781 11.9975 11.1501 14.2139 19.2237 11.0289 10.3388 10.131 12.6235 9.9372
threshold=-29.349999427795407 56.591665267944343 8.8171920776367205 0.37468813359737402 0.69980087876319896 0.67007490992546093 34.383333206176765 86.500000000000014 29.117361068725589 33.500000000000007 72.500000000000014 -0.99983122944831837 1.2549999952316286 97.200000762939467
decision_type=2 2 2 2 2 2 2 2 2 2 10 2 2 2
left_child=-1 6 3 5 -5 -3 9 -8 10 -2 -9 12 -4 -7
right_child=1 2 11 4 -6 13 7 8 -10 -11 -12 -13 -14 -15
leaf_value=0.00096180649643446195 0.0016788108733781983 -0.00079502723181857846 0.015224637441520493 -0.00042951055392293305 -0.0035675258545965526 0.0021572661774975441 0.00097632352326143578 0.00015577338389542768 -0.0021821046032154323 -0.0019428842940414218 0.020323123166767234 -0.0057521434516670947 -0.016736374013658999 8.6119271693154337e-05
leaf_weight=26944 7762 24560 54 17144 13331 5299 56534 65 12437 20885 90 9532 60 7584
leaf_count=26944 7762 24560 54 17144 13331 5299 56534 65 12437 20885 90 9532 60 7584
internal_value=-0.000139182 -0.000290197 -0.00081561 -0.000548965 -0.00126702 3.56435e-05 0.000126657 0.000470376 -0.00104825 -0.000702622 0.0159091 -0.00269056 0.0115323 0.00127084
internal_weight=202281 175337 77564 67918 30475 37443 97773 69126 12592 28647 155 9646 114 12883
internal_count=202281 175337 77564 67918 30475 37443 97773 69126 12592 28647 155 9646 114 12883
is_linear=0
shrinkage=0.05


Tree=185
num_leaves=15
num_cat=0
split_feature=51 12 38 46 53 43 53 53 54 14 38 12 26 55
split_gain=12.6895 13.4434 19.8481 13.2623 25.4892 17.9777 21.0401 15.0785 13.2494 22.481 21.687 13.3169 13.2592 13.6656
threshold=0.12940952181816107 37.24861145019532 26.250000000000004 0.25000000745058065 -0.99465739727020253 57.500000000000007 0.9993295967578889 -0.73865258693695057 2.5000000000000004 25.767328262329105 10.84999990463257 110.8895835876465 0.26936472952365881 4.5000000000000009
decision_type=2 2 2 2 2 10 2 2 2 2 2 2 2 2
left_child=3 2 -2 4 -1 -6 8 -5 9 11 -10 -7 13 -12
right_child=1 -3 -4 7 5 6 -8 -9 10 -11 12 -13 -14 -15
leaf_value=0.007115565610565127 0.0017957437956832819 -5.943864997000033e-07 0.007853995319472595 -2.3011120409655337e-05 -0.0019159838021060563 0.006671164038925508 0.0053649086540117803 -0.0028447134154285922 -0.0034583356018936043 0.00045418034274775584 0.0041745298688365155 -0.0031202022502340504 0.00083891372554585316 0.015386448178608993
leaf_weight=175 14703 77486 441 19058 17919 2079 490 31788 10119 4658 240 376 22586 113
leaf_count=175 14703 77486 441 19058 17919 2079 490 31788 10119 4658 240 376 22586 113
internal_value=-0.000164186 0.000266622 0.00162861 -0.000528278 -1.65927e-05 -7.50993e-05 0.000506379 -0.00111944 0.000379407 0.00233539 -4.20358e-05 0.00619675 0.000808531 0.0102893
internal_weight=202231 92630 15144 109601 58755 58580 40661 50846 40171 7113 33058 2455 22939 353
internal_count=202231 92630 15144 109601 58755 58580 40661 50846 40171 7113 33058 2455 22939 353
is_linear=0
shrinkage=0.05


Tree=186
num_leaves=15
num_cat=0
split_feature=0 57 40 0 37 13 38 12 47 23 40 47 26 15
split_gain=10.4915 13.1308 16.0524 13.4087 15.6219 11.2527 10.9287 21.141 14.0987 13.165 11.3916 10.6552 10.4707 11.3267
threshold=214.90000152587893 174.48332977294925 991.14999389648449 80.450000762939467 47.500000000000007 71.771133422851577 14.949999809265138 136.07777404785159 5.5567648410797128 0.31499999761581426 995.35000610351574 2.9929075241088872 0.28404404222965246 102.29999923706056
decision_type=2 2 2 2 2 2 2 2 2 2 2 2 2 2
left_child=1 3 -3 12 -5 -6 9 -8 -9 -7 -11 -2 -1 -14
right_child=11 2 -4 4 5 6 7 8 -10 10 -12 -13 13 -15
leaf_value=0.0043481793615210741 0.0034499753471158032 -0.00050766275183328745 0.0030711672413368022 -0.0058214920656180346 -0.0027512751322116315 0.0014814329499624377 0.0008547583411786351 0.0092430821030235755 0.0018683355813954861 -0.0016499790362727214 0.0034709098407831036 -0.0041892185547341186 -0.00022291420706892266 0.0012822819980297599
leaf_weight=2800 442 3000 3549 6902 11276 4372 5069 391 439 17531 1110 3915 117513 23914
leaf_count=2800 442 3000 3549 6902 11276 4372 5069 391 439 17531 1110 3915 117513 23914
internal_value=-0.000125673 -7.21676e-05 0.00212761 -0.000147576 -0.000880044 -0.000502265 2.03985e-05 0.00193857 0.00928571 -0.000471921 -0.00105115 -0.00254981 9.16189e-05 3.15676e-05
internal_weight=202223 197866 6549 191317 47090 40188 28912 5899 830 23013 18641 4357 144227 141427
internal_count=202223 197866 6549 191317 47090 40188 28912 5899 830 23013 18641 4357 144227 141427
is_linear=0
shrinkage=0.05


Tree=187
num_leaves=15
num_cat=0
split_feature=17 4 49 37 4 54 16 52 12 38 8 52 43 53
split_gain=11.5301 15.3758 12.096 11.2629 11.2559 17.0445 10.288 18.1807 23.9113 10.2319 9.74924 11.3096 12.8258 9.5439
threshold=-6.4500000476837149 25.750000000000004 -8.7499999999999982 37.500000000000007 84.200000762939467 1.5000000000000002 22.550000190734867 0.89017060399055492 24.243055343627933 11.34999990463257 102.54999923706056 0.45273815095424658 62.500000000000007 -0.96234029531478871
decision_type=2 2 8 2 2 2 2 2 2 2 2 2 10 2
left_child=1 -1 -3 6 5 10 7 8 -2 -10 11 12 -5 -11
right_child=3 2 -4 4 -6 -7 -8 -9 9 13 -12 -13 -14 -15
leaf_value=0.0081620443344315226 0.012648285704419827 -0.00042226939999370056 0.0010837307601741408 0.0030183621943414094 -0.0013758549779712983 -0.0001140563958310528 -0.0063359426448618555 -0.0066644448650620804 -0.0024371740239797412 -0.012393293776891103 0.0015858971004666324 0.00082535404423180955 0.0082325024044690911 0.0059161658742236719
leaf_weight=1330 185 41675 36589 230 20309 81346 8175 4420 2595 391 1694 363 249 2506
leaf_count=1330 185 41675 36589 230 20309 81346 8175 4420 2595 391 1694 363 249 2506
internal_value=-0.000107565 0.00036091 0.000269948 -0.000412051 -0.00021118 4.45799e-05 -0.00155672 -0.000488277 0.00138298 0.000770628 0.00407305 0.00843897 0.0134049 0.00280874
internal_weight=202057 79594 78264 122463 104191 83882 18272 10097 5677 5492 2536 842 479 2897
internal_count=202057 79594 78264 122463 104191 83882 18272 10097 5677 5492 2536 842 479 2897
is_linear=0
shrinkage=0.05


Tree=188
num_leaves=15
num_cat=0
split_feature=51 50 50 43 53 23 16 16 38 52 44 24 43 36
split_gain=12.0065 26.7628 21.0896 19.8268 18.6606 16.311 19.2986 15.7633 15.0875 17.2865 14.6185 14.9548 17.2176 14.3808
threshold=0.12940952181816107 0.12940952181816109 0.12940952181816109 612.50000000000011 0.97062206268310558 0.49500000476837164 14.84999990463257 15.750000000000002 10.650000095367433 -0.97876849770545948 -3.1998717784881587 12.500000000000002 32.500000000000007 33.750000000000007
decision_type=2 2 2 8 2 2 2 2 2 2 2 2 10 2
left_child=2 3 8 -2 5 6 -5 -8 -1 -10 13 12 -12 -4
right_child=1 -3 10 4 -6 -7 7 -9 9 -11 11 -13 -14 -15
leaf_value=-0.0042511090605689547 0.00074925627978998047 -0.00089213430761420933 -0.0016189545898675731 -0.0074244238939473435 0.0040985811793645636 -0.00046908342894541203 0.01368877214005829 0.0053594904680277604 -0.0047850586227285198 -0.00028236972473897758 -0.0011928962609419887 -0.00050968963096133756 0.0033884997531990961 0.0063718714976225667
leaf_weight=18512 44305 42514 19010 624 469 2210 200 2949 4068 36323 4503 12264 13379 1279
leaf_count=18512 44305 42514 19010 624 469 2210 200 2949 4068 36323 4503 12264 13379 1279
internal_value=-0.000120893 0.000295825 -0.00047637 0.00107087 0.00365831 0.00289254 0.00488633 0.00647515 -0.00111885 -0.000576843 0.00027406 0.000972276 0.00189414 -0.000763339
internal_weight=202609 93271 109338 50757 6452 5983 3773 3149 58903 40391 50435 30146 17882 20289
internal_count=202609 93271 109338 50757 6452 5983 3773 3149 58903 40391 50435 30146 17882 20289
is_linear=0
shrinkage=0.05


Tree=189
num_leaves=15
num_cat=0
split_feature=37 38 55 13 55 52 52 52 44 46 46 9 19 52
split_gain=9.90967 13.1827 16.0834 19.6665 24.3985 22.6554 17.6968 17.1658 15.4251 11.5322 10.764 10.7846 10.6185 15.7929
threshold=39.500000000000007 10.750000000000002 2.5000000000000004 35.849405288696296 5.5000000000000009 0.87811094522476207 0.40614137053489691 0.55656746029853832 -4.9992804527282706 0.15000000223517421 11.949999809265138 9.0500001907348651 158.55000305175784 -0.18492533266544339
decision_type=2 2 2 2 2 2 2 2 2 2 2 2 2 2
left_child=1 -1 10 4 5 6 -4 -8 -9 -10 11 -3 13 -2
right_child=12 2 3 -5 -6 -7 7 8 9 -11 -12 -13 -14 -15
leaf_value=-0.0038888270703301264 -0.00031909971638037455 0.0090752255597011788 -0.00056645477883013838 -1.1632331119827537e-05 -0.0045413431768314234 0.00043297488604668218 0.020411308532922744 0.0042414632346378638 0.013172185857546143 -0.017570652683725485 0.0077818844591854425 -0.0037892140306325338 -0.0008763974775905563 0.0010479534127223703
leaf_weight=16935 76007 66 215 6506 688 645 134 379 497 58 77 6251 31923 62141
leaf_count=16935 76007 66 215 6506 688 645 134 379 497 58 77 6251 31923 62141
internal_value=-0.000122253 -0.000922801 0.000130103 0.00147722 0.00512947 0.00800309 0.0118213 0.0144341 0.0117903 0.0170354 -0.00179107 -0.00202861 3.05431e-05 0.000220471
internal_weight=202522 32451 15516 9122 2616 1928 1283 1068 934 555 6394 6317 170071 138148
internal_count=202522 32451 15516 9122 2616 1928 1283 1068 934 555 6394 6317 170071 138148
is_linear=0
shrinkage=0.05


Tree=190
num_leaves=15
num_cat=0
split_feature=15 46 37 53 55 55 13 52 53 15 19 53 52 50
split_gain=11.8661 15.542 14.7296 13.5398 28.3723 27.0478 35.3865 39.421 20.1618 21.4444 18.7244 17.9593 18.2733 20.3151
threshold=68.799999237060561 29.050000190734867 49.500000000000007 -0.54940786957740773 2.5000000000000004 5.5000000000000009 31.841368675231937 0.3903625756502152 -0.60555642843246449 65.549999237060561 71.599998474121108 -0.93543598055839527 0.34235194325447088 0.12940952181816109
decision_type=2 2 2 2 2 2 2 2 2 2 2 2 2 2
left_child=3 2 -2 4 -1 6 7 -6 9 11 -11 12 -8 -14
right_child=1 -3 -4 -5 5 -7 8 -9 -10 10 -12 -13 13 -15
leaf_value=-0.0010210675981138565 -0.0022120972098545358 -0.0062976340662298392 -2.0060816404169529e-05 -0.00032439604759778142 0.0011460231875270218 -0.0015027752534828086 0.0046580398330832405 0.017512511966465253 0.012665101808419824 0.012378752402098332 0.0045725486255435077 -0.00030602395071389335 0.03176043622282846 -0.0011996825296874498
leaf_weight=11545 27464 5086 101696 37308 597 4541 4011 817 959 500 939 6675 74 60
leaf_count=11545 27464 5086 101696 37308 597 4541 4011 817 959 500 939 6675 74 60
internal_value=-0.000125371 -0.000397972 -0.00029109 0.000412575 0.00118979 0.0023685 0.00341415 0.0109059 0.00260508 0.00205436 0.00776742 0.00128809 0.00386883 0.0213889
internal_weight=202272 134246 129160 68026 30718 19173 14632 1414 13218 12259 1439 10820 4145 134
internal_count=202272 134246 129160 68026 30718 19173 14632 1414 13218 12259 1439 10820 4145 134
is_linear=0
shrinkage=0.05


Tree=191
num_leaves=15
num_cat=0
split_feature=0 45 49 28 49 44 53 53 29 33 55 32 9 13
split_gain=11.6641 11.0535 11.4881 21.2133 22.6821 18.112 27.3592 20.9321 18.1387 15.6865 11.2496 10.8098 10.6597 13.2086
threshold=25.44999980926514 -0.72541993856430043 -27.499999999999996 58.500000000000007 127.50000000000001 -4.4662489891052237 0.39629089832305914 -0.21862536668777463 6.7500000000000009 2.8500000238418584 5.5000000000000009 6.3113315105438241 152.05000305175784 180.538688659668
decision_type=2 2 10 2 10 2 2 2 2 2 2 2 2 2
left_child=11 -2 -3 5 12 7 -7 8 9 10 -4 -1 -5 -14
right_child=1 2 3 4 -6 6 -8 -9 -10 -11 -12 -13 13 -15
leaf_value=0.001109796194807854 -0.00082424703331775986 -0.00052349741916554314 0.011972862175495052 0.001200821904010636 -0.0010573884773535044 -0.00095315122970691013 0.0053302560365444457 -0.0011128885337039472 0.0060239815664746531 0.019026651980232862 -0.0031636629692732517 0.005336769959113908 0.003894453591993629 -0.0050724509462138096
leaf_weight=17588 90779 43341 1218 15403 22183 4834 1254 935 1172 132 176 1530 1875 309
leaf_count=17588 90779 43341 1218 15403 22183 4834 1254 935 1172 132 176 1530 1875 309
internal_value=-9.49262e-05 -0.000217324 0.000166303 0.000686753 0.00017471 0.00277926 0.00110856 0.00556821 0.00779542 0.0113737 0.00967236 0.00108009 0.00151531 0.00477666
internal_weight=202729 183611 92832 49491 39770 9721 6088 3633 2698 1526 1394 19118 17587 2184
internal_count=202729 183611 92832 49491 39770 9721 6088 3633 2698 1526 1394 19118 17587 2184
is_linear=0
shrinkage=0.05


Tree=192
num_leaves=15
num_cat=0
split_feature=38 28 22 25 17 4 54 49 49 27 20 51 37 33
split_gain=9.97444 10.9225 11.6577 11.2504 10.0163 12.3328 16.4923 13.7545 9.4492 12.8294 10.1368 9.27798 14.8481 26.2567
threshold=2.7500000000000004 17.500000000000004 1189.5000000000002 8.3499999046325701 -29.349999427795407 82.099998474121108 1.5000000000000002 -39.973106384277337 -27.499999999999996 5.6499998569488534 23.150000572204593 0.12940952181816107 84.500000000000014 2.4500000476837163
decision_type=2 2 2 2 2 2 2 8 10 2 2 2 2 2
left_child=-1 2 3 -2 8 6 7 -6 -3 -10 -11 -8 13 -13
right_child=1 4 -4 -5 5 -7 11 -9 9 10 -12 12 -14 -15
leaf_value=-0.0056929754043540826 0.0065925487499181425 0.00010487008850247425 0.014212877842012554 -0.00037480536248692082 -0.00066930261408189404 -0.0012286237925274376 -0.00073929857711669872 0.0047025180912269905 0.0068324617315475402 0.0043440563728901786 0.00052021527602258248 0.00037917380538511565 -0.0013204001750137086 0.0045497957713859826
leaf_weight=3694 1613 16837 183 2462 949 34795 71109 1745 211 3344 5269 36140 18036 6197
leaf_count=3694 1613 16837 183 2462 949 34795 71109 1745 211 3344 5269 36140 18036 6197
internal_value=-0.000134359 -8.64768e-05 0.00241565 0.0018421 -0.000141338 -0.000281127 -6.35697e-05 0.00380177 0.000778893 0.00210324 0.00179578 -0.000143052 0.000312752 0.000824496
internal_weight=202584 198890 4258 4075 194632 168971 134176 2694 25661 8824 8613 131482 60373 42337
internal_count=202584 198890 4258 4075 194632 168971 134176 2694 25661 8824 8613 131482 60373 42337
is_linear=0
shrinkage=0.05


Tree=193
num_leaves=15
num_cat=0
split_feature=0 52 55 46 40 52 18 41 38 13 40 52 44 44
split_gain=10.2786 10.427 15.3289 10.8414 19.7174 27.1749 17.049 16.0671 20.5723 24.7621 17.8034 19.7814 17.1979 26.1909
threshold=238.84999847412112 0.9937499761581422 2.5000000000000004 3.1499999761581425 972.95001220703136 -0.54939359426498402 -38.54999923706054 5.5000000000000009 21.650000572204593 40.615177154541023 981.04998779296886 -0.97876849770545948 -4.5841870307922354 -0.39887663722038263
decision_type=2 2 2 2 2 2 2 2 2 2 2 2 2 2
left_child=1 3 -3 -1 5 -5 -7 8 -6 -10 -11 -12 -13 -14
right_child=-2 2 -4 4 7 6 -8 -9 9 10 11 12 13 -15
leaf_value=0.00021671157541289094 -0.0043095612132366705 0.00087117475832044599 -0.010074965162546273 0.0080887538068214731 -0.0021442848295575522 0.0074699560213203941 0.00034953538001151422 -0.0023566303295663306 -0.0078028864409370735 0.003608747118892103 -0.00017950561977506509 -0.0027783739177626881 0.012704574225711538 0.0027163978823766064
leaf_weight=141267 2389 2967 4083 464 8095 376 4960 31121 1334 4415 300 106 306 207
leaf_count=141267 2389 2967 4083 464 8095 376 4960 31121 1334 4415 300 106 306 207
internal_value=-0.0001418 -0.000102771 -0.00199009 -3.37127e-05 -0.000653268 0.00209122 0.00106996 -0.00100057 0.000357746 0.0024124 0.00393525 0.0102314 0.0152703 0.0189962
internal_weight=202390 200001 7050 192951 51684 5800 5336 45884 14763 6668 5334 919 619 513
internal_count=202390 200001 7050 192951 51684 5800 5336 45884 14763 6668 5334 919 619 513
is_linear=0
shrinkage=0.05


Tree=194
num_leaves=15
num_cat=0
split_feature=42 28 37 13 33 41 52 53 41 46 24 52 52 33
split_gain=11.7698 19.3755 14.7484 13.2911 16.2649 24.754 19.8043 23.4398 18.3225 19.576 17.2278 16.7921 13.7909 19.621
threshold=6.6499998569488534 59.500000000000007 68.500000000000014 46.071130752563484 0.65000000596046459 23.500000000000004 -0.16799356788396833 -0.056951010599732392 1.0000000180025095e-35 3.0499999523162846 3.5000000000000004 0.98667103052139293 -0.42957681417465204 10.250000000000002
decision_type=2 2 2 2 2 2 2 2 2 2 2 2 2 2
left_child=2 -2 -1 -4 -5 6 7 8 9 -6 -11 -7 -10 -14
right_child=1 -3 3 4 5 11 -8 -9 12 10 -12 -13 13 -15
leaf_value=-0.00044285298417779604 0.00045215135280444714 -0.0015519568016035029 -0.0012762105485706881 0.00059966597704810051 0.0047111521272937829 -0.00066117493513084531 0.0003307407364418186 -0.0001672888232382364 0.0052107004219910484 0.0043840791633843086 0.014052486529101177 0.011679559000090024 0.0032690250320934686 0.018819147318763448
leaf_weight=50946 40370 52668 9927 37436 463 4512 1737 1035 2083 169 468 182 240 211
leaf_count=50946 40370 52668 9927 37436 463 4512 1737 1035 2083 169 468 182 240 211
internal_value=-0.000106122 -0.000519518 0.000245432 0.000787285 0.00112821 0.00280828 0.00482699 0.00651955 0.0084056 0.0137838 0.0194204 4.88934e-05 0.00602594 0.013872
internal_weight=202447 93038 109409 58463 48536 11100 6406 4669 3634 1100 637 4694 2534 451
internal_count=202447 93038 109409 58463 48536 11100 6406 4669 3634 1100 637 4694 2534 451
is_linear=0
shrinkage=0.05


Tree=195
num_leaves=15
num_cat=0
split_feature=42 21 37 38 37 0 49 36 13 12 15 38 33 12
split_gain=10.6047 12.7582 11.9302 15.3809 11.0682 13.5771 13.3339 12.1689 11.1964 17.9143 15.2775 13.7395 13.226 12.0137
threshold=7.9500000476837167 32.500000000000007 78.500000000000014 15.050000190734865 68.500000000000014 109.29999923706056 -8.7499999999999982 20.150000572204593 46.071130752563484 58.843750000000007 131.09999847412112 26.650000572204593 22.349999427795414 37.24861145019532
decision_type=2 2 2 2 2 2 8 2 2 2 2 2 2 2
left_child=4 -2 3 -3 5 6 -1 -8 13 10 12 -12 -10 -6
right_child=1 2 -4 -5 8 -7 7 -9 9 -11 11 -13 -14 -15
leaf_value=-0.0015150583828723496 -0.0031057624123158717 -0.0010684285111343872 -0.0021584089858303116 0.0019618124930548663 0.0011976818264623676 -0.003487780255494398 0.0032714745768812068 0.00024082944182876473 0.0018437509011535191 0.00029860293550463532 0.0063611675904786183 0.011870117073995119 0.0065912340981448816 -0.0032685393004412751
leaf_weight=20920 14765 20562 14219 15955 5730 7898 3974 31959 15892 41963 374 106 981 6685
leaf_count=20920 14765 20562 14219 15955 5730 7898 3974 31959 15892 41963 374 106 981 6685
internal_value=-0.000104535 -0.000627453 -0.000250858 0.000227639 0.000146454 -0.000327436 -5.74199e-05 0.000526805 0.000574217 0.000859993 0.00221073 0.0109184 0.0019567 -0.000790746
internal_weight=201983 65501 50736 36517 136482 64751 56853 35933 71731 59316 17353 480 16873 12415
internal_count=201983 65501 50736 36517 136482 64751 56853 35933 71731 59316 17353 480 16873 12415
is_linear=0
shrinkage=0.05


Tree=196
num_leaves=15
num_cat=0
split_feature=0 47 26 44 13 36 47 46 54 16 33 16 23 44
split_gain=10.294 11.565 13.6367 17.148 11.8601 29.6446 16.3391 19.6309 17.0739 24.696 18.6294 17.5234 11.8963 16.5064
threshold=33.699998855590827 9.0267133712768572 0.78396508097648632 4.7123055458068857 91.214584350585952 25.94999980926514 8.4914770126342791 1.6500000357627871 11.500000000000002 78.349998474121108 1.0000000180025095e-35 35.45000076293946 1.2150000333786013 2.8882712125778203
decision_type=2 2 2 2 2 2 2 2 2 2 2 2 2 2
left_child=-1 2 4 -4 -2 6 7 8 9 10 11 -6 13 -7
right_child=1 -3 3 -5 5 12 -8 -9 -10 -11 -12 -13 -14 -15
leaf_value=0.0008920988966980444 -7.2359151025579361e-05 -0.0021212693355871781 -0.00050925202033904346 -0.0072942999906586556 -0.0056557940724401264 -0.0021719745092492406 0.0055947096825640016 -0.0084325418612008624 -0.0016323563152773361 0.00017671608818626655 -0.00092515883009374345 0.0062665555240580184 0.0087582748471166181 0.0093706701068858138
leaf_weight=39878 75278 23325 38801 6320 385 275 622 1835 4584 6108 1007 3095 221 264
leaf_count=39878 75278 23325 38801 6320 385 275 622 1835 4584 6108 1007 3095 221 264
internal_value=-0.000107621 -0.000284649 -0.000111489 -0.000825487 0.000232482 0.0013702 0.000950356 0.000656719 0.00124794 0.00235031 0.00516233 0.00689112 0.010974 0.00674863
internal_weight=201998 162120 138795 45121 93674 18396 17636 17014 15179 10595 4487 3480 760 539
internal_count=201998 162120 138795 45121 93674 18396 17636 17014 15179 10595 4487 3480 760 539
is_linear=0
shrinkage=0.05


Tree=197
num_leaves=15
num_cat=0
split_feature=17 49 20 47 47 11 56 12 47 23 26 23 43 51
split_gain=11.5307 11.6574 13.4973 13.8807 12.6719 12.6636 11.6067 14.5436 14.2736 16.9792 13.3166 10.1691 10.0631 12.1743
threshold=-4.2499999999999991 -8.7499999999999982 23.650000572204593 7.598057985305787 3.51880955696106 41.185415267944343 47.750000000000007 62.270137786865241 6.6672003269195566 0.62500000000000011 0.54655772447586071 0.31499999761581426 157.50000000000003 -0.37940952181816096
decision_type=2 8 2 2 2 2 2 2 2 2 2 2 8 2
left_child=1 5 3 6 11 -1 -3 8 -8 -10 -11 -4 13 -2
right_child=12 2 4 -5 -6 -7 7 -9 9 10 -12 -13 -14 -15
leaf_value=0.002264132253756968 0.002995147598499752 0.001920968795845612 0.0059721177193563244 0.00077363986025797001 -0.00037433503270854177 -0.00072446973517342826 0.0048884001394414994 0.0029899043728406861 0.0029079179842909954 0.016287903789207511 0.010904001767653288 0.0017360683872477687 -0.0011507489917927875 -0.00021278366448808015
leaf_weight=8772 4346 5370 292 10789 19207 37597 1100 2749 239 147 300 1347 63237 46306
leaf_count=8772 4346 5370 292 10789 19207 37597 1100 2749 239 147 300 1347 63237 46306
internal_value=-9.85602e-05 0.000331611 0.00093983 0.00184409 4.17134e-05 -0.000213352 0.00319465 0.005055 0.00855791 0.014181 0.0198359 0.00424803 -0.000430602 9.4547e-05
internal_weight=201798 87909 41540 20694 20846 46369 9905 4535 1786 686 447 1639 113889 50652
internal_count=201798 87909 41540 20694 20846 46369 9905 4535 1786 686 447 1639 113889 50652
is_linear=0
shrinkage=0.05


Tree=198
num_leaves=15
num_cat=0
split_feature=7 57 49 20 46 53 23 25 44 57 10 38 54 53
split_gain=9.6276 11.74 12.7985 20.1881 15.2352 14.087 13.9295 11.7766 11.691 13.688 12.2019 12.6096 34.7793 15.5271
threshold=31.44999980926514 34.916667938232429 -27.499999999999996 23.650000572204593 1.0000000180025095e-35 -0.99983122944831837 0.19500000029802325 17.550000190734867 1.4525747299194338 112.91666793823244 63.991666793823249 16.94999980926514 5.5000000000000009 -0.72102889418601979
decision_type=2 2 10 2 2 2 2 2 2 2 2 2 2 2
left_child=-1 -2 -3 -4 6 -6 -5 -7 9 10 11 -8 13 -13
right_child=1 2 3 4 5 7 8 -9 -10 -11 -12 12 -14 -15
leaf_value=0.00088630125285729916 -0.0023625587236644138 -0.00074375186719971749 0.0021192506974928586 0.0031381852497474275 0.013087581928419655 -0.00015968683302492029 3.7984995712945181e-05 -0.0038167354499216767 -0.00095535394976237588 0.0024724792568166531 -0.00074587372846621907 0.022977241766197688 0.0016230014875835948 0.0035306033278760789
leaf_weight=34194 18379 70841 14681 2873 189 15918 1943 13393 14621 5754 8205 178 1214 76
leaf_count=34194 18379 70841 14681 2873 189 15918 1943 13393 14621 5754 8205 178 1214 76
internal_value=-0.000133824 -0.00028926 -0.000142967 0.000294414 -8.73035e-05 -0.000923417 0.000620232 -0.0010131 0.000320145 0.00119678 0.000208153 0.00271704 0.00619756 0.0226515
internal_weight=202459 168265 149886 79045 64364 29500 34864 29311 31991 17370 11616 3411 1468 254
internal_count=202459 168265 149886 79045 64364 29500 34864 29311 31991 17370 11616 3411 1468 254
is_linear=0
shrinkage=0.05


Tree=199
num_leaves=15
num_cat=0
split_feature=0 5 52 9 37 53 28 38 31 37 9 18 27 47
split_gain=10.2048 15.909 13.9197 22.8223 13.1691 13.0147 10.8692 9.80722 14.614 11.7623 11.0656 10.8815 15.1998 10.4043
threshold=146.90000152587893 159.94999694824222 -0.70291268825530995 76.250000000000014 86.500000000000014 0.97461712360382091 66.500000000000014 8.1500000953674334 6.1447556018829355 87.500000000000014 275.20001220703131 -30.150000572204586 40.149999618530281 4.8846688270568857
decision_type=2 2 2 2 2 2 2 2 2 2 2 2 2 2
left_child=1 7 3 -3 -2 -4 -7 8 -1 10 11 12 -9 -11
right_child=4 2 5 -5 -6 6 -8 9 -10 13 -12 -13 -14 -15
leaf_value=-0.0025216414475736151 -0.0036469290982465239 0.0019960837175796299 -0.0004939944348653179 0.012000703632480243 0.00023541505525896732 0.0058536149734659988 0.0018733619818894047 0.0017104907798996963 0.0018052473878454227 0.0016120556625884711 0.0057558565972970367 0.00010470438822211955 0.030177689739618326 -0.0022999831431607947
leaf_weight=18544 9553 519 3698 288 7421 635 1901 11235 4808 3653 130 119070 63 20731
leaf_count=18544 9553 519 3698 288 7421 635 1901 11235 4808 3653 130 119070 63 20731
internal_value=-0.000111714 -4.18394e-06 0.0023252 0.00846389 -0.00128474 0.00151826 0.00426944 -9.63298e-05 -0.00105128 4.77095e-05 0.000236076 0.000220972 0.00170322 -0.000960073
internal_weight=202249 185275 7041 807 16974 6234 2536 178234 23352 154882 130498 130368 11298 24384
internal_count=202249 185275 7041 807 16974 6234 2536 178234 23352 154882 130498 130368 11298 24384
is_linear=0
shrinkage=0.05


Tree=200
num_leaves=15
num_cat=0
split_feature=0 56 0 47 23 13 54 26 40 26 15 14 47 49
split_gain=9.6456 11.9872 14.9009 11.1197 14.4361 10.8506 19.278 20.3775 20.85 22.4554 19.486 17.4111 16.9913 25.4396
threshold=249.15000152587893 170.6499938964844 106.75000000000001 6.5768542289733896 1.4550000429153445 63.987796783447273 11.500000000000002 0.61985480785369884 972.95001220703136 0.70084869861602794 87.40000152587892 15.863304138183596 4.0849528312683114 -8.7499999999999982
decision_type=2 2 2 2 2 2 2 2 2 2 2 2 2 10
left_child=1 2 5 4 -4 11 7 -7 10 -10 -9 -1 13 -11
right_child=-2 -3 3 -5 -6 6 -8 8 9 12 -12 -13 -14 -15
leaf_value=0.00016326421325961688 -0.005097728279471297 0.0013140062906407039 -0.00092096430571394757 -0.0058043968155469007 0.0038794985471781599 -0.0011884453986748178 -0.0023891186159404037 -0.0011158482103621147 0.0026170775633038114 -0.00089143899955034423 0.0099060677775406787 -0.0019065881121271087 -0.0026025426284804073 0.0045338298378879071
leaf_weight=83209 1866 9308 17497 7213 680 9401 7131 274 20371 2725 487 32700 7820 1675
leaf_count=83209 1866 9308 17497 7213 680 9401 7131 274 20371 2725 487 32700 7820 1675
internal_value=-0.000125442 -9.20456e-05 -0.000177387 -0.00130512 -0.000645242 -4.6151e-06 0.000611896 0.00101337 0.00159283 0.00140011 0.00972114 -0.000269974 -0.000294359 0.00218821
internal_weight=202357 200491 191183 25390 18177 165793 49884 42753 33352 32591 761 115909 12220 4400
internal_count=202357 200491 191183 25390 18177 165793 49884 42753 33352 32591 761 115909 12220 4400
is_linear=0
shrinkage=0.05


Tree=201
num_leaves=15
num_cat=0
split_feature=38 44 43 53 13 42 44 56 45 50 24 48 38 53
split_gain=10.7657 15.2207 10.0218 11.1759 21.7509 11.6398 9.60633 11.8961 10.8934 12.8153 10.5802 9.05937 11.9763 11.2268
threshold=26.150000572204593 0.69591933488845836 452.50000000000006 -0.97507822513580311 49.401191711425788 9.5500001907348651 -3.8591128587722774 104.65000152587892 4.114121913909913 0.12940952181816109 29.500000000000004 7.4500000476837167 14.650000095367433 0.44312302768230444
decision_type=2 2 10 2 2 2 2 2 2 2 2 2 2 2
left_child=11 2 3 4 5 -2 -5 8 -8 10 -10 -1 -13 -14
right_child=1 -3 -4 6 -6 -7 7 -9 9 -11 -12 12 13 -15
leaf_value=-0.00010348944432790379 0.0059715845428580244 0.005852550128957381 -0.0022470267831249022 -0.00079871910297733763 0.0022363356907106275 0.0087391186991658317 0.0015719391370593761 0.012875598390935029 0.0043488608733538532 -0.0054196830898413928 0.010951099952986092 -0.0033547562725720955 -0.00024909209473169679 0.0030966474307553746
leaf_weight=170639 269 1185 2937 2893 682 62 1672 59 83 118 117 14981 5811 884
leaf_count=170639 269 1185 2937 2893 682 62 1672 59 83 118 117 14981 5811 884
internal_value=-0.000133448 0.00145881 0.000745899 0.00192372 0.00668133 0.0169941 0.000936994 0.00354784 0.002825 0.0111585 0.0185714 -0.000216952 -0.00117956 0.000577926
internal_weight=202392 10077 8892 5955 1013 331 4942 2049 1990 318 200 192315 21676 6695
internal_count=202392 10077 8892 5955 1013 331 4942 2049 1990 318 200 192315 21676 6695
is_linear=0
shrinkage=0.05


Tree=202
num_leaves=15
num_cat=0
split_feature=21 53 8 49 52 28 47 37 57 14 47 53 56 52
split_gain=9.56176 12.8237 17.8754 9.95796 15.1452 17.6867 18.3848 15.0151 13.8031 16.8492 14.6819 13.6255 12.084 11.473
threshold=9.5000000000000018 0.94066718220710765 102.54999923706056 -27.499999999999996 0.9937499761581422 59.500000000000007 7.5490736961364755 42.500000000000007 40.81666564941407 30.88220310211182 4.4308259487152108 0.99981042742729198 161.35000610351565 0.49812944233417517
decision_type=2 2 2 8 2 2 2 2 2 2 2 2 2 2
left_child=1 -1 -3 -2 5 7 8 -5 -7 10 11 13 -12 -10
right_child=3 2 -4 4 -6 6 -8 -9 9 -11 12 -13 -14 -15
leaf_value=-0.0033689758275803356 -0.00057568603676307496 0.0041036532528634763 -0.00081400719162678199 0.00053449831458711277 -0.005110657805861115 -0.0012806931374757199 -0.0019483837591912437 0.0029384648793100761 0.0017957122766893913 -0.00067683655414952466 0.00092283599345891441 0.0042167700694416216 0.0039432704135797117 0.0069441090826286482
leaf_weight=10583 74834 1119 3010 18642 4324 11479 20329 15312 4326 13551 23400 123 515 579
leaf_count=10583 74834 1119 3010 18642 4324 11479 20329 15312 4326 13551 23400 123 515 579
internal_value=-0.000118634 -0.00134561 0.00101594 -2.22502e-05 0.00027489 0.000390888 -4.11789e-05 0.00133612 0.000441527 0.000857095 0.00153818 0.00399166 0.0010209 0.00355544
internal_weight=202126 14712 4129 187414 112580 108256 74302 33954 53973 42494 28943 5028 23915 4905
internal_count=202126 14712 4129 187414 112580 108256 74302 33954 53973 42494 28943 5028 23915 4905
is_linear=0
shrinkage=0.05


Tree=203
num_leaves=15
num_cat=0
split_feature=47 26 55 52 40 36 47 27 12 9 47 26 36 57
split_gain=8.76659 15.0564 15.4905 14.7747 17.228 21.1001 17.3778 14.7706 13.5202 21.7883 12.9369 13.4656 16.908 12.4124
threshold=3.4689898490905766 0.8057118058204652 5.5000000000000009 0.96904698014259349 987.14999389648449 23.44999980926514 9.987737178802492 26.44999980926514 34.454166412353523 54.45000076293946 8.5289392471313494 0.71080613136291515 28.650000572204593 62.283332824707038
decision_type=2 2 2 2 2 2 2 2 2 2 2 2 2 2
left_child=-1 2 10 -4 13 6 -6 -3 9 -9 -2 -12 -13 -5
right_child=1 7 3 4 5 -7 -8 8 -10 -11 11 12 -14 -15
leaf_value=0.00091601364409143917 0.00070198478235834988 -0.0025319530753883861 -0.0020085640620380678 -0.0026785362391780893 0.012487581622895321 -0.0053036318354134915 0.00052304813268268192 0.0011790077443383127 -0.00045242457152304709 0.0096810711216689244 -0.00096895582880411949 0.0022703595899797899 0.016076424832378519 0.0076148898018210806
leaf_weight=11926 92740 28116 19507 1253 233 219 114 1436 10687 548 34784 420 222 235
leaf_count=11926 92740 28116 19507 1253 233 219 114 1436 10687 548 34784 420 222 235
internal_value=-8.54544e-05 -0.000167802 6.42114e-05 -0.00117542 0.00284884 0.010191 0.0176891 -0.00101932 0.000397838 0.00417753 0.000272827 -0.000539848 0.00657975 6.67438e-06
internal_weight=202440 190514 149727 21561 2054 566 347 40787 12671 1984 128166 35426 642 1488
internal_count=202440 190514 149727 21561 2054 566 347 40787 12671 1984 128166 35426 642 1488
is_linear=0
shrinkage=0.05


Tree=204
num_leaves=15
num_cat=0
split_feature=0 56 0 52 52 42 25 46 38 57 49 52 33 28
split_gain=9.12865 12.1397 15.996 12.366 9.75352 9.80566 8.40894 10.9755 12.591 10.7819 23.4197 14.8243 14.8544 14.3867
threshold=238.84999847412112 167.85000610351565 137.59999847412112 -0.87812310457229603 0.34235194325447088 0.75000000000000011 7.9500000476837167 30.44999980926514 27.750000000000004 43.31666564941407 -8.7499999999999982 -0.87812310457229603 0.15000000223517421 28.500000000000004
decision_type=2 2 2 2 2 2 2 2 2 2 10 2 2 2
left_child=1 2 6 -3 5 -5 -1 9 -9 13 -11 -12 -13 -8
right_child=-2 3 -4 4 -6 -7 7 8 -10 10 11 12 -14 -15
leaf_value=0.0011797349972971745 -0.0039128054649107012 0.01105625395330067 -0.0024344676032915383 0.0051645291071150479 -0.0023523395103953642 0.0014867988318840349 0.0024841654884203328 -0.0034265788417849928 0.010177903594965031 -0.00049012178029406899 -0.00073358807159117632 0.0023034413961678098 0.00015968303983624591 -0.0015650597765867859
leaf_weight=21640 2390 152 12196 177 1491 7790 7239 7014 69 60274 9206 22422 11117 39215
leaf_count=21640 2390 152 12196 177 1491 7790 7239 7014 69 60274 9206 22422 11117 39215
internal_value=-0.000101334 -6.45473e-05 -0.0001521 0.0016684 0.00143219 0.00212674 -3.2155e-05 -0.00015987 -0.00208163 -6.86712e-05 0.000216491 0.00111156 0.0015993 -0.000700974
internal_weight=202392 200002 190392 9610 9458 7967 178196 156556 7083 149473 103019 42745 33539 46454
internal_count=202392 200002 190392 9610 9458 7967 178196 156556 7083 149473 103019 42745 33539 46454
is_linear=0
shrinkage=0.05


Tree=205
num_leaves=15
num_cat=0
split_feature=42 28 38 30 24 46 44 53 26 37 40 54 24 12
split_gain=9.63654 15.827 12.3693 19.413 20.0283 17.524 23.7203 15.7296 11.7415 15.4404 14.5814 17.3191 16.2324 19.3108
threshold=10.050000190734865 59.500000000000007 13.84999990463257 712.50000000000011 26.500000000000004 3.5499999523162846 -7.8935935497283927 -0.65883892774581898 0.70084869861602794 82.500000000000014 985.04998779296886 11.500000000000002 11.500000000000002 151.25069427490237
decision_type=2 2 2 8 2 2 2 2 2 2 2 2 2 2
left_child=8 2 -2 4 -4 6 7 -6 10 -10 -1 12 13 -12
right_child=1 -3 3 -5 5 -7 -8 -9 9 -11 11 -13 -14 -15
leaf_value=-0.00013542048703426806 -0.0021416844395795629 -0.0032668758279885812 0.0011485831480811815 -0.00013877520738833784 0.019920178040186146 0.0020092518743782179 -7.0239367824107086e-05 0.0090507953859721938 -0.0013775681781873119 0.00073077109389797269 0.0028758345736191173 -0.0012465904516875844 0.00010099729999267954 -0.00043692733519196759
leaf_weight=67260 8711 16784 1272 5406 438 441 249 233 39920 17553 19127 7418 12863 4442
leaf_count=67260 8711 16784 1272 5406 438 441 249 233 39920 17553 19127 7418 12863 4442
internal_value=-9.86273e-05 -0.000872586 0.000214796 0.00162815 0.00513999 0.0093326 0.0132258 0.0180543 5.53688e-05 -0.000524765 0.00035547 0.00106475 0.00151309 0.0022925
internal_weight=202117 33534 16750 8039 2633 1361 920 671 168583 57473 111110 43850 36432 23569
internal_count=202117 33534 16750 8039 2633 1361 920 671 168583 57473 111110 43850 36432 23569
is_linear=0
shrinkage=0.05


Tree=206
num_leaves=15
num_cat=0
split_feature=15 12 57 15 26 13 52 52 12 15 9 52 52 13
split_gain=8.83291 17.585 14.6265 13.3462 12.5955 12.4865 14.2778 32.1141 28.9644 13.9045 20.2224 18.5731 15.8853 17.176
threshold=68.799999237060561 24.243055343627933 41.81666564941407 60.899999618530281 0.22402873635292056 36.10863113403321 -0.97876849770545948 -0.96689236164093006 46.677082061767585 62.300001144409187 23.550000190734867 0.65233618021011364 0.61237135529518139 59.952678680419929
decision_type=2 2 2 2 2 2 2 2 2 2 2 2 2 2
left_child=3 -2 4 -1 -3 -5 -7 8 -8 10 -9 12 -11 -14
right_child=1 2 -4 5 -6 6 7 9 -10 11 -12 -13 13 -15
leaf_value=-9.2582619865220475e-05 0.0091587458095341145 0.011507710164151651 -0.00018428557925541692 -0.0033364510851996419 -0.0029118174056671688 -0.0063125888194807377 0.014506496605497349 0.018083596662375353 -0.0011580217952763129 0.0023193547865419844 0.0047630674005970245 -0.0044181583779173694 0.016312223768612199 -0.0011764131189445468
leaf_weight=50939 216 107 116441 2067 17865 1031 340 225 206 7835 2408 2880 120 90
leaf_count=50939 216 107 116441 2067 17865 1031 340 225 206 7835 2408 2880 120 90
internal_value=-0.000116877 -0.000351645 -0.000375049 0.000346949 -0.00170226 0.00155066 0.00204853 0.00246422 0.0142446 0.00197966 0.00523458 0.00119113 0.00242396 0.0156818
internal_weight=202770 134629 134413 68141 17972 17202 15135 14104 546 13558 2633 10925 8045 210
internal_count=202770 134629 134413 68141 17972 17202 15135 14104 546 13558 2633 10925 8045 210
is_linear=0
shrinkage=0.05


Tree=207
num_leaves=15
num_cat=0
split_feature=37 13 38 52 42 12 51 36 52 38 52 52 44 13
split_gain=9.4786 12.2424 15.0953 19.116 14.2667 18.1747 11.9493 16.3264 12.6576 12.5819 9.98033 26.1899 26.184 22.3459
threshold=39.500000000000007 39.648809432983406 14.650000095367433 0.29342973232269293 19.550000190734867 50.991666793823249 0.12940952181816107 33.750000000000007 0.78325453400611889 15.949999809265138 -0.31799228489398951 -0.30983471870422358 -5.4419946670532218 38.219940185546882
decision_type=2 2 2 2 2 2 2 2 2 2 2 2 2 2
left_child=1 2 -1 -4 -3 -6 7 -5 9 -9 12 -12 -2 -14
right_child=10 4 3 6 5 -7 -8 8 -10 -11 11 -13 13 -15
leaf_value=-0.00055485708832245142 -0.0026229937941672399 -0.0032420075418223256 -0.0017182083399610408 -0.0028850438922242315 -0.0089905284964308038 0.025322893687885609 0.017709355207981937 0.0097427486825304097 0.012884054889709954 -0.0013456898503463868 0.01256619687827667 0.0004198253600162144 -0.0062251193358085488 0.00047885770696412994
leaf_weight=10239 18570 19962 701 365 105 72 104 263 163 254 539 88421 5053 57222
leaf_count=10239 18570 19962 701 365 105 72 104 263 163 254 539 88421 5053 57222
internal_value=-9.93117e-05 -0.000885292 0.000372344 0.00451613 -0.00164003 0.0121123 0.00845988 0.00670616 0.0112319 0.00714421 4.99061e-05 0.000415307 -0.000352175 0.000139278
internal_weight=202033 32228 12089 1850 20139 177 1149 1045 680 517 169805 88960 80845 62275
internal_count=202033 32228 12089 1850 20139 177 1149 1045 680 517 169805 88960 80845 62275
is_linear=0
shrinkage=0.05


Tree=208
num_leaves=15
num_cat=0
split_feature=42 36 0 56 53 53 54 52 38 44 50 43 53 38
split_gain=9.01531 10.4517 9.3807 10.8093 10.4436 10.7492 10.2423 19.4354 10.464 10.4027 9.28482 9.03677 13.1187 39.3801
threshold=10.650000095367433 26.94999980926514 214.90000152587893 167.85000610351565 0.47369650006294256 0.97461712360382091 11.500000000000002 1.0000000180025095e-35 7.8500001430511483 3.3003927469253544 1.0000000180025095e-35 452.50000000000006 0.38043944537639623 16.44999980926514
decision_type=2 2 2 2 2 2 2 2 2 2 2 10 2 2
left_child=2 -2 3 6 -5 -6 11 9 -9 -8 -7 -1 -13 -14
right_child=1 -3 -4 4 5 10 7 8 -10 -11 -12 12 13 -15
leaf_value=0.00039312749184898272 -0.0031085281162240778 -7.9814483716102971e-05 -0.0026229482600849466 0.0088404353450567703 -0.00032885045696875672 0.0032715379743282996 -0.00042066947025998913 -0.0014325960986046762 0.011883583875868894 -0.0060299529488582713 0.00095927989049622445 -0.001329847242231823 -8.3626694163223175e-05 0.004869746680408446
leaf_weight=110323 12991 14731 4222 242 4003 1739 7620 54 88 4818 2171 31626 6797 942
leaf_count=110323 12991 14731 4222 242 4003 1739 7620 54 88 4818 2171 31626 6797 942
internal_value=-0.000125682 -0.000963148 7.29891e-06 6.5039e-05 0.00184017 0.00151899 -2.42805e-05 -0.00139396 0.0163816 -0.0016099 0.0033801 9.09152e-05 -0.000559366 0.00128468
internal_weight=202367 27722 174645 170423 8155 7913 162268 12580 142 12438 3910 149688 39365 7739
internal_count=202367 27722 174645 170423 8155 7913 162268 12580 142 12438 3910 149688 39365 7739
is_linear=0
shrinkage=0.05


Tree=209
num_leaves=15
num_cat=0
split_feature=38 42 28 40 12 38 49 43 50 27 13 12 40 52
split_gain=9.72221 8.626 13.7107 12.3555 16.6977 16.3416 11.3133 11.8435 12.032 12.7723 11.3192 12.9504 22.2777 12.3903
threshold=2.7500000000000004 5.5499999523162851 48.500000000000007 972.75000000000011 43.514583587646491 27.250000000000004 -19.374999999999996 25.02689361572266 -0.6035533845424651 34.750000000000007 37.203571319580085 39.125000000000007 975.64999389648449 -0.81429189443588246
decision_type=2 2 2 2 2 2 8 8 2 2 2 2 2 2
left_child=-1 6 -3 4 5 -4 7 -2 -9 10 -10 12 -12 -13
right_child=1 2 3 -5 -6 -7 -8 8 9 -11 11 13 -14 -15
leaf_value=-0.0053599927730361933 -0.0016862469425573314 0.00075771027925856862 0.0051622570409696616 -0.00110407104422818 0.00075746299860140716 0.0059807656585774641 0.00084690496231422613 -0.0016844159032146607 -0.0041756247968019015 -0.0039974217275972881 0.014324662533392558 0.0042545153975622847 0.0040795835399587742 0.00058555266530804036
leaf_weight=3603 10453 32174 571 79135 3831 66 45109 7598 2159 2682 305 3398 1291 10316
leaf_count=3603 10453 32174 571 79135 3831 66 45109 7598 2159 2682 305 3398 1291 10316
internal_value=-0.000118427 -7.17749e-05 -0.000350947 -0.000688471 0.0018669 0.00929675 0.000316186 -0.000316917 0.00022353 0.000862803 0.0013562 0.0018342 0.00608344 0.00133562
internal_weight=202691 199088 115777 83603 4468 637 83311 38202 27749 20151 17469 15310 1596 13714
internal_count=202691 199088 115777 83603 4468 637 83311 38202 27749 20151 17469 15310 1596 13714
is_linear=0
shrinkage=0.05


Tree=210
num_leaves=15
num_cat=0
split_feature=0 37 46 40 52 12 56 33 52 25 42 15 13 15
split_gain=9.03747 13.8664 15.1794 12.9658 20.6983 19.3004 12.8599 21.5933 24.2059 16.2768 14.6657 12.1208 15.2825 12.0893
threshold=38.250000000000007 36.500000000000007 6.0499999523162851 974.25000000000011 -0.54939359426498402 51.227083206176765 64.599998474121108 0.84999999403953563 -0.082689788192510591 13.050000190734865 5.4500000476837167 70.90000152587892 31.137797355651859 65.799999237060561
decision_type=2 2 2 2 2 2 2 2 2 2 2 2 2 2
left_child=-1 -2 -3 4 5 -4 -6 -8 9 -9 -11 12 -5 -14
right_child=1 2 3 11 6 -7 7 8 -10 10 -12 -13 13 -15
leaf_value=0.00060408363473623801 -0.0036304514902299602 0.00012447938035498485 -0.0015666395484303962 0.0034695353488362231 -0.0023348205106456079 0.0078164018225208888 -0.0016900223681827092 0.0046912647298057476 -0.010104788224071572 0.0048869552693154841 0.010962176952463459 -0.0044403767356330079 -0.0022184206191680341 0.0037252729773079281
leaf_weight=53668 13635 105917 242 177 3832 352 1115 277 203 100 148 14882 6059 1762
leaf_count=53668 13635 105917 242 177 3832 352 1115 277 203 100 148 14882 6059 1762
internal_value=-0.000103248 -0.00030398 -0.000150509 -0.00116071 0.000852842 0.00965232 -8.35544e-05 0.00333783 0.0099729 0.0155607 0.0246512 -0.00171254 -0.000142359 -0.000479506
internal_weight=202369 148701 135066 29149 6269 594 5675 1843 728 525 248 22880 7998 7821
internal_count=202369 148701 135066 29149 6269 594 5675 1843 728 525 248 22880 7998 7821
is_linear=0
shrinkage=0.05


Tree=211
num_leaves=15
num_cat=0
split_feature=38 21 53 23 28 13 37 24 18 18 15 57 13 37
split_gain=9.23832 9.8093 12.3738 11.5596 8.29435 11.7105 9.26255 9.11377 8.78551 8.01469 7.91773 14.3176 13.3604 9.38857
threshold=5.0499999523162851 7.5000000000000009 0.94066718220710765 0.20499999821186068 17.500000000000004 28.358036041259769 16.500000000000004 2.5000000000000004 -26.249999999999996 -33.950000762939446 44.549999237060554 34.083332061767585 33.633630752563484 47.500000000000007
decision_type=2 2 2 2 2 2 2 2 2 2 2 2 2 2
left_child=10 2 9 -4 7 -6 -7 -3 -9 -2 11 -1 -13 -14
right_child=1 4 3 -5 5 6 -8 8 -10 -11 -12 12 13 -15
leaf_value=-0.00365851835965779 0.004225539324980267 0.012826013381767604 0.0075683796871871614 0.00049936335312013508 -0.0063522782965016057 -0.0081332229614035738 0.0001398384737850214 0.022682176497896615 0.0017533442280336783 -0.0043420873655036695 -0.0029844110751274943 0.014229287147656791 -0.0027029616358353365 0.0093815594429633234
leaf_weight=720 415 154 87 3224 3172 1580 171621 66 3699 8093 9135 52 170 109
leaf_count=720 415 154 87 3224 3172 1580 171621 66 3699 8093 9135 52 170 109
internal_value=-8.59349e-05 -8.09505e-06 -0.00140291 0.00118789 8.34144e-05 3.27968e-05 8.80128e-05 0.00235556 0.00184768 -0.00241137 -0.00155257 0.00254006 0.0109824 0.00607266
internal_weight=202297 192111 11819 3311 180292 176373 173201 3919 3765 8508 10186 1051 331 279
internal_count=202297 192111 11819 3311 180292 176373 173201 3919 3765 8508 10186 1051 331 279
is_linear=0
shrinkage=0.05


Tree=212
num_leaves=15
num_cat=0
split_feature=7 18 13 52 52 53 23 45 21 53 49 28 52 12
split_gain=11.7245 10.8822 10.5084 11.4113 11.0636 10.4725 12.6887 9.73391 8.98069 10.4348 9.50242 13.1219 11.057 25.9182
threshold=28.150000572204593 -9.5500001907348615 53.285713195800788 0.022575936280190948 -0.2102246284484863 -0.99983122944831837 0.7749999761581422 5.420717954635621 7.5000000000000009 0.93769648671150219 -27.499999999999996 68.500000000000014 0.65233618021011364 30.518750190734867
decision_type=2 2 2 2 2 2 2 2 2 2 10 2 2 2
left_child=2 5 7 4 -4 6 -2 -1 9 -3 -10 12 13 -12
right_child=1 8 3 -5 -6 -7 -8 -9 10 -11 11 -13 -14 -15
leaf_value=0.00019698770435232143 0.014406010749390956 -0.0044838606869206134 0.0049684582237794648 0.00083046647462955395 0.0076361944349067935 0.0003343342928854849 0.0010772187561885669 0.0040509131728200384 -0.0010893764705043577 0.00046913651535486598 0.015553669646109611 -0.00062967491372274221 -0.00077373115289058924 0.0018101784266658959
leaf_weight=20089 141 7217 1448 1476 144 55963 233 2325 55110 2797 193 34100 7552 13394
leaf_count=20089 141 7217 1448 1476 144 55963 233 2325 55110 2797 193 34100 7552 13394
internal_value=-0.000116277 -0.000260881 0.000886159 0.00362573 0.00654806 0.000312615 0.00854167 0.000509721 -0.000529314 -0.00196229 -0.000399108 6.43439e-05 0.00104284 0.0018949
internal_weight=202182 176700 25482 3068 1592 56337 374 22414 120363 10014 110349 55239 21139 13587
internal_count=202182 176700 25482 3068 1592 56337 374 22414 120363 10014 110349 55239 21139 13587
is_linear=0
shrinkage=0.05


Tree=213
num_leaves=15
num_cat=0
split_feature=0 40 44 38 17 49 57 21 38 46 24 38 13 36
split_gain=8.45356 16.7554 14.9952 12.291 12.0118 10.5716 20.9996 15.1751 12.3538 11.8721 14.1488 17.1913 21.7124 12.7982
threshold=92.799999237060561 984.95001220703136 1.4525747299194338 14.750000000000002 -105.74999999999999 -22.499999999999996 44.849998474121101 49.500000000000007 8.6500000953674334 3.5499999523162846 81.500000000000014 15.150000095367433 47.889286041259773 28.44999980926514
decision_type=2 2 2 2 2 10 2 2 2 2 2 2 2 2
left_child=5 -2 -3 4 -4 -1 7 -7 -9 10 -10 -12 13 -13
right_child=1 2 3 -5 -6 6 -8 8 9 -11 11 12 -14 -15
leaf_value=-0.00040414383544410857 -0.0052664009902626888 0.0005201571850218991 0.0058269026288731984 0.0025738730077998328 -0.0024919696883492592 -0.0027508567830957821 0.0015359026669218402 -0.0059973415745658634 0.0019533022777463833 -0.00072123776674377427 0.0026266277650197276 5.3122058389244026e-06 0.0007247736025915376 0.016646639787639535
leaf_weight=89209 7573 20724 322 1353 15690 12776 35511 3109 8420 6712 527 56 202 257
leaf_count=89209 7573 20724 322 1353 15690 12776 35511 3109 8420 6712 527 56 202 257
internal_value=-0.000125241 -0.000723858 -0.000296466 -0.00137986 -0.00176695 4.91413e-05 0.000520863 -0.00040678 0.00047867 0.00103374 0.00217377 0.00764258 0.0140476 0.0220898
internal_weight=202441 45662 38089 17365 16012 156779 67570 32059 19283 16174 9462 1042 515 313
internal_count=202441 45662 38089 17365 16012 156779 67570 32059 19283 16174 9462 1042 515 313
is_linear=0
shrinkage=0.05


Tree=214
num_leaves=15
num_cat=0
split_feature=51 44 24 52 52 57 46 43 37 52 52 43 57 13
split_gain=7.88268 8.99807 10.6872 14.5327 28.5899 18.0098 10.1201 13.404 11.6681 10.2419 11.8896 15.8756 20.1311 13.8844
threshold=0.91597560048103344 6.1563081741333017 14.500000000000002 -0.96689236164093006 -0.97876849770545948 56.81666564941407 3.1499999761581425 352.50000000000006 87.500000000000014 -0.031173458322882649 0.9470459818840028 57.500000000000007 65.583332061767592 30.795833587646488
decision_type=2 2 2 2 2 2 2 10 2 2 2 8 2 2
left_child=1 6 3 4 -3 -6 -1 8 9 -8 -11 12 -12 -13
right_child=-2 2 -4 -5 5 -7 7 -9 -10 10 11 13 -14 -15
leaf_value=0.00016433889846647907 0.00079605445064269387 -0.00084392000178712715 -0.0039136370380921026 -0.00092475602586342565 0.015249904204340643 -0.0022499476966531718 0.0026649784870126491 -0.0023438676987387452 -0.0018682386142798301 -0.0026951817886836649 0.003129779593010207 0.0056618864725224696 0.011711644953264939 -0.0027127519855774593
leaf_weight=112088 25248 410 8987 10855 172 59 7633 18945 10377 5259 309 174 148 1588
leaf_count=112088 25248 410 8987 10855 172 59 7633 18945 10377 5259 309 174 148 1588
internal_value=-0.00010536 -0.00022326 -0.00120846 -0.000198159 0.00705837 0.0207261 -9.42637e-05 -0.000732738 1.60785e-05 0.000902386 -0.000412661 0.00264917 0.0108458 0.000474039
internal_weight=202252 177004 20483 11496 641 231 156521 44433 25488 15111 7478 2219 457 1762
internal_count=202252 177004 20483 11496 641 231 156521 44433 25488 15111 7478 2219 457 1762
is_linear=0
shrinkage=0.05


Tree=215
num_leaves=15
num_cat=0
split_feature=47 1 47 49 19 13 55 57 23 56 7 1 44 25
split_gain=8.82037 11.4456 12.6411 9.81245 14.7302 16.4194 14.2382 10.9742 9.77461 9.17438 9.05096 9.71397 8.38306 8.36732
threshold=3.617502093315125 104.65000152587892 6.528679847717286 -8.7499999999999982 98.15000152587892 59.952678680419929 5.5000000000000009 77.183330535888686 0.18500000238418582 67.90000152587892 26.650000572204593 215.15000152587893 3.0402570962905888 43.649999618530281
decision_type=2 2 2 10 2 2 2 2 2 2 2 2 2 2
left_child=3 13 9 12 5 -5 -7 -6 -9 -3 -11 -12 -1 -2
right_child=1 2 -4 4 7 6 -8 8 -10 10 11 -13 -14 -15
leaf_value=-0.00070968160486911084 -8.9553090984931491e-05 -0.0074592606754963139 -0.0048681105697576553 -0.00055547208310412417 -0.0029891202283676352 0.0047775216237899527 0.014598795658403028 0.0066340693825390484 0.0015498451766778377 0.0046697931676238985 0.00033233908677809043 -0.0032855287712597555 0.0026629405373794768 0.0032769062760271703
leaf_weight=6005 157630 2089 8999 591 1673 1169 164 50 3980 189 14818 2469 681 1737
leaf_count=6005 157630 2089 8999 591 1673 1169 164 50 3980 189 14818 2469 681 1737
internal_value=-0.000100963 -0.000192109 -0.0011136 0.00109509 0.00231963 0.006091 0.00914743 0.00103886 0.00245049 -0.000399746 -2.45923e-05 -0.000146558 -0.000303167 -2.68871e-05
internal_weight=202244 187931 28564 14313 7627 1924 1333 5703 4030 19565 17476 17287 6686 159367
internal_count=202244 187931 28564 14313 7627 1924 1333 5703 4030 19565 17476 17287 6686 159367
is_linear=0
shrinkage=0.05


Tree=216
num_leaves=15
num_cat=0
split_feature=26 52 52 55 43 17 55 52 36 40 47 40 47 13
split_gain=8.61475 14.4812 25.9439 37.3819 27.5296 12.9851 11.8907 12.9199 16.1529 18.9198 18.8126 11.9541 11.6988 19.9635
threshold=0.78396508097648632 0.57077592611312877 0.49812944233417517 3.5000000000000004 47.500000000000007 -69.549999237060533 5.5000000000000009 0.96904698014259349 19.94999980926514 987.14999389648449 9.987737178802492 971.95001220703136 8.6080665588378924 36.972320556640632
decision_type=2 2 2 2 10 2 2 2 2 2 2 2 2 2
left_child=5 2 -2 -4 -5 -1 12 11 9 -9 -11 -8 -7 -14
right_child=1 -3 3 4 -6 6 7 8 -10 10 -12 -13 13 -15
leaf_value=0.0038892921548260187 -0.00048367354418909304 -0.0035321782551570938 -0.0041691135964969017 -0.0014888660383166163 0.01182897574193049 0.00062413523133068687 0.0032300982133303467 0.0039398818328538381 -0.00075939163698061788 0.012495832086120845 -0.002401844432811944 -0.00209169806583726 0.0022871759158753537 -0.0018741655951349089
leaf_weight=3060 39673 12545 709 215 549 90751 732 541 1206 155 80 18189 6576 26958
leaf_count=3060 39673 12545 709 215 549 90751 732 541 1206 155 80 18189 6576 26958
internal_value=-7.57381e-05 -0.000618332 -0.00016474 0.00632839 0.0139276 0.000120802 5.27544e-05 -0.0010503 0.00278112 0.00835878 0.019898 -0.00145291 0.000238343 -0.000559565
internal_weight=201939 53691 41146 1473 764 148248 145188 20903 1982 776 235 18921 124285 33534
internal_count=201939 53691 41146 1473 764 148248 145188 20903 1982 776 235 18921 124285 33534
is_linear=0
shrinkage=0.05


Tree=217
num_leaves=15
num_cat=0
split_feature=0 44 26 24 38 54 53 49 51 46 49 46 49 21
split_gain=8.62918 8.85254 12.3006 15.4226 21.6354 19.9335 14.2595 12.1188 12.5474 14.7933 12.041 20.6664 14.8134 14.4371
threshold=25.44999980926514 5.1660859584808358 0.70515134930610668 14.500000000000002 24.150000572204593 11.500000000000002 -0.76140165328979481 732.50000000000011 -0.37940952181816096 0.94999998807907116 -12.499999999999998 0.55000001192092907 132.50000000000003 70.500000000000014
decision_type=2 2 2 2 2 2 2 8 2 2 10 2 10 2
left_child=-1 10 3 5 -5 7 -6 8 9 -3 -2 13 -13 -12
right_child=1 2 -4 4 6 -7 -8 -9 -10 -11 11 12 -14 -15
leaf_value=0.0012985735670217671 -0.00050794611568331656 0.0096534495050823454 -0.0061990357597004053 -0.0040638705624617992 0.0086824378829535708 -0.0049661814848150319 -0.0034037734477585617 -0.00051065183423372159 0.0028399951272537046 -0.0011447705341162992 0.00064875956587036202 0.0010715426804762261 -0.0018040129614349627 0.0034519170335716009
leaf_weight=19113 78559 985 6503 9483 322 2536 184 4031 4823 387 32515 12264 21757 8941
leaf_count=19113 78559 985 6503 9483 322 2536 184 4031 4823 387 32515 12264 21757 8941
internal_value=-7.02289e-05 -0.000175669 -0.000972869 -0.000424192 -0.00189469 0.000727371 0.00808139 0.0017116 0.00309831 0.00730101 -2.42147e-05 0.000426761 -0.000486469 0.00117614
internal_weight=202403 183290 29254 22751 9989 12762 506 10226 6195 1372 154036 75477 34021 41456
internal_count=202403 183290 29254 22751 9989 12762 506 10226 6195 1372 154036 75477 34021 41456
is_linear=0
shrinkage=0.05


Tree=218
num_leaves=15
num_cat=0
split_feature=51 50 50 40 43 42 46 53 52 43 54 15 55 26
split_gain=8.42594 20.8106 16.659 14.452 13.9261 22.2468 13.2017 19.5605 30.5911 18.7235 16.0158 15.8771 22.2858 24.3398
threshold=0.12940952181816107 0.12940952181816109 -0.37940952181816096 975.64999389648449 672.50000000000011 7.9500000476837167 3.2500000000000004 -0.99465739727020253 0.056951373815536506 4217.5000000000009 2.5000000000000004 152.50000000000003 1.5000000000000002 0.69980087876319896
decision_type=2 2 2 2 8 2 2 2 2 8 2 2 2 2
left_child=2 4 3 -1 -2 -6 7 8 -4 10 11 12 -9 -14
right_child=1 -3 6 -5 5 -7 -8 9 -10 -11 -12 -13 13 -15
leaf_value=0.00061426050693216686 0.00063328205889069396 -0.00079420228334070629 0.0030592201767112152 -0.0022948563595630196 0.0039353304234007336 0.001089666778901576 -0.0014872341526093594 -0.00050234207266627764 0.0080763961824838904 -0.0026671756328891212 0.00045113670776329284 0.00078694003337914816 0.01087869980957935 0.0037112634118168682
leaf_weight=8927 44274 41956 349 33306 2468 3859 18111 1040 148 6958 34580 3870 1018 1389
leaf_count=8927 44274 41956 349 33306 2468 3859 18111 1040 148 6958 34580 3870 1018 1389
internal_value=-9.94509e-05 0.00025187 -0.000395877 -0.00117452 0.000934479 0.00312687 9.16651e-05 0.000515375 0.010286 0.000413894 0.00081287 0.0029364 0.00539919 0.00803268
internal_weight=202253 92557 109696 42233 50601 6327 67463 49352 497 48855 41897 7317 3447 2407
internal_count=202253 92557 109696 42233 50601 6327 67463 49352 497 48855 41897 7317 3447 2407
is_linear=0
shrinkage=0.05


Tree=219
num_leaves=15
num_cat=0
split_feature=0 37 47 38 55 38 54 46 14 46 0 47 37 49
split_gain=9.81758 8.41333 12.9099 12.5811 15.9459 12.3981 11.6578 11.9818 13.6733 8.10655 8.56755 14.9517 14.5655 13.5681
threshold=15.84999990463257 33.500000000000007 5.5815570354461679 10.750000000000002 2.5000000000000004 14.650000095367433 5.5000000000000009 0.15000000223517421 12.739512443542482 32.750000000000007 105.59999847412111 6.0263092517852792 68.500000000000014 -8.7499999999999982
decision_type=2 2 2 2 2 2 2 2 2 2 2 2 2 10
left_child=-1 2 -2 -4 -5 -6 7 8 -7 10 13 12 -12 -3
right_child=1 9 3 4 5 6 -8 -9 -10 -11 11 -13 -14 -15
leaf_value=0.0031543426580158264 -0.0079712137147803508 -0.00023751998074478541 -0.0030761056026842636 -0.0028862252979825077 0.0018105863116805001 0.0054849026993778428 0.0031337416103945376 0.00011912500169019068 0.015911701454854592 -0.0021048495294922072 -0.0026425328593503287 -0.0036552272087908609 0.00052484380646162598 0.00095478005531426458
leaf_weight=4304 3554 80649 10150 3025 2731 257 687 152 174 7647 6035 10857 18061 54118
leaf_count=4304 3554 80649 10150 3025 2731 257 687 152 174 7647 6035 10857 18061 54118
internal_value=-9.26592e-05 -0.00014404 -0.00109692 -0.000528338 0.00109721 0.00316504 0.00722656 0.0123693 0.0165419 -3.26153e-05 3.91787e-05 -0.000658269 3.60894e-05 0.000220103
internal_weight=202401 198097 20730 17176 7026 4001 1270 583 431 177367 169720 34953 24096 134767
internal_count=202401 198097 20730 17176 7026 4001 1270 583 431 177367 169720 34953 24096 134767
is_linear=0
shrinkage=0.05


Tree=220
num_leaves=15
num_cat=0
split_feature=17 19 37 44 37 38 52 47 24 49 56 49 47 20
split_gain=8.28517 9.28526 8.71931 8.55136 16.6357 17.4033 15.4403 12.83 13.2838 13.203 11.4892 8.09279 7.92335 6.93487
threshold=-6.4500000476837149 17.550000190734867 37.500000000000007 -8.5920391082763654 65.500000000000014 15.150000095367433 0.32613943517208105 10.736754417419435 25.500000000000004 97.500000000000014 28.94999980926514 -8.7499999999999982 5.4751811027526864 23.650000572204593
decision_type=2 2 2 2 2 2 2 2 2 10 2 8 2 2
left_child=1 -1 12 4 5 -4 -7 8 -8 -10 -11 -3 -2 -13
right_child=2 11 3 -5 -6 6 7 -9 9 10 -12 13 -14 -15
leaf_value=0.0056550555651164059 -0.0080824150053429179 -0.00032811076170636649 -0.0058824994981756468 -1.9682456580852965e-05 -0.0040297439227147697 -0.00045866962712899043 0.0049294048530298014 -0.0046652668415710172 0.0091529234671087183 0.0010463233418341322 0.021271434042105821 0.0016882543354376064 -0.0014380544166992327 9.4156574748704695e-05
leaf_weight=1524 2994 41727 1187 93271 7881 801 324 160 246 51 206 17961 15340 18737
leaf_count=1524 2994 41727 1187 93271 7881 801 324 160 246 51 206 17961 15340 18737
internal_value=-8.94192e-05 0.000306468 -0.000347879 -0.000170786 -0.00149825 0.00168342 0.00478865 0.00894182 0.0114277 0.0164425 0.0242135 0.000231082 -0.00135303 0.000772582
internal_weight=202410 79949 122461 104127 10856 2975 1788 987 827 503 257 78425 18334 36698
internal_count=202410 79949 122461 104127 10856 2975 1788 987 827 503 257 78425 18334 36698
is_linear=0
shrinkage=0.05


Tree=221
num_leaves=15
num_cat=0
split_feature=0 57 32 43 47 23 36 38 47 43 22 23 8 0
split_gain=8.62961 18.224 9.94347 9.43171 15.1245 9.43622 9.1995 10.4552 9.85853 8.88463 9.62844 8.68673 12.1266 8.6864
threshold=49.300001144409187 49.516666412353523 2.8786271810531621 2602.5000000000005 6.9445300102233896 0.19500000029802325 10.449999809265138 14.34999990463257 7.4033060073852548 2672.5000000000005 852.50000000000011 0.54500001668930065 43.049999237060554 186.50000000000003
decision_type=2 2 2 10 2 2 2 2 2 8 2 2 2 2
left_child=2 6 11 5 -5 -3 8 -8 -2 -4 -11 -1 -13 -7
right_child=1 3 9 4 -6 13 7 -9 -10 10 -12 12 -14 -15
leaf_value=-0.00057373187994779514 0.0069858181243795175 0.0022001848396685396 0.0010900775716742553 -0.011506548836642986 0.0091668263206518049 -1.7898533502986943e-06 -0.0055507604281299959 -0.0012180360729706502 -0.0074424685331661786 0.0034584089798508815 0.0096271729910952734 -0.00037497569787068403 0.0025515340930938805 -0.0019981367144215867
leaf_weight=45301 164 3191 17535 57 55 79455 9057 16453 107 2183 263 10801 9803 7643
leaf_count=45301 164 3191 17535 57 55 79455 9057 16453 107 2183 263 10801 9803 7643
internal_value=-9.39748e-05 -0.000374898 0.000286042 -4.04277e-05 0.0138525 -5.91934e-05 -0.00154725 -0.00164577 0.00745551 0.00126282 0.0040798 -1.02417e-05 0.00084069 -0.000157162
internal_weight=202068 116182 85886 90401 112 90289 25781 25510 271 19981 2446 65905 20604 87098
internal_count=202068 116182 85886 90401 112 90289 25781 25510 271 19981 2446 65905 20604 87098
is_linear=0
shrinkage=0.05


Tree=222
num_leaves=15
num_cat=0
split_feature=0 52 32 17 10 57 41 24 52 9 6 57 12 8
split_gain=8.2824 11.2754 8.30291 8.0152 9.99193 11.5996 8.34953 10.9102 8.40636 13.5877 12.6825 11.6351 8.23411 9.01139
threshold=25.44999980926514 0.99466374516487133 6.3113315105438241 -29.349999427795407 56.591665267944343 54.083332061767585 25.500000000000004 2.5000000000000004 -0.022576250135898587 178.09999847412112 117.20000076293947 71.350002288818374 162.86319732666018 71.799999237060561
decision_type=2 2 2 2 2 2 2 2 2 2 2 2 2 2
left_child=2 3 -1 -2 -5 -6 -7 8 -8 -10 11 -11 13 -9
right_child=1 -3 -4 4 5 6 7 12 9 10 -12 -13 -14 -15
leaf_value=0.00089924176550730409 0.00081031892553231277 -0.0053453262811889437 0.0041714869666938555 0.00016149364493280521 -0.0026218507038453906 -0.00080190288093865921 -2.5130738352457793e-05 -0.0021332425842777859 0.0014652974532007169 -0.00058546812861275826 0.0033608916582539001 0.010085665299076941 -0.0040524771445087492 0.0011681394945671556
leaf_weight=17489 23778 4586 1482 77762 18025 38867 2494 4796 2723 84 680 298 1370 7672
leaf_count=17489 23778 4586 1482 77762 18025 38867 2494 4796 2723 84 680 298 1370 7672
internal_value=-9.09391e-05 -0.000193973 0.000903271 -0.000131022 -0.00026234 -0.000666006 -0.000326645 0.000500073 0.0022269 0.00370883 0.00847948 0.0156633 -0.000284519 0.000121012
internal_weight=202106 183135 18971 178549 154771 77009 58984 20117 6279 3785 1062 382 13838 12468
internal_count=202106 183135 18971 178549 154771 77009 58984 20117 6279 3785 1062 382 13838 12468
is_linear=0
shrinkage=0.05


Tree=223
num_leaves=15
num_cat=0
split_feature=0 5 52 9 11 37 20 14 47 44 0 53 17 12
split_gain=8.51094 10.7791 12.5189 14.9683 11.8552 10.7625 9.80295 9.45206 8.83103 8.75058 8.31704 11.2778 10.2671 8.35015
threshold=146.90000152587893 159.94999694824222 -0.66528618335723866 76.250000000000014 143.15625000000003 74.500000000000014 81.149997711181655 38.695880889892585 5.887965440750123 8.6224002838134783 81.40000152587892 0.2332836911082268 21.849999427795414 51.227083206176765
decision_type=2 2 2 2 2 2 2 2 2 2 2 2 2 2
left_child=1 10 3 -3 -4 -2 -6 -5 9 -7 13 -12 -13 -1
right_child=5 2 4 7 6 8 -8 -9 -10 -11 11 12 -14 -15
leaf_value=-0.00036351281186595329 -0.0047617798072659987 0.0022676876455415699 -0.0021822276012039886 0.0016563971238743936 0.0011357868684198232 0.00016009375443991138 0.0046744639004598207 0.01375244538084684 -0.0059374669797206707 0.00705477167894093 -0.0037970913162993858 -0.0010322761133850047 0.0010060975668047167 0.00057175573391147734
leaf_weight=77637 5747 542 1985 114 3466 9493 697 167 1911 78 10385 14242 9367 66429
leaf_count=77637 5747 542 1985 114 3466 9493 697 167 1911 78 10385 14242 9367 66429
internal_value=-0.000114699 -1.57004e-05 0.00191162 0.00766506 0.00113024 -0.00117727 0.00264438 0.0168213 -0.000292378 0.000328253 -9.12574e-05 -0.000794614 -0.000190314 7.4751e-05
internal_weight=202260 185031 6971 823 6148 17229 4163 281 11482 9571 178060 33994 23609 144066
internal_count=202260 185031 6971 823 6148 17229 4163 281 11482 9571 178060 33994 23609 144066
is_linear=0
shrinkage=0.05


Tree=224
num_leaves=15
num_cat=0
split_feature=26 53 52 47 16 55 52 53 46 47 15 12 7 15
split_gain=9.63289 14.3245 19.1969 14.0637 13.8353 12.6228 14.8814 17.7062 13.5567 12.851 17.1251 25.5868 21.4488 21.864
threshold=0.78396508097648632 -0.94703993201255787 -0.25205527991056437 3.7638285160064702 64.40000152587892 5.5000000000000009 0.96904698014259349 0.16587474942207339 3.1499999761581425 6.9672570228576669 89.750000000000014 49.031250000000007 38.850000381469734 47.199998855590827
decision_type=2 2 2 2 2 2 2 2 2 2 2 2 2 2
left_child=5 2 -2 -3 -4 8 -7 -8 -1 10 11 -10 -13 -14
right_child=1 3 4 -5 -6 6 7 -9 9 -11 -12 12 13 -15
leaf_value=0.00074342940370317819 0.012477872875840651 0.00039592764765486455 0.00042698554900580735 -0.0020565345604135073 0.012238084542682392 -0.0017252543206687909 0.00065487743748429803 0.0086115550799972466 -0.0012754963476901025 -0.0017987522335760325 -0.0046420084708999809 0.010681804349518466 0.013783660404984755 0.0025295541243155438
leaf_weight=90374 378 14336 1650 37386 54 19344 1605 412 5662 22151 2959 585 177 5175
leaf_count=90374 378 14336 1650 37386 54 19344 1605 412 5662 22151 2959 585 177 5175
internal_value=-9.43856e-05 -0.000667485 0.0033891 -0.000831401 0.00109685 0.000113367 -0.00101095 0.00306611 0.000302415 -0.000507776 0.000645935 0.00151219 0.00380276 0.0027956
internal_weight=202248 53804 2082 51722 1704 148444 21361 2017 127083 36709 14558 11599 5937 5352
internal_count=202248 53804 2082 51722 1704 148444 21361 2017 127083 36709 14558 11599 5937 5352
is_linear=0
shrinkage=0.05


Tree=225
num_leaves=15
num_cat=0
split_feature=7 57 28 49 2 54 24 12 52 57 8 23 16 55
split_gain=8.35243 9.46048 9.59122 9.49708 11.8145 12.2839 13.0961 11.2563 16.6662 10.1497 13.9074 10.0583 17.5307 9.02763
threshold=33.95000076293946 38.116666793823249 50.500000000000007 -19.374999999999996 95.099998474121108 2.5000000000000004 2.5000000000000004 96.807640075683608 0.57077592611312877 110.18333053588869 166.44999694824222 1.5850000381469729 94.90000152587892 4.5000000000000009
decision_type=2 2 2 10 2 2 2 2 2 2 2 2 2 2
left_child=-1 2 -2 -3 5 6 7 8 13 -6 11 -11 -13 -5
right_child=1 3 -4 4 9 -7 -8 -9 -10 10 -12 12 -14 -15
leaf_value=0.00067592621343576416 0.00033055994210213916 -0.0006352496010351013 -0.002799337442273675 0.0056621709441298891 -0.0019461890498681782 0.00053868038544910074 0.0013519553395915716 0.00105188125661518 0.0012474335640234127 0.0012931093984571841 -0.0017442970469753176 0.0096598534127167335 0.0020461791554491765 0.010400082695146201
leaf_weight=40675 7251 68956 14979 447 13965 39996 2831 779 351 6558 4888 90 207 241
leaf_count=40675 7251 68956 14979 447 13965 39996 2831 779 351 6558 4888 90 207 241
internal_value=-0.000133368 -0.000294618 -0.00125225 -0.000141726 0.000266972 0.000758592 0.00318845 0.00648796 0.0098713 -0.00058675 0.000496468 0.00194829 0.010798 0.014341
internal_weight=202214 161539 22230 139309 70353 44645 4649 1818 1039 25708 11743 6855 297 688
internal_count=202214 161539 22230 139309 70353 44645 4649 1818 1039 25708 11743 6855 297 688
is_linear=0
shrinkage=0.05


Tree=226
num_leaves=15
num_cat=0
split_feature=51 45 43 53 47 56 13 26 33 16 42 13 38 53
split_gain=8.00425 9.31765 9.33222 13.752 14.0413 11.351 11.6094 27.6366 15.1787 11.2313 10.02 14.6469 11.5484 9.83868
threshold=0.91597560048103344 3.2106803655624394 2937.5000000000005 -0.93543598055839527 12.415004253387453 45.250000000000007 53.992856979370124 0.5530785620212556 7.5499999523162851 26.050000190734867 12.449999809265138 47.709226608276374 25.94999980926514 -0.80417042970657338
decision_type=2 2 10 2 2 2 2 2 2 2 2 2 2 2
left_child=1 -1 5 -4 -5 9 7 8 10 -3 12 -12 -7 -14
right_child=-2 2 3 4 -6 6 -8 -9 -10 -11 11 -13 13 -15
leaf_value=-0.00047075494556682822 0.00080827314959359259 0.0005421230182906711 0.028355112887351465 -0.0026506478194009602 0.02052684567279895 0.0028898450348261114 0.00029565874740461527 0.0012905011185974776 0.012515128944317345 -0.0027991853557652415 0.023817374915550298 -0.0022798545206749862 0.0029504326408496067 0.011248122292815597
leaf_weight=142064 25224 8673 85 321 73 1292 12381 5143 241 6120 152 88 196 59
leaf_count=142064 25224 8673 85 321 73 1292 12381 5143 241 6120 152 88 196 59
internal_value=-0.000100732 -0.000219563 0.00051329 0.00737219 0.00316832 0.000415513 0.00120591 0.00280532 0.00773307 -0.000629266 0.00607401 0.0154 0.00453757 0.0140566
internal_weight=202112 176888 34824 479 394 34345 19552 7171 2028 14793 1787 240 1547 255
internal_count=202112 176888 34824 479 394 34345 19552 7171 2028 14793 1787 240 1547 255
is_linear=0
shrinkage=0.05


Tree=227
num_leaves=15
num_cat=0
split_feature=18 8 52 55 52 16 38 46 13 14 26 52 15 33
split_gain=7.89061 8.36101 8.17276 19.2883 7.81875 18.7385 17.7428 15.8178 17.138 9.8343 8.67695 20.9415 16.4058 23.7047
threshold=40.049999237060554 21.44999980926514 0.99466374516487133 2.5000000000000004 0.98667103052139293 40.45000076293946 13.750000000000002 1.2500000000000002 41.563095092773445 13.189316749572756 0.55022689700126659 -0.8337765336036681 86.700000762939467 22.349999427795414
decision_type=2 2 2 2 2 2 2 2 2 2 2 2 2 2
left_child=2 -2 4 -4 10 7 -7 8 -6 -10 11 -1 13 -13
right_child=1 -3 3 -5 5 6 -8 -9 9 -11 -12 12 -14 -15
leaf_value=-0.0042433487281276147 0.0047790671555695535 -0.0020451406006964223 0.0018555357455931729 -0.0093951828742888377 0.00057460762309313989 0.0035520475061826167 0.016118823115881583 -0.0087862181417086901 0.0086824765457624801 0.0033092075011159974 -0.00017056343192579199 0.0018718957926103571 -0.001111424015704014 0.0065082361120098091
leaf_weight=3538 420 12533 2630 3738 1681 177 129 899 360 398 147330 21608 6781 428
leaf_count=3538 420 12533 2630 3738 1681 177 129 899 360 398 147330 21608 6781 428
internal_value=-8.4379e-05 -0.00127787 -2.82133e-06 -0.00176231 5.83879e-05 0.00234811 0.0139873 0.00124253 0.00332993 0.00951823 1.18244e-05 0.000753127 0.00119905 0.00186065
internal_weight=202650 12953 189697 6368 183329 3644 306 3338 2439 758 179685 32355 28817 22036
internal_count=202650 12953 189697 6368 183329 3644 306 3338 2439 758 179685 32355 28817 22036
is_linear=0
shrinkage=0.05


Tree=228
num_leaves=15
num_cat=0
split_feature=52 33 57 41 0 47 56 52 54 57 47 41 11 37
split_gain=7.79441 14.0523 13.3735 15.0301 7.9851 14.0927 9.77823 11.8731 9.14492 19.58 29.3594 14.3493 12.238 9.7815
threshold=0.99466374516487133 4.0499999523162851 65.583332061767592 90.500000000000014 136.19999694824222 6.5069205760955819 98.40000152587892 -0.88622298836708058 1.5000000000000002 83.283336639404311 7.4757819175720224 6.5000000000000009 155.74375152587893 87.500000000000014
decision_type=2 2 2 2 2 2 2 2 2 2 2 2 2 2
left_child=4 -2 -3 -4 8 6 -6 -8 9 10 -1 -12 13 -10
right_child=1 2 3 -5 5 -7 7 -9 12 -11 11 -13 -14 -15
leaf_value=0.0024124344305910396 -0.0060322885305067854 0.00056171119684265199 0.00035084735028141455 0.013590467094151695 -0.0044838603441254522 -0.007059755397550673 0.010932256820927433 4.1905128387481608e-05 0.00013135742077359367 0.00029730748121589934 -0.0012437958201958878 0.011031754407943363 0.0036514523860258791 -0.0013741734227683685
leaf_weight=1691 5147 1071 104 106 3042 4026 207 14150 141060 5807 56 191 1253 24218
leaf_count=1691 5147 1071 104 106 3042 4026 207 14150 141060 5807 56 191 1253 24218
internal_value=-9.61974e-05 -0.00180802 0.00286212 0.0140909 -3.98814e-05 -0.000950549 -0.000332875 0.000213335 7.21216e-05 0.00175048 0.00608829 0.0218482 -6.03574e-06 -4.3501e-05
internal_weight=202129 6428 1281 210 195701 21425 17399 14357 174276 7745 1938 247 166531 165278
internal_count=202129 6428 1281 210 195701 21425 17399 14357 174276 7745 1938 247 166531 165278
is_linear=0
shrinkage=0.05


Tree=229
num_leaves=15
num_cat=0
split_feature=38 23 53 44 23 42 13 47 40 50 15 40 51 56
split_gain=7.65325 10.1611 11.6709 17.7504 16.2025 11.7482 17.702 11.5312 10.7947 8.32124 8.17583 10.431 7.81138 7.71358
threshold=26.150000572204593 1.0349999666213991 -0.94703993201255787 -3.5578860044479366 0.61500000953674328 4.3500001430511483 52.153869628906257 7.2119023799896249 974.64999389648449 -0.91597560048103321 106.50000000000001 976.85000610351574 0.12940952181816107 89.500000000000014
decision_type=2 2 2 2 2 2 2 2 2 2 2 2 2 2
left_child=-1 2 4 9 8 13 12 -8 -2 -4 -3 -12 -7 -5
right_child=1 10 3 5 -6 6 7 -9 -10 -11 11 -13 -14 -15
leaf_value=-0.00022929668444736189 0.0011658021504813132 -0.0021267980369179275 0.0028032388449010224 0.0013641637678227729 0.0028542387282688105 -0.0016631895101026581 0.0095547318832858649 0.0017797792236435761 0.012672743108644764 -0.0030510550662109608 0.0013178928981082503 0.0092663467874686597 0.0086989297319737501 0.011484874294769805
leaf_weight=192034 85 2811 318 1489 1228 329 327 106 173 2456 513 50 125 53
leaf_count=192034 85 2811 318 1489 1228 329 327 106 173 2456 513 50 125 53
internal_value=-0.000133767 0.00120967 0.00233691 0.00121523 0.00622995 0.00432759 0.0088796 0.0159932 0.0173881 -0.00151581 -0.00102541 0.00442408 0.00189655 0.00166881
internal_weight=202097 10063 6689 5203 1486 2429 887 433 258 2774 3374 563 454 1542
internal_count=202097 10063 6689 5203 1486 2429 887 433 258 2774 3374 563 454 1542
is_linear=0
shrinkage=0.05


Tree=230
num_leaves=15
num_cat=0
split_feature=19 26 44 17 55 18 47 13 50 18 36 44 47 49
split_gain=8.42245 8.25812 14.5359 10.309 9.18771 9.84195 9.77847 17.2488 16.154 9.08492 8.77982 9.6276 10.8661 8.5817
threshold=17.550000190734867 0.8057118058204652 4.7123055458068857 -69.549999237060533 5.5000000000000009 -30.150000572204586 5.2316226959228525 36.552974700927741 -1.0000000180025095e-35 4.8500001430511483 8.7500000000000018 -4.1088528633117667 2.8926600217819218 1.0000000180025095e-35
decision_type=2 2 2 2 2 2 2 2 2 2 2 2 2 10
left_child=-1 3 10 13 5 -5 7 8 -6 -9 11 12 -3 -2
right_child=1 2 -4 4 6 -7 -8 9 -10 -11 -12 -13 -14 -15
leaf_value=0.0038049732567924273 0.0020134245550083086 0.0094472159719257414 -0.0061102239198382903 0.0017462190515890959 -0.00014998283471588902 3.3985985197083013e-05 -0.0017060111535524348 -0.0015292728732826282 0.013092844799890918 0.002993216027805834 -0.00060510860479718806 0.0011322795828840606 0.0024034492470486695 0.0057774861595811522
leaf_weight=2428 2407 84 6984 11310 75 114414 18194 1587 87 1144 40706 2646 103 653
leaf_count=2428 2407 84 6984 11310 75 114414 18194 1587 87 1144 40706 2646 103 653
internal_value=-8.68218e-05 -0.000122354 -0.000675105 6.40163e-05 4.05136e-06 0.000166064 -0.000961512 0.00173441 0.017093 0.000764318 -0.000335141 0.00235139 0.0130203 0.00293159
internal_weight=202822 200394 50523 149871 146811 125724 21087 2893 162 2731 43539 2833 187 3060
internal_count=202822 200394 50523 149871 146811 125724 21087 2893 162 2731 43539 2833 187 3060
is_linear=0
shrinkage=0.05


Tree=231
num_leaves=15
num_cat=0
split_feature=0 57 40 0 13 25 5 23 9 46 8 12 37 12
split_gain=7.0503 8.84832 12.0689 11.6218 11.4302 10.3159 10.5716 9.43831 9.14183 10.4811 9.13369 9.06165 8.59937 10.7201
threshold=249.15000152587893 174.48332977294925 990.85000610351574 139.00000000000003 118.05476379394533 58.549999237060554 141.80000305175784 1.6349999904632571 110.70000076293947 1.0000000180025095e-35 17.650000572204593 160.48402404785159 87.500000000000014 30.8256950378418
decision_type=2 2 2 2 2 2 2 2 2 2 2 2 2 2
left_child=1 3 4 5 -3 12 -7 10 9 -4 -5 -10 -1 -14
right_child=-2 2 8 7 -6 6 -8 -9 11 -11 -12 -13 13 -15
leaf_value=8.9333724049591042e-05 -0.0042692649039321028 0.0034897025207228163 0.0019342348701917762 0.0047424975640363645 -0.0020037668977016163 0.0035081996982142152 0.015272765093220063 0.0038085786548973308 0.0025042356195958586 0.0069616512176869571 -0.0021793508525554169 -0.00033398039084076882 0.0028400988531920124 -0.0014776590168179451
leaf_weight=151761 1870 317 962 206 2960 446 84 328 1155 514 12966 1788 1427 25764
leaf_count=151761 1870 317 962 206 2960 446 84 328 1155 514 12966 1788 1427 25764
internal_value=-0.000117202 -8.86463e-05 0.0015728 -0.000154982 -0.000725587 -4.8527e-05 0.00685185 -0.00156921 0.003275 0.00647375 -0.0017797 0.00165425 -6.93455e-05 -0.00088802
internal_weight=202548 200678 7696 192982 3277 179482 530 13500 4419 1476 13172 2943 178952 27191
internal_count=202548 200678 7696 192982 3277 179482 530 13500 4419 1476 13172 2943 178952 27191
is_linear=0
shrinkage=0.05


Tree=232
num_leaves=15
num_cat=0
split_feature=42 26 53 36 47 53 24 14 37 25 15 53 1 43
split_gain=7.85703 11.1194 14.1327 28.2997 37.3284 27.5876 17.5023 12.0228 11.3953 14.77 12.1292 19.6213 11.3452 11.1644
threshold=10.050000190734865 0.70084869861602794 0.31595529615879064 25.94999980926514 5.604724884033204 0.57605713605880748 26.500000000000004 29.034747123718265 91.500000000000014 4.7500000000000009 155.30000305175784 0.99988442659378063 94.65000152587892 347.50000000000006
decision_type=2 2 2 2 2 2 2 2 2 2 2 2 2 10
left_child=1 2 12 -4 6 -6 13 -7 10 -10 11 -3 -1 -5
right_child=-2 8 3 4 5 7 -8 -9 9 -11 -12 -13 -14 -15
leaf_value=0.00011302572941829226 -0.0011629959609490196 -0.00041273370929553407 0.00073939652194178701 0.0040494866028595467 -0.00017521036672008916 0.0081342738454041087 0.0017177536037264664 0.0010502869176740729 0.010530847348067173 0.00085330583428487182 -0.0028300582291244164 0.012881313725430896 -0.0044028268250756114 0.0080130329750612468
leaf_weight=69259 33575 37009 34697 182 1781 266 186 122 97 7474 12881 88 4150 466
leaf_count=69259 33575 37009 34697 182 1781 266 186 122 97 7474 12881 88 4150 466
internal_value=-6.31183e-05 7.59468e-05 0.000368118 0.00115486 0.00580319 0.00231987 0.0147275 0.0142211 -0.000488109 0.00131843 -0.000761984 -0.000302774 -3.60273e-05 0.0185562
internal_weight=202233 168658 111109 37700 3003 2169 834 388 57549 7571 49978 37097 73409 648
internal_count=202233 168658 111109 37700 3003 2169 834 388 57549 7571 49978 37097 73409 648
is_linear=0
shrinkage=0.05


Tree=233
num_leaves=15
num_cat=0
split_feature=38 54 12 52 43 23 41 40 40 57 43 3 57 20
split_gain=8.43713 11.5947 17.3352 19.9047 23.322 16.3554 18.4875 14.2757 13.1705 13.8521 10.5667 9.87187 9.83403 9.08826
threshold=5.0499999523162851 1.5000000000000002 111.77500152587892 0.43733377754688268 47.500000000000007 0.55500000715255748 97.500000000000014 994.64999389648449 990.85000610351574 174.48332977294925 492.50000000000006 188.85000610351565 70.816669464111342 103.25000000000001
decision_type=2 2 2 2 10 2 2 2 2 2 10 2 2 2
left_child=-1 2 3 4 -2 6 -6 12 -4 -10 -7 -11 -8 -3
right_child=1 13 8 -5 5 10 7 -9 9 11 -12 -13 -14 -15
leaf_value=-0.0022024839439891098 -5.6720628039708685e-05 -3.049190016823034e-05 -0.0028620933446177211 0.0005481565247930667 0.0010292760530246899 0.004341092090731454 0.0036544409208628353 -0.0017103937638339674 -4.0724862973170197e-05 0.0037097370611365471 0.009661924463406274 0.00043055825484225097 0.010564696532504173 -0.0018022549996602466
leaf_weight=10029 518 166120 3189 1815 416 173 86 75 4408 1501 92 874 228 12628
leaf_count=10029 518 166120 3189 1815 416 173 86 75 4408 1501 92 874 228 12628
internal_value=-9.05721e-05 -1.67344e-05 0.00140269 0.00447846 0.00854818 0.0127315 0.00898773 0.0166792 0.000349628 0.00159502 0.0233636 0.00466457 0.0212346 -0.000123017
internal_weight=202152 192123 13375 3403 1588 1070 805 389 9972 6783 265 2375 314 178748
internal_count=202152 192123 13375 3403 1588 1070 805 389 9972 6783 265 2375 314 178748
is_linear=0
shrinkage=0.05


Tree=234
num_leaves=15
num_cat=0
split_feature=0 54 57 47 37 16 0 49 53 57 26 16 47 6
split_gain=7.71207 8.83107 17.5983 25.2222 14.7279 11.5216 13.5134 14.1781 12.433 10.4655 9.75515 9.61477 17.3458 12.4536
threshold=214.90000152587893 1.5000000000000002 83.283336639404311 7.4518873691558847 84.500000000000014 86.850002288818374 81.40000152587892 187.50000000000003 0.99988442659378063 66.350002288818374 0.61985480785369884 94.299999237060561 6.4156556129455575 179.50000000000003
decision_type=2 2 2 2 2 2 2 8 2 2 2 2 2 2
left_child=1 2 3 -1 -4 6 -3 10 -9 -5 -8 12 13 -7
right_child=-2 5 4 9 -6 11 7 8 -10 -11 -12 -13 -14 -15
leaf_value=0.0021561410202794048 -0.0020856483558956865 5.9429618367814564e-05 -0.0019713464353300191 0.010368032126433509 0.0013325194076989947 0.0068089913192065192 -0.0050989314957367955 -0.0041497694083537338 0.0077841508177854488 0.0096597880939367393 4.0740425756798462e-05 0.00049815351840068586 6.9903050381643401e-06 0.0003905247869182027
leaf_weight=2083 4377 142439 4564 70 7297 538 3110 12235 102 198 21886 2445 713 243
leaf_count=2083 4377 142439 4564 70 7297 538 3110 12235 102 198 21886 2445 713 243
internal_value=-6.57419e-05 -1.97806e-05 0.00118056 0.00512283 0.0003955 -0.000112699 -0.000171375 -0.001018 -0.00240423 0.0192806 -0.000333121 0.00255887 0.00570479 0.0108028
internal_weight=202300 197923 14212 2351 11861 183711 179772 37333 12337 268 24996 3939 1494 781
internal_count=202300 197923 14212 2351 11861 183711 179772 37333 12337 268 24996 3939 1494 781
is_linear=0
shrinkage=0.05


Tree=235
num_leaves=15
num_cat=0
split_feature=38 17 4 27 56 14 49 27 20 26 54 38 15 33
split_gain=8.11755 7.70517 10.3748 14.3652 8.6483 8.60053 8.52384 9.38666 8.24277 7.8792 13.0011 14.6508 13.9128 15.5975
threshold=2.7500000000000004 -29.349999427795407 81.40000152587892 10.750000000000002 165.55000305175784 30.288627624511722 -27.499999999999996 5.6499998569488534 20.750000000000004 0.53730300068855297 8.5000000000000018 15.150000095367433 88.599998474121108 0.15000000223517421
decision_type=2 2 2 2 2 2 10 2 2 2 2 2 2 2
left_child=-1 6 3 -3 -4 -6 -2 -8 -9 10 11 -5 13 -13
right_child=1 2 4 9 5 -7 7 8 -10 -11 -12 12 -14 -15
leaf_value=-0.0047259149335636824 0.00016205526345987637 0.0028071493691429511 -0.0013705025805867328 -0.00083514825393040694 0.0025066528395644577 5.5447063939237266e-05 0.006615853999277381 0.0040584854843234396 0.00075142529241564043 -0.0002691518416292849 -0.0043021281555348789 0.0049506199551054182 -0.00098523327486009266 0.0012839797267626435
leaf_weight=3640 17457 3465 28330 10047 713 6165 202 2867 5828 104896 2211 5471 3474 7424
leaf_count=3640 17457 3465 28330 10047 713 6165 202 2867 5828 104896 2211 5471 3474 7424
internal_value=-4.69844e-05 -4.0302e-06 -0.000125897 7.08758e-05 -0.000891307 0.000698315 0.000791988 0.00205063 0.00179494 -1.17211e-05 0.000723364 0.00103194 0.00195403 0.00271019
internal_weight=202190 198550 172196 136988 35208 6878 26354 8897 8695 133523 28627 26416 16369 12895
internal_count=202190 198550 172196 136988 35208 6878 26354 8897 8695 133523 28627 26416 16369 12895
is_linear=0
shrinkage=0.05


Tree=236
num_leaves=15
num_cat=0
split_feature=37 0 37 16 16 54 36 54 38 43 41 52 13 38
split_gain=7.0761 7.53571 9.70436 9.24298 11.4836 18.0112 13.0636 8.91698 18.6693 11.087 18.101 15.6594 12.9827 12.176
threshold=18.500000000000004 136.19999694824222 71.500000000000014 86.850002288818374 93.500000000000014 10.500000000000002 20.750000000000004 1.5000000000000002 12.650000095367433 57.500000000000007 99.500000000000014 0.43733377754688268 126.08214569091798 7.7500000000000009
decision_type=2 2 2 2 2 2 2 2 2 8 2 2 2 2
left_child=-1 3 -3 7 5 -5 -7 8 9 -2 12 13 -11 -12
right_child=1 2 -4 4 -6 6 -8 -9 -10 10 11 -13 -14 -15
leaf_value=-0.0046172412937734433 -0.00075265734874707809 -0.0036692026448825032 -0.00014417883136827637 -0.0035377906845913162 0.00067157046357893318 0.0039728183511063102 0.0081527439555056785 -5.3437772332597355e-05 0.010002438907492542 0.0029620455546870779 0.006032514938005799 -0.0024895731313881739 -0.001761603509908551 0.00993940037691219
leaf_weight=5485 2372 6640 14794 263 2469 446 175 165618 56 1445 255 198 1677 272
leaf_count=5485 2372 6640 14794 263 2469 446 175 165618 56 1445 255 198 1677 272
internal_value=-8.19846e-05 -3.25397e-05 -0.000917274 7.57166e-05 0.00267172 0.00752796 0.0121157 2.49257e-05 0.00187351 0.00159014 0.00324475 0.0103061 0.00157727 0.0147393
internal_weight=202165 196680 21434 175246 3353 884 621 171893 6275 6219 3847 725 3122 527
internal_count=202165 196680 21434 175246 3353 884 621 171893 6275 6219 3847 725 3122 527
is_linear=0
shrinkage=0.05


Tree=237
num_leaves=15
num_cat=0
split_feature=47 57 45 0 43 36 16 13 47 54 13 52 53 57
split_gain=8.95446 13.3844 15.8524 10.4241 10.1837 9.46182 8.9638 8.0183 18.2813 13.6253 15.1547 15.8217 14.7073 21.2888
threshold=3.358476042747498 27.149999618530277 -1.2976862788200376 186.50000000000003 12.500000000000002 7.8500001430511483 33.000000000000007 128.87738037109378 12.415004253387453 11.500000000000002 60.847618103027351 -0.34235668182373041 0.8930937945842744 64.51666641235353
decision_type=2 2 2 2 8 2 2 2 2 2 2 2 2 2
left_child=1 2 -1 7 -5 -3 -7 9 -9 12 11 -11 -2 -14
right_child=3 5 -4 4 -6 6 -8 8 -10 10 -12 -13 13 -15
leaf_value=0.009568571547191769 -0.00017160609298335459 0.0031627291582807882 -0.0079401976222649266 0.0035157061366021553 -0.0029185991795601194 0.0018028976408674966 -0.00044901547017152854 0.0007086478033500182 0.0080963496744844571 0.01385953512936945 -0.0041208940455534178 0.001346506201755355 0.005827052585208211 0.0013847468265406036
leaf_weight=80 162239 1258 58 179 6131 2733 6115 12463 109 89 8314 523 395 1686
leaf_count=80 162239 1258 58 179 6131 2733 6115 12463 109 89 8314 523 395 1686
internal_value=-8.60266e-05 0.00135362 0.0162838 -0.000162853 -0.00215981 0.00113385 0.0005543 -9.49277e-05 0.00112383 -0.000183429 -0.00208483 0.00545016 -8.00231e-05 0.00408656
internal_weight=202372 10244 138 192128 6310 10106 8848 185818 12572 173246 8926 612 164320 2081
internal_count=202372 10244 138 192128 6310 10106 8848 185818 12572 173246 8926 612 164320 2081
is_linear=0
shrinkage=0.05


Tree=238
num_leaves=15
num_cat=0
split_feature=8 53 16 9 56 13 43 0 37 9 38 15 13 52
split_gain=7.40956 7.58748 15.7699 15.6395 11.5712 11.3583 10.1467 10.0385 12.5047 8.93319 8.52465 16.6868 28.1717 18.4412
threshold=190.25000000000003 0.9800505042076112 35.549999237060554 181.35000610351565 179.05000305175784 137.67380523681643 41.875000000000007 125.05000305175783 96.500000000000014 198.34999847412112 8.3499999046325701 138.55000305175784 49.907440185546882 -0.70291268825530995
decision_type=2 2 2 2 2 2 10 2 2 2 2 2 2 2
left_child=1 7 3 -3 6 -6 -4 10 -9 -10 -1 -12 -13 -14
right_child=-2 2 4 -5 5 -7 -8 8 9 -11 11 12 13 -15
leaf_value=-0.0012994644133488286 -0.0016882458212761531 0.001898710193120063 -0.0019993816577071281 0.009973595456130557 0.0031500627126410867 0.0010676140362717221 0.0014678250209075429 -0.0020780765350538136 0.0011277122010986589 0.0049525067953611612 6.0657759482101929e-06 0.01356352914418495 0.0031179845414521135 -8.9634906510474869e-05
leaf_weight=22291 7280 210 2768 163 1070 1729 3389 14181 1078 243 135329 629 4184 7850
leaf_count=22291 7280 210 2768 163 1070 1729 3389 14181 1078 243 135329 629 4184 7850
internal_value=-6.72924e-05 -8.8161e-06 0.00138184 0.0113185 0.000955832 0.00361516 -0.000257014 -7.8717e-05 -0.00129642 0.00333959 3.2208e-05 0.000169524 0.00190444 0.00136001
internal_weight=202394 195114 9329 373 8956 2799 6157 185785 15502 1321 170283 147992 12663 12034
internal_count=202394 195114 9329 373 8956 2799 6157 185785 15502 1321 170283 147992 12663 12034
is_linear=0
shrinkage=0.05


Tree=239
num_leaves=15
num_cat=0
split_feature=18 7 38 55 13 37 51 13 40 37 45 42 14 13
split_gain=7.08415 8.05355 6.54193 12.0393 15.2279 22.0973 14.2487 12.0374 11.9268 17.9775 12.5338 11.1124 7.69598 7.25663
threshold=40.049999237060554 8.9000000953674334 6.0499999523162851 2.5000000000000004 76.527084350585952 77.500000000000014 0.12940952181816107 29.788095474243168 986.54998779296886 58.500000000000007 -6.4717185497283927 19.550000190734867 5.0966436862945566 29.208929061889652
decision_type=2 2 2 2 2 2 2 2 2 2 2 2 2 2
left_child=2 -2 3 4 5 6 -1 -8 -9 10 -10 -5 -4 -14
right_child=1 -3 12 11 -6 -7 7 8 9 -11 -12 -13 13 -15
leaf_value=-0.0021217136723615869 0.0050132167393585883 -0.0017392196031238028 -0.0017677347060827645 -0.0036856305300401342 -0.0021353008927825867 0.011568780299218141 0.012919862947100486 -0.002248225532878709 0.0044587475567807204 0.0010712048837457203 0.012612549008235718 0.021412060198213297 -0.0038346371583104543 0.00023316183200517427
leaf_weight=1634 196 12675 9113 7818 2801 148 126 525 128 369 202 54 4520 161833
leaf_count=1634 196 12675 9113 7818 2801 148 126 525 128 369 202 54 4520 161833
internal_value=-8.46405e-05 -0.00121924 -7.42402e-06 -0.00105501 0.000645296 0.00303628 0.00206413 0.00584559 0.00423825 0.00846967 0.0167647 -0.0023357 7.50518e-05 0.000152587
internal_weight=202142 12871 189271 13805 5933 3132 2984 1350 1224 699 330 7872 175466 166353
internal_count=202142 12871 189271 13805 5933 3132 2984 1350 1224 699 330 7872 175466 166353
is_linear=0
shrinkage=0.05


Tree=240
num_leaves=15
num_cat=0
split_feature=51 50 50 49 43 50 24 46 53 52 40 16 42 47
split_gain=9.10103 21.4662 20.437 13.7798 12.6806 16.4384 12.1032 11.4676 28.0961 26.9615 10.9867 12.3975 10.1411 9.91512
threshold=0.12940952181816107 -0.37940952181816096 0.12940952181816109 -8.7499999999999982 327.50000000000006 0.91597560048103344 9.5000000000000018 1.6500000357627871 -0.99465739727020253 0.056951373815536506 971.95001220703136 17.94999980926514 3.7500000000000004 8.6080665588378924
decision_type=2 2 2 8 8 2 2 2 2 2 2 2 2 2
left_child=1 10 3 12 5 6 -3 8 9 -6 11 13 -2 -1
right_child=2 4 -4 -5 7 -7 -8 -9 -10 -11 -12 -13 -14 -15
leaf_value=0.027524676925119798 -0.0014444934761194024 0.0031517839274821055 -0.00072236193048842007 0.0017446722099855724 0.003903258042848628 -0.00040827302001703584 0.0002538743910664356 -0.0019736335475385594 -6.9139898149566186e-06 0.0077058412513936574 -0.001900240100744535 0.0010919699677626475 0.00079646328733102656 -0.0094751089632625716
leaf_weight=85 7191 9264 42155 21479 270 13921 5155 14560 24150 142 39528 2518 21901 50
leaf_count=85 7191 9264 42155 21479 270 13921 5155 14560 24150 142 39528 2518 21901 50
internal_value=-0.000101272 -0.000409612 0.000263327 0.000940965 0.000143614 0.000948852 0.00213147 -0.000439795 0.000219354 0.0130095 -0.00129423 0.00181562 0.000231598 0.0160345
internal_weight=202369 109643 92726 50571 67462 28340 14419 39122 24562 412 42181 2653 29092 135
internal_count=202369 109643 92726 50571 67462 28340 14419 39122 24562 412 42181 2653 29092 135
is_linear=0
shrinkage=0.05


Tree=241
num_leaves=15
num_cat=0
split_feature=0 47 49 57 53 0 28 53 15 53 52 26 13 34
split_gain=7.76023 8.57833 7.65654 14.803 14.4578 12.6989 10.2736 12.8302 11.0939 16.7167 10.0054 11.1998 18.1988 11.5938
threshold=163.6499938964844 5.887965440750123 -27.499999999999996 48.95000076293946 -0.99983122944831837 26.150000572204593 33.500000000000007 -0.95242238044738758 33.95000076293946 -0.42958799004554743 0.81925055384635936 0.39753843843936926 41.306547164916999 -0.55000001192092884
decision_type=2 2 10 2 2 2 2 2 2 2 2 2 2 2
left_child=2 -2 5 6 -5 -1 7 -4 9 -9 11 12 13 -8
right_child=1 -3 3 4 -6 -7 10 8 -10 -11 -12 -13 -14 -15
leaf_value=0.0014215720181161642 -0.00054254713532539097 -0.0065671878257250755 0.012427006838756728 0.012399497082838724 0.0008918515296989874 -0.00061130395059141634 0.0012270064113132806 0.016081300736968011 0.0011604104426276762 -0.0025102292253887325 -0.0039932597980815096 -0.00041027717580548965 0.0014539875897782307 0.014991137609957104
leaf_weight=15826 9788 2535 151 173 50897 81996 65 118 3870 135 8930 26883 657 116
leaf_count=15826 9788 2535 151 173 50897 81996 65 118 3870 135 8930 26883 657 116
internal_value=-5.88684e-05 -0.00127422 2.00961e-05 0.000347534 0.00091523 -0.000287842 -0.000360939 0.00195611 0.00141181 0.0113498 -0.000631599 -0.000162455 0.00549528 0.0190838
internal_weight=202140 12323 189817 91995 51070 97822 40925 4274 4123 253 36651 27721 838 181
internal_count=202140 12323 189817 91995 51070 97822 40925 4274 4123 253 36651 27721 838 181
is_linear=0
shrinkage=0.05


Tree=242
num_leaves=15
num_cat=0
split_feature=51 50 50 49 38 53 43 44 52 43 53 12 26 26
split_gain=8.34008 17.9983 15.6698 12.2441 12.2308 12.6796 12.3777 11.0984 10.7367 8.7416 8.72747 15.2461 8.44662 14.1698
threshold=0.12940952181816107 0.12940952181816109 0.12940952181816109 -8.7499999999999982 10.84999990463257 0.99958848953247081 452.50000000000006 -3.423660039901733 -0.97876849770545948 767.50000000000011 -0.99983122944831837 57.451389312744148 0.63856428861618053 0.70084869861602794
decision_type=2 2 2 8 2 2 8 2 2 8 2 2 2 2
left_child=2 3 4 -2 -1 8 -7 -4 -6 12 11 -10 -9 -14
right_child=1 -3 7 -5 5 6 -8 9 10 -11 -12 -13 13 -15
leaf_value=-0.0031246889988957739 0.00025226992029939789 -0.00065344058831771229 -0.00084179215556124765 0.0016400898428165786 -0.0037742185249239608 4.7509738339219254e-05 0.0078245883850244363 -0.00068846194439985099 -0.00048634922518213711 -0.00064526343215196523 -0.00030962987851066077 0.016392567341596057 0.0038323142652300184 0.00067932458837401165
leaf_weight=19281 29005 41996 19585 21557 4107 124 87 4568 180 8330 35108 123 8343 10006
leaf_count=19281 29005 41996 19585 21557 4107 124 87 4568 180 8330 35108 123 8343 10006
internal_value=-8.05308e-05 0.000269098 -0.000375142 0.000904452 -0.000929347 -0.000427667 0.0115158 0.000268281 -0.000494334 0.000853088 -0.000213293 0.00809904 0.00135713 0.00183588
internal_weight=202400 92558 109842 50562 59010 39729 211 50832 39518 31247 35411 303 22917 18349
internal_count=202400 92558 109842 50562 59010 39729 211 50832 39518 31247 35411 303 22917 18349
is_linear=0
shrinkage=0.05


Tree=243
num_leaves=15
num_cat=0
split_feature=25 46 38 53 53 45 57 47 53 36 0 29 24 44
split_gain=6.72561 9.80215 8.72016 14.4024 16.2631 13.4456 8.39888 12.7472 9.48251 21.0639 8.64145 11.5761 8.29996 8.63335
threshold=7.9500000476837167 29.050000190734867 25.650000572204593 -0.65883892774581898 -0.64580103754997242 1.0000000180025095e-35 32.916667938232429 3.358476042747498 0.39629089832305914 28.94999980926514 30.349999427795414 17.550000190734867 50.500000000000007 -11.500175476074217
decision_type=2 2 2 2 2 2 2 2 2 2 2 2 2 2
left_child=-1 6 -3 -4 5 -5 7 8 -2 -10 11 -8 -9 -14
right_child=1 2 3 4 -6 -7 10 12 9 -11 -12 -13 13 -15
leaf_value=0.00098894149460063445 -0.01298288114731474 -0.0049045021565435757 -0.000491353073156428 0.0010646983336735462 -0.0054361806969202911 0.015139522885180633 0.0014747794080237759 -0.0023851019897236157 0.0030270068731068208 0.010445475699888136 -6.1092750419029925e-05 0.013499229708900426 0.012367667233237173 0.00054300655988340023
leaf_weight=21853 93 5675 2031 54 94 72 10458 17962 153 81 139658 333 201 3306
leaf_count=21853 93 5675 2031 54 94 72 10458 17962 153 81 139658 333 201 3306
internal_value=-6.27134e-05 -0.000163198 -0.0018813 0.000749667 0.0126087 0.0236765 -8.40336e-05 -0.0010011 0.00864985 0.0138525 4.88826e-05 0.00141144 -0.00115206 0.00107051
internal_weight=202024 180171 7926 2251 220 126 172245 21796 327 234 150449 10791 21469 3507
internal_count=202024 180171 7926 2251 220 126 172245 21796 327 234 150449 10791 21469 3507
is_linear=0
shrinkage=0.05


Tree=244
num_leaves=15
num_cat=0
split_feature=0 47 16 36 27 16 38 55 16 16 36 52 38 15
split_gain=7.69682 13.6844 7.76328 9.37973 13.4179 10.4949 7.69575 16.4975 9.22771 16.8886 9.62932 12.7136 9.11135 8.90438
threshold=137.59999847412112 6.5768542289733896 86.850002288818374 18.94999980926514 25.44999980926514 93.500000000000014 8.0500001907348651 2.5000000000000004 16.650000572204593 14.84999990463257 22.44999980926514 -0.57078385353088368 6.5499999523162851 172.05000305175784
decision_type=2 2 2 2 2 2 2 2 2 2 2 2 2 2
left_child=2 -2 6 -4 5 -5 7 8 9 -1 11 -10 -11 -8
right_child=1 -3 3 4 -6 -7 13 -9 10 12 -12 -13 -14 -15
leaf_value=0.0016097003237004804 -0.0003289688821536803 -0.006769080041785021 0.00052925896206536065 0.0071412594882980093 -0.00077056045960021921 0.0021572343593582758 -8.3414373122975603e-06 -0.0031738846410512816 0.010235352956111249 0.0085038518420142376 -0.0058061555902564916 0.00071891384993394989 -0.00071511608570684355 0.0021384751328440686
leaf_weight=1453 17160 3816 2577 207 377 353 149781 12563 96 314 2414 5765 106 5214
leaf_count=1453 17160 3816 2577 207 377 353 149781 12563 96 314 2414 5765 106 5214
internal_value=-0.000121808 -0.00102831 -1.68306e-05 0.00230704 0.00656283 0.0114035 -6.29106e-05 -0.000922276 0.000576884 0.00373606 -0.000141824 0.000952988 0.0124419 6.30613e-05
internal_weight=202196 20976 181220 3514 937 560 177706 22711 10148 1873 8275 5861 420 154995
internal_count=202196 20976 181220 3514 937 560 177706 22711 10148 1873 8275 5861 420 154995
is_linear=0
shrinkage=0.05


Tree=245
num_leaves=15
num_cat=0
split_feature=55 15 13 33 33 12 9 13 15 33 53 55 13 23
split_gain=7.01747 8.55487 14.4521 22.0863 24.6568 19.4777 17.0742 14.4049 26.8225 22.5748 14.3405 33.5458 32.2102 28.0379
threshold=5.5000000000000009 68.599998474121108 59.588689804077156 3.7500000000000004 8.1500000953674334 43.815277099609382 35.250000000000007 52.153869628906257 138.55000305175784 9.0500001907348651 -0.54940786957740773 2.5000000000000004 31.841368675231937 0.38499999046325689
decision_type=2 2 2 2 2 2 2 2 2 2 2 2 2 2
left_child=1 2 10 6 5 -5 -4 8 -3 -10 11 -1 13 -13
right_child=-2 7 3 4 -6 -7 -8 -9 9 -11 -12 12 -14 -15
leaf_value=-0.0012718728362372028 -0.00089269585809246665 -0.0023709510682478961 0.01001873182041667 0.018584432177466328 0.0022569764880399335 0.0088092376571923033 0.00035706319542435299 0.00010269871840350267 0.0049661367912389141 0.018966271646096627 -0.0007501798807816295 0.015437548813842437 0.0024458677726335366 0.0017972518389884626
leaf_weight=10671 28793 25215 321 120 806 681 4629 89803 979 116 26605 781 12318 618
leaf_count=10671 28793 25215 321 120 806 681 4629 89803 979 116 26605 781 12318 618
internal_value=-6.75681e-05 5.23098e-05 0.000550728 0.00275849 0.0078324 0.0139889 0.00109879 -0.000194752 -0.00122341 0.00640271 0.000266356 0.0011419 0.00277664 0.00993967
internal_weight=202456 173663 57550 6557 1607 801 4950 116113 26310 1095 50993 24388 13717 1399
internal_count=202456 173663 57550 6557 1607 801 4950 116113 26310 1095 50993 24388 13717 1399
is_linear=0
shrinkage=0.05


Tree=246
num_leaves=15
num_cat=0
split_feature=47 26 53 53 40 53 33 53 37 56 45 32 43 48
split_gain=7.6358 11.2115 22.4051 23.917 29.3891 12.6326 17.8301 11.9192 11.5516 15.115 12.3857 12.26 12.1456 10.769
threshold=4.3622796535491952 0.8057118058204652 -0.21022038161754605 -0.24372464418411252 982.25000000000011 -0.94703993201255787 1.0500000119209292 0.99530133605003368 90.500000000000014 128.30000305175784 -3.2779376506805415 -9.6493945121765119 1362.5000000000002 6.8500001430511483
decision_type=2 2 2 2 2 2 2 2 2 2 2 2 8 2
left_child=13 8 3 5 -5 6 -3 -4 9 -2 -11 -10 -12 -1
right_child=1 2 7 4 -6 -7 -8 -9 11 10 12 -13 -14 -15
leaf_value=0.00087152133492641353 -2.0393583502962683e-05 -0.0044081337233157101 -0.0043078138874504263 -0.00035941785635235394 0.012694771584005296 -0.00070066345178291601 0.0078185687369876061 0.0029420739494208422 0.0052139821342982425 -0.00039907417434991609 0.0037095766341985973 -0.0018425489120096159 -0.0049879025420525832 -0.0025567302596436786
leaf_weight=24444 121839 556 17863 259 224 9142 1052 1007 412 2347 3852 15293 421 3404
leaf_count=24444 121839 556 17863 259 224 9142 1052 1007 412 2347 3852 15293 421 3404
internal_value=-0.000106 -0.000228861 -0.00110633 0.000661299 0.01143 0.000167285 0.0042398 -0.00215837 -4.55711e-05 0.000110959 0.0024359 -0.00132517 0.00403572 0.000662645
internal_weight=202115 174267 30103 11233 483 10750 1608 18870 144164 128459 6620 15705 4273 27848
internal_count=202115 174267 30103 11233 483 10750 1608 18870 144164 128459 6620 15705 4273 27848
is_linear=0
shrinkage=0.05


Tree=247
num_leaves=15
num_cat=0
split_feature=8 54 12 52 39 37 57 41 57 26 37 49 7 53
split_gain=7.66144 8.16567 12.8791 13.4489 17.947 11.3654 10.5282 13.1701 10.2121 15.9576 8.07768 8.78859 7.83694 9.52268
threshold=190.25000000000003 1.5000000000000002 111.77500152587892 0.43733377754688268 1.0000000180025095e-35 74.500000000000014 96.750000000000014 11.500000000000002 91.533332824707045 0.97486475110054027 98.500000000000014 -8.7499999999999982 33.95000076293946 -0.99983122944831837
decision_type=2 2 2 2 2 2 2 2 2 2 2 10 2 2
left_child=1 2 3 4 6 -4 7 -1 9 -7 -10 -12 -3 -14
right_child=-2 12 5 -5 -6 8 -8 -9 10 -11 11 -13 13 -15
leaf_value=0.0017786982979822018 -0.0018147303200990639 0.00065903639550976025 -0.0069720034855565161 0.00043230579661747551 0.0098071974413138988 0.008983515598026794 0.00032109081205790638 0.0076232371512978741 -0.00023118980014635396 -0.0065214882863714879 0.0012274029105763347 0.005969587622553665 0.0048185242311115373 -0.00033159831022279462
leaf_weight=555 7311 40608 1520 1977 113 95 716 570 5184 84 1378 358 934 140811
leaf_count=555 7311 40608 1520 1977 113 95 716 570 5184 84 1378 358 934 140811
internal_value=-5.86985e-05 9.47949e-07 0.00123408 0.00360188 0.00653259 0.000151233 0.00526472 0.00825991 0.000992403 0.0124603 0.000678209 0.0036197 -8.3982e-05 -0.000259428
internal_weight=202214 194903 12550 3931 1954 8619 1841 1125 7099 179 6920 1736 182353 141745
internal_count=202214 194903 12550 3931 1954 8619 1841 1125 7099 179 6920 1736 182353 141745
is_linear=0
shrinkage=0.05


Tree=248
num_leaves=15
num_cat=0
split_feature=19 7 57 53 30 40 13 12 53 38 43 47 15 13
split_gain=7.17734 7.04078 7.93312 10.8613 11.0217 12.3162 10.3031 9.57101 10.9748 14.1501 15.0569 9.93675 10.9156 11.7461
threshold=390.70001220703131 24.550000190734867 33.216667175292976 -0.81427544355392445 77.500000000000014 971.75000000000011 31.137797355651859 37.24861145019532 -0.82413947582244862 6.1499998569488534 12.500000000000002 6.3100724220275888 55.350000381469734 38.446130752563484
decision_type=2 2 2 2 10 2 2 2 2 2 10 2 2 2
left_child=1 -1 3 4 -3 -6 -7 8 -4 10 -10 12 -11 -14
right_child=-2 2 7 -5 5 6 -8 -9 9 11 -12 -13 13 -15
leaf_value=0.0011610634756374632 -0.008303014576333808 -0.0011908340078668849 0.0060113444049831842 -0.0025567933684505421 0.020403954921430729 0.014663237875953476 0.0019614750273038756 -0.00012856889623073879 0.0095797016715856442 0.00077775870596977735 -0.0047468439589060151 -0.0012234338924021248 0.0022806353588358886 0.0073708367181720656
leaf_weight=17003 1393 1779 1572 18164 142 65 1736 152892 170 1200 123 5403 331 283
leaf_count=17003 1393 1779 1572 18164 142 65 1736 152892 170 1200 123 5403 331 283
internal_value=-8.19725e-05 -5.70771e-05 -0.000147116 -0.00104037 0.00141747 0.00401178 0.00284097 -2.63618e-05 0.00154971 0.000751329 0.0113366 0.000306488 0.00349781 0.00886218
internal_weight=202256 200863 183860 21886 3722 1943 1801 161974 9082 7510 293 7217 1814 614
internal_count=202256 200863 183860 21886 3722 1943 1801 161974 9082 7510 293 7217 1814 614
is_linear=0
shrinkage=0.05


Tree=249
num_leaves=15
num_cat=0
split_feature=44 43 52 40 38 52 52 49 28 49 38 52 40 55
split_gain=6.8718 13.1194 28.2197 12.9369 9.3161 9.80447 15.2338 9.14017 20.4828 18.1173 13.4921 21.9247 19.3675 24.7751
threshold=5.8001849651336679 62.500000000000007 0.98802474141120922 985.04998779296886 23.650000572204593 -0.65234524011611927 -0.54939359426498402 -19.374999999999996 58.500000000000007 62.500000000000007 16.94999980926514 0.61237135529518139 975.35000610351574 1.0000000180025095e-35
decision_type=2 8 2 2 2 2 2 8 2 8 2 2 2 2
left_child=7 2 -2 -4 -3 -6 -7 -1 10 -10 -9 -12 -13 -14
right_child=1 4 3 -5 5 6 -8 8 9 -11 11 12 13 -15
leaf_value=-0.00048997684348619629 0.00082730288648000618 -0.0025395978327820284 -0.0037123921105522901 0.015064193276733008 -0.00023876876112149969 0.0091604356215254645 0.0022292132503986444 0.0010749628775235393 0.00095609147835942635 -0.00063475858565014722 0.0021642210555697723 0.018127576578614645 0.012366952459579098 0.0035474476411310909
leaf_weight=73456 4589 20190 50 138 832 97 308 19753 24339 51105 5654 199 276 1127
leaf_count=73456 4589 20190 50 138 832 97 308 19753 24339 51105 5654 199 276 1127
internal_value=-9.43249e-05 -0.000849547 0.00151765 0.02 -0.00137776 0.00281876 0.00909638 1.82174e-05 0.000323384 -9.96646e-05 0.00150468 0.00334709 0.00849255 0.00632342
internal_weight=202113 26204 4777 188 21427 1237 405 175909 102453 75444 27009 7256 1602 1403
internal_count=202113 26204 4777 188 21427 1237 405 175909 102453 75444 27009 7256 1602 1403
is_linear=0
shrinkage=0.05


Tree=250
num_leaves=15
num_cat=0
split_feature=38 44 43 52 52 40 42 16 13 44 47 26 52 7
split_gain=7.1144 10.0795 8.94681 10.6544 32.5889 22.1235 13.1415 9.88575 9.84476 7.52235 7.4474 14.4889 13.039 13.6722
threshold=26.150000572204593 0.69591933488845836 452.50000000000006 -0.18492533266544339 -0.031173458322882649 972.85000610351574 6.5499999523162851 66.000000000000014 37.939880371093757 -3.1998717784881587 4.0419089794158944 0.94248196482658397 -0.96689236164093006 44.049999237060554
decision_type=2 2 10 2 2 2 2 2 2 2 2 2 2 2
left_child=10 2 3 9 5 6 -5 -4 -7 -2 -1 -12 13 -13
right_child=1 -3 7 4 -6 8 -8 -9 -10 -11 11 12 -14 -15
leaf_value=0.00063893100055117946 -0.00054316227256664745 0.0044577471509642764 -0.0023313284096853652 0.0015337115061880148 -0.0026746849205693053 0.0056285774592493981 0.009625561405590401 0.0064676450335380475 -0.0015675502702760385 0.0043611925529134666 -0.00011233946087783351 0.0095383124486955132 -0.0028923715890571181 -1.8146553064012118e-05
leaf_weight=20709 3301 1145 2919 53 564 61 169 53 141 1672 152758 183 18124 342
leaf_count=20709 3301 1145 2919 53 564 61 169 53 141 1672 152758 183 18124 342
internal_value=-8.39263e-05 0.00121035 0.000641282 0.00175766 0.00647294 0.0167742 0.0273276 -0.00159625 0.00443396 0.000809752 -0.000151881 -0.000260098 -0.00157538 0.00612149
internal_weight=202194 10078 8933 5961 988 424 222 2972 202 4973 192116 171407 18649 525
internal_count=202194 10078 8933 5961 988 424 222 2972 202 4973 192116 171407 18649 525
is_linear=0
shrinkage=0.05


Tree=251
num_leaves=15
num_cat=0
split_feature=19 46 53 40 47 53 37 49 28 42 25 38 42 54
split_gain=6.54312 10.0588 12.8042 18.3845 13.9146 12.5974 10.9703 12.4149 26.4238 11.1098 10.6446 16.3875 14.9945 11.2099
threshold=47.649999618530281 6.0499999523162851 -0.21022038161754605 985.85000610351574 6.9672570228576669 -0.22700609266757962 36.500000000000007 -27.499999999999996 58.500000000000007 5.4500000476837167 12.650000095367433 16.750000000000004 6.0499999523162851 5.5000000000000009
decision_type=2 2 2 2 2 2 2 10 2 2 2 2 2 2
left_child=-1 6 3 4 5 -3 -2 -8 10 -10 11 -9 -13 -14
right_child=1 2 -4 -5 -6 -7 7 8 9 -11 -12 12 13 -15
leaf_value=0.00073993945440139 -0.0018407905390920673 0.00093000130476188203 -0.0050932197704564967 0.0034823818553133008 -0.0019568271030534949 0.012983486440843992 -0.00038272461312503856 0.0011139640436944268 0.00094204805602446362 -0.00046932183765681292 0.0025345185831428182 0.0023536139623288287 0.016998320499061508 0.0096152306014066352
leaf_weight=33367 18656 10588 9661 174 13743 83 54454 798 24244 28816 6724 309 248 453
leaf_count=33367 18656 10588 9661 174 13743 83 54454 798 24244 28816 6724 309 248 453
internal_value=-8.0514e-05 -0.000206883 -0.000971863 -0.000365478 -0.000483951 0.000870236 -1.23238e-05 0.000168624 0.000654848 0.000239305 0.00323577 0.00663366 0.0108333 0.0148312
internal_weight=202318 168951 34249 24588 24414 10671 134702 116046 61592 53060 8532 1808 1010 701
internal_count=202318 168951 34249 24588 24414 10671 134702 116046 61592 53060 8532 1808 1010 701
is_linear=0
shrinkage=0.05


Tree=252
num_leaves=15
num_cat=0
split_feature=38 7 52 44 26 44 40 47 43 12 52 37 11 6
split_gain=7.32407 9.8244 13.4696 8.22002 7.69314 15.0221 14.5211 19.5958 31.3482 20.0832 17.8595 19.4459 16.146 16.1265
threshold=26.150000572204593 28.150000572204593 -0.18492533266544339 0.69591933488845836 0.72958466410636913 0.85758596658706676 985.35000610351574 5.6291286945343026 81.250000000000014 51.879859924316413 -0.78326541185379017 74.500000000000014 29.964583396911625 36.500000000000007
decision_type=2 2 2 2 2 2 2 2 10 2 2 2 2 2
left_child=4 2 -2 -3 6 -6 -1 8 9 13 -10 -12 -9 -8
right_child=1 3 -4 -5 5 -7 7 12 10 -11 11 -13 -14 -15
leaf_value=-0.00044529300645937506 0.0031920550696528274 0.00020954091583444447 0.0080791065891522348 0.0041484669700632918 9.3845324346421784e-05 -0.0022179082096349381 0.0017803880329739256 0.0040809944034860225 0.006790244204671273 0.00016391724925858504 0.0012773395570575491 0.0059315721585492635 -4.0221254853982136e-05 0.0089813271676056905
leaf_weight=85465 832 8089 118 1023 30957 24639 480 1570 675 8122 1436 948 37667 275
leaf_count=85465 832 8089 118 1023 30957 24639 480 1570 675 8122 1436 948 37667 275
internal_value=-8.41806e-05 0.00123014 0.00604167 0.000722428 -0.000153036 -0.000648852 4.87372e-05 0.000714787 0.00248786 0.000980645 0.00684425 0.00477443 0.000174917 0.00872549
internal_weight=202296 10062 950 9112 192234 55596 136638 51173 11936 8877 3059 2384 39237 755
internal_count=202296 10062 950 9112 192234 55596 136638 51173 11936 8877 3059 2384 39237 755
is_linear=0
shrinkage=0.05


Tree=253
num_leaves=15
num_cat=0
split_feature=20 46 46 49 2 15 15 24 40 38 24 13 15 15
split_gain=6.64544 9.71201 10.5045 9.37952 8.81346 8.50393 9.21619 9.80579 9.43991 8.39738 7.6284 11.7902 14.4769 11.5375
threshold=28.250000000000004 6.0499999523162851 5.9500000476837167 -1.0000000180025095e-35 32.45000076293946 60.899999618530281 62.300001144409187 35.500000000000007 980.64999389648449 21.550000190734867 3.5000000000000004 52.153869628906257 46.049999237060554 153.90000152587893
decision_type=2 2 2 10 2 2 2 2 2 2 2 2 2 2
left_child=3 2 10 4 -1 -5 7 -7 -9 -4 11 -2 -13 -14
right_child=1 -3 9 5 -6 6 -8 8 -10 -11 -12 12 13 -15
leaf_value=0.0010421925863843247 -0.0028832372586600164 -0.002382445410602453 -0.0069240651251023452 -0.00020174568452327051 -0.00050183338084713327 0.00045640863987813415 0.0014344735677971211 0.0063188928106886685 0.016648275822841892 0.0067174082197061823 -0.00067383158653049014 0.010644082913108945 0.001744009815686961 -0.00017478153755337876
leaf_weight=21493 4301 15889 58 9376 50735 264 16839 229 102 136 54992 167 12537 15306
leaf_count=21493 4301 15889 58 9376 50735 264 16839 229 102 136 54992 167 12537 15306
internal_value=-8.2596e-05 -0.000362975 -0.000156389 0.000210099 -8.63823e-05 0.00100857 0.00166132 0.00772727 0.0133284 0.0111765 -0.000182849 0.000426811 0.000801212 0.000710335
internal_weight=202424 103386 87497 99038 72228 26810 17434 595 331 194 87303 32311 28010 27843
internal_count=202424 103386 87497 99038 72228 26810 17434 595 331 194 87303 32311 28010 27843
is_linear=0
shrinkage=0.05


Tree=254
num_leaves=15
num_cat=0
split_feature=2 56 54 13 53 47 13 1 53 24 57 56 54 40
split_gain=6.90736 11.8242 9.33588 12.6813 12.8455 11.8152 10.6014 20.1949 17.3376 23.4006 21.3031 15.9889 15.0662 22.2517
threshold=200.44999694824222 167.85000610351565 11.500000000000002 60.847618103027351 0.93769648671150219 4.7276141643524179 63.987796783447273 73.000000000000014 -0.94703993201255787 24.500000000000004 47.650001525878913 91.849998474121108 6.5000000000000009 972.85000610351574
decision_type=2 2 2 2 2 2 2 2 2 2 2 2 2 2
left_child=1 2 6 4 -4 -5 7 -1 10 -10 -8 12 -12 -14
right_child=-2 -3 3 5 -6 -7 8 -9 9 -11 11 -13 13 -15
leaf_value=-7.0112672446613633e-05 -0.0017547805218780098 0.0013565263059023829 0.013852959989069031 0.00033725612961178666 0.0018012586209107833 -0.004156346285544993 0.019194293265899207 -0.0030801538309257548 0.00077161574150065658 -0.0024489274933516166 5.4932912647313092e-05 -0.006293844897468941 0.0078035819807379045 0.0035009236820185471
leaf_weight=103691 5648 7617 87 4463 510 7691 118 14079 45421 9309 1075 703 630 1131
leaf_count=103691 5648 7617 87 4463 510 7691 118 14079 45421 9309 1075 703 630 1131
internal_value=-9.62754e-05 -4.6685e-05 -0.000124606 -0.00143053 0.00562603 -0.00178149 -3.00011e-05 -0.000303109 0.00052083 0.00029777 0.00384919 0.00311496 0.00478566 0.00761999
internal_weight=202173 196525 188908 12751 597 12154 176157 117770 58387 54730 3657 3539 2836 1761
internal_count=202173 196525 188908 12751 597 12154 176157 117770 58387 54730 3657 3539 2836 1761
is_linear=0
shrinkage=0.05


Tree=255
num_leaves=15
num_cat=0
split_feature=51 0 37 15 49 14 13 15 26 13 52 9 13 38
split_gain=6.88148 8.34159 10.4284 9.03193 11.1457 8.81552 9.55917 8.70494 8.89069 8.3537 8.24275 12.6142 8.22111 8.1668
threshold=0.91597560048103344 99.549999237060561 47.500000000000007 102.29999923706056 -27.499999999999996 12.030261993408205 78.042556762695327 70.90000152587892 0.22402873635292056 28.358036041259769 -0.77245554327964772 84.200000762939467 51.110416412353523 26.349999427795414
decision_type=2 2 2 2 8 2 2 2 2 2 2 2 2 2
left_child=1 3 -3 7 10 6 -6 9 -9 -1 11 -5 -10 -12
right_child=-2 2 -4 4 5 -7 -8 8 12 -11 13 -13 -14 -15
leaf_value=-0.0042848229638922011 0.00078323725083336362 -0.0054611171747288899 -0.00053021255766656046 0.00065005152571692183 0.0084104195346899405 0.0016315768099908461 0.00014721306123605151 0.0056594539455170857 -0.0023408146240180092 0.00036663992223489174 -0.0012993044832365884 0.0064851792838652132 -0.0002844466956964102 0.0059304807872048067
leaf_weight=3369 25245 4224 31208 3112 117 15499 110 227 18288 59864 11147 429 29334 337
leaf_count=3369 25245 4224 31208 3112 117 15499 110 227 18288 59864 11147 429 29334 337
internal_value=-8.02402e-05 -0.000190242 -0.000876363 -1.87896e-05 0.000739409 0.00166942 0.0112447 -0.000228731 -0.00073748 0.000156301 -0.000234454 0.0018713 -0.000785398 -0.000884811
internal_weight=202510 177265 35432 141833 30751 15726 227 111082 47849 63233 15025 3541 47622 11484
internal_count=202510 177265 35432 141833 30751 15726 227 111082 47849 63233 15025 3541 47622 11484
is_linear=0
shrinkage=0.05


Tree=256
num_leaves=15
num_cat=0
split_feature=37 47 47 42 45 44 0 56 40 46 29 44 49 46
split_gain=7.05032 23.394 6.93371 8.64871 8.64003 9.83367 7.28467 7.3704 7.8451 15.0792 7.39559 8.39268 9.3529 11.0853
threshold=18.500000000000004 12.818016529083254 9.583963871002199 10.550000190734865 -4.6710188388824454 5.0317134857177743 249.15000152587893 259.34999084472662 991.64999389648449 1.8499999642372134 5.7500000000000009 4.5930628776550302 -8.7499999999999982 0.65000000596046459
decision_type=2 2 2 2 2 2 2 2 2 2 2 2 10 2
left_child=1 -1 6 4 5 -4 7 10 -9 -10 11 12 -2 -14
right_child=2 -3 3 -5 -6 -7 -8 8 9 -11 -12 -13 13 -15
leaf_value=-0.0048224461952342439 -0.00068001467289127574 0.018968282396126773 0.0034351978449679113 -0.0038782900855350144 -0.0011675996079172934 -0.0036124678314656045 -0.0038200508863100433 0.0010830049658140349 0.0026871124169002051 0.011264937308241893 0.00044015951959713298 -0.0019132981357179329 0.0012420070212477022 -0.0007009277882079857
leaf_weight=5486 31402 73 3587 8500 10278 1012 1879 607 238 78 91891 12680 20610 14232
leaf_count=5486 31402 73 3587 8500 10278 1012 1879 607 238 78 91891 12680 20610 14232
internal_value=-8.52339e-05 -0.00183965 -3.5635e-05 -0.000843846 -0.000116546 0.00168258 7.32305e-05 0.000107191 0.00453912 0.0107975 8.29785e-05 -0.000272001 -4.6338e-05 0.000517616
internal_weight=202553 5559 196994 23377 14877 4599 173617 171738 923 316 170815 78924 66244 34842
internal_count=202553 5559 196994 23377 14877 4599 173617 171738 923 316 170815 78924 66244 34842
is_linear=0
shrinkage=0.05


Tree=257
num_leaves=15
num_cat=0
split_feature=52 55 36 0 56 52 3 56 26 28 28 14 53 23
split_gain=7.46985 18.139 10.3378 8.56292 10.8294 9.84834 9.28861 12.6032 10.7397 9.1409 10.0609 7.98221 8.23137 25.8116
threshold=0.99628883600234996 2.5000000000000004 19.94999980926514 70.65000152587892 68.349998474121108 0.54219430685043346 186.05000305175784 259.34999084472662 0.60125598311424266 46.500000000000007 45.500000000000007 5.0966436862945566 -0.99983122944831837 0.76499998569488536
decision_type=2 2 2 2 2 2 2 2 2 2 2 2 2 2
left_child=3 2 -2 11 -5 6 7 8 -6 10 -10 -1 13 -13
right_child=1 -3 -4 4 5 -7 -8 -9 9 -11 -12 12 -14 -15
leaf_value=-0.0014220332129541435 0.0056221489070407528 -0.0089970753713361547 -0.0008130928017845995 -0.0022664615359930642 -0.0025806916150460744 -0.00307076801672828 -0.0014495073195649119 0.0059296179314878321 0.0035762300111376443 0.00046750599618193523 0.0087944951555241433 0.012393963916763064 0.00038187364473406401 -0.00036771448909809004
leaf_weight=8875 657 3231 1456 19002 3882 6699 7576 438 885 32517 105 234 115982 605
leaf_count=8875 657 3231 1456 19002 3882 6699 7576 438 885 32517 105 234 115982 605
internal_value=-6.61389e-05 -0.00190885 0.00168865 -1.60065e-05 -0.000454483 -8.17482e-05 0.000182436 0.000502549 0.00040255 0.000691141 0.0054 0.000232048 0.000341903 0.00524735
internal_weight=202144 5344 2113 196800 71104 52102 45403 37827 37389 33507 990 125696 116821 839
internal_count=202144 5344 2113 196800 71104 52102 45403 37827 37389 33507 990 125696 116821 839
is_linear=0
shrinkage=0.05


Tree=258
num_leaves=15
num_cat=0
split_feature=51 50 50 49 46 53 43 33 38 53 12 45 40 42
split_gain=6.45205 17.083 16.2334 15.1469 11.1095 27.9723 14.7465 12.3189 10.5789 9.80837 13.0553 12.2756 17.236 9.5419
threshold=0.12940952181816107 0.12940952181816109 -0.37940952181816096 -8.7499999999999982 0.25000000745058065 -0.99465739727020253 57.500000000000007 1.0000000180025095e-35 10.84999990463257 0.38043944537639623 65.711807250976577 10.105039119720461 978.45001220703136 4.0499999523162851
decision_type=2 2 2 8 2 2 10 2 2 2 2 2 2 2
left_child=2 3 8 13 5 -4 -7 9 -1 11 -11 -8 -13 -2
right_child=1 -3 4 -5 -6 6 7 -9 -10 10 -12 12 -14 -15
leaf_value=-0.0035625790817187687 -0.0013347846829222674 -0.00066389413862538065 0.0069191891339848684 0.0017429243830276138 -0.00071081442672219278 -0.00097675274498101416 0.00054596175738878415 -0.0015740683077709663 -0.00055855057349070935 0.0053690139923781499 0.0021235430319786149 0.022182651254922369 -0.0012903877103766232 0.00065677246056015611
leaf_weight=14055 8347 42045 100 21453 31048 12119 9321 4224 28239 1923 8422 108 117 20694
leaf_count=14055 8347 42045 100 21453 31048 12119 9321 4224 28239 1923 8422 108 117 20694
internal_value=-8.32006e-05 0.000224258 -0.000342616 0.00084409 0.000139333 0.000732719 0.000656107 0.00137098 -0.0011103 0.00189161 0.00295751 0.000734616 0.0120213 9.96511e-05
internal_weight=202215 92539 109676 50494 67382 36334 36234 24115 42294 19891 10345 9546 225 29041
internal_count=202215 92539 109676 50494 67382 36334 36234 24115 42294 19891 10345 9546 225 29041
is_linear=0
shrinkage=0.05


Tree=259
num_leaves=15
num_cat=0
split_feature=52 55 29 0 49 28 43 37 45 20 46 33 44 52
split_gain=6.61677 16.5922 7.85062 6.15532 8.72697 15.7049 15.4846 12.1871 11.794 10.7095 9.41532 14.7033 10.5753 9.25976
threshold=0.99628883600234996 2.5000000000000004 11.250000000000002 35.95000076293946 -27.499999999999996 58.500000000000007 212.50000000000003 26.500000000000004 -1.4372636079788206 24.94999980926514 1.0000000180025095e-35 9.0500001907348651 -6.466838836669921 0.98667103052139293
decision_type=2 2 2 2 10 2 10 2 2 2 2 2 2 2
left_child=3 2 -2 -1 13 7 8 -6 -7 -8 11 -9 -12 -5
right_child=1 -3 -4 4 5 6 9 10 -10 -11 12 -13 -14 -15
leaf_value=0.00064335750995192119 -0.0001489877621446102 -0.0086223849488581122 0.0049026680474991459 -0.00071386862609135919 -0.0018429911271153712 -0.00043738328247180198 0.00063597595184171417 0.0031667955080128853 0.0013012896595487767 -0.0016633126402004423 0.0049219320707145874 0.014640071085763743 -0.0007441489515028505 0.0032342566764135871
leaf_weight=43593 1631 3312 544 65187 3228 17102 8196 6334 18055 27428 2027 60 4349 1356
leaf_count=43593 1631 3312 544 65187 3228 17102 8196 6334 18055 27428 2027 60 4349 1356
internal_value=-8.7249e-05 -0.00179825 0.00159039 -3.94832e-05 -0.000188546 0.000141779 -0.000178061 0.0015561 0.000566297 -0.000912613 0.00224961 0.003604 0.000887879 -0.000619282
internal_weight=202402 5487 2175 196915 153322 86779 70781 15998 35157 35624 12770 6394 6376 66543
internal_count=202402 5487 2175 196915 153322 86779 70781 15998 35157 35624 12770 6394 6376 66543
is_linear=0
shrinkage=0.05


Tree=260
num_leaves=15
num_cat=0
split_feature=0 46 37 26 54 47 53 53 45 8 55 47 47 32
split_gain=6.35955 12.1018 12.4836 8.88223 9.75396 15.5099 17.8935 9.92472 10.154 8.69714 7.40842 7.31956 6.86896 7.96812
threshold=70.65000152587892 6.0499999523162851 57.500000000000007 0.72958466410636913 9.5000000000000018 6.2889757156372079 0.7074720859527589 0.59003219008445751 -6.8742871284484854 15.84999990463257 3.5000000000000004 5.3926198482513437 4.1697540283203134 6.0620017217732349e-16
decision_type=2 2 2 2 2 2 2 2 2 2 2 2 2 2
left_child=12 2 3 4 -2 6 7 8 -6 -4 11 -9 -1 -14
right_child=1 -3 9 -5 5 -7 -8 10 -10 -11 -12 -13 13 -15
leaf_value=0.0016123120135395368 -0.002748594523926244 -0.0043329859873405922 0.0040743458597308222 -0.005379685575868912 0.0073583564973743135 -0.0010053649659105561 -0.0028108243611942836 0.0058571461654221965 0.0040335126616589164 0.00013839410777265307 0.0011894798536465452 0.0069240832663556955 -0.0003772789731952949 0.00059406944039328349
leaf_weight=6952 5829 8473 366 6331 53 2401 454 59 702 46687 58 90 70193 54161
leaf_count=6952 5829 8473 366 6331 53 2401 454 59 702 46687 58 90 70193 54161
internal_value=-7.73855e-05 -0.000456771 -0.000218117 -0.00142522 -0.00046914 0.00149334 0.00562412 0.00945473 0.00663399 0.000191976 0.0189631 0.0245597 0.000129229 4.3661e-05
internal_weight=202809 71503 63030 15977 9646 3817 1416 962 755 47053 207 149 131306 124354
internal_count=202809 71503 63030 15977 9646 3817 1416 962 755 47053 207 149 131306 124354
is_linear=0
shrinkage=0.05


Tree=261
num_leaves=15
num_cat=0
split_feature=42 54 57 37 49 49 53 33 38 56 12 52 13 41
split_gain=6.90219 11.1843 10.1296 10.679 8.73752 9.26953 12.0582 9.0859 10.8344 16.2264 13.9644 9.06568 26.7622 14.7643
threshold=5.4500000476837167 11.500000000000002 228.73333740234378 94.500000000000014 -8.7499999999999982 187.50000000000003 0.99988442659378063 0.65000000596046459 26.250000000000004 96.500000000000014 34.925695419311531 -0.91597726941108693 55.756547927856452 1.5000000000000002
decision_type=2 2 2 2 10 10 2 2 2 2 2 2 2 2
left_child=4 -2 -3 -4 7 -6 -7 8 -1 10 -10 12 -9 -14
right_child=1 2 3 -5 5 6 -8 11 9 -11 -12 -13 13 -15
leaf_value=-0.00076609497673064335 -0.00023163363181146832 -0.0030158397485703526 0.0072941339238108156 -0.00028562374533913642 0.0015086936702566182 -2.9392526324563971e-06 0.0080958500146279169 -0.00067642405578780343 0.009755632163933466 0.011570909847549635 0.00037910621514086664 0.00060820807240835313 0.011201457732985642 0.0022059779708759018
leaf_weight=34030 112922 7354 91 158 17127 18525 73 1026 100 52 675 9398 388 261
leaf_count=34030 112922 7354 91 158 17127 18525 73 1026 100 52 675 9398 388 261
internal_value=-8.7048e-05 -0.000327499 -0.00218245 0.00754826 0.000267861 0.000854203 8.11467e-05 -0.00018829 -0.000584651 0.00503584 0.00302548 0.00105883 0.0044362 0.0122989
internal_weight=202180 120525 7603 249 81655 35725 18598 45930 34857 827 775 11073 1675 649
internal_count=202180 120525 7603 249 81655 35725 18598 45930 34857 827 775 11073 1675 649
is_linear=0
shrinkage=0.05


Tree=262
num_leaves=15
num_cat=0
split_feature=18 6 13 15 32 21 7 47 16 9 12 31 24 27
split_gain=6.19172 14.4799 11.0345 10.4068 8.3543 7.48056 9.56869 6.97736 10.7168 6.59665 9.21721 8.6785 7.49523 6.43144
threshold=-9.5500001907348615 19.050000190734867 33.633630752563484 62.750000000000007 7.2207281589508066 7.5000000000000009 15.750000000000002 8.5289392471313494 35.649999618530281 34.250000000000007 37.24861145019532 -3.7258307933807369 5.5000000000000009 40.149999618530281
decision_type=2 2 2 2 2 2 2 2 2 2 2 2 2 2
left_child=1 -1 -3 4 7 6 -2 9 -9 10 -4 -12 -11 -5
right_child=5 2 3 13 -6 -7 -8 8 -10 12 11 -13 -14 -15
leaf_value=0.016452550271164275 0.0043161430403934288 -0.0055228397682887398 -0.0020465668562695055 0.00013857739430304703 0.0063837272368812946 -0.00015032498200153414 -0.0018710964542327194 -0.0011620823432991218 0.0074602711700260688 0.0036964762646564502 0.016775496842336143 0.0067517258111379902 -0.00023488509052570561 0.017504586224769979
leaf_weight=62 177 2457 361 47076 817 132063 10492 2913 118 1908 332 720 2438 219
leaf_count=62 177 2457 361 47076 817 132063 10492 2913 118 1908 332 720 2438 219
internal_value=-6.04227e-05 0.000368409 0.00034117 0.000483025 0.00198243 -0.000238964 -0.00151185 0.00152841 -0.000412694 0.00254897 0.00550597 0.00785311 0.00157713 0.000178098
internal_weight=202153 59421 59359 56902 9607 142732 10669 8790 3031 5759 1413 1052 4346 47295
internal_count=202153 59421 59359 56902 9607 142732 10669 8790 3031 5759 1413 1052 4346 47295
is_linear=0
shrinkage=0.05


Tree=263
num_leaves=15
num_cat=0
split_feature=18 33 14 14 55 52 41 36 16 16 22 52 57 44
split_gain=5.79567 7.22734 8.39475 7.19384 8.11232 6.6326 8.85124 7.57645 7.61347 8.37392 7.11036 6.82242 8.90122 5.89146
threshold=35.45000076293946 1.0000000180025095e-35 13.668488979339601 12.396281242370607 2.5000000000000004 -0.67803022265434254 64.500000000000014 16.44999980926514 35.649999618530281 35.100000381469734 1281.5000000000002 -0.91597726941108693 142.41666412353518 10.92292356491089
decision_type=2 2 2 2 2 2 2 2 2 2 2 2 2 2
left_child=13 2 3 -2 -5 10 -7 8 9 -8 11 -4 -13 -1
right_child=1 -3 5 4 -6 6 7 -9 -10 -11 -12 12 -14 -15
leaf_value=2.3051784225612577e-05 0.0020042174894784686 -0.0050717868326223261 -0.0014585475418461089 0.0041536049093807339 0.019719061639555016 -0.0027351496499288517 0.0026927103023617381 -0.0038878009364380997 0.00054861550466957297 0.0097967874955448009 0.000519246257943666 0.0071632642966062109 -0.0016478763586861322 -0.0046008083734425951
leaf_weight=183703 207 3194 120 68 52 6399 364 1391 1921 195 1997 162 74 2598
leaf_count=183703 207 3194 120 68 52 6399 364 1391 1921 195 1997 162 74 2598
internal_value=-9.24909e-05 -0.00100099 -0.000474538 0.00731454 0.0165385 -0.000681945 -0.00123055 0.000655758 0.00230924 0.00739016 0.00170757 0.00811475 0.0128862 -1.37148e-05
internal_weight=202445 16144 12950 327 120 12623 10270 3871 2480 559 2353 356 236 186301
internal_count=202445 16144 12950 327 120 12623 10270 3871 2480 559 2353 356 236 186301
is_linear=0
shrinkage=0.05


Tree=264
num_leaves=15
num_cat=0
split_feature=38 55 28 48 57 37 50 13 54 12 37 37 12 38
split_gain=6.36135 9.03611 8.3742 9.68485 8.35104 15.1581 11.4978 12.3088 6.98918 14.6142 13.7498 8.1758 11.0373 10.3104
threshold=4.2500000000000009 2.5000000000000004 8.5000000000000018 -4.5499999523162833 95.683330535888686 46.500000000000007 0.12940952181816109 131.45327758789065 1.5000000000000002 111.77500152587892 84.500000000000014 87.500000000000014 31.10624980926514 26.349999427795414
decision_type=2 2 2 2 2 2 2 2 2 2 2 2 2 2
left_child=1 4 3 -2 5 -1 -7 -8 9 -4 -11 -10 13 -13
right_child=2 -3 8 -5 -6 6 7 -9 11 10 -12 12 -14 -15
leaf_value=-0.00127940107991664 0.0013998570578815303 -0.005491038265048865 0.0022748109696266172 0.019766670316782992 -0.0038475373431091941 0.0098685144870341579 0.00057841352416896925 0.012215012841146983 6.4236648923837028e-05 -0.002593184976120344 0.00093814560655443129 0.0015305380429856278 -0.0014148024013584956 0.012075970235287638
leaf_weight=1452 110 4164 3700 56 876 194 382 61 151890 3920 6965 1402 26678 136
leaf_count=1452 110 4164 3700 56 876 194 382 61 151890 3920 6965 1402 26678 136
internal_value=-4.61902e-05 -0.00151212 7.51676e-06 0.0109091 0.000596637 0.00231301 0.00867852 0.00405077 -2.33811e-06 0.00105002 0.000126203 -8.76114e-05 -0.000869058 0.00323643
internal_weight=201986 7129 194857 166 2965 2089 637 443 194691 14585 10885 180106 28216 1538
internal_count=201986 7129 194857 166 2965 2089 637 443 194691 14585 10885 180106 28216 1538
is_linear=0
shrinkage=0.05


Tree=265
num_leaves=15
num_cat=0
split_feature=0 52 55 57 23 41 16 19 52 43 46 16 13 43
split_gain=6.20745 7.94597 14.0527 13.2561 7.2783 7.96795 6.74327 11.5876 9.096 14.8769 20.8616 18.7211 13.1978 13.8688
threshold=15.84999990463257 0.99628883600234996 2.5000000000000004 65.583332061767592 0.75499999523162853 44.500000000000007 13.550000190734865 123.65000152587892 0.96234640479087841 67.500000000000014 10.150000095367433 45.699998855590827 40.31726264953614 2602.5000000000005
decision_type=2 2 2 2 2 2 2 2 2 10 2 2 2 10
left_child=-1 6 3 -3 -4 -6 7 -2 -8 10 11 -10 13 -11
right_child=1 2 4 -5 5 -7 8 -9 9 12 -12 -13 -14 -15
leaf_value=0.0026460931705900425 -0.0036162662929497681 0.00025593592086541029 -0.0099854002673054002 0.0088013307012008418 -0.0014232178884925348 0.012462048915814863 -0.00012308407234857023 0.0092087083061029272 0.0017875783075131076 0.0013504740461506451 0.0056943270940527169 0.013536757380386259 -0.0050007465100393306 0.011685821614747805
leaf_weight=4279 8127 1751 2899 90 68 50 175170 327 3790 2296 408 111 2621 119
leaf_count=4279 8127 1751 2899 90 68 50 175170 327 3790 2296 408 111 2621 119
internal_value=-0.000108751 -0.000149543 -0.00214462 0.00129389 -0.00424017 0.0075 -9.92089e-05 -0.00147921 -3.59042e-05 0.00148316 0.00363626 0.00249169 -0.000362665 0.00229897
internal_weight=202106 197827 4858 1841 3017 118 192969 8454 184515 9345 4309 3901 5036 2415
internal_count=202106 197827 4858 1841 3017 118 192969 8454 184515 9345 4309 3901 5036 2415
is_linear=0
shrinkage=0.05


Tree=266
num_leaves=15
num_cat=0
split_feature=17 4 43 14 16 13 28 11 51 38 13 44 49 27
split_gain=7.60876 9.06745 7.46084 9.93883 11.3282 8.96967 8.65241 7.29321 6.98799 7.47062 7.92857 6.46942 6.3541 6.22572
threshold=-6.4500000476837149 20.94999980926514 337.50000000000006 30.88220310211182 85.549999237060561 159.1711349487305 69.500000000000014 152.91042327880862 -0.37940952181816096 12.84999990463257 100.59136962890626 6.5353655815124521 -8.7499999999999982 10.250000000000002
decision_type=2 2 8 2 2 2 2 2 2 2 2 2 8 2
left_child=1 -1 8 4 6 7 11 -6 9 10 -2 -4 -3 -13
right_child=2 12 3 -5 5 -7 -8 -9 -10 -11 -12 13 -14 -15
leaf_value=0.0095165246878247314 0.0044138483298216593 -0.00015989694003436922 0.00034163799615469925 -0.0033139300356992449 0.0037953650954581511 -0.0012749530931656886 -0.0017938528910973102 -0.00010430425412673575 -0.00019294083696808626 -0.00010186797260128276 0.0010694392985136638 0.0052986473662317533 0.00073435366663067761 -0.0031175366858731766
leaf_weight=541 2090 42347 23069 5787 617 399 17795 258 60152 4757 2503 78 36873 4976
leaf_count=541 2090 42347 23069 5787 617 399 17795 258 60152 4757 2503 78 36873 4976
internal_value=-6.60574e-05 0.00031396 -0.000313534 -0.000760442 -0.000520318 0.00411215 -0.000649714 0.0069209 2.71884e-05 0.00129808 0.00273409 -0.000103616 0.000269467 -0.00172196
internal_weight=202242 79761 122481 52979 47192 1274 45918 875 69502 9350 4593 28123 79220 5054
internal_count=202242 79761 122481 52979 47192 1274 45918 875 69502 9350 4593 28123 79220 5054
is_linear=0
shrinkage=0.05


Tree=267
num_leaves=15
num_cat=0
split_feature=17 5 32 4 8 27 24 17 52 9 2 35 46 46
split_gain=6.94604 8.88407 7.4369 6.79792 6.71131 9.028 8.45627 6.01833 7.10126 16.1794 6.34584 6.33956 5.90041 8.0945
threshold=-6.4500000476837149 54.45000076293946 5.5697782039642343 13.750000000000002 48.850000381469734 8.2500000000000018 154.50000000000003 -33.450000762939446 -0.70291268825530995 76.250000000000014 164.1499938964844 65.500000000000014 7.9500000476837167 1.2500000000000002
decision_type=2 2 2 2 2 2 2 2 2 2 2 2 2 2
left_child=1 2 3 -1 6 -6 -5 8 9 -3 -11 -10 13 -4
right_child=-2 7 12 4 5 -7 -8 -9 11 10 -12 -13 -14 -15
leaf_value=0.019784025213207677 -0.00036269292424247901 0.00059843082003086553 0.002950283052355453 -0.00014206972217890054 0.0081661115535745631 0.0015223185224576235 0.0058423116045794588 -0.00062005867952568544 -0.0006775811733521136 0.0062570112555351736 -0.0067876022704710486 0.0016303920378966904 0.00051283398307970941 0.0091880072193546835
leaf_weight=50 122553 3248 1281 16603 208 9866 644 30045 10821 937 90 4373 1104 559
leaf_count=50 122553 3248 1281 16603 208 9866 644 30045 10821 937 90 4373 1104 559
internal_value=-9.29396e-05 0.00026998 0.000943939 0.000686424 0.000649262 0.00167394 5.01234e-05 -0.00014276 0.000541864 0.00233956 0.00777724 3.48581e-05 0.00332769 0.00505405
internal_weight=202382 79829 30315 27371 27321 10074 17247 49514 19469 4275 1027 15194 2944 1840
internal_count=202382 79829 30315 27371 27321 10074 17247 49514 19469 4275 1027 15194 2944 1840
is_linear=0
shrinkage=0.05


Tree=268
num_leaves=15
num_cat=0
split_feature=42 47 52 38 43 15 44 36 38 14 12 26 44 53
split_gain=6.90267 9.1922 9.91449 22.5286 12.5505 15.8923 11.5946 15.8386 15.8987 11.5006 10.414 7.53317 10.0796 13.6409
threshold=10.050000190734865 9.8024096488952654 -0.20180235803127286 12.34999990463257 227.50000000000003 141.80000305175784 -6.0898821353912345 26.349999427795414 24.349999427795414 6.1592729091644296 59.397222518920906 0.70084869861602794 2.1763788461685185 0.99445194005966198
decision_type=2 2 2 2 8 2 2 2 2 2 2 2 2 2
left_child=11 2 -2 -4 -5 6 7 -6 9 -9 -7 -1 -13 -14
right_child=1 -3 3 4 5 10 -8 8 -10 -11 -12 12 13 -15
leaf_value=0.00030031008057839051 -0.0018366247702202199 -0.0037255158101921963 -0.0020955872459798674 -0.0020728779895886214 -9.6430969097596682e-05 0.023615397019189521 -0.00037916028041106321 -0.0042482118866802492 0.0011579284964634868 0.0095266798708408176 0.0064212631167711674 3.9914274246673267e-05 -0.0028300498928525257 0.0031912586121212744
leaf_weight=111475 8964 8964 7781 1531 1365 78 1887 242 916 1671 118 39051 17056 1277
leaf_count=111475 8964 8964 7781 1531 1365 78 1887 242 916 1671 118 39051 17056 1277
internal_value=-7.7971e-05 -0.000733291 -0.000232668 0.000529199 0.00242517 0.00341419 0.00294615 0.00440771 0.00653575 0.00911856 0.0170874 5.21398e-05 -0.000413285 -0.00138009
internal_weight=202376 33517 24553 15589 7808 6277 6081 4194 2829 1913 196 168859 57384 18333
internal_count=202376 33517 24553 15589 7808 6277 6081 4194 2829 1913 196 168859 57384 18333
is_linear=0
shrinkage=0.05


Tree=269
num_leaves=15
num_cat=0
split_feature=51 56 53 37 37 53 40 44 44 47 23 26 53 47
split_gain=6.87296 7.80107 7.58583 7.53929 9.03987 7.13757 9.47926 8.90624 6.62781 6.39842 11.6164 9.40584 9.58197 14.9321
threshold=0.91597560048103344 167.85000610351565 0.8277757763862611 92.500000000000014 38.500000000000007 0.99024581909179699 991.14999389648449 8.6224002838134783 -3.0084594488143916 3.4689898490905766 1.4950000047683718 0.94248196482658397 -0.48313741385936732 10.646322727203371
decision_type=2 2 2 2 2 2 2 2 2 2 2 2 2 2
left_child=9 2 3 4 -2 7 -7 -3 -8 10 -1 -11 13 -13
right_child=1 5 -4 -5 -6 6 8 -9 -10 11 -12 12 -14 -15
leaf_value=0.00066913783466347136 -0.0038821698808686866 0.00048043519471459062 -0.0018370098471596893 -0.0039463156218719139 0.0015766432337854901 -0.0020807468765525207 -0.00095785876786125572 0.010771107763921704 0.0048790822609379933 -0.00011891862809064312 0.0068293811627671511 0.00047073980663848015 -0.0023816201382999402 0.011971077792922388
leaf_weight=10423 1995 1709 2726 1453 16750 163 101 54 415 144414 70 3777 18188 106
leaf_count=10423 1995 1709 2726 1453 16750 163 101 54 415 144414 70 3777 18188 106
internal_value=-6.92857e-05 0.000700267 0.000413359 0.000747722 0.00101706 0.00338091 0.00769956 0.00168359 0.0109696 -0.000179618 0.00101733 -0.000255114 -0.00121621 0.00103647
internal_weight=202344 25366 22924 20198 18745 2442 679 1763 516 176978 10493 166485 22071 3883
internal_count=202344 25366 22924 20198 18745 2442 679 1763 516 176978 10493 166485 22071 3883
is_linear=0
shrinkage=0.05


Tree=270
num_leaves=15
num_cat=0
split_feature=47 37 26 37 56 42 49 55 44 42 52 47 36 37
split_gain=6.77317 8.02825 8.57264 11.4992 10.9746 10.7442 10.2112 12.9386 9.86379 10.6379 9.77057 12.3119 8.43372 10.7568
threshold=9.4412231445312518 16.500000000000004 0.70020255446434032 87.500000000000014 134.35000610351565 7.2500000000000009 1352.5000000000002 4.5000000000000009 5.7684490680694589 21.150000572204593 -0.21861968189477918 4.3964598178863534 35.750000000000007 42.500000000000007
decision_type=2 2 2 2 2 2 8 2 2 2 2 2 2 2
left_child=1 -1 3 4 -3 6 7 -6 9 12 11 -5 -4 -14
right_child=-2 2 8 10 5 -7 -8 -9 -10 -11 -12 -13 13 -15
leaf_value=-0.0062815279366366054 -0.0010683469832450945 0.00047986779345472535 -0.00037579489828562897 0.0070249372231684544 0.0060215364736492414 0.00027016798035710965 -0.00051001956575284714 -2.7561318801065898e-05 -0.0051575507931691895 0.020029057454087871 0.00037014782197082764 -0.0029694273360839577 0.0019848149559156757 0.0076031362843772725
leaf_weight=3181 26718 87090 54318 193 1381 1987 517 484 4731 50 9234 11277 970 213
leaf_count=3181 26718 87090 54318 193 1381 1987 517 484 4731 50 9234 11277 970 213
internal_value=-7.37334e-05 3.91138e-05 8.50935e-05 0.000343531 0.000584404 0.00302695 0.00528428 0.007 -0.000395742 -0.000208871 -0.000720287 -0.00169425 -0.000231577 0.00392707
internal_weight=202344 175626 172445 112163 91459 4369 2382 1865 60282 55551 20704 11470 55501 1183
internal_count=202344 175626 172445 112163 91459 4369 2382 1865 60282 55551 20704 11470 55501 1183
is_linear=0
shrinkage=0.05


Tree=271
num_leaves=15
num_cat=0
split_feature=0 56 43 26 36 55 26 27 43 9 4 52 2 16
split_gain=7.55292 11.838 13.317 12.4672 10.8372 9.42529 12.8231 10.8141 9.92675 10.3796 9.33388 8.1007 7.79071 7.75287
threshold=65.799999237060561 66.500000000000014 2247.5000000000005 0.60125598311424266 23.250000000000004 3.5000000000000004 0.69081610441207897 33.649999618530281 682.50000000000011 23.150000572204593 65.299999237060561 0.58481550216674816 91.40000152587892 91.049999237060561
decision_type=2 2 10 2 2 2 2 2 10 2 2 2 2 2
left_child=12 -2 3 -3 10 6 8 -8 9 -6 -5 -12 -1 -10
right_child=1 2 -4 4 5 -7 7 -9 13 -11 11 -13 -14 -15
leaf_value=0.00016826296195296913 -0.002021625036093295 -0.0029574426123795531 0.0088271641415640281 0.0016983255903778008 0.0062524122804026505 -9.5189135983841876e-05 -0.00034994735516789653 0.008160811064160587 0.0038695187066542869 0.0023574424193430576 -0.00015637022489552746 -0.0042918292195965688 0.0046960233330942125 0.0068915737206562099
leaf_weight=121865 22193 6062 65 4829 96 3565 2152 72 508 2054 34310 3515 851 135
leaf_count=121865 22193 6062 65 4829 96 3565 2152 72 508 2054 34310 3515 851 135
internal_value=-5.51717e-05 -0.000434609 -5.51665e-05 -8.27122e-05 0.000171134 0.0017912 0.0031858 0.000349148 0.00543525 0.00377315 -0.000155167 -0.000419586 0.00019083 0.0108499
internal_weight=202272 79556 57363 57298 51236 8582 5017 2224 2793 2150 42654 37825 122716 643
internal_count=202272 79556 57363 57298 51236 8582 5017 2224 2793 2150 42654 37825 122716 643
is_linear=0
shrinkage=0.05


Tree=272
num_leaves=15
num_cat=0
split_feature=18 49 47 16 49 11 41 53 13 47 47 37 46 37
split_gain=7.12313 8.41857 8.35583 14.0416 12.9159 12.5454 11.1224 9.43941 17.2357 12.1701 11.962 12.844 12.2651 11.9059
threshold=35.45000076293946 -27.499999999999996 3.4111893177032475 31.44999980926514 1062.5000000000002 64.137500762939467 84.500000000000014 -0.76140165328979481 31.137797355651859 12.818016529083254 6.0263092517852792 40.500000000000007 1.6500000357627871 17.500000000000004
decision_type=2 10 2 2 10 2 2 2 2 2 2 2 2 2
left_child=1 -1 3 4 -3 -6 -5 8 -4 10 11 -9 -12 -11
right_child=-2 2 7 6 5 -7 -8 9 -10 13 12 -13 -14 -15
leaf_value=-0.00038153776369102621 -0.001275201284143041 0.0032821421763375848 0.021534175434462684 -0.00048116417967288786 0.0046001253146754064 0.0089516971458545765 0.0034227797972926203 -0.003031388022095783 0.0011846108329793311 0.018562950742408955 -4.3469722286346401e-05 0.0010395703794538851 -0.0029373288225202753 0.0033751301414350005
leaf_weight=96875 16220 1172 119 3076 80 55 968 4629 18523 75 24776 22181 13421 370
leaf_count=96875 16220 1172 119 3076 80 55 968 4629 18523 75 24776 22181 13421 370
internal_value=-0.00010442 -1.69067e-05 0.000332848 0.00224678 0.00673121 0.0208621 0.000784409 0.000210809 0.00120309 -7.19513e-05 -0.000128967 0.000680461 -0.000697125 0.00807692
internal_weight=202540 186320 89445 5351 1307 135 4044 84094 18642 65452 65007 26810 38197 445
internal_count=202540 186320 89445 5351 1307 135 4044 84094 18642 65452 65007 26810 38197 445
is_linear=0
shrinkage=0.05


Tree=273
num_leaves=15
num_cat=0
split_feature=47 40 12 46 41 52 31 55 57 36 50 51 30 29
split_gain=6.32317 9.27576 21.3722 13.4964 19.8203 17.0257 13.6372 11.9845 14.2706 20.0576 10.2051 17.7709 20.4281 12.2076
threshold=8.6492857933044451 972.75000000000011 43.993055343627937 11.84999990463257 59.500000000000007 -0.082689788192510591 -3.9372576475143428 2.5000000000000004 46.81666564941407 36.45000076293946 -0.6035533845424651 0.12940952181816107 17.500000000000004 6.5499999523162851
decision_type=2 2 2 2 2 2 2 2 2 2 2 2 10 2
left_child=1 2 7 -4 5 6 -5 -1 9 -9 11 -3 13 -13
right_child=-2 10 3 4 -6 -7 -8 8 -10 -11 -12 12 -14 -15
leaf_value=0.00022793928545135594 -0.00076360066164435901 -0.0018969538699883434 -0.0007073249788913515 0.0084129901686836577 -0.0022961899899293903 -0.00066648222348299354 0.0020228162665530676 0.0029241397724059769 0.00747121686998275 0.013946483589270392 0.00029059000931105282 0.0016800640836649766 -0.00010193828669640754 0.0056403428604643174
leaf_weight=384 41302 24433 4826 429 656 269 270 541 144 191 110139 1567 16535 738
leaf_count=384 41302 24433 4826 429 656 269 270 541 144 191 110139 1567 16535 738
internal_value=-4.50529e-05 9.64415e-05 0.00178756 0.000619194 0.00454712 0.0090593 0.0131241 0.00771653 0.0109142 0.00787062 1.13401e-05 -0.000639167 0.000514588 0.00491361
internal_weight=202424 161122 7710 6450 1624 968 699 1260 876 732 153412 43273 18840 2305
internal_count=202424 161122 7710 6450 1624 968 699 1260 876 732 153412 43273 18840 2305
is_linear=0
shrinkage=0.05


Tree=274
num_leaves=15
num_cat=0
split_feature=0 47 37 26 38 27 7 40 23 57 3 15 23 12
split_gain=6.58718 12.0716 11.1958 13.5337 8.83489 10.9715 8.61189 8.69196 10.9856 10.0713 7.98147 7.96306 9.43356 8.90845
threshold=93.700000762939467 5.887965440750123 66.500000000000014 0.69663572311401378 18.550000190734867 17.050000190734867 21.44999980926514 990.85000610351574 0.18500000238418582 178.06667327880862 188.85000610351565 102.29999923706056 1.294999957084656 60.881250381469734
decision_type=2 2 2 2 2 2 2 2 2 2 2 2 2 2
left_child=11 2 3 4 5 -2 -4 -8 -9 -10 -11 12 -1 -13
right_child=1 -3 6 -5 -6 -7 7 8 9 10 -12 13 -14 -15
leaf_value=-2.8533803560523605e-05 -0.0037721863718110128 -0.0021672760297933996 0.0041551763635230884 -0.0038952953968321049 -0.0023145610660161831 0.0045375603625543498 -0.00055764613881261469 0.0079884835701846593 0.00026857856547696604 0.0028598361334545778 0.00033603497793227859 0.0032493321143280164 -0.0029964459307747905 0.00044440527872391226
leaf_weight=121226 319 17101 205 5756 427 636 8938 77 8031 2026 1313 4709 4061 27207
leaf_count=121226 319 17101 205 5756 427 636 8938 77 8031 2026 1313 4709 4061 27207
internal_value=-7.52826e-05 -0.00060985 3.46084e-05 -0.0016704 0.00275862 0.00541451 0.000626212 0.00052096 0.00143275 0.00129613 0.00359958 7.71871e-05 -0.000102438 0.00078212
internal_weight=202032 44829 27728 7138 1382 955 20590 20385 11447 11370 3339 157203 125287 31916
internal_count=202032 44829 27728 7138 1382 955 20590 20385 11447 11370 3339 157203 125287 31916
is_linear=0
shrinkage=0.05


Tree=275
num_leaves=15
num_cat=0
split_feature=0 54 57 11 53 52 23 29 57 0 38 40 12 43
split_gain=6.39418 10.8557 16.7005 13.8149 11.0369 12.6989 14.0776 10.7878 8.84805 14.1841 13.5215 10.939 14.4976 13.7126
threshold=163.6499938964844 1.5000000000000002 83.283336639404311 152.91042327880862 0.85561370849609386 1.0000000180025095e-35 0.22500000149011615 6.4500000476837167 108.83333587646486 84.200000762939467 10.150000095367433 985.04998779296886 80.46805572509767 67.500000000000014
decision_type=2 2 2 2 2 2 2 2 2 2 2 2 2 10
left_child=1 2 7 4 8 6 -6 -1 9 -3 -10 12 13 -12
right_child=-2 3 -4 -5 5 -7 -8 -9 10 -11 11 -13 -14 -15
leaf_value=0.0018522313340891775 -0.0011047612835050093 6.8915841910112345e-05 0.00032216772686068074 0.0026505474734496211 0.0011665542404019126 0.0085232736221104739 -0.0035647134133200476 0.0052501815094357068 -0.0013091609894773963 -0.0017095688103604526 0.0063274341960238402 0.0029187032369396011 -0.0031557931693557543 -0.00036993800204006657
leaf_weight=1201 12299 135421 8546 2386 2970 128 8835 964 3071 20015 112 4796 1280 153
leaf_count=1201 12299 135421 8546 2386 2970 128 8835 964 3071 20015 112 4796 1280 153
internal_value=-6.91698e-05 2.42129e-06 0.0015479 -9.00518e-05 -0.000141157 -0.00160889 -0.00178375 0.00545977 -3.4819e-05 -0.000124996 0.00145298 0.00277043 -0.000884246 0.00954545
internal_weight=202177 189878 10711 179167 176781 11933 11805 2165 164848 155436 9412 6341 1545 265
internal_count=202177 189878 10711 179167 176781 11933 11805 2165 164848 155436 9412 6341 1545 265
is_linear=0
shrinkage=0.05


Tree=276
num_leaves=15
num_cat=0
split_feature=0 53 5 52 9 0 33 16 11 37 47 11 49 47
split_gain=7.16286 7.73986 6.24737 8.73368 12.2038 7.6305 11.3122 7.92031 9.55038 10.0554 7.67423 7.25277 7.13181 16.4897
threshold=186.50000000000003 0.94636487960815441 165.55000305175784 -0.87812310457229603 76.250000000000014 92.799999237060561 1.0000000180025095e-35 86.850002288818374 139.21458435058597 86.500000000000014 6.7379655838012704 110.88124847412111 -22.499999999999996 3.6678909063339238
decision_type=2 2 2 2 2 2 2 2 2 2 2 2 10 2
left_child=2 -2 5 4 -4 12 7 -7 9 10 11 -9 -1 -14
right_child=1 -3 3 -5 -6 6 -8 8 -10 -11 -12 -13 13 -15
leaf_value=-0.00029058317687454568 -0.0055119917917353864 -0.00048210421108320703 -0.0013056467615950918 0.00074188188410965637 0.014179895348193562 -0.00078874770962993447 -0.0045883099917265044 0.008453957256779606 3.1895922201371425e-05 0.00015373677351349582 0.002694791829452722 0.0035223000904508698 0.0032822635934805834 0.00032432966222429931
leaf_weight=87636 2473 5399 105 8278 105 22082 5111 54 2448 491 272 311 2224 65114
leaf_count=87636 2473 5399 105 8278 105 22082 5111 54 2448 491 272 311 2224 65114
internal_value=-8.41868e-05 -0.00156179 -2.42237e-05 0.00130148 0.0111364 -8.4872e-05 -0.000803958 -0.000375566 0.00180424 0.00558875 0.00968315 0.0143333 5.79403e-05 0.000444852
internal_weight=202103 7872 194231 8488 210 185743 30769 25658 3576 1128 637 365 154974 67338
internal_count=202103 7872 194231 8488 210 185743 30769 25658 3576 1128 637 365 154974 67338
is_linear=0
shrinkage=0.05


Tree=277
num_leaves=15
num_cat=0
split_feature=19 51 48 25 38 17 42 49 49 27 34 28 49 28
split_gain=6.16501 5.94822 9.49209 8.70847 7.94727 8.42604 8.19931 7.66995 7.60962 8.71325 7.26968 7.24083 7.64738 10.3549
threshold=390.70001220703131 0.12940952181816107 -2.6499999761581416 5.6499998569488534 6.3500001430511483 -45.54999923706054 19.550000190734867 -727.49999999999989 17.500000000000004 6.2500000000000009 -0.35000000894069666 8.5000000000000018 -8.7499999999999982 58.500000000000007
decision_type=2 2 2 2 2 2 2 10 10 2 2 2 10 2
left_child=1 4 7 10 6 8 -1 -3 -6 -10 -4 -7 -13 -14
right_child=-2 2 3 -5 5 11 -8 -9 9 -11 -12 12 13 -15
leaf_value=-0.0030129160710375765 -0.006656312879466642 0.00042733923913867739 0.0068303573112527168 0.0006364094102872587 0.000437429825411405 0.014961820406272849 0.017232963271809194 -0.0011100011639375157 0.0079476302226681225 0.0030625518838558333 2.5812078984165392e-05 -0.001050714042649673 0.0016049545047365239 -0.00028742958767975383
leaf_weight=8482 1426 19953 736 49307 4451 84 58 21492 100 2113 486 35820 12918 44994
leaf_count=8482 1426 19953 736 49307 4451 84 58 21492 100 2113 486 35820 12918 44994
internal_value=-2.93941e-05 -6.07072e-06 0.000290049 0.000750014 -0.000255894 -0.000131358 -0.0017193 -0.000270777 0.00158526 0.00397436 0.0049026 -0.000253449 -0.000267331 8.78756e-05
internal_weight=202420 200994 91974 50529 109020 100480 8540 41445 6664 2213 1222 93816 93732 57912
internal_count=202420 200994 91974 50529 109020 100480 8540 41445 6664 2213 1222 93816 93732 57912
is_linear=0
shrinkage=0.05


Tree=278
num_leaves=15
num_cat=0
split_feature=13 19 46 53 53 57 44 8 24 56 44 43 49 33
split_gain=6.16892 8.00298 6.89576 9.58825 15.3906 29.1789 13.1775 11.6704 14.2543 9.24621 8.85738 12.3381 9.72371 10.6454
threshold=28.358036041259769 45.699998855590827 6.0499999523162851 -0.21022038161754605 -0.27694045007228846 44.849998474121101 7.9225699901580819 90.90000152587892 27.500000000000004 97.450000762939467 5.8001849651336679 57.500000000000007 -8.7499999999999982 0.25000000745058065
decision_type=2 2 2 2 2 2 2 2 2 2 2 8 10 2
left_child=-1 -2 10 4 7 6 -6 -4 -9 -7 12 -12 -3 -14
right_child=1 2 3 -5 5 9 -8 8 -10 -11 11 -13 13 -15
leaf_value=-0.003824735208088818 0.00093879569024838533 -0.00030719459487401355 -0.00088425172873337092 -0.0039808711076847062 0.0074221713924761332 -0.0042760751261008258 -0.0038562980926578685 -0.0059046329720885554 0.0055717888581114441 0.0042616954081514452 0.0020088391811746154 -0.002469373973334256 0.00089049896483898441 -0.00093693467448342956
leaf_weight=3936 27392 60033 22937 10014 268 486 65 526 969 50 3625 16236 44971 10860
leaf_count=3936 27392 60033 22937 10014 268 486 65 526 969 50 3625 16236 44971 10860
internal_value=-0.00010273 -6.37982e-05 -0.000190881 -0.000813165 -0.000294537 0.00620591 0.0175948 -0.00052819 0.00373754 -0.00106227 -2.89178e-05 -0.00100423 0.000138339 0.000613258
internal_weight=202368 198432 171040 35315 25301 869 333 24432 1495 536 135725 19861 115864 55831
internal_count=202368 198432 171040 35315 25301 869 333 24432 1495 536 135725 19861 115864 55831
is_linear=0
shrinkage=0.05


Tree=279
num_leaves=15
num_cat=0
split_feature=19 0 52 55 36 56 36 16 19 41 52 14 33 46
split_gain=6.45776 5.77941 7.40173 15.2588 8.31071 6.26518 10.2321 6.19171 9.73235 8.23109 7.80499 13.647 16.8312 12.4423
threshold=390.70001220703131 15.84999990463257 0.99466374516487133 2.5000000000000004 20.349999427795414 27.750000000000004 17.250000000000004 13.550000190734865 123.65000152587892 1.0000000180025095e-35 0.9646572768688203 13.189316749572756 7.3500001430511483 0.75000000000000011
decision_type=2 2 2 2 2 2 2 2 2 2 2 2 2 2
left_child=1 -1 7 4 5 6 -4 8 -3 -10 -9 13 -13 -12
right_child=-2 2 3 -5 -6 -7 -8 10 9 -11 11 12 -14 -15
leaf_value=0.0024254693712279503 -0.0062488098658029703 -0.0033505169826371288 0.011464798445832468 -0.0072000769733638103 -0.0011777339514682868 0.0024348763874704272 0.0013274125069436754 -5.5213563160710707e-05 -0.00095910161188478326 0.018657895987610879 0.0052263089125367214 -0.0013120567529707038 0.011132269996029093 0.00029061824107471897
leaf_weight=4304 1404 8099 75 3520 1578 601 138 174312 150 147 2230 3965 117 1705
leaf_count=4304 1404 8099 75 3520 1578 601 138 174312 150 147 2230 3965 117 1705
internal_value=-7.69699e-05 -5.32729e-05 -9.29851e-05 -0.00183384 0.00124479 0.00531553 0.0124888 -3.89295e-05 -0.00136569 0.00737785 2.22376e-05 0.00154665 -0.000478985 0.00364385
internal_weight=202345 200941 196637 5912 2392 814 213 190725 8396 297 182329 8017 4082 3935
internal_count=202345 200941 196637 5912 2392 814 213 190725 8396 297 182329 8017 4082 3935
is_linear=0
shrinkage=0.05


Tree=280
num_leaves=15
num_cat=0
split_feature=0 47 57 54 12 37 51 57 28 56 21 16 12 53
split_gain=6.39569 9.96671 8.63383 8.01217 11.8602 12.8154 8.40766 8.15326 7.77462 7.72824 7.65416 7.33595 8.73983 10.4035
threshold=218.6499938964844 2.6121747493743901 186.58333587646487 1.5000000000000002 111.77500152587892 80.500000000000014 0.60355338454246532 91.533332824707045 69.500000000000014 146.00000000000003 2.5000000000000004 86.850002288818374 204.85555267333987 0.54759982228279125
decision_type=2 2 2 2 2 2 2 2 2 2 2 2 2 2
left_child=3 2 -2 4 6 -6 8 -7 -1 -8 -5 -12 13 -13
right_child=1 -3 -4 10 5 7 9 -9 -10 -11 11 12 -14 -15
leaf_value=0.0044214243608391851 0.00017947738945203241 -0.0024941096247899676 0.0085506786202259235 -0.0026462387468768329 -0.0028606260470819345 0.0067965943834671291 -0.0010235489410296852 0.00078462589751788136 0.0015608385263960111 0.0045548267755475191 -0.0001363887791579535 -0.0027747146833461112 -0.0062218650613423679 0.0026499271656704182
leaf_weight=1273 132 3689 69 5745 3081 68 1129 6940 1721 107 174275 673 480 2759
leaf_count=1273 132 3689 69 5745 3081 68 1129 6940 1721 107 174275 673 480 2759
internal_value=-7.17545e-05 -0.00207692 0.00850711 -3.23071e-05 0.0011065 0.000173778 0.00332547 0.00135509 0.00475366 -0.000144463 -0.000121018 -6.30494e-05 0.00207547 0.00296049
internal_weight=202141 3890 201 198251 14319 10089 4230 7008 2994 1236 183932 178187 3912 3432
internal_count=202141 3890 201 198251 14319 10089 4230 7008 2994 1236 183932 178187 3912 3432
is_linear=0
shrinkage=0.05


Tree=281
num_leaves=15
num_cat=0
split_feature=14 25 29 52 55 17 32 12 16 11 21 16 52 14
split_gain=6.60384 7.6916 7.45729 7.3947 9.67384 7.2788 7.66494 7.57807 16.0891 18.8305 10.5344 9.3216 11.4698 10.9854
threshold=4.6261675357818612 8.7500000000000018 24.250000000000004 0.99628883600234996 2.5000000000000004 -59.149999618530266 -3.5981547832489009 34.925695419311531 28.849999427795414 42.66875076293946 196.50000000000003 20.44999980926514 0.2603727281093598 9.1250219345092791
decision_type=2 2 2 2 2 2 2 2 2 2 2 2 2 2
left_child=-1 2 5 -3 -5 6 -2 8 10 -10 11 -7 -13 -14
right_child=1 3 -4 4 -6 7 -8 -9 9 -11 -12 12 13 -15
leaf_value=-0.0017682870405859854 0.010169510392433689 -9.9574143778090039e-05 0.0071325679928663944 0.00099033006579921329 -0.0087080329720890838 0.00035215084500669696 0.00149626564294136 6.4578881753528396e-06 0.013131672802036466 0.00035872434671062645 0.015447075126877855 -0.0019230955308137993 0.0066545541911279624 -0.0012326076570207964
leaf_weight=7239 139 164488 231 1138 2138 6398 169 17862 111 127 93 582 1113 379
leaf_count=7239 139 164488 231 1138 2138 6398 169 17862 111 127 93 582 1113 379
internal_value=-6.94068e-05 -1.43105e-05 0.000765414 -0.000140786 -0.00248935 0.000686913 0.00820755 0.000597 0.00179678 0.0143548 0.00143149 0.00123674 0.00414107 0.0064514
internal_weight=202207 194968 27204 167764 3276 26973 308 26665 8803 238 8565 8472 2074 1492
internal_count=202207 194968 27204 167764 3276 26973 308 26665 8803 238 8565 8472 2074 1492
is_linear=0
shrinkage=0.05


Tree=282
num_leaves=15
num_cat=0
split_feature=0 43 38 53 36 53 26 36 14 40 23 13 53 24
split_gain=5.66364 13.3577 9.1068 10.8989 9.67504 8.16285 8.06464 7.48046 9.58046 8.29953 7.26823 6.9736 19.0815 20.5414
threshold=109.29999923706056 62.500000000000007 7.9500000476837167 0.94066718220710765 10.250000000000002 0.9800505042076112 0.98816227912902843 15.84999990463257 14.627730846405031 990.64999389648449 0.18500000238418582 63.987796783447273 -0.94703993201255787 23.500000000000004
decision_type=2 8 2 2 2 2 2 2 2 2 2 2 2 2
left_child=11 2 3 -2 6 -6 -5 9 -9 -3 -11 -1 -13 -14
right_child=1 7 -4 4 5 -7 -8 8 -10 10 -12 12 13 -15
leaf_value=-0.00017021088078729619 -0.0030940010388183863 -0.0030180701967310519 -0.00016535693976851493 0.0010485778640600685 0.0016734606519646816 0.0049918293827905654 0.0037732001467854106 0.003133999524873764 -0.0037296569089870623 0.010234621973413089 0.00024552040223891708 0.0036990206619811269 0.00080301121777013272 -0.0023608926165048544
leaf_weight=115966 1016 2970 9366 2038 116 143 659 311 10634 52 6882 3418 40293 8639
leaf_count=115966 1016 2970 9366 2038 116 143 659 311 10634 52 6882 3418 40293 8639
internal_value=-2.99499e-05 -0.000616576 0.000618818 0.0026218 0.00415374 0.0132156 0.0032379 -0.00140683 -0.00230717 -0.000410532 0.000537153 8.92304e-05 0.000568181 0.000315474
internal_weight=202503 34187 13338 3972 2956 259 2697 20849 10945 9904 6934 168316 52350 48932
internal_count=202503 34187 13338 3972 2956 259 2697 20849 10945 9904 6934 168316 52350 48932
is_linear=0
shrinkage=0.05


Tree=283
num_leaves=15
num_cat=0
split_feature=4 11 17 52 4 9 25 49 53 13 4 9 17 54
split_gain=5.81939 9.93743 8.15687 7.6022 10.8617 9.92099 6.63796 7.73535 6.86733 6.3006 6.04894 7.53386 5.98267 8.21715
threshold=57.45000076293946 70.164581298828139 -29.349999427795407 -0.7386675477027892 61.100000381469734 76.250000000000014 9.3499999046325701 -142.49999999999997 0.97461712360382091 28.358036041259769 90.200000762939467 80.000000000000014 -4.2499999999999991 8.5000000000000018
decision_type=2 2 2 2 2 2 2 10 2 2 2 2 2 2
left_child=1 9 3 4 -2 -6 7 -5 -8 -1 -9 -12 13 -11
right_child=2 -3 -4 6 5 -7 8 10 -10 12 11 -13 -14 -15
leaf_value=-0.0033870612289974818 0.011193159918274874 0.0018770620925398251 -0.00062940668017067618 -0.00082390766189903799 0.00065337583243401298 0.0048788372659360575 -0.0011558172686646003 0.0018904945401688152 0.0011599662462493572 0.0014606189058536437 0.0090982311351792463 0.0024215025600711681 -0.00016133877988194688 -0.0010768945123220863
leaf_weight=3860 108 6924 69932 1018 4586 1101 13444 533 4139 23248 379 204 66390 6200
leaf_count=3860 108 6924 69932 1018 4586 1101 13444 533 4139 23248 379 204 66390 6200
internal_value=-6.07704e-05 0.000193093 -0.000344356 0.000420812 0.0020112 0.00169651 -4.73982e-05 0.00257929 -0.000367477 6.57909e-05 0.00543517 0.00891231 0.000145646 0.000738678
internal_weight=202066 106622 95444 25512 5795 5687 19717 2134 17583 99698 1116 583 95838 29448
internal_count=202066 106622 95444 25512 5795 5687 19717 2134 17583 99698 1116 583 95838 29448
is_linear=0
shrinkage=0.05


Tree=284
num_leaves=15
num_cat=0
split_feature=8 49 46 54 32 38 47 20 43 28 38 52 15 13
split_gain=5.77347 6.14205 10.8844 14.0434 15.4819 11.1457 19.107 10.1744 12.7941 9.75068 12.7247 23.6486 17.6929 11.6661
threshold=225.59999847412112 -27.499999999999996 0.65000000596046459 1.5000000000000002 -8.9222474098205549 6.3500001430511483 12.818016529083254 58.95000076293946 172.50000000000003 57.500000000000007 17.44999980926514 -0.88622298836708058 72.500000000000014 61.141965866088874
decision_type=2 10 2 2 2 2 2 2 10 2 2 2 2 2
left_child=1 -1 3 4 -3 6 -5 -4 -9 10 13 -12 -13 -7
right_child=-2 2 7 5 -6 9 -8 8 -10 -11 11 12 -14 -15
leaf_value=-0.00031444926869784681 -0.002162788596493135 0.0079177873980286455 0.00019113878864442132 -0.0041617459006771419 0.0019229085112593338 0.00010386175156936405 0.016771377766093266 0.00048394661432408056 -0.0045030166665976602 0.00025557979128740092 -0.00080807368247485904 0.014888719937662382 0.003185079688146018 0.0029268803757052262
leaf_weight=99762 3317 91 27923 5014 4607 7165 87 5519 7485 35785 990 631 816 3016
leaf_count=99762 3317 91 27923 5014 4607 7165 87 5519 7485 35785 990 631 816 3016
internal_value=-3.38261e-05 7.27814e-07 0.000279455 0.000718751 0.00333687 0.000488282 -0.00173254 -0.000345288 -0.00149992 0.000722635 0.00191717 0.00515529 0.00920727 0.00113777
internal_weight=202208 198891 99129 58202 4698 53504 5101 40927 13004 48403 12618 2437 1447 10181
internal_count=202208 198891 99129 58202 4698 53504 5101 40927 13004 48403 12618 2437 1447 10181
is_linear=0
shrinkage=0.05


Tree=285
num_leaves=15
num_cat=0
split_feature=52 55 36 57 52 42 53 19 25 47 18 54 38 9
split_gain=5.52311 13.9474 6.2919 7.80875 12.7006 6.38993 5.68607 5.3271 7.65049 9.6835 7.36617 6.71008 17.1228 8.91949
threshold=0.99628883600234996 2.5000000000000004 20.349999427795414 33.750000000000007 0.99983760714530956 10.750000000000002 0.063390085473656668 158.55000305175784 48.149999618530281 5.8467204570770273 35.45000076293946 1.5000000000000002 12.650000095367433 275.20001220703131
decision_type=2 2 2 2 2 2 2 2 2 2 2 2 2 2
left_child=7 2 3 4 -2 6 -5 8 11 -10 -11 12 -1 -13
right_child=1 -3 -4 5 -6 -7 -8 -9 9 10 -12 13 -14 -15
leaf_value=0.00098647066024189103 0.011790938553209361 -0.0070124234487469296 -0.00053505342545647524 -0.0020297850311407537 -0.0012278727891259272 0.0079728992508109921 0.0068110975919750752 -0.00051880901423676862 0.0082397675420574756 0.000128787952327621 0.0088568282062893959 1.4414863726667609e-05 0.010083332590594785 0.006012522383516055
leaf_weight=7057 114 3207 1430 413 85 66 50 34244 219 659 60 154522 69 111
leaf_count=7057 114 3207 1430 413 85 66 50 34244 219 659 60 154522 69 111
internal_value=-4.19158e-05 -0.00162326 0.00148063 0.00523035 0.0134211 0.00195733 -0.00024313 1.24277e-06 0.000120553 0.00459915 0.00172154 9.42999e-05 0.00159333 2.51212e-05
internal_weight=202306 5365 2158 728 199 529 463 196941 162697 938 719 161759 7126 154633
internal_count=202306 5365 2158 728 199 529 463 196941 162697 938 719 161759 7126 154633
is_linear=0
shrinkage=0.05


Tree=286
num_leaves=15
num_cat=0
split_feature=38 0 52 52 55 36 52 10 56 44 24 15 54 54
split_gain=5.78315 5.50146 6.9872 6.53365 9.79084 8.49943 5.66891 5.50337 8.9281 7.6448 7.29525 5.98631 8.15551 5.80204
threshold=2.7500000000000004 15.84999990463257 0.98932364583015453 0.99628883600234996 2.5000000000000004 19.94999980926514 0.95502296090126049 194.841667175293 208.85000610351565 7.8750195503234872 2.5000000000000004 304.05000305175787 11.500000000000002 11.500000000000002
decision_type=2 2 2 2 2 2 2 2 2 2 2 2 2 2
left_child=-1 2 6 7 5 -5 -2 8 13 10 -10 -12 -13 -3
right_child=1 3 -4 4 -6 -7 -8 -9 9 -11 11 12 -14 -15
leaf_value=-0.0037262052552269297 0.002315614191473441 6.6074800533940845e-05 0.0066362500512536339 0.0046051846839195434 -0.0062924566522224463 -0.0017407834412749461 -0.007535700029757831 -0.0012668979586002828 0.0029480767803071756 0.0061468225279630974 -0.0012496442254913565 0.0024280735399858917 0.0087820597394619865 -0.00114467557221976
leaf_weight=3636 2691 168381 587 595 2653 1122 622 5736 1023 69 959 204 61 13478
leaf_count=3636 2691 168381 587 595 2653 1122 622 5736 1023 69 959 204 61 13478
internal_value=-6.45862e-05 -2.8282e-05 0.00182864 -6.56501e-05 -0.00197489 0.000964098 0.000928377 -2.16154e-05 2.59238e-05 0.00310404 0.00255427 -5.67273e-05 0.00645454 -1.34449e-05
internal_weight=201817 198181 3900 194281 4370 1717 3313 189911 184175 2316 2247 1224 265 181859
internal_count=201817 198181 3900 194281 4370 1717 3313 189911 184175 2316 2247 1224 265 181859
is_linear=0
shrinkage=0.05


Tree=287
num_leaves=15
num_cat=0
split_feature=0 47 37 20 0 57 47 0 5 47 37 27 38 55
split_gain=6.02781 10.329 7.82081 7.14373 8.2368 11.3354 7.84412 8.05086 6.96074 9.75799 6.74648 8.74035 10.4486 13.7826
threshold=139.00000000000003 5.9472475051879892 66.500000000000014 76.950000762939467 273.80000305175787 174.48332977294925 2.6121747493743901 192.09999847412112 167.85000610351565 12.818016529083254 92.500000000000014 8.2500000000000018 8.3499999046325701 2.5000000000000004
decision_type=2 2 2 2 2 2 2 2 2 2 2 2 2 2
left_child=8 2 -2 -4 5 -5 -7 -8 10 -10 11 -1 13 -13
right_child=1 -3 3 4 -6 6 7 -9 9 -11 -12 12 -14 -15
leaf_value=0.0027389888606090852 -0.0036683702867749447 -0.0043210550517181496 -0.00085527486750368764 0.00030819994690648529 -0.0043711514841910598 0.006238991944333928 0.0039797694880780608 0.0009227644868984382 0.0011860663980972886 0.0082198662605459539 -0.0014253595064979471 0.00059987661864060928 0.00019409819926734348 -0.0030570319650079412
leaf_weight=1803 2897 5057 4858 4577 656 103 853 1330 4701 58 12613 9324 141465 12224
leaf_count=1803 2897 5057 4858 4577 656 103 853 1330 4701 58 12613 9324 141465 12224
internal_value=-5.65116e-05 -0.000872869 -0.000223765 0.000324129 0.00128901 0.00180198 0.00466899 0.00398313 3.46315e-05 0.00191969 -1.60349e-05 6.9284e-05 3.0884e-05 -0.000994528
internal_weight=202519 20331 15274 12377 7519 6863 2286 2183 182188 4759 177429 164816 163013 21548
internal_count=202519 20331 15274 12377 7519 6863 2286 2183 182188 4759 177429 164816 163013 21548
is_linear=0
shrinkage=0.05


Tree=288
num_leaves=15
num_cat=0
split_feature=35 0 47 43 50 53 13 16 36 13 16 53 53 53
split_gain=5.54717 5.17086 9.55895 7.26147 6.46311 6.54668 9.53079 5.96008 7.9011 15.805 7.55742 10.2863 8.59958 16.5123
threshold=68.500000000000014 139.00000000000003 5.9472475051879892 22.500000000000004 -0.37940952181816096 0.47369650006294256 88.727081298828139 17.550000190734867 38.350000381469734 47.709226608276374 21.250000000000004 0.93158200383186351 -0.96234029531478871 -0.94703993201255787
decision_type=2 2 2 8 2 2 2 2 2 2 2 2 2 2
left_child=1 7 4 -4 -3 6 -6 8 -1 -10 11 12 -9 -14
right_child=-2 2 3 -5 5 -7 -8 10 9 -11 -12 -13 13 -15
leaf_value=-0.0015900599705634421 0.00048910505064938268 -0.0016279974116041728 0.0037907170858385917 -0.0062393881669443648 -0.015501638021620877 0.00020726146250876865 0.012027843199025303 -0.0062869968048937771 0.0037674111437176112 0.026747473808895667 -0.00014212924411292202 0.012268739237835832 0.013117444142150185 0.0010767600881910137
leaf_weight=20272 33533 4840 306 3811 59 7794 83 1001 941 50 115307 108 358 13700
leaf_count=20272 33533 4840 306 3811 59 7794 83 1001 941 50 115307 108 358 13700
internal_value=-9.57855e-05 -0.000212584 -0.00104212 -0.00313424 -0.000366027 0.000512206 0.0107895 -0.000120168 -0.000896208 0.00344156 6.35974e-06 0.00105521 0.000939344 0.00125888
internal_weight=202163 168630 16893 4117 12776 7936 142 151737 21263 991 130474 15167 15059 14058
internal_count=202163 168630 16893 4117 12776 7936 142 151737 21263 991 130474 15167 15059 14058
is_linear=0
shrinkage=0.05


Tree=289
num_leaves=15
num_cat=0
split_feature=35 29 19 19 8 11 17 38 37 41 43 51 16 55
split_gain=5.91614 5.66206 5.63932 5.07874 4.60553 4.49056 4.83763 4.34789 12.5236 10.9239 8.88166 9.90521 8.68933 9.2415
threshold=67.500000000000014 24.10000038146973 84.90000152587892 34.649999618530281 63.699998855590827 172.84999847412112 -38.149999618530266 15.150000095367433 84.500000000000014 64.500000000000014 25.02689361572266 0.12940952181816107 85.549999237060561 4.5000000000000009
decision_type=2 2 2 2 2 2 2 2 2 2 8 2 2 2
left_child=7 3 -3 -2 -5 6 -6 9 10 -1 -9 12 -12 -14
right_child=1 2 -4 4 5 -7 -8 8 -10 -11 11 -13 13 -15
leaf_value=-0.00092339139546582314 0.0029921810828313434 0.010853926050470426 -0.0010973556904830567 -0.00026481425750309333 0.0034885661509313579 -0.0013780535031750903 0.00071665919976170872 -0.0018017569220104765 -0.0013722118067039627 0.00044604322520326844 -5.3090106978815373e-06 0.0015000351218645892 0.0037093582884266904 -0.0013543236073439116
leaf_weight=60010 2974 71 62 22258 1293 1455 14112 3592 19021 22358 35878 18297 477 241
leaf_count=60010 2974 71 62 22258 1293 1455 14112 3592 19021 22358 35878 18297 477 241
internal_value=-7.46886e-05 0.000451638 0.0103846 0.000417794 0.000266049 0.000889151 0.00114012 -0.000213719 5.50842e-05 -0.000466631 0.000417556 0.000575286 0.000100256 0.00550824
internal_weight=202099 42225 133 42092 39118 16860 15405 159874 77506 82368 58485 54893 36596 718
internal_count=202099 42225 133 42092 39118 16860 15405 159874 77506 82368 58485 54893 36596 718
is_linear=0
shrinkage=0.05


Tree=290
num_leaves=15
num_cat=0
split_feature=37 47 0 53 53 53 52 46 52 46 56 23 15 44
split_gain=6.23925 18.3411 5.41764 9.71488 14.5054 13.8359 13.0236 14.8569 16.1081 10.9017 10.7787 15.804 10.5414 9.97173
threshold=18.500000000000004 12.818016529083254 37.549999237060554 -0.48313741385936732 -0.26037105917930597 -0.23537842929363248 0.76140651106834423 9.6500000953674334 0.80417552590370189 1.7500000000000002 23.150000572204593 0.2650000005960465 39.850000381469734 -4.3102247714996329
decision_type=2 2 2 2 2 2 2 2 2 2 2 2 2 2
left_child=1 -1 3 6 -5 9 12 8 10 -6 13 -12 -2 -8
right_child=2 -3 -4 4 5 -7 7 -9 -10 -11 11 -13 -14 -15
leaf_value=-0.0044716900951279155 -0.0025446865468213621 0.017058886168824953 -0.0002040669838078053 -0.0038054902890182481 0.0032348425127743685 0.00026576567204310715 0.0007624455613337701 0.0087620000745992077 0.0012436431886471927 0.0067772051083497837 0.01085600558653132 0.0026039882686046388 0.0015529286530698455 0.01158166650994848
leaf_weight=5436 3069 76 148314 6972 438 20540 55 151 1780 178 178 415 14415 120
leaf_count=5436 3069 76 148314 6972 438 20540 55 151 1780 178 178 415 14415 120
internal_value=-0.000100844 -0.00175842 -5.42896e-05 0.000405516 -0.000195111 0.000456864 0.00124226 0.00446844 0.00352228 0.00777955 0.00952442 0.00611111 0.000741967 0.0201351
internal_weight=202137 5512 196625 48311 28128 21156 20183 2699 2548 616 768 593 17484 175
internal_count=202137 5512 196625 48311 28128 21156 20183 2699 2548 616 768 593 17484 175
is_linear=0
shrinkage=0.05


Tree=291
num_leaves=15
num_cat=0
split_feature=31 52 55 47 52 19 26 34 34 17 55 53 4 44
split_gain=5.52167 9.06371 8.04616 7.60122 8.98977 8.35232 8.33453 7.09647 7.05062 7.28231 6.84771 6.57097 6.26706 6.37916
threshold=-5.7819004058837882 0.9970000982284547 2.5000000000000004 7.0374066829681405 0.94138324260711681 17.550000190734867 0.91976061463356029 -2.9500000476837154 1.0000000180025095e-35 5.1499998569488534 1.5000000000000002 0.2332836911082268 51.649999618530281 4.3516228199005136
decision_type=2 2 2 2 2 2 2 2 2 2 2 2 2 2
left_child=3 -2 -3 5 -5 6 -1 -7 9 11 -10 12 13 -6
right_child=1 2 -4 4 8 7 -8 -9 10 -11 -12 -13 -14 -15
leaf_value=0.018689130897096427 -0.00013753183860106845 0.00016895913456834051 -0.0078499348197305866 -0.00062347794503936457 0.0095016895061097086 -0.0016152483015323526 0.0019933111345783326 0.0011595357002949249 0.0048405786783593842 0.0002684609353535774 -0.0021976435203798872 -0.0010145206247784032 0.0021683402273344997 0.0023147767523492187
leaf_weight=97 156877 1525 2328 22269 512 2017 220 13802 309 621 1408 206 258 196
leaf_count=97 156877 1525 2328 22269 512 2017 220 13802 309 621 1408 206 258 196
internal_value=-5.36638e-05 -0.000186949 -0.0025796 0.000457363 -7.54209e-05 0.00130806 0.00922018 0.00114379 0.00227273 0.00445646 -2.02675e-05 0.00675973 0.00847336 0.0108774
internal_weight=202645 160730 3853 41915 25779 16136 317 15819 3510 1793 1717 1172 966 708
internal_count=202645 160730 3853 41915 25779 16136 317 15819 3510 1793 1717 1172 966 708
is_linear=0
shrinkage=0.05


Tree=292
num_leaves=15
num_cat=0
split_feature=47 13 53 57 12 40 56 12 42 37 40 47 37 43
split_gain=5.69436 8.70331 21.1096 26.992 11.3051 12.4758 11.1225 16.2928 11.1466 11.0814 10.3409 13.144 18.2218 14.9497
threshold=8.6492857933044451 37.203571319580085 -0.45273527503013605 13.316666603088381 43.107637405395515 972.75000000000011 32.45000076293946 29.433333396911625 21.44999980926514 33.500000000000007 987.14999389648449 5.2052178382873544 68.500000000000014 41.875000000000007
decision_type=2 2 2 2 2 2 2 2 2 2 2 2 2 10
left_child=1 2 3 -1 5 -3 -7 -8 -9 -6 -4 12 -12 -14
right_child=-2 4 10 -5 9 6 7 8 -10 -11 11 -13 13 -15
leaf_value=0.016712653011681181 -0.00072577793858294762 0.0045784153273484068 -0.0069570186350820743 0.00083249502089895048 -0.0031153048589106732 -0.00025783571132023767 0.0075463194557069974 0.0017265071235745084 0.018653353811442581 0.00013755578540427372 -0.00037277797489616583 -0.0045648841187363731 0.00015407106664702363 0.011688235202187119
leaf_weight=107 41302 833 9011 6892 7174 8043 283 9919 53 118000 201 503 63 119
leaf_count=107 41302 833 9011 6892 7174 8043 283 9919 53 118000 201 503 63 119
internal_value=-6.22935e-05 7.19232e-05 -0.00100142 0.0010993 0.000197657 0.00132934 0.00105473 0.00214564 0.00180224 2.46026e-05 -0.00248663 0.00264509 0.00950382 0.0205208
internal_weight=202503 161201 16896 6999 144305 19131 18298 10255 9972 125174 9897 886 383 182
internal_count=202503 161201 16896 6999 144305 19131 18298 10255 9972 125174 9897 886 383 182
is_linear=0
shrinkage=0.05


Tree=293
num_leaves=15
num_cat=0
split_feature=7 27 12 27 30 17 40 30 15 56 38 52 52 50
split_gain=4.9959 9.88053 6.41197 6.86343 7.27805 8.85155 11.116 11.6269 6.34165 10.3801 14.544 11.2939 8.66412 7.49516
threshold=33.95000076293946 10.250000000000002 49.667362213134773 41.149999618530281 217.50000000000003 -31.849999427795407 990.95001220703136 52.500000000000007 53.649999618530281 38.250000000000007 25.44999980926514 -0.31799228489398951 -0.63921129703521717 -0.37940952181816096
decision_type=2 2 2 2 10 2 2 10 2 2 2 2 2 2
left_child=1 -1 8 4 5 -4 -7 -8 9 -3 -11 12 -12 -13
right_child=-2 2 3 -5 -6 6 7 -9 -10 10 11 13 -14 -15
leaf_value=0.0050564928697371314 -0.0002014535881339214 0.00031912391572585299 0.011348601510035285 0.020312338053645549 0.00081392761372365413 0.001394437880089131 0.0082739452098235591 0.0039834076911744653 -0.00073841779231907136 0.0024985909301216639 0.009006409540383618 0.0052266639990660411 -0.0017569747669142863 0.01216380760902715
leaf_weight=311 161450 13076 133 52 4964 1057 78 100 17823 2461 110 53 157 107
leaf_count=311 161450 13076 133 52 4964 1057 78 100 17823 2461 110 53 157 107
internal_value=-5.97213e-05 0.000436875 0.000366963 0.00181889 0.00165405 0.00486937 0.00347389 0.0146808 9.21668e-05 0.000815699 0.00352312 0.0119336 0.00528881 0.0220588
internal_weight=201932 40482 40171 6384 6332 1368 1235 178 33787 15964 2888 427 267 160
internal_count=201932 40482 40171 6384 6332 1368 1235 178 33787 15964 2888 427 267 160
is_linear=0
shrinkage=0.05


Tree=294
num_leaves=15
num_cat=0
split_feature=46 33 43 25 13 54 12 46 12 53 15 53 33 16
split_gain=5.87095 13.4504 11.748 12.6444 14.0247 13.2256 10.9844 11.2598 12.2317 9.98107 11.5093 16.7777 17.4885 13.8616
threshold=6.0499999523162851 0.25000000745058065 122.50000000000001 5.0499999523162851 45.855953216552741 9.5000000000000018 58.843750000000007 15.750000000000002 68.200000762939467 -0.99465739727020253 51.049999237060554 -0.52765738964080799 22.650000572204593 25.94999980926514
decision_type=2 2 8 2 2 2 2 2 2 2 2 2 2 2
left_child=-1 -2 3 -3 -5 6 9 8 -8 -6 -11 12 13 -12
right_child=1 2 -4 4 5 -7 7 -9 -10 10 11 -13 -14 -15
leaf_value=4.569087496128261e-05 -0.0026212411150800721 0.010982329657302415 -0.00063015440873391028 -0.0031568899559748214 -0.0068967831827221023 -0.0053729211353562021 -0.003748092977560181 -0.0064730165507847328 0.0059088981692136415 -0.0010896804032760647 0.010349012405247625 0.011933105320144397 0.010632632659607672 0.00043343661950547073
leaf_weight=159451 14965 166 19824 2192 302 819 278 824 334 558 429 689 269 1341
leaf_count=159451 14965 166 19824 2192 302 819 278 824 334 558 429 689 269 1341
internal_value=-9.31348e-05 -0.000611629 3.47768e-05 0.00162526 0.00133312 0.00261148 0.00357171 -0.000124483 0.00496784 0.00504725 0.00584648 0.00718042 0.00485847 0.00300562
internal_weight=202441 42990 28025 8201 8035 5843 5024 1436 612 3588 3286 2728 2039 1770
internal_count=202441 42990 28025 8201 8035 5843 5024 1436 612 3588 3286 2728 2039 1770
is_linear=0
shrinkage=0.05


Tree=295
num_leaves=15
num_cat=0
split_feature=0 52 55 52 24 33 43 42 37 56 43 47 23 49
split_gain=5.31775 4.77177 14.8579 8.88525 24.5419 20.2431 14.0044 10.3109 12.6793 17.6761 12.4488 10.0501 7.59096 6.71084
threshold=249.15000152587893 0.99466374516487133 2.5000000000000004 0.98667103052139293 17.500000000000004 1.3499999642372134 252.50000000000003 7.5499999523162851 58.500000000000007 33.149999618530281 57.500000000000007 4.0419089794158944 0.75499999523162853 -22.499999999999996
decision_type=2 2 2 2 2 2 10 2 2 2 8 2 2 10
left_child=1 3 -3 13 5 6 7 11 9 -9 -10 -5 -4 -1
right_child=-2 2 12 4 -6 -7 -8 8 10 -11 -12 -13 -14 -15
leaf_value=-0.00037948457009049676 -0.0029983902033206 0.0014069718084838594 -0.0066792218718892196 0.010012252407706979 -0.0056952284180770141 0.012657152187847534 -0.0026497888312488633 0.0022047050637726603 0.0096689709653482517 0.0096423575748770633 -0.0035723243348037325 0.00018742572428935697 0.010264828411720509 0.00025137873747148911
leaf_weight=96276 1861 2638 3639 106 1292 191 706 146 72 281 244 651 106 93943
leaf_count=96276 1861 2638 3639 106 1292 191 706 146 72 281 244 651 106 93943
internal_value=-7.52379e-05 -5.04503e-05 -0.0013945 -6.13781e-06 0.00242092 0.00540714 0.00400271 0.00672185 0.0108699 0.0163959 0.00312883 0.00256193 -0.00341545 -5.33317e-05
internal_weight=202152 200291 6383 193908 3689 2397 2206 1500 743 427 316 757 3745 190219
internal_count=202152 200291 6383 193908 3689 2397 2206 1500 743 427 316 757 3745 190219
is_linear=0
shrinkage=0.05


Tree=296
num_leaves=15
num_cat=0
split_feature=26 52 52 55 43 7 13 12 36 53 47 53 38 41
split_gain=5.42116 11.7457 24.5437 25.5692 21.9792 14.4904 17.9777 17.7384 21.6369 14.281 13.5607 13.6217 12.243 11.8949
threshold=0.87823525071144115 0.57077592611312877 0.49812944233417517 3.5000000000000004 52.500000000000007 49.850000381469734 34.69702339172364 37.24861145019532 25.44999980926514 -0.30164489150047297 4.7609035968780526 0.93469110131263744 7.8500001430511483 13.500000000000002
decision_type=2 2 2 2 10 2 2 2 2 2 2 2 2 2
left_child=-1 2 5 -4 -5 6 -2 8 -8 -3 11 -7 -6 -10
right_child=1 9 3 4 12 10 7 -9 13 -11 -12 -13 -14 -15
leaf_value=8.0705479979343482e-05 -0.0094792693200209301 0.00845940630608219 -0.0018109232081193406 0.00033198108326246817 -0.0006232740620995365 -0.001498104554438972 0.010427078259892475 0.0014167712464638307 0.0085474999012841949 -0.0040307830194079557 -0.0040315230143604811 0.001068252695666457 0.011381374837242478 0.0011839990352887531
leaf_weight=157904 1382 388 676 245 66 9046 105 6473 217 8204 8728 7792 417 693
leaf_count=157904 1382 388 676 245 66 9046 105 6473 217 8204 8728 7792 417 693
internal_value=-5.12995e-05 -0.000539131 -0.000140866 0.00631542 0.0127507 -0.000405854 0.00133446 0.00230195 0.00841463 -0.00219833 -0.00100993 -0.000180438 0.0188337 0.00576087
internal_weight=202336 44432 35840 1404 728 34436 8870 7488 1015 8592 25566 16838 483 910
internal_count=202336 44432 35840 1404 728 34436 8870 7488 1015 8592 25566 16838 483 910
is_linear=0
shrinkage=0.05


Tree=297
num_leaves=15
num_cat=0
split_feature=48 0 17 47 36 26 36 53 26 12 52 52 26 42
split_gain=5.21731 7.51359 7.45829 6.7209 15.5344 18.2734 14.0898 13.7698 12.2257 11.5298 16.3425 14.3824 17.1947 14.2429
threshold=9.0500001907348651 84.200000762939467 -78.899997711181626 5.8262727260589608 30.550000190734867 0.83031558990478527 28.349999427795414 0.56191161274909984 0.8057118058204652 74.120140075683608 0.3903625756502152 -0.77245554327964772 0.62397414445877086 2.6499999761581425
decision_type=2 2 2 2 2 2 2 2 2 2 2 2 2 2
left_child=3 -2 -3 4 5 -1 8 -8 9 10 -5 12 -11 -14
right_child=1 2 -4 6 -6 -7 7 -9 -10 11 -12 -13 13 -15
leaf_value=0.0015017881255056532 -0.00025467585599418514 0.0076074315389567191 -0.0036520523461101928 -0.0027926357305108561 -0.0013865444252304201 -5.3983034949754199e-05 0.0004640292954469748 0.0097109502072388922 -0.004378629413352199 -0.0055702053170634327 -3.3920211311847815e-05 -0.00022124972626157282 0.010048268588561457 0.0029069002477973682
leaf_weight=23586 9499 76 4183 19781 11262 30356 45176 52 9546 1021 26405 16440 305 4533
leaf_count=23586 9499 76 4183 19781 11262 30356 45176 52 9546 1021 26405 16440 305 4533
internal_value=-6.92537e-05 -0.00100886 -0.00275123 -6.11359e-07 0.00040988 0.000762528 -0.000217777 0.000484326 -0.000624737 -0.000390906 -0.000841633 0.000542605 0.0026674 0.00391089
internal_weight=202221 13758 4259 188463 65204 53942 123259 45228 78031 68485 46186 22299 5859 4838
internal_count=202221 13758 4259 188463 65204 53942 123259 45228 78031 68485 46186 22299 5859 4838
is_linear=0
shrinkage=0.05


Tree=298
num_leaves=15
num_cat=0
split_feature=26 53 53 50 47 53 23 27 37 40 47 13 49 28
split_gain=5.29925 11.9351 19.4881 12.2026 11.9131 12.6151 18.4529 10.6316 10.4108 15.102 17.3771 14.1682 14.5087 13.6457
threshold=0.8057118058204652 -0.94703993201255787 -0.96687281131744374 0.37940952181816107 5.887965440750123 -0.46800559759140009 0.32500000298023229 24.550000190734867 90.500000000000014 987.04998779296886 5.6503522396087655 33.906547546386726 -1.0000000180025095e-35 73.500000000000014
decision_type=2 2 2 2 2 2 2 2 2 2 2 2 10 2
left_child=8 2 -2 -4 -3 6 -6 -8 9 -1 11 -11 -13 -12
right_child=1 4 3 -5 5 -7 7 -9 -10 10 13 12 -14 -15
leaf_value=-2.5351121989813818e-05 0.0011590295508283877 -0.00012749051179862791 0.0040255845653788631 0.017192559326352032 0.0082027670918896744 -0.0060813790199803781 0.012676854869822838 -0.0024981973947836838 -0.00092600514769010812 0.00937294774392642 0.0017650383853557638 0.00075239899898066212 0.0031955075766429589 -0.00071327309120479572
leaf_weight=99516 1372 37371 228 152 552 8544 144 3356 17665 136 15171 3515 2740 11896
leaf_count=99516 1372 37371 228 152 552 8544 144 3356 17665 136 15171 3515 2740 11896
internal_value=-9.83476e-06 -0.000446463 0.00359818 0.0134615 -0.000588972 -0.00191814 0.000379122 -0.000968662 0.000140093 0.000291613 0.00121041 0.00355335 0.00318835 0.000656091
internal_weight=202358 51719 1752 380 49967 12596 4052 3500 150639 132974 33458 6391 6255 27067
internal_count=202358 51719 1752 380 49967 12596 4052 3500 150639 132974 33458 6391 6255 27067
is_linear=0
shrinkage=0.05


Tree=299
num_leaves=15
num_cat=0
split_feature=0 52 55 16 19 49 0 13 11 12 46 52 12 13
split_gain=5.30045 7.94287 9.62705 7.13978 7.50382 6.67004 10.4454 11.4708 9.66583 11.7483 13.5322 13.3684 9.33412 7.98877
threshold=15.84999990463257 0.99628883600234996 2.5000000000000004 13.550000190734865 123.65000152587892 -37.365530014038079 67.65000152587892 52.369941711425788 69.685413360595717 61.171527862548835 1.0000000180025095e-35 0.75014290213584911 40.999305725097663 55.756547927856452
decision_type=2 2 2 2 2 8 2 2 2 2 2 2 2 2
left_child=-1 3 -3 4 -2 -5 8 -8 -7 10 11 -10 -9 -12
right_child=1 2 -4 5 -6 6 7 12 9 -11 13 -13 -14 -15
leaf_value=0.0021041959872222142 -0.0032281059733013507 0.00063645803489548126 -0.0062600619778551084 -0.00045491335512122468 0.0063716591716073126 0.00052329587315296606 -0.0038133967425318712 0.019048251777886507 0.012998560075844341 0.001961633815827364 -0.00089837608607182718 -0.0087593148207883702 -8.5836343616879829e-06 0.01261888561347997
leaf_weight=4294 8070 1819 3022 65779 341 54553 6942 58 214 4346 329 66 52407 99
leaf_count=4294 8070 1819 3022 65779 341 54553 6942 58 214 4346 329 66 52407 99
internal_value=-6.76813e-05 -0.000105401 -0.00210369 -5.52249e-05 -0.00147904 9.65774e-06 0.000232977 -0.000236213 0.000700554 0.00279028 0.00871866 0.017069 1.66734e-05 0.00299087
internal_weight=202339 198045 4841 193204 8411 184793 119014 59407 59607 5054 708 280 52465 428
internal_count=202339 198045 4841 193204 8411 184793 119014 59407 59607 5054 708 280 52465 428
is_linear=0
shrinkage=0.05


Tree=300
num_leaves=15
num_cat=0
split_feature=51 50 50 44 24 45 36 41 13 24 15 53 30 23
split_gain=4.89627 17.1989 14.0447 10.1304 11.3846 11.0436 12.5152 10.6872 14.3643 10.2686 10.185 13.9418 10.0715 10.0818
threshold=0.12940952181816107 0.12940952181816109 -0.6035533845424651 -3.1998717784881587 6.5000000000000009 5.0980501174926767 35.649999618530281 3.5000000000000004 46.445535659790046 23.500000000000004 152.50000000000003 -0.074115883558988557 57.500000000000007 0.14500000327825549
decision_type=2 2 2 2 2 2 2 2 2 2 2 2 10 2
left_child=2 12 -1 5 10 -4 7 8 9 -7 11 -5 13 -2
right_child=1 -3 3 4 -6 6 -8 -9 -10 -11 -12 -13 -14 -15
leaf_value=-0.0013130976280488794 0.0059445975863072703 -0.00066919696509248319 -0.0016961014689466606 -7.4595880947971879e-05 -0.00018935987348789844 0.0052318645616802155 0.0084649033465371594 -0.0012468383615023351 0.0002772343938673759 0.010321383808106471 8.9618406044637588e-06 0.0036231533136952664 0.00026010373128378936 0.0012654409985936507
leaf_weight=33690 434 42020 20529 4251 28100 260 626 3862 952 239 8300 8592 32077 18089
leaf_count=33690 434 42020 20529 4251 28100 260 626 3862 952 239 8300 8592 32077 18089
internal_value=-7.4272e-05 0.000193241 -0.000300748 7.71901e-05 0.000501187 -0.000711535 0.00118591 0.000391695 0.00403491 0.0108153 0.00137734 0.002259 0.000814067 0.00174203
internal_weight=202021 92620 109401 75711 49243 26468 5939 5313 1451 499 21143 12843 50600 18523
internal_count=202021 92620 109401 75711 49243 26468 5939 5313 1451 499 21143 12843 50600 18523
is_linear=0
shrinkage=0.05


Tree=301
num_leaves=15
num_cat=0
split_feature=7 27 46 42 28 30 40 36 20 47 45 15 26 43
split_gain=4.9779 6.39828 6.1229 5.88884 7.06248 9.51382 10.6655 11.739 8.88206 7.18434 7.39551 7.04934 7.544 6.74526
threshold=31.849999427795414 11.34999990463257 106.54999923706056 8.9499998092651385 59.500000000000007 687.50000000000011 977.25000000000011 34.649999618530281 72.850002288818374 8.7738800048828143 -10.80076742172241 61.800001144409187 0.42644329369068151 277.50000000000006
decision_type=2 2 2 2 2 8 2 2 2 2 2 2 2 10
left_child=1 -1 -3 -2 5 6 7 8 11 10 -6 -5 -13 -14
right_child=3 2 -4 4 9 -7 -8 -9 -10 -11 -12 12 13 -15
leaf_value=0.0045323567260240963 -2.6402794721614165e-05 0.00041138726822707752 0.0083914187546220449 0.0014518173929112693 0.0039725663025273672 -0.0011924685396519077 0.00051506595386856854 0.0010460446720115446 -0.0071065676974860353 -0.0041634033300470023 -0.0010764147846751254 0.0049298616627526919 0.0051911718186922647 0.014490494526689591
leaf_weight=282 129865 34629 59 158 836 8699 4748 793 147 7282 13976 167 143 314
leaf_count=282 129865 34629 59 158 836 8699 4748 793 147 7282 13976 167 143 314
internal_value=-7.0706e-05 0.000471697 0.000409532 -0.00018422 -0.000738203 9.25609e-05 0.00154321 0.00490185 0.00868477 -0.00130836 -0.000675349 0.0107828 0.0131388 0.0164133
internal_weight=202098 34970 34688 167128 37263 15169 6470 1722 929 22094 14812 782 624 457
internal_count=202098 34970 34688 167128 37263 15169 6470 1722 929 22094 14812 782 624 457
is_linear=0
shrinkage=0.05


Tree=302
num_leaves=15
num_cat=0
split_feature=7 13 53 45 25 10 24 8 26 37 37 26 53 53
split_gain=4.59027 8.9327 8.32426 7.98486 7.03465 8.7085 6.08533 5.38235 10.7033 14.1316 9.20994 12.6701 9.85445 8.8753
threshold=28.150000572204593 53.285713195800788 -0.98801845312118519 5.7906739711761483 27.849999427795414 103.12500000000001 7.5000000000000009 63.199998855590827 0.78396508097648632 86.500000000000014 90.500000000000014 0.62397414445877086 -0.92921787500381459 0.90438663959503185
decision_type=2 2 2 2 2 2 2 2 2 2 2 2 2 2
left_child=1 3 -3 -1 6 -6 -4 -2 10 -10 11 12 -9 -13
right_child=7 2 4 -5 5 -7 -8 8 9 -11 -12 13 -14 -15
leaf_value=-6.3232637198425297e-05 -0.00043405594015103849 0.0069620581247275635 0.0041009043763058388 0.0034647080280704487 0.0086198879167825263 0.00078955183671475877 -0.00040926056869382776 0.0017542239346955266 -0.0015722789545243089 0.001021678713850657 -0.00063135442788650182 0.0018368076769034675 -0.001691531215692671 -0.00021102501193406969
leaf_weight=20367 93936 62 1182 2082 122 177 1413 3367 21909 7636 10379 25431 8292 6234
leaf_count=20367 93936 62 1182 2082 122 177 1413 3367 21909 7636 10379 25431 8292 6234
internal_value=-3.13192e-05 0.000597087 0.00317599 0.000256244 0.00274793 0.00988673 0.00189059 -0.00012145 0.000171274 -0.000592963 0.000591755 0.000912216 -0.000496616 0.00143094
internal_weight=202589 25405 2956 22449 2894 299 2595 177184 83248 29545 53703 43324 11659 31665
internal_count=202589 25405 2956 22449 2894 299 2595 177184 83248 29545 53703 43324 11659 31665
is_linear=0
shrinkage=0.05


Tree=303
num_leaves=15
num_cat=0
split_feature=0 37 47 26 17 23 32 49 46 38 53 41 53 16
split_gain=5.66718 9.94345 11.4271 9.33743 10.6089 9.43131 9.04176 8.41914 8.33406 8.07988 12.1856 15.6691 14.2652 9.67118
threshold=47.049999237060554 47.500000000000007 5.8262727260589608 0.70084869861602794 10.150000095367433 0.17500000447034839 2.706379890441895 1727.5000000000002 0.55000001192092907 12.150000095367433 0.38043944537639623 94.500000000000014 0.47369650006294256 34.649999618530281
decision_type=2 2 2 2 2 2 2 8 2 2 2 2 2 2
left_child=6 8 3 4 -3 -6 -1 -8 9 -2 11 -11 -12 -13
right_child=1 2 -4 -5 5 -7 7 -9 -10 10 12 13 -14 -15
leaf_value=-1.8131353270482047e-05 -0.0023933416331653624 0.00034547840543289383 -0.00057846797067270068 -1.7860555442431143e-05 0.004981949407349898 0.0019421312470197846 0.00097065213073521922 0.0030873193732867607 -0.0052774517783954851 -0.001140490004769815 0.0068428481743662804 0.0020860265356133305 -0.00010788795232980458 0.0090284671461472107
leaf_weight=60739 8614 10379 57556 27298 164 6434 16446 2524 5482 5340 490 289 535 155
leaf_count=60739 8614 10379 57556 27298 164 6434 16446 2524 5482 5340 490 289 535 155
internal_value=-4.53199e-05 -0.000258502 -5.4547e-05 0.000549282 0.00146965 0.00303571 0.00028293 0.00123551 -0.0012515 -0.000655415 0.000631323 -0.000262342 0.00562802 0.00865639
internal_weight=202445 122736 101831 44275 16977 6598 79709 18970 20905 15423 6809 5784 1025 444
internal_count=202445 122736 101831 44275 16977 6598 79709 18970 20905 15423 6809 5784 1025 444
is_linear=0
shrinkage=0.05


Tree=304
num_leaves=15
num_cat=0
split_feature=38 51 12 40 42 13 40 55 56 55 52 12 13 55
split_gain=5.52506 6.84658 10.8321 18.5094 12.6804 8.35588 12.0735 11.348 11.2994 8.96795 8.68156 8.10415 19.337 9.29152
threshold=25.650000572204593 -0.37940952181816096 43.993055343627937 972.54998779296886 6.8500001430511483 49.641963958740241 972.95001220703136 3.5000000000000004 51.750000000000007 2.5000000000000004 -0.5917624533176421 52.559720993041999 58.083631515502937 4.5000000000000009
decision_type=2 2 2 2 2 2 2 2 2 2 2 2 2 2
left_child=-1 5 3 4 -3 -2 -7 8 9 -8 -11 12 -9 -14
right_child=1 2 -4 -5 -6 6 7 11 -10 10 -12 -13 13 -15
leaf_value=-0.00015182505890180977 -0.0030155937804178575 0.0034020720451970934 0.00048302031577829665 0.0020042354549212704 0.0065884892600087596 -0.0028115983834515173 -0.00052906376946810043 -0.0034675542635897779 0.0079941547793370565 0.0003164373198460801 0.011424210158839064 -0.0025860251535798785 0.012724650846912459 0.003385940952113438
leaf_weight=185297 2592 302 7741 2506 144 1114 701 258 602 105 82 909 55 76
leaf_count=185297 2592 302 7741 2506 144 1114 701 258 602 105 82 909 55 76
internal_value=-5.68918e-05 0.000800429 0.00157759 0.00414922 0.0134211 -0.000479706 0.000981594 0.00273767 0.0057 0.00207127 0.0114975 -0.000680429 0.00527569 0.0201773
internal_weight=202484 17187 10693 2952 446 6494 3902 2788 1490 888 187 1298 389 131
internal_count=202484 17187 10693 2952 446 6494 3902 2788 1490 888 187 1298 389 131
is_linear=0
shrinkage=0.05


Tree=305
num_leaves=15
num_cat=0
split_feature=47 53 53 23 50 40 13 52 41 45 39 57 13 24
split_gain=5.36682 8.02052 19.7952 14.8279 15.5503 12.5257 12.4282 12.7648 11.3896 11.2146 10.9554 10.5801 11.423 11.7224
threshold=4.4308259487152108 0.90438663959503185 0.89691349864006054 0.50499999523162853 -1.0000000180025095e-35 990.85000610351574 60.847618103027351 -0.17647087574005124 58.500000000000007 -11.896558761596678 1.0000000180025095e-35 108.83333587646486 76.974105834960952 6.5000000000000009
decision_type=2 2 2 2 2 2 2 2 2 2 2 2 2 2
left_child=-1 2 11 -4 -5 9 -7 -8 -6 -3 -9 -2 -13 -14
right_child=1 5 3 4 8 6 7 10 -10 -11 -12 12 13 -15
leaf_value=0.00041493553462878028 -0.00026788989833221948 0.0033218172885693289 0.001517202966936144 0.0021629648097222557 0.011489387260634313 0.011261310553698655 -0.005159258142097025 0.00049858253789418223 0.0064443821353779955 -0.0036353975378531039 0.0052008746355334742 0.0036689691711655221 0.0026377421418537139 -0.00055897646850121057
leaf_weight=29351 146288 56 518 149 116 141 2422 6500 68 7022 95 1219 3253 5275
leaf_count=29351 146288 56 518 149 116 141 2422 6500 68 7022 95 1219 3253 5275
internal_value=-7.86004e-05 -0.0001846 -7.50828e-05 0.00748548 0.0155539 -0.00124215 -2.07254e-05 -0.00025867 0.0248969 -0.00282026 0.000881906 -0.000116794 0.0014774 0.00082689
internal_weight=202473 173122 156886 851 333 16236 9158 9017 184 7078 6595 156035 9747 8528
internal_count=202473 173122 156886 851 333 16236 9158 9017 184 7078 6595 156035 9747 8528
is_linear=0
shrinkage=0.05


Tree=306
num_leaves=15
num_cat=0
split_feature=18 37 45 49 28 49 20 42 27 26 16 23 16 45
split_gain=5.8953 4.81338 5.50352 5.45709 15.4077 10.5259 10.2213 9.87317 9.48868 7.73055 16.358 7.38864 7.29816 8.02729
threshold=69.799999237060561 16.500000000000004 15.023267745971681 -8.7499999999999982 58.500000000000007 62.500000000000007 23.650000572204593 4.3500001430511483 12.750000000000002 0.72958466410636913 73.000000000000014 1.2250000238418581 33.45000076293946 -7.8806114196777335
decision_type=2 2 2 10 2 10 2 2 2 2 2 2 2 2
left_child=1 2 -1 -3 8 -6 12 9 -5 10 -8 -12 -7 -14
right_child=-2 3 -4 4 5 6 7 -9 -10 -11 11 -13 13 -15
leaf_value=-0.0045334680340376908 -0.0018560849416204214 -0.00024341190940003292 0.016851413397041794 0.0054996134636306508 0.0008058230096564435 -0.00026479115141244189 0.00063925196318575812 -0.001747369107594685 0.0017177904226929653 -0.0012459635007988433 0.0032910555745266795 0.0053628496434355456 0.0063606899247017458 0.0015698449534333415
leaf_weight=3892 4361 107114 86 191 22112 6328 4278 25669 17953 4453 505 108 259 5043
leaf_count=3892 4361 107114 86 191 22112 6328 4278 25669 17953 4453 505 108 259 5043
internal_value=-6.08328e-05 -2.07334e-05 -0.00174022 1.46105e-05 0.000309 -3.30849e-05 -0.000459028 -0.000885562 0.0016046 0.000505665 0.00187615 0.00944623 0.000824741 0.00219126
internal_weight=202352 197991 3978 194013 86899 68755 46643 35013 18144 9344 4891 613 11630 5302
internal_count=202352 197991 3978 194013 86899 68755 46643 35013 18144 9344 4891 613 11630 5302
is_linear=0
shrinkage=0.05


Tree=307
num_leaves=15
num_cat=0
split_feature=43 53 12 46 53 33 23 8 13 42 40 37 15 47
split_gain=5.10881 11.8404 29.6945 10.666 13.9482 10.0374 10.4754 11.6594 14.97 12.5437 17.3422 13.9592 12.2737 22.1539
threshold=392.50000000000006 -0.99983122944831837 57.451389312744148 0.55000001192092907 0.99988442659378063 1.0000000180025095e-35 1.185000002384186 100.90000152587892 63.414882659912116 19.050000190734867 978.35000610351574 50.500000000000007 118.15000152587892 4.1276819705963144
decision_type=10 2 2 2 2 2 2 2 2 2 2 2 2 2
left_child=-1 2 -2 4 5 6 7 8 9 -3 11 -11 13 -10
right_child=1 3 -4 -5 -6 -7 -8 -9 12 10 -12 -13 -14 -15
leaf_value=0.00010804094778568446 -0.002289790389708357 -0.00036495356671646938 0.01402736055542126 -0.0014518561845249846 0.0072576753491278428 -0.0020591932845291467 0.0033046855350522563 -0.0022275196330680046 0.0071958561201024562 0.020552525948458161 -0.0050389968151261545 -0.00055654477538364105 0.00085609434112416348 0.0035215347983136381
leaf_weight=145789 290 11598 182 28135 68 5993 364 3899 322 115 170 53 3233 2010
leaf_count=145789 290 11598 182 28135 68 5993 364 3899 322 115 170 53 3233 2010
internal_value=-5.51609e-05 -0.000459057 0.0073444 -0.000526176 0.000167953 0.000108581 0.000607604 0.0004624 0.00101336 1.42295e-05 0.00936781 0.0202809 0.00315247 0.00590948
internal_weight=202221 56432 472 55960 27825 27757 21764 21400 17501 11936 338 168 5565 2332
internal_count=202221 56432 472 55960 27825 27757 21764 21400 17501 11936 338 168 5565 2332
is_linear=0
shrinkage=0.05


Tree=308
num_leaves=15
num_cat=0
split_feature=38 44 16 43 41 43 55 15 36 51 12 40 57 44
split_gain=4.97692 15.5754 11.3992 10.5854 10.191 10.3527 9.93883 8.92389 9.41991 8.68029 7.88644 24.069 10.6707 7.15771
threshold=25.650000572204593 0.69591933488845836 64.40000152587892 1037.5000000000002 10.500000000000002 1392.5000000000002 2.5000000000000004 80.90000152587892 35.149999618530281 -0.37940952181816096 43.993055343627937 972.54998779296886 43.81666564941407 1.99268513917923
decision_type=2 2 2 10 2 10 2 2 2 2 2 2 2 2
left_child=-1 2 9 13 -5 7 -4 8 -6 -2 11 12 -11 -3
right_child=1 3 6 4 5 -7 -8 -9 -10 10 -12 -13 -14 -15
leaf_value=-0.00014741687127321556 -0.0018141454401414542 0.0048426109020593038 0.0066820093986648069 -0.0013838142255886163 0.011121901261046521 0.0020862465351399557 -7.2871065328603584e-05 0.0039514950552411712 0.0013656573943599737 0.001568843090239108 1.3256257668368524e-05 0.0010549046036570284 0.0073774198638749877 -2.8371410785301354e-05
leaf_weight=185321 5405 550 226 109 144 157 206 57 56 177 6851 2128 208 916
leaf_count=185321 5405 550 226 109 144 157 206 57 56 177 6851 2128 208 916
internal_value=-5.77977e-05 0.000755813 0.000210044 0.00490495 0.0109475 0.0144575 0.00812217 0.0204682 0.0252381 -2.67283e-05 0.000893961 0.00328379 0.0146203 0.0026897
internal_weight=202511 17190 15201 1989 523 414 432 257 200 14769 9364 2513 385 1466
internal_count=202511 17190 15201 1989 523 414 432 257 200 14769 9364 2513 385 1466
is_linear=0
shrinkage=0.05


Tree=309
num_leaves=15
num_cat=0
split_feature=19 8 32 44 26 47 53 47 16 31 51 57 26 52
split_gain=5.0678 8.39224 8.5803 7.73517 7.70912 12.7403 15.4516 12.4812 10.7158 15.8181 8.43959 8.2239 7.97624 14.5524
threshold=164.59999847412112 63.199998855590827 3.2583036422729497 -3.1998717784881587 0.78396508097648632 4.7609035968780526 0.93469110131263744 10.646322727203371 39.049999237060554 1.4615737795829775 0.12940952181816107 164.30000305175784 0.64193257689476024 -0.76141706109046925
decision_type=2 2 2 2 2 2 2 2 2 2 2 2 2 2
left_child=1 2 -1 -4 12 6 -6 -7 9 -8 -9 -10 -3 -14
right_child=-2 4 3 -5 5 7 8 10 11 -11 -12 -13 13 -15
leaf_value=-0.00049987120763602007 -0.00055617912199792073 -7.6839691990258864e-05 -0.00036085071700504677 0.0016326408257906237 -0.00025186376503336279 -0.0028392434647858881 0.0086356891702978351 0.012658970690601099 -6.8619111173279521e-08 0.0031150978354110275 -0.00081668244874576711 0.0036119036149154949 0.0027947508301579501 0.00074176496243972048
leaf_weight=86897 31561 11968 10473 12613 9533 9707 191 82 1932 703 71 1144 7875 17853
leaf_count=86897 31561 11968 10473 12613 9533 9707 191 82 1932 703 71 1144 7875 17853
internal_value=-4.84433e-05 5.89867e-05 -0.000201969 0.000654658 0.000528991 -0.000184616 0.00081292 -0.00155015 0.00342965 0.00821903 0.0121779 0.00201555 0.000971197 0.00146709
internal_weight=202603 171042 109983 23086 61059 23363 13503 9860 3970 894 153 3076 37696 25728
internal_count=202603 171042 109983 23086 61059 23363 13503 9860 3970 894 153 3076 37696 25728
is_linear=0
shrinkage=0.05


Tree=310
num_leaves=15
num_cat=0
split_feature=0 57 35 47 20 29 49 8 47 0 23 13 24 13
split_gain=5.12398 10.5325 8.08402 9.8398 7.48137 7.44154 7.00602 8.16023 6.48852 6.58995 9.64967 6.82735 7.72806 12.6118
threshold=47.049999237060554 51.983333587646491 62.500000000000007 3.998561024665833 4.0499999523162851 9.0500001907348651 -22.499999999999996 190.25000000000003 8.0728693008422869 81.40000152587892 1.2849999666213991 35.152976989746101 339.50000000000006 53.612796783447273
decision_type=2 2 2 2 2 2 10 2 2 2 2 2 2 2
left_child=2 4 -1 -4 5 -2 -3 -8 9 11 -11 -6 -13 -14
right_child=1 6 3 -5 8 -7 7 -9 -10 10 -12 12 13 -15
leaf_value=-0.00022624804031719993 0.0094077186173088453 -0.00040236633179956805 0.0053956753141769197 0.00076246499941364247 -0.006474450484280813 -0.0037782674904025316 0.00060779322828667496 -0.0015221012932327659 -0.0036126979787173899 -0.0032273135729600604 0.007783987161559567 -7.564404374775311e-05 0.0091017688356271973 -0.0056790204055425231
leaf_weight=46535 144 39795 1024 32195 1598 121 44768 4881 8812 5791 78 16360 202 126
leaf_count=46535 144 39795 1024 32195 1598 121 44768 4881 8812 5791 78 16360 202 126
internal_value=-7.08864e-05 -0.000273708 0.000241085 0.000836768 -0.00103363 0.00718182 8.71837e-06 0.00040486 -0.00110183 -0.000677634 -0.00213387 -0.000209337 9.04288e-05 0.00757396
internal_weight=202430 122676 79754 33219 33232 265 89444 49649 32967 24155 5869 18286 16688 328
internal_count=202430 122676 79754 33219 33232 265 89444 49649 32967 24155 5869 18286 16688 328
is_linear=0
shrinkage=0.05


Tree=311
num_leaves=15
num_cat=0
split_feature=0 13 54 15 54 13 16 23 16 0 56 56 26 40
split_gain=6.47542 9.30226 8.49773 7.73165 9.06565 19.9905 13.1945 33.5394 24.7908 9.21312 8.7896 8.74592 7.86617 19.645
threshold=67.65000152587892 63.713094711303718 11.500000000000002 106.04999923706056 8.5000000000000018 38.219940185546882 29.44999980926514 0.58499997854232799 22.750000000000004 67.200000762939467 45.95000076293946 37.899999618530281 0.76659828424453746 984.04998779296886
decision_type=2 2 2 2 2 2 2 2 2 2 2 2 2 2
left_child=3 2 -2 4 -1 -6 7 9 -9 -7 11 -10 -8 -14
right_child=1 -3 -4 -5 5 6 12 8 10 -11 -12 -13 13 -15
leaf_value=0.00032427880591537789 -0.0021015050571267483 -8.7363846328494452e-05 0.0036904143930319693 0.0014415016270782326 -0.0080151444590799131 -0.00027768405885633375 -0.0025207100081871487 -0.0015673082278283954 0.0062275759276160646 0.0047970885665586729 0.0030050376549143813 0.012401823374649632 0.0038310427991944569 -0.0030204394570419258
leaf_weight=85185 18503 57347 435 15264 4254 8337 9366 561 553 71 351 253 837 1145
leaf_count=85185 18503 57347 435 15264 4254 8337 9366 561 553 71 351 253 837 1145
internal_value=-5.80833e-05 -0.00042172 -0.00138221 0.000161783 1.65418e-05 -0.000805814 -0.00018479 0.00112668 0.00747106 -0.000177003 0.0116238 0.0144853 -0.00135499 0.001501
internal_weight=202462 76285 18938 126177 110913 25728 21474 10126 1718 8408 1157 806 11348 1982
internal_count=202462 76285 18938 126177 110913 25728 21474 10126 1718 8408 1157 806 11348 1982
is_linear=0
shrinkage=0.05


Tree=312
num_leaves=15
num_cat=0
split_feature=47 52 51 26 46 13 12 46 52 41 56 38 53 42
split_gain=4.61225 8.9386 10.1777 7.98741 18.0826 16.2089 26.167 17.8997 12.7775 13.7806 11.7614 21.3481 10.1313 9.57832
threshold=4.0419089794158944 0.98932364583015453 0.12940952181816107 0.87823525071144115 2.2500000000000004 34.69702339172364 40.999305725097663 3.6499999761581425 -0.86114627122879017 1.0000000180025095e-35 73.000000000000014 26.650000572204593 -0.93543598055839527 3.1499999761581425
decision_type=2 2 2 2 2 2 2 2 2 2 2 2 2 2
left_child=1 -1 -3 -2 -5 -6 8 10 13 -10 -8 -12 -9 -7
right_child=3 2 -4 4 5 6 7 12 9 -11 11 -13 -14 -15
leaf_value=0.00043645878695939633 -8.8114227408907372e-06 -0.0011798819879458571 0.0098357284695772505 -0.0026347347432389675 -0.0099509085982191006 -0.0018617628900148638 0.0010812072632145466 0.004486473873194334 0.01288736182891468 0.0027124934089447876 0.0045289987769992889 0.011502633506591566 -0.0035245002255385178 0.0090612706208640266
leaf_weight=21180 153168 68 79 18182 1600 60 975 635 57 1201 567 68 4389 289
leaf_count=21180 153168 68 79 18182 1600 60 975 635 57 1201 567 68 4389 289
internal_value=-6.66093e-05 0.000628719 0.0125159 -0.000148483 -0.000924447 0.00080144 0.00169616 0.000305538 0.0073995 0.00497634 0.00487654 0.0101163 -0.00116607 0.0157521
internal_weight=202518 21327 147 181191 28023 9841 8241 6634 1607 1258 1610 635 5024 349
internal_count=202518 21327 147 181191 28023 9841 8241 6634 1607 1258 1610 635 5024 349
is_linear=0
shrinkage=0.05


Tree=313
num_leaves=15
num_cat=0
split_feature=38 18 49 21 43 53 45 53 0 34 49 53 53 53
split_gain=5.45276 5.05109 5.26289 9.29862 12.5178 8.64269 8.23721 8.16966 7.36964 13.3463 8.53298 8.47531 7.12494 16.8231
threshold=2.7500000000000004 77.599998474121108 -27.499999999999996 61.500000000000007 452.50000000000006 -0.99983122944831837 -1.4372636079788206 0.99981042742729198 32.149999618530281 -7.5499999523162833 -667.49999999999989 -0.96234029531478871 -0.50557503104209889 -0.64580103754997242
decision_type=2 2 10 2 10 2 2 2 2 2 10 2 2 2
left_child=-1 2 8 4 6 -6 -4 -7 9 10 -2 -11 13 -13
right_child=1 -3 3 -5 5 7 -8 -9 -10 11 -12 12 -14 -15
leaf_value=-0.003364491020612904 0.0099661347866858256 -0.0021457547442868567 -0.00036392181909195194 0.00095534705640468686 0.0080657567769571187 -0.0014054626038045729 0.00094633205248273152 0.0063510952247160211 -0.00051685567316321743 -0.0045948370697749558 0.002576737844852284 0.00049252628566622198 -5.9693439768760395e-05 0.0064359550975870081
leaf_weight=3660 102 3164 19820 32930 68 20804 23415 55 72617 1772 139 6194 15099 2311
leaf_count=3660 102 3164 19820 32930 68 20804 23415 55 72617 1772 139 6194 15099 2311
internal_value=-7.93938e-05 -4.40818e-05 -1.19294e-05 0.000249118 -0.000101447 -0.00110498 0.000384436 -0.00116656 -0.000269941 0.000459085 0.0119323 0.000345465 0.000596255 0.00175279
internal_weight=202150 198490 195326 97092 64162 20927 43235 20859 98234 25617 241 25376 23604 8505
internal_count=202150 198490 195326 97092 64162 20927 43235 20859 98234 25617 241 25376 23604 8505
is_linear=0
shrinkage=0.05


Tree=314
num_leaves=15
num_cat=0
split_feature=51 48 25 46 46 51 38 56 41 46 12 28 57 15
split_gain=4.3838 7.08603 7.64588 12.0348 6.00875 8.01425 7.99649 12.0502 8.35457 8.0624 11.4368 7.00216 9.01062 10.8011
threshold=0.12940952181816107 -3.4500000476837154 5.6499998569488534 4.5499999523162851 3.2500000000000004 -0.6035533845424651 25.650000572204593 83.000000000000014 24.500000000000004 2.8500000238418584 52.300693511962898 29.500000000000004 49.250000000000007 160.90000152587893
decision_type=2 2 2 2 2 2 2 2 2 2 2 2 2 2
left_child=4 -2 3 -3 6 -6 8 9 -1 -8 -11 -10 -13 -14
right_child=1 2 -4 -5 5 -7 7 -9 11 10 -12 12 13 -15
leaf_value=-0.00053085314835163043 -0.00038676652278308438 0.0011614026603773365 0.00043821801706099952 0.007525184292906776 -0.0019944561243816009 1.0611848247067223e-06 0.00067302334906981236 0.0061818870763890215 0.0037471782529521318 0.0015808648556603841 0.0064184519598049208 -0.0011736838414369297 0.0028753302819956115 -0.00022166195326912315
leaf_weight=51508 36347 915 55096 438 15820 13746 2085 121 3051 140 114 9724 6770 6408
leaf_count=51508 36347 915 55096 438 15820 13746 2085 121 3051 140 114 9724 6770 6408
internal_value=-5.86537e-05 0.000194167 0.00054473 0.00424431 -0.000272931 -0.000881797 -4.76048e-05 0.00275304 -0.000136891 0.00191784 0.0101515 0.000594499 0.000294168 0.00114574
internal_weight=202283 92796 56449 1353 109487 29566 79921 2460 77461 2339 254 25953 22902 13178
internal_count=202283 92796 56449 1353 109487 29566 79921 2460 77461 2339 254 25953 22902 13178
is_linear=0
shrinkage=0.05


Tree=315
num_leaves=15
num_cat=0
split_feature=7 27 8 37 47 57 16 16 54 47 56 15 17 57
split_gain=5.37566 8.91266 7.7366 6.3011 14.1919 10.7848 6.3235 7.80092 14.9643 15.4844 7.65589 7.2696 6.37906 6.36615
threshold=33.95000076293946 11.34999990463257 65.549999237060561 33.500000000000007 12.818016529083254 40.250000000000007 17.94999980926514 21.150000572204593 9.5000000000000018 6.4617915153503427 61.350000381469734 72.750000000000014 8.5500001907348651 22.550000190734867
decision_type=2 2 2 2 2 2 2 2 2 2 2 2 2 2
left_child=1 2 -1 4 -2 -6 -5 8 11 10 -10 13 -12 -8
right_child=3 -3 -4 6 5 -7 7 -9 9 -11 12 -13 -14 -15
leaf_value=0.001920809587328233 -0.0020590911690022791 0.0004539135761136246 0.007541578742121878 -0.0019513849385745753 0.0044435057381547981 0.018226021199120267 0.0050820653709383844 -8.7218686895388012e-05 6.3568087002743116e-05 0.015764283888097929 5.2896752222668902e-09 -0.0026017889591841863 0.0080365812223533294 0.0018143340179183549
leaf_weight=249 13366 40372 124 10218 107 59 137 130507 360 94 92 1664 189 5104
leaf_count=249 13366 40372 124 10218 107 59 137 130507 360 94 92 1664 189 5104
internal_value=-5.01364e-05 0.000463132 0.00805483 -0.000179333 -0.00121179 0.0128977 -8.50897e-05 3.72645e-06 0.00155555 0.00828859 0.00529186 0.000827909 0.011323 0.00174157
internal_weight=202642 40745 373 161897 13532 166 148365 138147 7640 735 641 6905 281 5241
internal_count=202642 40745 373 161897 13532 166 148365 138147 7640 735 641 6905 281 5241
is_linear=0
shrinkage=0.05


Tree=316
num_leaves=15
num_cat=0
split_feature=38 52 13 52 14 45 41 47 52 54 40 23 1 52
split_gain=4.77882 19.7577 38.9889 21.7922 25.9376 18.7187 16.2774 16.0917 19.7599 14.4262 17.5332 20.417 12.4949 12.9543
threshold=15.150000095367433 -0.87812310457229603 58.726488113403327 -0.91597726941108693 20.79694747924805 -2.5917834043502803 77.500000000000014 10.947014331817629 0.66527691483497631 10.500000000000002 989.54998779296886 0.30500000715255743 98.40000152587892 -0.31799228489398951
decision_type=2 2 2 2 2 2 2 2 2 2 2 2 2 2
left_child=1 2 -1 4 -4 -5 -3 -8 -9 12 11 -11 13 -2
right_child=9 6 3 5 -6 -7 7 8 -10 10 -12 -13 -14 -15
leaf_value=-0.01098138100055546 -0.00029471213186121312 -0.00093553685300726069 0.0067781976403633107 0.012097213912818025 -0.00017336216980000458 0.007684048418974937 0.00035061141020917389 0.012894042636929249 0.0034988253446897634 0.0076852148320771807 -0.002162893466104493 0.0023980106637119425 -0.0026239335733911919 0.0011166721227077647
leaf_weight=1001 54031 74696 553 125 1155 493 24599 200 990 169 1401 2805 5997 33665
leaf_count=1001 54031 74696 553 125 1155 493 24599 200 990 169 1401 2805 5997 33665
internal_value=-8.29672e-05 -0.000319394 0.00346569 0.0070077 0.00405122 0.0149841 -0.000445048 0.000637814 0.00629167 0.000167315 0.00297035 0.0051374 3.61236e-05 0.000187215
internal_weight=201880 103812 3327 2326 1708 618 100485 25789 1190 98068 4375 2974 93693 87696
internal_count=201880 103812 3327 2326 1708 618 100485 25789 1190 98068 4375 2974 93693 87696
is_linear=0
shrinkage=0.05


Tree=317
num_leaves=15
num_cat=0
split_feature=26 24 52 23 52 42 56 9 47 15 43 37 0 44
split_gain=4.90332 10.3757 10.2109 12.6453 10.3948 8.29129 7.58661 7.94482 7.54486 12.3736 14.5474 19.062 10.3565 9.02435
threshold=0.9352884590625764 5.5000000000000009 -0.96689236164093006 0.63499999046325695 -0.86976337432861317 3.1499999761581425 117.70000076293947 25.94999980926514 4.3622796535491952 167.85000610351565 1.0000000180025095e-35 75.500000000000014 123.15000152587892 -2.4918224811553951
decision_type=2 2 2 2 2 2 2 2 2 2 10 2 2 2
left_child=6 2 3 -2 -4 -5 8 -8 9 10 11 -1 -10 -11
right_child=1 -3 4 5 -6 -7 7 -9 12 13 -12 -13 -14 -15
leaf_value=-0.0013313855307885921 0.00012801358355699232 -0.0026870393874005283 -0.0069837845864146614 -0.00037694281875391 4.7889947137408055e-05 0.0098812499263611561 -0.004799449282807712 0.00094987042838510182 -5.7829492405259109e-05 0.0063004047724013971 0.00053192500965547394 0.00973922270777435 -0.0031726459344278406 0.0036735209012524472
leaf_weight=76 293 8010 2576 59 25180 147 651 16417 137367 55 6332 63 4563 336
leaf_count=76 293 8010 2576 59 25180 147 651 16417 137367 55 6332 63 4563 336
internal_value=-5.57807e-05 -0.000582358 -0.00013179 0.00688605 -0.000260392 0.0160648 5.93827e-05 0.0010575 -5.51752e-05 0.00156286 0.00103302 0.0164765 -0.000133508 0.0100873
internal_weight=202125 36265 28255 499 27756 206 165860 17068 148792 6862 6471 139 141930 391
internal_count=202125 36265 28255 499 27756 206 165860 17068 148792 6862 6471 139 141930 391
is_linear=0
shrinkage=0.05


Tree=318
num_leaves=15
num_cat=0
split_feature=0 52 23 43 49 17 0 54 47 36 8 56 36 29
split_gain=5.86842 6.11298 9.57606 8.21416 5.74589 7.53354 7.99508 12.969 12.5728 20.5309 13.1729 11.8418 13.0361 9.27498
threshold=15.84999990463257 0.99628883600234996 0.73500001430511486 57.500000000000007 -27.499999999999996 -65.749999999999986 105.59999847412111 1.5000000000000002 8.5289392471313494 15.84999990463257 101.59999847412111 87.90000152587892 15.050000190734865 6.6499998569488534
decision_type=2 2 2 8 8 2 2 2 2 2 2 2 2 2
left_child=-1 4 -3 -4 -2 -6 7 8 10 -10 13 12 -8 -7
right_child=1 2 3 -5 5 6 11 -9 9 -11 -12 -13 -14 -15
leaf_value=0.0023168943207493432 -0.00044270506560396838 -0.0034939672335535599 0.010822233366594504 -4.3812482954314168e-05 0.0030140118765700527 0.0019205144782744412 0.0020876997412511986 0.00028334216669912928 0.0013783901242800194 0.0080173574847088643 -0.00051281793962666244 5.5914117966802441e-06 -0.0042637540019450108 0.0072888788782678113
leaf_weight=4258 71376 4669 87 130 2143 418 1057 88301 217 112 1183 21560 6713 292
leaf_count=4258 71376 4669 87 130 2143 418 1057 88301 217 112 1183 21560 6713 292
internal_value=-3.96504e-05 -7.91365e-05 -0.00182394 0.00821586 -3.49579e-05 0.000173515 0.000120845 0.000353295 0.00411738 0.0129941 0.00251445 -0.000596457 -0.00226864 0.00784722
internal_weight=202516 198258 4886 217 193372 121996 119853 90523 2222 329 1893 29330 7770 710
internal_count=202516 198258 4886 217 193372 121996 119853 90523 2222 329 1893 29330 7770 710
is_linear=0
shrinkage=0.05


Tree=319
num_leaves=15
num_cat=0
split_feature=0 1 11 3 2 47 32 17 32 0 55 7 54 18
split_gain=5.47659 7.87475 7.52644 7.60353 7.56777 5.97116 8.69846 11.064 7.62917 7.60305 10.7983 9.09149 8.98441 8.91891
threshold=21.849999427795414 25.94999980926514 43.714584350585945 37.199998855590827 31.750000000000004 8.6492857933044451 -0.50867727398872364 -135.99999999999997 1.7568663954734804 65.799999237060561 2.5000000000000004 63.899999618530281 4.5000000000000009 -5.5499999523162833
decision_type=2 2 2 2 2 2 2 2 2 2 2 2 2 2
left_child=1 -1 3 4 -3 6 -2 8 -8 10 12 -12 -7 -13
right_child=5 2 -4 -5 -6 9 7 -9 -10 -11 11 13 -14 -15
leaf_value=0.0006951873735523478 -0.00038118053702432264 0.0071485297578257603 -0.0017831972801191491 -0.0024226412633176903 0.013025450861614569 0.00041950035930140981 0.0038592185022226764 0.00033348769294831943 0.0094406382868391005 -0.0029482901435149318 -0.00011359866387689777 0.0017765093229575625 -0.0040179311162578208 0.005048442572908764
leaf_weight=10632 78079 416 349 157 104 3359 143 73991 95 9178 14059 2534 7490 716
leaf_count=10632 78079 416 349 157 104 3359 143 73991 95 9178 14059 2534 7490 716
internal_value=-7.77909e-05 0.000973602 0.00513513 0.00817322 0.0110377 -0.000142471 -3.54641e-06 0.000383961 0.0109274 -0.000709046 -0.000301407 0.000473756 -0.00153744 0.00285276
internal_weight=201302 11658 1026 677 520 189644 152308 74229 238 37336 28158 17309 10849 3250
internal_count=201302 11658 1026 677 520 189644 152308 74229 238 37336 28158 17309 10849 3250
is_linear=0
shrinkage=0.05


Tree=320
num_leaves=15
num_cat=0
split_feature=47 49 16 13 13 38 48 26 38 47 15 53 44 55
split_gain=5.01112 7.85125 12.4115 11.1154 10.6233 23.5625 10.3637 6.3017 9.10335 12.3272 12.0521 9.53671 11.4623 9.74568
threshold=3.51880955696106 -8.7499999999999982 31.44999980926514 59.952678680419929 73.041069030761733 16.349999427795414 3.0499999523162846 0.9352884590625764 26.650000572204593 5.5034191608428964 132.94999694824222 0.99530133605003368 0.85758596658706676 4.5000000000000009
decision_type=2 8 2 2 2 2 2 2 2 2 2 2 2 2
left_child=1 -1 3 -3 5 -5 -4 -2 11 -10 -11 12 -9 -13
right_child=7 2 6 4 -6 -7 -8 8 9 10 -12 13 -14 -15
leaf_value=-0.00041399634187712695 -1.1267293043175055e-05 -0.0038392272385266643 0.0017115168273061515 0.0078673175716051265 0.002481289298809938 3.1087051644044519e-05 -0.0011253904792969973 -0.00021556001834458025 -0.00078271455699761665 0.004080710632912884 0.010256314659938641 0.0039451805972969094 -0.0038801169585332483 -0.0047181820966902439
leaf_weight=5639 163752 224 3373 237 708 169 2478 12256 544 330 80 1124 11243 584
leaf_count=5639 163752 224 3373 237 708 169 2478 12256 544 330 80 1124 11243 584
internal_value=-6.34041e-05 0.000892661 0.00198708 0.00631306 0.00834519 0.0147115 0.000988738 -0.000128027 -0.000848459 0.00392116 0.0103571 -0.00103046 -0.00129291 0.00256694
internal_weight=202741 12828 7189 1338 1114 406 5851 189913 26161 954 410 25207 23499 1708
internal_count=202741 12828 7189 1338 1114 406 5851 189913 26161 954 410 25207 23499 1708
is_linear=0
shrinkage=0.05


Tree=321
num_leaves=15
num_cat=0
split_feature=0 52 23 55 51 16 16 54 47 13 12 51 36 44
split_gain=5.24128 6.34337 11.2649 9.60878 5.86668 5.42606 12.9288 22.2339 16.9604 12.1352 33.3992 10.8474 9.06385 15.8083
threshold=15.84999990463257 0.99628883600234996 0.73500001430511486 2.5000000000000004 0.12940952181816107 17.550000190734867 21.150000572204593 9.5000000000000018 6.4617915153503427 50.555654525756843 53.39930725097657 -0.37940952181816096 38.350000381469734 -0.3558212518692016
decision_type=2 2 2 2 2 2 2 2 2 2 2 2 2 2
left_child=-1 5 3 -3 -4 12 7 9 -9 10 -7 -12 -2 -14
right_child=1 2 4 -5 -6 6 -8 8 -10 -11 11 -13 13 -15
leaf_value=0.0020120604906750175 -0.0015231977922090789 0.00075759827369426859 0.00017486456339958897 -0.0064051876432705129 0.0097743549564288969 0.0013616066852028097 -0.00012165499331869149 0.0036230798027665715 0.015956686680480382 -0.0025717441799670989 0.0036330813587676669 0.020580336402970703 0.016686908857426543 -0.00056867050868092135
leaf_weight=4169 19062 1725 122 2956 104 11994 157109 876 117 3102 108 198 271 667
leaf_count=4169 19062 1725 122 2956 104 11994 157109 876 117 3102 108 198 271 667
internal_value=-8.81102e-05 -0.000125013 -0.00189852 -0.00243125 0.00877119 -7.99437e-05 9.96919e-06 0.00134563 0.00855932 0.000875291 0.00158002 0.0176266 -0.000859571 0.0039135
internal_weight=202580 198411 4907 4681 226 193504 173504 16395 993 15402 12300 306 20000 938
internal_count=202580 198411 4907 4681 226 193504 173504 16395 993 15402 12300 306 20000 938
is_linear=0
shrinkage=0.05


Tree=322
num_leaves=15
num_cat=0
split_feature=37 16 32 52 43 56 12 0 56 52 26 15 16 52
split_gain=4.70832 5.85749 6.76286 6.77932 10.9846 11.2706 5.28682 4.7731 7.08486 8.35582 9.05723 6.95454 8.83171 8.83952
threshold=16.500000000000004 17.94999980926514 3.7310403585433964 0.89017060399055492 3177.5000000000005 17.150000572204593 46.113195419311531 152.05000305175784 120.34999847412111 -0.87812310457229603 0.69615107774734508 199.05000305175784 106.04999923706056 0.35846313834190374
decision_type=2 2 2 2 8 2 2 2 2 2 2 2 2 2
left_child=1 2 3 4 5 -1 -5 11 -9 10 -10 -2 13 -13
right_child=7 -3 -4 6 -6 -7 -8 8 9 -11 -12 12 -14 -15
leaf_value=0.022928998987169106 -4.6343511076038071e-05 -0.0069984481638728103 0.0071084783456931162 -0.010409876608720357 -0.00084643359707979647 -0.00044714482303692405 0.014106048427551671 -0.0033804969110095141 -0.00058374976970913231 -0.00028776393192202909 0.011670919447365827 0.0025802327082056929 -0.0013173901346358369 -0.004455152533329807
leaf_weight=66 175751 2271 136 967 344 59 50 4141 92 11526 111 4317 1443 809
leaf_count=66 175751 2271 136 967 344 59 50 4141 92 11526 111 4317 1443 809
internal_value=-9.03804e-05 -0.00181015 0.000484067 -0.000521392 0.00439457 0.0164815 -0.00280915 -5.65098e-05 -0.000887911 -0.000259393 0.00955399 1.5904e-05 0.00161195 0.00258372
internal_weight=202083 3893 1622 1486 469 125 1017 198190 15870 11729 203 182320 6569 5126
internal_count=202083 3893 1622 1486 469 125 1017 198190 15870 11729 203 182320 6569 5126
is_linear=0
shrinkage=0.05


Tree=323
num_leaves=15
num_cat=0
split_feature=0 37 56 52 44 48 43 51 50 38 53 41 20 53
split_gain=5.03676 7.07667 5.82647 7.45594 8.8202 6.44885 8.45968 11.0625 9.61571 8.99694 8.56254 8.45602 7.64725 8.6369
threshold=163.6499938964844 72.500000000000014 176.25000000000003 0.27694219350814825 7.9225699901580819 -4.6499998569488517 337.50000000000006 -0.37940952181816096 1.0000000180025095e-35 12.750000000000002 0.99988442659378063 29.500000000000004 72.850002288818374 0.38043944537639623
decision_type=2 2 2 2 2 2 8 2 2 2 2 2 2 2
left_child=2 -2 5 4 -4 -1 7 8 -7 11 12 -10 -8 -14
right_child=1 -3 3 -5 -6 6 10 -9 9 -11 -12 -13 13 -15
leaf_value=-0.00071645458506568453 -0.0046535528964632145 -0.00020671249318682326 0.001858022981722558 -0.0012306035661104034 0.0070599034372149207 -0.0035730734205234056 -7.2731148926111046e-05 0.00025639759042449001 0.0023284288290598798 0.0011944834411793512 0.0059838893227827962 0.0062140959306482037 -0.0035162259234412067 0.00026141028721533084
leaf_weight=40193 3268 8935 3108 977 89 1125 61105 63119 2598 5467 83 1300 6736 4142
leaf_count=40193 3268 8935 3108 977 89 1125 61105 63119 2598 5467 83 1300 6736 4142
internal_value=-6.09391e-05 -0.0010452 2.31396e-06 0.00184751 0.00301372 -3.92205e-05 0.000115488 0.000492467 0.00199524 0.00252 -0.000269578 0.00435261 -0.000289127 -0.00150992
internal_weight=202245 12203 190042 4174 3197 185868 145675 73609 10490 9365 72066 3898 71983 10878
internal_count=202245 12203 190042 4174 3197 185868 145675 73609 10490 9365 72066 3898 71983 10878
is_linear=0
shrinkage=0.05


Tree=324
num_leaves=15
num_cat=0
split_feature=55 36 52 52 43 44 52 40 38 40 48 52 45 7
split_gain=4.83645 6.41094 17.1213 12.9961 16.8814 12.3527 10.4826 10.7957 9.05351 7.71029 6.68425 7.51884 6.46571 5.53824
threshold=5.5000000000000009 19.94999980926514 0.42179998755455023 0.55656746029853832 17.500000000000004 -5.7662031650543204 0.89017060399055492 988.75000000000011 10.750000000000002 972.35000610351574 -0.65000000596046437 0.9837264120578767 -2.1631394624710079 33.95000076293946
decision_type=2 2 2 2 10 2 2 2 2 2 2 2 2 2
left_child=13 2 -2 4 -4 -6 -5 10 -7 -3 -8 -12 -9 -1
right_child=1 9 3 6 5 8 7 12 -10 -11 11 -13 -14 -15
leaf_value=0.00067059726368148311 -0.0013855029308871246 0.0020699758716337864 -0.0037557857297948688 -0.00098540241296270182 -0.0012570597102492325 0.0047114944261867891 0.0015561439563727476 0.010113542616588029 0.017462427593841118 -0.0016604824744632742 0.001708582056631464 0.010118635938244018 0.0026259936883598922 -0.00012778827560357627
leaf_weight=35292 5886 1162 171 1621 85 308 859 140 59 18242 115 101 93 138285
leaf_count=35292 5886 1162 171 1621 85 308 859 140 59 18242 115 101 93 138285
internal_value=-9.23546e-05 -0.000691808 0.000376798 0.00311342 0.00961295 0.0145887 0.00170296 0.00501517 0.0184748 -0.0012115 0.0028341 0.0104867 0.0145473 7.28622e-06
internal_weight=202419 28842 9438 3552 623 452 2929 1308 367 19404 1075 216 233 173577
internal_count=202419 28842 9438 3552 623 452 2929 1308 367 19404 1075 216 233 173577
is_linear=0
shrinkage=0.05


Tree=325
num_leaves=15
num_cat=0
split_feature=43 21 17 14 13 52 41 30 42 48 43 15 41 30
split_gain=4.9348 7.31101 7.19479 6.87806 10.4172 7.36048 6.1361 6.00687 5.95864 6.61401 6.36382 6.4133 8.62686 6.25865
threshold=392.50000000000006 50.500000000000007 -65.749999999999986 30.288627624511722 64.966369628906264 0.57077592611312877 42.500000000000007 922.50000000000011 10.84999990463257 -3.4500000476837154 222.50000000000003 48.95000076293946 99.500000000000014 657.50000000000011
decision_type=10 2 2 2 2 2 2 8 2 2 10 2 2 8
left_child=8 2 6 4 -4 -6 -2 -3 9 13 11 12 -10 -1
right_child=1 7 3 -5 5 -7 -8 -9 10 -11 -12 -13 -14 -15
leaf_value=-0.0010897351830180559 0.00086641765525737003 0.0004081926739560195 -0.0018583899168283236 -0.0045368630445064709 0.0017296133587877767 -0.0041683107745131781 0.011467551047164392 -0.0011212107675067527 -0.00045026136006295057 0.00044940070996946465 0.00078769266135700778 -0.0029399661288043704 0.0055368037023513957 0.0002739187787384703
leaf_weight=20221 96 24903 10665 4461 3454 904 55 11968 2443 85724 4202 7925 282 25125
leaf_count=20221 96 24903 10665 4461 3454 904 55 11968 2443 85724 4202 7925 282 25125
internal_value=-7.00967e-05 -0.000466772 -0.00124587 -0.00133221 -0.000819199 0.00123855 0.00928571 -5.16538e-05 8.35309e-05 0.000191103 -0.000865295 -0.00151501 0.000575867 -0.000297206
internal_weight=202428 56506 19635 19484 15023 4358 151 36871 145922 131070 14852 10650 2725 45346
internal_count=202428 56506 19635 19484 15023 4358 151 36871 145922 131070 14852 10650 2725 45346
is_linear=0
shrinkage=0.05


Tree=326
num_leaves=15
num_cat=0
split_feature=47 55 15 15 40 16 37 43 52 40 44 47 26 46
split_gain=4.9048 8.29715 11.9456 13.5934 9.29973 9.97545 12.8889 12.0189 8.78228 10.2599 10.1879 9.61335 8.25616 8.15783
threshold=9.3459506034851092 2.5000000000000004 70.90000152587892 61.350000381469734 973.64999389648449 15.550000190734865 57.500000000000007 62.500000000000007 0.96687895059585582 987.04998779296886 3.7907366752624516 10.409023284912111 0.70084869861602794 0.35000000894069677
decision_type=2 2 2 2 2 2 2 8 2 2 2 2 2 2
left_child=-1 8 3 4 -3 -6 7 -7 9 -2 11 -10 13 -5
right_child=1 2 -4 12 5 6 -8 -9 10 -11 -12 -13 -14 -15
leaf_value=1.4457647649748451e-05 -0.0043444419722519622 -0.0098826831000430118 -0.0022026945396634726 -0.0013428988124939694 -0.0051207856801624013 0.011589705454817065 -0.0007863997511242777 0.0033733527627012555 0.0027187386549089496 0.0008064501293643298 -0.0014687632703823054 0.0065970724798224134 0.0097526104915201892 0.0048777868407861216
leaf_weight=173521 7983 903 7461 691 1659 77 2372 2500 203 2474 378 72 283 1485
leaf_count=173521 7983 903 7461 691 1659 77 2372 2500 203 2474 378 72 283 1485
internal_value=-8.81381e-05 -0.000695423 -1.46219e-05 0.00111723 5.91665e-05 0.000711694 0.00183605 0.00427715 -0.00176259 -0.00211474 0.00382353 0.0109649 0.00433576 0.00325709
internal_weight=202062 28541 17431 9970 7511 6608 4949 2577 11110 10457 653 275 2459 2176
internal_count=202062 28541 17431 9970 7511 6608 4949 2577 11110 10457 653 275 2459 2176
is_linear=0
shrinkage=0.05


Tree=327
num_leaves=15
num_cat=0
split_feature=52 0 33 57 31 52 24 56 18 43 43 50 46 26
split_gain=4.47536 6.94178 7.6501 9.14687 7.68681 5.29504 21.647 18.9514 10.3114 6.55538 5.54868 12.1556 7.92551 5.96459
threshold=0.99628883600234996 14.650000095367433 4.1499998569488534 65.583332061767592 -5.8185212612152091 0.98667103052139293 9.5000000000000018 33.149999618530281 -8.7499999999999982 62.500000000000007 67.500000000000014 0.37940952181816107 0.15000000223517421 0.68325945734977733
decision_type=2 2 2 2 2 2 2 2 2 10 10 2 2 2
left_child=5 -2 -3 -4 -5 -1 7 -7 10 -8 11 13 -12 -9
right_child=1 2 3 4 -6 6 9 8 -10 -11 12 -13 -14 -15
leaf_value=-6.0955138455935155e-05 0.0057866774960683952 -0.0043541663236790207 -0.00012461578368094919 0.009083659497626408 0.0014588661885862602 -0.00068380446670580658 0.0011662035116540802 0.010741393720196222 0.0040302405631233674 -0.0097750939584774002 0.011641466138356683 0.0063113141095889162 -0.00061838122436211655 0.0070019355456622055
leaf_weight=192139 384 3879 896 56 81 803 1135 95 875 1591 58 125 111 64
leaf_count=192139 384 3879 896 56 81 803 1135 95 875 1591 58 125 111 64
internal_value=-6.15923e-05 -0.00149454 -0.00200325 0.00180729 0.0133673 -2.29954e-05 0.00160571 0.00536899 0.00901345 -0.00134503 0.0150864 0.0193197 0.0072905 0.0281361
internal_weight=202292 5296 4912 1033 137 196996 4857 2131 1328 2726 453 284 169 159
internal_count=202292 5296 4912 1033 137 196996 4857 2131 1328 2726 453 284 169 159
is_linear=0
shrinkage=0.05


Tree=328
num_leaves=15
num_cat=0
split_feature=47 37 47 37 26 44 42 55 47 13 34 40 57 56
split_gain=4.66476 8.34794 11.6011 7.56344 7.90106 12.1571 9.85785 8.92577 7.71234 8.54709 7.10818 6.92784 7.43249 7.61809
threshold=9.583963871002199 12.500000000000002 12.818016529083254 15.500000000000002 0.70084869861602794 5.44156837463379 21.150000572204593 5.5000000000000009 5.2838997840881357 36.750000000000007 -8.8499999046325666 972.35000610351574 82.649997711181655 55.250000000000007
decision_type=2 2 2 2 2 2 2 2 2 2 2 2 2 2
left_child=3 2 -2 -1 7 6 -6 -5 9 -9 -3 12 13 -10
right_child=1 10 -4 4 5 -7 -8 8 11 -11 -12 -13 -14 -15
leaf_value=-0.0057395019840277735 0.0044488263135093074 0.0074922329186729603 0.016697427057601098 0.00048093953112848836 -0.00017181025272164699 -0.0042995205194847402 0.016340540463859115 0.0084169989243401324 0.0036999648457982054 0.00086264930476622577 -0.0010565679920400775 -0.0017263020562050197 0.0033574545557727878 -0.0028300547467323923
leaf_weight=2624 209 90 72 99242 54361 5624 53 108 259 2368 24052 12790 78 367
leaf_count=2624 209 90 72 99242 54361 5624 53 108 259 2368 24052 12790 78 367
internal_value=-5.67713e-05 -0.000704581 0.00771478 3.22108e-05 7.21773e-05 -0.000392854 -0.000163899 0.000314522 -0.000782229 0.00177796 -0.000805732 -0.00125296 0.00354342 0.00160377
internal_weight=202297 24423 281 177874 175250 60038 54414 115212 15970 2476 24142 13494 704 626
internal_count=202297 24423 281 177874 175250 60038 54414 115212 15970 2476 24142 13494 704 626
is_linear=0
shrinkage=0.05


Tree=329
num_leaves=15
num_cat=0
split_feature=44 26 52 52 43 18 13 44 46 13 13 43 22 13
split_gain=4.45891 4.61418 9.78744 16.0565 15.9919 15.9074 19.4022 8.6019 8.57419 9.33052 10.3766 8.12399 7.80627 16.5729
threshold=10.92292356491089 0.87823525071144115 0.5986820161342622 0.42179998755455023 52.500000000000007 28.650000572204593 98.45178604125978 0.69591933488845836 6.0499999523162851 31.137797355651859 38.446130752563484 312.50000000000006 1447.5000000000002 128.87738037109378
decision_type=2 2 2 2 10 2 2 2 2 2 2 10 2 2
left_child=1 8 3 -3 -5 6 7 -6 -1 11 -11 -10 13 -12
right_child=-2 2 -4 4 5 -7 -8 -9 9 10 12 -13 -14 -15
leaf_value=0.00027090078755768684 -0.0031683625003215408 -0.00042783082764744345 -0.0032061516534377752 -0.001998227554899438 0.0045481219089562614 -0.0030691723187017189 0.0017318400583501187 0.011009565168616196 0.0054546172800584115 -0.0068389019169346338 -0.00018733525534753008 -0.011095183753642299 -0.0035885671894877562 0.0064572874009847445
leaf_weight=119708 2706 33283 8176 1061 596 494 715 285 148 3708 26923 86 4353 259
leaf_count=119708 2706 33283 8176 1061 596 494 715 285 148 3708 26923 86 4353 259
internal_value=-7.90339e-05 -5.16766e-05 -0.000499777 -0.000148723 0.00325688 0.00578571 0.0082005 0.0131257 7.71598e-05 -0.000605434 -0.00067271 0.00913934 -0.000378033 -6.28873e-05
internal_weight=202501 199795 44610 36434 3151 2090 1596 881 155185 35477 35243 234 31535 27182
internal_count=202501 199795 44610 36434 3151 2090 1596 881 155185 35477 35243 234 31535 27182
is_linear=0
shrinkage=0.05


Tree=330
num_leaves=15
num_cat=0
split_feature=2 57 43 21 40 37 12 13 56 46 12 37 38 45
split_gain=4.9535 7.35371 9.16814 8.43335 8.14295 7.1742 9.30163 6.92323 6.25631 6.49958 6.47535 6.51437 6.18361 9.48849
threshold=200.44999694824222 174.48332977294925 22.500000000000004 67.500000000000014 990.95001220703136 92.500000000000014 149.84027099609378 111.7497024536133 259.34999084472662 1.8499999642372134 209.59860992431643 94.500000000000014 8.3499999046325701 2.1810795068740849
decision_type=2 2 8 2 2 2 2 2 2 2 2 2 2 2
left_child=1 12 3 5 7 6 -3 -4 10 -10 -6 -12 13 -1
right_child=-2 2 4 -5 8 -7 -8 -9 9 -11 11 -13 -14 -15
leaf_value=-0.0012209249824606657 -0.0011966067790776065 0.0015360323239791617 0.0053315755743852146 0.00063209035971574642 0.00089712763874702549 0.0025889202112800865 0.0069080074160746798 -0.0026469183852696207 0.0025999376814574439 0.0091469769580119261 0.0082533955065587881 -0.0023296733073579238 3.8991484867324696e-05 0.001634317017796939
leaf_weight=25587 5671 106 79 527 2483 291 213 1825 140 64 136 51 162501 2716
leaf_count=25587 5671 106 79 527 2483 291 213 1825 140 64 136 51 162501 2716
internal_value=-6.7936e-05 -2.58998e-05 0.00170886 0.00572363 0.000743524 0.00967742 0.0147568 -0.00178684 0.00242025 0.0106542 0.00175373 0.0104822 -7.97647e-05 -0.000761665
internal_weight=202390 196719 5915 1137 4778 610 319 1904 2874 204 2670 187 190804 28303
internal_count=202390 196719 5915 1137 4778 610 319 1904 2874 204 2670 187 190804 28303
is_linear=0
shrinkage=0.05


Tree=331
num_leaves=15
num_cat=0
split_feature=0 52 23 55 22 29 33 0 13 8 52 26 52 13
split_gain=5.27293 7.14152 8.33429 6.75289 5.90604 9.12287 7.26737 9.19803 9.39482 10.8706 7.9689 7.85511 7.71213 7.1241
threshold=25.44999980926514 0.99628883600234996 0.73500001430511486 2.5000000000000004 426.50000000000006 24.250000000000004 15.150000095367433 67.65000152587892 52.849700927734382 28.550000190734867 0.57077592611312877 0.24507561326026919 0.8431384563446046 75.760715484619155
decision_type=2 2 2 2 2 2 2 2 2 2 2 2 2 2
left_child=-1 4 3 -3 5 -2 7 -6 9 11 -10 12 -9 -12
right_child=1 2 -4 -5 6 -7 -8 8 10 -11 13 -13 -14 -15
leaf_value=0.00077087692756606235 -0.0011393582046860789 0.00044731430320263675 0.0038934341255664772 -0.0062028208808309546 0.00044512916863871958 0.0061959741448805554 -0.0022988587257664994 0.0084431732959355816 5.5277937182153909e-05 -0.0045180303728529769 -0.0002931644082045368 0.00066742401123811353 -0.0054815033399684999 -0.0041217489745339819
leaf_weight=19205 19712 1192 186 2437 80178 294 5098 141 56554 7309 4559 1185 76 4100
leaf_count=19205 19712 1192 186 2437 80178 294 5098 141 56554 7309 4559 1185 76 4100
internal_value=-8.66821e-05 -0.000169399 -0.00230719 -0.00284282 -0.000123762 -0.000933255 -2.19847e-05 3.95155e-05 -0.000362757 -0.00190403 -0.000156618 0.00211756 0.0106388 -0.00156823
internal_weight=202226 183021 3815 3629 179206 20006 159200 154102 73924 8711 65213 1402 217 8659
internal_count=202226 183021 3815 3629 179206 20006 159200 154102 73924 8711 65213 1402 217 8659
is_linear=0
shrinkage=0.05


Tree=332
num_leaves=15
num_cat=0
split_feature=26 44 53 11 55 46 57 33 33 54 45 44 46 13
split_gain=4.89303 9.79324 13.3362 11.4489 8.39288 7.65337 8.27359 11.5956 11.5105 14.2623 12.079 14.4839 11.4947 9.91259
threshold=0.8057118058204652 4.3263461589813241 0.99349221587181102 108.03541564941408 5.5000000000000009 3.1499999761581425 46.516666412353523 2.0499999523162846 7.0499999523162851 7.5000000000000009 -6.1232340974897155e-17 -4.5841870307922354 16.849999427795414 66.959526062011733
decision_type=2 2 2 2 2 2 2 2 2 2 2 2 2 2
left_child=4 -2 -3 -4 5 -1 13 -8 9 -9 -11 -12 -13 -7
right_child=1 2 3 -5 -6 6 7 8 -10 10 11 12 -14 -15
leaf_value=0.00050471467611669146 -0.00015197912285648746 -0.0044517040574426764 0.009960650845124994 0.0026732740752531976 -0.00077806328867060549 -0.0019329337718343017 -0.00061996269130412684 0.0012754250451864338 8.3173259820681976e-05 0.0015155721975105966 0.00020518817970455422 0.0081078124916700162 0.012463783337423906 0.0050798924263830304
leaf_weight=91468 43348 7903 90 408 21777 15050 15170 1749 3541 456 193 373 193 562
leaf_count=91468 43348 7903 90 408 21777 15050 15170 1749 3541 456 193 373 193 562
internal_value=-5.292e-05 -0.000472286 -0.00203365 0.00582677 9.1269e-05 0.000244825 -0.000358877 0.000273229 0.0020376 0.00433087 0.00846939 0.0122952 0.0162674 -0.00123608
internal_weight=202281 51749 8401 498 150532 128755 37287 21675 6505 2964 1215 759 566 15612
internal_count=202281 51749 8401 498 150532 128755 37287 21675 6505 2964 1215 759 566 15612
is_linear=0
shrinkage=0.05


Tree=333
num_leaves=15
num_cat=0
split_feature=19 47 13 13 52 38 15 56 43 55 53 57 47 13
split_gain=5.00307 11.0955 9.59406 8.53372 9.02076 7.24462 7.17586 6.7645 6.4127 6.36323 7.15759 5.98541 12.0989 11.5081
threshold=186.94999694824222 7.0620951652526864 47.554464340209968 35.46339416503907 0.46800856292247778 26.050000190734867 85.549999237060561 259.34999084472662 2672.5000000000005 4.5000000000000009 0.94636487960815441 28.883333206176761 3.358476042747498 61.785120010375984
decision_type=2 2 2 2 2 2 2 2 10 2 2 2 2 2
left_child=7 2 3 -2 -5 -4 -7 11 -3 10 -9 12 13 -1
right_child=1 8 5 4 -6 6 -8 9 -10 -11 -12 -13 -14 -15
leaf_value=-0.0061007277863897869 -0.0089832043648129852 -0.004147662971538092 -0.00026354149512075522 0.0014817009129529126 0.012223220946847918 0.0095840676802588232 -0.0024140536644601763 -0.0024665641906024879 0.0087937366089567755 -0.0023477247044492527 0.0080051175486708266 0.00014646865256841025 -0.0011141746364560061 0.0070285301004668656
leaf_weight=89 180 6538 16063 370 262 115 127 76 72 94 188 158833 19155 127
leaf_count=89 180 6538 16063 370 262 115 127 76 72 94 188 158833 19155 127
internal_value=-4.19935e-05 -0.000723976 -5.1674e-05 0.00521898 0.00792835 -0.000317194 0.00809524 4.86627e-05 -0.00246224 0.00682065 0.0106934 3.46762e-05 -0.000794852 0.010708
internal_weight=202289 23727 17117 812 632 16305 242 178562 6610 358 264 178204 19371 216
internal_count=202289 23727 17117 812 632 16305 242 178562 6610 358 264 178204 19371 216
is_linear=0
shrinkage=0.05


Tree=334
num_leaves=15
num_cat=0
split_feature=19 54 9 43 15 45 46 52 23 44 12 7 15 49
split_gain=4.81495 7.92851 10.0197 8.68702 8.08932 7.60472 6.46314 12.0756 8.16747 8.27156 6.87575 8.9166 6.77419 7.78341
threshold=161.85000610351565 1.5000000000000002 275.20001220703131 1192.5000000000002 207.25000000000003 -11.896558761596678 2.5499999523162846 -0.082689788192510591 0.94499999284744274 -3.5578860044479366 51.879859924316413 65.799999237060561 62.300001144409187 -867.49999999999989
decision_type=2 2 2 8 2 2 2 2 2 2 2 2 2 8
left_child=1 3 -3 5 -5 -1 12 8 9 -8 -11 -12 13 -2
right_child=6 2 -4 4 -6 -7 7 -9 -10 10 11 -13 -14 -15
leaf_value=0.0031306885510663076 0.013310181505210877 -8.6575989561574017e-05 0.0054659370340696262 0.0074378632020740826 -0.0032040522700953105 0.00071096673410354829 -0.0011950166120345707 -0.0075058944732762124 -0.0046211131932027295 -0.0035993192880663474 0.0073657821892907302 0.0019159667797131392 -0.00030480293215712255 0.0014339129696332349
leaf_weight=65 113 161994 129 306 139 6864 629 3832 1069 142 288 551 25872 308
leaf_count=65 113 161994 129 306 139 6864 629 3832 1069 142 288 551 25872 308
internal_value=-0.000107534 -2.07673e-07 -7.31819e-05 0.00160211 0.0082967 0.00116083 -0.000661914 -0.002071 0.000503904 0.00274691 0.00559536 0.0073086 -0.000312323 0.00590487
internal_weight=202301 169497 162123 7374 445 6929 32804 6511 2679 1610 981 839 26293 421
internal_count=202301 169497 162123 7374 445 6929 32804 6511 2679 1610 981 839 26293 421
is_linear=0
shrinkage=0.05


Tree=335
num_leaves=15
num_cat=0
split_feature=26 24 52 23 52 44 36 54 11 53 36 47 53 57
split_gain=5.18745 9.23202 7.12224 10.6122 8.97272 7.6401 7.2452 6.4583 13.2173 10.4139 18.035 19.3751 14.3992 11.2444
threshold=0.9352884590625764 5.5000000000000009 -0.96689236164093006 0.55500000715255748 -0.86976337432861317 4.7123055458068857 24.94999980926514 11.500000000000002 150.73958587646487 0.31595529615879064 26.050000190734867 6.2889757156372079 0.67007490992546093 34.383333206176765
decision_type=2 2 2 2 2 2 2 2 2 2 2 2 2 2
left_child=7 2 3 -2 -4 -6 -5 9 -9 -1 13 -12 -13 -11
right_child=1 -3 4 6 5 -7 -8 8 -10 10 11 12 -14 -15
leaf_value=-0.00012365010437981124 -0.0031184310864683269 -0.0024332272563881525 -0.006268216994296168 0.017251526532428445 0.00028876882831662407 -0.0036957897336101549 0.0037770583742507535 -0.0026605821653248318 0.0013686480746996294 -0.0052618371562380903 0.0036782513843887574 -0.00096430565856604105 0.0077462618073213451 0.00058493120702127416
leaf_weight=115118 268 8006 2564 54 22052 3051 185 6835 2144 1647 2481 1911 115 36204
leaf_count=115118 268 8006 2564 54 22052 3051 185 6835 2144 1647 2481 1911 115 36204
internal_value=-5.98349e-05 -0.000602378 -0.000176342 0.0056383 -0.000284895 3.38351e-06 0.0130723 5.81191e-05 -0.00124541 0.000132519 0.000802727 0.00378902 0.00015717 0.000446236
internal_weight=202635 36180 28174 507 27667 25103 239 166455 8979 157476 42358 4507 2026 37851
internal_count=202635 36180 28174 507 27667 25103 239 166455 8979 157476 42358 4507 2026 37851
is_linear=0
shrinkage=0.05


Tree=336
num_leaves=15
num_cat=0
split_feature=0 46 48 15 49 52 9 6 14 38 23 14 45 23
split_gain=4.9583 10.0071 7.60403 6.93152 8.2913 9.25534 13.891 7.24232 7.00749 7.71621 8.31946 6.85888 6.83918 6.60974
threshold=93.700000762939467 0.25000000745058065 8.2500000000000018 102.29999923706056 -27.499999999999996 -0.90893998742103566 84.200000762939467 75.099998474121108 40.391807556152351 10.949999809265138 0.90500000119209301 12.030261993408205 -2.1377381086349483 1.4149999618530276
decision_type=2 2 2 2 8 2 2 2 2 2 2 2 2 2
left_child=3 2 -2 13 5 6 -5 -6 -7 -10 12 -9 -11 -1
right_child=1 -3 -4 4 7 8 -8 11 9 10 -12 -13 -14 -15
leaf_value=-6.9235593850567418e-05 0.00014953728869227149 -0.0024245426452230504 -0.0023369355322213096 0.0017309805263988232 0.002629094662895683 -0.0010377709209421523 0.0080296843193618152 0.0067736034844577105 -0.00054012856375082214 0.0090691644387344388 0.0089187037092424027 0.00046578673306771692 0.00045994602615327408 -0.0027473310563172963
leaf_weight=123334 28514 12359 3981 2209 5572 11738 134 173 1795 355 118 9214 689 2493
leaf_count=123334 28514 12359 3981 2209 5572 11738 134 173 1795 355 118 9214 689 2493
internal_value=-8.38246e-05 -0.000547656 -8.69109e-05 4.80239e-05 0.000705001 -4.92738e-05 0.0028623 0.00156356 -0.000515132 0.00165655 0.00481229 0.000714589 0.00330171 -0.000119084
internal_weight=202678 44854 32495 157824 31997 17038 2343 14959 14695 2957 1162 9387 1044 125827
internal_count=202678 44854 32495 157824 31997 17038 2343 14959 14695 2957 1162 9387 1044 125827
is_linear=0
shrinkage=0.05


Tree=337
num_leaves=15
num_cat=0
split_feature=19 16 54 46 45 41 43 40 12 42 46 36 43 47
split_gain=5.03813 6.65994 6.45718 7.53473 9.23508 7.26783 8.78507 9.25406 7.77005 10.5286 6.5376 8.43022 5.98764 10.8717
threshold=164.59999847412112 12.949999809265138 1.5000000000000002 17.44999980926514 -1.7615231275558469 99.500000000000014 57.500000000000007 990.95001220703136 61.171527862548835 3.7500000000000004 2.2500000000000004 14.449999809265138 592.50000000000011 8.8171920776367205
decision_type=2 2 2 2 2 2 8 2 2 2 2 2 8 2
left_child=2 -2 3 5 -5 8 -7 -8 9 -1 11 -9 -10 -14
right_child=1 -3 -4 4 -6 6 7 10 12 -11 -12 -13 13 -15
leaf_value=-0.0008865417518720642 0.015131753725787497 -0.00058786584370913643 -4.3216654918511865e-05 -0.00090536853612273663 0.0084627954293969212 0.00057222020161221067 -0.0030141030670140186 0.0075648460881861434 -0.00085366477261410081 0.0048643890120278217 -0.0051982397665435937 0.00051889407906578798 0.0016510659664732308 0.0048794999122300977
leaf_weight=191 153 31394 163507 85 118 994 195 500 4052 232 101 135 836 81
leaf_count=191 153 31394 163507 85 118 994 195 500 4052 232 101 135 836 81
internal_value=-8.45093e-05 -0.000664988 2.25963e-05 0.00145418 0.0107277 0.00118261 0.00381137 0.00727418 0.000238799 0.00666282 0.00981233 0.0116667 -0.000320347 0.00330636
internal_weight=202574 31547 171027 7520 203 7317 1925 931 5392 423 736 635 4969 917
internal_count=202574 31547 171027 7520 203 7317 1925 931 5392 423 736 635 4969 917
is_linear=0
shrinkage=0.05


Tree=338
num_leaves=15
num_cat=0
split_feature=0 1 11 37 2 32 30 37 13 53 43 38 57 56
split_gain=4.54983 6.96162 6.45639 6.72797 6.51972 5.64009 5.82162 5.32574 9.41243 11.8932 30.4618 8.59332 11.1729 9.34877
threshold=20.250000000000004 27.250000000000004 41.422916412353523 80.500000000000014 36.850000381469734 6.1464669704437265 542.50000000000011 42.500000000000007 38.219940185546882 -0.98212954401969899 167.50000000000003 19.94999980926514 23.716667175292972 20.050000190734867
decision_type=2 2 2 2 2 2 10 2 2 2 10 2 2 2
left_child=1 5 3 4 -3 -1 -7 -2 9 10 -9 12 13 -11
right_child=7 2 -4 -5 -6 6 -8 8 -10 11 -12 -13 -14 -15
leaf_value=0.00038540775920618831 -0.00091662169262570359 0.010976339125204579 -0.00015105053906772648 -0.0051070559777640825 0.00090100769227470122 0.0069953678470359316 0.00043162170156633463 0.00024153791845760156 9.9699149738398976e-05 -0.00065060033720531444 0.012518183489771382 -0.0049777913240022838 -0.00097943379271495361 0.0072809991951911651
leaf_weight=7888 34260 188 227 67 75 317 338 533 144105 224 106 7346 6140 293
leaf_count=7888 34260 188 227 67 75 317 338 533 144105 224 106 7346 6140 293
internal_value=-8.20576e-05 0.00100988 0.00637566 0.0107353 0.0142308 0.000652986 0.00507519 -0.00013359 -1.15597e-05 -0.00121895 0.00540062 -0.00152466 -0.00022274 0.0067647
internal_weight=202107 9100 557 330 263 8543 655 193007 158747 14642 639 14003 6657 517
internal_count=202107 9100 557 330 263 8543 655 193007 158747 14642 639 14003 6657 517
is_linear=0
shrinkage=0.05


Tree=339
num_leaves=15
num_cat=0
split_feature=0 47 38 56 40 40 38 47 52 56 53 53 15 39
split_gain=4.32316 8.77125 7.8935 4.93432 5.19941 6.51768 4.86494 4.26813 7.88938 8.03235 7.09295 20.3358 17.0277 12.2336
threshold=214.90000152587893 2.9929075241088872 7.7500000000000009 259.34999084472662 991.85000610351574 993.64999389648449 7.0499999523162851 4.0419089794158944 0.98932364583015453 29.349999427795414 0.90438663959503185 0.89691349864006054 237.50000000000003 1.0000000180025095e-35
decision_type=2 2 2 2 2 2 2 2 2 2 2 2 2 2
left_child=3 2 -2 7 -5 6 -6 8 -1 -10 11 -9 -13 -12
right_child=1 -3 -4 4 5 -7 -8 10 9 -11 13 12 -14 -15
leaf_value=0.00044753230652763471 0.0042956075635427991 -0.0020501967006894368 -0.0033041619394329445 0.00041124263817356101 0.004110889733213146 0.0003195337257368249 0.0087035115654021944 -4.9291258981527053e-05 -0.0030438180240135054 0.0089490248676928012 -0.0011923087285359887 0.0033987737843505015 0.010065619949406275 0.0042015684028360225
leaf_weight=19087 252 3944 202 464 72 117 62 160735 58 94 15945 882 96 238
leaf_count=19087 252 3944 202 464 72 117 62 160735 58 94 15945 882 96 238
internal_value=-4.84047e-05 -0.0015971 0.00491379 -1.38999e-05 0.00410345 0.00975096 0.016875 -2.90407e-05 0.000678216 0.0116667 -0.000105563 -5.65901e-06 0.00714575 -0.00110326
internal_weight=202248 4398 454 197850 715 251 134 197135 19239 152 177896 161713 978 16183
internal_count=202248 4398 454 197850 715 251 134 197135 19239 152 177896 161713 978 16183
is_linear=0
shrinkage=0.05


Tree=340
num_leaves=15
num_cat=0
split_feature=37 42 49 21 53 43 23 44 25 16 53 30 12 31
split_gain=4.39384 8.83949 5.05241 9.31593 14.7223 9.52268 6.97553 6.78391 5.96846 8.70913 7.1656 9.41787 6.36609 5.79609
threshold=16.500000000000004 19.550000190734867 -8.7499999999999982 49.500000000000007 -0.99983122944831837 67.500000000000014 1.325000047683716 2.155601024627686 35.850000381469734 128.04999923706058 0.99988442659378063 32.500000000000007 209.59860992431643 6.5369169712066659
decision_type=2 2 10 2 2 10 2 2 2 2 2 10 2 2
left_child=1 -1 -2 4 -4 -6 8 -8 9 10 13 -12 -11 -7
right_child=2 -3 3 -5 5 6 7 -9 -10 12 11 -13 -14 -15
leaf_value=-0.0044713334364017967 -0.00029073764708810375 0.016084609088514595 0.0096435126938585365 0.00078974439186073981 0.0007603761407605137 -0.00082568089370977033 0.0039207436273236669 -0.0015439098810370309 -0.0031638701296985367 0.002276662963166975 -0.0022052552107737042 0.0057339253813401539 0.008891241299244455 0.0019334048946123936
leaf_weight=3822 108241 72 112 38883 13058 30962 376 306 4744 94 57 63 53 1813
leaf_count=3822 108241 72 112 38883 13058 30962 376 306 4744 94 57 63 53 1813
internal_value=-8.57581e-05 -0.00174693 -5.31274e-05 0.000222519 -0.000217628 -0.000258655 -0.000654661 0.00432081 -0.000745583 -0.000507081 -0.000562986 0.0111538 0.011242 -0.000609274
internal_weight=202656 3894 198762 90521 51638 51526 38468 682 37786 33042 32895 120 147 32775
internal_count=202656 3894 198762 90521 51638 51526 38468 682 37786 33042 32895 120 147 32775
is_linear=0
shrinkage=0.05


Tree=341
num_leaves=15
num_cat=0
split_feature=17 32 4 11 21 17 24 38 9 38 45 51 56 13
split_gain=4.7625 10.4458 5.23696 8.19924 6.81234 6.71242 6.35383 12.0399 14.8649 9.11563 11.3225 8.93427 8.52148 7.8718
threshold=-135.99999999999997 1.7568663954734804 57.45000076293946 70.164581298828139 232.50000000000003 -19.949999809265133 77.500000000000014 15.050000190734865 45.350000381469734 24.050000190734867 -3.9483544826507564 0.12940952181816107 36.95000076293946 51.110416412353523
decision_type=2 2 2 2 2 2 2 2 2 2 2 2 2 2
left_child=1 -1 3 6 -5 -4 -2 -8 9 10 11 -9 -11 -13
right_child=2 -3 5 4 -6 -7 7 8 -10 12 -12 13 -14 -15
leaf_value=0.0013478385582341129 -0.00012546352866875824 0.0080494162666082704 0.00020383969734787881 0.0013999317062102041 0.0090553462620104191 -0.00061803507235428073 -0.0014837988881989429 0.0032887273722775195 0.0001256433402544888 -0.00023300466637632975 0.00078669234834525018 0.018270429273107649 0.0061968136688858614 -0.0080589069461863318
leaf_weight=737 85622 101 35350 6838 59 59505 4726 383 4782 305 2158 243 1248 53
leaf_count=737 85622 101 35350 6838 59 59505 4726 383 4782 305 2158 243 1248 53
internal_value=-7.17408e-05 0.00366745 -8.74904e-05 0.000153296 0.00181917 -0.000357615 3.76759e-05 0.0010289 0.00208451 0.00418182 0.00248156 0.00806241 0.00725208 0.0144444
internal_weight=202110 838 201272 106417 6897 94855 99520 13898 9172 4390 2837 679 1553 296
internal_count=202110 838 201272 106417 6897 94855 99520 13898 9172 4390 2837 679 1553 296
is_linear=0
shrinkage=0.05


Tree=342
num_leaves=15
num_cat=0
split_feature=35 43 56 33 57 38 47 28 38 40 23 33 6 53
split_gain=5.31822 3.92109 10.1799 9.74782 7.43161 6.42064 6.99113 6.62533 5.88749 5.80505 7.71324 6.49428 5.83983 5.66009
threshold=68.500000000000014 767.50000000000011 49.750000000000007 21.650000572204593 37.083332061767585 8.8499999046325701 12.818016529083254 42.500000000000007 14.949999809265138 977.25000000000011 0.69499999284744274 0.15000000223517421 76.250000000000014 -0.97874867916107167
decision_type=2 10 2 2 2 2 2 2 2 2 2 2 2 2
left_child=1 -1 5 4 8 6 -3 -7 -4 10 11 12 -6 -13
right_child=-2 2 3 -5 9 7 -8 -9 -10 -11 -12 13 -14 -15
leaf_value=-6.9164086207831581e-05 0.00052762176285357342 -0.0072541845679390234 -0.00027243732658748172 0.0079075292256256258 0.0049399705778390285 0.001884854990996253 0.010646726083965379 -0.0012058948796918999 0.012158011203032769 -0.00047734574196602253 0.00074375320286821397 0.0078025293971718803 0.0086862354724637544 -0.00090995853865336821
leaf_weight=137608 33630 3881 86 67 174 3034 62 14270 133 6110 2490 58 129 270
leaf_count=137608 33630 3881 86 67 174 3034 62 14270 133 6110 2490 58 129 270
internal_value=-7.60363e-05 -0.000190699 -0.000700918 0.000657604 0.000512684 -0.00130945 -0.00312801 -0.000893498 0.00941048 0.000291634 0.00204248 0.00693448 0.0120927 0.00195266
internal_weight=202002 168372 30764 9517 9450 21247 3943 17304 219 9231 3121 631 303 328
internal_count=202002 168372 30764 9517 9450 21247 3943 17304 219 9231 3121 631 303 328
is_linear=0
shrinkage=0.05


Tree=343
num_leaves=15
num_cat=0
split_feature=8 54 12 43 37 15 55 26 52 12 52 12 47 12
split_gain=4.49649 5.29209 12.9655 9.27821 8.69094 8.37994 8.0038 7.7947 7.36814 7.8445 7.52673 7.24919 7.86968 5.93812
threshold=225.59999847412112 1.5000000000000002 111.77500152587892 57.500000000000007 84.500000000000014 146.44999694824222 5.5000000000000009 0.9679715931415559 0.45273815095424658 60.881250381469734 0.43733377754688268 209.59860992431643 8.0728693008422869 85.454860687255874
decision_type=2 2 2 8 2 2 2 2 2 2 2 2 2 2
left_child=1 2 3 5 7 -1 -7 11 9 -5 -11 12 -4 -10
right_child=-2 -3 4 8 -6 6 -8 -9 13 10 -12 -13 -14 -15
leaf_value=-0.0022772756409082271 -0.0016034639198611916 -0.00012717309280544089 -0.00079652697672489387 0.0064616658328203016 0.00061947818453363048 0.0013590102763581127 0.004222313477570439 -0.0073411846747013891 -0.0024208715752924038 0.0042524136083898966 -0.0039543821987940682 0.0073844603464244263 0.0043715862327427203 0.0017154039687070763
leaf_weight=1129 3342 183621 1899 149 6759 485 61 1730 405 1161 177 71 93 641
leaf_count=1129 3342 183621 1899 149 6759 485 61 1730 405 1161 177 71 93 641
internal_value=-8.13711e-05 -5.06839e-05 0.00085985 0.00320294 -7.66912e-05 0.000311572 0.00534173 -0.00198922 0.00510617 0.00735805 0.00605341 8.92415e-05 -0.000504497 0.00186553
internal_weight=201723 198381 14760 4208 10552 1675 546 3793 2533 1487 1338 2063 1992 1046
internal_count=201723 198381 14760 4208 10552 1675 546 3793 2533 1487 1338 2063 1992 1046
is_linear=0
shrinkage=0.05


Tree=344
num_leaves=15
num_cat=0
split_feature=52 55 23 0 2 13 6 30 53 29 12 53 52 47
split_gain=4.70596 12.1043 5.46437 5.04872 10.3908 8.26063 10.96 10.906 17.4742 11.3087 9.21695 8.41359 8.12517 7.52891
threshold=0.9970000982284547 2.5000000000000004 0.75499999523162853 57.45000076293946 98.599998474121108 54.573513031005866 43.95000076293946 62.500000000000007 -0.99052476882934559 7.0499999523162851 57.451389312744148 0.71952396631240856 0.57077592611312877 12.818016529083254
decision_type=2 2 2 2 2 2 2 8 2 2 2 2 2 2
left_child=3 -2 -3 4 -1 11 7 9 10 -7 -9 -5 13 -8
right_child=1 2 -4 5 -6 6 12 8 -10 -11 -12 -13 -14 -15
leaf_value=0.00021770242544442419 0.0012607419419513122 -0.0059180548299548278 0.0050699308300139077 -0.0018496405857290111 0.0069082339172063748 0.0027000655319186885 -7.592835755276567e-06 -0.0072792818477288154 -0.00099876562364603367 0.010565061679010349 0.0068127091021953235 0.0049648629224050408 -0.0018855603516173018 0.0036185413584827811
leaf_weight=102157 1985 2731 115 18458 170 743 62804 53 1701 226 154 306 9869 414
leaf_count=102157 1985 2731 115 18458 170 743 62804 53 1701 226 154 306 9869 414
internal_value=-6.18152e-05 -0.00160194 -0.00368698 -2.39781e-05 0.000219519 -0.000287003 -5.48884e-05 0.00296675 0.000761208 0.0072574 0.0141244 -0.00122617 -0.000174222 3.41609e-05
internal_weight=201886 4831 2846 197055 102327 94728 75964 2877 1908 969 207 18764 73087 63218
internal_count=201886 4831 2846 197055 102327 94728 75964 2877 1908 969 207 18764 73087 63218
is_linear=0
shrinkage=0.05


Tree=345
num_leaves=15
num_cat=0
split_feature=0 21 49 49 28 44 24 15 13 54 24 12 13 26
split_gain=4.75731 5.37041 11.1661 4.90016 9.22849 10.7215 13.3076 13.7026 11.7681 11.7171 8.94742 14.4502 13.1967 12.1293
threshold=21.849999427795414 196.50000000000003 -427.49999999999994 -8.7499999999999982 69.500000000000014 -4.3640379905700675 29.500000000000004 33.95000076293946 60.547323226928718 7.5000000000000009 23.500000000000004 64.869441986083999 67.435714721679702 0.68025413155555736
decision_type=2 2 8 10 2 2 2 2 2 2 2 2 2 2
left_child=1 -1 -3 -2 5 6 7 -5 -7 -8 11 12 13 -10
right_child=3 2 -4 4 -6 8 9 -9 10 -11 -12 -13 -14 -15
leaf_value=0.00091518228612651881 -0.00035403092574440103 0.00099896223566593549 0.013136232270128296 0.0089879879963716391 -0.0002077117003529967 -0.00094226434950862078 0.0060830636399680808 0.00027932264008033203 0.00018288244101564291 -0.0037526048206310103 -0.0013158153508967558 0.0012892942048556529 0.0020268897376641616 0.0068448360039425867
leaf_weight=11079 100286 403 172 90 57415 12734 3426 5367 172 458 2324 6894 893 479
leaf_count=11079 100286 403 172 90 57415 12734 3426 5367 172 458 2324 6894 893 479
internal_value=-5.17316e-05 0.000928497 0.00559829 -0.000111732 0.000155546 0.000823971 0.00225591 0.000661239 0.000253977 0.00448896 0.00147048 0.00222656 0.00658301 0.011944
internal_weight=202192 11654 575 190538 90252 32837 9341 5457 23496 3884 10762 8438 1544 651
internal_count=202192 11654 575 190538 90252 32837 9341 5457 23496 3884 10762 8438 1544 651
is_linear=0
shrinkage=0.05


Tree=346
num_leaves=15
num_cat=0
split_feature=38 32 19 15 52 9 44 57 52 25 26 49 1 53
split_gain=4.78563 4.89973 6.13717 5.88495 11.787 5.78173 6.32965 7.71929 23.3722 7.99682 7.71364 7.24527 8.66367 7.34129
threshold=1.7500000000000002 3.2583036422729497 181.35000610351565 174.40000152587893 0.3903625756502152 56.250000000000007 2.5384612083435063 87.549999237060561 -0.99467751383781422 11.150000095367433 0.59168964624404918 -19.374999999999996 69.049999237060561 -0.99465739727020253
decision_type=2 2 2 2 2 2 2 2 2 2 2 10 2 2
left_child=-1 -2 3 5 -5 6 10 9 -9 -8 11 -3 13 -13
right_child=1 2 -4 4 -6 -7 7 8 -10 -11 -12 12 -14 -15
leaf_value=-0.0055750026293256219 -0.00014845094572333816 0.00088445091390094402 -0.0012508277472560517 0.0061444407311448974 -0.0057267728691188175 -0.00032991231252724998 0.003964180358709277 0.0094980985399806851 0.0012335976542618215 0.00028894443176869102 -0.0001916326624582948 0.0045279732180887053 0.0054220852253232142 0.0019562235319652488
leaf_weight=2422 160689 4581 5178 481 263 11980 1894 91 263 2635 10134 159 255 1294
leaf_count=2422 160689 4581 5178 481 263 11980 1894 91 263 2635 10134 159 255 1294
internal_value=-6.10157e-05 -3.41921e-05 0.000466876 0.000710927 0.00507957 0.000611784 0.00110574 0.00268445 0.0096978 0.0021161 0.000635002 0.00200905 0.00477881 0.0032365
internal_weight=202319 199897 39208 34030 744 33286 21306 4883 354 4529 16423 6289 1708 1453
internal_count=202319 199897 39208 34030 744 33286 21306 4883 354 4529 16423 6289 1708 1453
is_linear=0
shrinkage=0.05


Tree=347
num_leaves=15
num_cat=0
split_feature=51 16 44 42 50 12 12 38 46 38 13 57 51 49
split_gain=4.42836 8.06557 10.041 7.78138 7.81996 7.01894 5.30832 5.54982 5.19872 7.80443 13.3271 13.4524 8.2757 6.81684
threshold=0.78656607866287243 133.15000152587893 6.3401501178741464 12.050000190734865 -1.0000000180025095e-35 175.18888854980472 37.24861145019532 18.349999427795414 3.2500000000000004 10.949999809265138 120.83809280395509 77.183330535888686 -0.6035533845424651 -8.7499999999999982
decision_type=2 2 2 2 2 2 2 2 2 2 2 2 2 10
left_child=8 3 5 4 6 -3 7 -2 13 -10 12 -12 -11 -1
right_child=1 2 -4 -5 -6 -7 -8 -9 9 10 11 -13 -14 -15
leaf_value=-0.00039666383148482284 0.0026530447502268488 0.0024562432461964906 0.0064654533627361652 -0.0035079669857139245 -9.3864840697796163e-05 -0.0018908239733901027 0.00086694929762277321 0.0053594191928777804 -0.0056429991833810379 -0.0017537021001910352 0.0075686763890408792 0.002365459228548205 -4.467989589854211e-05 0.00035457005908880759
leaf_weight=58500 1738 68 60 2625 23579 193 13211 724 2822 14535 121 386 24872 58615
leaf_count=58500 1738 68 60 2625 23579 193 13211 724 2822 14535 121 386 24872 58615
internal_value=-8.80695e-05 0.000367465 0.00814199 0.000305941 0.000482399 0.00348708 0.00134764 0.00347492 -0.000208338 -0.000680299 -0.000500202 0.00747582 -0.00060469 -3.60738e-05
internal_weight=202049 42198 321 41877 39252 261 15673 2462 159851 42736 39914 507 39407 117115
internal_count=202049 42198 321 41877 39252 261 15673 2462 159851 42736 39914 507 39407 117115
is_linear=0
shrinkage=0.05


Tree=348
num_leaves=15
num_cat=0
split_feature=47 52 53 52 45 26 46 46 52 57 52 53 52 47
split_gain=4.51865 7.00811 9.81879 7.30771 8.39289 6.83374 11.8395 15.5651 16.592 15.8122 28.9003 10.8402 10.0404 8.82218
threshold=4.0419089794158944 -0.41398024559020991 0.80798786878585827 -0.27694603800773615 -1.843720495700836 0.94248196482658397 2.2500000000000004 3.0499999523162846 -0.96689236164093006 64.149997711181655 -0.34235668182373041 0.99530133605003368 -0.97876849770545948 4.5957443714141855
decision_type=2 2 2 2 2 2 2 2 2 2 2 2 2 2
left_child=1 2 -1 4 -3 -2 11 9 12 -8 -11 -7 -9 -12
right_child=5 3 -4 -5 -6 6 7 8 -10 10 13 -13 -14 -15
leaf_value=0.00037737491977516227 -6.8560100853299352e-05 0.0097253263137716851 -0.0037852763875340176 0.00077806164836456129 0.0033470845933034257 -0.0032934100412036066 0.000348084294536152 -0.0027467898722830821 -0.0011761607361787732 0.011909687035968015 0.0046323454782556351 0.0024821455032533512 0.0090360061498371991 0.00094431281481432104
leaf_weight=7241 161078 118 2274 11176 537 12005 706 106 5474 152 71 1135 151 371
leaf_count=7241 161078 118 2274 11176 537 12005 706 106 5474 152 71 1135 151 371
internal_value=-8.99545e-05 0.000597957 -0.000412075 0.00140993 0.00650376 -0.000171 -0.00103835 0.000617099 -0.000506011 0.00553435 0.0114735 -0.00192396 0.0116667 0.00473451
internal_weight=202595 21346 9515 11831 655 181249 20171 7031 5731 1300 594 13140 257 442
internal_count=202595 21346 9515 11831 655 181249 20171 7031 5731 1300 594 13140 257 442
is_linear=0
shrinkage=0.05


Tree=349
num_leaves=15
num_cat=0
split_feature=10 16 16 16 11 54 16 13 47 29 27 11 31 22
split_gain=4.94104 8.23534 15.3479 6.45518 8.30882 10.3753 12.455 6.82907 7.85202 6.07681 5.92906 6.40653 5.89645 5.78993
threshold=194.841667175293 86.850002288818374 98.40000152587892 76.700000762939467 143.15625000000003 11.500000000000002 37.899999618530281 148.13273620605472 4.7609035968780526 2.2500000000000004 8.2500000000000018 32.997917175292976 -5.0857365131378165 1478.5000000000002
decision_type=2 2 2 2 2 2 2 2 2 2 2 2 2 2
left_child=1 3 9 4 5 10 7 13 -9 -3 11 -1 -6 -7
right_child=-2 2 -4 -5 12 6 -8 8 -10 -11 -12 -13 -14 -15
leaf_value=0.0088698429648906337 -0.0011388052850381755 0.006044965521618431 4.6634835513089461e-05 -0.0015511150484856008 -0.0046153560836837623 -0.0020382484398071042 -0.0039747952577489452 0.0085831125490194501 -0.0015273151399353042 0.0024181135332623322 -1.2614451639219924e-05 0.001731637627497518 0.0022966144410594032 0.0015535038125589701
leaf_weight=71 5823 294 5906 4220 334 1959 6612 59 54 2445 167236 1770 2812 2514
leaf_count=71 5823 294 5906 4220 334 1959 6612 59 54 2445 167236 1770 2812 2514
internal_value=-5.14313e-05 -8.81441e-06 0.00149913 -7.83647e-05 -3.38286e-05 -7.83494e-05 -0.00155157 0.00045039 0.0120732 0.0045853 1.93084e-05 0.0028336 0.0025095 0.000130492
internal_weight=202109 196286 8645 187641 183421 180275 11198 4586 113 2739 169077 1841 3146 4473
internal_count=202109 196286 8645 187641 183421 180275 11198 4586 113 2739 169077 1841 3146 4473
is_linear=0
shrinkage=0.05


Tree=350
num_leaves=15
num_cat=0
split_feature=0 46 56 24 57 53 26 11 44 27 38 55 11 53
split_gain=4.27604 8.67831 6.72226 6.28547 6.19069 7.59786 5.53329 7.22345 4.9948 5.43792 6.08528 10.2226 12.1901 15.2761
threshold=149.69999694824222 0.65000000596046459 157.6499938964844 6.5000000000000009 228.73333740234378 0.99445194005966198 0.68896889686584484 155.74375152587893 10.92292356491089 8.8499999046325701 8.3499999046325701 2.5000000000000004 81.527080535888686 0.69521084427833568
decision_type=2 2 2 2 2 2 2 2 2 2 2 2 2 2
left_child=4 2 -2 6 8 -6 7 -4 9 -1 11 12 13 -11
right_child=1 -3 3 -5 5 -7 -8 -9 -10 10 -12 -13 -14 -15
leaf_value=0.0013645260474983523 -0.0013410521194839591 -0.0054546927456520945 0.0048729461246224872 -0.0019699178336902044 0.001422551621921987 0.0068156491664402496 0.00089794398071615315 0.0001391848362659583 -0.0033330876490243362 -0.00018724231896968848 0.00012893905548687218 -0.0017072733349114159 -0.0019071436311398886 0.0039197819411255844
leaf_weight=3778 6541 3174 72 1387 438 91 5094 84 2728 4599 154560 13644 3125 2624
leaf_count=3778 6541 3174 72 1387 438 91 5094 84 2728 4599 154560 13644 3125 2624
internal_value=-2.94393e-05 -0.000804304 -0.000238096 0.000882352 3.88734e-05 0.00538961 0.001673 0.0106626 2.32875e-05 5.51156e-05 1.53436e-05 -0.000725357 0.000459547 0.00158786
internal_weight=201939 16352 13178 6637 185587 529 5250 156 185058 182330 178552 23992 10348 7223
internal_count=201939 16352 13178 6637 185587 529 5250 156 185058 182330 178552 23992 10348 7223
is_linear=0
shrinkage=0.05


Tree=351
num_leaves=15
num_cat=0
split_feature=44 37 38 52 52 41 11 12 36 26 37 13 24 53
split_gain=4.73178 12.0284 18.5334 10.5974 12.2438 6.9413 6.92368 6.80424 12.69 6.56041 5.4905 9.20842 14.909 11.0801
threshold=-9.0001282691955549 62.500000000000007 15.449999809265138 0.62587949633598339 0.69056403636932384 72.500000000000014 55.795833587646491 27.75555515289307 32.649999618530281 0.70242592692375194 62.500000000000007 38.219940185546882 24.500000000000004 0.16587474942207339
decision_type=2 2 2 2 2 2 2 2 2 2 2 2 2 2
left_child=1 2 7 9 -5 -6 -7 8 -1 -4 -2 12 -12 -14
right_child=10 -3 3 4 5 6 -8 -9 -10 -11 11 -13 13 -15
leaf_value=-0.0036257517489636606 -0.0003326211282871814 -0.0022197234814486915 0.0011122858167336314 0.017239384347195463 0.0016175175299143016 0.00094999753279199732 0.013817465279710357 -0.0034397214535521075 0.013856654054430441 0.010548205574334883 -0.0042394324493452542 0.00031922257118595853 0.00085160222685517367 0.0080845258403490893
leaf_weight=146 79057 11724 1251 179 405 85 87 2625 75 244 6823 97266 2125 221
leaf_count=146 79057 11724 1251 179 405 85 87 2625 75 244 6823 97266 2125 221
internal_value=-9.4726e-05 -0.000897452 0.00112884 0.00450907 0.00929504 0.00556218 0.0136813 -0.00155112 0.00668831 0.00204319 -2.18877e-05 0.00021255 -0.00130134 0.00213073
internal_weight=202313 16821 5097 2251 756 577 172 2846 221 1495 185492 106435 9169 2346
internal_count=202313 16821 5097 2251 756 577 172 2846 221 1495 185492 106435 9169 2346
is_linear=0
shrinkage=0.05


Tree=352
num_leaves=15
num_cat=0
split_feature=0 57 43 35 13 12 47 43 23 8 32 23 53 13
split_gain=4.41287 10.3216 10.2233 6.85457 8.82651 8.51682 9.23011 12.6731 8.50281 8.38014 7.66697 7.34685 6.97504 7.38939
threshold=47.049999237060554 54.083332061767585 2602.5000000000005 62.500000000000007 59.588689804077156 44.453472137451179 4.1276819705963144 72.500000000000014 0.37500000000000006 117.70000076293947 2.706379890441895 0.27500000596046453 0.4584775865077973 97.06101226806642
decision_type=2 2 10 2 2 2 2 10 2 2 2 2 2 2
left_child=3 -2 -3 12 9 8 7 -7 -6 10 -5 -9 13 -1
right_child=1 2 -4 4 5 6 -8 11 -10 -11 -12 -13 -14 -15
leaf_value=2.9366756104778847e-05 -0.0010301534598177963 2.0454927044111348e-05 0.0086569328937209263 -0.00016920315269386212 0.0018878575937899184 -0.0020156492294283995 0.0017049356316042171 0.010627832725308038 0.015830165788143197 0.011259158489822913 0.0017267536869884457 0.0059324892237962723 -0.0018329405060549507 0.0050559331964221584
leaf_weight=41396 36577 85762 86 20146 94 277 5321 147 102 72 6708 296 5175 57
leaf_count=41396 36577 85762 86 20146 94 277 5321 147 102 72 6708 296 5175 57
internal_value=-6.44341e-05 -0.000252993 4.67038e-05 0.000224871 0.000774273 0.00246758 0.00212279 0.00739726 0.0124757 0.000381273 0.000332414 0.0125497 -0.00016596 5.02846e-05
internal_weight=202216 122425 85848 79791 33163 6237 6041 720 196 26926 26854 443 46628 41453
internal_count=202216 122425 85848 79791 33163 6237 6041 720 196 26926 26854 443 46628 41453
is_linear=0
shrinkage=0.05


Tree=353
num_leaves=15
num_cat=0
split_feature=19 35 47 1 13 47 13 37 12 23 26 37 44 37
split_gain=4.62754 5.83373 6.52588 7.07527 7.24598 5.73406 11.4259 8.90784 8.5007 16.5706 8.08792 9.23675 14.3576 8.03697
threshold=45.699998855590827 64.500000000000014 3.9553709030151372 31.750000000000004 59.952678680419929 8.7738800048828143 34.191667556762702 16.500000000000004 32.916666030883796 0.42499999701976782 0.70084869861602794 64.500000000000014 -7.4801034927368155 87.500000000000014
decision_type=2 2 2 2 2 2 2 2 2 2 2 2 2 2
left_child=1 -1 3 4 -3 7 8 -2 -7 -10 13 12 -12 -9
right_child=5 2 -4 -5 -6 6 -8 10 9 -11 11 -13 -14 -15
leaf_value=4.7982801134387964e-05 -0.0091634573744891323 -0.00053600629079910594 0.0016103076235733371 0.0032030960371501696 0.0099293675958557134 0.00049616624413465263 -0.0013763336941619328 0.0005171484386113606 0.013460437471122598 -0.00092442441290733796 0.0049302515416710796 5.2083676079536812e-05 -0.0022506707134258641 -0.00050023356712254857
leaf_weight=19737 1501 57 9373 358 113 3094 28057 74971 425 429 688 28956 16185 18467
leaf_count=19737 1501 57 9373 358 113 3094 28057 74971 425 429 688 28956 16185 18467
internal_value=-2.8679e-05 0.000548434 0.00153819 0.00689591 0.015 -0.000127705 -0.000731689 9.65941e-06 0.00178373 0.00616898 5.10841e-05 -0.000492922 -0.00142244 0.00031793
internal_weight=202411 29638 9901 528 170 172773 32005 140768 3948 854 139267 45829 16873 93438
internal_count=202411 29638 9901 528 170 172773 32005 140768 3948 854 139267 45829 16873 93438
is_linear=0
shrinkage=0.05


Tree=354
num_leaves=15
num_cat=0
split_feature=0 37 47 57 53 54 13 0 57 40 13 13 25 19
split_gain=4.2851 9.73222 9.98963 7.68391 12.0682 10.4511 10.1731 17.3549 14.4118 11.427 10.4293 20.8765 15.6026 11.8784
threshold=47.049999237060554 53.500000000000007 5.6745276451110849 67.583332061767592 0.63089349865913402 1.5000000000000002 97.798213958740249 133.40000152587893 73.450000762939467 983.54998779296886 76.527084350585952 68.673812866210952 14.34999990463257 179.50000000000003
decision_type=2 2 2 2 2 2 2 2 2 2 2 2 2 2
left_child=-1 -2 -3 5 6 -4 9 8 -8 10 11 -5 -13 -14
right_child=1 2 3 4 -6 -7 7 -9 -10 -11 -12 12 13 -15
leaf_value=0.00025215482998355463 -0.0011613582825300947 0.00046666446605723636 0.0053970937192170942 0.0010459205818638031 -0.0010167391772450142 -0.0013184848863491317 0.0094755199494685055 -0.0039795239669719804 0.0036256047791810931 -0.0016493857126179429 -0.0019814706635190756 0.0013712756357476743 0.0067620368650219411 -0.00016188027696389115
leaf_weight=79568 28662 38918 139 5363 14428 24476 60 618 1505 5090 1635 671 748 169
leaf_count=79568 28662 38918 139 5363 14428 24476 60 618 1505 5090 1635 671 748 169
internal_value=-6.1864e-05 -0.000247446 -1.06695e-06 -0.000435425 9.78633e-05 -0.00109137 0.00104953 0.00421113 0.007 0.000542159 0.00165426 0.00249892 0.00751564 0.0117206
internal_weight=202050 122482 93820 54902 30287 24615 15859 2183 1565 13676 8586 6951 1588 917
internal_count=202050 122482 93820 54902 30287 24615 15859 2183 1565 13676 8586 6951 1588 917
is_linear=0
shrinkage=0.05


Tree=355
num_leaves=15
num_cat=0
split_feature=3 16 16 23 23 36 0 15 52 45 53 57 16 49
split_gain=5.27137 7.85822 12.5862 7.42014 8.33556 7.00377 6.76947 6.09944 39.822 19.3699 10.6547 11.1051 9.9302 11.2584
threshold=186.05000305175784 86.850002288818374 98.40000152587892 1.4650000333786013 1.7050000429153445 19.349999427795414 152.05000305175784 172.05000305175784 -0.65234524011611927 -5.5116097927093497 0.99988442659378063 126.75000000000001 55.250000000000007 2087.5000000000005
decision_type=2 2 2 2 2 2 2 2 2 2 2 2 2 10
left_child=1 6 3 -3 5 -5 7 10 9 -9 12 -12 -1 -14
right_child=-2 2 -4 4 -6 -7 -8 8 -10 -11 11 -13 13 -15
leaf_value=2.2198551736401727e-05 -0.0010469572921151273 0.0019894925625502909 9.9709019681037836e-05 0.0025101875304289604 0.0026119011962673273 0.0065045877722131815 -0.002112923414202497 0.012348112835721188 8.6648728348038986e-05 0.0048282321202710475 0.0091945966702403122 0.00094501080278821799 -0.0014029198678854977 0.0079430745022163775
leaf_weight=157978 7999 2174 5347 92 222 74 6027 186 7267 670 96 194 14058 56
leaf_count=157978 7999 2174 5347 92 222 74 6027 186 7267 670 96 194 14058 56
internal_value=-5.95221e-05 -7.74093e-06 0.00153491 0.00440902 0.0107035 0.0188636 -7.32287e-05 -1.81437e-05 0.00131993 0.011455 -8.12695e-05 0.00933333 -9.76758e-05 -0.00136789
internal_weight=202440 194441 7909 2562 388 166 186532 180505 8123 856 172382 290 172092 14114
internal_count=202440 194441 7909 2562 388 166 186532 180505 8123 856 172382 290 172092 14114
is_linear=0
shrinkage=0.05


Tree=356
num_leaves=15
num_cat=0
split_feature=40 41 38 37 43 15 57 0 57 52 9 57 16 15
split_gain=4.0709 7.05237 10.6673 5.01224 8.12376 5.81379 5.29718 4.92993 8.95501 8.10571 6.8348 6.08747 6.59888 7.0693
threshold=995.04998779296886 12.500000000000002 8.0500001907348651 78.500000000000014 147.50000000000003 204.19999694824222 112.91666793823244 149.69999694824222 123.1999969482422 -0.88622298836708058 100.90000152587892 228.73333740234378 106.04999923706056 237.50000000000003
decision_type=2 2 2 2 10 2 2 2 2 2 2 2 2 2
left_child=7 -2 -3 -4 5 -5 -6 11 -9 10 -10 -1 13 -13
right_child=1 2 3 4 6 -7 -8 8 9 -11 -12 12 -14 -15
leaf_value=-4.0034098175402964e-05 -0.00078600658091240803 0.00023717348484773534 0.0010962301786865195 0.0043257444056813612 0.0088190660263151779 -0.00081040323152327919 0.0040741272025080098 -0.0032529137350789357 0.0040349140293678872 -0.00013618890578641463 0.012348783561074959 0.0050390946289658222 -0.003165492576695557 0.0025384007689882612
leaf_weight=183155 1771 1045 199 204 153 186 78 5050 69 9603 51 91 181 226
leaf_count=183155 1771 1045 199 204 153 186 78 5050 69 9603 51 91 181 226
internal_value=-7.30445e-05 0.00158256 0.00372 0.00795181 0.0101347 0.0055 0.0174066 -0.00010346 -0.000981872 -9.40113e-05 0.0123077 -3.27514e-05 0.00543307 0.0096789
internal_weight=202062 3636 1865 820 621 390 231 198426 14773 9723 120 183653 498 317
internal_count=202062 3636 1865 820 621 390 231 198426 14773 9723 120 183653 498 317
is_linear=0
shrinkage=0.05


Tree=357
num_leaves=15
num_cat=0
split_feature=38 51 46 18 55 32 57 46 36 45 38 52 52 52
split_gain=4.64177 6.15704 8.363 10.3156 10.903 10.1824 6.90417 8.08051 6.27116 6.7735 7.25633 6.60842 9.50272 5.84068
threshold=25.650000572204593 -0.37940952181816096 3.3500000238418584 -1.8499999642372129 4.5000000000000009 1.4352163672447207 49.516666412353523 12.650000095367433 30.94999980926514 3.2106803655624394 26.150000572204593 -0.80418667197227467 -0.8337765336036681 -0.33425341546535486
decision_type=2 2 2 2 2 2 2 2 2 2 2 2 2 2
left_child=-1 2 3 4 5 -2 7 -3 11 -10 -11 12 -8 -9
right_child=1 6 -4 -5 -6 -7 8 13 9 10 -12 -13 -14 -15
leaf_value=-0.00010519597561390974 0.0039229057507249145 0.00083771437885711954 -0.0014629570141651916 -0.00031365274870039312 -0.0028493022159283249 0.0096103126528867891 0.00012206328115571316 0.0037731931478869672 0.00075275799304201369 0.00073548943636713056 0.0056005157084434605 -0.0004591050850893587 0.011799117310738938 0.0073905273001233385
leaf_weight=185281 219 1886 4856 914 184 239 128 1360 1030 230 271 5417 57 282
leaf_count=185281 219 1886 4856 914 184 239 128 1360 1030 230 271 5417 57 282
internal_value=-4.90218e-05 0.000739623 -0.000484274 0.00269476 0.0075 0.0115598 0.00147549 0.00328151 0.000578887 0.00340363 0.00811154 -0.000197792 0.00884615 0.00583535
internal_weight=202354 17073 6412 1556 642 458 10661 3528 7133 1531 501 5602 185 1642
internal_count=202354 17073 6412 1556 642 458 10661 3528 7133 1531 501 5602 185 1642
is_linear=0
shrinkage=0.05


Tree=358
num_leaves=15
num_cat=0
split_feature=49 28 52 12 36 16 16 40 45 57 0 19 42 47
split_gain=4.41603 8.21959 11.1075 24.1376 11.7261 11.897 14.7432 9.14723 8.96169 12.4334 7.64158 8.20269 7.59859 7.29475
threshold=-22.499999999999996 58.500000000000007 0.90162119269371044 26.098611831665043 32.649999618530281 16.349999427795414 15.550000190734865 982.64999389648449 12.209967136383058 38.95000076293946 25.44999980926514 86.700000762939467 6.2500000000000009 6.5768542289733896
decision_type=10 2 2 2 2 2 2 2 2 2 2 2 2 2
left_child=10 2 3 7 -5 6 -6 -2 -4 -10 11 -1 -3 -8
right_child=1 12 8 4 5 -7 13 -9 9 -11 -12 -13 -14 -15
leaf_value=0.00080960215103485192 0.012355146817121309 0.00035040359004635406 -0.0019712790297055269 0.0023367341459706518 0.0031694560718147167 -0.0012047869196877281 0.019007559071659762 0.00030935189852159477 -0.00020822002497569922 0.019957987977025918 -0.00045231131288722844 0.014289155597625709 -0.00055466592009293487 0.022952999666616458
leaf_weight=14445 221 39940 5490 9471 390 5910 53 82 116 68 88306 82 37880 85
leaf_count=14445 221 39940 5490 9471 390 5910 53 82 116 68 88306 82 37880 85
internal_value=-6.44054e-05 0.000172689 0.0010285 0.00169461 0.00142314 -0.000223326 0.00689591 0.0154473 -0.000874385 0.00969072 -0.000294285 0.000768039 -6.80983e-05 0.0203378
internal_weight=202539 99706 21886 16212 15909 6438 528 303 5674 184 102833 14527 77820 138
internal_count=202539 99706 21886 16212 15909 6438 528 303 5674 184 102833 14527 77820 138
is_linear=0
shrinkage=0.05


Tree=359
num_leaves=15
num_cat=0
split_feature=49 40 12 53 49 52 52 47 52 46 53 47 14 12
split_gain=4.11377 7.29801 16.1691 14.3806 9.70576 9.4972 30.624 9.03189 8.69031 7.87788 8.99705 8.97579 7.99849 8.13276
threshold=-37.365530014038079 974.95001220703136 35.803472518920906 -0.89404255151748646 247.50000000000003 0.61237135529518139 0.65233618021011364 8.2440929412841815 0.75014290213584911 0.25000000745058065 0.99988442659378063 12.818016529083254 15.023711681365969 46.677082061767585
decision_type=10 2 2 2 10 2 2 2 2 2 2 2 2 2
left_child=-1 2 3 7 -3 -4 -7 -2 -8 10 11 -6 13 -11
right_child=1 4 5 -5 9 6 8 -9 -10 12 -12 -13 -14 -15
leaf_value=-0.00029006482540651959 0.0098330360919811136 0.00045548703010980904 0.00052947755652177104 -0.0054839926997678444 -6.1381493815302113e-05 0.016049701659228376 -0.0084966726107158271 -0.0039619382115825552 0.0098957185417693216 -0.0025455993582459962 0.0048131831263472508 0.012474227076783265 -0.0035986785700215826 0.00089665429209746057
leaf_weight=97350 400 54953 10482 213 20117 147 277 57 60 5331 63 111 7842 4955
leaf_count=97350 400 54953 10482 213 20117 147 277 57 60 5331 63 111 7842 4955
internal_value=-5.60377e-05 0.000161019 0.00134123 0.00882353 1.3813e-05 0.000876457 0.00765182 0.0137366 -0.000821327 -0.000595775 8.10293e-05 1.77871e-05 -0.00135296 -0.000435122
internal_weight=202358 105008 11636 670 93372 10966 484 457 337 38419 20291 20228 18128 10286
internal_count=202358 105008 11636 670 93372 10966 484 457 337 38419 20291 20228 18128 10286
is_linear=0
shrinkage=0.05


Tree=360
num_leaves=15
num_cat=0
split_feature=52 55 52 24 16 51 14 47 43 42 43 42 57 45
split_gain=3.856 10.5225 6.02408 20.0903 20.5217 12.9929 8.63654 8.76933 10.428 7.72551 7.1023 5.93072 10.3161 5.00859
threshold=0.99628883600234996 2.5000000000000004 0.98667103052139293 9.5000000000000018 35.649999618530281 0.12940952181816107 9.1910796165466326 5.0301735401153573 62.500000000000007 9.5500001907348651 62.500000000000007 7.0499999523162851 62.650001525878913 -4.6710188388824454
decision_type=2 2 2 2 2 2 2 2 10 2 10 2 2 2
left_child=2 -2 -1 4 5 -4 9 8 -8 -7 13 12 -6 -5
right_child=1 -3 3 10 11 6 7 -9 -10 -11 -12 -13 -14 -15
leaf_value=-5.3523045020804476e-05 0.0014638445276810913 -0.0041772704215304714 -0.00035019854918175663 0.004099150400868873 -0.0016158581080248525 0.0048917525905017942 0.0024222831034181238 0.0018780131124507818 0.0086097796757298069 0.016557738430771095 -0.0085468901307093111 0.0098006956159369593 0.011812815750866989 -0.00072704764503197258
leaf_weight=191865 2159 3182 975 408 85 90 89 552 64 55 1574 147 68 695
leaf_count=191865 2159 3182 975 408 85 90 89 552 64 55 1574 147 68 695
internal_value=-5.01947e-05 -0.00137451 -1.41615e-05 0.00173317 0.00535129 0.00331063 0.0077907 0.00534965 0.0155521 0.0185484 -0.00114812 0.0172581 0.00941718 0.00191824
internal_weight=202008 5341 196667 4802 2125 1825 850 705 153 145 2677 300 153 1103
internal_count=202008 5341 196667 4802 2125 1825 850 705 153 145 2677 300 153 1103
is_linear=0
shrinkage=0.05


Tree=361
num_leaves=15
num_cat=0
split_feature=36 36 47 41 16 52 42 13 57 37 52 37 16 55
split_gain=4.3953 5.6517 12.1984 12.5198 11.4106 10.0704 20.2764 13.4845 8.7276 7.94548 10.9896 6.09958 5.68342 5.67081
threshold=41.149999618530281 37.750000000000007 11.900694370269777 14.500000000000002 58.850000381469734 -0.065535377711057649 6.4500000476837167 42.04375076293946 13.316666603088381 17.500000000000004 0.63920241594314586 25.500000000000004 10.550000190734865 4.5000000000000009
decision_type=2 2 2 2 2 2 2 2 2 2 2 2 2 2
left_child=1 11 3 8 5 6 -5 9 -3 12 -11 -1 -7 -12
right_child=-2 2 -4 4 -6 7 -8 -9 -10 10 13 -13 -14 -15
leaf_value=-0.0022418563197820246 -0.0039021251317143293 0.014007301946334977 0.015179869745255984 0.0082166383923051901 0.0075722857151019514 0.015794045177822489 -0.0052707900237080156 -0.0028017081863737307 -0.0020957246423630341 0.004070528109052428 0.014728251365644511 1.1461747099834203e-06 -2.3366128732762029e-05 0.002914510148602608
leaf_weight=7181 1746 67 68 59 50 96 56 881 2740 295 105 188705 454 59
leaf_count=7181 1746 67 68 59 50 96 56 881 2740 295 105 188705 454 59
internal_value=-3.21379e-05 -1.03584e-05 0.00165992 0.00134236 0.00429782 0.00363523 0.0174 0.00271053 -0.000828897 0.00662905 0.0114179 -5.2478e-05 0.0025 0.0214368
internal_weight=202562 200816 4930 4862 2055 2005 115 1890 2807 1009 459 195886 550 164
internal_count=202562 200816 4930 4862 2055 2005 115 1890 2807 1009 459 195886 550 164
is_linear=0
shrinkage=0.05


Tree=362
num_leaves=15
num_cat=0
split_feature=19 26 47 44 56 53 38 16 26 42 16 47 43 43
split_gain=4.27887 4.44401 8.3682 7.86149 7.37888 8.44937 9.529 9.09083 12.0116 7.95495 7.8952 7.315 12.9918 9.52728
threshold=390.70001220703131 0.9352884590625764 11.678869247436525 5.2725992202758798 116.50000000000001 0.60383266210556041 14.150000095367433 63.199998855590827 0.69827711582183849 9.7500000000000018 25.94999980926514 6.2889757156372079 81.250000000000014 22.500000000000004
decision_type=2 2 2 2 2 2 2 2 2 2 2 2 10 8
left_child=1 4 3 -3 -1 6 7 8 9 -6 -8 12 -7 -13
right_child=-2 2 -4 -5 5 11 10 -9 -10 -11 -12 13 -14 -15
leaf_value=-1.5647075886660513e-05 -0.0048894753092509425 -0.00027108665157526794 0.0066304876818158763 -0.0050552142552864141 0.0085815570458562078 0.0002663243777494093 0.012190212761922345 2.2794306510347792e-06 -0.003637566276992331 0.0022673506036545495 0.00073016155428831274 0.0027493441373301151 0.0035314358229139166 -0.0026468326045355102
leaf_weight=147592 1418 32201 78 3839 544 7429 84 375 140 174 2876 386 1163 3777
leaf_count=147592 1418 32201 78 3839 544 7429 84 375 140 174 2876 386 1163 3777
internal_value=-3.18193e-05 -1.24097e-05 -0.000514561 -0.000552012 9.78414e-05 0.00108562 0.00302998 0.00670555 0.00951613 0.0121016 0.00148148 0.000444574 0.00127761 -0.00127367
internal_weight=202076 200658 36118 36040 164540 16948 4193 1233 858 718 2960 12755 8592 4163
internal_count=202076 200658 36118 36040 164540 16948 4193 1233 858 718 2960 12755 8592 4163
is_linear=0
shrinkage=0.05


Tree=363
num_leaves=15
num_cat=0
split_feature=14 0 24 16 52 12 28 52 28 47 53 41 50 12
split_gain=4.72796 5.12249 6.49443 6.02837 7.53757 12.4973 10.5033 7.00822 6.17763 6.77545 14.7648 8.90612 8.87337 7.69362
threshold=5.0966436862945566 20.250000000000004 81.500000000000014 17.550000190734867 0.90892735123634349 21.981250762939457 48.500000000000007 0.90531614422798168 36.500000000000007 7.9647474288940439 -0.84313312172889698 77.500000000000014 0.12940952181816109 28.868750572204593
decision_type=2 2 2 2 2 2 2 2 2 2 2 2 2 2
left_child=-1 2 -2 4 5 6 -3 8 9 10 12 -11 -7 -13
right_child=1 3 -4 -5 -6 7 -8 -9 -10 11 -12 13 -14 -15
leaf_value=-0.0011738154714032775 0.0013766110825319509 0.011243188956932887 0.0088113823509250091 3.070510358343626e-05 -0.0046853197138922052 0.023493815817708878 0.00084273726218882976 0.0075040552527878297 -0.0016706175497574903 -0.0025559087850970824 0.0019283620637531914 0.015450731488222534 0.0051778273443841465 0.0018322044130047923
leaf_weight=9599 7683 125 75 167484 6027 76 179 121 7894 1740 774 119 52 232
leaf_count=9599 7683 125 75 167484 6027 76 179 121 7894 1740 774 119 52 232
internal_value=-6.18242e-05 -7.81568e-06 0.00125 -6.06776e-05 -0.000947894 -0.000186364 0.00964968 -0.000466511 -0.000604296 0.00132701 0.00492324 -0.000240363 0.02 0.00691136
internal_weight=202180 192581 7758 184823 17339 11312 304 11008 10887 2993 902 2091 128 351
internal_count=202180 192581 7758 184823 17339 11312 304 11008 10887 2993 902 2091 128 351
is_linear=0
shrinkage=0.05


Tree=364
num_leaves=15
num_cat=0
split_feature=38 42 28 11 49 37 16 49 28 47 45 54 57 29
split_gain=4.71715 6.13494 4.52376 6.96302 5.28626 4.87707 6.73015 4.56687 8.28176 9.88331 10.0704 8.33955 19.9532 7.98506
threshold=4.2500000000000009 19.550000190734867 12.500000000000002 32.997917175292976 87.500000000000014 15.500000000000002 8.9499998092651385 -19.374999999999996 58.500000000000007 7.5726380348205575 -10.80076742172241 1.5000000000000002 88.250000000000014 6.9500000476837167
decision_type=2 2 2 2 8 2 2 8 2 2 2 2 2 2
left_child=1 -1 3 4 -2 6 -4 -7 -9 10 -10 12 -11 -12
right_child=2 -3 5 -5 -6 7 -8 8 9 11 13 -13 -14 -15
leaf_value=-0.0019525431066240572 0.0095318865955318355 0.012450162112214405 0.013587574167930418 -0.0040298102580996649 0.00017724935442793276 -0.00034686035008985104 -0.00552076035233608 0.00095109142266822295 0.0095033349516595433 0.0068675286755515933 -9.376134516604604e-05 -0.0013566008016142042 -2.7991978603435601e-05 0.00099520870530029064
leaf_weight=7104 448 52 62 346 242 77127 1677 30855 377 155 45673 21800 643 15615
leaf_count=7104 448 52 62 346 242 77127 1677 30855 377 155 45673 21800 643 15615
internal_value=-5.60387e-05 -0.00131594 -9.74328e-06 0.0032696 0.00614286 -2.74247e-05 -0.0026558 -3.51215e-06 0.000195955 -6.06968e-05 0.000267125 -0.000954973 0.00403465 0.000216319
internal_weight=202176 7156 195020 1036 690 193984 1739 192245 115118 84263 61665 22598 798 61288
internal_count=202176 7156 195020 1036 690 193984 1739 192245 115118 84263 61665 22598 798 61288
is_linear=0
shrinkage=0.05


Tree=365
num_leaves=15
num_cat=0
split_feature=44 37 38 47 52 40 36 26 37 38 33 51 44 44
split_gain=4.59609 12.5679 20.8216 13.2256 13.5421 11.9612 8.66374 8.14932 6.96442 9.91675 12.7277 9.67534 13.197 11.3883
threshold=-8.5920391082763654 63.500000000000007 15.449999809265138 10.193700790405275 0.62587949633598339 981.45001220703136 35.45000076293946 0.719303458929062 60.500000000000007 24.650000572204593 0.15000000223517421 -0.37940952181816096 4.0344262123107919 6.1435058116912851
decision_type=2 2 2 2 2 2 2 2 2 2 2 2 2 2
left_child=1 2 -1 4 7 6 -6 -4 9 10 -2 12 -11 -14
right_child=8 -3 3 -5 5 -7 -8 -9 -10 11 -12 -13 13 -15
leaf_value=-0.001840390546125616 -0.00010453273789735778 -0.0018709707541220201 0.002049959885173507 -0.0029739031855387085 0.016995957933484275 0.0030495545167431217 8.7337422216578981e-05 0.0091860584940973052 0.00022320108687529078 -0.00048548037725890412 -0.0019450449561209853 0.0062234855642562727 0.0073932290283572847 -0.0015608153814527942
leaf_weight=3390 54338 13332 1112 587 353 289 65 209 109590 1383 17104 338 180 115
leaf_count=3390 54338 13332 1112 587 353 289 65 209 109590 1383 17104 338 180 115
internal_value=-8.04133e-05 -0.000813306 0.00108479 0.00442857 0.00633464 0.0118759 0.0171963 0.00330203 -2.95108e-06 -0.000379622 -0.000477385 0.00307009 0.00148697 0.0109016
internal_weight=202385 19337 6005 2615 2028 707 418 1321 183048 73458 71442 2016 1678 295
internal_count=202385 19337 6005 2615 2028 707 418 1321 183048 73458 71442 2016 1678 295
is_linear=0
shrinkage=0.05


Tree=366
num_leaves=15
num_cat=0
split_feature=38 44 51 43 41 43 25 38 55 40 13 40 12 47
split_gain=4.79166 12.5072 10.0459 8.0588 8.27022 7.64577 7.40088 7.25069 6.04396 5.50661 9.12483 7.17287 8.26636 7.3108
threshold=25.650000572204593 0.69591933488845836 -0.37940952181816096 1037.5000000000002 10.500000000000002 1502.5000000000002 13.750000000000002 26.44999980926514 1.5000000000000002 971.95001220703136 46.687202453613288 970.45001220703136 75.127082824707045 4.7609035968780526
decision_type=2 2 2 10 2 10 2 2 2 2 2 2 2 2
left_child=-1 2 -2 -3 -5 6 7 8 -6 10 -4 -12 13 -13
right_child=1 3 9 4 5 -7 -8 -9 -10 -11 11 12 -14 -15
leaf_value=-0.00011543046880569679 -0.001258337271384292 0.0019650578398277608 0.0057292754791919412 -0.0011770923872964757 0.0032393802887908784 0.00013473325920145481 0.00166164293552671 0.0037273256735798795 0.0096590788554676826 0.00066664484063174681 -0.0019350234120776464 0.0066689270927372691 0.011227191091429495 9.919799614094239e-05
leaf_weight=185487 5509 1489 125 106 52 100 83 63 105 8231 466 237 102 502
leaf_count=185487 5509 1489 125 106 52 100 83 63 105 8231 466 237 102 502
internal_value=-4.50751e-05 0.000753782 0.00026281 0.00446215 0.00983622 0.0130387 0.016885 0.0215217 0.0270359 0.00123385 0.0040846 0.00278284 0.00551704 0.00354473
internal_weight=202657 17170 15172 1998 509 403 303 220 157 9663 1432 1307 841 739
internal_count=202657 17170 15172 1998 509 403 303 220 157 9663 1432 1307 841 739
is_linear=0
shrinkage=0.05


Tree=367
num_leaves=15
num_cat=0
split_feature=49 17 8 54 16 41 16 0 47 16 45 57 45 40
split_gain=4.18399 8.66763 6.739 9.17651 11.0371 7.73141 6.6656 10.6732 8.27932 9.34148 9.95041 8.64229 9.86832 9.76705
threshold=-8.7499999999999982 -65.749999999999986 190.25000000000003 1.5000000000000002 56.95000076293946 99.500000000000014 86.850002288818374 87.65000152587892 3.4111893177032475 29.250000000000004 -1.2601114511489866 28.583333969116214 15.023267745971681 972.35000610351574
decision_type=10 2 2 2 2 2 2 2 2 2 2 2 2 2
left_child=-1 -2 3 4 -3 -6 7 8 9 10 -5 13 -13 -10
right_child=1 2 -4 6 5 -7 -8 -9 11 -11 -12 12 -14 -15
leaf_value=-0.00023091629537879801 0.0035484216098607582 0.0026608847936161542 -0.0018101230942808206 0.0065304358797412324 -0.0014739827634407631 0.0036890833863888299 0.0016343757990194578 -0.00086733768565455313 0.020242644224803038 0.00076080602119696491 0.0023398332557787154 0.00052237076580086183 0.011446108519196897 -0.0016774694605510136
leaf_weight=109102 1558 1683 4213 185 1890 856 2129 21518 141 701 222 47964 178 9348
leaf_count=109102 1558 1683 4213 185 1890 856 2129 21518 141 701 222 47964 178 9348
internal_value=-3.63922e-05 0.000210807 0.0001473 0.000242153 0.00245663 0.000497096 0.00012282 4.93964e-05 0.000398389 0.00466011 0.0105875 0.00031566 0.000587513 -0.00106274
internal_weight=201688 92586 91028 86815 4429 2746 82386 80257 58739 1108 407 57631 48142 9489
internal_count=201688 92586 91028 86815 4429 2746 82386 80257 58739 1108 407 57631 48142 9489
is_linear=0
shrinkage=0.05


Tree=368
num_leaves=15
num_cat=0
split_feature=52 52 44 57 36 23 46 46 37 44 46 46 44 15
split_gain=5.80795 26.1367 37.347 19.0864 33.1823 18.2397 19.8722 10.9372 11.0705 11.331 9.69146 12.9702 9.50499 8.26147
threshold=-0.97876849770545948 -0.96689236164093006 3.0402570962905888 56.81666564941407 29.150000572204593 0.49500000476837164 17.050000190734867 5.2500000000000009 61.500000000000007 -0.34454987943172449 0.84999999403953563 0.55000001192092907 -2.8795090913772579 143.19999694824222
decision_type=2 2 2 2 2 2 2 2 2 2 2 2 2 2
left_child=10 2 5 4 -4 -2 7 -7 -9 -10 11 13 -13 -1
right_child=1 -3 3 -5 -6 6 -8 8 9 -11 -12 12 -14 -15
leaf_value=-0.00059775312984457641 -0.0049793937211074033 -4.3437916851174081e-05 0.016530692745460495 -0.00042875507073675582 0.0039107254973138215 0.00396208385379566 -0.0064103436793346283 0.00067919066751085495 0.0097180525006520507 0.0055416196581853129 -0.0045801746286982734 0.014865951242010872 -0.00049593024060286804 0.0036959736605059936
leaf_weight=8586 1338 184548 240 195 385 707 405 104 183 65 4629 112 87 545
leaf_count=8586 1338 184548 240 195 385 707 405 104 183 65 4629 112 87 545
internal_value=-3.60902e-05 3.69315e-05 0.00423733 0.0135542 0.0177559 0.00147226 0.00531207 0.00889149 0.0159945 0.0215504 -0.00101976 -9.10076e-05 0.0122249 -0.000372499
internal_weight=202129 188170 3622 820 625 2802 1464 1059 352 248 13959 9330 199 9131
internal_count=202129 188170 3622 820 625 2802 1464 1059 352 248 13959 9330 199 9131
is_linear=0
shrinkage=0.05


Tree=369
num_leaves=15
num_cat=0
split_feature=45 26 12 36 56 12 12 51 56 52 57 51 40 52
split_gain=4.06548 8.30217 8.33617 9.63587 7.53453 8.54805 10.2027 8.08718 7.43922 8.04127 7.77967 9.78679 7.00957 8.2203
threshold=4.6104624271392831 0.28404404222965246 30.518750190734867 31.250000000000004 66.000000000000014 65.711807250976577 48.82500076293946 0.60355338454246532 20.050000190734867 0.46800856292247778 23.716667175292972 -0.6035533845424651 972.85000610351574 -0.048361575230956071
decision_type=2 2 2 2 2 2 2 2 2 2 2 2 2 2
left_child=-1 -2 3 8 -4 6 -6 12 -3 -10 -11 -12 13 -8
right_child=1 2 4 -5 5 -7 7 -9 9 10 11 -13 -14 -15
leaf_value=-0.00011299804253689334 0.0068232350488149109 -0.00028733356155764025 -0.00056366584627706772 -0.001243855614492822 -0.0019702661250966045 0.00012567599053869242 0.011496828155492687 0.0028913656109898276 0.0026105398802589801 0.011085325737632122 -0.0074264627209798305 0.0066243974752809107 0.0061016689628626856 0.0034346417295635502
leaf_weight=175966 630 295 16277 809 681 4762 102 1117 378 109 108 311 752 73
leaf_count=175966 630 295 16277 809 681 4762 102 1117 378 109 108 311 752 73
internal_value=-3.2119e-05 0.0005463 0.000406452 0.0034901 0.000144274 0.00145591 0.00368373 0.00544304 0.00631296 0.00853712 0.0124721 0.00898601 0.00887406 0.0177027
internal_weight=202370 26404 25774 2010 23764 7487 2725 2044 1201 906 528 419 927 175
internal_count=202370 26404 25774 2010 23764 7487 2725 2044 1201 906 528 419 927 175
is_linear=0
shrinkage=0.05


Tree=370
num_leaves=15
num_cat=0
split_feature=0 47 52 21 26 47 23 55 43 24 43 12 23 54
split_gain=4.72734 8.36969 7.55754 7.54993 6.64988 8.90738 11.3329 8.12078 8.27465 7.67054 15.196 11.229 7.85689 9.01768
threshold=66.700000762939467 8.8171920776367205 -0.70291268825530995 52.500000000000007 0.72958466410636913 5.6966938972473153 0.17500000447034839 3.5000000000000004 2862.5000000000005 31.500000000000004 137.50000000000003 52.089582443237312 0.48499999940395361 11.500000000000002
decision_type=2 2 2 2 2 2 2 2 10 2 10 2 2 2
left_child=-1 4 3 -3 5 6 -2 8 -7 10 11 -8 -12 -14
right_child=1 2 -4 -5 -6 7 9 -9 -10 -11 12 -13 13 -15
leaf_value=0.00012322497522228627 0.0045419598588663356 -0.0033937789422362735 -0.0037388638486231165 0.0028986091138492511 -0.00068207323452036716 0.00040851956665578977 0.0052065588830448603 -0.001269915537183823 0.0072044943880413331 -0.0016827498715726533 0.0010358046386088596 0.000177192387230891 0.0051573821900666242 0.00033352644323742648
leaf_weight=124497 144 778 6311 1013 28899 15321 332 12796 54 1944 808 8091 955 292
leaf_count=124497 144 778 6311 1013 28899 15321 332 12796 54 1944 808 8091 955 292
internal_value=-6.76172e-05 -0.000373516 -0.00189349 0.000968905 -0.000196423 0.000215107 0.00132156 -0.000278735 0.000495611 0.00115347 0.0016886 0.000745285 0.00553269 0.00800716
internal_weight=202235 77738 8102 1791 69636 40737 12566 28171 15375 12422 10478 8423 2055 1247
internal_count=202235 77738 8102 1791 69636 40737 12566 28171 15375 12422 10478 8423 2055 1247
is_linear=0
shrinkage=0.05


Tree=371
num_leaves=15
num_cat=0
split_feature=52 31 0 57 43 4 52 8 54 17 15 54 13 14
split_gain=3.89136 5.28498 4.48159 8.23493 9.18764 7.98154 8.25723 6.5188 7.60198 12.1355 8.84274 12.6158 13.2963 10.8718
threshold=0.9970000982284547 -10.406610965728758 67.65000152587892 57.416667938232429 2397.5000000000005 57.45000076293946 0.58481550216674816 48.850000381469734 10.500000000000002 27.94999980926514 102.29999923706056 9.5000000000000018 47.709226608276374 31.784183502197269
decision_type=2 2 2 2 10 2 2 2 2 2 2 2 2 2
left_child=2 -2 7 -4 5 -5 -7 -1 10 -10 -9 12 -12 -13
right_child=1 -3 3 4 -6 6 -8 8 9 -11 11 13 -14 -15
leaf_value=-0.00016103439868677481 0.0039681208607044707 -0.002527595857840929 -0.0014926389142880655 0.0013776042124514231 0.0071471775065243305 -5.2451207667224464e-05 -0.0032826832329995413 0.00051518659275838128 -0.0015678330910636298 0.0066944614819703652 0.011860872827722465 0.0081740444331712177 0.0014853492102349731 0.0019685975075929333
leaf_weight=69507 314 4498 16396 7123 52 47248 5081 39391 5955 131 224 244 5749 225
leaf_count=69507 314 4498 16396 7123 52 47248 5081 39391 5955 131 224 244 5749 225
internal_value=-5.04098e-05 -0.00145375 -1.61158e-05 -0.000317482 -4.40244e-05 -6.40757e-05 -0.000277901 0.000172271 0.000596101 -0.00106299 0.00081659 0.00253255 0.00190289 0.0103445
internal_weight=202138 4812 197326 75900 59504 59452 52329 121426 51919 6086 45833 6442 5973 469
internal_count=202138 4812 197326 75900 59504 59452 52329 121426 51919 6086 45833 6442 5973 469
is_linear=0
shrinkage=0.05


Tree=372
num_leaves=15
num_cat=0
split_feature=48 51 47 20 26 37 52 52 47 52 0 46 41 53
split_gain=4.34506 7.61769 5.90135 5.84058 5.57133 8.43318 9.60175 9.63611 9.81604 8.38064 6.88671 8.74827 13.5231 6.8795
threshold=-3.3500000238418575 0.12940952181816107 2.9929075241088872 79.250000000000014 0.69856801629066478 83.500000000000014 -0.56368473172187794 -0.61237984895706166 6.6436491012573251 0.40614137053489691 44.049999237060554 12.150000095367433 10.500000000000002 -0.87810534238815297
decision_type=2 2 2 2 2 2 2 2 2 2 2 2 2 2
left_child=-1 -2 3 -3 5 6 7 -4 -9 -8 11 13 -13 -11
right_child=1 2 4 -5 -6 -7 9 8 -10 10 -12 12 -14 -15
leaf_value=-0.00047692057501404374 -0.00021951292707925339 0.00089882533943358715 0.0020770972596561451 0.0032346694935941286 -0.00018621380213884711 -0.00022419153487737657 -0.00076798646943439361 -0.015310428505453527 0.0074398229329179768 0.012918255769115553 0.00029512521535040681 1.4060368799054302e-05 0.01047869092375881 0.0019824668911919154
leaf_weight=56509 90066 769 7162 489 19973 10639 5703 59 147 325 5595 108 100 4567
leaf_count=56509 90066 769 7162 489 19973 10639 5703 59 147 325 5595 108 100 4567
internal_value=-6.48065e-05 7.95393e-05 0.000539481 0.00391167 0.000460762 0.000846287 0.00136987 0.00286798 0.013287 0.000695391 0.00152032 0.00284736 0.0126605 0.00240514
internal_weight=202211 145702 55636 1258 54378 34405 23766 7368 206 16398 10695 5100 208 4892
internal_count=202211 145702 55636 1258 54378 34405 23766 7368 206 16398 10695 5100 208 4892
is_linear=0
shrinkage=0.05


Tree=373
num_leaves=15
num_cat=0
split_feature=52 52 44 12 26 23 38 57 51 52 53 12 43 19
split_gain=4.17073 20.5694 31.4265 22.5897 20.3984 17.4714 17.9036 10.1158 9.44851 8.96557 14.8125 14.6915 13.6902 13.168
threshold=-0.97876849770545948 -0.96689236164093006 3.1089093685150151 50.439582824707038 0.67511302232742321 0.56499999761581432 22.849999427795414 50.883333206176765 0.60355338454246532 -0.99467751383781422 0.046214086934924133 35.181249618530281 32.500000000000007 147.85000610351565
decision_type=2 2 2 2 2 2 2 2 2 2 2 2 10 2
left_child=9 2 5 4 -4 -2 8 -6 -7 10 11 -1 -12 -14
right_child=1 -3 3 -5 7 6 -8 -9 -10 -11 12 -13 13 -15
leaf_value=0.0033676253076806474 -0.0040434729764873304 -4.5193683372348766e-05 0.0019874576535464632 0.0024473810118119332 0.014983400067540037 0.0040055016245293023 -0.00046737155187408252 0.0044068170198203385 0.0070286477962039759 -0.0027620019330829304 -0.0039731960702273925 -0.0021345647028969969 0.0044531698674722849 -0.003839283799947862
leaf_weight=537 1471 184453 146 342 246 458 657 72 214 7227 428 4553 982 181
leaf_count=537 1471 184453 146 342 246 458 657 72 214 7227 428 4553 982 181
internal_value=-2.98808e-05 3.19286e-05 0.00376659 0.012402 0.0194726 0.00124555 0.00538088 0.0264024 0.0110557 -0.000865068 0.000455088 -0.000862746 0.00465022 0.00744672
internal_weight=201967 188059 3606 806 464 2800 1329 318 672 13908 6681 5090 1591 1163
internal_count=201967 188059 3606 806 464 2800 1329 318 672 13908 6681 5090 1591 1163
is_linear=0
shrinkage=0.05


Tree=374
num_leaves=15
num_cat=0
split_feature=19 43 56 52 36 53 12 46 12 57 57 57 13 37
split_gain=4.36864 4.30675 11.2831 9.98137 10.5752 18.2891 10.8583 9.20937 23.2286 9.1045 8.97721 8.81681 9.8692 7.09202
threshold=390.70001220703131 767.50000000000011 49.750000000000007 -0.92274349927902211 25.94999980926514 0.57605713605880748 109.63472366333009 23.050000190734867 59.397222518920906 128.33333587646487 48.183334350585945 37.083332061767585 44.496726989746101 43.500000000000007
decision_type=2 10 2 2 2 2 2 2 2 2 2 2 2 2
left_child=1 -1 -3 -4 -5 7 13 11 10 -8 -9 12 -6 -7
right_child=-2 2 3 4 5 6 9 8 -10 -11 -12 -13 -14 -15
leaf_value=0.00010975695921083447 -0.0043204396263924749 -0.0011238044718100062 -0.0035326065744087313 -0.0012685709446773955 0.0015520354174829347 0.0061433611554956528 -0.0008551064964247596 0.0010094868029235672 -0.0018529355287595776 0.0038346800406801294 0.011303122251998445 0.00081340851619288342 0.017604649266110953 0.0072455884258524521
leaf_weight=164434 1433 25550 1607 2514 100 108 171 54 209 64 117 5904 66 130
leaf_count=164434 1433 25550 1607 2514 100 108 171 54 209 64 117 5904 66 130
internal_value=-6.44656e-06 1.32301e-05 -0.000477271 0.000857607 0.00147825 0.00248594 0.0118737 0.00178018 0.00923077 0.00397959 0.0223481 0.00129934 0.0123295 0.0191935
internal_weight=202461 201028 36594 11044 9437 6923 473 6450 380 235 171 6070 166 238
internal_count=202461 201028 36594 11044 9437 6923 473 6450 380 235 171 6070 166 238
is_linear=0
shrinkage=0.05


Tree=375
num_leaves=15
num_cat=0
split_feature=38 47 40 41 38 40 56 43 19 8 10 57 40 52
split_gain=4.59833 5.20667 4.44849 5.68239 10.4399 6.52183 4.83162 8.79412 4.42395 6.06924 6.01539 5.47358 14.1305 13.2195
threshold=1.0000000180025095e-35 12.415004253387453 995.04998779296886 12.500000000000002 8.9499998092651385 995.25000000000011 72.299999237060561 152.50000000000003 282.65000915527349 29.150000572204593 80.458332061767592 228.73333740234378 991.85000610351574 0.056951373815536506
decision_type=2 2 2 2 2 2 2 10 2 2 2 2 2 2
left_child=1 -1 8 -4 -5 -6 -7 -8 11 10 -10 -2 -13 -14
right_child=2 -3 3 4 5 6 7 -9 9 -11 -12 12 13 -15
leaf_value=-0.010181096460245479 -6.6228766447393037e-05 0.0067824364210930261 -0.00047376809435447975 0.00088944484552054039 0.015247955680983258 0.00035188365535460277 0.0012476692499633069 0.0078588590251121269 0.0081092693308376079 -0.0020465641587065824 0.00061153369853476046 -5.0380693908622066e-05 0.0052793001366136204 0.0022996452154944113
leaf_weight=1309 190303 95 1781 1268 51 188 239 161 122 4778 603 1041 136 244
leaf_count=1309 190303 95 1781 1268 51 188 239 161 122 4778 603 1041 136 244
internal_value=-7.23833e-05 -0.00291372 -5.23839e-05 0.00166576 0.00355503 0.0087134 0.00695652 0.01 -8.45949e-05 -0.00148105 0.0027551 -4.44378e-05 0.00303634 0.0111538
internal_weight=202319 1404 200915 3688 1907 639 588 400 197227 5503 725 191724 1421 380
internal_count=202319 1404 200915 3688 1907 639 588 400 197227 5503 725 191724 1421 380
is_linear=0
shrinkage=0.05


Tree=376
num_leaves=15
num_cat=0
split_feature=38 52 52 23 38 50 26 16 15 56 55 50 57 13
split_gain=4.80179 4.55758 20.7207 28.275 29.4735 16.414 12.8515 10.0305 8.40366 8.11048 11.3627 31.0187 11.4413 11.16
threshold=1.0000000180025095e-35 -0.97876849770545948 -0.96689236164093006 0.49500000476837164 22.849999427795414 -0.7865660786628722 0.69264769554138195 21.150000572204593 100.90000152587892 79.500000000000014 2.5000000000000004 0.12940952181816109 61.916667938232429 67.844047546386733
decision_type=2 2 2 2 2 2 2 2 2 2 2 2 2 2
left_child=-1 9 3 7 5 -5 -7 -3 -9 -2 11 -11 -12 -13
right_child=1 2 -4 4 -6 6 -8 8 -10 10 12 13 -14 -15
leaf_value=-0.0077665748101901494 -0.00171481452748747 0.010620296821917763 -5.8968273945247551e-05 0.0016496920727081307 0.00013928416256279324 0.005680528063607207 0.012808262467013776 -0.0073095381666681688 0.0027230808434119719 -0.00071130716286619882 0.0042087985376578303 0.0057404647089212141 -0.0020106332854107497 0.010832829830889217
leaf_weight=1384 11172 262 183491 296 815 560 366 1264 138 620 124 180 1736 155
leaf_count=1384 11172 262 183491 296 815 560 366 1264 138 620 124 180 1736 155
internal_value=-6.69647e-05 -4.66986e-05 1.83747e-05 0.00371733 0.00765266 0.0125325 0.0157799 -0.00111709 -0.00280453 -0.000916983 0.00147787 0.00588083 -0.00080214 0.0178985
internal_weight=202563 201179 187192 3701 2037 1222 926 1664 1402 13987 2815 955 1860 335
internal_count=202563 201179 187192 3701 2037 1222 926 1664 1402 13987 2815 955 1860 335
is_linear=0
shrinkage=0.05


Tree=377
num_leaves=15
num_cat=0
split_feature=33 13 13 11 26 52 13 33 57 47 33 52 54 44
split_gain=4.23374 6.50974 9.80684 17.7369 9.97376 10.8427 8.85211 6.58975 6.40363 6.18361 5.10324 11.5966 13.1714 12.0589
threshold=15.34999990463257 43.320833206176765 53.816070556640632 56.310417175292976 0.67141839861869823 -0.54939359426498402 52.369941711425788 35.600000381469734 35.183334350585945 7.0620951652526864 2.4500000476837163 0.97696486115455639 3.5000000000000004 3.5998052358627324
decision_type=2 2 2 2 2 2 2 2 2 2 2 2 2 2
left_child=10 -2 3 4 5 -3 -7 -6 -4 -9 -1 -12 13 -13
right_child=1 2 8 -5 7 6 -8 9 -10 -11 11 12 -14 -15
leaf_value=-8.478306600562305e-05 -0.0060971229650378655 0.0047047017828335431 0.0035633050874151356 0.0084194502465718968 -0.0025327889621054728 -0.0011946329423528042 0.0049117577804864004 -0.0028943998766259599 -0.0036343452497391692 0.0097022491750135016 0.00043956702701142513 0.0084711213806093876 0.00070046534417123637 0.0009175963951092176
leaf_weight=170575 2360 294 233 110 1892 610 180 120 2502 165 21281 494 1064 284
leaf_count=170575 2360 294 233 110 1892 610 180 120 2502 165 21281 494 1064 284
internal_value=-3.64549e-05 -0.00113025 -0.000266515 0.00153653 0.000839192 0.00473492 0.001625 -0.0011134 -0.00248634 0.00584746 1.14077e-05 0.000708294 0.00450324 0.00940355
internal_weight=202164 8466 6106 3371 3261 1084 790 2177 2735 285 193698 23123 1842 778
internal_count=202164 8466 6106 3371 3261 1084 790 2177 2735 285 193698 23123 1842 778
is_linear=0
shrinkage=0.05


Tree=378
num_leaves=15
num_cat=0
split_feature=14 19 47 43 26 2 56 40 34 4 23 19 25 15
split_gain=4.50952 4.6554 9.01812 7.92224 7.03939 7.55846 6.10412 7.32838 9.71391 5.03417 5.58041 6.31435 4.74345 9.38447
threshold=5.0966436862945566 186.94999694824222 6.8739564418792733 2672.5000000000005 0.26936472952365881 52.95000076293946 259.34999084472662 991.85000610351574 -0.15000000223517415 195.80000305175784 1.6250000000000002 219.09999847412112 57.350000381469734 176.25000000000003
decision_type=2 2 2 10 2 2 2 2 2 2 2 2 2 2
left_child=-1 4 9 -4 5 -2 12 -8 -9 10 -3 -12 -6 -14
right_child=1 2 3 -5 6 -7 7 8 -10 -11 11 -13 13 -15
leaf_value=-0.0010643299394973488 0.0039335155812094168 0.00016305408368739424 -0.0031001700126557516 0.0073078348151236344 6.6404739484780671e-05 0.023920692051441816 0.00073373107701051737 -0.0015658081237614006 0.0064414662720461814 -0.0011038662272991723 0.0059059174593562398 0.0006801853478514817 0.001567624560522582 0.01118392628874066
leaf_weight=9689 615 12169 7195 81 167403 51 233 51 81 3927 143 262 447 121
leaf_count=9689 615 12169 7195 81 167403 51 233 51 81 3927 143 262 447 121
internal_value=-3.00785e-05 2.28476e-05 -0.000632069 -0.00209717 0.00011502 0.0052071 9.45659e-05 0.00646667 0.0154225 1.48374e-05 0.000503019 0.00620482 8.03353e-05 0.00460207
internal_weight=202468 192779 23777 7276 169002 666 168336 365 132 16501 12574 405 167971 568
internal_count=202468 192779 23777 7276 169002 666 168336 365 132 16501 12574 405 167971 568
is_linear=0
shrinkage=0.05


Tree=379
num_leaves=15
num_cat=0
split_feature=0 54 13 28 52 16 26 41 40 40 31 23 45 57
split_gain=4.69338 7.16266 8.21212 7.90919 6.98753 5.72465 5.3437 6.24364 9.23098 5.49696 8.67684 7.28434 7.90854 6.6764
threshold=35.250000000000007 8.5000000000000018 37.939880371093757 88.500000000000014 0.99628883600234996 35.100000381469734 0.98899802565574657 9.5000000000000018 978.54998779296886 987.14999389648449 6.1654975414276132 0.21499999612569812 -5.0715339183807364 37.849998474121101
decision_type=2 2 2 2 2 2 2 2 2 2 2 2 2 2
left_child=1 5 -3 -4 -2 6 9 8 -8 -1 -11 12 13 -12
right_child=4 2 3 -5 -6 -7 7 -9 -10 10 11 -13 -14 -15
leaf_value=0.00039011460918164783 -0.00014645781917919094 -0.0068908543665975102 -0.00067557929140480951 0.0039758197586246893 -0.0036829710460552778 0.013038833702739797 0.0096732565280298593 0.0013981899704157421 0.0071680439630265325 0.00079062394127856091 0.0020195053067170567 0.002628180243245628 0.0022111155168896245 0.0088652502692010554
leaf_weight=30670 155579 2167 5804 780 2371 72 88 394 208 3009 58 715 344 176
leaf_count=30670 155579 2167 5804 780 2371 72 88 394 208 3009 58 715 344 176
internal_value=-6.31048e-05 0.000390492 -0.000890881 -1.06169e-05 -0.000190872 0.000704453 0.000673917 0.005 0.0103595 0.000587158 0.00225881 0.00566769 0.00979592 0.0167213
internal_weight=202435 44485 8751 6584 157950 35734 35662 690 296 34972 4302 1293 578 234
internal_count=202435 44485 8751 6584 157950 35734 35662 690 296 34972 4302 1293 578 234
is_linear=0
shrinkage=0.05


Tree=380
num_leaves=15
num_cat=0
split_feature=56 36 47 44 46 43 26 19 26 46 47 52 56 42
split_gain=4.29543 9.22034 5.61158 6.49236 7.45689 10.2998 5.1649 3.99953 4.22544 7.19127 8.41022 7.64017 10.5441 7.24058
threshold=259.34999084472662 11.84999990463257 2.7741338014602666 1.7884265184402468 1.8499999642372134 47.500000000000007 0.69953638315200817 390.70001220703131 0.28404404222965246 2.4500000476837163 5.8677172660827646 0.89017060399055492 25.150000572204593 13.84999990463257
decision_type=2 2 2 2 2 10 2 2 2 2 2 2 2 2
left_child=7 2 -2 -4 5 6 -5 8 9 10 -1 12 -12 -13
right_child=1 -3 3 4 -6 -7 -8 -9 -10 -11 11 13 -14 -15
leaf_value=-0.0062381524915544979 0.0086255167016680394 -0.0076514499268377544 -0.00049570209801005959 0.0050801900650912883 0.0060882487698485652 -0.0077045227686937615 0.00084053001404981722 -0.0048163818465223555 -6.5968981389848607e-05 -0.0015478596599020858 0.017303494019612696 -0.0037001108925276793 0.0049431232792755001 0.015219733240582756
leaf_weight=375 87 339 420 115 117 187 84 1337 196388 1079 111 502 998 58
leaf_count=375 87 339 420 115 117 187 84 1337 196388 1079 111 502 998 58
internal_value=-3.85013e-05 0.00276306 0.00514706 0.00389603 0.00767056 0.00409091 0.0117464 -5.74547e-05 -3.91199e-05 0.00178264 0.00351996 0.00503573 0.0074218 0.000263157
internal_weight=202197 1349 1010 923 503 386 199 200848 199511 3123 2044 1669 1109 560
internal_count=202197 1349 1010 923 503 386 199 200848 199511 3123 2044 1669 1109 560
is_linear=0
shrinkage=0.05


Tree=381
num_leaves=15
num_cat=0
split_feature=38 47 18 7 5 29 22 7 8 13 0 47 56 52
split_gain=4.11642 6.90917 4.11483 4.80689 5.72547 4.93891 5.08902 5.6059 4.08994 7.4485 3.98068 6.81389 6.34495 9.75203
threshold=1.0000000180025095e-35 12.415004253387453 -30.150000572204586 41.250000000000007 41.95000076293946 21.94999980926514 3695.5000000000005 211.6499938964844 44.149999618530281 55.98839187622071 139.00000000000003 6.6006944179534921 71.599998474121108 -0.87812310457229603
decision_type=2 2 2 2 2 2 2 2 2 2 2 2 2 2
left_child=1 -1 3 4 -2 6 7 -5 -6 -10 -4 12 -12 -14
right_child=2 -3 10 5 8 -7 -8 -9 9 -11 11 -13 13 -15
leaf_value=-0.0096566350972538718 0.00011616063731165201 0.0067419976924973316 -4.417299924011344e-05 0.00034259781997310503 0.0036360607862405479 0.0065957307571828444 0.002089400083683145 -0.0030738818493785762 0.018380153602018157 0.0041211526933332202 -0.0063010850401869021 -0.0043092622536672317 0.0068259998487346296 -0.00014869847826352308
leaf_weight=1284 683 97 162079 17358 538 104 1538 1319 72 116 1111 3251 333 12729
leaf_count=1284 683 97 162079 17358 538 104 1538 1319 72 116 1111 3251 333 12729
internal_value=-6.07547e-05 -0.00277139 -4.20155e-05 0.00060769 0.00342142 0.000410988 0.000352286 0.000123882 0.00648098 0.0126768 -0.000120689 -0.000838592 -0.00036417 -5.43158e-05
internal_weight=202612 1381 201231 21728 1409 20319 20215 18677 726 188 179503 17424 14173 13062
internal_count=202612 1381 201231 21728 1409 20319 20215 18677 726 188 179503 17424 14173 13062
is_linear=0
shrinkage=0.05


Tree=382
num_leaves=15
num_cat=0
split_feature=43 54 36 54 42 41 24 47 38 12 42 57 23 13
split_gain=4.21869 8.40183 9.58105 14.7488 13.4388 12.0531 9.15338 9.03194 11.6354 14.9916 13.1136 9.86993 8.58664 8.31735
threshold=767.50000000000011 9.5000000000000018 33.350000381469734 8.5000000000000018 19.550000190734867 10.500000000000002 35.500000000000007 6.5768542289733896 15.34999990463257 49.220138549804695 7.6499998569488534 42.049999237060554 0.42499999701976782 51.110416412353523
decision_type=10 2 2 2 2 2 2 2 2 2 2 2 2 2
left_child=-1 2 -2 4 5 -4 -6 8 -3 -10 11 13 -12 -11
right_child=1 7 3 -5 6 -7 -8 -9 9 10 12 -13 -14 -15
leaf_value=4.6477764220711794e-05 -0.0023890825894014875 0.00013570331375697237 -0.0013788924020986736 -0.0043526667301853721 0.002279235981907218 0.0013196107509592476 0.01850704410238024 -0.001238633028645901 -0.0048197764770666791 0.00018082070225561298 0.0038515075904772822 0.0017040177685980287 0.0063404133432267973 0.0055743515149333433
leaf_weight=166148 14526 1971 5484 2746 81 8117 57 2283 298 90 69 807 164 208
leaf_count=166148 14526 1971 5484 2746 81 8117 57 2283 298 90 69 807 164 208
internal_value=-5.98114e-05 -0.000543335 -0.000872152 -4.69851e-05 0.000622226 0.000458819 0.0156081 0.00118644 0.00274122 0.00584447 0.00809347 0.00571749 0.0186626 0.0133442
internal_weight=203049 36901 31011 16485 13739 13601 138 5890 3607 1636 1338 1105 233 298
internal_count=203049 36901 31011 16485 13739 13601 138 5890 3607 1636 1338 1105 233 298
is_linear=0
shrinkage=0.05


Tree=383
num_leaves=15
num_cat=0
split_feature=43 40 42 54 47 52 13 47 16 40 52 16 52 13
split_gain=4.13501 12.0715 13.547 12.3352 8.91865 11.4767 30.7622 19.2956 9.27584 10.271 7.20228 17.6483 16.029 16.7304
threshold=917.50000000000011 977.04998779296886 19.550000190734867 9.5000000000000018 6.0263092517852792 -0.92274349927902211 67.844047546386733 5.4478566646575937 37.549999237060554 983.75000000000011 -0.082689788192510591 17.44999980926514 -0.18492533266544339 37.368154525756843
decision_type=10 2 2 2 2 2 2 2 2 2 2 2 2 2
left_child=-1 2 10 -3 5 8 7 -7 -5 -10 12 -12 -2 -14
right_child=1 3 -4 4 -6 6 -8 -9 9 -11 11 -13 13 -15
leaf_value=5.4625003864031097e-05 0.00072712987528521461 -0.0021047550007601374 0.015369489840308429 -0.0028954750190215055 -0.00086506634353050575 0.0076914761854056275 0.0012333155624582078 0.00051846256791625701 0.0059838131143624979 -0.0016830319183647941 0.020902311701576713 -0.0015372926518845971 0.0083392775196336078 0.0042787184772710976
leaf_weight=171742 4612 17169 92 723 2227 237 830 105 56 60 123 4353 57 443
leaf_count=171742 4612 17169 92 723 2227 237 830 105 56 60 123 4353 57 443
internal_value=-4.13887e-05 -0.000571921 0.000892672 -0.0012343 0.00117938 0.00358486 0.00675973 0.0191477 -0.000877504 0.0116667 0.000699103 -0.000764602 0.00197969 0.0103922
internal_weight=202829 31087 9680 21407 4238 2011 1172 342 839 116 9588 4476 5112 500
internal_count=202829 31087 9680 21407 4238 2011 1172 342 839 116 9588 4476 5112 500
is_linear=0
shrinkage=0.05


Tree=384
num_leaves=15
num_cat=0
split_feature=54 24 46 11 44 52 23 53 57 44 53 38 57 26
split_gain=4.68302 14.5141 9.43595 12.1131 13.505 11.0767 13.5007 13.9002 19.9733 11.7019 14.8072 13.3515 13.7405 11.3454
threshold=8.5000000000000018 27.500000000000004 17.44999980926514 72.42291641235353 -7.0062232017517081 -0.77245554327964772 0.46500000357627874 0.39629089832305914 32.283332824707038 2.3206776380538945 -0.26037105917930597 12.550000190734865 154.3666687011719 0.76659828424453746
decision_type=2 2 2 2 2 2 2 2 2 2 2 2 2 2
left_child=-1 2 5 -4 -5 6 7 -2 -9 11 -11 12 -8 -10
right_child=1 -3 3 4 -6 -7 9 8 13 10 -12 -13 -14 -15
leaf_value=0.00011013786088586689 -0.0014234474910593978 -0.0029057400814847621 -0.0078280365148631053 0.0052665459035319507 -0.0020647415225903344 -0.00072131924807244225 0.0028922573936290214 0.0066868134311328922 0.0026157863028977808 -0.0022122437553448769 0.0039245914923458211 0.00038325329640679783 0.012397349470195152 -0.0031849861360658642
leaf_weight=132844 9990 8028 2717 70 101 27495 314 119 1754 1132 3734 12830 51 936
leaf_count=132844 9990 8028 2717 70 101 27495 314 119 1754 1132 3734 12830 51 936
internal_value=-5.65256e-05 -0.000389791 -0.000127587 -0.00291235 0.00964088 1.07073e-05 0.000660835 -0.000581233 0.0025204 0.00154087 0.00363413 0.000766754 0.0100667 0.00159259
internal_weight=202115 69271 61243 2888 171 58355 30860 12799 2809 18061 4866 13195 365 2690
internal_count=202115 69271 61243 2888 171 58355 30860 12799 2809 18061 4866 13195 365 2690
is_linear=0
shrinkage=0.05


Tree=385
num_leaves=15
num_cat=0
split_feature=27 12 10 56 46 8 16 16 29 0 46 53 16 38
split_gain=4.69905 5.97818 5.83125 6.95133 5.04397 5.01922 4.9256 11.3579 9.09317 7.95866 10.2339 7.19329 7.12493 6.76371
threshold=6.7500000000000009 153.35903167724612 194.841667175293 259.34999084472662 0.75000000000000011 59.45000076293946 88.599998474121108 98.40000152587892 1.4499999880790713 92.799999237060561 1.0000000180025095e-35 0.96633976697921764 35.549999237060554 7.5499999523162851
decision_type=2 2 2 2 2 2 2 2 2 2 2 2 2 2
left_child=1 4 3 6 -1 -4 9 8 -8 -2 11 13 -13 -11
right_child=2 -3 5 -5 -6 -7 7 -9 -10 10 -12 12 -14 -15
leaf_value=0.0027897623887987045 6.6435115395427124e-05 8.6705383101889338e-06 0.0018309209642196089 0.0035220809979505637 -0.0023899705323611339 -0.0021585916406745885 0.0067887787622259712 -7.5513436810005084e-05 0.0022392627207623817 -0.0042415495003416846 -0.0028760698333210877 0.003560343332324134 0.00060385646663513586 -0.00011755420228104083
leaf_weight=1333 155970 2389 239 479 318 4091 87 4529 2139 2708 10855 280 3704 13161
leaf_count=1333 155970 2389 239 479 318 4091 87 4529 2139 2708 10855 280 3704 13161
internal_value=-1.93297e-05 0.00166667 -5.37711e-05 -1.32024e-05 0.0039705 -0.00186636 -2.82524e-05 0.00129712 0.00421288 -7.62782e-05 -0.000811903 -0.000136687 0.00176014 -0.000613705
internal_weight=202282 4040 198242 193912 1651 4330 193433 6755 2226 186678 30708 19853 3984 15869
internal_count=202282 4040 198242 193912 1651 4330 193433 6755 2226 186678 30708 19853 3984 15869
is_linear=0
shrinkage=0.05


Tree=386
num_leaves=15
num_cat=0
split_feature=47 52 43 23 17 17 0 43 35 43 47 56 53 4
split_gain=4.82493 7.14201 6.87321 11.9721 10.9192 9.1746 6.68221 12.5065 6.65594 6.5537 6.18906 6.54286 6.01637 8.48638
threshold=4.0419089794158944 0.98932364583015453 52.500000000000007 0.2650000005960465 -23.349999427795407 23.349999427795414 125.05000305175783 32.500000000000007 62.500000000000007 102.50000000000001 6.0061383247375497 123.65000152587892 0.64414587616920482 31.44999980926514
decision_type=2 2 10 2 2 2 2 8 2 10 2 2 2 2
left_child=1 2 5 4 8 -1 -2 -8 -4 -3 11 -9 -6 -14
right_child=6 9 3 -5 12 -7 7 10 -10 -11 -12 -13 13 -15
leaf_value=-0.0008466878438553641 -4.3864876271771431e-05 0.0088327489303977672 0.0041978037377746391 0.00053792316109844496 -0.0043888303142134285 0.00097986209909233023 0.0012663506945885805 -0.0026860280569015876 0.010195775045604557 -0.0037945826758626353 -0.0041727411555723378 0.0002166391606223664 0.0065150173561365687 0.0026457524615188595
leaf_weight=7240 163515 108 157 8755 369 3590 3161 2920 142 57 6077 5088 89 1027
leaf_count=7240 163515 108 157 8755 369 3590 3161 2920 142 57 6077 5088 89 1027
internal_value=-5.37567e-05 0.000653545 0.000570886 0.00147929 0.00520067 -0.000313654 -0.000138049 -0.00107383 0.0137702 0.0107143 -0.0017116 -0.000796958 0.00339465 0.00521314
internal_weight=202295 21534 21369 10539 1784 10830 180761 17246 299 165 14085 8008 1485 1116
internal_count=202295 21534 21369 10539 1784 10830 180761 17246 299 165 14085 8008 1485 1116
is_linear=0
shrinkage=0.05


Tree=387
num_leaves=15
num_cat=0
split_feature=38 44 51 46 12 52 12 52 21 43 56 47 0 56
split_gain=3.85456 8.7666 6.64074 6.77823 9.32196 11.75 6.57353 9.19169 8.1633 6.31406 10.0085 14.0129 10.1218 6.63538
threshold=25.650000572204593 0.69591933488845836 -0.37940952181816096 3.6499999761581425 63.096527099609382 -0.33425341546535486 40.999305725097663 -0.20180235803127286 68.500000000000014 1037.5000000000002 50.149999618530281 5.9472475051879892 40.800001144409187 84.40000152587892
decision_type=2 2 2 2 2 2 2 2 2 10 2 2 2 2
left_child=-1 2 3 4 -2 -6 7 -4 -9 13 12 -12 -11 -3
right_child=1 9 6 -5 5 -7 -8 8 -10 10 11 -13 -14 -15
leaf_value=-0.00011243927445986331 -0.00047220427126908466 0.0010759995229501606 0.0025356608404726155 -0.0024619001531529924 6.3172030060240563e-05 0.006913453881282821 0.00036659585509804461 0.0062787682185179473 0.00038622651127511115 0.0049135976850205451 -0.0008478533713273548 0.0099333382929787228 -0.00023693072730457821 0.0043728029734954434
leaf_weight=185282 1024 1444 1531 4099 221 177 7896 84 77 117 56 86 253 60
leaf_count=185282 1024 1444 1531 4099 221 177 7896 84 77 117 56 86 253 60
internal_value=-4.48838e-05 0.000672599 0.000258283 -0.00112186 0.00184357 0.00823529 0.00105334 0.00387191 0.014883 0.0037611 0.00850575 0.0193421 0.00394737 0.0021004
internal_weight=202407 17125 15109 5521 1422 398 9588 1692 161 2016 512 142 370 1504
internal_count=202407 17125 15109 5521 1422 398 9588 1692 161 2016 512 142 370 1504
is_linear=0
shrinkage=0.05


Tree=388
num_leaves=15
num_cat=0
split_feature=18 40 34 31 17 54 53 36 39 34 46 46 14 26
split_gain=3.88085 7.34751 7.5178 5.8963 5.06948 4.95556 5.6824 5.10784 13.3068 4.85749 6.361 9.62809 15.2428 8.34799
threshold=-29.349999427795407 974.45001220703136 2.8500000238418584 9.7471122741699237 -30.249999999999996 7.5000000000000009 -0.78324955701827992 34.049999237060554 1.0000000180025095e-35 0.45000000298023229 3.1499999761581425 1.4499999880790713 14.846211433410646 0.68025413155555736
decision_type=2 2 2 2 2 2 2 2 2 2 2 2 2 2
left_child=1 2 5 -3 -5 7 -7 -1 -9 -2 11 -11 13 -13
right_child=9 3 -4 4 -6 6 -8 8 -10 10 -12 12 -14 -15
leaf_value=-0.00053717584218177601 5.7676174167527509e-05 0.00016013417858666245 0.01700777851802673 0.015215151420799718 0.0021437927596741199 0.0075404394581747095 -0.0032589930732374686 0.0012100081210118935 0.017557932887807975 -0.00041951263780296873 -0.0013834068822904113 0.0037234685953524064 -0.0011353680293659514 -0.00052662674612754482
leaf_weight=980 106364 20585 118 54 346 91 57 480 64 47684 19112 2338 2875 843
leaf_count=980 106364 20585 118 54 346 91 57 480 64 47684 19112 2338 2875 843
internal_value=-6.93325e-05 0.000545314 0.00361111 0.000282209 0.00621951 0.00269917 0.0111392 0.00181225 0.00564982 -0.000147469 -0.00046197 -0.000183257 0.00169304 0.00407239
internal_weight=201991 22775 1790 20985 400 1672 148 1524 544 179216 72852 53740 6056 3181
internal_count=201991 22775 1790 20985 400 1672 148 1524 544 179216 72852 53740 6056 3181
is_linear=0
shrinkage=0.05


Tree=389
num_leaves=15
num_cat=0
split_feature=42 50 43 36 52 38 15 54 12 55 54 57 12 49
split_gain=3.88053 9.57659 8.50984 10.8851 11.7369 8.80014 7.54021 7.19322 7.76452 15.8653 7.05886 10.9381 12.5873 6.91663
threshold=5.4500000476837167 -0.6035533845424651 32.500000000000007 30.650000572204593 0.65233618021011364 26.050000190734867 76.000000000000014 10.500000000000002 55.181251525878913 2.5000000000000004 11.500000000000002 228.73333740234378 204.85555267333987 -27.499999999999996
decision_type=2 2 10 2 2 2 2 2 2 2 2 2 2 8
left_child=1 13 5 4 7 -3 -7 -4 9 -9 -2 -12 -13 -1
right_child=10 2 3 -5 -6 6 -8 8 -10 -11 11 12 -14 -15
leaf_value=-0.001608707717530723 -0.00015538664469616747 -0.00042560586884754503 0.0021968764048089003 -0.00046543602188096222 -0.00064844428585708711 0.0057723217497691647 -0.0066049818376621924 0.0094245036791402118 0.0001304138787921901 -0.0031359743922800133 -0.002212373549120729 0.0051769496172557822 -0.0039701099069917268 5.6726026524536337e-05
leaf_weight=9446 112976 17471 17533 9738 6584 118 61 170 7082 210 7476 150 115 13051
leaf_count=9446 112976 17471 17533 9738 6584 118 61 170 7082 210 7476 150 115 13051
internal_value=-7.05038e-05 0.000196135 0.000530969 0.000923487 0.00137405 -0.000387883 0.0103439 0.00186863 0.000567451 0.0074359 -0.000250442 -0.0017101 0.00809091 -0.000681345
internal_weight=202181 81464 58967 41317 31579 17650 179 24995 7462 380 120717 7741 265 22497
internal_count=202181 81464 58967 41317 31579 17650 179 24995 7462 380 120717 7741 265 22497
is_linear=0
shrinkage=0.05


Tree=390
num_leaves=15
num_cat=0
split_feature=49 51 50 47 26 13 49 44 44 42 12 40 40 55
split_gain=4.73962 7.04774 15.6176 7.75093 12.5478 9.45931 7.50251 11.1668 13.2184 8.18791 9.14289 11.5331 9.05223 8.66167
threshold=-22.499999999999996 0.12940952181816107 -1.0000000180025095e-35 4.4308259487152108 0.67814013361930858 60.547323226928718 802.50000000000011 -4.6794106960296622 6.8443169593811044 11.449999809265138 157.2527770996094 988.14999389648449 989.14999389648449 1.0000000180025095e-35
decision_type=8 2 2 2 2 2 8 2 2 2 2 2 2 2
left_child=-1 -2 6 4 5 -4 -3 -8 9 10 11 -9 -13 -14
right_child=1 2 3 -5 -6 -7 7 8 -10 -11 -12 12 13 -15
leaf_value=-0.00035909892834056823 -0.00012532480102988065 0.00094568634797601134 0.0092903479409049416 -0.00071658592778062104 0.00071600145841030924 0.002107855130536242 -0.00045725120265308256 0.0054792401233563458 0.0006839861784068077 -0.0016134391574777762 4.5259646636797014e-05 0.0095576325748547956 0.0071412531291702233 0.0032024400440349449
leaf_weight=77706 80964 15005 79 19697 3494 64 1260 1230 1298 312 375 56 161 528
leaf_count=77706 80964 15005 79 19697 3494 64 1260 1230 1298 312 375 56 161 528
internal_value=-4.39838e-05 0.000147229 0.000659986 -0.000221471 0.00189608 0.015915 0.00167655 0.00330784 0.00460957 0.00662051 0.00762712 0.00897985 0.0138742 0.0119528
internal_weight=202229 124523 43559 23334 3637 143 20225 5220 3960 2662 2350 1975 745 689
internal_count=202229 124523 43559 23334 3637 143 20225 5220 3960 2662 2350 1975 745 689
is_linear=0
shrinkage=0.05


Tree=391
num_leaves=15
num_cat=0
split_feature=3 56 52 44 26 52 54 44 52 38 23 11 22 13
split_gain=3.96798 6.2482 6.43315 8.17751 5.90027 13.2875 5.26646 7.67344 5.87865 7.36886 5.92546 9.06936 8.23149 7.33379
threshold=192.09999847412112 165.55000305175784 0.29342973232269293 8.6224002838134783 0.68932929635047924 0.19337368011474612 11.500000000000002 5.8001849651336679 1.0000000180025095e-35 7.8500001430511483 0.2650000005960465 145.37708282470706 1478.5000000000002 102.06488418579103
decision_type=2 2 2 2 2 2 2 2 2 2 2 2 2 2
left_child=1 6 3 4 5 -3 -1 8 10 -10 12 -12 -8 -14
right_child=-2 2 -4 -5 -6 -7 7 -9 9 -11 11 -13 13 -15
leaf_value=1.3691321697470317e-05 -0.00091029348001154912 0.0022885932705200345 -0.00081276902002779059 0.0066459339624888418 0.0010535847870907368 0.0053514249777753785 -0.0018915881868409572 -0.0062809935859076838 -0.0027745165909938124 0.0073722255990651755 -0.0026378421559418914 0.0017964695029184449 0.0041546603788286535 -0.0013936564208284355
leaf_weight=175622 6995 467 1606 77 5225 102 1670 2241 53 76 5407 1100 1282 702
leaf_count=175622 6995 467 1606 77 5225 102 1670 2241 53 76 5407 1100 1282 702
internal_value=-4.05914e-05 1.27667e-06 0.00141779 0.00218415 0.0019521 0.00674439 -5.50864e-05 -0.00104497 -0.000466021 0.0097482 -0.000605153 -0.00150913 0.00100437 0.00317452
internal_weight=202625 195630 7477 5871 5794 569 188153 12531 10290 129 10161 6507 3654 1984
internal_count=202625 195630 7477 5871 5794 569 188153 12531 10290 129 10161 6507 3654 1984
is_linear=0
shrinkage=0.05


Tree=392
num_leaves=15
num_cat=0
split_feature=38 55 45 47 37 18 30 26 9 1 12 40 44 34
split_gain=4.37754 4.39312 6.74191 9.79767 4.42129 3.48403 7.53745 5.47572 5.78189 9.9899 7.75496 6.34623 5.45356 5.41178
threshold=1.7500000000000002 2.5000000000000004 -3.5862329006195064 9.7438006401062029 65.500000000000014 -30.150000572204586 1907.5000000000002 0.70084869861602794 72.500000000000014 95.349998474121108 144.58055114746097 988.04998779296886 -4.6794106960296622 -3.1499999761581416
decision_type=2 2 2 2 2 2 10 2 2 2 2 2 2 2
left_child=1 2 -1 4 -4 6 7 13 9 -9 11 -11 -8 -2
right_child=5 -3 3 -5 -6 -7 12 8 -10 10 -12 -13 -14 -15
leaf_value=-0.0045110385009969741 -0.0027352653787900351 -0.012717365180978341 -0.0070709614724214333 0.009499699444621779 0.0066092399231397168 -9.9418743261997213e-05 0.023623620336582673 7.6634466212964717e-05 -0.0013509209469601397 0.0016811474827670291 0.0025086403929438007 0.0075440786882506024 0.0043644691074701597 0.0013351283227803056
leaf_weight=661 1187 1496 189 75 66 178165 55 2319 6079 59 297 99 84 11324
leaf_count=661 1187 1496 189 75 66 178165 55 2319 6079 59 297 99 84 11324
internal_value=-5.60198e-05 -0.00213657 0.000444554 0.00617647 0.00122641 -2.99995e-05 0.000571049 0.000492653 -0.00045865 0.0014296 0.00811828 0.0167262 0.0117785 0.00116564
internal_weight=202155 2487 991 330 255 199668 21503 21364 8853 2774 455 158 139 12511
internal_count=202155 2487 991 330 255 199668 21503 21364 8853 2774 455 158 139 12511
is_linear=0
shrinkage=0.05


Tree=393
num_leaves=15
num_cat=0
split_feature=0 20 23 22 13 33 36 21 9 0 2 43 17 17
split_gain=3.88176 5.14229 5.45435 6.37756 4.39115 5.77695 6.49583 3.9541 3.86028 3.80898 7.91211 7.21678 12.3061 7.60115
threshold=14.650000095367433 5.0499999523162851 0.14500000327825549 647.50000000000011 28.358036041259769 1.7500000000000002 25.650000572204593 190.50000000000003 13.650000095367433 61.600000381469734 98.599998474121108 67.500000000000014 23.349999427795414 32.149999618530281
decision_type=2 2 2 2 2 2 2 2 2 2 2 8 2 2
left_child=1 8 3 -3 5 -2 -7 -4 -1 10 -6 12 -11 -14
right_child=4 2 7 -5 9 6 -8 -9 -10 11 -12 -13 13 -15
leaf_value=0.0070331037833353122 -0.0043299773235164997 0.013982501961409278 0.0015629354196588061 -0.004030791773251963 0.00010324688267664784 0.0069263387057603466 -0.0045630963680599514 0.014173028654551374 -0.0032454931677268505 -0.00035523941516386073 0.0054076236584241575 -0.00059770596873681605 0.0028339472273704184 0.00077062798335111101
leaf_weight=114 3313 233 1780 87 108109 74 71 102 948 19755 321 55442 2137 9727
leaf_count=114 3313 233 1780 87 108109 74 71 102 948 19755 321 55442 2137 9727
internal_value=-7.96904e-05 0.00162798 0.00300181 0.00893939 -0.000107787 -0.0018714 0.00758064 0.00195032 -0.00122202 -7.6497e-05 0.000121264 -0.000322784 0.000279963 0.00155213
internal_weight=202213 3264 2202 320 198949 3458 145 1882 1062 195491 108430 87061 31619 11864
internal_count=202213 3264 2202 320 198949 3458 145 1882 1062 195491 108430 87061 31619 11864
is_linear=0
shrinkage=0.05


Tree=394
num_leaves=15
num_cat=0
split_feature=47 43 52 44 40 42 43 47 16 13 36 36 13 52
split_gain=3.80943 7.80458 9.05196 9.12892 8.98907 9.20443 10.6133 8.57585 7.30582 15.2215 10.9947 14.0807 13.6693 10.0074
threshold=4.0849528312683114 32.500000000000007 0.34235194325447088 7.9925148487091073 993.25000000000011 3.6499999761581425 81.250000000000014 3.617502093315125 32.300001144409187 58.726488113403327 29.050000190734867 33.149999618530281 66.302680969238295 -0.40614700317382807
decision_type=2 8 2 2 2 2 8 2 2 2 2 2 2 2
left_child=1 -1 3 8 -4 6 -6 -8 9 -3 -11 12 -12 -10
right_child=-2 2 4 -5 5 -7 7 -9 13 10 11 -13 -14 -15
leaf_value=-0.00065227945829383579 -0.000133845600309998 -0.0010968503187656921 0.0022425759057687418 0.011006437344645133 -0.00069809223983623105 0.0015966538658100727 0.012665788188570651 0.0079526602206550241 -0.0018150391304681971 0.002103988388953675 0.010073230063619423 -0.003465654287067901 0.0011420738096797705 0.00078634117580584587
leaf_weight=6355 180492 1459 1528 56 68 221 76 94 4548 1375 120 91 61 6271
leaf_count=6355 180492 1459 1528 56 68 221 76 94 4548 1375 120 91 61 6271
internal_value=-6.59447e-05 0.000550082 0.00113969 0.000689371 0.00428893 0.0103518 0.0169758 0.0233333 0.000601003 0.00273427 0.00601388 0.0150355 0.0227487 -1.33912e-05
internal_weight=202815 22323 15968 13981 1987 459 238 170 13925 3106 1647 272 181 10819
internal_count=202815 22323 15968 13981 1987 459 238 170 13925 3106 1647 272 181 10819
is_linear=0
shrinkage=0.05


Tree=395
num_leaves=15
num_cat=0
split_feature=18 31 0 16 30 49 28 53 53 47 37 31 54 38
split_gain=4.53672 4.71069 4.17525 5.67352 7.9491 5.12784 9.42904 9.28431 9.07073 8.69289 7.63227 8.66804 7.92463 8.95853
threshold=69.799999237060561 8.5480012893676776 15.84999990463257 14.050000190734865 17.500000000000004 -8.7499999999999982 58.500000000000007 0.65720760822296154 0.69521084427833568 7.1381385326385507 56.500000000000007 -5.8185212612152091 9.5000000000000018 15.34999990463257
decision_type=2 2 2 2 10 8 2 2 2 2 2 2 2 2
left_child=2 -2 -1 4 -4 -5 7 -7 -9 10 11 12 -8 -14
right_child=1 -3 3 5 -6 6 9 8 -10 -11 -12 -13 13 -15
leaf_value=0.0017622265668197916 -0.0015768751616011254 0.0096294243048472439 -0.0084301929110416427 -0.00025601313833972859 -0.00064719518765168666 0.00084607761462652696 0.00058224819755818905 0.0049974576739369491 0.0021709016520214527 -0.00079944370667339682 0.00059912582430896814 -0.001144649908634084 -0.00019132519142719089 0.0036390808343647186
leaf_weight=4300 4328 56 2063 77346 7800 26594 1724 357 2157 26518 36308 12375 189 262
leaf_count=4300 4328 56 2063 77346 7800 26594 1724 357 2157 26518 36308 12375 189 262
internal_value=-1.99382e-05 -0.00160901 1.53269e-05 -1.89219e-05 -0.00118657 4.37869e-05 0.00026884 0.00103578 0.00393423 -1.97722e-05 0.000362899 -0.000604397 0.00229977 0.00812364
internal_weight=202377 4384 197993 193693 9863 183830 106484 29108 2514 77376 50858 14550 2175 451
internal_count=202377 4384 197993 193693 9863 183830 106484 29108 2514 77376 50858 14550 2175 451
is_linear=0
shrinkage=0.05


Tree=396
num_leaves=15
num_cat=0
split_feature=48 51 49 38 43 31 53 12 57 56 47 26 40 26
split_gain=3.69246 6.84177 6.08888 5.44198 12.4648 8.74612 10.9015 6.38855 7.47379 6.86789 5.6862 7.59034 7.06967 6.66664
threshold=-3.4500000476837154 0.12940952181816107 -727.49999999999989 8.0500001907348651 897.50000000000011 6.1447556018829355 0.9543682634830476 95.01111221313478 42.283332824707038 49.549999237060554 3.2703415155410771 0.69730642437934887 990.95001220703136 0.98624244332313549
decision_type=2 2 10 2 8 2 2 2 2 2 2 2 2 2
left_child=2 3 -1 4 5 10 7 8 -7 -10 13 12 -12 -2
right_child=1 -3 -4 -5 -6 6 -8 -9 9 -11 11 -13 -14 -15
leaf_value=0.00018233691641122106 -0.00040528609294608907 0.00053776558318656691 -0.00096856029612584274 1.2408770301629781e-05 -0.0042427389640137458 7.8578340567658742e-05 -0.0050746692048391374 -0.0016766290528900018 0.0086137438829464175 0.0074628152899930316 0.0041606164978985512 -0.0029434391093991871 -0.0023783669865793519 0.0045316031083663874
leaf_weight=27473 352 56131 27696 77701 6667 138 277 124 155 234 914 3132 537 293
leaf_count=27473 352 56131 27696 77701 6667 138 277 124 155 234 914 3132 537 293
internal_value=-8.27532e-06 0.000122898 -0.00035693 -0.000146024 -0.0010999 0.000522217 0.00496802 0.00846445 0.0108287 0.0142982 -0.000274915 -0.00089593 0.00208419 0.00408397
internal_weight=201824 146655 55169 90524 12823 6156 928 651 527 389 5228 4583 1451 645
internal_count=201824 146655 55169 90524 12823 6156 928 651 527 389 5228 4583 1451 645
is_linear=0
shrinkage=0.05


Tree=397
num_leaves=15
num_cat=0
split_feature=19 43 9 45 11 52 32 49 54 38 32 9 54 55
split_gain=4.84664 5.46257 8.7356 5.46679 4.96133 6.68912 7.97748 5.76149 7.78089 9.51764 9.25442 7.18014 6.13668 6.01965
threshold=159.94999694824222 37.500000000000007 70.40000152587892 9.1768312454223651 143.15625000000003 0.35846313834190374 -0.32795535027980799 -8.7499999999999982 1.5000000000000002 12.650000095367433 -7.1107320785522452 275.20001220703131 11.500000000000002 1.0000000180025095e-35
decision_type=2 8 2 2 2 2 2 8 2 2 2 2 2 2
left_child=4 2 -2 -4 7 6 -6 12 9 10 -9 -10 -1 -12
right_child=1 -3 3 -5 5 -7 -8 8 11 -11 13 -13 -14 -15
leaf_value=-0.00017267584269336985 -0.0019133220762519493 -0.0007470849878463353 0.0010359125530823644 0.010150891241400584 0.00078497971766475531 -0.0057085346880995534 0.0041543445372344921 0.0051609308607708489 0.00022070504795796789 0.0077846564066496359 0.0035098214944193997 0.0039059349671366561 -0.0020075808371783845 0.00033736777936466665
leaf_weight=67839 1745 26978 4930 53 2270 473 1130 164 89233 52 405 106 5088 1918
leaf_count=67839 1745 26978 4930 53 2270 473 1130 164 89233 52 405 106 5088 1918
internal_value=-1.26992e-05 -0.000559973 0.00071386 0.00177949 9.66862e-05 0.00186325 0.00263929 5.50605e-05 0.00031843 0.00304237 0.00254906 0.000240684 -0.000276747 0.0017081
internal_weight=202384 33706 6728 4983 168678 3873 3400 164805 91878 2539 2487 89339 72927 2323
internal_count=202384 33706 6728 4983 168678 3873 3400 164805 91878 2539 2487 89339 72927 2323
is_linear=0
shrinkage=0.05


Tree=398
num_leaves=15
num_cat=0
split_feature=29 44 16 12 42 16 57 19 36 57 57 40 56 17
split_gain=4.06127 7.89742 5.01747 4.41754 9.36413 8.75724 7.36333 4.9889 8.82055 13.5339 4.57919 4.51068 5.34624 5.91545
threshold=3.1499999761581425 3.98511815071106 133.15000152587893 160.48402404785159 0.75000000000000011 86.850002288818374 196.45000457763675 363.69999694824224 21.44999980926514 85.483333587646499 121.85000228881837 986.35000610351574 161.35000610351565 53.95000076293946
decision_type=2 2 2 2 2 2 2 2 2 2 2 2 2 2
left_child=1 -1 -3 5 6 -2 -5 8 11 -10 -11 -7 -13 -14
right_child=3 2 -4 4 -6 7 -8 -9 9 10 -12 12 13 -15
leaf_value=-0.00016919060675458261 2.908817362297895e-05 -0.0032185889677812372 0.0018129985248847335 -0.0017276525007550157 -0.0013069411809940013 0.0038718281687410297 0.006862539864323833 -0.0055679660660440597 0.0061368661058270229 -8.4073396293091299e-05 0.0024770613065188741 -1.8645039613382096e-05 0.00099077349068951693 0.0035951054536160032
leaf_weight=24861 160960 5937 150 55 5925 64 69 241 85 237 321 2263 984 281
leaf_count=24861 160960 5937 150 55 5925 64 69 241 85 237 321 2263 984 281
internal_value=-5.56465e-05 -0.000582726 -0.00219534 3.95043e-05 -0.00128652 8.80638e-05 0.011791 0.00226705 0.00266784 0.00801684 0.00494718 0.00169073 0.00143019 0.00401961
internal_weight=202433 30948 6087 171485 6049 165436 124 4476 4235 643 558 3592 3528 1265
internal_count=202433 30948 6087 171485 6049 165436 124 4476 4235 643 558 3592 3528 1265
is_linear=0
shrinkage=0.05


Tree=399
num_leaves=15
num_cat=0
split_feature=44 15 1 56 47 40 40 40 40 53 55 56 53 54
split_gain=3.69306 5.48902 3.59308 3.84936 5.89349 5.35496 6.97921 3.41498 5.15516 5.80615 6.74958 6.37088 12.4095 16.2521
threshold=10.92292356491089 160.90000152587893 250.05000305175784 259.34999084472662 2.7741338014602666 991.85000610351574 993.04998779296886 969.25000000000011 971.35000610351574 -0.81427544355392445 1.0000000180025095e-35 73.450000762939467 -0.97874867916107167 6.5000000000000009
decision_type=2 2 2 2 2 2 2 2 2 2 2 2 2 2
left_child=2 -2 3 7 -5 -6 -7 -1 9 11 -11 -9 13 -13
right_child=1 -3 -4 4 5 6 -8 8 -10 10 -12 12 -14 -15
leaf_value=-0.0021371521784509669 -0.0031678708089803937 0.015946679434765843 -0.0020103993680923114 0.0077756666240244889 -0.00058524378487727553 0.0049539419051642074 0.0003886776421881234 0.00042128487330746184 -1.5022275158356964e-06 0.010292415781299059 0.00034715385609320663 0.0012762234376618078 7.943230652713799e-05 0.0092331909019670848
leaf_weight=1250 2653 61 1683 70 568 109 156 2720 191938 54 70 122 342 112
leaf_count=1250 2653 61 1683 70 568 109 156 2720 191938 54 70 122 342 112
internal_value=-1.43139e-05 -0.00184288 1.06914e-05 3.035e-05 0.00326944 0.00199881 0.00772727 1.53077e-05 3.20409e-05 0.00195335 0.0121642 0.00153357 0.0062628 0.014877
internal_weight=201908 2714 199194 197511 903 833 265 196608 195358 3420 124 3296 576 234
internal_count=201908 2714 199194 197511 903 833 265 196608 195358 3420 124 3296 576 234
is_linear=0
shrinkage=0.05


Tree=400
num_leaves=15
num_cat=0
split_feature=24 24 10 29 24 22 10 56 53 15 24 13 12 43
split_gain=4.30723 4.36339 8.51938 3.95022 5.88256 4.37184 4.09118 5.41647 5.96468 10.3513 8.97878 8.28488 7.77772 11.4763
threshold=556.50000000000011 504.50000000000006 86.666667938232436 3.7500000000000004 349.50000000000006 515.50000000000011 215.57499694824222 115.15000152587892 0.47369650006294256 176.25000000000003 3.5000000000000004 111.7497024536133 149.84027099609378 12.500000000000002
decision_type=2 2 2 2 2 2 2 2 2 2 2 2 2 8
left_child=1 3 -3 4 -1 -6 7 -5 9 10 -9 -10 -13 -14
right_child=-2 2 -4 6 5 -7 -8 8 11 -11 -12 12 13 -15
leaf_value=-0.00042785476174787796 -0.004209715674684175 0.0085786802985078538 -0.010863414522945269 1.8478220551312275e-05 0.0070449966834550118 -0.0013604290924092905 -0.002734264313502364 0.0069296215238125475 -0.00080113245168060988 0.008063160004226402 0.00079297607475775742 0.0018565634895456326 0.0052403411029501232 -5.8024542533068721e-05
leaf_weight=42129 1295 169 108 139690 94 55 1557 225 5935 321 1910 3451 170 5284
leaf_count=42129 1295 169 108 139690 94 55 1557 225 5935 321 1910 3451 170 5284
internal_value=-2.94721e-05 -1.08909e-05 0.00614982 -1.96944e-05 -0.000449065 0.00915094 9.48251e-05 0.000120193 0.000954581 0.00323195 0.00194639 0.000575756 0.00153954 0.000362371
internal_weight=202393 201098 277 200821 42278 149 158543 156986 17296 2456 2135 14840 8905 5454
internal_count=202393 201098 277 200821 42278 149 158543 156986 17296 2456 2135 14840 8905 5454
is_linear=0
shrinkage=0.05


Tree=401
num_leaves=15
num_cat=0
split_feature=52 52 44 12 23 46 55 46 51 44 52 57 44 12
split_gain=4.12454 16.9835 28.1553 16.2737 14.7909 13.858 12.7657 10.4452 13.2973 9.87696 8.16496 10.9114 14.4177 9.58824
threshold=-0.97876849770545948 -0.96689236164093006 3.0402570962905888 50.813194274902351 0.50499999523162853 17.050000190734867 1.5000000000000002 5.2500000000000009 0.37940952181816107 -2.4918224811553951 -0.99467751383781422 94.850002288818374 3.2611886262893681 39.125000000000007
decision_type=2 2 2 2 2 2 2 2 2 2 2 2 2 2
left_child=10 2 4 6 -2 7 -4 -6 -9 -10 11 13 -13 -1
right_child=1 -3 3 -5 5 -7 -8 8 9 -11 -12 12 -14 -15
leaf_value=0.0030027552905000942 -0.0048544496075703996 -4.0260535971262995e-05 0.0041926631137367137 0.0023048289260412828 0.0023833794060870881 -0.005451985650020366 0.012949042179701001 0.0052469297100707513 0.0079344589943199494 0.0032855408381069311 -0.0025823455515960022 0.003454545079723636 0.0060370986960524634 -0.00093552122012182737
leaf_weight=962 1340 184645 199 315 683 404 315 216 88 53 7237 366 84 5299
leaf_count=962 1340 184645 199 315 683 404 315 216 88 53 7237 366 84 5299
internal_value=-3.32824e-05 2.82033e-05 0.00341844 0.0114482 0.000994988 0.00449106 0.0168511 0.00752381 0.014346 0.0257947 -0.000862589 0.000393541 0.00782609 -0.00015229
internal_weight=202206 188258 3613 829 2784 1444 514 1040 357 141 13948 6711 450 6261
internal_count=202206 188258 3613 829 2784 1444 514 1040 357 141 13948 6711 450 6261
is_linear=0
shrinkage=0.05


Tree=402
num_leaves=15
num_cat=0
split_feature=38 47 0 38 56 47 25 49 27 33 14 40 56 40
split_gain=4.00301 3.95687 3.75034 7.24732 6.558 7.00799 5.6902 4.38656 9.85883 7.33718 7.96994 9.58891 8.35798 12.8735
threshold=1.0000000180025095e-35 12.415004253387453 195.80000305175784 8.4499998092651385 204.19999694824222 3.2703415155410771 22.750000000000004 -8.7499999999999982 6.7500000000000009 0.35000000894069677 15.582276821136476 981.25000000000011 30.650000572204593 972.54998779296886
decision_type=2 2 2 2 2 2 2 10 2 2 2 2 2 2
left_child=1 -1 7 4 -4 6 -6 -2 -9 10 12 -12 13 -10
right_child=2 -3 3 -5 5 -7 -8 8 9 -11 11 -13 -14 -15
leaf_value=-0.0087119711624172504 -0.00016265236623496705 0.0046776783175177918 -0.001280904583519156 -0.0028089251612249356 -0.0026048244029721222 0.0006280090966860729 0.0044380131042172097 0.0029005366369979678 0.01384609886085429 -0.00045817012298886289 -0.0015882414619149444 0.00047354457429784805 0.0016974687064524358 -0.0010262125130153673
leaf_weight=1269 106982 91 1504 3575 67 988 256 775 182 25096 8577 31095 15849 5674
leaf_count=1269 106982 91 1504 3575 67 988 256 775 182 25096 8577 31095 15849 5674
internal_value=-7.17977e-06 -0.00270073 1.12135e-05 -0.00117969 0.000716813 0.00328917 0.00956456 5.04519e-05 0.000313552 0.000262883 0.000557364 0.000135829 0.00132742 -0.000286397
internal_weight=201980 1360 200620 6390 2815 1311 323 194230 87248 86473 61377 39672 21705 5856
internal_count=201980 1360 200620 6390 2815 1311 323 194230 87248 86473 61377 39672 21705 5856
is_linear=0
shrinkage=0.05


Tree=403
num_leaves=15
num_cat=0
split_feature=17 4 56 27 25 46 53 7 53 47 46 50 13 53
split_gain=3.50678 5.96769 6.42761 6.42152 6.94156 5.47472 5.70139 5.43682 4.76984 12.7389 15.7284 16.2912 12.9957 9.55397
threshold=-29.349999427795407 81.40000152587892 115.15000152587892 12.34999990463257 19.750000000000004 1.0500000119209292 -0.90161547064781178 33.699998855590827 -0.48313741385936732 5.8262727260589608 14.050000190734865 -0.37940952181816096 44.902679443359382 -0.36648371815681452
decision_type=2 2 2 2 2 2 2 2 2 2 2 2 2 2
left_child=-1 3 -3 4 7 6 -4 -2 -5 10 -10 -12 -13 -11
right_child=1 2 5 8 -6 -7 -8 -9 9 13 11 12 -14 -15
leaf_value=0.00046720908601850444 0.0040429486460539293 -0.0012449680879657395 0.0034775526597064796 0.00029625714622578112 0.0025079560539215413 -0.0024806226074363452 0.00018600123426291721 5.7574597709942211e-05 0.0003436141847622282 -0.0042166220059164971 -0.00049431518574324842 -0.0018086688511313219 0.0081651973983963236 -0.00058112624942778469
leaf_weight=26783 273 18894 62 61327 1988 2710 14004 4318 21972 6129 328 112 352 43370
leaf_count=26783 273 18894 62 61327 1988 2710 14004 4318 21972 6129 328 112 352 43370
internal_value=-4.07647e-05 -0.000121952 -0.000699272 2.50026e-05 0.00154879 1.3105e-05 0.000409916 0.000477069 -5.01509e-05 -0.000325365 0.000653375 0.00753117 0.0134599 -0.000775517
internal_weight=202622 175839 35670 140169 6579 16776 14066 4591 133590 72263 22764 792 464 49499
internal_count=202622 175839 35670 140169 6579 16776 14066 4591 133590 72263 22764 792 464 49499
is_linear=0
shrinkage=0.05


Tree=404
num_leaves=15
num_cat=0
split_feature=44 15 26 52 52 38 55 45 51 38 42 16 37 7
split_gain=3.57923 7.7228 3.92499 7.73811 15.3588 24.7058 9.23726 9.49744 8.95887 9.93521 7.83314 10.5576 7.15519 7.1443
threshold=10.92292356491089 160.90000152587893 0.81488266587257396 0.5986820161342622 0.49812944233417517 10.949999809265138 3.5000000000000004 0.19632468372583392 -0.7865660786628722 8.6500000953674334 5.0499999523162851 63.699998855590827 90.500000000000014 47.049999237060554
decision_type=2 2 2 2 2 2 2 2 2 2 2 2 2 2
left_child=2 -2 12 4 13 8 -7 -8 9 -6 -10 -12 -1 -4
right_child=1 -3 3 -5 5 6 7 -9 10 -11 11 -13 -14 -15
leaf_value=0.00019001872912980763 -0.0032589732446062468 0.015092340272953475 0.00085447806458875924 -0.0022867243243923602 0.00080015624650511688 0.00092175223743937965 0.013677351907579467 0.0049143856366029581 -0.0021506512833453996 0.0084653482929880463 0.0046322294700536287 -0.006583934076080703 -0.00075259261642014979 -0.00065481413392891807
leaf_weight=130886 2676 63 9173 10539 193 69 104 73 840 131 358 241 18004 28870
leaf_count=130886 2676 63 9173 10539 193 69 104 73 840 131 358 241 18004 28870
internal_value=-9.79095e-05 -0.00188978 -7.32125e-05 -0.000453648 -0.00013629 0.00411342 0.0186328 0.0244118 0.00199379 0.00937126 0.000279502 0.00460591 5.60767e-05 -0.000361734
internal_weight=202220 2739 199481 50591 40052 2009 246 177 1763 324 1439 599 148890 38043
internal_count=202220 2739 199481 50591 40052 2009 246 177 1763 324 1439 599 148890 38043
is_linear=0
shrinkage=0.05


Tree=405
num_leaves=15
num_cat=0
split_feature=42 50 27 52 38 13 12 46 13 47 13 37 38 56
split_gain=3.85154 9.0664 7.94418 6.36656 13.1539 17.4319 16.8805 19.6121 16.0662 15.3679 15.3963 14.4807 17.641 11.9558
threshold=5.4500000476837167 -0.6035533845424651 34.750000000000007 -0.20180235803127286 16.94999980926514 48.810417175292976 54.727777481079109 3.3500000238418584 68.673812866210952 8.0170459747314471 42.290178298950202 73.500000000000014 19.550000190734867 92.549999237060561
decision_type=2 2 2 2 2 2 2 2 2 2 2 2 2 2
left_child=1 -1 -3 -2 -5 6 9 -8 -7 10 11 12 -6 -10
right_child=3 2 -4 4 5 8 7 -9 13 -11 -12 -13 -14 -15
leaf_value=-0.00050208744630809196 -0.00066423784583384592 0.00065258583857023583 -0.0021105480631461808 -0.00027406577187287528 0.0062437139611600002 -0.0015124748878605494 0.012230571655742241 -0.004347315645926852 0.0051140845359579964 0.00016733780763418117 0.0012659568740452239 -0.0014529430955498765 0.013610459826470415 -0.003772512213530341
leaf_weight=22553 50430 55209 3848 54659 553 6940 440 201 1406 3224 1458 266 429 394
leaf_count=22553 50430 55209 3848 54659 553 6940 440 201 1406 3224 1458 266 429 394
internal_value=-4.03437e-05 0.000224821 0.000550475 -0.000220083 8.85956e-05 0.00138339 0.003327 0.0109754 -8.00012e-05 0.00248316 0.00525405 0.00930842 0.0120867 0.00411602
internal_weight=202010 81610 59057 120400 69970 15311 6571 641 8740 5930 2706 1248 982 1800
internal_count=202010 81610 59057 120400 69970 15311 6571 641 8740 5930 2706 1248 982 1800
is_linear=0
shrinkage=0.05


Tree=406
num_leaves=15
num_cat=0
split_feature=0 20 0 14 44 56 33 53 44 57 33 56 43 33
split_gain=4.10233 4.24434 4.58733 5.81848 3.88623 5.39611 3.92995 7.61408 10.9095 8.96081 5.14944 7.38152 6.3982 5.12826
threshold=14.650000095367433 5.0499999523162851 8.9000000953674334 9.1910796165466326 10.92292356491089 101.15000152587892 15.34999990463257 -0.75013810396194447 4.0344262123107919 46.516666412353523 29.349999427795414 48.45000076293946 107.50000000000001 2.4500000476837163
decision_type=2 2 2 2 2 2 2 2 2 2 2 2 10 2
left_child=1 -1 3 -3 6 -6 13 8 10 -10 -8 -12 -13 -2
right_child=4 2 -4 -5 5 -7 7 -9 9 -11 11 12 -14 -15
leaf_value=-0.0022329152466570245 -0.00010021090492523282 0.01545428782378443 0.0020539536948573733 0.0048806742251353381 -0.0032252070396624408 0.0060562967149851432 -0.0015895113379309632 -0.003369412147346167 -0.00071677618147349392 0.016328196293667805 0.00062684459497951226 0.01164284057787518 0.0011925251777027517 0.00080595056228487973
leaf_weight=1081 165654 130 1827 243 2647 79 2769 4028 98 120 874 82 106 22522
leaf_count=1081 165654 130 1827 243 2647 79 2769 4028 98 120 874 82 106 22522
internal_value=-6.60021e-05 0.0016849 0.00294118 0.00792428 -9.49562e-05 -0.00196638 -6.88629e-05 -0.00114814 0.000383098 0.0110088 -0.000248634 0.00269589 0.0114141 -2.2479e-05
internal_weight=202260 3281 2200 373 198979 2726 196253 8077 4049 218 3831 1062 188 188176
internal_count=202260 3281 2200 373 198979 2726 196253 8077 4049 218 3831 1062 188 188176
is_linear=0
shrinkage=0.05


Tree=407
num_leaves=15
num_cat=0
split_feature=54 13 24 52 11 23 53 36 16 44 50 47 40 12
split_gain=3.5789 21.4748 13.9628 14.5797 12.8694 12.4664 14.8797 17.3869 17.4639 13.3887 11.7057 12.8374 12.0654 22.814
threshold=8.5000000000000018 37.939880371093757 27.500000000000004 -0.77245554327964772 145.37708282470706 0.36500000953674322 0.39629089832305914 26.250000000000004 29.44999980926514 3.2334194183349614 -0.6035533845424651 7.9647474288940439 981.14999389648449 43.815277099609382
decision_type=2 2 2 2 2 2 2 2 2 2 2 2 2 2
left_child=-1 -2 3 5 -5 6 -3 -8 -9 -7 -11 12 -12 -14
right_child=1 2 -4 4 -6 9 7 8 -10 10 11 -13 13 -15
leaf_value=0.00012639878442969761 -0.0059849169290031078 -0.0022490287258947919 -0.0025405613746664695 -0.0012563068669376302 0.00092382556264039356 0.00072490121214989012 0.00018321060508279843 0.0061440937746803839 0.0018296319931873297 0.00057755280739282713 0.0014039998001202406 -0.0010501286989524205 0.013171078269173131 0.0047557596980680947
leaf_weight=133459 4340 5961 7744 21585 5803 16891 1409 203 273 1715 719 638 247 1499
leaf_count=133459 4340 5961 7744 21585 5803 16891 1409 203 273 1715 719 638 247 1499
internal_value=-3.12611e-05 -0.000323523 -9.48278e-05 0.000176197 -0.000654794 0.000946219 -0.000761203 0.00310026 0.0112551 0.00156338 0.00388567 0.00571314 0.00734343 0.00957859
internal_weight=202486 69027 64687 56943 27388 29555 7846 1885 476 21709 4818 3103 2465 1746
internal_count=202486 69027 64687 56943 27388 29555 7846 1885 476 21709 4818 3103 2465 1746
is_linear=0
shrinkage=0.05


Tree=408
num_leaves=15
num_cat=0
split_feature=50 43 55 43 43 46 53 41 52 52 47 55 36 55
split_gain=3.3686 6.15598 5.52413 6.21781 4.14567 10.0775 10.6786 8.16028 10.9825 9.52548 11.1403 9.33955 17.3429 12.9227
threshold=0.98296290636062633 262.50000000000006 4.5000000000000009 337.50000000000006 337.50000000000006 0.55000001192092907 -0.61915585398674 76.500000000000014 0.022575936280190948 0.75014290213584911 6.8277351856231698 3.5000000000000004 33.45000076293946 1.5000000000000002
decision_type=2 10 2 10 10 2 2 2 2 2 2 2 2 2
left_child=4 -2 -3 -4 -1 -6 7 8 11 -10 -11 12 -7 -14
right_child=1 2 3 -5 5 6 -8 -9 9 10 -12 -13 13 -15
leaf_value=0.00012016053760697974 -0.0016842205468763833 0.0009293279138480507 0.007336941739503753 0.0051031317866709267 0.00025374276929739472 0.00047903288101306432 -0.0026289736353224511 -0.0019767959832508761 -0.0027062060561217601 -0.0058628735956661503 0.0083326008571366541 -0.00042824146599731701 0.0016752446809877742 0.004993692989691767
leaf_weight=132578 7850 432 51 91 29756 3077 13747 5066 3538 122 174 3432 1021 1035
leaf_count=132578 7850 432 51 91 29756 3077 13747 5066 3538 122 174 3432 1021 1035
internal_value=-7.35233e-05 -0.0010517 0.00390411 0.0121053 -3.08966e-05 -0.000372103 -0.000999617 -0.000178828 0.000512127 -0.00170916 0.0067647 0.00150729 0.00285534 0.00639884
internal_weight=201970 8424 574 142 193546 60968 31212 17465 12399 3834 296 8565 5133 2056
internal_count=201970 8424 574 142 193546 60968 31212 17465 12399 3834 296 8565 5133 2056
is_linear=0
shrinkage=0.05


Tree=409
num_leaves=15
num_cat=0
split_feature=26 47 37 16 53 53 40 56 47 32 47 13 37 30
split_gain=4.15571 7.5885 7.69605 9.55427 8.8511 8.59068 8.54411 12.3945 10.5724 7.39341 7.14041 7.59563 11.3662 12.6699
threshold=0.9352884590625764 11.900694370269777 91.500000000000014 75.099998474121108 0.97263759374618541 0.99024581909179699 989.25000000000011 102.09999847412111 4.1276819705963144 -6.7851507663726798 4.3622796535491952 148.13273620605472 76.500000000000014 2657.5000000000005
decision_type=2 2 2 2 2 2 2 2 2 2 2 2 2 8
left_child=10 2 3 4 -2 6 -6 -8 -9 -4 11 12 -1 -14
right_child=1 -3 9 -5 5 -7 7 8 -10 -11 -12 -13 13 -15
leaf_value=0.00031605848696142705 -0.00078454510395319522 0.0084765390082393623 0.0065416811721240309 -0.0045631881861932606 -0.00072426451784695441 -0.00010805284026309589 0.0014095253355867852 0.004932417986409688 0.0039162444893210699 0.00071154655747835988 -2.9760386820718617e-05 -0.00085875325337266971 0.0020472895647203767 0.0084016445531609335
leaf_weight=4894 22943 55 102 4225 315 1510 388 299 122 6264 155700 1851 3488 67
leaf_count=4894 22943 55 102 4225 315 1510 388 299 122 6264 155700 1851 3488 67
internal_value=-4.65564e-05 -0.000531699 -0.000562221 -0.000899303 -0.000534843 0.00220499 0.00549383 0.00818681 0.0140255 0.00101474 5.93326e-05 0.00133366 0.00196891 0.00411641
internal_weight=202223 36223 36168 29802 25577 2634 1124 809 421 6366 166000 10300 8449 3555
internal_count=202223 36223 36168 29802 25577 2634 1124 809 421 6366 166000 10300 8449 3555
is_linear=0
shrinkage=0.05


Tree=410
num_leaves=15
num_cat=0
split_feature=0 37 5 49 57 53 54 24 13 53 36 16 16 38
split_gain=4.11798 7.15352 5.97041 5.08244 6.98765 17.3547 7.75622 9.56038 15.9018 11.3588 13.431 11.0857 9.80361 7.95504
threshold=139.00000000000003 70.500000000000014 167.85000610351565 -8.7499999999999982 32.916667938232429 -0.81427544355392445 2.5000000000000004 4.5000000000000009 111.7497024536133 0.60383266210556041 15.449999809265138 41.850000381469734 28.550000190734867 8.7500000000000018
decision_type=2 2 2 10 2 2 2 2 2 2 2 2 2 2
left_child=2 -2 3 -1 5 -5 7 8 9 -6 -11 12 -12 -13
right_child=1 -3 -4 4 6 -7 -8 -9 -10 10 11 13 -14 -15
leaf_value=-0.00021784434296218355 -0.0025843583161604504 -5.0006813238465978e-05 0.0013648119424477028 0.0028993670178756557 -0.0054369870586744896 -0.0018089134816285308 0.00033093962618905366 -0.00015037555005719471 -0.00080206111705760457 0.0015963822273716997 0.0060083763124616218 7.2375184853879922e-05 0.0074358531166944008 0.0026379603371530762
leaf_weight=99357 5962 14313 4792 2115 255 13832 55842 2710 1246 948 332 330 380 198
leaf_count=99357 5962 14313 4792 2115 255 13832 55842 2710 1246 948 332 330 380 198
internal_value=-1.55967e-05 -0.000691399 5.9583e-05 1.25301e-05 0.000314073 -0.000619479 0.000553323 0.00220081 0.00385374 0.00619038 0.00735214 0.01076 0.0148061 0.00513011
internal_weight=202612 20275 182337 177545 78188 15947 62241 6399 3689 2443 2188 1240 712 528
internal_count=202612 20275 182337 177545 78188 15947 62241 6399 3689 2443 2188 1240 712 528
is_linear=0
shrinkage=0.05


Tree=411
num_leaves=15
num_cat=0
split_feature=35 34 0 13 13 8 6 47 56 36 12 46 47 9
split_gain=4.2511 5.16508 5.83078 4.43997 6.36218 4.20994 6.23115 4.26601 3.8483 7.29701 7.27615 6.38168 4.54768 6.08429
threshold=67.500000000000014 2.0499999523162846 24.94999980926514 66.959526062011733 71.19077301025392 63.699998855590827 76.250000000000014 3.4111893177032475 248.19999694824222 12.650000095367433 204.85555267333987 1.8499999642372134 2.6121747493743901 93.500000000000014
decision_type=2 2 2 2 2 2 2 2 2 2 2 2 2 2
left_child=8 2 3 -2 -5 7 -7 -4 -1 10 11 12 -10 -14
right_child=1 -3 5 4 -6 6 -8 -9 9 -11 -12 -13 13 -15
leaf_value=-0.00015507287524763107 0.0028636546060490427 -0.0012104021862106035 0.0027295779316637266 0.017672357380482392 0.0026998817517841812 0.0021488717164331898 0.00014391843652452721 -0.00019791282418347381 0.0083372946528977917 -0.0090362605577822292 -0.00062248030950208771 0.0049181078022033815 0.0043304044304520025 -0.00051577120223067756
leaf_weight=158854 2911 4670 569 75 103 6227 9309 18251 51 294 419 123 206 353
leaf_count=158854 2911 4670 569 75 103 6227 9309 18251 51 294 419 123 206 353
internal_value=-2.38372e-05 0.000423144 0.000618741 0.00269603 0.0101596 0.000431239 0.00104014 -7.16953e-05 -0.00014129 0.00241758 0.00420826 0.00718035 0.00491935 0.00343585
internal_weight=202415 42115 37445 3089 178 34356 15536 18820 160300 1446 1152 733 610 559
internal_count=202415 42115 37445 3089 178 34356 15536 18820 160300 1446 1152 733 610 559
is_linear=0
shrinkage=0.05


Tree=412
num_leaves=15
num_cat=0
split_feature=19 16 56 40 34 29 30 23 26 8 30 52 25 36
split_gain=4.92879 5.00698 4.72402 7.28662 5.83137 4.79922 6.50528 6.54644 4.89407 5.83264 5.34091 4.58128 4.40475 4.89437
threshold=186.94999694824222 12.949999809265138 259.34999084472662 991.85000610351574 1.0000000180025095e-35 9.9499998092651385 77.500000000000014 0.15500000119209292 0.69827711582183849 50.350000381469734 47.500000000000007 0.80417552590370189 57.350000381469734 15.250000000000002
decision_type=2 2 2 2 2 2 8 2 2 2 10 2 2 2
left_child=2 -2 5 -4 -5 12 8 -8 10 -10 -7 -3 -1 -14
right_child=1 11 3 4 -6 6 7 -9 9 -11 -12 -13 13 -15
leaf_value=-0.00013123927256612419 0.0085393585465312945 -0.0004692361672463023 -0.0001335595928454499 0.0003319694107423164 0.0058162279592170333 -0.00056862502506706335 0.0035113241573725695 0.00021850714033009572 -0.0057207706693971037 0.0062011336603618981 0.0044353011307241702 -0.006405168279588775 0.012308380505253465 0.002322191229511036
leaf_weight=145144 151 22353 229 52 86 844 962 29496 84 209 840 1325 65 441
leaf_count=145144 151 22353 229 52 86 844 962 29496 84 209 840 1325 65 441
internal_value=-7.12105e-05 -0.000746467 1.89944e-05 0.00561008 0.0142568 7.15791e-06 0.000557095 0.000376131 0.00332914 0.00919142 0.00226092 -0.000805894 -0.000115338 0.00449612
internal_weight=202281 23829 178452 367 138 178085 32435 30458 1977 293 1684 23678 145650 506
internal_count=202281 23829 178452 367 138 178085 32435 30458 1977 293 1684 23678 145650 506
is_linear=0
shrinkage=0.05


Tree=413
num_leaves=15
num_cat=0
split_feature=49 33 46 52 53 53 57 41 26 25 44 12 57 37
split_gain=3.69629 5.16757 9.36058 10.2872 9.49895 16.0523 16.565 8.57495 11.8999 8.35416 7.31534 6.97864 9.58835 6.76811
threshold=-27.499999999999996 0.15000000223517421 6.0499999523162851 0.9970000982284547 -0.99465739727020253 -0.99864786863327015 48.95000076293946 86.500000000000014 0.66406756639480602 30.050000190734867 5.7384941577911386 153.35903167724612 191.93333435058597 66.500000000000014
decision_type=8 2 2 2 2 2 2 2 2 2 2 2 2 2
left_child=-1 2 3 4 5 -2 -7 10 9 -9 -6 12 -10 -3
right_child=1 13 -4 -5 7 6 -8 8 11 -11 -12 -13 -14 -15
leaf_value=-0.00033225036018095171 -0.0034878946434925111 -0.0010220397192627858 -0.0015217279060700203 -0.0047123854421740807 0.00042834961713462331 0.0079999413733778269 0.0023805790300327288 0.0035856686601462573 0.0011718066163967521 0.0059035908064008396 -0.0011137089039925565 -0.00077227271485969234 0.0040098109340417545 0.00032926841323240654
leaf_weight=75633 312 19170 8397 1616 51590 191 247 2762 9272 51 12446 3300 83 17350
leaf_count=75633 312 19170 8397 1616 51590 191 247 2762 9272 51 12446 3300 83 17350
internal_value=-5.607e-05 0.000108952 0.000311983 0.000475084 0.000554793 0.00611842 0.0121875 0.000501546 0.00155769 0.00449345 0.000246228 0.000902091 0.00159904 -0.000392829
internal_weight=202420 126787 90267 81870 80254 750 438 79504 15468 2813 64036 12655 9355 36520
internal_count=202420 126787 90267 81870 80254 750 438 79504 15468 2813 64036 12655 9355 36520
is_linear=0
shrinkage=0.05


Tree=414
num_leaves=15
num_cat=0
split_feature=34 12 18 27 12 12 57 54 41 28 13 38 56 9
split_gain=3.6477 6.45473 6.08611 9.6341 6.65385 7.3294 5.00776 12.9654 7.02209 4.82196 6.06318 6.95759 7.96856 6.31852
threshold=0.45000000298023229 204.85555267333987 -29.349999427795407 40.149999618530281 49.503471374511726 45.85625076293946 228.73333740234378 10.500000000000002 1.5000000000000002 36.500000000000007 53.422618865966804 26.650000572204593 78.099998474121108 42.899999618530281
decision_type=2 2 2 2 2 2 2 2 2 2 2 2 2 2
left_child=1 6 3 4 5 -2 -1 -8 -9 -4 11 -11 -13 -12
right_child=2 -3 9 -5 -6 -7 7 8 -10 10 13 12 -14 -15
leaf_value=0.00015139314289759167 0.0019356067990906247 -0.0041597332090934427 0.00041544139011434546 0.020199944882076083 0.00028800171851220624 0.0077954432454844626 -0.00031625604116988348 0.0047997754398738813 0.00018317056362703236 -0.0015519413510437906 0.0013049118415092804 0.0016128928116949173 0.00893809603602733 -0.00038917979058153673
leaf_weight=118706 612 1235 15111 66 7922 195 439 158 75 26054 4769 832 63 26029
leaf_count=118706 612 1235 15111 66 7922 195 439 158 75 26054 4769 832 63 26029
internal_value=-2.68457e-05 0.000147856 -0.000284892 0.000956842 0.000801578 0.00509792 0.000185193 0.00445748 0.0137243 -0.000434897 -0.000642954 -0.00119051 0.00312155 -0.000163595
internal_weight=202266 120613 81653 8795 8729 807 119378 672 233 72858 57747 26949 895 30798
internal_count=202266 120613 81653 8795 8729 807 119378 672 233 72858 57747 26949 895 30798
is_linear=0
shrinkage=0.05


Tree=415
num_leaves=15
num_cat=0
split_feature=0 16 36 13 13 28 36 43 49 0 53 41 47 9
split_gain=3.58101 4.24198 6.31303 10.8562 7.39018 6.11804 5.8922 4.86733 4.79563 7.7846 8.86274 7.6269 10.4822 7.05128
threshold=24.94999980926514 17.550000190734867 38.350000381469734 47.016368865966804 38.677974700927741 30.500000000000004 41.149999618530281 2487.5000000000005 -22.499999999999996 87.65000152587892 0.2332836911082268 34.500000000000007 12.135879516601564 107.00000000000001
decision_type=2 2 2 2 2 2 2 10 10 2 2 2 2 2
left_child=-1 2 -2 4 5 7 8 -4 -3 -10 -11 13 -13 -12
right_child=1 6 3 -5 -6 -7 -8 -9 9 10 11 12 -14 -15
leaf_value=0.00066222484292422911 -0.0013792682164794567 -0.00026534201448450925 0.005829396806130949 0.019895031424976433 -0.009593716963950831 -0.0012403177050299479 -0.0052341034290252809 0.0167560582542929 0.00059344554100474194 -0.0025929421276751209 0.00025473098672460041 0.00090107493287600949 0.0050607624302562125 -0.0015198615775212946
leaf_weight=18148 14544 81065 134 53 266 155 1203 65 52137 6087 9826 8870 113 9619
leaf_count=18148 14544 81065 134 53 266 155 1203 65 52137 6087 9826 8870 113 9619
internal_value=-4.98047e-05 -0.00011586 -0.000915152 0.00378477 0.00174603 0.0064011 -4.38063e-05 0.0119856 -1.86923e-05 0.000239896 -0.000342507 2.84818e-05 0.00123262 -0.000528143
internal_weight=202285 184137 15217 673 620 354 168920 199 167717 86652 34515 28428 8983 19445
internal_count=202285 184137 15217 673 620 354 168920 199 167717 86652 34515 28428 8983 19445
is_linear=0
shrinkage=0.05


Tree=416
num_leaves=15
num_cat=0
split_feature=19 25 47 0 29 47 26 44 38 53 53 13 47 56
split_gain=3.79847 5.91346 5.4736 8.28709 7.34101 7.32431 6.83752 6.45216 7.44517 5.74334 10.2503 9.41298 10.4269 5.80629
threshold=163.19999694824222 43.649999618530281 5.7409462928771982 80.000000000000014 2.1499999761581425 6.7379655838012704 0.9352884590625764 1.8043935894966128 7.7500000000000009 -0.59177783131599415 -0.81427544355392445 53.816070556640632 8.0981650352478045 23.94999980926514
decision_type=2 2 2 2 2 2 2 2 2 2 2 2 2 2
left_child=1 -1 6 4 5 -4 -2 8 -8 10 13 12 -12 -6
right_child=2 -3 3 -5 9 -7 7 -9 -10 -11 11 -13 -14 -15
leaf_value=4.5396415124959864e-06 0.00052693418036118221 0.0021458649407222774 -0.0015951175004604496 -0.0019104397760606802 0.01734981362238441 0.0085213267487341243 0.001582479640477261 -0.0056588845867402877 -0.0014930604651417208 -0.0038802640332727873 0.0068514986346450736 0.00050762284660563282 -0.010357644790733337 -0.002068369096291552
leaf_weight=167847 9470 1962 63 13057 55 114 1097 2153 2579 1000 452 647 118 1480
leaf_count=167847 9470 1962 63 13057 55 114 1097 2153 2579 1000 452 647 118 1480
internal_value=-5.79911e-05 3.65377e-05 -0.000555041 -0.00117263 0.000839044 0.010508 0.000130968 -0.00121511 5.96841e-05 0.000356192 0.00153512 0.00494295 0.00956896 -0.00118123
internal_weight=202094 169809 32285 16986 3929 177 15299 5829 3676 3752 2752 1217 570 1535
internal_count=202094 169809 32285 16986 3929 177 15299 5829 3676 3752 2752 1217 570 1535
is_linear=0
shrinkage=0.05


Tree=417
num_leaves=15
num_cat=0
split_feature=45 12 36 56 52 56 12 40 26 15 36 47 37 34
split_gain=3.97622 6.88177 8.48925 8.0644 6.7614 7.95576 6.17716 14.6412 10.0857 7.72429 9.76928 7.50415 5.15256 4.97747
threshold=5.420717954635621 30.518750190734867 31.250000000000004 46.750000000000007 0.43733377754688268 20.050000190734867 62.750696182250984 987.35000610351574 0.39753843843936926 75.099998474121108 29.44999980926514 7.5006945133209237 9.5000000000000018 0.55000001192092907
decision_type=2 2 2 2 2 2 2 2 2 2 2 2 2 2
left_child=-1 2 4 12 -2 -6 7 8 9 -5 -11 -9 -3 -12
right_child=1 3 -4 6 5 -7 -8 11 -10 10 13 -13 -14 -15
leaf_value=-0.00010088648775788486 0.0014013631182189447 0.0072821817274744188 -0.00094350319730554749 0.0023802158809445081 -0.01659453291307196 0.0063976158028047903 1.4542817493706188e-05 0.0047963453635433279 0.0013098752538989269 0.0013240422491633613 0.01246110616149609 0.012816042942820419 -0.0011864668731648971 0.0044180551182720542
leaf_weight=183536 353 76 665 215 74 476 4797 81 4191 123 144 94 7267 73
leaf_count=183536 353 76 665 215 74 476 4797 81 4191 123 144 94 7267 73
internal_value=-4.63719e-05 0.000649444 0.00380862 0.000357037 0.00693866 0.0103571 0.0013014 0.00254411 0.00200168 0.00827434 0.0128571 0.0163514 -0.000892834 0.0190088
internal_weight=202165 18629 1568 17061 903 550 9718 4921 4746 555 340 175 7343 217
internal_count=202165 18629 1568 17061 903 550 9718 4921 4746 555 340 175 7343 217
is_linear=0
shrinkage=0.05


Tree=418
num_leaves=15
num_cat=0
split_feature=14 0 16 25 48 52 52 24 26 53 15 36 53 52
split_gain=3.99868 4.63417 6.69637 12.389 7.25371 5.69325 19.2832 14.9405 9.60731 14.436 16.7153 11.4564 9.11506 10.9093
threshold=5.0966436862945566 35.95000076293946 34.850000381469734 10.34999990463257 2.5499999523162846 0.65233618021011364 0.63920241594314586 127.50000000000001 0.69730642437934887 0.65720760822296154 135.75000000000003 25.150000572204593 0.47369650006294256 0.75014290213584911
decision_type=2 2 2 2 2 2 2 2 2 2 2 2 2 2
left_child=-1 2 -2 4 -4 6 -3 -8 9 12 11 -11 13 -7
right_child=1 5 3 -5 -6 8 7 -9 -10 10 -12 -13 -14 -15
leaf_value=-0.0010050435525707474 0.00051518721285472686 5.7702099691091202e-06 0.0047756738392150076 -0.0011616091635696694 0.012837931849653718 -0.0088637784206780715 0.0056744043197002854 0.026549377624377077 -0.0030158222552603281 0.0034093365038379122 -0.0052560446467020848 0.007146920827583063 -0.0038029076475973021 0.00045192552739811562
leaf_weight=9587 40125 120061 136 265 68 1847 659 66 9724 1134 461 84 3272 14791
leaf_count=9587 40125 120061 136 265 68 1847 659 66 9724 1134 461 84 3272 14791
internal_value=-2.34823e-05 2.61271e-05 0.000500688 0.00637787 0.0153271 -0.000100554 5.52159e-05 0.00812925 -0.000701243 -0.000113201 0.00432504 0.00737785 -0.000489459 -1.44173e-05
internal_weight=202280 192693 40594 469 204 152099 120786 725 31313 21589 1679 1218 19910 16638
internal_count=202280 192693 40594 469 204 152099 120786 725 31313 21589 1679 1218 19910 16638
is_linear=0
shrinkage=0.05


Tree=419
num_leaves=15
num_cat=0
split_feature=17 34 6 31 8 46 7 24 52 43 23 53 20 44
split_gain=4.76318 4.49863 4.8183 4.98136 6.15244 9.18507 6.0189 5.71074 6.34029 6.96392 8.2893 6.9792 5.59828 5.21649
threshold=-18.150000572204586 -3.0499999523162837 123.15000152587892 -2.0172131061553951 85.549999237060561 12.750000000000002 128.30000305175784 24.500000000000004 -0.7386675477027892 52.500000000000007 0.2650000005960465 0.98174098134040844 10.550000190734865 3.4404289722442631
decision_type=2 2 2 2 2 2 2 2 2 8 2 2 2 2
left_child=1 -1 3 4 6 12 -3 8 13 -10 -11 -12 -6 -5
right_child=-2 2 -4 7 5 -7 -8 -9 9 10 11 -13 -14 -15
leaf_value=-0.002192099026875742 -0.00016821103738494969 0.00092898853215469732 -0.0005361742846792378 0.0010238199901084445 0.0060413703488341785 0.0058024740253251154 0.0088284160356318486 -0.0016362066331442092 -0.0012801418182603842 0.0035565291061848015 -0.0004606178561752497 0.003359891282377125 0.0011065755594067627 0.004845823257673171
leaf_weight=1965 156897 10198 6776 3576 168 330 80 5164 4720 2232 6242 765 1797 975
leaf_count=1965 156897 10198 6776 3576 168 330 80 5164 4720 2232 6242 765 1797 975
internal_value=-5.659e-05 0.000396905 0.000503914 0.000732685 0.0015366 0.00387202 0.00101186 0.000305268 0.000715442 0.000186483 0.00098443 0.000137522 0.0025443 0.00233392
internal_weight=201885 44988 43023 36247 12573 2295 10278 23674 18510 13959 9239 7007 1965 4551
internal_count=201885 44988 43023 36247 12573 2295 10278 23674 18510 13959 9239 7007 1965 4551
is_linear=0
shrinkage=0.05


Tree=420
num_leaves=15
num_cat=0
split_feature=0 47 52 38 37 53 36 47 0 8 50 34 26 53
split_gain=3.92118 3.78048 12.0438 13.6148 11.9261 8.89774 19.8258 12.6404 7.77424 7.76774 7.55523 6.81282 6.63886 12.1778
threshold=273.80000305175787 4.8556349277496347 0.98049071431159984 12.34999990463257 58.500000000000007 0.36447542905807501 29.750000000000004 3.5673273801803593 97.450000762939467 39.549999237060554 -0.7865660786628722 -2.7499999999999996 0.8057118058204652 -0.48313741385936732
decision_type=2 2 2 2 2 2 2 2 2 2 2 2 2 2
left_child=1 2 4 -4 5 -1 8 -8 -7 -5 -9 -6 -3 -14
right_child=-2 12 3 9 11 6 7 10 -10 -11 -12 -13 13 -15
leaf_value=-0.0043229760298266889 -0.0046806177156179163 5.2446717330849979e-05 -0.0046089476303468532 0.0077224590319115386 0.0030724594724578762 0.0011119013412425602 0.0058091950564379434 0.011095355064593694 -0.0032172162707190632 0.0012314629980757991 -0.00045424829396774579 0.00050114520799240611 0.00092385944436668599 -0.0021639610042519506
leaf_weight=4133 877 138909 189 257 868 2713 78 69 2262 100 157 28456 7012 16626
leaf_count=4133 877 138909 189 257 868 2713 78 69 2262 100 157 28456 7012 16626
internal_value=8.23693e-06 2.2814e-05 0.000462943 0.00776978 0.000357971 -0.00118977 0.000171109 0.0123567 -0.000596792 0.0133924 0.00580508 0.000854979 -8.35719e-05 -0.000858002
internal_weight=202706 201829 39282 546 38736 9412 5279 304 4975 357 226 29324 162547 23638
internal_count=202706 201829 39282 546 38736 9412 5279 304 4975 357 226 29324 162547 23638
is_linear=0
shrinkage=0.05


Tree=421
num_leaves=15
num_cat=0
split_feature=43 33 52 25 52 42 24 40 26 52 13 55 54 57
split_gain=3.56922 6.33808 10.2121 8.58692 8.54381 9.18425 18.9045 7.69767 17.2603 15.4257 13.4307 11.442 20.8659 17.6076
threshold=387.50000000000006 0.35000000894069677 -0.92274349927902211 29.150000572204593 0.98667103052139293 19.750000000000004 26.500000000000004 980.64999389648449 0.72958466410636913 -0.8940606117248534 65.765178680419936 1.0000000180025095e-35 4.5000000000000009 51.416667938232429
decision_type=10 2 2 2 2 2 2 2 2 2 2 2 2 2
left_child=-1 2 -2 4 5 7 -7 -4 11 10 -10 12 -9 -14
right_child=1 -3 3 -5 -6 6 -8 8 9 -11 -12 -13 13 -15
leaf_value=8.2309018349809398e-05 -0.0018651035780081029 -0.0010991587058619685 -8.5942987603173176e-05 -0.0016715711690792785 -0.005680348781156243 -0.0026060247043140461 0.013630624977280979 0.00045674551709561372 0.0058809592307422784 -0.0012058561778562787 -0.00053029062556329506 0.0019942703989030489 0.010213965038864207 0.0028228514379064372
leaf_weight=145291 6013 19410 12377 4298 1792 240 184 462 76 4981 78 6631 209 279
leaf_count=145291 6013 19410 12377 4298 1792 240 184 462 76 4981 78 6631 209 279
internal_value=-4.3519e-05 -0.000378683 -1.19178e-09 0.000359457 0.000686517 0.00092118 0.00813364 0.000796119 0.00165959 -0.000578232 0.0145122 0.00317415 0.00828125 0.0153815
internal_weight=202321 57030 37620 31607 27309 25517 424 25093 12716 5135 154 7581 950 488
internal_count=202321 57030 37620 31607 27309 25517 424 25093 12716 5135 154 7581 950 488
is_linear=0
shrinkage=0.05


Tree=422
num_leaves=15
num_cat=0
split_feature=43 20 50 36 52 40 49 44 38 38 37 44 40 16
split_gain=4.42677 7.80018 6.50074 9.71804 7.76921 6.54953 5.87062 7.60893 5.90319 5.24325 5.05358 13.4386 7.45084 7.36455
threshold=452.50000000000006 91.450000762939467 0.78656607866287243 27.050000190734867 0.51297098398208629 978.14999389648449 -1.0000000180025095e-35 4.5930628776550302 21.150000572204593 25.650000572204593 70.500000000000014 4.5930628776550302 977.25000000000011 17.94999980926514
decision_type=10 2 2 2 2 2 10 2 2 2 2 2 2 2
left_child=6 2 10 -4 9 -6 -1 -8 -9 -5 12 -12 13 -2
right_child=1 -3 3 4 5 -7 7 8 -10 -11 11 -13 -14 -15
leaf_value=-0.00011046638071079166 0.0073191813335738961 -0.002343020085305539 -0.0048046246459873673 -0.00082742613293889018 0.013395344213838182 0.0017508258008189634 0.00077639371489695772 -0.0015842044223365725 0.0033429325633757899 0.0083775635826298985 -0.0027344184451923662 0.005601206128563534 -0.00054762349162277744 0.00051224364714342935
leaf_weight=103095 715 5416 338 262 111 62 38756 7328 589 163 5718 178 27920 11144
leaf_count=103095 715 5416 338 262 111 62 38756 7328 589 163 5718 178 27920 11144
internal_value=-3.4812e-05 -0.000432098 -0.000223184 0.00387949 0.00766447 0.0163115 0.000103218 0.000568407 -0.000843321 0.00385057 -0.000308089 -0.00167288 -0.000105432 0.000944055
internal_weight=201795 52027 46611 936 598 173 149768 46673 7917 425 45675 5896 39779 11859
internal_count=201795 52027 46611 936 598 173 149768 46673 7917 425 45675 5896 39779 11859
is_linear=0
shrinkage=0.05


Tree=423
num_leaves=15
num_cat=0
split_feature=54 13 12 26 47 46 56 36 50 41 13 43 45 26
split_gain=3.70552 19.8292 12.3446 13.2323 12.6598 21.2549 10.5965 11.3125 8.36434 11.3282 10.625 16.1267 7.27851 7.982
threshold=8.5000000000000018 37.939880371093757 55.181251525878913 0.59367191791534435 5.887965440750123 1.7500000000000002 69.700000762939467 23.250000000000004 -0.37940952181816096 19.500000000000004 55.98839187622071 957.50000000000011 -3.4458376169204707 0.9020332694053651
decision_type=2 2 2 2 2 2 2 2 2 2 2 10 2 2
left_child=-1 -2 4 -4 5 -3 -5 -8 9 -7 12 -12 13 -10
right_child=1 2 3 6 -6 8 7 -9 10 -11 11 -13 -14 -15
leaf_value=7.7907885402163585e-05 -0.0057477978783193511 0.00080724119284624179 -0.0047662480288010898 -0.0014277534906815509 -0.00028995603685420048 -1.8831496957751179e-06 -0.00020621046501447437 0.0015279573959480095 0.0041030954740521666 0.0064325927202938289 0.010188418565304114 -0.0026371285642163979 0.0020475426962532407 0.011921133358008755
leaf_weight=132747 4318 5751 3561 15026 7304 520 24717 6597 55 94 246 65 567 54
leaf_count=132747 4318 5751 3561 15026 7304 520 24717 6597 55 94 246 65 567 54
internal_value=-7.44437e-05 -0.000371998 -0.000152324 -0.000527039 0.001123 0.00258625 -0.000300972 0.000222831 0.00766294 0.00301282 0.0104965 0.018053 0.00680758 0.0181092
internal_weight=201622 68875 64557 49901 14656 7352 46340 31314 1601 614 987 311 676 109
internal_count=201622 68875 64557 49901 14656 7352 46340 31314 1601 614 987 311 676 109
is_linear=0
shrinkage=0.05


Tree=424
num_leaves=15
num_cat=0
split_feature=13 12 45 40 27 52 34 40 36 12 57 38 37 14
split_gain=3.66768 5.43253 11.1229 7.68317 7.65185 6.48162 5.86958 7.88878 5.52681 12.7428 5.8059 8.42194 10.5371 9.24189
threshold=28.358036041259769 30.518750190734867 5.962682008743287 990.35000610351574 29.44999980926514 0.46800856292247778 0.94999998807907116 981.04998779296886 36.45000076293946 23.331944465637211 33.750000000000007 6.9500000476837167 77.500000000000014 9.4991412162780779
decision_type=2 2 2 2 2 2 2 2 2 2 2 2 2 2
left_child=-1 2 3 8 5 -4 7 -7 10 -10 -2 -12 -13 -14
right_child=1 -3 4 -5 -6 6 -8 -9 9 -11 11 12 13 -15
leaf_value=-0.0023972764897526701 -0.00070467657103438254 -6.7508330983189496e-05 0.0017654557842500277 0.0082645653778005042 0.0010191762482735921 0.0091520148493352809 0.0037904865650242058 0.0052242179820495326 0.014695512955757882 0.0030125119269486834 0.011681472491790986 -0.001966096308762167 -0.00068254069357002707 0.0082615229629698552
leaf_weight=3979 6761 187610 229 50 630 110 119 165 54 965 178 1095 180 249
leaf_count=3979 6761 187610 229 50 630 110 119 165 54 965 178 1095 180 249
internal_value=-3.93818e-05 -9.19955e-06 0.00108152 0.00049675 0.00549089 0.00937599 0.0131931 0.0171053 0.00038348 0.00384354 -3.71781e-05 0.00256425 0.00132334 0.00787016
internal_weight=202374 198395 10785 9532 1253 623 394 275 9482 1019 8463 1702 1524 429
internal_count=202374 198395 10785 9532 1253 623 394 275 9482 1019 8463 1702 1524 429
is_linear=0
shrinkage=0.05


Tree=425
num_leaves=15
num_cat=0
split_feature=43 54 53 57 11 52 52 55 52 52 52 42 57 51
split_gain=4.35337 8.13276 7.47978 11.0877 12.8165 8.45112 17.0378 11.8001 8.037 7.84326 11.3585 8.0412 13.7057 7.95891
threshold=917.50000000000011 3.5000000000000004 0.38043944537639623 37.583332061767585 64.137500762939467 -0.62588816881179798 -0.56368473172187794 3.5000000000000004 -0.91597726941108693 -0.082689788192510591 -0.11692013591527937 19.550000190734867 35.183334350585945 -0.37940952181816096
decision_type=10 2 2 2 2 2 2 2 2 2 2 2 2 2
left_child=-1 -2 5 4 -4 -3 7 -7 -5 10 13 -11 -13 -8
right_child=1 2 3 8 -6 6 9 -9 -10 11 -12 12 -14 -15
leaf_value=7.168421592040753e-05 -0.0033979398368778491 -0.0014128835301221623 0.0032498294229333109 0.0088183467044583227 0.0048341737445674248 0.0063330304295574971 0.00025657106192707581 -0.0019029339860734071 0.0002655054379905552 -0.00085368359170075929 0.0078062319918829311 -0.00025480031995380554 0.013948902893573634 0.0050781219193046147
leaf_weight=171655 4594 9555 248 51 103 250 2420 122 1583 11199 125 169 80 394
leaf_count=171655 4594 9555 248 51 103 250 2420 122 1583 11199 125 169 80 394
internal_value=-1.72308e-05 -0.000563539 -0.000224069 0.0027193 0.010651 -0.000465385 0.000284717 0.0107068 0.000961069 7.98658e-06 0.00230756 -0.000583873 0.00812741 0.00162181
internal_weight=202548 30893 26299 1985 351 24314 14759 372 1634 14387 2939 11448 249 2814
internal_count=202548 30893 26299 1985 351 24314 14759 372 1634 14387 2939 11448 249 2814
is_linear=0
shrinkage=0.05


Tree=426
num_leaves=15
num_cat=0
split_feature=36 38 37 57 36 52 57 57 38 44 41 57 40 38
split_gain=3.15718 2.87193 3.55124 5.61756 3.49203 15.7929 24.999 12.3951 11.0777 6.96224 6.43728 6.04338 8.03245 7.82643
threshold=42.649999618530281 1.0000000180025095e-35 39.500000000000007 89.049999237060561 37.750000000000007 0.75014290213584911 36.516666412353523 13.316666603088381 11.449999809265138 1.1325666904449465 25.500000000000004 43.049999237060554 972.14999389648449 21.349999427795414
decision_type=2 2 2 2 2 2 2 2 2 2 2 2 2 2
left_child=1 2 -1 -4 -3 10 7 -7 -9 -8 11 12 -6 -14
right_child=-2 4 3 -5 5 6 9 8 -10 -11 -12 -13 13 -15
leaf_value=-0.013538718978315673 -0.0074794908327868032 -3.706519530738194e-05 0.010973047943667895 -0.001471758052610299 0.0034206193529489563 0.01266450164142726 0.011775441431796809 -0.0043231014433649925 0.010510776079656045 0.01420189303767197 0.0030824062386789531 -0.0064090164276711858 -0.0019313977805318799 0.0053960438380156453
leaf_weight=1162 741 194283 59 192 254 102 105 559 138 60 1314 1234 1775 100
leaf_count=1162 741 194283 59 192 254 102 105 559 138 60 1314 1234 1775 100
internal_value=-3.31056e-05 -2.10345e-05 -0.00225931 0.00304598 -5.10288e-06 0.00122014 0.00701232 0.00322002 0.000728429 0.0241429 1.3867e-05 -0.00114587 0.000469845 -0.000676394
internal_weight=202078 201337 1413 251 199924 5641 964 799 697 165 4677 3363 2129 1875
internal_count=202078 201337 1413 251 199924 5641 964 799 697 165 4677 3363 2129 1875
is_linear=0
shrinkage=0.05


Tree=427
num_leaves=15
num_cat=0
split_feature=19 13 53 52 57 13 51 9 26 33 16 56 40 40
split_gain=3.73189 5.55376 11.368 16.4048 16.1839 15.1318 13.243 12.3817 9.86501 13.5036 13.3256 9.82969 11.5485 9.05742
threshold=161.85000610351565 54.573513031005866 -0.97874867916107167 -0.099819734692573533 53.183334350585945 75.32053375244142 0.60355338454246532 44.049999237060554 0.5530785620212556 22.349999427795414 32.649999618530281 72.299999237060561 972.85000610351574 973.35000610351574
decision_type=2 2 2 2 2 2 2 2 2 2 2 2 2 2
left_child=1 8 3 4 -3 6 -6 13 9 -1 -11 -9 -13 -5
right_child=-2 2 -4 7 5 -7 -8 11 -10 10 -12 12 -14 -15
leaf_value=0.00067707364051967217 -0.00039392858925380416 0.013042479779263389 0.00021205174421132833 -0.001236262472716335 0.0044284381938138112 -0.0048880097320089348 0.0057768408426950961 -0.0033333929901403396 -0.00061442614220860758 -0.0037782046274821585 0.0057218903150394835 0.0072546494875947087 -0.0095319625509806116 0.0067235225291211037
leaf_weight=19780 32922 107 78304 249 247 228 116 1521 67086 121 236 209 168 494
leaf_count=19780 32922 107 78304 249 247 228 116 1521 67086 121 236 209 168 494
internal_value=-3.26576e-05 6.2293e-05 0.000358651 0.00321141 0.00997175 0.00648086 0.0126944 0.00139381 -0.000215115 0.000755198 0.0102589 -0.000754718 0.00636951 0.00681939
internal_weight=201788 168866 81643 3339 698 591 363 2641 87223 20137 357 1898 377 743
internal_count=201788 168866 81643 3339 698 591 363 2641 87223 20137 357 1898 377 743
is_linear=0
shrinkage=0.05


Tree=428
num_leaves=15
num_cat=0
split_feature=29 44 16 13 27 12 13 47 1 34 50 9 5 43
split_gain=3.39894 5.6807 4.22826 5.25263 3.65355 4.56764 6.68398 13.1311 9.36094 13.926 9.0263 8.87103 8.23934 6.00459
threshold=3.1499999761581425 3.98511815071106 86.850002288818374 154.8666687011719 6.7500000000000009 158.89028167724612 131.45327758789065 8.4914770126342791 115.40000152587892 -1.5500000119209287 0.37940952181816107 120.84999847412111 185.09999847412112 12.500000000000002
decision_type=2 2 2 2 2 2 2 2 2 2 2 2 2 8
left_child=1 -1 -3 -4 -2 6 -6 8 -8 12 -9 -11 -10 -7
right_child=4 2 3 -5 5 13 7 10 9 11 -12 -13 -14 -15
leaf_value=-0.00014381929038474907 0.0010454860483239499 -0.003150662644128457 0.003098045820103756 -0.0011357706303437947 9.9797353897170649e-06 0.0043966205312232802 -0.00046256665087617281 0.0060934474477987348 0.0062546072446976637 0.0033544161341600744 -0.0027131655245596197 0.00017780125792502585 0.00049317547495545571 -0.0014051686285737591
leaf_weight=24959 2651 5405 210 490 155910 131 3876 198 263 557 97 2038 156 5517
leaf_count=24959 2651 5405 210 490 155910 131 3876 198 263 557 97 2038 156 5517
internal_value=-2.95861e-05 -0.000510718 -0.00187653 0.00176056 5.76404e-05 2.86502e-05 7.70964e-05 0.00156706 0.00111594 0.00320106 0.0117213 0.00181382 0.0115501 -0.00136798
internal_weight=202458 31064 6105 700 171394 168743 163095 7185 6890 3014 295 2595 419 5648
internal_count=202458 31064 6105 700 171394 168743 163095 7185 6890 3014 295 2595 419 5648
is_linear=0
shrinkage=0.05


Tree=429
num_leaves=15
num_cat=0
split_feature=19 47 52 13 7 35 46 24 54 57 42 15 9 7
split_gain=3.54396 5.87519 5.54366 11.3966 7.98018 7.24347 9.14734 6.44193 4.85971 7.77918 14.3344 5.85878 5.22049 5.04908
threshold=161.85000610351565 9.0267133712768572 0.79383251070976268 47.889286041259773 37.199998855590827 62.500000000000007 2.8500000238418584 222.50000000000003 1.5000000000000002 65.583332061767592 5.3500001430511483 103.75000000000001 275.20001220703131 188.85000610351565
decision_type=2 2 2 2 2 2 2 2 2 2 2 2 2 2
left_child=8 2 3 4 -2 6 7 -6 9 10 -1 -12 13 -10
right_child=1 -3 -4 -5 5 -7 -8 -9 12 -11 11 -13 -14 -15
leaf_value=0.00020910930227908435 0.00052915719323836155 -0.0032916149745358444 -0.0045327187031516366 -0.00021532909117619637 0.0024590507141626912 0.0018330785927606124 -0.015874606631893697 0.013936049026883019 -6.335186805438455e-07 0.00046261534276509478 0.0062976042030349379 0.0032423988015767044 0.0035374273066577952 -0.0040330527911548895
leaf_weight=561 692 3412 1577 26677 79 235 63 176 160896 6401 156 205 120 1102
leaf_count=561 692 3412 1577 26677 79 235 63 176 160896 6401 156 205 120 1102
internal_value=-5.09495e-05 -0.000525654 -0.000298046 -0.000134614 0.00452191 0.00894316 0.01375 0.0178302 4.12792e-05 0.00130029 0.00556867 0.0131941 -1.56678e-05 -2.37037e-05
internal_weight=202352 32911 29499 27922 1245 553 318 255 169441 7323 922 361 162118 161998
internal_count=202352 32911 29499 27922 1245 553 318 255 169441 7323 922 361 162118 161998
is_linear=0
shrinkage=0.05


Tree=430
num_leaves=15
num_cat=0
split_feature=34 0 19 16 33 33 44 33 33 1 36 24 43 43
split_gain=3.42484 3.63494 4.86137 4.55129 4.89754 4.86526 4.74294 4.70084 9.52869 10.4429 6.91616 7.48707 7.57021 8.09774
threshold=3.1499999761581425 20.250000000000004 60.899999618530281 18.349999427795414 41.95000076293946 49.850000381469734 -18.91597747802734 9.1500000953674334 9.0500001907348651 58.149999618530281 25.94999980926514 4.5000000000000009 222.50000000000003 57.500000000000007
decision_type=2 2 2 2 2 2 2 2 2 2 2 2 8 10
left_child=1 2 -1 6 7 -6 -3 8 -5 -10 -9 -12 13 -13
right_child=-2 3 -4 4 5 -7 -8 10 9 -11 11 12 -14 -15
leaf_value=0.0010026721549236792 -0.0011879793414156336 0.011922495337334131 0.009927618908789404 4.871094016899127e-05 0.010745737209976935 0.00025524018649020073 -0.0010626886189243764 -0.0039034554410379558 0.001725657396270336 0.016640111765434454 -0.0043336208940267058 -0.0023276599923348559 -0.00073966999568323376 0.0048262033802801627
leaf_weight=8314 8367 79 65 154800 101 133 19755 3227 190 80 1808 730 3125 1531
leaf_count=8314 8367 79 65 154800 101 133 19755 3227 190 80 1808 730 3125 1531
internal_value=-7.08066e-05 -2.80499e-05 0.000989986 -7.40707e-05 1.16137e-05 0.00709016 -0.000789661 1.17705e-06 7.02851e-05 0.00928571 -0.00102627 -0.000162411 0.000772793 0.00297006
internal_weight=202305 193938 8379 185559 165725 234 19834 165491 155070 270 10421 7194 5386 2261
internal_count=202305 193938 8379 185559 165725 234 19834 165491 155070 270 10421 7194 5386 2261
is_linear=0
shrinkage=0.05


Tree=431
num_leaves=15
num_cat=0
split_feature=0 53 16 13 42 57 53 44 41 12 13 16 50 11
split_gain=3.97593 4.19461 7.14203 14.1648 7.95114 6.04858 7.4099 10.1379 7.29848 7.35244 6.96321 11.6972 14.6823 10.217
threshold=273.80000305175787 0.98174098134040844 35.649999618530281 140.28839111328128 4.5499999523162851 196.45000457763675 0.99024581909179699 -7.2001025676727286 13.500000000000002 162.86319732666018 133.59702301025393 115.60000228881837 0.37940952181816107 70.608333587646499
decision_type=2 2 2 2 2 2 2 2 2 2 2 2 2 2
left_child=1 -1 3 -3 -5 6 7 -4 -7 -10 13 -12 -13 -9
right_child=-2 2 5 4 -6 8 -8 10 9 -11 11 12 -14 -15
leaf_value=-0.00010223682838746084 -0.0043871635024153779 -0.002465360460105764 0.009536304763533069 0.0035991145588313333 0.0097382919201266724 0.0027076932464803831 -0.00057574420937069905 -0.0043763107415333768 0.0032596868968620416 -0.001065861264954699 -0.0032324022886112782 0.0059722125835727632 -0.00065306338388822053 0.0036172421893562591
leaf_weight=189568 887 216 61 180 110 1082 6443 268 173 1051 1051 154 167 586
leaf_count=189568 887 216 61 180 110 1082 6443 268 173 1051 1051 154 167 586
internal_value=-6.20535e-05 -4.72367e-05 0.000877769 0.00662791 0.0136667 0.000608364 5.71963e-06 0.00244449 0.00287996 0.000226903 0.00184257 -0.000369032 0.00783988 0.0053588
internal_weight=201997 201110 11542 506 290 11036 8730 2287 2306 1224 2226 1372 321 854
internal_count=201997 201110 11542 506 290 11036 8730 2287 2306 1224 2226 1372 321 854
is_linear=0
shrinkage=0.05


Tree=432
num_leaves=15
num_cat=0
split_feature=43 54 52 52 42 40 52 56 44 57 12 42 19 52
split_gain=3.71378 6.93154 8.53297 10.9593 8.94016 13.9355 7.9805 27.0013 12.4943 11.7322 13.1224 13.8753 7.4203 7.20377
threshold=722.50000000000011 9.5000000000000018 -0.63921129703521717 -0.082689788192510591 19.750000000000004 978.04998779296886 -0.11692013591527937 48.149999618530281 -2.136533141136169 35.750000000000007 34.197221755981452 3.1499999761581425 132.44999694824222 -0.56368473172187794
decision_type=10 2 2 2 2 2 2 2 2 2 2 2 2 2
left_child=-1 2 -2 6 -5 -6 8 -8 12 10 -10 -12 -4 -11
right_child=1 -3 3 4 5 -7 7 -9 9 13 11 -13 -14 -15
leaf_value=8.4305850390477288e-05 -0.0020562316552235429 0.00076006221164254869 -0.0023160579397179175 -0.0011104174791053737 0.013280528151631069 -0.00023534727428754286 -0.0056835494949712545 0.013933548855509273 -5.6366028897750365e-05 0.0042622760010130991 -0.00053020015388585478 0.0052971771631978703 0.0031402286370049472 0.0003473789246257846
leaf_weight=163848 8877 6466 1889 18439 106 229 143 116 170 336 76 231 445 1410
leaf_count=163848 8877 6466 1889 18439 106 229 143 116 170 336 76 231 445 1410
internal_value=-1.7285e-05 -0.000456181 -0.000753919 -0.000256357 -0.00080228 0.00717391 0.00186904 0.0102416 0.0013718 0.00404613 0.0109138 0.0169243 -0.00118174 0.00211845
internal_weight=202781 38933 32467 23590 18774 335 4816 259 4557 2223 477 307 2334 1746
internal_count=202781 38933 32467 23590 18774 335 4816 259 4557 2223 477 307 2334 1746
is_linear=0
shrinkage=0.05


Tree=433
num_leaves=15
num_cat=0
split_feature=19 11 55 13 13 24 42 23 43 9 56 46 52 26
split_gain=3.9421 5.38657 6.368 9.74463 6.30134 6.2657 5.82899 5.24497 5.14399 7.05417 6.43476 4.86681 5.24063 4.66852
threshold=161.85000610351565 143.15625000000003 2.5000000000000004 115.93779754638673 197.61607360839847 1.5000000000000002 1.0500000119209292 0.18500000238418582 37.500000000000007 70.40000152587892 20.050000190734867 2.6499999761581425 0.10837544873356821 0.70020255446434032
decision_type=2 2 2 2 2 2 2 2 8 2 2 2 2 2
left_child=1 -1 4 -4 11 -5 -7 -2 9 -9 -10 -3 -13 -11
right_child=7 2 3 5 -6 6 -8 8 10 13 -12 12 -14 -15
leaf_value=6.2720317684401898e-07 0.0052389188354728918 -0.0017995121347540726 0.0054506003904457 0.0039360256055322512 0.0048329650576515969 0.0048799278211804093 -0.00044542823190896007 -0.0017263489548607844 0.014215144847512975 0.0017153407360583656 -0.00077068738900153491 0.0059487607758098235 -0.0030024790612896667 -0.00021164213286587743
leaf_weight=165573 54 1672 346 493 140 86 1188 1644 107 3013 26289 90 96 1929
leaf_count=165573 54 1672 346 493 140 86 1188 1644 107 3013 26289 90 96 1929
internal_value=-5.20409e-05 4.52567e-05 0.00183087 0.00373763 -0.000194224 0.00220315 0.00033489 -0.000551656 -0.000579233 0.000670102 -0.000891087 -0.000985012 0.00647959 0.00161349
internal_weight=202720 169684 4111 2113 1998 1767 1274 33036 32982 6586 26396 1858 186 4942
internal_count=202720 169684 4111 2113 1998 1767 1274 33036 32982 6586 26396 1858 186 4942
is_linear=0
shrinkage=0.05


Tree=434
num_leaves=15
num_cat=0
split_feature=35 33 52 53 47 52 52 26 13 41 49 45 16 21
split_gain=4.37619 3.52576 7.45255 6.79032 8.74849 7.31553 10.7037 7.90925 8.51574 5.64265 4.38046 5.83971 5.73474 5.75935
threshold=68.500000000000014 15.150000095367433 -0.99763298034667958 -0.75013810396194447 10.561952590942385 -0.16799356788396833 -0.18492533266544339 0.55698978900909435 53.612796783447273 97.500000000000014 -19.374999999999996 -2.6995602846145625 18.750000000000004 49.500000000000007
decision_type=2 2 2 2 2 2 2 2 2 2 10 2 2 2
left_child=1 10 -3 4 5 6 7 8 -4 -6 -1 12 -12 -14
right_child=-2 2 3 -5 9 -7 -8 -9 -10 -11 11 -13 13 -15
leaf_value=-0.00031261789566146877 0.00047729934000259188 0.0053733044482848526 0.0042039193069321103 -0.0037730730210619604 0.0086086934874794307 -0.0042646955465835785 0.0082960456266380055 -0.0008737619372728942 -0.00026506474772883417 0.00022788846175847215 -0.0041502982433776507 0.00039659177715668196 -0.00079475251752130372 0.00094041209355221432
leaf_weight=83465 33839 73 182 3639 84 1028 71 1839 163 70 3899 52914 13747 7644
leaf_count=83465 33839 73 182 3639 84 1028 71 1839 163 70 3899 52914 13747 7644
internal_value=-3.86607e-05 -0.000142691 -0.00122852 -0.00140136 0.00019292 -0.000368966 0.00122516 0.000560619 0.00739437 0.0114634 -9.46022e-05 0.000174264 -0.000450594 -0.000128733
internal_weight=202657 168818 7149 7076 3437 3283 2255 2184 345 154 161669 78204 25290 21391
internal_count=202657 168818 7149 7076 3437 3283 2255 2184 345 154 161669 78204 25290 21391
is_linear=0
shrinkage=0.05


Tree=435
num_leaves=15
num_cat=0
split_feature=0 49 53 8 49 16 16 52 38 51 16 16 42 46
split_gain=4.05539 5.50754 6.43013 7.76888 6.17283 6.28178 7.15092 6.49521 8.64309 10.6756 7.57304 7.43605 6.74011 11.0191
threshold=35.95000076293946 -37.365530014038079 -0.99983122944831837 51.649999618530281 437.50000000000006 4.3000000715255746 17.550000190734867 0.40614137053489691 18.050000190734867 -0.37940952181816096 21.150000572204593 20.550000190734867 6.7500000000000009 0.25000000745058065
decision_type=2 10 2 2 10 2 2 2 2 2 2 2 2 2
left_child=-1 -2 3 -3 5 -4 -7 10 9 -9 11 -8 -10 -14
right_child=1 2 4 -5 -6 6 7 8 12 -11 -12 -13 13 -15
leaf_value=0.00041065339974129093 -0.00046611499692382409 -0.0010204148227278018 0.0068547234403939219 0.0093016498619699507 -0.00049510567708365848 -0.0021741081843281171 0.0016411439255813263 0.0035761580771246923 0.0013878362142240132 0.00019647417512464097 4.7686620590579621e-05 0.0075536947969886154 0.012886710505759286 0.0047442908119439929
leaf_weight=46529 64361 159 166 193 28199 3859 1080 2816 452 8564 44920 300 119 416
leaf_count=46529 64361 159 166 193 28199 3859 1080 2816 452 8564 44920 300 119 416
internal_value=-3.76725e-05 -0.000160141 8.96945e-05 0.00674033 6.31994e-05 0.000339541 0.000312939 0.000450175 0.00146764 0.0010755 0.000178146 0.00381295 0.0059328 0.0096789
internal_weight=202133 155604 91243 352 90891 62692 62526 58667 12367 11380 46300 1380 987 535
internal_count=202133 155604 91243 352 90891 62692 62526 58667 12367 11380 46300 1380 987 535
is_linear=0
shrinkage=0.05


Tree=436
num_leaves=15
num_cat=0
split_feature=37 41 36 53 43 37 2 53 53 53 28 12 11 53
split_gain=3.40369 8.6804 12.2112 12.5279 12.9482 12.676 11.8133 9.44936 8.92358 10.2995 12.709 10.6049 12.264 10.5009
threshold=64.500000000000014 21.500000000000004 26.250000000000004 0.38043944537639623 1007.5000000000001 40.500000000000007 74.15000152587892 0.50370931625366222 -0.46800559759140009 -0.49812626838684076 23.500000000000004 64.869441986083999 81.527080535888686 -0.57782411575317372
decision_type=2 2 2 2 10 2 2 2 2 2 2 2 2 2
left_child=1 -1 -3 8 6 -6 -5 -7 9 11 -11 -4 13 -13
right_child=-2 2 3 4 5 7 -8 -9 -10 10 -12 12 -14 -15
leaf_value=-0.00064635804654808058 8.1532044092704793e-05 -0.0011793826382814638 0.00064504596238614193 0.0093236548120550766 -0.0045172942967250298 0.0064947664986908134 0.002163259707085819 0.00097753851100396941 -0.00078266169039895278 0.014062873726082784 0.0022607286408880332 0.0049574932947466501 -0.0017967502535706503 0.0046712460064771231
leaf_weight=62493 112062 10008 7842 220 412 77 219 131 6673 135 234 1157 486 137
leaf_count=62493 112062 10008 7842 220 412 77 219 131 6673 135 234 1157 486 137
internal_value=-8.41848e-05 -0.000312744 0.000423379 0.00121158 0.00645931 0.00174603 0.0129287 0.0115138 0.000874414 0.00181932 0.00990765 0.00149917 0.00497207 0.0075
internal_weight=202286 90224 27731 17723 1059 620 439 208 16664 9991 369 9622 1780 1294
internal_count=202286 90224 27731 17723 1059 620 439 208 16664 9991 369 9622 1780 1294
is_linear=0
shrinkage=0.05


Tree=437
num_leaves=15
num_cat=0
split_feature=0 37 44 16 27 17 52 6 28 21 49 24 7 0
split_gain=3.9259 6.42519 5.96838 6.43244 4.62764 6.75377 8.08605 6.51222 6.25407 4.21656 5.3725 4.85759 3.98648 3.80312
threshold=149.69999694824222 71.500000000000014 8.6224002838134783 86.850002288818374 12.34999990463257 21.44999980926514 -0.54220184683799733 44.549999237060554 54.500000000000007 7.5000000000000009 -64.865528106689439 15.500000000000002 20.349999427795414 11.250000000000002
decision_type=2 2 2 2 2 2 2 2 2 2 8 2 2 2
left_child=4 -2 12 -4 5 8 -7 -8 -1 10 11 -6 -3 -11
right_child=1 2 3 -5 9 6 7 -9 -10 13 -12 -13 -14 -15
leaf_value=0.004123722963930476 -0.0028072664688909184 0.0026081905961034624 -0.0019899708142970401 0.0054900654733110585 0.009731473404176863 0.0064889438945689246 0.0061529078014560153 0.0014119323194664774 0.00011520297678213337 0.0041399426131814585 -0.001819041272102335 -0.014135310638315227 -0.00022738964228503683 -1.9799435403503661e-05
leaf_weight=291 4674 99 90 91 69 110 120 2538 10498 1527 5823 53 11588 164968
leaf_count=291 4674 99 90 91 69 110 120 2538 10498 1527 5823 53 11588 164968
internal_value=-3.60172e-05 -0.000773926 -0.000154909 0.00861256 2.96482e-05 0.000918772 0.00311735 0.00253373 0.000352346 -4.03027e-05 -0.00134761 0.00863636 -0.000297941 6.45507e-06
internal_weight=202539 16542 11868 181 185997 13557 2768 2658 10789 172440 5945 122 11687 166495
internal_count=202539 16542 11868 181 185997 13557 2768 2658 10789 172440 5945 122 11687 166495
is_linear=0
shrinkage=0.05


Tree=438
num_leaves=15
num_cat=0
split_feature=43 54 53 54 33 53 45 36 53 44 54 23 53 7
split_gain=4.09925 7.08831 9.0837 6.20792 7.94814 8.95813 11.5087 15.001 15.1389 19.0892 8.53486 6.975 10.8933 9.59297
threshold=777.50000000000011 9.5000000000000018 -0.12545862048864362 8.5000000000000018 0.15000000223517421 -0.63257205486297596 -2.7770953178405757 35.649999618530281 -0.28519998490810389 3.9600468873977666 6.5000000000000009 0.83499997854232799 -0.94703993201255787 26.150000572204593
decision_type=10 2 2 2 2 2 2 2 2 2 2 2 2 2
left_child=-1 2 3 4 5 10 -7 -8 9 -9 -2 12 13 -12
right_child=1 -3 -4 -5 -6 6 7 8 -10 -11 11 -13 -14 -15
leaf_value=2.5924858526528706e-05 -0.0018242640517913086 0.00084776441178677708 -0.0031548167245121651 -0.0025695249673842739 -0.00072537423066632836 -0.00055388228677360053 0.001968822278676867 0.010443412084596752 -0.00083788291296885749 0.0020195665515526581 -0.0030027270693836301 -0.00032758347798260711 0.00015297592289132485 0.0066681015285336379
leaf_weight=165872 4193 5689 7387 3953 10205 1431 1259 376 203 220 71 565 392 338
leaf_count=165872 4193 5689 7387 3953 10205 1431 1259 376 203 220 71 565 392 338
internal_value=-7.55339e-05 -0.000556873 -0.00085825 -0.000371728 -7.79886e-07 0.0010775 0.00305944 0.00544487 0.0107602 0.0147195 -0.000169691 0.00324855 0.00622071 0.0118258
internal_weight=202154 36282 30593 23206 19253 9048 3489 2058 799 596 5559 1366 801 409
internal_count=202154 36282 30593 23206 19253 9048 3489 2058 799 596 5559 1366 801 409
is_linear=0
shrinkage=0.05


Tree=439
num_leaves=15
num_cat=0
split_feature=19 46 52 46 0 8 57 4 43 15 47 34 52 52
split_gain=4.28754 5.68185 6.46316 10.6114 6.28234 5.10665 5.05473 6.07647 5.54206 4.78701 4.56825 4.15528 4.26834 20.9584
threshold=173.44999694824222 2.7500000000000004 -0.58482360839843739 22.750000000000004 50.95000076293946 21.94999980926514 130.20000457763675 140.40000152587893 857.50000000000011 189.75000000000003 6.5768542289733896 2.6499999761581425 -0.18492533266544339 -0.17647087574005124
decision_type=2 2 2 2 2 2 2 2 10 2 2 2 2 2
left_child=11 4 3 9 10 -6 -7 8 -8 -3 -2 12 -1 -14
right_child=1 2 -4 -5 5 6 7 -9 -10 -11 -12 -13 13 -15
leaf_value=-0.00012174324732701437 -0.00043223028753956017 -0.00060532781618233234 -0.0044920843978936637 0.0062930930362524208 0.0021643170868554181 -0.0010294718884494604 0.00090238499461585452 -0.00025874814117162663 0.0041096844617670566 0.00224712406871839 0.007524752882788463 -0.0009564445993120738 0.0060122489309426298 0.00032420340275986594
leaf_weight=79379 110 1004 3963 104 736 11421 3261 7156 55 106 147 11847 510 82550
leaf_count=79379 110 1004 3963 104 736 11421 3261 7156 55 106 147 11847 510 82550
internal_value=-3.08622e-05 -0.000604319 -0.00209852 0.0010866 -0.00026555 -0.000355361 -0.000493769 0.00029956 0.00206554 -0.000401787 0.00735955 6.15034e-05 0.000127454 0.000377993
internal_weight=202349 28063 5177 1214 22886 22629 21893 10472 3316 1110 257 174286 162439 83060
internal_count=202349 28063 5177 1214 22886 22629 21893 10472 3316 1110 257 174286 162439 83060
is_linear=0
shrinkage=0.05


Tree=440
num_leaves=15
num_cat=0
split_feature=45 43 16 36 47 26 13 10 36 56 22 14 54 44
split_gain=3.61518 6.51008 6.61907 12.0505 5.55067 5.41964 7.80293 6.9981 7.21475 6.20147 5.51974 5.13235 7.27177 8.99941
threshold=5.0980501174926767 2937.5000000000005 18.750000000000004 38.95000076293946 12.818016529083254 0.37392835319042211 54.226190567016609 47.408334732055671 28.650000572204593 46.750000000000007 511.50000000000006 35.358053207397468 1.5000000000000002 -7.9684641361236563
decision_type=2 10 2 2 2 2 2 2 2 2 2 2 2 2
left_child=-1 4 3 -3 5 6 7 -2 -9 -10 -7 12 13 -12
right_child=1 2 -4 -5 -6 10 -8 8 9 -11 11 -13 -14 -15
leaf_value=-9.0549986084962643e-05 0.0019253102949072537 0.0027072413165668695 0.0012779227934367598 0.021586961831242427 -0.0079538371368681575 -0.00091959058630378576 -0.0011404008650582776 1.6255473793627208e-05 0.0033355565567861224 0.0098593636418614055 -0.0046509022893149237 -0.001672277075360032 0.00095962715997664956 0.0046478436409949694
leaf_weight=181276 439 98 213 66 496 5661 511 110 85 225 129 1525 11127 243
leaf_count=181276 439 98 213 66 496 5661 511 110 85 225 129 1525 11127 243
internal_value=-3.17497e-05 0.000590313 0.0070155 0.0142529 0.000469091 0.000599301 0.00362319 0.00650748 0.0110465 0.0148437 0.000375768 0.00094215 0.00130376 0.008089
internal_weight=202204 20928 377 164 20551 20055 1370 859 420 310 18685 13024 11499 372
internal_count=202204 20928 377 164 20551 20055 1370 859 420 310 18685 13024 11499 372
is_linear=0
shrinkage=0.05


Tree=441
num_leaves=15
num_cat=0
split_feature=17 47 28 32 19 47 25 22 16 37 36 6 40 54
split_gain=4.57 7.07654 8.98547 5.6931 4.91573 6.15458 6.94452 6.39119 5.8929 7.50723 5.3465 4.88094 7.18518 4.52295
threshold=-69.549999237060533 10.736754417419435 79.500000000000014 -0.35295300185680384 141.35000610351565 9.0267133712768572 58.549999237060554 1385.5000000000002 16.349999427795414 59.500000000000007 28.050000190734867 51.399999618530281 991.35000610351574 8.5000000000000018
decision_type=2 2 2 2 2 2 2 2 2 2 2 2 2 2
left_child=1 3 -3 -1 13 8 -7 -8 10 -10 -6 12 -11 -2
right_child=4 2 -4 -5 5 6 7 -9 9 11 -12 -13 -14 -15
leaf_value=-6.5886312694720254e-05 0.00024616474202226709 -0.00020843768340281016 0.0084039262240321704 0.0023636501844196533 -5.5937556594409475e-05 -0.0033503504430615356 0.012188585949141613 -0.00049453797118913765 -0.0017443897256818647 0.0015040093447476976 0.0126162940762199 -0.00010243119738865238 0.010319942550616688 -0.00032687662016968983
leaf_weight=4264 105077 88 74 2080 158 4301 80 122 9223 1855 158 26907 52 48098
leaf_count=4264 105077 88 74 2080 158 4301 80 122 9223 1855 158 26907 52 48098
internal_value=-3.34996e-05 0.00126918 0.0112791 0.000996222 -7.67964e-05 -0.000550088 -0.0022967 0.0065566 -0.000344474 -0.000401741 0.00634969 -4.16439e-06 0.00243349 5.56505e-05
internal_weight=202537 6506 162 6344 196031 42856 4503 202 38353 38037 316 28814 1907 153175
internal_count=202537 6506 162 6344 196031 42856 4503 202 38353 38037 316 28814 1907 153175
is_linear=0
shrinkage=0.05


Tree=442
num_leaves=15
num_cat=0
split_feature=50 17 43 33 47 37 43 33 14 25 14 6 23 41
split_gain=3.4922 3.65666 4.56614 7.54119 7.05539 6.00097 7.5801 7.40862 6.35546 6.22771 5.91435 5.81894 5.49571 10.1603
threshold=0.98296290636062633 -9.9499998092651349 382.50000000000006 0.25000000745058065 5.8262727260589608 59.500000000000007 32.500000000000007 13.250000000000002 34.987585067749031 26.150000572204593 30.288627624511722 29.750000000000004 0.27500000596046453 22.500000000000004
decision_type=2 2 10 2 2 2 8 2 2 2 2 2 2 2
left_child=1 -1 4 10 5 7 9 12 -8 -7 -4 -6 13 -3
right_child=-2 2 3 -5 11 6 8 -9 -10 -11 -12 -13 -14 -15
leaf_value=0.00031251619944820241 -0.0012878814499059099 -0.00033989619774868669 0.00030312897509425138 -0.0013858494016534728 0.00089457733764748335 -0.0010349596543007377 0.0015934558979886994 0.0068352690041488797 -8.3141523090757032e-06 0.00091176458385483603 -0.001824113262445893 -0.0005473226140759659 -0.0025349460773296641 0.0043257324294694302
leaf_weight=64076 8502 1277 19299 15321 9899 4648 14043 80 5225 3045 4332 48921 3651 230
leaf_count=64076 8502 1277 19299 15321 9899 4648 14043 80 5225 3045 4332 48921 3651 230
internal_value=-2.61417e-05 1.73391e-05 -0.000135059 -0.00058801 5.88262e-05 0.000653698 0.000954543 -0.000893675 0.00148407 -0.000371934 -2.77073e-05 -0.000266872 -0.00113971 0.0013942
internal_weight=202549 194047 129971 38952 91019 32199 26961 5238 19268 7693 23631 58820 5158 1507
internal_count=202549 194047 129971 38952 91019 32199 26961 5238 19268 7693 23631 58820 5158 1507
is_linear=0
shrinkage=0.05


Tree=443
num_leaves=15
num_cat=0
split_feature=24 29 10 24 55 47 23 18 23 9 49 28 30 0
split_gain=3.88574 3.34496 4.47251 4.38202 5.63077 4.26726 5.56545 6.21828 7.95183 4.52342 5.98006 4.26204 8.37438 5.51124
threshold=556.50000000000011 3.7500000000000004 215.57499694824222 349.50000000000006 3.5000000000000004 4.5294599533081064 0.54500001668930065 -34.850000381469719 0.56499999761581432 53.350000381469734 -1497.4999999999998 51.500000000000007 12.500000000000002 59.350000381469734
decision_type=2 2 2 2 2 2 2 2 2 2 10 2 8 2
left_child=1 3 -3 5 -5 9 11 8 -8 10 -1 12 13 -7
right_child=-2 2 -4 4 -6 6 7 -9 -10 -11 -12 -13 -14 -15
leaf_value=0.0062186387226665883 -0.0038531477989529259 9.5763918063294302e-05 -0.0022564065399512355 0.0080036893070815161 -0.001299571212794014 0.00032245180274552941 0.019398158238012355 -0.00032153887358311265 0.0020404924535467692 -0.00014147915473744301 0.0010471538132522866 -0.0030004472127832579 -0.0010387601638286767 0.0071989238156272952
leaf_weight=115 1304 157007 1519 92 75 66 58 12411 647 11910 3129 8715 5017 56
leaf_count=115 1304 157007 1519 92 75 66 58 12411 647 11910 3129 8715 5017 56
internal_value=-4.47989e-05 -2.70643e-05 7.83406e-05 -0.000422095 0.00742938 -0.000454978 -0.000832099 -9.37083e-05 0.00444056 0.000216301 0.00186847 -0.00153058 -0.000387455 0.0120455
internal_weight=202121 200817 158526 42291 167 42124 26970 13116 705 15154 3244 13854 5139 122
internal_count=202121 200817 158526 42291 167 42124 26970 13116 705 15154 3244 13854 5139 122
is_linear=0
shrinkage=0.05


Tree=444
num_leaves=15
num_cat=0
split_feature=32 17 10 24 46 29 40 23 16 45 25 57 12 52
split_gain=3.6434 5.73479 5.94653 5.58403 5.82322 5.33047 8.26333 12.9737 10.208 9.25078 6.55053 5.66882 5.27682 7.90456
threshold=-0.36280825734138483 -47.450000762939446 56.591665267944343 6.5000000000000009 12.750000000000002 10.750000000000002 987.45001220703136 0.25499999523162847 18.550000190734867 -5.9345362186431876 28.250000000000004 39.250000000000007 48.82500076293946 0.29342973232269293
decision_type=2 2 2 2 2 2 2 2 2 2 2 2 2 2
left_child=5 3 12 -2 -5 -1 -7 9 -9 11 -11 -8 13 -3
right_child=1 2 -4 4 -6 6 7 8 -10 10 -12 -13 -14 -15
leaf_value=-0.00033266069450711266 0.0026022133570562603 -0.00061075061353651691 -0.00024099192585474942 -0.0013529404535559592 0.0030423702257915759 1.2183072309388098e-05 0.0041358123547390341 0.0078685522244777966 0.00056474623928549146 0.0016543874975007832 0.0077976853999656487 0.0089180082736571489 0.0011219818464153026 0.0012187008370641104
leaf_weight=92846 2803 16051 44020 1803 263 11013 62 77 2643 522 51 159 19027 10710
leaf_count=92846 2803 16051 44020 1803 263 11013 62 77 2643 522 51 159 19027 10710
internal_value=-8.90944e-06 0.000217188 0.000126477 0.00188666 -8.67064e-05 -0.000208274 0.000682052 0.00278944 0.00113553 0.00837065 0.00486278 0.0168615 0.000525349 7.26521e-05
internal_weight=202050 94677 89808 4869 2066 107373 14527 3514 2720 794 573 221 45788 26761
internal_count=202050 94677 89808 4869 2066 107373 14527 3514 2720 794 573 221 45788 26761
is_linear=0
shrinkage=0.05


Tree=445
num_leaves=15
num_cat=0
split_feature=38 47 43 55 47 50 43 55 43 56 44 36 52 52
split_gain=3.6609 3.73135 3.17818 3.07975 4.40254 3.06427 4.27175 7.14865 6.08348 4.09337 3.3923 9.98175 9.52474 23.6714
threshold=1.0000000180025095e-35 12.415004253387453 77.500000000000014 2.5000000000000004 8.1254391670227069 0.98296290636062633 262.50000000000006 4.5000000000000009 337.50000000000006 20.650000572204593 -10.111193180084227 28.150000572204593 0.32613943517208105 0.35846313834190374
decision_type=2 2 10 2 2 2 10 2 10 2 2 2 2 2
left_child=1 2 3 4 -1 10 9 -8 -9 -7 11 -2 -13 -14
right_child=5 -3 -4 -5 -6 6 7 8 -10 -11 -12 12 13 -15
leaf_value=-0.0011983119121080053 -0.0026656825464722697 0.0044878448949501066 -0.01592181547408528 -0.0088484817684877353 0.008315627104458009 0.0032331574591491358 -0.00012475734554536047 0.020020813500681807 0.0035146614056797984 -0.0017877091274132073 3.3152880311126692e-05 -0.00073933101807629282 0.016895687992600335 0.0036509554251582723
leaf_weight=106 6661 94 1002 128 50 247 427 53 93 7588 181164 3115 97 1496
leaf_count=106 6661 94 1002 128 50 247 427 53 93 7588 181164 3115 97 1496
internal_value=-6.87252e-05 -0.0026259 -0.00334105 0.00129252 0.00584337 -5.10335e-05 -0.000984796 0.00314751 0.0123077 -0.00129063 -1.02067e-05 -0.000847615 0.000913521 0.00404554
internal_weight=202321 1380 1286 284 156 200941 8408 573 146 7835 192533 11369 4708 1593
internal_count=202321 1380 1286 284 156 200941 8408 573 146 7835 192533 11369 4708 1593
is_linear=0
shrinkage=0.05


Tree=446
num_leaves=15
num_cat=0
split_feature=33 53 47 52 26 52 43 36 57 37 43 52 36 47
split_gain=3.96807 4.85036 8.95739 5.55299 8.70894 6.21178 10.5663 5.47458 5.40257 5.17761 5.14178 4.52436 4.05316 3.9411
threshold=15.150000095367433 -0.75013810396194447 10.561952590942385 -0.15101210027933118 0.55022689700126659 -0.36647418141365046 81.250000000000014 25.250000000000004 28.216667175292972 80.500000000000014 262.50000000000006 -0.99763298034667958 28.650000572204593 5.887965440750123
decision_type=2 2 2 2 2 2 10 2 2 2 10 2 2 2
left_child=13 2 3 4 9 8 12 -5 -6 -2 -4 -3 -7 -1
right_child=1 11 10 7 5 6 -8 -9 -10 -11 -12 -13 -14 -15
leaf_value=0.00025344630127805128 0.0039328964349707313 0.0040634543319900424 0.00014852094244076721 0.019264282987254581 0.0020155953332207633 0.01236791565666525 -0.00048221222652390633 -0.0052997961179593791 -0.0030513530218152789 0.00072318298241569703 0.0083311368241133377 -0.0031896514239270861 0.0041778647679621686 -0.00014826600744219422
leaf_weight=70165 248 99 75 85 237 69 245 994 1747 273 96 4280 51 123708
leaf_count=70165 248 99 75 85 237 69 245 994 1747 273 96 4280 51 123708
internal_value=-2.96975e-05 -0.0010865 0.000145277 -0.000352363 0.00079861 -0.000506572 0.0054 -0.00339302 -0.00161485 0.00658192 0.0110221 -0.00224311 0.0169231 1.66841e-05
internal_weight=202372 8499 4120 3949 2870 2349 365 1079 1984 521 171 4379 120 193873
internal_count=202372 8499 4120 3949 2870 2349 365 1079 1984 521 171 4379 120 193873
is_linear=0
shrinkage=0.05


Tree=447
num_leaves=15
num_cat=0
split_feature=33 15 33 52 53 45 36 41 46 15 36 37 50 51
split_gain=4.22424 5.57938 4.85119 12.3559 12.9946 10.5212 10.8245 10.2398 10.1109 10.5234 8.71786 8.44772 10.4894 13.2923
threshold=15.34999990463257 86.000000000000014 2.4500000476837163 0.97696486115455639 -0.031174269504845139 -5.2082991600036612 19.44999980926514 74.500000000000014 20.150000572204593 80.450000762939467 14.250000000000002 88.500000000000014 0.60355338454246532 0.60355338454246532
decision_type=2 2 2 2 2 2 2 2 2 2 2 2 2 2
left_child=2 -2 -1 7 -5 -6 10 8 11 -10 -7 12 13 -4
right_child=1 -3 3 4 5 6 -8 -9 9 -11 -12 -13 -14 -15
leaf_value=-7.9113402349691351e-05 -0.000542781575683585 -0.0063010648092280911 -0.0010222431841519295 -0.0016558357727201841 0.0092675360372974809 -0.004312155952941577 0.0011543899119449677 -0.0015037595749267493 0.0039606222018684486 -0.003625944685286426 0.0084803645627871162 -0.0056160688192325794 0.0042179605972373505 0.0025565485794745314
leaf_weight=170914 7167 1196 6339 618 104 87 577 5511 1663 412 433 1670 2792 2850
leaf_count=170914 7167 1196 6339 618 104 87 577 5511 1663 412 433 1670 2792 2850
internal_value=-4.8755e-05 -0.00114834 -1.28998e-06 0.000679354 0.00462274 0.00763419 0.00606594 0.000339576 0.00098945 0.00423261 0.0112264 0.00049374 0.000958634 0.000141862
internal_weight=202333 8363 193970 23056 1819 1201 1097 21237 15726 2075 520 13651 11981 9189
internal_count=202333 8363 193970 23056 1819 1201 1097 21237 15726 2075 520 13651 11981 9189
is_linear=0
shrinkage=0.05


Tree=448
num_leaves=15
num_cat=0
split_feature=38 47 37 57 49 21 42 56 17 47 27 28 38 15
split_gain=3.13576 4.95589 3.6656 7.50163 3.05773 6.09082 7.72525 6.13271 5.15056 5.62307 5.70076 5.31413 6.78972 5.57839
threshold=1.0000000180025095e-35 12.818016529083254 39.500000000000007 93.16666412353517 -1.0000000180025095e-35 90.500000000000014 2.7500000000000004 95.349998474121108 -62.450000762939446 9.583963871002199 6.2500000000000009 33.500000000000007 21.150000572204593 33.95000076293946
decision_type=2 2 2 2 10 2 2 2 2 2 2 2 2 2
left_child=1 2 -1 -4 -2 6 7 -6 9 10 -8 12 13 -10
right_child=4 -3 3 -5 5 -7 8 -9 11 -11 -12 -13 -14 -15
leaf_value=-0.013963651649378373 -0.0001701887987293248 0.0051336834816605829 0.011953120214247159 -0.001974172824019666 0.00038442011088477587 0.00090455820631055888 0.0061435808503018108 0.0024214339365436271 0.0066630967726395793 0.0067035414329629688 0.00073208326594655137 -0.00028790913742239615 0.018448862700102178 0.0011991546381158028
leaf_weight=1044 111691 85 53 204 5655 17377 106 2268 127 55 556 61277 75 1742
leaf_count=1044 111691 85 53 204 5655 17377 106 2268 127 55 556 61277 75 1742
internal_value=-2.3849e-05 -0.00238539 -0.00316934 0.0021161 -7.44126e-06 0.00021076 7.58184e-06 0.00147926 -0.000174987 0.00400963 0.00258928 -0.000223072 0.00234391 0.00170569
internal_weight=202315 1386 1301 257 200929 89238 71861 7923 63938 717 662 63221 1944 1869
internal_count=202315 1386 1301 257 200929 89238 71861 7923 63938 717 662 63221 1944 1869
is_linear=0
shrinkage=0.05


Tree=449
num_leaves=15
num_cat=0
split_feature=38 55 45 57 36 42 36 13 43 32 46 38 52 55
split_gain=3.69938 6.06172 5.65547 8.63338 13.337 8.00703 5.58667 6.94191 4.83861 3.84054 7.06426 6.50562 7.03664 5.56125
threshold=4.0499999523162851 2.5000000000000004 -6.162261724472045 95.683330535888686 13.84999990463257 4.4500000476837167 10.650000095367433 65.455356597900405 12.500000000000002 -8.9222474098205549 10.449999809265138 12.750000000000002 -0.77245554327964772 4.5000000000000009
decision_type=2 2 2 2 2 2 2 2 10 2 2 2 2 2
left_child=1 2 -1 4 5 -4 7 -7 -6 10 11 12 -2 -12
right_child=9 -3 3 -5 8 6 -8 -9 -10 -11 13 -13 -14 -15
leaf_value=-0.0049824282448050605 0.0051683577922464145 -0.0043491874496092231 -0.0091643662590760091 -0.0024451532044459292 0.01453174989318708 0.0022601476878430079 0.010530906734237641 0.010944440136615097 -0.00040561092801374532 -4.6698134784071944e-05 0.0045828249966448553 -0.000975086851056474 0.0013711783712930378 -0.0016002428483723582
leaf_weight=810 55 3845 56 613 52 141 93 79 682 186409 569 3499 4986 204
leaf_count=810 55 3845 56 613 52 141 93 79 682 186409 569 3499 4986 204
internal_value=-3.84222e-05 -0.00122316 0.000678232 0.00230011 0.00492812 0.0125462 0.0155882 0.0104348 0.000981182 2.03169e-07 0.00099056 0.000573098 0.00172144 0.0055364
internal_weight=202093 6371 2526 1716 1103 369 313 220 734 195722 9313 8540 5041 773
internal_count=202093 6371 2526 1716 1103 369 313 220 734 195722 9313 8540 5041 773
is_linear=0
shrinkage=0.05


Tree=450
num_leaves=15
num_cat=0
split_feature=26 24 44 8 15 0 13 49 53 53 41 24 28 13
split_gain=3.53853 7.91135 5.80834 5.59032 5.54193 5.48809 6.38697 5.85096 10.0363 7.87693 5.62655 8.71794 8.045 5.39225
threshold=0.9352884590625764 5.5000000000000009 6.5353655815124521 63.699998855590827 199.05000305175784 70.200000762939467 108.57648849487306 -22.499999999999996 0.65720760822296154 0.47369650006294256 28.500000000000004 13.500000000000002 45.500000000000007 34.69702339172364
decision_type=2 2 2 2 2 2 2 8 2 2 2 2 2 2
left_child=3 2 13 4 5 7 -7 -1 9 -9 -10 12 -12 -2
right_child=1 -3 -4 -5 -6 6 -8 8 10 -11 11 -13 -14 -15
leaf_value=-0.00056093693511359165 -0.0049075003885238168 -0.0018622203791281038 -0.0088457471762642056 0.00033225112947286872 0.0025961497967135878 -0.0011173167101515679 0.0049251105344443949 0.00027636861257628249 0.0019318474295909307 -0.0042915803827879608 0.0058271077744047883 0.010761514687366918 -0.0016078361271319723 0.00017472215356286003
leaf_weight=42642 2134 7982 994 59703 623 15350 171 44610 1471 1325 75 92 193 24957
leaf_count=42642 2134 7982 994 59703 623 15350 171 44610 1471 1325 75 92 193 24957
internal_value=-6.62784e-05 -0.000515149 -0.000120129 3.11238e-05 -0.000185902 -0.000213756 -0.00108203 -6.45901e-05 0.000315429 0.000170311 0.00393536 0.00945946 0.00453237 1.82638e-05
internal_weight=202322 36067 28085 166255 106552 105929 15521 90408 47766 45935 1831 360 268 27091
internal_count=202322 36067 28085 166255 106552 105929 15521 90408 47766 45935 1831 360 268 27091
is_linear=0
shrinkage=0.05


Tree=451
num_leaves=15
num_cat=0
split_feature=34 11 13 38 12 15 15 55 16 12 46 23 52 6
split_gain=3.43193 5.68107 6.46181 5.38648 6.02053 7.29319 8.12484 5.88519 6.83377 5.34722 4.93241 6.08371 14.0888 6.31578
threshold=0.45000000298023229 172.84999847412112 106.93363189697267 26.650000572204593 35.181249618530281 128.75000000000003 135.25000000000003 3.5000000000000004 17.94999980926514 71.428474426269545 3.1499999761581425 1.4550000429153445 -0.38242425024509424 135.75000000000003
decision_type=2 2 2 2 2 2 2 2 2 2 2 2 2 2
left_child=1 -1 -3 10 7 9 -7 8 -5 -6 11 -2 13 -13
right_child=3 2 -4 4 5 6 -8 -9 -10 -11 -12 12 -14 -15
leaf_value=0.00017739422161686677 -0.00017792786107295578 0.0036738510916019072 -0.0016438296464662599 0.0047970814404140671 -0.0003619131416969105 0.0088739339781157729 -0.0033847894796706513 -0.0077529056536593385 0.01200801124910824 0.0062592745018125997 -0.0010836863002642351 0.0074968384297920661 -0.00030256122734348645 0.00037917589689179379
leaf_weight=115555 59433 249 4790 80 1535 101 88 51 82 68 19296 162 475 73
leaf_count=115555 59433 249 4790 80 1535 101 88 51 82 68 19296 162 475 73
internal_value=-3.18748e-05 0.000137474 -0.00150426 -0.000282615 0.00227047 0.00129856 0.0103266 0.0100224 0.0144767 0.000176688 -0.000347331 -0.000124101 0.00444444 0.0141837
internal_weight=202038 120594 5039 81444 2005 1792 189 213 162 1603 79439 60143 710 235
internal_count=202038 120594 5039 81444 2005 1792 189 213 162 1603 79439 60143 710 235
is_linear=0
shrinkage=0.05


Tree=452
num_leaves=15
num_cat=0
split_feature=17 5 4 49 5 4 16 16 3 14 23 32 20 57
split_gain=4.09357 8.82082 6.61386 4.91966 4.91847 6.4558 6.16564 5.65909 5.23825 4.96989 4.83001 4.81368 6.45127 5.74236
threshold=-4.2499999999999991 54.45000076293946 13.750000000000002 7.5000000000000009 93.500000000000014 97.200000762939467 86.850002288818374 86.850002288818374 97.90000152587892 30.88220310211182 1.435000002384186 -3.9188697959236386e-16 92.950000762939467 81.383335113525405
decision_type=2 2 2 10 2 2 2 2 2 2 2 2 2 2
left_child=1 2 -1 -3 10 7 -7 -6 -8 -10 11 -2 -13 -14
right_child=4 3 -4 -5 5 6 8 -9 9 -11 -12 12 13 -15
leaf_value=0.018476804388400894 -0.00072312520466760526 -0.00045775848330519513 0.00079134658279978582 0.00050459203029849689 0.00097401558604070084 -0.0012424347825665957 0.0041112800051907863 0.0035454743553632387 0.0011682694358787844 -0.00045451100489353957 -0.0028859043694842183 0.00029010609693151435 -0.0026396731577091994 0.00093789507990935507
leaf_weight=65 50982 37082 35095 15669 8733 4923 107 278 2142 3463 1808 35363 4993 1532
leaf_count=65 50982 37082 35095 15669 8733 4923 107 278 2142 3463 1808 35363 4993 1532
internal_value=-3.81974e-05 0.00021832 0.000831674 -0.000190578 -0.000235452 0.000484329 -0.000349931 0.00146824 0.000767213 0.000547639 -0.000384844 -0.000334842 6.2293e-05 -0.00138103
internal_weight=202235 87911 35160 52751 114324 19646 10635 9011 5712 5605 94678 92870 41888 6525
internal_count=202235 87911 35160 52751 114324 19646 10635 9011 5712 5605 94678 92870 41888 6525
is_linear=0
shrinkage=0.05


Tree=453
num_leaves=15
num_cat=0
split_feature=45 22 34 52 33 16 24 42 11 31 33 42 24 38
split_gain=3.49744 6.24965 5.2189 5.99602 5.97369 5.69734 10.511 9.13813 10.3457 5.44633 7.71813 5.99842 10.3261 5.6435
threshold=3.1356693506240849 463.50000000000006 -0.15000000223517415 -0.98214942216873158 9.5500001907348651 21.150000572204593 25.500000000000004 8.3499999046325701 35.085416793823249 0.13961924612522128 0.15000000223517421 19.150000572204593 29.500000000000004 21.650000572204593
decision_type=2 2 2 2 2 2 2 2 2 2 2 2 2 2
left_child=-1 -2 3 -3 9 6 -4 -8 -9 10 11 -5 -13 -11
right_child=1 2 5 4 -6 -7 7 8 -10 13 -12 12 -14 -15
leaf_value=-0.00011543275059233292 -0.00060109925584256405 -0.00211596206712049 0.000558132274116958 0.0040699748201365694 -0.0009489652353994693 -0.00014928423199064611 0.0007925684605419067 0.0045634514933550708 0.013480345359555774 -0.00030408054352471046 0.0012184743273254406 -0.0024113153080680939 0.013704737163499923 0.003425946736010202
leaf_weight=160558 10763 1238 2428 2599 1510 15566 300 183 185 2383 3466 51 62 505
leaf_count=160558 10763 1238 2428 2599 1510 15566 300 183 185 2383 3466 51 62 505
internal_value=-3.11448e-05 0.000379523 0.000745259 0.00156715 0.00195258 0.000224399 0.00217965 0.00768436 0.0128571 0.0024372 0.00327408 0.00526818 0.0161382 0.000641821
internal_weight=201797 41239 30476 11814 10576 18662 3096 668 368 9066 6178 2712 113 2888
internal_count=201797 41239 30476 11814 10576 18662 3096 668 368 9066 6178 2712 113 2888
is_linear=0
shrinkage=0.05


Tree=454
num_leaves=15
num_cat=0
split_feature=27 18 16 57 11 57 47 33 50 3 16 16 21 29
split_gain=3.49642 4.85315 3.89977 5.09527 3.5936 5.75959 7.03792 3.80591 4.23252 3.51299 5.18031 9.84662 6.75179 6.33917
threshold=7.6499998569488534 77.599998474121108 78.349998474121108 191.93333435058597 145.37708282470706 149.31666564941409 4.7609035968780526 1.0000000180025095e-35 0.12940952181816109 192.09999847412112 86.850002288818374 98.40000152587892 6.5000000000000009 2.8500000238418584
decision_type=2 2 2 2 2 2 2 2 2 2 2 2 2 2
left_child=2 9 3 -1 5 -4 -7 -6 -9 10 -2 12 -12 -14
right_child=1 -3 4 -5 7 6 -8 8 -10 -11 11 -13 13 -15
leaf_value=0.0015001919819947951 -5.6294383260544341e-05 -0.0020333147958717986 -0.00041308065756061416 0.0046397642821127258 -0.00041200658241040248 0.00013158871544135639 0.0041954314550146192 0.0048443715377704333 -0.0006744110613108135 -0.0011828031159099018 0.0062194076010643872 -3.9064819211610634e-05 0.0049917604067326949 0.0010939866054544617
leaf_weight=2069 183100 2765 148 87 3096 58 55 135 110 3861 202 4321 290 1906
leaf_count=2069 183100 2765 148 87 3096 58 55 135 110 3861 202 4321 290 1906
internal_value=-4.13685e-05 -7.69908e-05 0.00117198 0.00284857 0.000163343 0.00570111 0.0136992 -0.000284991 0.00558823 -4.72416e-05 -1.68321e-05 0.00134567 0.00390781 0.0030689
internal_weight=202203 196445 5758 2156 3602 261 113 3341 245 193680 189819 6719 2398 2196
internal_count=202203 196445 5758 2156 3602 261 113 3341 245 193680 189819 6719 2398 2196
is_linear=0
shrinkage=0.05


Tree=455
num_leaves=15
num_cat=0
split_feature=0 53 6 44 40 30 57 28 24 49 31 1 47 37
split_gain=4.11279 9.64067 7.20201 6.34515 6.08552 5.18466 5.65303 6.65698 5.00736 4.85024 4.77714 4.74118 4.64935 4.85447
threshold=92.799999237060561 -0.039769286289811127 51.049999237060554 4.0344262123107919 982.45001220703136 52.500000000000007 35.983333587646491 25.500000000000004 6.5000000000000009 137.50000000000003 -7.7762296199798575 124.55000305175783 5.0559072494506845 82.500000000000014
decision_type=2 2 2 2 2 8 2 2 2 8 2 2 2 2
left_child=5 -2 -3 8 -5 6 7 -1 9 -4 -8 -7 -12 -14
right_child=1 2 3 4 -6 11 10 -9 -10 -11 12 -13 13 -15
leaf_value=0.006194110806937385 -0.0032022670548144563 0.0031722698121124868 0.00073852878310823637 0.0044312134105260461 -0.0014061208049261922 -1.7895011936176786e-05 0.0040539589529647304 -0.0016338755262463034 -0.00068410696854743732 -0.00028562161522150174 0.0018883053887721259 0.0038293754935395533 0.0010677667969785129 -0.0012735370183954526
leaf_weight=239 5095 1026 13285 102 9433 136229 387 4325 9167 7406 3277 68 8884 3057
leaf_count=239 5095 1026 13285 102 9433 136229 387 4325 9167 7406 3277 68 8884 3057
internal_value=-2.69827e-05 -0.000445261 -0.000186625 -0.000294776 -0.00141697 9.47098e-05 0.000842707 -0.00070398 6.39468e-05 0.000494902 0.00129523 -1.60312e-05 0.00115314 0.000694083
internal_weight=201980 45514 40419 39393 9535 156466 20169 4564 29858 20691 15605 136297 15218 11941
internal_count=201980 45514 40419 39393 9535 156466 20169 4564 29858 20691 15605 136297 15218 11941
is_linear=0
shrinkage=0.05


Tree=456
num_leaves=15
num_cat=0
split_feature=0 52 56 4 52 20 56 25 5 16 37 16 52 55
split_gain=3.73062 6.48826 5.2001 4.49865 4.47359 4.96562 4.22595 6.87446 3.86519 5.37757 9.67247 7.70033 16.1454 9.44224
threshold=139.00000000000003 0.58481550216674816 80.200000762939467 110.70000076293947 -0.87812310457229603 79.250000000000014 213.50000000000003 50.850000381469734 159.94999694824222 52.45000076293946 22.500000000000004 40.100000381469734 0.98667103052139293 1.5000000000000002
decision_type=2 2 2 2 2 2 2 2 2 2 2 2 2 2
left_child=8 2 -2 6 -5 -6 -4 -8 9 11 -11 -1 -13 -14
right_child=1 -3 3 4 5 -7 7 -9 -10 10 -12 12 13 -15
leaf_value=-5.4748820183087515e-05 -0.0029213943110840469 -0.005961499062190085 0.00066126314426933719 0.004239778077820347 -0.0012059622090937947 0.00015941071662594578 0.0040412189067593925 -0.0013586637265702636 0.00083516410301520162 0.0058098349380693208 -0.00062849075666395349 0.00065987142322782369 -0.00055901518636794695 0.0088438297422383516
leaf_weight=126588 1931 1469 2995 263 6088 7245 187 119 6051 92 20312 28851 109 260
leaf_count=126588 1931 1469 2995 263 6088 7245 187 119 6051 92 20312 28851 109 260
internal_value=-1.87601e-05 -0.000661596 -0.000410873 -0.000129238 -0.000531384 -0.000660647 0.00152371 0.00702532 5.28591e-05 1.01565e-05 -0.000752916 0.000110127 0.0008416 0.011095
internal_weight=202560 20297 18828 16897 13596 13333 3301 306 182263 176212 20404 155808 29220 369
internal_count=202560 20297 18828 16897 13596 13333 3301 306 182263 176212 20404 155808 29220 369
is_linear=0
shrinkage=0.05


Tree=457
num_leaves=15
num_cat=0
split_feature=26 42 52 52 53 36 15 27 15 47 7 7 14 47
split_gain=4.00097 7.40003 6.42042 11.6695 14.6737 14.6237 10.596 7.76094 7.81892 7.69505 7.74193 7.52722 6.11207 7.59028
threshold=0.69912907481193554 21.44999980926514 0.65233618021011364 0.49812944233417517 0.84199059009552013 11.050000190734865 168.80000305175784 20.849999427795414 33.95000076293946 8.1556348800659197 38.850000381469734 20.349999427795414 40.751556396484382 12.818016529083254
decision_type=2 2 2 2 2 2 2 2 2 2 2 2 2 2
left_child=12 2 3 -2 9 -6 -7 -4 11 -5 -11 -9 -1 -14
right_child=1 -3 7 4 5 6 -8 8 -10 10 -12 -13 13 -15
leaf_value=3.455191372010842e-05 -0.00026365050247118509 0.011092107533887929 -0.0036440414493144058 -0.0001336060076042487 -0.0024257145207546367 0.0072883828580124297 -0.0049534859808218782 0.015120994100984992 -0.000852855358346386 0.0025422559999607216 0.010513407614450628 0.0029456526539635717 0.0010553972489268264 0.0047148331457880274
leaf_weight=129035 47820 71 6542 2392 218 522 87 109 7280 212 136 367 7353 53
leaf_count=129035 47820 71 6542 2392 218 522 87 109 7280 212 136 367 7353 53
internal_value=-3.05887e-05 -0.000350942 -0.000369512 -0.000108665 0.00264607 0.00844086 0.0123667 -0.00130626 -0.000235644 0.000872726 0.0077095 0.00590535 0.000123816 0.00151969
internal_weight=202197 65756 65685 51387 3567 827 609 14298 7756 2740 348 476 136441 7406
internal_count=202197 65756 65685 51387 3567 827 609 14298 7756 2740 348 476 136441 7406
is_linear=0
shrinkage=0.05


Tree=458
num_leaves=15
num_cat=0
split_feature=19 38 47 29 33 38 44 41 29 12 42 42 24 13
split_gain=3.36282 3.36211 4.82747 3.26264 4.97725 5.12857 16.2907 11.114 10.9465 8.83782 7.32524 8.4905 6.49773 10.9368
threshold=346.00000000000006 1.0000000180025095e-35 12.415004253387453 5.7500000000000009 8.0500001907348651 24.650000572204593 -1.0042103397104986e-15 78.500000000000014 6.7500000000000009 54.104166030883796 4.4500000476837167 4.8500001430511483 22.500000000000004 49.242559432983406
decision_type=2 2 2 2 2 2 2 2 2 2 2 2 2 2
left_child=1 2 -1 -3 5 12 9 8 -8 -7 -10 -12 -5 -14
right_child=-2 3 -4 4 -6 6 7 -9 10 -11 11 -13 13 -15
leaf_value=-0.0072735166552397703 -0.0018452469269446374 -0.00018125572172232544 0.0057136906734030091 0.00039076406054211515 -0.00080714133235489116 -0.00074824891773283924 -0.00023725521904097358 -0.00049578717276752655 0.0040059899289576354 0.0014004165656662738 0.01969447594085634 0.005398357709294508 0.00041682331360860743 -0.0018019812736311562
leaf_weight=1268 2396 86487 88 59820 10946 5513 327 548 531 5147 114 436 16971 11756
leaf_count=1268 2396 86487 88 59820 10946 5513 327 548 531 5147 114 436 16971 11756
internal_value=-2.46605e-05 -2.30163e-06 -0.00247438 1.47013e-05 0.000192696 0.000302303 0.00124505 0.00542726 0.00776446 0.000473288 0.0101696 0.0141964 0.000167857 -0.000450118
internal_weight=202348 199952 1356 198596 112109 101163 12616 1956 1408 10660 1081 550 88547 28727
internal_count=202348 199952 1356 198596 112109 101163 12616 1956 1408 10660 1081 550 88547 28727
is_linear=0
shrinkage=0.05


Tree=459
num_leaves=15
num_cat=0
split_feature=27 49 17 11 56 26 0 43 25 36 11 25 38 56
split_gain=3.52983 3.9415 4.59171 4.43934 4.92173 6.67734 3.77464 6.57726 4.97452 8.92522 5.37282 4.64252 4.79372 8.52671
threshold=6.7500000000000009 1.0000000180025095e-35 -10.449999809265135 155.74375152587893 161.35000610351565 0.69049748778343212 146.90000152587893 62.500000000000007 58.549999237060554 15.449999809265138 126.21041488647462 21.750000000000004 7.9500000476837167 204.19999694824222
decision_type=2 10 2 2 2 2 2 10 2 2 2 2 2 2
left_child=1 3 -3 4 -1 -6 8 11 -2 -10 -11 -8 13 -13
right_child=6 2 -4 -5 5 -7 7 -9 9 10 -12 12 -14 -15
leaf_value=0.00021965499938407333 -2.8319415330963277e-05 0.0037091908713289866 0.00087282210147224303 -0.00087510820002486037 0.0044664393329298634 0.0017996527026984113 -0.0015726611903897399 -0.0022152291749018786 0.012296105036649232 7.5057622436136903e-05 0.0086372145324043227 5.2493284605651384e-05 -0.00017171525925500008 0.0025116560898603363
leaf_weight=939 183225 425 887 1357 66 272 1013 7176 73 484 72 1336 3904 864
leaf_count=939 183225 425 887 1357 66 272 1013 7176 73 484 72 1336 3904 864
internal_value=-4.55968e-05 0.00143326 0.00366112 0.000313917 0.00242036 0.0075 -7.51184e-05 -0.000857514 -1.42509e-05 0.00438967 0.00206714 0.000219586 0.000740921 0.00260181
internal_weight=202093 3946 1312 2634 1277 338 198147 14293 183854 629 556 7117 6104 2200
internal_count=202093 3946 1312 2634 1277 338 198147 14293 183854 629 556 7117 6104 2200
is_linear=0
shrinkage=0.05


Tree=460
num_leaves=15
num_cat=0
split_feature=38 34 18 27 20 0 0 20 24 26 7 0 26 21
split_gain=3.29727 3.75288 3.27256 7.0992 3.86833 6.36002 9.43102 8.48161 5.71517 5.37331 5.94538 5.85555 3.89832 4.34561
threshold=4.2500000000000009 -1.0000000180025095e-35 -30.150000572204586 40.149999618530281 66.350002288818374 44.049999237060554 43.250000000000007 26.050000190734867 16.500000000000004 0.68664488196372997 38.250000000000007 35.250000000000007 0.61806568503379833 46.500000000000007
decision_type=2 2 2 2 2 2 2 2 2 2 2 2 2 2
left_child=1 -1 3 4 5 6 9 -8 -6 10 11 -2 -12 -14
right_child=2 -3 -4 -5 8 -7 7 -9 -10 -11 12 -13 13 -15
leaf_value=2.5636885165677684e-05 0.0041798322695532726 -0.0034668910920281765 -5.8304856746999851e-05 0.016830589291991688 0.0017919814042476117 -0.00045638801648627481 0.010830141277980447 -0.0036698048324491383 -0.0066443811652600248 -0.00085963326576102153 -0.00043369071835174075 0.0094280766563318765 -0.0025106948803830516 0.0036370145387474256
leaf_weight=3595 283 3544 174796 71 4002 10838 135 77 412 2317 1248 73 266 1079
leaf_count=3595 283 3544 174796 71 4002 10838 135 77 412 2317 1248 73 266 1079
internal_value=-3.56616e-05 -0.00109036 2.88725e-06 0.000595597 0.000537607 0.000181917 0.00156888 0.0116667 0.001849 0.00114101 0.00255323 0.00852459 0.0017038 0.00356088
internal_weight=202736 7139 195597 20801 20730 16316 5478 212 4414 5266 2949 356 2593 1345
internal_count=202736 7139 195597 20801 20730 16316 5478 212 4414 5266 2949 356 2593 1345
is_linear=0
shrinkage=0.05


Tree=461
num_leaves=15
num_cat=0
split_feature=44 14 0 37 57 42 53 20 47 38 49 52 26 7
split_gain=3.35453 3.40385 3.27052 6.03723 5.05762 5.46989 6.633 4.50559 4.31057 4.18413 5.8423 7.97261 5.14072 4.4215
threshold=10.92292356491089 33.859073638916023 163.6499938964844 71.500000000000014 228.73333740234378 5.7500000000000009 0.99445194005966198 88.750000000000014 5.9472475051879892 7.8500001430511483 357.50000000000006 0.07411635667085649 0.976086586713791 113.29999923706056
decision_type=2 2 2 2 2 2 2 2 2 2 10 2 2 2
left_child=2 -2 4 -4 -1 -6 -7 -5 9 12 -11 -12 13 -9
right_child=1 -3 3 7 5 6 -8 8 -10 10 11 -13 -14 -15
leaf_value=2.4820596754819425e-05 -0.0028929671470518496 0.0053833566421872302 -0.0032712111633959769 -0.0012621071259923313 0.00032097036301146926 0.0025483947212918065 0.0047188661802157333 0.002319566094951334 -0.0021359393901661111 -0.00030614557624115849 -0.0086427579445115688 0.0058492376810991573 0.0026085390804669183 0.00041577462570257492
leaf_weight=186182 2621 120 3128 3137 389 206 67 161 1033 2848 62 93 400 1395
leaf_count=186182 2621 120 3128 3137 389 206 67 161 1033 2848 62 93 400 1395
internal_value=-3.07663e-05 -0.00176481 -6.80644e-06 -0.00079767 4.51142e-05 0.004375 0.00966431 -0.000147173 0.000656447 0.00126887 9.45889e-05 0.00924242 0.00306205 0.00173691
internal_weight=201842 2741 199101 12257 186844 662 273 9129 5992 4959 3003 155 1956 1556
internal_count=201842 2741 199101 12257 186844 662 273 9129 5992 4959 3003 155 1956 1556
is_linear=0
shrinkage=0.05


Tree=462
num_leaves=15
num_cat=0
split_feature=0 38 47 27 43 11 26 46 36 36 28 56 56 46
split_gain=3.39912 4.82298 4.94578 4.2914 5.09685 5.44644 4.43247 4.30371 4.68201 5.89746 8.19814 4.31651 3.77578 6.91709
threshold=204.19999694824222 7.8500001430511483 2.9929075241088872 7.6499998569488534 57.500000000000007 32.997917175292976 0.97949019074440014 5.8500001430511483 14.449999809265138 12.650000095367433 94.500000000000014 161.35000610351565 248.19999694824222 1.8499999642372134
decision_type=2 2 2 2 10 2 2 2 2 2 2 2 2 2
left_child=3 2 -2 4 5 -1 7 8 9 11 -11 -6 -5 -14
right_child=1 -3 -4 12 6 -7 -8 -9 -10 10 -12 -13 13 -15
leaf_value=0.0075165659629203678 0.0029403927436144396 -0.0022138261713391511 -0.00020105929135848548 -5.2373472235745728e-05 0.0045889426990322378 6.3746060573954689e-05 -0.00083680995725593152 -0.0017178344122064191 0.001980328734460125 0.0025180464264652068 0.0058233378303264201 -0.0017361924782442811 0.000599838785082289 0.0043812613489061887
leaf_weight=52 297 3513 1597 192474 196 2903 278 134 284 62 85 84 658 131
leaf_count=52 297 3513 1597 192474 196 2903 278 134 284 62 85 84 658 131
internal_value=-4.45864e-05 -0.00128023 0.000751049 -1.06675e-05 0.00159246 0.000497469 0.00444395 0.00622807 0.00776005 0.0110183 0.0188853 0.00637931 -4.45754e-05 0.00338548
internal_weight=202748 5407 1894 197341 4078 2955 1123 845 711 427 147 280 193263 789
internal_count=202748 5407 1894 197341 4078 2955 1123 845 711 427 147 280 193263 789
is_linear=0
shrinkage=0.05


Tree=463
num_leaves=15
num_cat=0
split_feature=17 4 57 36 54 47 46 25 41 52 11 53 46 14
split_gain=3.64124 3.88909 5.7628 6.36746 5.9397 7.66785 5.61522 5.7491 4.73869 4.71748 4.62972 4.41259 4.48434 4.97985
threshold=-18.150000572204586 57.45000076293946 81.383335113525405 24.250000000000004 1.5000000000000002 7.2592906951904306 1.0500000119209292 21.650000572204593 6.5000000000000009 0.63920241594314586 70.164581298828139 -0.9852197766304015 6.0499999523162851 28.802586555480961
decision_type=2 2 2 2 2 2 2 2 2 2 2 2 2 2
left_child=-1 10 4 6 5 -3 7 -4 -7 -9 -2 -12 13 -13
right_child=1 2 3 -5 -6 8 -8 9 -10 -11 11 12 -14 -15
leaf_value=0.00030871507122514952 -7.2290940498722617e-05 0.00024256301434975571 -0.00082602422571906363 0.0013651936813213394 -0.0011668735175827294 -0.00099901814327304594 -0.0021893992995241558 0.00058596514611307675 0.0061290624915275897 -0.0039958652190076023 0.0075292417786190519 0.0023790619088256827 -0.0043774156075586266 0.00036718088670571118
leaf_weight=44968 92963 1033 7068 3818 27092 56 4100 13406 123 814 97 2308 604 3809
leaf_count=44968 92963 1033 7068 3818 27092 56 4100 13406 123 814 97 2308 604 3809
internal_value=-5.63371e-05 -0.000169771 -0.00049722 -4.45081e-06 -0.00100551 0.00240589 -0.000290969 3.56829e-05 0.0116667 0.000614897 1.89885e-05 0.00127563 0.0011135 0.00152032
internal_weight=202259 157291 57510 29206 28304 1212 25388 21288 179 14220 99781 6818 6721 6117
internal_count=202259 157291 57510 29206 28304 1212 25388 21288 179 14220 99781 6818 6721 6117
is_linear=0
shrinkage=0.05


Tree=464
num_leaves=15
num_cat=0
split_feature=38 47 26 16 13 0 49 53 55 53 23 42 38 40
split_gain=3.52661 3.43767 3.28842 6.17642 10.0999 9.21501 7.32401 7.39814 7.2216 7.7678 9.54505 9.6695 6.65791 10.3143
threshold=1.0000000180025095e-35 12.135879516601564 0.9352884590625764 37.899999618530281 140.28839111328128 102.29999923706056 137.50000000000003 0.93469110131263744 5.5000000000000009 0.85561370849609386 0.81499999761581432 5.0499999523162851 8.3499999046325701 991.85000610351574
decision_type=2 2 2 2 2 2 10 2 2 2 2 2 2 2
left_child=1 -1 -2 4 -4 -6 7 8 -5 10 11 -10 -9 -14
right_child=2 -3 3 6 5 -7 -8 12 9 -11 -12 -13 13 -15
leaf_value=-0.0070688458677892058 6.2746350346357026e-05 0.0045441385352903291 -5.8564034177421835e-05 -0.0028081701251325146 0.0008333207776141298 0.0045507769035669134 -0.0037552504742238966 0.0014035480173289101 0.0034966915771787741 -0.0073136423265321195 -0.0021389567595682876 0.0081235507959432265 -0.002769235925333029 0.001583932701369207
leaf_weight=1287 165003 91 16961 5697 523 234 4561 3166 236 312 260 101 2173 1674
leaf_count=1287 165003 91 16961 5697 523 234 4561 3166 236 312 260 101 2173 1674
internal_value=-3.87823e-05 -0.00255043 -2.14286e-05 -0.000455053 0.000209272 0.00582138 -0.00110226 -0.000520582 -0.00172007 0.00239935 0.0057084 0.0111383 0.000610137 -0.000786882
internal_weight=202279 1378 200901 35898 17718 757 18180 13619 6606 909 597 337 7013 3847
internal_count=202279 1378 200901 35898 17718 757 18180 13619 6606 909 597 337 7013 3847
is_linear=0
shrinkage=0.05


Tree=465
num_leaves=15
num_cat=0
split_feature=43 56 36 41 13 42 55 21 43 46 12 45 55 56
split_gain=3.75353 6.88814 6.85477 12.498 6.28346 5.88517 6.03615 5.57754 5.2262 5.12065 18.7601 11.6112 5.10482 8.34134
threshold=712.50000000000011 49.750000000000007 19.349999427795414 5.5000000000000009 153.36041259765628 18.349999427795414 4.5000000000000009 49.500000000000007 682.50000000000011 23.050000190734867 59.397222518920906 -0.35614354908466334 3.5000000000000004 65.099998474121108
decision_type=10 2 2 2 2 2 2 2 10 2 2 2 2 2
left_child=8 2 3 -2 5 9 -7 -4 -1 12 11 -11 13 -3
right_child=1 4 7 -5 -6 6 -8 -9 -10 10 -12 -13 -14 -15
leaf_value=4.8071761878944659e-05 -0.0074303809918579398 -0.00016202023349226152 -0.0024445052765045307 0.008413437229623932 -0.008869563776073083 -0.0015590758182847959 0.013150843561524038 -0.00043779653972541335 0.0028752678075450767 0.0010944338293195968 -0.0024055724823864506 0.0086448337276843357 -0.00071936610589129978 0.0023903630456893641
leaf_weight=161809 116 3587 8554 120 520 60 67 18109 1154 95 347 125 4697 2812
leaf_count=161809 116 3587 8554 120 520 60 67 18109 1154 95 347 125 4697 2812
internal_value=-2.47808e-05 -0.000463934 -0.00091215 0.00739837 0.000515421 0.000754236 0.0110584 -0.000988454 8.09018e-05 0.000632655 0.0052253 0.0163043 0.00039348 0.00131144
internal_weight=202172 39209 26899 236 12310 11790 127 26663 162963 11663 567 220 11096 6399
internal_count=202172 39209 26899 236 12310 11790 127 26663 162963 11663 567 220 11096 6399
is_linear=0
shrinkage=0.05


Tree=466
num_leaves=15
num_cat=0
split_feature=38 50 43 55 43 56 47 37 29 47 55 43 38 53
split_gain=3.37144 3.34889 3.63581 4.72456 7.19272 3.91572 3.32119 3.91891 3.23417 3.09917 9.99421 10.6199 14.0669 12.1096
threshold=1.0000000180025095e-35 0.98296290636062633 262.50000000000006 4.5000000000000009 337.50000000000006 20.650000572204593 12.818016529083254 39.500000000000007 6.3500001430511483 8.5289392471313494 3.5000000000000004 57.500000000000007 13.150000095367433 0.65720760822296154
decision_type=2 2 10 2 10 2 2 2 2 2 2 8 2 2
left_child=6 9 5 -4 -5 -3 7 -1 -9 -2 -11 12 13 -12
right_child=1 2 3 4 -6 -7 -8 8 -10 10 11 -13 -14 -15
leaf_value=-0.012879815750755084 0.0001179478583917907 0.0030043370995835126 5.0935404356766704e-05 0.033684679949443762 0.0026516052814587912 -0.0018531308294842314 0.0043924609410957395 0.0067004991062993846 -0.0010835872863227452 -0.001143692580894654 0.0088673578863746397 0.00017057028898517988 -0.0017126645609596911 -0.0066142757843262838
leaf_weight=1043 151672 229 448 54 94 7582 92 74 181 23411 561 16421 659 174
leaf_count=1043 151672 229 448 54 94 7582 92 74 181 23411 561 16421 659 174
internal_value=-1.91176e-05 -2.11231e-06 -0.000978378 0.00275577 0.0101899 -0.00126646 -0.00246429 -0.00312691 0.00235849 4.04844e-05 -0.000343875 0.000548386 0.00472222 0.00942953
internal_weight=202695 201305 8407 596 148 7811 1390 1298 255 192898 41226 17815 1394 735
internal_count=202695 201305 8407 596 148 7811 1390 1298 255 192898 41226 17815 1394 735
is_linear=0
shrinkage=0.05


Tree=467
num_leaves=15
num_cat=0
split_feature=34 46 53 11 24 53 13 47 42 38 50 53 16 56
split_gain=3.12526 4.94587 4.95883 6.82969 6.60074 5.377 5.56056 4.81237 4.38316 5.19851 5.15046 4.06838 11.0578 8.9884
threshold=1.6500000357627871 3.0499999523162846 -0.98212954401969899 53.10625076293946 21.500000000000004 -0.91595870256423939 54.731843948364265 5.887965440750123 9.0500001907348651 21.349999427795414 1.0000000180025095e-35 -0.73865258693695057 10.550000190734865 104.65000152587892
decision_type=2 2 2 2 2 2 2 2 2 2 2 2 2 2
left_child=-1 2 3 4 -2 6 -4 -8 9 -6 -11 12 -7 -14
right_child=1 -3 5 -5 8 11 7 -9 -10 10 -12 -13 13 -15
leaf_value=3.6532836585853281e-05 -0.0017612753509130574 -0.0016211229571016833 -0.0079629758555264003 -0.0026305017885994136 0.001639813352070798 0.01797556182060479 -0.0065568828396639321 0.0026877904426010264 0.0011354594774797937 0.0016269892326109744 0.0076307101697878415 -0.00025363718744402512 0.0010171844976634471 0.0072194792404919623
leaf_weight=170823 118 8291 1545 240 98 99 595 508 115 66 109 17314 2376 69
leaf_count=170823 118 8291 1545 240 98 99 595 508 115 66 109 17314 2376 69
internal_value=-3.77033e-05 -0.000494883 -0.000120799 0.00386243 0.0071124 -0.000254487 -0.00236644 0.000345911 0.010201 0.0135512 0.0185135 2.81848e-05 0.00189115 0.00119144
internal_weight=202366 31543 23252 746 506 22506 2648 1103 388 273 175 19858 2544 2445
internal_count=202366 31543 23252 746 506 22506 2648 1103 388 273 175 19858 2544 2445
is_linear=0
shrinkage=0.05


Tree=468
num_leaves=15
num_cat=0
split_feature=33 13 15 4 14 27 50 5 44 57 45 20 34 40
split_gain=4.09176 5.66978 6.86687 4.24876 4.01324 4.90338 4.0937 4.68029 3.80757 3.80534 5.50481 3.57533 3.27547 5.96812
threshold=15.34999990463257 42.04375076293946 86.000000000000014 78.799999237060561 6.7957541942596444 31.94999980926514 0.60355338454246532 25.44999980926514 -6.8473200798034659 28.216667175292972 5.420717954635621 19.94999980926514 0.45000000298023229 994.95001220703136
decision_type=2 2 2 2 2 2 2 2 2 2 2 2 2 2
left_child=12 -2 3 4 5 6 8 -8 11 10 -6 -3 -1 -14
right_child=1 2 -4 -5 9 -7 7 -9 -10 -11 -12 -13 13 -15
leaf_value=0.00016067381364435221 -0.0056232874381455435 0.0060997936681040539 -0.0048250096093426812 0.0068302422363875417 0.00060593923493803647 0.004582846299809885 0.0070169859457835885 0.0012748949318457166 -0.001295438236715282 -0.00098458791146693587 0.0037888892195900889 -0.0010660508195169706 -0.00029047033607745035 0.0025529945813193814
leaf_weight=113904 2110 76 996 53 294 108 102 225 687 3727 54 52 79312 1133
leaf_count=113904 2110 76 996 53 294 108 102 225 687 3727 54 52 79312 1133
internal_value=-3.48311e-05 -0.00110902 -0.00036341 0.00034521 0.000192126 0.00265873 0.00164062 0.00627596 -0.000272728 -0.000569157 0.00435754 0.00731884 1.21156e-05 -0.000232119
internal_weight=202833 8484 6374 5378 5325 1250 1142 327 815 4075 348 128 194349 80445
internal_count=202833 8484 6374 5378 5325 1250 1142 327 815 4075 348 128 194349 80445
is_linear=0
shrinkage=0.05


Tree=469
num_leaves=15
num_cat=0
split_feature=0 34 53 11 34 53 53 12 43 11 40 57 53 43
split_gain=3.35127 7.08007 5.6177 5.90148 4.79806 4.7832 9.91296 21.2813 10.0294 11.752 9.69255 9.17287 7.86893 7.33501
threshold=32.149999618530281 -7.5499999523162833 -0.96687281131744374 69.014583587646499 -4.2499999999999991 -0.50557503104209889 -0.64580103754997242 54.953472137451179 182.50000000000003 30.25625038146973 980.75000000000011 46.216667175292976 -0.26037105917930597 2562.5000000000005
decision_type=2 2 2 2 2 2 2 2 10 2 2 2 2 8
left_child=1 -1 3 -3 -2 6 -4 8 9 10 -8 -9 -7 -14
right_child=4 2 5 -5 -6 12 7 11 -10 -11 -12 -13 13 -15
leaf_value=0.0039121364449360664 -0.0017493901359675809 -0.0028777939605645728 0.00044202315961054786 0.0086796628593685358 -6.9833045614855243e-05 -0.0022738037569640175 0.0075915435094517456 -0.00018707124640745707 -0.0015739756350736048 0.00010928673935437329 0.00041065275859635144 0.020645722861729641 0.00016011970848957838 0.002345517489838619
leaf_weight=372 4326 2166 8635 110 161235 6691 728 58 1248 746 266 184 12084 2830
leaf_count=372 4326 2166 8635 110 161235 6691 728 58 1248 746 266 184 12084 2830
internal_value=-3.46833e-05 0.000401626 0.000329174 -0.00206912 -0.000129885 0.00049283 0.00129895 0.00365741 0.00247165 0.00491428 0.00844621 0.017619 4.97328e-05 0.000688822
internal_weight=201679 36118 35746 2276 165561 33470 11865 3230 2988 1740 994 242 21605 14914
internal_count=201679 36118 35746 2276 165561 33470 11865 3230 2988 1740 994 242 21605 14914
is_linear=0
shrinkage=0.05


Tree=470
num_leaves=15
num_cat=0
split_feature=17 31 5 31 5 4 5 26 16 29 52 7 52 37
split_gain=3.1874 5.56774 6.98455 4.92451 5.15633 4.79019 6.34265 6.71466 4.89947 8.12986 5.27896 4.77574 4.2081 4.11421
threshold=-69.549999237060533 -0.37675192952156061 67.40000152587892 7.59177589416504 143.19999694824222 139.00000000000003 165.55000305175784 0.69827711582183849 110.00000000000001 9.3499999046325701 -0.40614700317382807 86.250000000000014 0.35846313834190374 70.500000000000014
decision_type=2 2 2 2 2 2 2 2 2 2 2 2 2 2
left_child=1 2 -1 -3 -5 6 -2 8 9 10 -8 -6 -4 -7
right_child=5 3 12 4 11 13 7 -9 -10 -11 -12 -13 -14 -15
leaf_value=0.0070179593865630219 -3.8718804594393123e-05 -0.00041394481642533442 0.0024220303982244937 0.0017400656189790198 0.012633661493339802 -0.0022362221368649009 0.0081456055778508021 0.00019453047006151957 -0.00052124881348457916 -0.0021635050987644194 0.0022883430220208569 0.00016292733906170395 -0.0024431605619709244 -0.0002497322545134392
leaf_weight=163 177195 4216 1278 331 71 4224 337 2120 255 284 507 53 453 11082
leaf_count=163 177195 4216 1278 331 71 4224 337 2120 255 284 507 53 453 11082
internal_value=-3.72459e-05 0.00104563 0.00332458 0.000116427 0.005 -7.35674e-05 -1.60599e-06 0.00210219 0.00479899 0.00620387 0.00864169 0.0132836 0.0023521 -0.000922566
internal_weight=202569 6565 1894 4671 455 196004 180698 3503 1383 1128 844 124 1731 15306
internal_count=202569 6565 1894 4671 455 196004 180698 3503 1383 1128 844 124 1731 15306
is_linear=0
shrinkage=0.05


Tree=471
num_leaves=15
num_cat=0
split_feature=33 53 54 36 53 53 50 56 24 57 45 36 19 57
split_gain=3.51165 5.7688 5.06013 6.08709 6.21042 10.7346 10.9773 9.05265 7.20232 7.0551 4.67929 4.11686 3.26273 7.84981
threshold=16.750000000000004 -0.75013810396194447 6.5000000000000009 26.550000190734867 -0.92921787500381459 -0.9852197766304015 0.12940952181816109 35.100000381469734 51.500000000000007 28.216667175292972 1.1140703558921816 28.550000190734867 72.049999237060561 54.083332061767585
decision_type=2 2 2 2 2 2 2 2 2 2 2 2 2 2
left_child=12 2 -2 -4 5 10 -7 -8 9 -6 -5 -10 -1 -14
right_child=1 -3 3 4 8 6 7 -9 11 -11 -12 -13 13 -15
leaf_value=0.00028330193690122139 -0.0050657661489398103 -0.0029782185330523357 -0.0056958950113342541 0.0034984401329915069 0.0022903179870024269 0.0036472372422360999 0.0088450105541505245 0.010641883763808485 -0.00018976642260277684 -0.0022124284949180148 -0.0022987572036189002 0.0039093918815142469 -0.00073443663770696285 0.00010057503910525269
leaf_weight=75091 545 3458 480 189 233 224 93 77 113 1454 274 179 37472 82378
leaf_count=75091 545 3458 480 189 233 224 93 77 113 1454 274 179 37472 82378
internal_value=-2.32375e-05 -0.0010977 0.000231205 0.000968129 0.00185172 0.00538062 0.0113366 0.0205556 0.000304172 -0.000963466 0.000179703 0.00741722 1.7157e-05 -0.000144753
internal_weight=202260 7319 3861 3316 2836 857 394 170 1979 1687 463 292 194941 119850
internal_count=202260 7319 3861 3316 2836 857 394 170 1979 1687 463 292 194941 119850
is_linear=0
shrinkage=0.05


Tree=472
num_leaves=15
num_cat=0
split_feature=38 44 43 43 51 12 55 56 12 24 56 56 15 9
split_gain=3.37533 9.63719 9.12721 10.1014 6.68781 6.51673 9.13123 5.88303 5.73547 7.66752 5.92516 5.41959 5.25505 5.97193
threshold=25.650000572204593 0.69591933488845836 1037.5000000000002 1262.5000000000002 -0.37940952181816096 54.953472137451179 3.5000000000000004 50.149999618530281 43.326389312744148 53.500000000000007 41.049999237060554 43.350000381469734 115.40000152587892 79.500000000000014
decision_type=2 2 10 10 2 2 2 2 2 2 2 2 2 2
left_child=-1 4 -3 7 5 -2 12 11 9 -6 -11 -4 13 -7
right_child=1 2 3 -5 8 6 -8 -9 -10 10 -12 -13 -14 -15
leaf_value=-8.1852997635418302e-05 -0.002516599578003471 0.0013221297809933993 0.0043454747994274324 0.0013460301756169121 0.0017792463212203905 0.0041499573799935211 -0.0016057130818078584 0.0093938240457375078 0.00027126443535804482 -0.00045875981464595312 0.0053904652903482807 -0.00026152646126041001 -0.0013687455235991354 -0.0018001986149321922
leaf_weight=185158 3242 1486 65 340 1994 780 927 62 7325 80 193 58 286 218
leaf_count=185158 3242 1486 65 340 1994 780 927 62 7325 80 193 58 286 218
internal_value=-3.29844e-05 0.000639868 0.00388174 0.00948598 0.00020425 -0.00119257 0.000898243 0.0185897 0.000998749 0.0031906 0.0109011 0.0107895 0.00361669 0.00531746
internal_weight=202214 17056 2011 525 15045 5453 2211 185 9592 2267 273 123 1284 998
internal_count=202214 17056 2011 525 15045 5453 2211 185 9592 2267 273 123 1284 998
is_linear=0
shrinkage=0.05


Tree=473
num_leaves=15
num_cat=0
split_feature=19 16 16 19 56 57 22 13 22 57 56 18 10 33
split_gain=3.2286 4.77209 4.88577 5.08408 6.61669 4.86743 4.56236 7.27696 7.14731 6.22741 6.1684 6.16732 6.65756 5.16127
threshold=45.699998855590827 4.3000000715255746 14.050000190734865 138.55000305175784 23.94999980926514 21.283332824707035 426.50000000000006 26.765773773193363 430.50000000000006 86.850002288818374 24.349999427795414 -2.5499999523162837 46.324998855590827 15.34999990463257
decision_type=2 2 2 2 2 2 2 2 2 2 2 2 2 2
left_child=-1 5 3 -3 -5 -2 7 10 11 -9 -4 12 -8 -10
right_child=1 2 6 4 -6 -7 8 9 13 -11 -12 -13 -14 -15
leaf_value=0.00038509943621289536 -0.00041546671532733325 -0.0037381195924172613 0.0062894895543180798 0.01442462921292504 -0.0026766590484565977 0.0074248716185878697 0.011654073737840578 -0.0010173408629929352 9.99033182374402e-06 0.0026147419705462426 -0.00062783332617377273 0.0014210036533867602 0.0023820842764831368 -0.0016692342418236439
leaf_weight=29821 99 3932 94 85 114 95 133 19132 143421 689 81 370 125 3913
leaf_count=29821 99 3932 94 85 114 95 133 19132 143421 689 81 370 125 3913
internal_value=-5.972e-05 -0.000142868 -0.00015192 -0.00184859 0.00576555 0.0075 -0.000110082 -0.000818756 -1.42606e-05 -0.000910444 0.00905405 0.00526646 0.0110448 -3.71252e-05
internal_weight=202104 172283 172089 4131 199 194 167958 19996 147962 19821 175 628 258 147334
internal_count=202104 172283 172089 4131 199 194 167958 19996 147962 19821 175 628 258 147334
is_linear=0
shrinkage=0.05


Tree=474
num_leaves=15
num_cat=0
split_feature=13 13 36 51 46 55 41 56 9 14 36 38 55 44
split_gain=3.35597 11.2815 6.29181 7.13209 5.7903 7.0223 5.13355 4.48889 4.26861 4.28791 5.18511 6.31049 6.30143 8.74428
threshold=29.208929061889652 29.788095474243168 26.349999427795414 0.78656607866287243 1.2500000000000002 3.5000000000000004 97.500000000000014 34.399999618530281 11.250000000000002 8.002512454986574 30.650000572204593 5.5499999523162851 2.5000000000000004 -0.75076737999916066
decision_type=2 2 2 2 2 2 2 2 2 2 2 2 2 2
left_child=8 2 -2 4 5 -4 -7 -5 -1 10 11 -10 -13 -14
right_child=1 -3 3 7 -6 6 -8 -9 9 -11 -12 12 13 -15
leaf_value=0.0037661324238644624 0.00020337955658188971 -3.5928956354193563e-05 0.0039800029252951945 0.0060511055989960275 -0.00092995897883626491 0.0052207781861110161 0.010839930829594106 0.013115528425564921 0.0082075799667733085 -0.0052560382087971699 -0.0041238248569820182 -0.0023870799805901601 -0.00079961918454977499 0.0045172632419962144
leaf_weight=353 658 194364 294 59 293 180 50 67 64 2975 1315 815 442 373
leaf_count=353 658 194364 294 59 293 180 50 67 64 2975 1315 815 442 373
internal_value=-4.77492e-05 -1.10995e-05 0.0041558 0.00675236 0.00491536 0.00801498 0.014375 0.0174265 -0.0011793 -0.0014965 -0.000163963 0.0016608 0.0010061 0.00409091
internal_weight=202302 195965 1601 943 817 524 230 126 6337 5984 3009 1694 1630 815
internal_count=202302 195965 1601 943 817 524 230 126 6337 5984 3009 1694 1630 815
is_linear=0
shrinkage=0.05


Tree=475
num_leaves=15
num_cat=0
split_feature=24 13 13 36 51 46 47 41 47 28 14 36 30 40
split_gain=3.22519 3.3915 11.6192 7.78591 7.17188 6.2948 6.32952 6.06107 3.8409 3.56865 5.86115 7.62009 4.23765 3.89421
threshold=556.50000000000011 29.208929061889652 29.788095474243168 26.349999427795414 0.60355338454246532 1.2500000000000002 8.0981650352478045 72.500000000000014 9.2983727455139178 17.500000000000004 8.0670895576477069 30.94999980926514 722.50000000000011 980.14999389648449
decision_type=2 2 2 2 2 2 2 2 2 2 2 2 8 2
left_child=1 9 3 -3 5 6 -5 8 -8 12 11 13 -1 -11
right_child=-2 2 -4 4 -6 -7 7 -9 -10 10 -12 -13 -14 -15
leaf_value=0.0094236345988770037 -0.0035146666572469475 7.3685376929442895e-05 -2.1094271016073107e-05 0.00070632405053723069 0.01056341434263477 -0.0010621540302814491 0.009359379633688469 0.010253167884605801 0.00081762797201483843 -0.00044982151855314377 -0.0060796279855641656 -0.0045610129215601395 0.00030346783409782621 0.003276179877551284
leaf_weight=114 1326 707 193311 171 173 276 112 92 136 756 2513 1217 790 938
leaf_count=114 1326 707 193311 171 173 276 112 92 136 756 2513 1217 790 938
internal_value=-4.39704e-05 -2.77188e-05 9.28143e-06 0.00415325 0.00706185 0.00491217 0.00814779 0.012 0.0074031 -0.00116598 -0.00165072 -0.000121535 0.00172866 0.00204225
internal_weight=202632 201306 194978 1667 960 787 511 340 248 6328 5424 2911 904 1694
internal_count=202632 201306 194978 1667 960 787 511 340 248 6328 5424 2911 904 1694
is_linear=0
shrinkage=0.05


Tree=476
num_leaves=15
num_cat=0
split_feature=19 37 13 52 12 12 11 43 41 43 11 33 41 38
split_gain=2.92301 2.85153 11.3827 10.8052 15.0887 11.3381 12.5127 8.43231 7.12861 6.67119 6.91513 6.55296 8.73568 6.99978
threshold=390.70001220703131 33.500000000000007 38.914880752563484 0.89017060399055492 24.243055343627933 39.125000000000007 46.352083206176765 1977.5000000000002 90.500000000000014 947.50000000000011 69.331253051757827 1.0000000180025095e-35 76.500000000000014 10.750000000000002
decision_type=2 2 2 2 2 2 2 10 2 10 2 2 2 2
left_child=1 2 3 4 7 -5 -7 -1 -4 10 -10 12 -6 -14
right_child=-2 -3 8 5 11 6 -8 -9 9 -11 -12 -13 13 -15
leaf_value=0.0059685590395213862 -0.0031412775925502611 3.5190950825914707e-05 -0.002644889155086972 -0.0031316703156820686 0.0017098189487964573 0.012333783936076363 -0.0004347118656061761 0.012234053303722778 0.0029209118500312706 -0.0013767467215834565 0.0049885672421486268 -0.0014387659413316175 0.0012328352923847703 0.010944566455436427
leaf_weight=162 1415 178583 12494 3459 3246 94 126 75 427 556 118 1091 146 235
leaf_count=162 1415 178583 12494 3459 3246 94 126 75 427 556 118 1091 146 235
internal_value=-4.17097e-05 -2.56956e-05 -0.000559604 0.000859555 0.00238167 -0.00119138 0.00956522 0.0144332 -0.00146086 0.00238074 0.00626126 0.00174704 0.00276739 0.00983376
internal_weight=202227 200812 22229 8634 4955 3679 220 237 13595 1101 545 4718 3627 381
internal_count=202227 200812 22229 8634 4955 3679 220 237 13595 1101 545 4718 3627 381
is_linear=0
shrinkage=0.05


Tree=477
num_leaves=15
num_cat=0
split_feature=43 56 57 47 53 53 43 47 38 47 10 49 27 44
split_gain=3.23635 8.26404 9.51357 7.33209 16.2966 10.655 6.11156 16.1536 6.00652 8.56428 5.42357 5.34785 6.95726 7.63441
threshold=777.50000000000011 49.750000000000007 37.083332061767585 3.358476042747498 0.39629089832305914 0.48877522349357611 2672.5000000000005 6.9445300102233896 8.4499998092651385 12.415004253387453 53.475000381469734 -1.0000000180025095e-35 33.649999618530281 -5.0459392070770255
decision_type=10 2 2 2 2 2 10 2 2 2 2 10 2 2
left_child=11 3 10 4 -2 -6 -4 -8 9 -5 -3 -1 -13 -14
right_child=1 2 6 8 5 -7 7 -9 -10 -11 -12 12 13 -15
leaf_value=-0.00013262220439910942 -0.0084872900723165293 -0.00088214794348517942 0.00024233543289639469 -0.0064285275199811162 0.0051765889924106755 0.0032872683432822302 -0.0092391396866037551 0.006770249924709819 -0.00061666863439933212 0.010240661507665935 0.0089230424137956964 0.00032765031843936648 0.0071047644829506044 -0.0011806700255199618
leaf_weight=107404 273 81 10904 4042 87 238 81 62 20372 105 171 57684 628 480
leaf_count=107404 273 81 10904 4042 87 238 81 62 20372 105 171 57684 628 480
internal_value=-3.65718e-05 -0.000463406 0.000659208 -0.000968481 0.00445724 0.0118657 0.00043547 0.0103595 -0.00110257 -0.00283498 0.0100763 5.69763e-05 0.00044029 0.00434705
internal_weight=202612 36416 11299 25117 598 325 11047 143 24519 4147 252 166196 58792 1108
internal_count=202612 36416 11299 25117 598 325 11047 143 24519 4147 252 166196 58792 1108
is_linear=0
shrinkage=0.05


Tree=478
num_leaves=15
num_cat=0
split_feature=7 47 45 38 12 46 56 0 42 15 38 24 46 53
split_gain=3.74243 4.62192 4.68169 6.22689 5.83285 5.5031 4.52699 5.47789 5.29199 9.54532 12.9472 7.70887 6.41235 5.26877
threshold=31.44999980926514 9.4872074127197283 4.9016101360321054 23.050000190734867 50.439582824707038 6.3500001430511483 33.45000076293946 11.250000000000002 8.8499999046325701 43.850000381469734 7.1499998569488534 49.500000000000007 7.7500000000000009 -0.80417042970657338
decision_type=2 2 2 2 2 2 2 2 2 2 2 2 2 2
left_child=1 2 6 5 -5 -4 7 -1 -8 10 -10 -11 -13 -12
right_child=-2 -3 3 4 -6 -7 8 -9 9 11 13 12 -14 -15
leaf_value=0.0050176296777317796 -0.00012635046790702815 -0.00091419370217360853 0.0025103667729160428 -0.0016797733342318096 0.0055176070339774388 0.011610928275626141 0.00045842897809845508 -0.00078278824706766816 0.015169983171142709 0.00019905828075112006 0.010204713540208493 0.0039150619361715128 0.0057780492971967693 0.00069105042265146506
leaf_weight=728 168332 5978 2306 1137 100 158 11267 9782 59 1753 64 549 127 169
leaf_count=728 168332 5978 2306 1137 100 158 11267 9782 59 1753 64 549 127 169
internal_value=-5.67613e-05 0.000420188 0.0006879 0.00234303 -0.00054932 0.00379143 0.000436999 -0.000346959 0.00102586 0.00300073 0.0113907 0.00194957 0.00644315 0.00549383
internal_weight=202509 34177 28199 3701 1237 2464 24498 10510 13988 2721 292 2429 676 233
internal_count=202509 34177 28199 3701 1237 2464 24498 10510 13988 2721 292 2429 676 233
is_linear=0
shrinkage=0.05


Tree=479
num_leaves=15
num_cat=0
split_feature=56 36 52 40 9 44 15 41 13 44 13 39 55 52
split_gain=3.07846 8.4932 7.01663 11.9314 9.82753 7.56631 4.21304 4.10833 3.83296 6.10611 3.52242 10.2674 10.4088 8.24056
threshold=248.19999694824222 12.650000095367433 0.14250627160072329 991.64999389648449 133.40000152587893 -2.5428682565689082 261.25000000000006 24.500000000000004 131.45327758789065 -1.0722389221191404 131.45327758789065 1.0000000180025095e-35 4.5000000000000009 -0.66528618335723866
decision_type=2 2 2 2 2 2 2 2 2 2 2 2 2 2
left_child=6 2 3 8 -5 7 10 -4 9 -2 -1 13 -13 -12
right_child=1 -3 5 4 -6 -7 -8 -9 -10 -11 11 12 -14 -15
leaf_value=-5.5088632768146859e-05 -0.0010080802565086652 -0.0084979573396599707 -0.0043421519593778218 0.0042153720605414289 0.0021984458267451578 -0.0019377474559289837 -0.0016131077925311138 0.0067995066147028401 -0.0010330828340580432 0.0060968203897918283 0.0021126710568906927 0.002066237034489831 0.012620496208391794 9.399892477115076e-05
leaf_weight=181458 80 377 53 194 142 501 4123 182 259 72 1127 249 64 13765
leaf_count=181458 80 377 53 194 142 501 4123 182 259 72 1127 249 64 13765
internal_value=-1.39657e-05 0.00200535 0.0037073 0.00708719 0.0139306 0.000227881 -3.27708e-05 0.00744898 0.00129454 0.00734568 4.30997e-07 0.000731185 0.00955108 0.000539524
internal_weight=202646 1860 1483 747 336 736 200786 235 411 152 196663 15205 313 14892
internal_count=202646 1860 1483 747 336 736 200786 235 411 152 196663 15205 313 14892
is_linear=0
shrinkage=0.05


Tree=480
num_leaves=15
num_cat=0
split_feature=49 42 21 50 53 53 40 12 52 53 52 47 13 16
split_gain=3.41077 7.06193 7.16486 6.14503 6.73437 7.51395 5.18306 5.83132 17.0953 13.8589 11.6347 9.16425 10.3598 5.84849
threshold=-8.7499999999999982 3.4500000476837163 34.500000000000007 -1.0000000180025095e-35 0.85114607214927684 0.86439019441604625 975.35000610351574 42.862499237060554 0.61237135529518139 -0.81427544355392445 0.65233618021011364 6.8503520488739023 36.750000000000007 64.40000152587892
decision_type=10 2 2 2 2 2 2 2 2 2 2 2 2 2
left_child=-1 3 -3 -2 -5 -6 7 9 13 11 -10 12 -4 -9
right_child=1 2 6 4 5 -7 -8 8 10 -11 -12 -13 -14 -15
leaf_value=-0.00019314536881279363 3.1746246120704462e-05 -0.00052190663222809522 0.0054859895920701188 0.0010590078288297362 0.0080806700802924843 0.0028546258639103013 0.00012220213238693217 -0.0001388322746137827 0.012224862613655681 -0.0035956086352258265 0.003580196410242242 0.0035680818431430236 0.0045053978696827941 0.003014330873500112
leaf_weight=109371 7250 31317 67 6194 125 2385 37004 6252 144 544 186 694 514 498
leaf_count=109371 7250 31317 67 6194 125 2385 37004 6252 144 544 186 694 514 498
internal_value=-2.82651e-05 0.000194024 -3.88569e-06 0.00115134 0.00204613 0.00422619 0.000393896 0.0014766 0.000825105 0.00399398 0.0117647 0.00682879 0.0114129 0.000273667
internal_weight=202545 93174 77220 15954 8704 2510 45903 8899 7080 1819 330 1275 581 6750
internal_count=202545 93174 77220 15954 8704 2510 45903 8899 7080 1819 330 1275 581 6750
is_linear=0
shrinkage=0.05


Tree=481
num_leaves=15
num_cat=0
split_feature=0 52 37 13 54 46 36 9 37 25 16 4 0 46
split_gain=3.25307 4.69081 5.15512 4.49124 4.14932 5.96243 6.25994 5.09588 4.55148 8.61686 4.86933 8.47851 6.29276 5.28885
threshold=163.6499938964844 -0.87812310457229603 65.500000000000014 89.902679443359389 1.5000000000000002 22.849999427795414 15.84999990463257 275.20001220703131 92.500000000000014 4.2500000000000009 85.549999237060561 100.25000000000001 109.29999923706056 0.35000000894069677
decision_type=2 2 2 2 2 2 2 2 2 2 2 2 2 2
left_child=4 3 -3 -2 5 -1 -7 8 10 -10 12 -12 -6 -14
right_child=1 2 -4 -5 7 6 -8 -9 9 -11 11 -13 13 -15
leaf_value=0.00046134259594859039 -0.0066292592045568118 -0.0047739997706314034 -0.00028972750500568157 0.0064139187333180124 4.606741683437144e-05 0.00272166540912817 0.007825519029357143 0.0031038581983270368 0.0075259902756463718 -0.0012829755545450063 0.0039542781655480912 0.00082688901155938846 -0.00039440411498673227 -0.0050654421182634891
leaf_weight=10530 67 2107 9935 162 151548 144 51 143 112 12002 156 2449 9487 3230
leaf_count=10530 67 2107 9935 162 151548 144 51 143 112 12002 156 2449 9487 3230
internal_value=-6.2658e-05 -0.000851316 -0.000988219 0.00608786 -1.16412e-05 0.000943175 0.00939024 -6.88591e-05 -7.66518e-05 -0.00101204 -8.69007e-06 0.00213193 -4.27649e-05 -0.00111063
internal_weight=202123 12271 12042 229 189852 10725 195 179127 178984 12114 166870 2605 164265 12717
internal_count=202123 12271 12042 229 189852 10725 195 179127 178984 12114 166870 2605 164265 12717
is_linear=0
shrinkage=0.05


Tree=482
num_leaves=15
num_cat=0
split_feature=38 44 43 43 40 51 16 56 40 13 55 40 47 38
split_gain=3.1278 8.83264 9.41182 7.76732 8.13476 7.48588 6.02813 5.40392 6.70148 12.4414 6.72238 5.24382 7.2903 13.1207
threshold=25.650000572204593 0.69591933488845836 1037.5000000000002 1262.5000000000002 974.35000610351574 -0.37940952181816096 64.40000152587892 51.750000000000007 972.95001220703136 78.631549835205092 3.5000000000000004 979.45001220703136 5.887965440750123 10.84999990463257
decision_type=2 2 10 10 2 2 2 2 2 2 2 2 2 2
left_child=11 5 -3 4 -4 7 -7 -2 -9 10 -10 -1 13 -13
right_child=1 2 3 -5 -6 6 -8 8 9 -11 -12 12 -14 -15
leaf_value=-0.00056917451573008915 -0.0021263063712786013 0.0011187564286464751 0.0015121561796047674 0.0013644157802160141 0.0076781317047287245 0.00075940952233906225 0.0030808574131405168 -0.0020946436284970302 0.0040856815741188782 0.010095675912733512 -0.0012172703420374473 -0.00016947655140882111 -0.00025153507983773646 0.00097078185023576676
leaf_weight=52902 3762 1502 77 337 107 9380 238 493 580 55 632 28144 77385 26805
leaf_count=52902 3762 1502 77 337 107 9380 238 493 580 55 632 28144 77385 26805
internal_value=-5.82743e-05 0.000587258 0.00368175 0.00940678 0.0174227 0.000171616 0.00101371 -0.00129429 0.000988699 0.00290916 0.00175123 -0.000118114 5.00955e-05 0.000490455
internal_weight=202399 17163 2023 521 184 15140 9618 5522 1760 1267 1212 185236 132334 54949
internal_count=202399 17163 2023 521 184 15140 9618 5522 1760 1267 1212 185236 132334 54949
is_linear=0
shrinkage=0.05


Tree=483
num_leaves=15
num_cat=0
split_feature=18 31 31 32 47 15 1 55 15 26 33 52 52 22
split_gain=3.47559 3.78941 3.3336 2.92542 5.91755 5.94325 11.2529 6.2567 6.44314 8.46419 7.02512 6.74285 12.5563 8.12477
threshold=69.799999237060561 0.54022645950317394 0.71227887272834789 6.0620017217732349e-16 7.9138195514678964 70.90000152587892 68.099998474121108 1.5000000000000002 59.949998855590827 0.77637141942977916 0.65000000596046459 0.99053108692169201 0.98932364583015453 339.50000000000006
decision_type=2 2 2 2 2 2 2 2 2 2 2 2 2 2
left_child=3 -2 -3 -1 -5 6 7 -6 -9 10 11 12 13 -10
right_child=1 2 -4 4 5 -7 -8 8 9 -11 -12 -13 -14 -15
leaf_value=-0.00016316500955688588 -0.0021599360716700721 0.0043287663133844047 0.00038188945701114459 0.00040759526007602177 -0.002036412197982704 -0.0011929285946616042 0.011842773292072565 -1.7233636684326774e-05 0.012017985944667423 0.0066208883608712661 -0.0016397258991370435 -0.0051226825886856037 0.0067893386360823775 0.0022035244622651529
leaf_weight=114004 3147 55 1190 57657 2975 15004 89 5620 121 186 992 225 60 1533
leaf_count=114004 3147 55 1190 57657 2975 15004 89 5620 121 186 992 225 60 1533
internal_value=-4.38228e-05 -0.00143344 0.000896413 -1.30002e-05 0.000210009 -0.000403693 0.00043561 0.000293464 0.000967759 0.00278702 0.00210643 0.00385069 0.00491879 0.00401442
internal_weight=202858 4392 1245 198466 84462 26805 11801 11712 8737 3117 2931 1939 1714 1654
internal_count=202858 4392 1245 198466 84462 26805 11801 11712 8737 3117 2931 1939 1714 1654
is_linear=0
shrinkage=0.05


Tree=484
num_leaves=15
num_cat=0
split_feature=35 19 13 7 16 7 50 23 37 56 1 28 23 40
split_gain=3.25186 6.73052 8.45617 4.8185 4.78857 5.27483 4.39028 4.97052 4.87594 4.38384 4.90083 4.54882 4.27081 9.09179
threshold=65.500000000000014 57.549999237060554 55.98839187622071 28.150000572204593 17.550000190734867 33.699998855590827 1.0000000180025095e-35 0.14500000327825549 71.500000000000014 32.049999237060554 68.099998474121108 23.500000000000004 0.36500000953674322 981.04998779296886
decision_type=2 2 2 2 2 2 2 2 2 2 2 2 2 2
left_child=4 2 -2 -4 5 -1 7 -3 -9 11 -11 -5 -13 -14
right_child=1 6 3 9 -6 -7 -8 8 -10 10 -12 12 13 -15
leaf_value=-4.5444157680126111e-05 0.0004960995135887521 0.0052251392583601746 0.0054576488216373648 0.013520718446935618 -5.0302480374400015e-05 -0.0023825865379398267 -0.00055845881444965286 -0.00013301194329632564 0.00095355193555267501 0.001094959017988956 0.0057499748409474329 0.0010371388000720591 0.00091657512995237675 0.010475017243043588
leaf_weight=9089 11640 233 325 51 124743 9088 21281 14265 7886 2139 71 521 206 235
leaf_count=9089 11640 233 325 51 124743 9088 21281 14265 7886 2139 71 521 206 235
internal_value=-4.71558e-05 0.000265616 0.00117186 0.00330523 -0.000175961 -0.00093391 -4.98008e-05 0.000438956 0.000360768 0.00270182 0.00144144 0.00541056 0.00451646 0.00808204
internal_weight=201773 58853 15188 3548 142920 18177 43665 22384 22151 3223 2210 1013 962 441
internal_count=201773 58853 15188 3548 142920 18177 43665 22384 22151 3223 2210 1013 962 441
is_linear=0
shrinkage=0.05


Tree=485
num_leaves=15
num_cat=0
split_feature=37 42 43 56 36 18 57 16 16 54 13 12 46 43
split_gain=3.19171 7.17405 4.05693 11.915 8.53453 6.67971 5.64918 3.41838 8.62715 8.10166 11.7505 19.1211 7.43766 7.10008
threshold=15.500000000000002 20.250000000000004 2937.5000000000005 21.750000000000004 38.750000000000007 -8.4499998092651349 47.650001525878913 18.349999427795414 21.150000572204593 9.5000000000000018 50.359226226806648 51.697221755981452 2.2500000000000004 632.50000000000011
decision_type=2 2 10 2 2 2 2 2 2 2 2 2 2 10
left_child=1 -1 7 4 5 -4 -5 -2 9 10 11 -9 -11 -13
right_child=2 -3 3 6 -6 -7 -8 8 -10 12 -12 13 -14 -15
leaf_value=-0.0032915473115106564 -0.00072727746605512041 0.0068094889991172081 0.0056513326951064188 -0.0015337548212549538 0.014180665614108757 -0.0024789094936013673 0.005029631543705902 0.00099423895880694653 -4.8575471556467683e-05 0.002321451782356617 -0.0025850812599967528 0.017071441924342668 0.0092299243746627787 0.0020260962552584101
leaf_weight=3081 27582 56 50 606 85 105 53 9422 157496 834 2444 223 187 133
leaf_count=3081 27582 56 50 606 85 105 53 9422 157496 834 2444 223 187 133
internal_value=-5.1813e-05 -0.00163171 -2.68546e-05 0.00330583 0.0126 0.005 -0.000216743 -4.21277e-05 4.13168e-05 0.0012665 0.000906637 0.00168165 0.00552376 0.0128962
internal_weight=202357 3137 199220 899 240 155 659 198321 170739 13243 12222 9778 1021 356
internal_count=202357 3137 199220 899 240 155 659 198321 170739 13243 12222 9778 1021 356
is_linear=0
shrinkage=0.05


Tree=486
num_leaves=15
num_cat=0
split_feature=46 38 52 52 57 46 9 15 52 15 44 43 46 45
split_gain=3.10323 8.274 7.68977 7.2168 18.7032 13.3616 6.81201 8.42963 11.1838 10.9815 10.5087 9.49124 11.5385 9.06433
threshold=6.0499999523162851 10.84999990463257 -0.97876849770545948 -0.97509795427322377 50.583332061767585 16.750000000000004 152.05000305175784 115.40000152587892 0.9996619224548341 107.00000000000001 -6.2757914066314688 542.50000000000011 38.549999237060554 -2.7770953178405757
decision_type=2 2 2 2 2 2 2 2 2 2 2 10 2 2
left_child=-1 -2 -3 4 5 -4 7 8 9 -5 11 12 -11 -10
right_child=1 2 3 6 -6 -7 -8 -9 13 10 -12 -13 -14 -15
leaf_value=4.4499789318231119e-05 -0.0044337068930716886 -0.0051531109241604658 0.016907809585626835 -0.00018214958678610088 -0.0037197392087382425 0.0018811261954078053 0.0023502216472338893 -0.0034070309358819302 0.0082660751117007904 0.00099081282341397436 0.00065575760542244186 0.010781698539916265 0.0046569920039424527 0.00061789677868915823
leaf_weight=159513 2590 2765 88 31291 197 99 518 3899 116 293 766 148 60 139
leaf_count=159513 2590 2765 88 31291 197 99 518 3899 116 293 766 148 60 139
internal_value=-4.27683e-05 -0.000419857 -0.000243756 -5.63482e-05 0.00667513 0.0175888 -0.000127552 -0.000208595 5.28581e-05 -3.03991e-05 0.00451449 0.0100685 0.00533058 0.010283
internal_weight=202482 42969 40379 37614 384 187 37230 36712 32813 32558 1267 501 353 255
internal_count=202482 42969 40379 37614 384 187 37230 36712 32813 32558 1267 501 353 255
is_linear=0
shrinkage=0.05


Tree=487
num_leaves=15
num_cat=0
split_feature=38 55 52 52 45 44 57 52 50 55 37 57 28 11
split_gain=3.12798 6.59326 10.5062 8.89162 12.8031 14.3912 11.5345 7.15095 3.98035 3.99392 3.62996 3.56861 3.27615 5.65068
threshold=5.0499999523162851 2.5000000000000004 -0.34235668182373041 0.29342973232269293 -3.5862329006195064 4.7123055458068857 36.81666564941407 0.3744682669639588 -0.7865660786628722 1.5000000000000002 83.500000000000014 118.51666641235353 12.500000000000002 32.997917175292976
decision_type=2 2 2 2 2 2 2 2 2 2 2 2 2 2
left_child=1 2 -1 -4 7 -6 -7 -5 -8 -10 -3 -12 13 -2
right_child=12 10 3 4 5 6 8 -9 9 -11 11 -13 -14 -15
leaf_value=0.012450579676877911 0.0058795192270558096 -0.0048721359322698434 -0.0022361652473230505 0.0091944711408835748 0.0010976879832096356 -0.00031217869364020081 0.0081892013832056063 -0.001310851156966112 0.0074722485577979796 0.0091537574165006311 0.0029003747413073526 -0.00032228024366280899 -1.2061049752107724e-06 -0.0035679500880825806
leaf_weight=51 615 4914 1443 65 660 109 57 1576 117 122 93 945 191439 318
leaf_count=51 615 4914 1443 65 660 109 57 1576 117 122 93 945 191439 318
internal_value=-3.16996e-05 -0.000886638 0.000629452 0.000325798 0.00201399 0.00625581 0.0135542 -0.000760147 0.0185294 0.0213052 -0.00195572 0.00072519 1.34616e-05 0.00295334
internal_weight=202524 10152 4200 4149 2706 1065 405 1641 296 239 5952 1038 192372 933
internal_count=202524 10152 4200 4149 2706 1065 405 1641 296 239 5952 1038 192372 933
is_linear=0
shrinkage=0.05


Tree=488
num_leaves=15
num_cat=0
split_feature=49 50 44 44 38 23 14 24 53 9 16 38 53 53
split_gain=3.00361 6.62377 5.46207 5.02199 12.0566 19.7084 9.18676 7.80684 16.6137 9.90044 7.64129 6.65046 6.98821 6.38535
threshold=-22.499999999999996 -0.7865660786628722 -3.423660039901733 3.4404289722442631 24.150000572204593 0.40500000119209295 6.2559351921081552 25.500000000000004 0.67007490992546093 61.100000381469734 17.94999980926514 12.750000000000002 -0.61915585398674 0.47369650006294256
decision_type=8 2 2 2 2 2 2 2 2 2 2 2 2 2
left_child=1 2 -1 -3 7 6 -6 8 9 10 -5 12 -12 -11
right_child=-2 3 -4 4 5 -7 -8 -9 -10 13 11 -13 -14 -15
leaf_value=0.0001596823562702953 9.8940872538031449e-05 -0.00024299251891837738 -0.0018631067505053664 -0.0057861345164593389 0.0015596275893222668 0.0022461015230137 0.024917971914862971 -0.0030438443589790834 -0.0010910858261423838 0.0075089843081544748 0.014196792376600801 0.0013752428591316521 0.005462750507900088 0.002020207015029907
leaf_weight=4260 124477 51938 10715 587 50 564 110 2457 3890 734 69 1501 611 307
leaf_count=4260 124477 51938 10715 587 50 564 110 2457 3890 734 69 1501 611 307
internal_value=-2.12589e-05 -0.000264965 -0.00120954 -3.96332e-05 0.000936638 0.00712534 0.0220588 0.000488883 0.00127189 0.00361482 0.00203744 0.00339799 0.00746377 0.00774976
internal_weight=202270 77793 14975 62818 10880 724 160 10156 7699 3809 2768 2181 680 1041
internal_count=202270 77793 14975 62818 10880 724 160 10156 7699 3809 2768 2181 680 1041
is_linear=0
shrinkage=0.05


Tree=489
num_leaves=15
num_cat=0
split_feature=43 46 13 33 26 36 19 52 44 23 24 42 24 45
split_gain=3.32151 6.14806 8.23366 6.83327 8.04121 7.87957 6.73053 6.51537 7.89484 8.62853 8.93898 6.64026 15.7777 6.48974
threshold=387.50000000000006 3.2500000000000004 37.939880371093757 0.45000000298023229 0.82285580039024364 15.250000000000002 44.45000076293946 -0.8940606117248534 5.0510108470916757 0.40500000119209295 19.500000000000004 19.750000000000004 26.500000000000004 -10.80076742172241
decision_type=10 2 2 2 2 2 2 2 2 2 2 2 2 2
left_child=-1 3 -3 4 5 -2 -4 8 -7 -10 -11 -9 -13 -5
right_child=1 2 6 13 -6 7 -8 11 9 10 -12 12 -14 -15
leaf_value=9.1592011363846536e-05 0.00390188428569423 -0.0063247932710319109 0.0014215840355122885 0.0046885740476320711 -0.0010618600029593511 -0.0017564599179288696 -0.00085802167129388316 0.00092096117653882824 -0.001528396880147325 0.0054819731405026002 0.00070667945791291287 -0.0033220591867623712 0.010645306222085239 -0.0016004131651887179
leaf_weight=145752 283 2690 2285 118 7682 3861 14466 16929 370 261 236 183 162 7329
leaf_count=145752 283 2690 2285 118 7682 3861 14466 16929 370 261 236 183 162 7329
internal_value=-2.18898e-05 -0.000345996 -0.00106704 2.88573e-05 0.000365779 0.000846601 -0.000653602 0.000737778 -0.000905447 0.00338084 0.00762327 0.0011878 0.00795775 -0.0013256
internal_weight=202607 56855 19441 37414 29967 22285 16751 22002 4728 867 497 17274 345 7447
internal_count=202607 56855 19441 37414 29967 22285 16751 22002 4728 867 497 17274 345 7447
is_linear=0
shrinkage=0.05


Tree=490
num_leaves=15
num_cat=0
split_feature=49 42 21 52 56 51 29 12 30 15 53 15 36 56
split_gain=3.65841 5.3282 5.07865 4.68442 6.8952 4.73729 6.87198 5.18676 8.41218 8.87436 4.44531 8.24173 4.22999 7.02178
threshold=-19.374999999999996 5.3500001430511483 10.500000000000002 0.999393790960312 25.150000572204593 0.12940952181816107 6.8500001430511483 56.656944274902351 157.50000000000003 99.299999237060561 0.99988442659378063 183.69999694824222 28.849999427795414 44.549999237060554
decision_type=8 2 2 2 2 2 2 2 8 2 2 2 2 2
left_child=-1 3 -3 5 -5 10 7 8 -7 -10 -2 -12 -4 -14
right_child=1 2 12 4 -6 6 -8 -9 9 -11 11 -13 13 -15
leaf_value=-0.00030543398815826282 0.00012285400025565879 -0.0012212482933916336 -0.00027501182478260146 0.0066432272994093504 -0.0013454739046920934 0.0019125019973135285 0.0025846480392718381 3.8468385536373143e-05 0.0057521190043135963 0.0074243245828791429 0.0049348911322973045 -0.0031377954548348986 -0.00013689677632292222 0.0011049472204123826
leaf_weight=79687 31311 8714 42618 105 108 2332 1799 6330 193 50 82 72 17783 10760
leaf_count=79687 31311 8714 42618 105 108 2332 1799 6330 193 50 82 72 17783 10760
internal_value=-7.31367e-05 9.86763e-05 -0.000141767 0.000551754 0.00778027 0.000513406 0.0014215 0.00084969 0.00273694 0.0114032 0.000204129 0.00841463 -2.17905e-06 0.000468776
internal_weight=201944 122257 79875 42382 213 42169 10704 8905 2575 243 31465 154 71161 28543
internal_count=201944 122257 79875 42382 213 42169 10704 8905 2575 243 31465 154 71161 28543
is_linear=0
shrinkage=0.05


Tree=491
num_leaves=15
num_cat=0
split_feature=29 43 34 0 27 47 49 14 13 4 3 30 18 33
split_gain=3.42026 5.28623 9.279 3.16498 3.7775 6.88181 5.32217 5.08644 4.75457 4.62246 5.31481 4.56226 4.49495 6.50824
threshold=23.650000572204593 62.500000000000007 -2.8500000238418575 15.84999990463257 34.350000381469734 6.3100724220275888 -1037.4999999999998 37.733699798583991 37.939880371093757 28.550000190734867 25.44999980926514 607.50000000000011 -20.249999999999996 7.2500000000000009
decision_type=2 8 2 2 2 2 8 2 2 2 2 8 2 2
left_child=3 2 -2 -1 6 7 8 -6 -5 10 -10 -7 13 -13
right_child=1 -3 -4 4 5 11 -8 -9 9 -11 -12 12 -14 -15
leaf_value=0.0014827243744511974 -0.0012310896173141396 0.0011467877117484948 0.0084407203969338335 -0.0032944588833711875 -0.0031533199716574766 0.0023700574138038281 -4.3575924483134193e-05 0.0041710040669392301 0.0039538280931002102 0.0012761225925987719 0.012216181587112173 0.0014774100830144423 -0.00081168694753343479 0.016814903092205926
leaf_weight=4264 57 600 82 851 4094 1881 171615 76 180 6480 116 655 11552 64
leaf_count=4264 57 600 82 851 4094 1881 171615 76 180 6480 116 655 11552 64
internal_value=-2.80646e-05 0.00334446 0.0117785 -4.05783e-05 -6.96966e-05 -0.000753329 2.21958e-07 -0.00253589 0.00129174 0.00173445 0.0077451 -0.000226664 -0.000578537 0.00323045
internal_weight=202567 739 139 201828 197564 18322 179242 4170 7627 6776 296 14152 12271 719
internal_count=202567 739 139 201828 197564 18322 179242 4170 7627 6776 296 14152 12271 719
is_linear=0
shrinkage=0.05


Tree=492
num_leaves=15
num_cat=0
split_feature=44 28 40 55 43 51 42 50 37 37 40 53 50 12
split_gain=3.5054 7.26333 9.86796 7.621 7.78799 6.7907 6.48147 6.29667 4.96381 8.40162 4.42934 5.93045 9.34885 6.1518
threshold=-10.111193180084227 51.500000000000007 982.04998779296886 5.5000000000000009 602.50000000000011 -0.12940952181816107 19.250000000000004 -0.37940952181816096 43.500000000000007 54.500000000000007 977.85000610351574 -0.86112883687019337 0.60355338454246532 31.983333587646488
decision_type=2 2 2 2 10 2 2 2 2 2 2 2 2 2
left_child=1 2 3 4 10 6 8 -8 -6 -10 11 -1 13 -13
right_child=-2 -3 -4 -5 5 -7 7 -9 9 -11 -12 12 -14 -15
leaf_value=0.00078959538398618305 3.7620295181882161e-05 -0.0018817514075569039 -0.0033225376705507494 -0.008288840513782144 -0.0029306979424667395 0.011590712476242025 0.0032298360813881699 0.012316119474730734 0.011613496634585024 -0.00057208951109383979 -0.0013641126433796393 0.0096382578442461564 0.011648873282095582 -0.0086564491070818192
leaf_weight=569 190399 8035 1315 381 217 87 56 56 167 162 814 52 118 154
leaf_count=569 190399 8035 1315 381 217 87 56 56 167 162 814 52 118 154
internal_value=-7.7014e-06 -0.000829576 0.000868205 0.00252726 0.00354996 0.00778146 0.00585329 0.0163115 0.00345324 0.00724189 0.00166861 0.00408084 0.00937126 0.00263889
internal_weight=202582 12183 4148 2833 2452 745 658 112 546 329 1707 893 324 206
internal_count=202582 12183 4148 2833 2452 745 658 112 546 329 1707 893 324 206
is_linear=0
shrinkage=0.05


Tree=493
num_leaves=15
num_cat=0
split_feature=0 21 43 52 55 23 52 24 11 43 43 37 13 13
split_gain=3.36675 3.77257 6.57227 3.67288 7.31863 6.14463 4.72141 17.0468 10.1009 8.89089 5.83066 8.07457 5.00379 4.51046
threshold=20.250000000000004 202.50000000000003 1347.5000000000002 0.99628883600234996 2.5000000000000004 0.76499998569488536 0.98667103052139293 9.5000000000000018 37.510416030883796 47.500000000000007 1422.5000000000002 65.500000000000014 43.122322082519538 61.141965866088874
decision_type=2 2 8 2 2 2 2 2 2 8 10 2 2 2
left_child=1 -1 -3 6 -5 -6 -2 8 -8 -10 11 12 -11 -13
right_child=3 2 -4 4 5 -7 7 -9 9 10 -12 13 -14 -15
leaf_value=0.00087746723765730382 -0.00011902616103159608 0.00024994102637006563 0.010510852659425389 0.0013411402676333424 -0.0038482241244310773 0.0071271262721331261 0.00056458708721136418 -0.0017181442901532352 0.01023240504530646 0.0051866432510083152 -0.0023188757712574214 -0.0026288298305035393 0.0033501167122553369 0.012049447511291639
leaf_weight=8881 184423 136 84 1607 2693 95 730 2286 163 341 167 221 137 59
leaf_count=8881 184423 136 84 1607 2693 95 730 2286 163 341 167 221 137 59
internal_value=-8.91698e-05 0.00085007 0.00717391 -0.00013352 -0.00156073 -0.00310579 -0.000100167 0.00157511 0.00517505 0.00820583 0.00617647 0.00802083 0.0119057 0.0012069
internal_weight=202023 9101 220 192922 4395 2788 188527 4104 1818 1088 925 758 478 280
internal_count=202023 9101 220 192922 4395 2788 188527 4104 1818 1088 925 758 478 280
is_linear=0
shrinkage=0.05


Tree=494
num_leaves=15
num_cat=0
split_feature=35 16 16 37 16 13 13 42 54 15 40 23 16 50
split_gain=3.03396 3.20419 6.5447 7.0207 9.19996 18.1499 7.96468 8.83039 5.38658 8.2077 7.41547 7.69995 8.12319 9.49763
threshold=71.500000000000014 17.550000190734867 21.150000572204593 29.500000000000004 63.699998855590827 54.414285659790046 38.446130752563484 19.94999980926514 9.5000000000000018 87.40000152587892 991.25000000000011 0.33500000834465032 20.94999980926514 -0.37940952181816096
decision_type=2 2 2 2 2 2 2 2 2 2 2 2 2 2
left_child=1 -1 8 4 6 -6 -4 -8 9 -3 11 -10 13 -13
right_child=-2 2 3 -5 5 -7 7 -9 10 -11 -12 12 -14 -15
leaf_value=-0.00072408049670347153 0.00079169942479788565 0.00099117502920944146 0.0012307979395418855 -1.2141249579621268e-05 0.0061003768569065269 -0.0044523232359675686 -0.0049897272607126592 0.008685985493110537 -0.00029220374060598642 -0.0037731524068316397 0.0082466860904477687 0.00087352065941959751 -0.00012635188341523929 0.0116735886607316
leaf_weight=24661 8344 14021 1598 144704 59 113 5983 51 515 1856 59 91 173 152
leaf_count=24661 8344 14021 1598 144704 59 113 5983 51 515 1856 59 91 173 152
internal_value=-3.16233e-05 -7.17883e-05 5.75493e-06 -9.7629e-05 -0.00155746 0.00956044 -0.00182021 -0.00265056 0.000940036 0.000715364 0.0045 0.00328905 0.00826291 0.0139723
internal_weight=202380 194036 169375 152508 7804 172 7632 6034 16867 15877 990 931 416 243
internal_count=202380 194036 169375 152508 7804 172 7632 6034 16867 15877 990 931 416 243
is_linear=0
shrinkage=0.05


Tree=495
num_leaves=15
num_cat=0
split_feature=19 13 57 54 43 14 15 0 30 53 40 53 53 40
split_gain=3.1201 4.6073 7.93538 18.052 16.7802 11.75 7.85195 8.80916 8.77423 15.3627 8.20541 7.9149 8.81771 10.7389
threshold=175.80000305175784 52.60327339172364 28.216667175292972 5.5000000000000009 1307.5000000000002 9.3381128311157244 141.80000305175784 50.95000076293946 82.500000000000014 -0.99465739727020253 973.14999389648449 -0.92921787500381459 -0.90161547064781178 978.35000610351574
decision_type=2 2 2 2 10 2 2 2 10 2 2 2 2 2
left_child=1 6 3 -3 -5 -6 7 8 9 10 -1 -11 13 -13
right_child=-2 2 -4 4 5 -7 -8 -9 -10 11 -12 12 -14 -15
leaf_value=0.0019757451063178353 -0.00036253519383429447 -0.0021909978537824211 0.00019556495592801411 0.0028690784735473738 -0.00078401198456583526 0.013436565023661279 0.0054894322130420257 -0.0014375913958672034 -0.00043725185795925994 -0.0026487621839379467 0.0069172996249922169 0.0013415420859447869 0.00070507089694820963 0.013297849602023621
leaf_weight=160 27619 683 92128 624 51 193 477 19807 39599 2144 128 370 18090 250
leaf_count=160 27619 683 92128 624 51 193 477 19807 39599 2144 128 370 18090 250
internal_value=-4.3568e-05 3.45124e-05 0.000273297 0.00380845 0.00855353 0.0194094 -0.000241563 -0.0002798 1.88462e-05 0.000841054 0.0121141 0.000679638 0.00100961 0.0068254
internal_weight=202323 174704 93679 1551 868 244 81025 80548 60741 21142 288 20854 18710 620
internal_count=202323 174704 93679 1551 868 244 81025 80548 60741 21142 288 20854 18710 620
is_linear=0
shrinkage=0.05


Tree=496
num_leaves=15
num_cat=0
split_feature=43 38 53 36 13 13 13 36 52 57 43 36 39 53
split_gain=3.61626 7.11672 5.33876 10.979 15.9015 10.2075 7.59513 6.56501 14.4978 14.3097 13.9027 8.74755 7.39801 6.73592
threshold=907.50000000000011 8.0500001907348651 0.38043944537639623 28.849999427795414 74.145236968994155 62.920238494873054 66.634223937988295 33.350000381469734 0.75014290213584911 63.383333206176765 2212.5000000000005 37.95000076293946 1.0000000180025095e-35 0.046214086934924133
decision_type=10 2 2 2 2 2 2 2 2 2 10 2 2 2
left_child=-1 -2 7 -4 5 -5 -7 -3 12 11 -11 -10 13 -9
right_child=1 2 3 4 -6 6 -8 8 9 10 -12 -13 -14 -15
leaf_value=2.0814851601888723e-05 -0.0040119706339151531 -0.0014135983090950348 -0.00021866705270828847 0.0024588207441541034 -3.7732022826271672e-05 0.0071937716688971788 0.0032377810071347653 -0.00066456274759558336 0.0012364406746867829 0.0010892572008649394 0.007869072114045297 0.0088442549563844154 0.0026074598526540679 0.0039959042390045399
leaf_weight=171186 4397 9621 2123 220 517 113 152 11606 1152 56 54 357 978 182
leaf_count=171186 4397 9621 2123 220 517 113 152 11606 1152 56 54 357 978 182
internal_value=-6.89126e-05 -0.000560912 -0.000258098 0.00168261 0.00596838 0.0123737 0.0188182 -0.000511327 0.000164987 0.00460712 0.02125 0.00326201 -0.000401535 -0.000749281
internal_weight=202714 31528 27131 3125 1002 485 265 24006 14385 1619 110 1509 12766 11788
internal_count=202714 31528 27131 3125 1002 485 265 24006 14385 1619 110 1509 12766 11788
is_linear=0
shrinkage=0.05


Tree=497
num_leaves=15
num_cat=0
split_feature=27 29 24 55 14 47 38 8 18 7 44 24 38 47
split_gain=4.01087 3.16583 5.28025 6.02703 4.0945 4.71347 4.16788 3.99704 4.27975 3.73286 4.13523 8.26074 15.169 12.62
threshold=6.7500000000000009 3.7500000000000004 358.00000000000006 2.5000000000000004 54.87457466125489 2.9929075241088872 7.8500001430511483 136.19999694824222 -79.450000762939439 188.85000610351565 -3.2534259557723995 21.500000000000004 23.650000572204593 6.3727922439575204
decision_type=2 2 2 2 2 2 2 2 2 2 2 2 2 2
left_child=-1 2 4 -4 -2 6 -6 -7 -9 10 -3 -12 -13 -14
right_child=1 9 3 -5 5 7 -8 8 -10 -11 11 12 13 -15
leaf_value=0.00073433275058645202 -0.00050699365511929309 -0.00022237975800977147 0.0082607977636722525 -0.0014296356282991838 0.004544457918101214 0.0016231885061562742 -6.6788376573534425e-05 0.0049790422511874158 -0.0019595744473302028 -0.0011535003787574904 0.00054684839081848994 -0.00098393074587284053 -0.00050951314773062999 0.0025009817282030957
leaf_weight=4050 37700 56070 84 74 190 1206 130 55 1201 3936 64169 26791 3104 3497
leaf_count=4050 37700 56070 84 74 190 1206 130 55 1201 3936 64169 26791 3104 3497
internal_value=-2.8602e-05 -6.04652e-05 -0.000453876 0.00839286 -0.000490468 0.00135745 0.0069697 0.00060275 -0.00136651 4.10264e-05 8.0023e-05 0.000276669 -0.000361057 0.00178415
internal_weight=202257 198207 40640 158 40482 2782 320 2462 1256 157567 153631 97561 33392 6601
internal_count=202257 198207 40640 158 40482 2782 320 2462 1256 157567 153631 97561 33392 6601
is_linear=0
shrinkage=0.05


Tree=498
num_leaves=15
num_cat=0
split_feature=26 24 13 52 38 54 52 13 54 56 26 55 13 57
split_gain=3.03571 7.32589 6.80216 13.8111 11.2092 11.1879 11.5652 11.5722 21.3834 24.9951 22.6486 18.9649 16.8071 14.6057
threshold=0.9352884590625764 5.5000000000000009 68.673812866210952 -0.99763298034667958 17.150000572204593 11.500000000000002 0.65233618021011364 76.131843566894545 9.5000000000000018 64.599998474121108 0.5805640220642091 2.5000000000000004 83.066963195800795 77.683330535888686
decision_type=2 2 2 2 2 2 2 2 2 2 2 2 2 2
left_child=2 -2 -1 4 -4 6 7 8 9 -5 -11 -12 -9 -13
right_child=1 -3 3 5 -6 -7 -8 12 -10 10 11 13 -14 -15
leaf_value=-0.00013425276158717821 -4.7218958236168312e-05 -0.0018152516387441369 0.00093489710261313204 0.00092160897163788428 0.0079411424863172902 -0.001059651961463982 -0.0010828485903357917 -0.0014999096785920018 -0.0011043260532738704 0.0012933645232770887 0.010661631679007053 -0.00078433183172902223 0.0010181762759947581 0.0050567719432059325
leaf_weight=117093 28055 7942 84 2242 79 8170 6525 5945 1806 871 639 329 21332 513
leaf_count=117093 28055 7942 84 2242 79 8170 6525 5945 1806 871 639 329 21332 513
internal_value=-3.75691e-05 -0.000453663 5.28852e-05 0.000550519 0.0146532 0.000499978 0.000842782 0.00121605 0.00312792 0.00493701 0.00852667 0.0122703 0.000766481 0.00720657
internal_weight=201625 35997 165628 48535 163 48372 40202 33677 6400 4594 2352 1481 27277 842
internal_count=201625 35997 165628 48535 163 48372 40202 33677 6400 4594 2352 1481 27277 842
is_linear=0
shrinkage=0.05


Tree=499
num_leaves=15
num_cat=0
split_feature=35 19 47 50 46 28 31 34 33 51 49 43 54 24
split_gain=3.28214 3.21154 4.36351 3.9633 4.18315 3.86824 3.3811 3.17659 9.10407 5.72777 3.19758 4.42158 5.51181 5.09181
threshold=68.500000000000014 34.649999618530281 3.998561024665833 0.60355338454246532 29.349999427795414 17.500000000000004 2.011888980865479 5.9500000476837167 1.0000000180025095e-35 0.60355338454246532 -32.499999999999993 722.50000000000011 3.5000000000000004 3.5000000000000004
decision_type=2 2 2 2 2 2 2 2 2 2 8 10 2 2
left_child=7 2 -2 5 -5 6 -4 10 9 -9 -1 -12 13 -13
right_child=1 -3 3 4 -6 -7 -8 8 -10 -11 11 12 -14 -15
leaf_value=-0.00038676251819521316 0.008869008497651933 0.00027400196851776404 0.011326872756100585 0.0031657765553030322 0.0076352363708437065 -0.00046496496128904918 0.0018723221842851428 0.003863952982072311 -0.0042262755735759461 0.014268449441318793 0.00021877110014886781 0.00033166465693782398 -0.00014232402560022042 -0.0043415421266695771
leaf_weight=61589 103 31333 75 422 114 1486 168 149 259 69 76602 1401 24988 3305
leaf_count=61589 103 31333 75 422 114 1486 168 149 259 69 76602 1401 24988 3305
internal_value=-9.97284e-06 0.00044036 0.00221194 0.00172527 0.00543956 0.000549165 0.00626482 -0.000100137 0.00393224 0.0112281 -0.000111827 5.42761e-05 -0.000463575 -0.00203138
internal_weight=202063 33701 2368 2265 536 1729 243 168362 477 218 167885 106296 29694 4706
internal_count=202063 33701 2368 2265 536 1729 243 168362 477 218 167885 106296 29694 4706
is_linear=0
shrinkage=0.05


end of trees

feature_importances:
doy_sin=450
doy_cos=435
pm25_now=361
wind_mean_h=355
pm25_mean168=289
boundary_layer_height_tgt=272
dew_point_2m_tgt=254
relative_humidity_2m_tgt=238
precip_cum_h=232
snaive_3d_mean=226
wind_u_tgt=221
pm25_mean72=211
surface_pressure_tgt=180
pm25_min24=178
blh_diff_tgt=168
pm_coarse_ratio=167
temperature_2m_tgt=159
aerosol_optical_depth_now=158
snaive_1d=158
pm10_now=134
dust_now=130
pm25_max24=128
month=115
dayofweek=112
wind_speed_10m_tgt=109
relative_humidity_2m_now=108
wind_v_tgt=107
hour_cos=100
precip_sum24=91
cloud_cover_tgt=89
hour_sin=72
nitrogen_dioxide_now=69
pm25_trend6=68
pm25_lag1=66
pm25_mean24=64
pm25_lag168=58
pm25_std24=57
sulphur_dioxide_now=56
temperature_2m_now=50
pm25_trend24=48
pm25_lag48=45
pm25_lag72=41
ozone_now=38
wind_speed_10m_now=36
temp_change24=32
pm25_lag6=30
wind_v_now=30
boundary_layer_height_now=29
temp_diff_tgt=27
wind_u_now=24
pm25_lag2=18
pm25_lag12=18
pm25_mean6=18
carbon_monoxide_now=18
pm25_lag24=16
horizon=14
pm25_lag3=13
precipitation_tgt=10

parameters:
[boosting: gbdt]
[objective: quantile]
[metric: quantile]
[tree_learner: serial]
[device_type: cpu]
[data_sample_strategy: bagging]
[data: ]
[valid: ]
[num_iterations: 500]
[learning_rate: 0.05]
[num_leaves: 15]
[num_threads: 8]
[seed: 42]
[deterministic: 0]
[force_col_wise: 0]
[force_row_wise: 0]
[histogram_pool_size: -1]
[max_depth: -1]
[min_data_in_leaf: 50]
[min_sum_hessian_in_leaf: 0.001]
[bagging_fraction: 0.7]
[pos_bagging_fraction: 1]
[neg_bagging_fraction: 1]
[bagging_freq: 1]
[bagging_seed: 400]
[bagging_by_query: 0]
[feature_fraction: 0.7]
[feature_fraction_bynode: 1]
[feature_fraction_seed: 30056]
[extra_trees: 0]
[extra_seed: 12879]
[early_stopping_round: 0]
[early_stopping_min_delta: 0]
[first_metric_only: 0]
[max_delta_step: 0]
[lambda_l1: 0]
[lambda_l2: 10]
[linear_lambda: 0]
[min_gain_to_split: 0]
[drop_rate: 0.1]
[max_drop: 50]
[skip_drop: 0.5]
[xgboost_dart_mode: 0]
[uniform_drop: 0]
[drop_seed: 17869]
[top_rate: 0.2]
[other_rate: 0.1]
[min_data_per_group: 100]
[max_cat_threshold: 32]
[cat_l2: 10]
[cat_smooth: 10]
[max_cat_to_onehot: 4]
[top_k: 20]
[monotone_constraints: ]
[monotone_constraints_method: basic]
[monotone_penalty: 0]
[feature_contri: ]
[forcedsplits_filename: ]
[refit_decay_rate: 0.9]
[cegb_tradeoff: 1]
[cegb_penalty_split: 0]
[cegb_penalty_feature_lazy: ]
[cegb_penalty_feature_coupled: ]
[path_smooth: 0]
[interaction_constraints: ]
[verbosity: -1]
[saved_feature_importance_type: 0]
[use_quantized_grad: 0]
[num_grad_quant_bins: 4]
[quant_train_renew_leaf: 0]
[stochastic_rounding: 1]
[linear_tree: 0]
[max_bin: 255]
[max_bin_by_feature: ]
[min_data_in_bin: 3]
[bin_construct_sample_cnt: 200000]
[data_random_seed: 175]
[is_enable_sparse: 1]
[enable_bundle: 1]
[use_missing: 1]
[zero_as_missing: 0]
[feature_pre_filter: 1]
[pre_partition: 0]
[two_round: 0]
[header: 0]
[label_column: ]
[weight_column: ]
[group_column: ]
[ignore_column: ]
[categorical_feature: ]
[forcedbins_filename: ]
[precise_float_parser: 0]
[parser_config_file: ]
[objective_seed: 16083]
[num_class: 1]
[is_unbalance: 0]
[scale_pos_weight: 1]
[sigmoid: 1]
[boost_from_average: 1]
[reg_sqrt: 0]
[alpha: 0.9]
[fair_c: 1]
[poisson_max_delta_step: 0.7]
[tweedie_variance_power: 1.5]
[lambdarank_truncation_level: 30]
[lambdarank_norm: 1]
[label_gain: ]
[lambdarank_position_bias_regularization: 0]
[eval_at: ]
[multi_error_top_k: 1]
[auc_mu_weights: ]
[num_machines: 1]
[local_listen_port: 12400]
[time_out: 120]
[machine_list_filename: ]
[machines: ]
[gpu_platform_id: -1]
[gpu_device_id: -1]
[gpu_device_id_list: ]
[gpu_use_dp: 0]
[num_gpu: 1]

end of parameters

pandas_categorical:[]
