tree
version=v4
num_class=1
num_tree_per_iteration=1
label_index=0
max_feature_idx=57
objective=quantile
feature_names=pm25_now pm25_lag1 pm25_lag2 pm25_lag3 pm25_lag6 pm25_lag12 pm25_lag24 pm25_lag48 pm25_lag72 pm25_lag168 pm25_mean6 pm25_mean24 pm25_mean72 pm25_mean168 pm25_std24 pm25_max24 pm25_min24 pm25_trend6 pm25_trend24 pm10_now nitrogen_dioxide_now ozone_now carbon_monoxide_now aerosol_optical_depth_now dust_now sulphur_dioxide_now pm_coarse_ratio temperature_2m_now relative_humidity_2m_now wind_speed_10m_now boundary_layer_height_now wind_u_now wind_v_now precip_sum24 temp_change24 horizon temperature_2m_tgt relative_humidity_2m_tgt dew_point_2m_tgt precipitation_tgt surface_pressure_tgt cloud_cover_tgt wind_speed_10m_tgt boundary_layer_height_tgt wind_u_tgt wind_v_tgt precip_cum_h wind_mean_h temp_diff_tgt blh_diff_tgt hour_sin hour_cos doy_sin doy_cos month dayofweek snaive_1d snaive_3d_mean
feature_infos=[0.60000002384185791:362.29998779296875] [0.5:358.60000610351562] [0.5:365.10000610351562] [0.60000002384185791:362.29998779296875] [0.60000002384185791:362.29998779296875] [0.60000002384185791:362.29998779296875] [0.60000002384185791:362.29998779296875] [0.60000002384185791:362.29998779296875] [0.60000002384185791:362.29998779296875] [0.60000002384185791:362.29998779296875] [0.61666667461395264:355.14999389648438] [0.66250002384185791:292.8416748046875] [9.0597219467163086:247.875] [20.088094711303711:220.05357360839844] [0.062409352511167526:86.876152038574219] [0.80000001192092896:365.10000610351562] [0.5:191.39999389648438] [-215.60000610351562:176] [-185.30000305175781:227.60000610351562] [0.80000001192092896:840.0999755859375] [0:317.70001220703125] [0:332] [59:12844] [0.029999999329447746:3.1700000762939453] [0:1287] [0.10000000149011612:97.900001525878906] [0.14162816107273102:1] [1.3999999761581421:46.099998474121094] [5:100] [0:35] [10:5205] [-30.195400238037109:26.683734893798828] [-32.10614013671875:29.681682586669922] [0:93.900001525878906] [-15.100000381469727:13.699999809265137] [13:24] [1.1000000238418579:46.5] [5:100] [-9.8999996185302734:28.700000762939453] [0:19.899999618530273] [965.4000244140625:1001.5] [0:100] [0:37.200000762939453] [10:5250] [-30.195400238037109:36.426445007324219] [-34.567955017089844:30.310888290405273] [0:93.900001525878906] [0.70769232511520386:27.338460922241211] [-19.200000762939453:17.5] [-5185:5220] [-1:1] [-1:1] [-0.99999940395355225:0.99998557567596436] [-0.99997919797897339:0.99999076128005981] [1:12] [0:6] [0.5:365.10000610351562] [0.66666668653488159:307.63333129882812]
tree_sizes=1487 1533 1541 1536 1535 1538 1533 1547 1531 1526 1535 1548 1547 1543 1544 1550 1552 1545 1558 1546 1544 1557 1561 1538 1549 1549 1532 1547 1563 1549 1560 1552 1547 1550 1556 1538 1535 1550 1568 1550 1554 1549 1554 1557 1542 1556 1543 1547 1547 1549 1559 1552 1541 1558 1547 1552 1563 1548 1555 1564 1565 1558 1558 1560 1545 1545 1552 1551 1554 1555 1544 1551 1550 1557 1550 1551 1558 1540 1582 1550 1549 1558 1567 1546 1523 1556 1532 1574 1539 1551 1544 1556 1545 1552 1523 1545 1548 1556 1553 1545 1556 1543 1541 1540 1565 1534 1544 1564 1554 1532 1568 1554 1564 1530 1549 1557 1551 1522 1509 1568 1557 1565 1567 1564 1561 1529 1537 1555 1552 1560 1555 1564 1551 1580 1545 1536 1553 1549 1551 1551 1569 1549 1518 1557 1561 1548 1542 1566 1545 1561 1556 1563 1553 1555 1570 1559 1530 1550 1563 1550 1533 1553 1536 1553 1544 1560 1560 1530 1550 1549 1577 1565 1569 1527 1554 1562 1529 1558 1535 1545 1552 1536 1560 1549 1569 1570 1554 1565 1559 1528 1531 1570 1559 1541 1523 1532 1527 1557 1534 1529 1544 1556 1526 1575 1549 1551 1528 1564 1546 1555 1528 1523 1541 1546 1549 1540 1535 1546 1539 1517 1541 1533 1510 1534 1512 1556 1544 1540 1536 1554 1554 1547 1543 1540 1537 1550 1532 1561 1531 1500 1540 1550 1531 1562 1504 1551 1561 1550 1523 1544 1518 1536 1527 1563 1513 1540 1548 1550 1575 1533 1545 1551 1504 1512 1564 1547 1538 1535 1540 1504 1543 1547 1536 1542 1532 1543 1528 1525 1549 1532 1521 1509 1544 1541 1555 1534 1529 1535 1506 1561 1571 1538 1561 1525 1534 1558 1555 1533 1497 1542 1543 1524 1513 1536 1494 1505 1516 1511 1557 1548 1529 1529 1528 1551 1522 1525 1547 1548 1543 1561 1556 1542 1532 1535 1507 1547 1538 1548 1507 1537 1538 1542 1528 1550 1535 1539 1508 1578 1542 1504 1536 1525 1526 1546 1494 1538 1534 1522 1542 1533 1499 1542 1522 1535 1534 1529 1537 1524 1532 1558 1502 1514 1524 1522 1529 1539 1547 1531 1517 1554 1538 1524 1553 1512 1536 1533 1538 1555 1551 1534 1525 1527 1523 1515 1509 1499 1557 1532 1568 1547 1526 1570 1543 1567 1554 1535 1524 1539 1513 1539 1555 1555 1537 1542 1542 1523 1558 1514 1550 1527 1555 1547 1512 1540 1544 1541 1510 1522 1521 1504 1514 1526 1560 1506 1520 1553 1535 1526 1529 1544 1498 1525 1520 1523 1518 1556 1506 1532 1504 1560 1530 1520 1517 1516 1534 1551 1522 1527 1538 1494 1552 1538 1501 1534 1511 1515 1539 1534 1534 1542 1547 1531 1536 1548 1541 1527 1527 1546 1558 1524 1501 1517 1489 1548 1543 1554 1533 1537 1510 1517 1522 1487 1518 1536 1533 1499 1502 1537 1510 1533 1540 1508 1554 1532 1527 1531 1524 1526 1554 1526

Tree=0
num_leaves=15
num_cat=0
split_feature=17 49 49 50 17 21 1 49 57 37 56 46 0 23
split_gain=964.807 607.216 175.286 110.114 94.5933 90.2831 57.7555 57.1248 54.5017 42.3255 28.9003 27.8911 27.177 25.99
threshold=26.650000572204593 152.50000000000003 52.500000000000007 1.0000000180025095e-35 45.350000381469734 53.500000000000007 96.500000000000014 27.500000000000004 30.083333969116214 57.500000000000007 14.050000190734865 4.1499998569488534 39.95000076293946 0.55500000715255748
decision_type=2 10 10 2 2 2 2 8 2 2 2 2 2 2
left_child=2 7 -1 4 13 6 8 11 12 -9 -7 -2 -4 -3
right_child=1 3 5 -5 -6 10 -8 9 -10 -11 -12 -13 -14 -15
leaf_value=-0.62780565394806254 -0.63875693540294232 -0.66803125308484801 -0.65025179251801257 -0.6568352843363966 -0.67413718340271989 -0.66003282458395396 -0.66343311358928858 -0.6619782953756389 -0.64503973178979834 -0.64749497821876623 -0.63851988495046474 -0.66542852570171229 -0.66731897873895951 -0.6562426030635834
leaf_weight=62754 5373 1335 608 1862 2624 430 1289 1071 5723 2747 13428 267 756 1006
leaf_count=62754 5373 1335 608 1862 2624 430 1289 1071 5723 2747 13428 267 756 1006
internal_value=-0.641583 -0.652728 -0.639446 -0.66408 -0.667972 -0.64326 -0.647355 -0.644518 -0.645572 -0.649232 -0.640783 -0.641319 -0.654516 -0.660523
internal_weight=101273 16285 84988 6827 4965 22234 8376 9458 7087 3818 13858 5640 1364 2341
internal_count=101273 16285 84988 6827 4965 22234 8376 9458 7087 3818 13858 5640 1364 2341
is_linear=0
shrinkage=1


Tree=1
num_leaves=15
num_cat=0
split_feature=17 48 48 43 43 17 17 20 43 56 38 56 38 0
split_gain=862.112 575.353 205.173 125.039 88.4496 53.3208 50.7606 43.5676 37.0381 30.2329 29.0722 27.3428 26.981 26.3675
threshold=26.650000572204593 5.0499999523162851 7.8500001430511483 67.500000000000014 122.50000000000001 6.2500000000000009 41.45000076293946 50.649999618530281 227.50000000000003 34.399999618530281 10.250000000000002 70.200000762939467 8.8499999046325701 56.549999237060554
decision_type=2 2 2 10 10 2 2 2 10 2 2 2 2 2
left_child=2 3 5 -2 11 13 -6 12 -7 -5 -10 -3 -4 -1
right_child=1 4 7 9 6 8 -8 -9 10 -11 -12 -13 -14 -15
leaf_value=0.018399552352206444 0.0035137017703858542 -0.022982374253289223 -0.018107562303805589 -0.023546652711154824 -0.022991470604070658 0.0057069536175447973 -0.031538208884483811 -0.017921116459952261 -0.013302792762772631 -0.012318350488430024 -0.0027194982032797857 -0.0055070107510663997 -0.0011326520737734546 0.00658594083913654
leaf_weight=39240 5428 541 958 736 1531 11335 2646 1681 880 4781 6942 578 1553 22540
leaf_count=39240 5428 541 958 736 1531 11335 2646 1681 880 4781 6942 578 1553 22540
internal_value=9.8639e-05 -0.0104544 0.00211296 -0.00390005 -0.0239672 0.00267193 -0.0273143 -0.00866016 0.000367037 -0.00919396 -0.00227783 -0.0113419 -0.00446053 0.00338647
internal_weight=101370 16241 85129 10945 5296 80937 4177 4192 19157 5517 7822 1119 2511 61780
internal_count=101370 16241 85129 10945 5296 80937 4177 4192 19157 5517 7822 1119 2511 61780
is_linear=0
shrinkage=0.05


Tree=2
num_leaves=15
num_cat=0
split_feature=17 49 49 17 1 50 17 49 26 26 44 57 42 10
split_gain=767.098 504.196 149.555 92.2143 76.1999 62.6129 53.8121 51.5431 47.1169 39.989 33.6143 29.5519 23.1267 22.8373
threshold=26.650000572204593 232.50000000000003 47.500000000000007 45.350000381469734 96.500000000000014 -1.0000000180025095e-35 6.5499999523162851 47.500000000000007 0.76335415244102489 0.81035089492797863 3.6395112276077275 64.350002288818374 8.6500000953674334 55.958333969116218
decision_type=2 10 10 2 2 2 2 8 2 2 2 2 2 2
left_child=2 7 -1 9 6 -5 13 -2 -8 12 -9 -6 -3 -4
right_child=1 3 4 5 11 -7 8 10 -10 -11 -12 -13 -14 -15
leaf_value=0.012798298883553112 -0.00028220178890770922 -0.0092747728999736257 0.0091131859004283562 -0.029739484819350816 -0.024427287295249775 -0.01593433742578609 -0.0023232483851916281 -0.0075233710015753276 -0.01561733930509999 -0.026047108407447551 -0.018680433673524552 -0.014203024798755366 -0.022736101393318858 -0.0028911257804875184
leaf_weight=62518 6551 1390 8456 2428 384 804 5706 2559 2256 963 944 1645 627 4270
leaf_count=62518 6551 1390 8456 2428 384 804 5706 2559 2256 963 944 1645 627 4270
internal_value=0.000225641 -0.00972106 0.00212476 -0.0209081 -0.00134928 -0.0267705 -0.000440139 -0.00279511 -0.00366157 -0.0144816 -0.00768147 -0.0105714 -0.0103922 0.00157663
internal_weight=101501 16266 85235 6212 22717 3232 20688 10054 7962 2980 3503 2029 2017 12726
internal_count=101501 16266 85235 6212 22717 3232 20688 10054 7962 2980 3503 2029 2017 12726
is_linear=0
shrinkage=0.05


Tree=3
num_leaves=15
num_cat=0
split_feature=48 22 49 0 26 49 56 26 18 49 47 37 0 38
split_gain=681.178 226.176 189.865 131.697 87.7898 83.2332 82.9514 63.4459 49.1197 44.0347 37.952 33.1823 45.7551 38.1891
threshold=5.9500000476837167 1796.5000000000002 22.500000000000004 56.549999237060554 0.75405275821685802 112.50000000000001 34.399999618530281 0.79590076208114635 50.45000076293946 117.50000000000001 10.536038875579836 41.500000000000007 41.250000000000007 12.449999809265138
decision_type=2 2 10 2 2 10 2 2 2 10 2 2 2 2
left_child=2 4 -1 -4 11 -3 -5 -7 10 -6 -8 12 -2 -14
right_child=1 5 3 6 9 7 8 -9 -10 -11 -12 -13 13 -15
leaf_value=0.012415056447494299 0.0012176488629114025 -0.011889961149948114 0.0055161040595996446 -0.023136033863631673 -0.0035442754303293329 -0.020701688975463317 -0.003966076535222152 -0.033946584223780836 -0.016339555265089095 -0.025042699003326264 -0.020475893624091225 0.0026269950715776197 -0.020566038763880034 -0.0043797893203144957
leaf_weight=62275 1583 1164 12093 825 545 1973 11488 1212 1188 1538 943 2499 1059 900
leaf_count=62275 1583 1164 12093 825 545 1973 11488 1212 1188 1538 943 2499 1059 900
internal_value=0.000259391 -0.0106773 0.0017964 -0.00174464 -0.00573887 -0.0198681 -0.0049661 -0.0240454 -0.00402487 -0.0145652 -0.00309019 -0.00267642 -0.00578266 -0.010871
internal_weight=101285 12473 88812 26537 8124 4349 14444 3185 13619 2083 12431 6041 3542 1959
internal_count=101285 12473 88812 26537 8124 4349 14444 3185 13619 2083 12431 6041 3542 1959
is_linear=0
shrinkage=0.05


Tree=4
num_leaves=15
num_cat=0
split_feature=17 48 48 43 17 56 49 26 26 21 0 47 49 56
split_gain=643.028 419.281 95.0179 87.2698 74.5201 73.974 42.5257 41.8055 36.4613 35.5463 29.1253 40.4293 27.1724 24.5125
threshold=19.94999980926514 5.1499998569488534 6.1499998569488534 122.50000000000001 42.549999237060554 52.100000381469734 22.500000000000004 0.78007271885871898 0.75405275821685802 39.500000000000007 56.549999237060554 10.821825027465822 152.50000000000003 110.25000000000001
decision_type=2 2 2 10 2 2 10 2 2 2 2 2 10 2
left_child=2 3 6 -2 8 -6 -1 -4 -3 -5 -8 -12 -9 -7
right_child=1 4 7 9 5 13 10 12 -10 -11 11 -13 -14 -15
leaf_value=0.014195008247249986 0.001410933263267314 -0.011681910391585148 -0.0021577955755290295 -0.015916833993411414 -0.032775858220183599 -0.017578760733238153 0.006824688275161455 -0.0032330557131387029 -0.02362278921662133 -0.0064654369051384821 -0.0011889671401371343 -0.024700723681766706 -0.020828249939834811 -0.0082263714307988685
leaf_weight=54612 8533 2104 5439 2870 1504 1267 11310 576 1150 3060 6668 612 957 387
leaf_count=54612 8533 2104 5439 2870 1504 1267 11310 576 1150 3060 6668 612 957 387
internal_value=0.000346283 -0.00746828 0.00238165 -0.00274546 -0.0181003 -0.0235827 0.00291291 -0.00319249 -0.0127237 -0.00739899 0.000846774 -0.00161866 -0.0104569 -0.0161238
internal_weight=101049 20875 80174 14463 6412 3158 73202 6972 3254 5930 18590 7280 1533 1654
internal_count=101049 20875 80174 14463 6412 3158 73202 6972 3254 5930 18590 7280 1533 1654
is_linear=0
shrinkage=0.05


Tree=5
num_leaves=15
num_cat=0
split_feature=48 25 49 49 26 0 56 49 47 57 0 56 46 44
split_gain=533.896 235.41 129.258 123.17 90.5133 82.2812 57.7261 55.7615 41.7115 40.7776 37.8387 29.9164 29.1785 34.3774
threshold=5.2500000000000009 21.250000000000004 17.500000000000004 97.500000000000014 0.76335415244102489 50.549999237060554 34.399999618530281 97.500000000000014 10.628869056701662 44.783332824707038 104.90000152587892 20.650000572204593 0.25000000745058065 2.9009343385696416
decision_type=2 2 10 10 2 2 2 10 2 2 2 2 2 2
left_child=2 4 -1 -3 -2 -4 -7 -6 10 -5 -8 -9 13 -12
right_child=1 3 5 9 7 6 8 11 -10 -11 12 -13 -14 -15
leaf_value=0.011664855249179203 -0.0027245202482750648 -0.00659949560359564 0.0074135273222695171 -0.030166959908232989 -0.0012679186658865701 -0.017093090399813573 0.00017625297164018634 -0.031360182497070031 -0.022801793452526472 -0.019605755202659041 -0.00016348280741098598 -0.016414342349417573 -0.017797563126834698 -0.012385630966365658
leaf_weight=60215 8033 1387 9474 1229 796 938 9241 661 1232 2028 2456 1454 771 1316
leaf_count=60215 8033 1387 9474 1229 796 938 9241 661 1232 2028 2456 1454 771 1316
internal_value=0.000346253 -0.00816194 0.00189561 -0.0175827 -0.00415191 -0.00109325 -0.00328426 -0.0116895 -0.00252695 -0.0228849 -0.00173481 -0.0159176 -0.00546563 -0.003633
internal_weight=101231 15588 85643 4644 10944 25428 15954 2911 15016 3257 13784 2115 4543 3772
internal_count=101231 15588 85643 4644 10944 25428 15954 2911 15016 3257 13784 2115 4543 3772
is_linear=0
shrinkage=0.05


Tree=6
num_leaves=15
num_cat=0
split_feature=17 48 48 43 26 21 49 26 17 1 57 47 56 47
split_gain=553.479 334.611 97.0842 94.9171 74.8739 46.1864 45.8708 36.519 33.5418 28.6991 27.6385 24.8342 22.6761 21.7199
threshold=20.44999980926514 6.0499999523162851 8.4499998092651385 122.50000000000001 0.76335415244102489 39.500000000000007 10.625000000000002 0.80262345075607311 56.350000381469734 98.849998474121108 75.916667938232436 5.9510867595672616 34.049999237060554 8.1179146766662615
decision_type=2 2 2 10 2 2 10 2 2 2 2 2 2 2
left_child=2 3 6 13 8 -5 -1 -4 12 -8 -10 -11 -3 -2
right_child=1 4 7 5 -6 -7 9 -9 10 11 -12 -13 -14 -15
leaf_value=0.012978855833768383 0.0021880596621853851 -0.018113770626173819 -0.006045553435939547 -0.015217803594685428 -0.026981187716285444 -0.0064805032932815747 0.0034954637794628271 -0.021025930342719705 -0.026332519961114173 0.00068849409030350751 -0.011250115873034601 -0.017849528628929166 -0.0087850493977665936 -0.0083908936739926724
leaf_weight=54537 7726 840 2428 3656 1719 3284 20389 510 671 1450 302 1147 1352 1021
leaf_count=54537 7726 840 2428 3656 1719 3284 20389 510 671 1450 302 1147 1352 1021
internal_value=0.000417747 -0.00689932 0.00228909 -0.00333599 -0.0183143 -0.00769784 0.00262746 -0.00661805 -0.0136772 0.000753609 -0.0213988 -0.0041868 -0.010168 0.000129611
internal_weight=101032 20571 80461 15687 4884 6940 77523 2938 3165 22986 973 2597 2192 8747
internal_count=101032 20571 80461 15687 4884 6940 77523 2938 3165 22986 973 2597 2192 8747
is_linear=0
shrinkage=0.05


Tree=7
num_leaves=15
num_cat=0
split_feature=17 49 17 49 57 43 26 1 50 37 45 26 52 17
split_gain=472.681 251.832 96.3907 70.366 59.1686 49.7995 45.7316 45.5265 33.9633 25.8927 25.3597 24.1715 24.0326 22.9504
threshold=18.849999427795414 232.50000000000003 45.350000381469734 52.500000000000007 38.849998474121101 57.500000000000007 0.83479478955268871 86.000000000000014 1.0000000180025095e-35 27.500000000000004 -2.9127216339111324 0.75405275821685802 0.52766072750091564 6.2500000000000009
decision_type=2 10 2 10 2 8 2 2 2 2 2 2 2 2
left_child=3 5 6 -1 -4 -2 9 11 -6 -3 -7 -5 -9 -13
right_child=1 2 4 7 8 10 -8 12 -10 -11 -12 13 -14 -15
leaf_value=0.011010145637272784 0.0040853539179654822 -0.019948599068885905 -0.028559057064260946 0.0044338461305486448 -0.020085186792564644 -0.010810815503064572 -0.019392217254817819 -0.007863867174578501 -0.0065327173793273659 -0.0061993974042813746 -0.0042691383089927971 -4.4929488297809499e-07 -0.027575574349776977 -0.010610375451982989
leaf_weight=59982 5766 546 940 12493 1606 2619 1366 1930 653 3113 5043 2924 351 1527
leaf_count=59982 5766 546 940 12493 1606 2619 1366 1930 653 3113 5043 2924 351 1527
internal_value=0.000498122 -0.00604699 -0.0129317 0.00228783 -0.0197117 -0.00182393 -0.00858491 -0.000344424 -0.0152071 -0.00564323 -0.00446298 0.000549723 -0.00695984 -0.0026104
internal_weight=100859 21652 8224 79207 3199 13428 5025 19225 2259 3659 7662 16944 2281 4451
internal_count=100859 21652 8224 79207 3199 13428 5025 19225 2259 3659 7662 16944 2281 4451
is_linear=0
shrinkage=0.05


Tree=8
num_leaves=15
num_cat=0
split_feature=17 48 43 48 21 49 29 2 47 47 0 34 56 0
split_gain=408.413 279.569 76.7855 71.0636 43.4249 42.8626 33.0704 27.2018 27.1264 22.7428 39.9333 21.6362 21.32 21.6686
threshold=18.44999980926514 6.6499998569488534 127.50000000000001 8.6500000953674334 34.500000000000007 10.625000000000002 5.2500000000000009 93.700000762939467 12.170294284820558 8.7275252342224139 63.449998855590827 -3.8500000238418575 34.750000000000007 76.250000000000014
decision_type=2 2 10 2 2 10 2 2 2 2 2 2 2 2
left_child=3 2 -2 5 -4 9 -3 -7 -9 -1 -11 -12 13 -8
right_child=1 6 4 -5 -6 7 12 8 -10 10 11 -13 -14 -15
leaf_value=0.015184479481063915 0.00034880497323462373 -0.023829575954080296 -0.014984263122913018 -0.010182621444815966 -0.0056460135905150597 0.0031655633783226806 -0.015707989591059963 -0.0052244358389351769 -0.041868597059786232 0.0078286566971785161 -0.029611793689368296 -0.0070338054762588949 -0.011445764613339564 -0.033916438017320472
leaf_weight=40925 9677 1605 3661 2597 4502 19450 723 2909 128 11097 73 1690 1592 219
leaf_count=40925 9677 1605 3661 2597 4502 19450 723 2909 128 11097 73 1690 1592 219
internal_value=0.00050705 -0.0055189 -0.00279832 0.00218683 -0.00636669 0.00246402 -0.0172102 0.000630529 -0.00376272 0.00323032 0.00139472 -0.0055753 -0.0135535 -0.0195273
internal_weight=100848 21979 17840 78869 8163 76272 4139 22487 3037 53785 12860 1763 2534 942
internal_count=100848 21979 17840 78869 8163 76272 4139 22487 3037 53785 12860 1763 2534 942
is_linear=0
shrinkage=0.05


Tree=9
num_leaves=15
num_cat=0
split_feature=17 48 48 57 46 42 46 0 17 17 38 43 29 22
split_gain=384.797 208.545 104 60.4542 58.5494 48.9563 42.6471 55.42 38.4864 36.5196 32.5658 30.5905 25.5909 25.4661
threshold=26.650000572204593 4.6499998569488534 7.2500000000000009 38.583332061767585 2.9500000476837163 8.0500001907348651 6.9500000476837167 62.050001144409187 55.049999237060554 67.65000152587892 8.7500000000000018 47.500000000000007 7.4500000476837167 947.50000000000011
decision_type=2 2 2 2 2 2 2 2 2 2 2 10 2 2
left_child=2 4 5 8 11 -1 13 -8 -3 -5 12 -2 -4 -7
right_child=1 3 10 9 -6 6 7 -9 -10 -11 -12 -13 -14 -15
leaf_value=0.01054185819917215 0.0060760387878289633 -0.019264550661242826 -0.018887287434302708 -0.010095962708244623 -0.019149083891199067 0.007130477097089194 -0.0055974507994443661 -0.027667908757588372 -0.031150002632356205 -0.018107365371766528 -0.0036278261062667968 -0.0059973437643007091 -0.0068295233220638622 -0.0024282624720646552
leaf_weight=54246 4122 1439 852 2614 951 15770 2580 549 558 1255 3601 5229 920 6553
leaf_count=54246 4122 1439 852 2614 951 15770 2580 549 558 1255 3601 5229 920 6553
internal_value=0.000593043 -0.00647546 0.00193704 -0.0139925 -0.0021858 0.0023911 0.000581651 -0.00487576 -0.0210588 -0.0103003 -0.00479008 -0.000976925 -0.0103199 0.00134845
internal_weight=101239 16168 85071 5866 10302 79698 25452 3129 1997 3869 5373 9351 1772 22323
internal_count=101239 16168 85071 5866 10302 79698 25452 3129 1997 3869 5373 9351 1772 22323
is_linear=0
shrinkage=0.05


Tree=10
num_leaves=15
num_cat=0
split_feature=17 49 38 21 49 38 43 21 42 29 56 47 0 15
split_gain=329.612 166.542 85.108 61.959 60.6229 43.1311 37.3207 31.7296 29.324 32.2491 26.5738 26.0649 48.2451 29.5071
threshold=19.94999980926514 232.50000000000003 11.750000000000002 8.5000000000000018 31.875000000000004 11.750000000000002 47.500000000000007 65.500000000000014 4.7500000000000009 7.0499999523162851 33.45000076293946 8.7674241065979022 63.449998855590827 84.65000152587892
decision_type=2 10 2 2 10 2 8 2 2 2 2 2 2 2
left_child=4 6 8 -4 11 7 -2 -6 -3 -10 -8 -1 -13 -14
right_child=1 2 3 -5 5 -7 10 -9 9 -11 -12 12 13 -15
leaf_value=0.012688832346175093 0.0051535480206067854 -0.01144702391451961 -0.018881717019994287 -0.0067789479778519405 -0.012864298992463717 0.0028369573398891812 -0.014970761545058085 -0.00057280215283369055 -0.026045031667411581 -0.01632698055907893 -0.0044934055629193741 0.0064139530786390874 -0.023510363204509582 -0.0066419104053692425
leaf_weight=45098 4799 1000 552 4559 2903 15600 898 3034 1269 617 7237 11577 202 1681
leaf_count=45098 4799 1000 552 4559 2903 15600 898 3034 1269 617 7237 11577 202 1681
internal_value=0.000628786 -0.00495654 -0.0106238 -0.00672623 0.00208882 -0.000179375 -0.001447 -0.00380276 -0.0174793 -0.0211603 -0.00350829 0.00292293 0.000991091 -0.00641046
internal_weight=101026 20931 7997 5111 80095 21537 12934 5937 2886 1886 8135 58558 13460 1883
internal_count=101026 20931 7997 5111 80095 21537 12934 5937 2886 1886 8135 58558 13460 1883
is_linear=0
shrinkage=0.05


Tree=11
num_leaves=15
num_cat=0
split_feature=48 17 17 37 47 38 0 47 43 46 0 0 0 17
split_gain=305.279 171.477 90.2052 49.0001 45.777 42.5498 29.0226 60.6977 27.3094 26.2465 39.148 25.6113 24.6744 22.0981
threshold=5.0499999523162851 27.94999980926514 6.5499999523162851 38.500000000000007 8.3020834922790545 8.7500000000000018 49.649999618530281 10.125543594360353 57.500000000000007 0.75000000000000011 93.500000000000014 53.350000381469734 103.70000076293947 64.149997711181655
decision_type=2 2 2 2 2 2 2 2 10 2 2 2 2 2
left_child=2 5 6 -3 8 -2 -1 9 -4 -8 -11 -6 -10 -5
right_child=1 3 4 13 11 -7 7 -9 12 10 -12 -13 -14 -15
leaf_value=0.01517799607392536 -0.011805184602412129 -0.022605397909858126 0.0071069533312984505 -0.0091828602911349869 -0.0013011151754080007 -0.00099471197818955335 0.0098532466808885499 -0.010858503646482071 0.0005907450219284089 0.0020585148075567172 -0.015501327920070111 -0.012950093628886057 -0.0080719220711683633 -0.015083007447123245
leaf_weight=32182 2816 1754 8702 2106 2680 8551 20317 1989 9083 2971 556 3541 2740 1185
leaf_count=32182 2816 1754 8702 2106 2680 8551 20317 1989 9083 2971 556 3541 2740 1185
internal_value=0.000622783 -0.00561686 0.00183146 -0.0132789 -0.000570713 -0.00220752 0.00293882 0.00168963 0.000568542 0.00239037 -0.0015875 -0.00432435 -0.000995943 -0.00963193
internal_weight=101173 16412 84761 5045 26746 11367 58015 25833 20525 23844 3527 6221 11823 3291
internal_count=101173 16412 84761 5045 26746 11367 58015 25833 20525 23844 3527 6221 11823 3291
is_linear=0
shrinkage=0.05


Tree=12
num_leaves=15
num_cat=0
split_feature=48 17 17 16 26 43 17 21 43 0 43 53 34 16
split_gain=282.177 155.91 83.8369 48.7479 38.593 38.2065 35.4021 32.591 31.4289 26.8543 31.345 24.7835 22.4788 22.2063
threshold=5.0499999523162851 32.149999618530281 6.5499999523162851 19.849999427795414 0.76335415244102489 62.500000000000007 62.100000381469734 35.500000000000007 157.50000000000003 49.649999618530281 57.500000000000007 -0.45273527503013605 -2.0499999523162837 50.250000000000007
decision_type=2 2 2 2 2 10 2 2 10 2 8 2 2 2
left_child=2 4 9 -3 -2 -4 -5 -7 -6 -1 -11 -10 -12 -8
right_child=1 3 5 6 8 7 13 -9 11 10 12 -13 -14 -15
leaf_value=0.014457033856101831 -0.0013271359109760191 -0.032730791024435574 0.0040762945167019948 -0.010184390378581785 -0.00035276466363435665 -0.0079430186517939361 -0.024318323618463093 -0.0010956224953512076 -0.0019682462949676604 0.01415592528272511 -0.0083007443396032384 -0.017460058832535961 0.0025232218167817247 -0.011525159781762729
leaf_weight=32212 8906 484 11155 2392 1090 5165 678 10326 508 9493 1853 1472 14529 916
leaf_count=32212 8906 484 11155 2392 1090 5165 678 10326 508 9493 1853 1472 14529 916
internal_value=0.000645772 -0.00534577 0.00180918 -0.0133036 -0.00236693 -0.00051283 -0.0114289 -0.0021189 -0.00719156 0.00287424 0.00167375 -0.0109296 0.000348341 -0.0171945
internal_weight=101179 16446 84733 4470 11976 26646 3986 15491 3070 58087 25875 1980 16382 1594
internal_count=101179 16446 84733 4470 11976 26646 3986 15491 3070 58087 25875 1980 16382 1594
is_linear=0
shrinkage=0.05


Tree=13
num_leaves=15
num_cat=0
split_feature=48 20 49 21 57 24 25 43 46 18 27 43 45 46
split_gain=247.809 109.219 89.553 65.7065 43.4239 36.1911 32.0605 29.0298 28.4933 23.1132 21.9876 21.2205 20.0359 17.2837
threshold=6.1499998569488534 58.95000076293946 17.500000000000004 44.500000000000007 28.550000190734867 249.50000000000003 23.750000000000004 312.50000000000006 7.5499999523162851 42.350000381469734 23.849999427795414 47.500000000000007 -4.0149543285369864 5.6499998569488534
decision_type=2 2 10 2 2 2 2 10 2 2 2 10 2 2
left_child=2 -2 5 7 10 13 -6 12 -7 -9 -3 -8 -4 -1
right_child=1 4 3 -5 6 8 11 9 -10 -11 -12 -13 -14 -15
leaf_value=0.01015748003832056 -0.0033510546154795063 -0.030309545994986309 -0.0087938998889576202 0.0029983382540986854 -0.0063135192673245523 -0.0036357111145077642 -0.0050635039390357134 -0.0087906608768500618 -0.038823365182584564 -0.017869195301305981 -0.014614148212768754 -0.015699449547153823 -0.00027817349982732644 -0.00018518555273650276
leaf_weight=54611 5906 543 2020 16637 2410 1829 478 3754 233 351 476 1923 5441 4450
leaf_count=54611 5906 543 2020 16637 2410 1829 478 3754 233 351 476 1923 5441 4450
internal_value=0.00071741 -0.00611016 0.00161503 -0.00071545 -0.0109589 0.00269028 -0.00893902 -0.00360833 -0.00380791 -0.00698056 -0.0203158 -0.0130216 -0.00174608 0.00291776
internal_weight=101062 11736 89326 28203 5830 61123 4811 11566 2062 4105 1019 2401 7461 59061
internal_count=101062 11736 89326 28203 5830 61123 4811 11566 2062 4105 1019 2401 7461 59061
is_linear=0
shrinkage=0.05


Tree=14
num_leaves=15
num_cat=0
split_feature=48 25 0 47 57 43 37 0 16 13 0 46 57 52
split_gain=231.63 88.117 73.2906 95.6011 48.5792 44.0684 36.9256 35.5684 36.4963 34.786 31.6934 36.5025 28.4515 26.3891
threshold=5.6499998569488534 21.250000000000004 54.45000076293946 8.1535897254943865 42.516666412353523 57.500000000000007 38.500000000000007 41.250000000000007 19.150000572204593 58.51964187622071 103.70000076293947 0.75000000000000011 38.283332824707038 0.55656746029853832
decision_type=2 2 2 2 2 10 2 2 2 2 2 2 2 2
left_child=2 6 -1 5 -3 -4 7 -2 -9 -5 12 13 -7 -12
right_child=1 4 3 9 -6 10 -8 8 -10 -11 11 -13 -14 -15
leaf_value=0.0099679867094181456 -0.0017732528629277645 -0.022345750374118355 0.0091008202962560777 -0.014223697589050883 -0.0098534213582342906 -0.0086604594012312554 0.0008520060376434554 -0.021909336815393227 -0.008773873600112312 -0.0043502587834174421 -0.0015471415393537719 -0.016131705611533757 0.0034222505048147702 -0.024727464137410317
leaf_weight=44304 2158 1115 17234 3025 2964 1089 4793 563 2073 5091 4035 650 11903 302
leaf_count=44304 2158 1115 17234 3025 2964 1089 4793 563 2073 5091 4035 650 11903 302
internal_value=0.000690906 -0.00536122 0.00163521 0.000172939 -0.0115077 0.00130071 -0.00273679 -0.00583472 -0.00972033 -0.00471573 -0.000431097 -0.00381529 0.000869866 -0.00214286
internal_weight=101299 13666 87633 43329 4079 35213 9587 4794 2636 8116 17979 4987 12992 4337
internal_count=101299 13666 87633 43329 4079 35213 9587 4794 2636 8116 17979 4987 12992 4337
is_linear=0
shrinkage=0.05


Tree=15
num_leaves=15
num_cat=0
split_feature=17 48 43 42 26 0 26 46 19 42 0 43 42 48
split_gain=240.71 133.771 49.325 48.8714 45.4607 39.0427 36.1004 31.7867 25.5304 25.1828 23.178 34.6062 21.8561 20.5037
threshold=15.449999809265138 7.3500001430511483 127.50000000000001 8.8499999046325701 0.84363877773284923 32.049999237060554 0.76335415244102489 7.2500000000000009 141.35000610351565 7.3500001430511483 70.200000762939467 47.500000000000007 9.8499999046325701 4.9500000476837167
decision_type=2 2 10 2 2 2 2 2 2 2 2 10 2 2
left_child=3 2 -2 10 -3 -5 12 13 -9 -8 -1 -12 -4 -7
right_child=1 4 6 5 -6 7 9 8 -10 -11 11 -13 -14 -15
leaf_value=0.011365360868913051 0.00035321613940162257 -0.010921229705022652 -0.00097591530478723402 0.010484077838250382 -0.02132736639286438 0.00068699002272288678 -0.0088222997599879862 -0.010727947989081396 -0.028467648862157094 -0.016416658218574427 0.011242663684904312 -0.0023262783347535823 -0.012154619039337431 -0.00937627991039011
leaf_weight=40816 11236 2547 4660 6131 989 10070 2695 1374 253 1054 8245 7841 1604 1874
leaf_count=40816 11236 2547 4660 6131 989 10070 2695 1374 253 1054 8245 7841 1604 1874
internal_value=0.000717907 -0.00356423 -0.00206289 0.00210366 -0.012555 -4.26134e-05 -0.00461289 -0.00153855 -0.00807269 -0.00848763 0.00284668 0.0012382 -0.00228403 -0.000642463
internal_weight=101389 24785 21249 76604 3536 19702 10013 13571 1627 3749 56902 16086 6264 11944
internal_count=101389 24785 21249 76604 3536 19702 10013 13571 1627 3749 56902 16086 6264 11944
is_linear=0
shrinkage=0.05


Tree=16
num_leaves=15
num_cat=0
split_feature=49 21 26 38 21 47 56 18 19 21 38 47 19 26
split_gain=185.782 133.334 67.4004 57.9848 41.6646 34.8763 30.7254 30.2792 28.0761 23.2557 33.6335 22.19 21.4385 24.3485
threshold=92.500000000000014 29.500000000000004 0.76335415244102489 4.9500000476837167 26.500000000000004 7.0755951404571542 20.650000572204593 57.149999618530281 310.60000610351568 58.500000000000007 13.650000095367433 7.8559026718139657 65.549999237060561 0.78007271885871898
decision_type=10 2 2 2 2 2 2 2 2 2 2 2 2 2
left_child=4 2 7 -3 5 -1 -4 -2 11 10 -5 -6 -13 -14
right_child=1 3 6 9 8 -7 -8 -9 -10 -11 -12 12 13 -15
leaf_value=0.0022356053463484021 -0.0051464074963301206 -0.016291937338157873 -0.028087458168717661 -0.0091196769507994584 0.011763891482323268 -0.0067555373729821407 -0.015469376629087797 -0.021408074677867373 -0.016237152241612953 0.0030111789188772674 0.00020871686537070843 0.010119723091904185 0.00045527021752506038 -0.014485010153511724
leaf_weight=10752 3847 921 284 2453 39066 3475 2601 328 871 11805 4877 9620 10444 210
leaf_count=10752 3847 921 284 2453 39066 3475 2601 328 871 11805 4877 9620 10444 210
internal_value=0.000762278 -0.00278036 -0.00868458 -0.000698694 0.00205298 -0.000380347 -0.0145509 -0.00460573 0.0026279 -0.000105772 -0.00231608 0.00275906 0.00141589 -0.000129407
internal_weight=101554 27116 7060 20056 74438 14227 2885 4175 60211 19135 7330 59340 20274 10654
internal_count=101554 27116 7060 20056 74438 14227 2885 4175 60211 19135 7330 59340 20274 10654
is_linear=0
shrinkage=0.05


Tree=17
num_leaves=15
num_cat=0
split_feature=17 49 26 42 21 1 47 17 56 43 21 26 23 45
split_gain=205.803 86.3903 68.3138 38.0904 35.6429 33.557 31.7322 28.9358 28.435 27.0456 22.1618 21.3286 21.2848 21.255
threshold=8.3499999046325701 172.50000000000003 0.81035089492797863 7.3500001430511483 24.500000000000004 47.350000381469734 10.05108690261841 35.350000381469734 41.750000000000007 41.875000000000007 12.500000000000002 0.78007271885871898 0.2950000017881394 -2.9127216339111324
decision_type=2 10 2 2 2 2 2 2 2 8 2 2 2 2
left_child=3 9 7 -1 -4 -5 11 -3 -9 -2 -8 -7 -6 -11
right_child=1 2 4 5 12 6 10 8 -10 13 -12 -13 -14 -15
leaf_value=0.010427292702967762 0.0057357264477871529 -0.0021412469436783003 -0.019106819281588819 0.0068094360247353859 -0.015505135017234365 0.0026706366365016792 -0.019835884255527694 -0.014847274759102844 -0.0056053757038848637 -0.0061484192514528798 -0.008990170868359168 -0.0095208895166760867 -0.0068280778253229472 -0.00053481815240979057
leaf_weight=41070 6143 5704 1453 14975 795 8268 95 928 1788 5180 2258 1281 1838 9680
leaf_count=41070 6143 5704 1453 14975 795 8268 95 928 1788 5180 2258 1281 1838 9680
internal_value=0.000752272 -0.00245398 -0.00574225 0.00233361 -0.01104 0.000869751 -0.00111148 -0.00316133 -0.00739912 -0.000494218 -0.0062992 0.000172089 -0.00752365 -0.00164761
internal_weight=101456 33509 12506 67947 4086 26877 11902 8420 2716 21003 2353 9549 2633 14860
internal_count=101456 33509 12506 67947 4086 26877 11902 8420 2716 21003 2353 9549 2633 14860
is_linear=0
shrinkage=0.05


Tree=18
num_leaves=15
num_cat=0
split_feature=48 20 56 49 25 42 24 21 56 46 45 43 47 21
split_gain=169.375 89.1143 66.6262 51.3276 31.7396 32.4714 29.6485 27.3143 25.0262 22.6495 22.1938 26.0153 21.3852 23.6515
threshold=4.9500000476837167 54.850000381469734 21.150000572204593 1.0000000180025095e-35 21.550000190734867 9.2500000000000018 249.50000000000003 44.500000000000007 83.950000762939467 3.0499999523162846 -4.0149543285369864 322.50000000000006 7.1860389709472665 20.500000000000004
decision_type=2 2 2 10 2 2 2 2 2 2 2 10 2 2
left_child=3 -2 -3 6 -4 8 12 10 -6 -8 -5 -12 -1 -14
right_child=1 2 4 7 5 -7 9 -9 -10 -11 11 -13 13 -15
leaf_value=0.012304328906682885 0.00012437226107398498 -0.022409596646061864 -0.0041342285718689647 -0.0085697045136992819 -0.0099442488343071348 -0.021042910577701041 -0.002217388745370094 0.0030304136030892682 -0.0023490016247695636 -0.027672167525988056 0.0015462524114003577 -0.0075942771422900512 -0.0084037689415162858 0.0052071865310050619
leaf_weight=31730 7971 728 3955 3051 2396 564 1702 16419 1334 346 7166 2226 1021 20825
leaf_count=31730 7971 728 3955 3051 2396 564 1702 16419 1334 346 7166 2226 1021 20825
internal_value=0.000756279 -0.0038041 -0.00721765 0.00167144 -0.00592142 -0.00889405 0.00255905 -3.94844e-05 -0.00716578 -0.00333333 -0.00180559 -0.000599872 0.00278487 0.00157989
internal_weight=101434 16948 8977 84486 8249 4294 55624 28862 3730 2048 12443 9392 53576 21846
internal_count=101434 16948 8977 84486 8249 4294 55624 28862 3730 2048 12443 9392 53576 21846
is_linear=0
shrinkage=0.05


Tree=19
num_leaves=15
num_cat=0
split_feature=17 49 38 21 0 47 52 43 28 1 52 47 32 46
split_gain=172.708 70.7947 81.2945 53.152 31.3458 47.5067 31.1612 28.768 28.4288 26.0914 33.155 25.7071 20.7332 20.041
threshold=6.2500000000000009 82.500000000000014 10.449999809265138 8.5000000000000018 45.000000000000007 10.195553302764894 0.55656746029853832 57.500000000000007 53.500000000000007 104.65000152587892 0.55656746029853832 6.9930951595306405 0.16841019690036776 0.75000000000000011
decision_type=2 10 2 2 2 2 2 10 2 2 2 2 2 2
left_child=4 11 6 -4 -1 7 -3 -6 -8 -9 13 -2 -12 -11
right_child=1 2 3 -5 5 -7 8 9 -10 10 12 -13 -14 -15
leaf_value=0.011753931495333471 0.0028718100011723251 -0.007967703519024821 -0.011772988164015983 -0.0024444814899604542 0.010944472640623036 -0.0080024908054296962 -0.013479789867640257 0.003129688398985247 -0.024260465641796857 -0.00035806812606590626 -0.023429933113980037 -0.0040443961523605101 -0.0030104583643071241 -0.01513586432272044
leaf_weight=31143 13355 1927 1048 10648 13484 2609 1303 14351 828 2028 137 8144 112 422
leaf_count=31143 13355 1927 1048 10648 13484 2609 1303 14351 828 2028 137 8144 112 422
internal_value=0.000770023 -0.00193852 -0.00448363 -0.00236374 0.00233965 0.00126881 -0.0105728 0.00182262 -0.0147338 0.00045721 -0.00404393 -7.22951e-05 -0.0210618 -0.00223577
internal_weight=101539 37253 15754 11696 64286 33143 4058 30534 2131 17050 2699 21499 249 2450
internal_count=101539 37253 15754 11696 64286 33143 4058 30534 2131 17050 2699 21499 249 2450
is_linear=0
shrinkage=0.05


Tree=20
num_leaves=15
num_cat=0
split_feature=20 37 43 42 3 56 1 42 0 46 56 24 37 19
split_gain=138.157 100.393 52.8442 45.2759 39.2305 37.4898 36.5658 35.6235 31.4216 34.9132 30.8692 27.4124 27.3798 26.086
threshold=55.549999237060554 38.500000000000007 47.500000000000007 8.4499998092651385 76.950000762939467 24.349999427795414 109.54999923706056 12.84999990463257 31.750000000000004 7.2500000000000009 58.049999237060554 139.50000000000003 35.500000000000007 518.75000000000011
decision_type=2 2 10 2 2 2 2 2 2 2 2 2 2 2
left_child=3 4 -3 13 5 -2 -4 10 -5 12 -8 -11 -10 -1
right_child=1 2 6 8 -6 -7 7 -9 9 11 -12 -13 -14 -15
leaf_value=0.0084058091331459719 -0.014588294343937609 0.0041471293152330856 -0.0018517794216198207 0.0088382437801786933 -0.02111917206426412 -0.0053709844731688848 -0.013665004633676481 -0.023113949253070615 -0.0094539485761086541 -0.010079087931460812 -0.0058767249538685421 -0.026717220951420446 0.0015251674022417443 -0.033096381354059061
leaf_weight=48681 907 10489 10900 6549 753 2333 536 149 2137 1534 4326 288 11386 117
leaf_count=48681 907 10489 10900 6549 753 2333 536 149 2137 1534 4326 288 11386 117
internal_value=0.000783174 -0.00203549 -0.000916319 0.00199513 -0.00941419 -0.00698462 -0.00273193 -0.0062627 0.000105917 -0.00113155 -0.00548851 -0.00760917 -0.000253824 0.00284257
internal_weight=101085 30393 26400 70692 3993 3240 15911 5011 21894 15345 4862 1822 13523 48798
internal_count=101085 30393 26400 70692 3993 3240 15911 5011 21894 15345 4862 1822 13523 48798
is_linear=0
shrinkage=0.05


Tree=21
num_leaves=15
num_cat=0
split_feature=17 37 17 0 44 18 49 39 53 44 56 34 56 49
split_gain=149.363 71.5462 46.3468 30.5166 29.4526 29.0921 25.2949 25.0749 23.5337 18.0931 18.0502 18.0424 17.7463 17.4086
threshold=6.2500000000000009 38.500000000000007 32.149999618530281 49.850000381469734 5.7261488437652597 30.849999427795414 97.500000000000014 1.0000000180025095e-35 -0.42179730534553522 -9.5492820739746076 18.050000190734867 -2.1499999761581416 24.349999427795414 47.500000000000007
decision_type=2 2 2 2 2 2 10 2 2 2 2 2 2 8
left_child=3 2 8 -1 12 7 11 -3 -2 -9 -10 -5 -4 -7
right_child=1 5 4 6 -6 13 -8 9 10 -11 -12 -13 -14 -15
leaf_value=0.0099631435388429224 -0.00093742988726194885 0.0010868611471919294 -0.020904655022277972 -0.0042388739837136234 -0.020661441297067616 -0.0023065429846866334 -0.0049353031630268501 -0.020194843275330634 -0.013780040009542636 -0.0043757405969439417 -0.0065983174896641853 0.0053417758128855809 -0.0070901878099713378 -0.0085392693570649093
leaf_weight=35612 2750 22048 220 1858 581 3574 4792 543 428 1692 1795 21951 1021 2664
leaf_count=35612 2750 22048 220 1858 581 3574 4792 543 428 1692 1795 21951 1021 2664
internal_value=0.000777485 -0.00173793 -0.00637399 0.00223931 -0.0131769 -0.000704038 0.00102251 7.88295e-05 -0.00386012 -0.00495546 -0.00767353 0.00168962 -0.00870903 -0.0037468
internal_weight=101529 37316 6795 64213 1822 30521 28601 24283 4973 2235 2223 23809 1241 6238
internal_count=101529 37316 6795 64213 1822 30521 28601 24283 4973 2235 2223 23809 1241 6238
is_linear=0
shrinkage=0.05


Tree=22
num_leaves=15
num_cat=0
split_feature=17 49 38 51 21 42 47 20 26 26 18 46 38 46
split_gain=145.948 57.7303 66.5748 39.5464 34.6565 31.1797 26.5559 24.4179 19.4209 16.8031 16.5147 15.7689 13.4742 13.1527
threshold=6.2500000000000009 97.500000000000014 11.650000095367433 -0.7865660786628722 11.500000000000002 7.3500001430511483 7.2436141967773446 23.94999980926514 0.74631217122077953 0.94965383410453807 9.1500000953674334 17.150000572204593 4.7500000000000009 6.9500000476837167
decision_type=2 10 2 2 2 2 2 2 2 2 2 2 2 2
left_child=5 6 3 -3 -4 -1 -2 13 -9 -6 -8 -12 -5 -7
right_child=1 2 4 12 9 7 10 8 -10 -11 11 -13 -14 -15
leaf_value=0.0089249903565992075 0.0023781082129020765 -0.0050487302481921131 -0.0093758006309245436 -0.021759927513911426 -0.00010004388784078675 0.0068244495508425172 -0.0013924156579181368 -0.00042240241965012406 -0.0097676099556574959 -0.0088270280726129562 -0.0073636037815553255 -0.025112581718146343 -0.013422937859743743 -0.0041789802055479585
leaf_weight=38640 14499 2299 1046 446 8207 14462 4418 7536 1381 1067 3005 66 2281 2023
leaf_count=38640 14499 2299 1046 446 8207 14462 4418 7536 1381 1067 3005 66 2281 2023
internal_value=0.000729687 -0.00175477 -0.00410719 -0.00882049 -0.00180542 0.00217807 -0.000111828 0.000816937 -0.00128991 -0.000827229 -0.00252767 -0.00533755 -0.0128845 0.00195665
internal_weight=101376 37334 15346 5026 10320 64042 21988 25402 8917 9274 7489 3071 2727 16485
internal_count=101376 37334 15346 5026 10320 64042 21988 25402 8917 9274 7489 3071 2727 16485
is_linear=0
shrinkage=0.05


Tree=23
num_leaves=15
num_cat=0
split_feature=20 48 46 43 37 1 46 19 16 56 10 25 21 1
split_gain=117.958 74.1416 45.0808 39.5176 35.4321 35.0426 25.8332 26.1445 23.3911 22.7339 25.6811 23.4504 19.5642 17.5193
threshold=47.149999618530281 7.0499999523162851 0.45000000298023229 152.50000000000003 61.500000000000007 112.34999847412111 7.8500001430511483 198.59999847412112 79.299999237060561 27.050000190734867 54.375000000000007 35.350000381469734 36.500000000000007 29.550000190734867
decision_type=2 2 2 8 2 2 2 2 2 2 2 2 2 2
left_child=3 2 4 -1 12 -4 13 -8 -7 10 -3 -11 -2 -5
right_child=1 9 5 6 -6 8 7 -9 -10 11 -12 -13 -14 -15
leaf_value=0.011351174809005365 -0.0061357791694290655 -0.010748237502587445 -0.0050162457512720237 0.011165816062473756 0.0034925272456004727 -0.019943525051135592 -0.0041353740043716964 -0.036916407796539437 -0.0029382656603961512 -0.0045491799257612996 -0.028014058061940367 -0.012747787049078394 0.00037914913994382683 0.0017881267232922862
leaf_weight=27287 5146 842 4081 8437 16277 528 4038 244 279 3112 302 893 4356 25461
leaf_count=27287 5146 842 4081 8437 16277 528 4038 244 279 3112 302 893 4356 25461
internal_value=0.000766736 -0.00153994 -0.000606806 0.00202873 0.000228586 -0.00500408 0.000989788 -0.00266542 -0.0144614 -0.00708568 -0.0132842 -0.00528643 -0.00219617 0.00145216
internal_weight=101283 35816 30667 65467 25779 4888 38180 4282 807 5149 1144 4005 9502 33898
internal_count=101283 35816 30667 65467 25779 4888 38180 4282 807 5149 1144 4005 9502 33898
is_linear=0
shrinkage=0.05


Tree=24
num_leaves=15
num_cat=0
split_feature=17 48 26 47 52 25 42 0 42 43 0 16 28 57
split_gain=122.131 58.524 42.3193 32.83 30.7204 31.9689 30.0695 34.8354 23.6968 23.0317 26.1016 22.1363 18.3509 17.5385
threshold=6.2500000000000009 3.9500000476837163 0.81035089492797863 7.330601930618287 0.3903625756502152 39.350000381469734 5.6499998569488534 31.349999427795414 6.0499999523162851 57.500000000000007 82.099998474121108 15.550000190734865 75.500000000000014 51.616666793823249
decision_type=2 2 2 2 2 2 2 2 2 8 2 2 2 2
left_child=6 3 4 -2 -3 -6 -1 -8 -4 -9 11 -11 -5 -12
right_child=1 2 8 12 5 -7 7 9 -10 10 13 -13 -14 -15
leaf_value=0.01046253494182397 0.0029314410316059339 0.00061729586184404352 -0.0071409737551830672 -0.0024897745577799582 -0.0060703106537263471 -0.025670264900764524 0.011566715058102583 0.0091094208342114291 -0.014014772165829728 -0.0095414568316670861 -0.023920432524784544 0.0013313179958122797 -0.0098166745876971662 -0.0052954051340486372
leaf_weight=26738 15499 4831 2848 6078 3915 244 10121 5128 1439 665 126 18204 2474 3092
leaf_count=26738 15499 4831 2848 6078 3915 244 10121 5128 1439 665 126 18204 2474 3092
internal_value=0.000777127 -0.00149606 -0.00415933 -2.47286e-05 -0.00220556 -0.0053502 0.00210146 0.00118433 -0.0082418 0.000252525 -0.000448703 0.000261931 -0.00250993 -0.00460347
internal_weight=101402 37328 13277 24051 8990 4159 64074 37336 4287 27215 22087 18869 8552 3218
internal_count=101402 37328 13277 24051 8990 4159 64074 37336 4287 27215 22087 18869 8552 3218
is_linear=0
shrinkage=0.05


Tree=25
num_leaves=15
num_cat=0
split_feature=17 43 26 42 1 47 21 42 45 26 17 44 1 52
split_gain=110.318 48.5351 49.4721 28.3408 28.9621 25.9672 25.7521 23.3353 21.4874 20.7667 19.1612 18.4357 15.6003 29.6814
threshold=6.2500000000000009 182.50000000000003 0.75405275821685802 5.5499999523162851 47.350000381469734 9.9787597656250018 31.500000000000004 9.1500000953674334 -4.1323418617248526 0.74631217122077953 62.100000381469734 5.5725750923156747 99.799999237060561 0.57077592611312877
decision_type=2 10 2 2 2 2 2 2 2 2 2 2 2 2
left_child=3 8 7 -1 -5 9 11 -3 -2 -6 -9 -4 -11 -14
right_child=1 2 6 4 5 -7 -8 10 -10 12 -12 -13 13 -15
leaf_value=0.010044672072180473 -0.00412171552764754 0.00010824225463060408 -0.01061401741191375 0.0065516983915509868 0.0030143555134127357 -0.0081498089860961628 -0.0062079752638228682 -0.0067373938065069293 0.0025389016189235809 -0.0017876392211140747 -0.018357836812738604 -0.021362260056969673 -0.0073498679635444876 -0.02415227991328699
leaf_weight=25737 4966 7928 2039 20164 12460 2586 3251 3459 14903 2138 235 417 767 126
leaf_count=25737 4966 7928 2039 20164 12460 2586 3251 3459 14903 2138 235 417 767 126
internal_value=0.000767201 -0.00139782 -0.00333093 0.00202601 0.00116219 -0.000291093 -0.00713923 -0.00145633 0.000288999 0.000484162 -0.00473272 -0.0109976 -0.00322098 -0.008732
internal_weight=101176 37198 17329 63978 38241 18077 5707 11622 19869 15491 3694 2456 3031 893
internal_count=101176 37198 17329 63978 38241 18077 5707 11622 19869 15491 3694 2456 3031 893
is_linear=0
shrinkage=0.05


Tree=26
num_leaves=15
num_cat=0
split_feature=0 56 47 43 0 43 13 0 16 52 38 22 14 47
split_gain=77.2577 117.939 63.7767 38.7229 41.6967 37.8976 26.8474 25.6304 33.8321 24.2601 26.3576 22.861 22.585 19.1162
threshold=56.750000000000007 34.399999618530281 8.3020834922790545 41.875000000000007 103.70000076293947 192.50000000000003 58.51964187622071 28.849999427795414 15.550000190734865 0.55656746029853832 7.3500001430511483 3061.0000000000005 16.632095336914066 11.678759574890138
decision_type=2 2 2 10 2 8 2 2 2 2 2 2 2 2
left_child=5 12 3 -3 -5 -1 -4 -7 -9 -6 -11 -8 -2 -13
right_child=1 2 6 4 9 7 11 8 -10 10 -12 13 -14 -15
leaf_value=0.012581073854988101 -0.00615159571235834 0.0065845892319376879 -0.01348383356503135 0.001892374881825858 -0.0038987555946360638 0.0099022078365546898 -0.0019593638194033329 -0.0089796188651259656 0.0014947836085542553 -0.021778943899413542 -0.012395315592824398 -0.0081273199471805207 -0.016850729288073289 -0.025143341380868975
leaf_weight=20987 932 14813 2515 15638 7849 9040 4445 1824 20478 182 510 437 1358 65
leaf_count=20987 932 14813 2515 15638 7849 9040 4445 1824 20478 182 510 437 1358 65
internal_value=0.00078861 -0.000643639 -9.64185e-05 0.000714323 -0.000519037 0.0021226 -0.00432816 0.00102099 0.000110255 -0.00332651 -0.0122365 -0.00218176 -0.0116957 -0.0121875
internal_weight=101073 48744 46454 38992 24179 52329 7462 31342 22302 8541 692 4947 2290 502
internal_count=101073 48744 46454 38992 24179 52329 7462 31342 22302 8541 692 4947 2290 502
is_linear=0
shrinkage=0.05


Tree=27
num_leaves=15
num_cat=0
split_feature=49 38 0 56 42 0 19 46 44 9 26 0 19 46
split_gain=89.8746 56.0902 46.0894 48.8553 30.2758 24.8953 22.2783 20.312 22.2845 18.6721 17.5373 17.3148 16.5407 22.9527
threshold=5.0268940925598153 4.5499999523162851 71.599998474121108 34.399999618530281 8.4499998092651385 28.849999427795414 518.75000000000011 2.9500000476837163 2.6585061550140385 46.750000000000007 0.88907960057258617 143.19999694824222 90.000000000000014 0.45000000298023229
decision_type=10 2 2 2 2 2 2 2 2 2 2 2 2 2
left_child=4 -2 10 -4 6 -6 12 8 -5 -9 -3 -11 -1 -14
right_child=1 2 3 7 5 -7 -8 9 -10 11 -12 -13 13 -15
leaf_value=0.011563247629812782 -0.016724406422187206 0.0033019657822842539 -0.016738759873180607 -7.7336452184272834e-05 0.010767015245143527 -0.0019536236070874856 -0.033614303457472558 -0.030607155465222264 -0.0053674821450601443 -0.0032882440568470228 -0.0031047662487178732 -0.017192586397617945 0.0051527853937361054 -0.005959304583997958
leaf_weight=25652 1391 17938 953 9279 3721 12256 101 254 5376 741 3792 110 17343 2566
leaf_count=25652 1391 17938 953 9279 3721 12256 101 254 5376 741 3792 110 17343 2566
internal_value=0.000760867 -0.00109 -0.000731672 -0.00270496 0.00195697 8.35055e-05 0.00261232 -0.00203551 -0.00153938 -0.0085426 0.000786569 -0.00487224 0.00266628 0.00158366
internal_weight=101473 39834 38443 16713 61639 15977 45662 15760 14655 1105 21730 851 45561 19909
internal_count=101473 39834 38443 16713 61639 15977 45662 15760 14655 1105 21730 851 45561 19909
is_linear=0
shrinkage=0.05


Tree=28
num_leaves=15
num_cat=0
split_feature=17 48 0 43 43 34 20 18 45 50 46 44 53 11
split_gain=90.074 43.4207 28.1384 33.9747 22.9725 22.5936 19.843 17.8313 17.6973 14.9251 14.5627 13.5432 16.0181 12.908
threshold=6.5499999523162851 7.2500000000000009 30.550000190734867 57.500000000000007 41.875000000000007 -2.2499999999999996 27.849999427795414 30.849999427795414 -2.9127216339111324 -0.6035533845424651 7.2500000000000009 -8.8332848548889142 -0.53495380282402027 56.614582061767585
decision_type=2 2 2 8 8 2 2 2 2 2 2 2 2 2
left_child=2 4 -1 -4 -2 13 -7 10 -8 -3 -6 12 -12 -5
right_child=1 9 3 5 7 6 8 -9 -10 -11 11 -13 -14 -15
leaf_value=0.012398160895727039 0.0050379344488473681 -0.0092919212667632433 0.01019219371602844 -0.00032604456963301149 -0.00042120739109194046 0.0048621571359919536 -0.0058274052723280593 -0.0063350256189228351 0.0012534960222622177 -0.0029823431450063773 -0.021090218937186316 -0.0042068391928749491 -0.0039914548914441834 -0.0093150353591755775
leaf_weight=14764 6430 2984 14100 2097 19548 19402 3930 3813 8213 1926 309 1370 229 2014
leaf_count=14764 6430 2984 14100 2097 19548 19402 3930 3813 8213 1926 309 1370 229 2014
internal_value=0.000802312 -0.00117849 0.00192624 0.00135695 -0.000500016 0.000534963 0.000989542 -0.00117904 -0.000595326 -0.00554878 -0.000618187 -0.00477581 -0.0114234 -0.0029471
internal_weight=101129 36609 64520 49756 31699 35656 31545 25269 12143 4910 21456 1908 538 4111
internal_count=101129 36609 64520 49756 31699 35656 31545 25269 12143 4910 21456 1908 538 4111
is_linear=0
shrinkage=0.05


Tree=29
num_leaves=15
num_cat=0
split_feature=49 38 0 56 47 0 46 26 0 46 13 57 42 30
split_gain=82.6494 49.3503 41.5391 41.5011 29.0405 36.0793 27.5859 23.2449 19.5474 21.4538 17.5051 16.578 15.9502 15.9104
threshold=10.625000000000002 4.9500000476837167 93.500000000000014 51.850000381469734 6.9151923656463632 30.550000190734867 2.9500000476837163 0.86901572346687328 70.65000152587892 0.75000000000000011 58.849403381347663 33.849998474121101 7.8500001430511483 117.50000000000001
decision_type=10 2 2 2 2 2 2 2 2 2 2 2 2 10
left_child=4 12 7 -4 -1 -6 -5 -3 -7 10 -10 13 -2 -9
right_child=1 2 3 6 5 8 -8 11 9 -11 -12 -13 -14 -15
leaf_value=0.0079424600963147081 -0.0077317241233396498 0.0021692070809756613 -0.012093439876076676 -0.0025525528612055821 0.010623855353399157 0.00082541639172440361 -0.016661152891534251 -0.012616718938152813 -0.012748042802221507 -0.014436010310725098 0.00058207604404303382 -0.0011193898673814153 -0.017583948005039627 -0.0010291209966288397
leaf_weight=34675 689 21300 1331 8196 7699 15633 479 1037 889 1040 3073 3518 899 706
leaf_count=34675 689 21300 1331 8196 7699 15633 479 1037 889 1040 3073 3518 899 706
internal_value=0.000762746 -0.00107363 -0.000697569 -0.00344149 0.00187475 0.000686918 -0.00217329 0.000337022 -0.000403245 -0.00312051 -0.00143253 -0.00263612 -0.00967459 -0.00660867
internal_weight=101164 38155 36567 10006 63009 28334 8675 26561 20635 5002 3962 5261 1588 1743
internal_count=101164 38155 36567 10006 63009 28334 8675 26561 20635 5002 3962 5261 1588 1743
is_linear=0
shrinkage=0.05


Tree=30
num_leaves=15
num_cat=0
split_feature=17 48 42 26 42 20 26 45 52 21 17 33 56 43
split_gain=81.054 40.3107 31.0202 27.1172 24.8449 22.0464 22.7011 17.2862 17.1372 17.0293 16.7733 16.1865 15.101 13.6036
threshold=6.2500000000000009 8.6500000953674334 10.650000095367433 0.96942952275276195 6.0499999523162851 23.94999980926514 0.74631217122077953 -0.40378719568252558 0.90531614422798168 20.500000000000004 56.350000381469734 1.5500000119209292 55.549999237060554 352.50000000000006
decision_type=2 2 2 2 2 2 2 2 2 2 2 2 2 8
left_child=4 2 7 9 -1 11 -7 10 -3 -4 -2 -6 -12 -13
right_child=1 8 3 -5 5 6 -8 -9 -10 -11 12 13 -14 -15
leaf_value=0.0082720735217387317 -0.00084214081162420091 -0.0060718818457634084 -0.01097451310403634 -0.01969026293761756 0.0069127732647221917 0.00056210898152250885 -0.0073908315260162007 0.0024114558865212356 -0.014599224639306374 -0.0043294522957094336 -0.010624645916847848 0.0039288125445225246 -0.0044556395463237822 -0.0061304292280283581
leaf_weight=29548 12997 1987 659 194 16383 10275 2365 14706 807 3257 553 3012 2177 2467
leaf_count=29548 12997 1987 659 194 16383 10275 2365 14706 807 3257 553 3012 2177 2467
internal_value=0.000794748 -0.00105671 -0.000588516 -0.00466019 0.00187402 0.000962274 -0.000699605 -3.72826e-05 -0.0068224 -0.00372389 -0.00118924 0.00192301 -0.00474453 -0.00042904
internal_weight=101387 37337 34543 4110 64050 34502 12640 30433 2794 3916 15727 21862 2730 5479
internal_count=101387 37337 34543 4110 64050 34502 12640 30433 2794 3916 15727 21862 2730 5479
is_linear=0
shrinkage=0.05


Tree=31
num_leaves=15
num_cat=0
split_feature=17 48 43 21 1 46 43 20 26 52 46 52 43 26
split_gain=75.3108 45.8671 24.4674 28.0488 19.7605 27.7064 17.632 16.1365 15.7499 14.8588 14.0598 13.3402 11.9533 10.609
threshold=1.7500000000000002 9.3499999046325701 47.500000000000007 24.500000000000004 47.350000381469734 5.6499998569488534 47.500000000000007 38.850000381469734 0.68424528837203991 -0.97509795427322377 32.250000000000007 0.55656746029853832 157.50000000000003 0.76335415244102489
decision_type=2 2 8 2 2 2 10 2 2 2 2 2 8 2
left_child=4 2 -2 13 12 6 -6 -8 -3 -7 -11 -9 -1 -4
right_child=1 8 3 -5 5 9 7 11 -10 10 -12 -13 -14 -15
leaf_value=0.016613045520039976 0.004678510428593392 -0.0048792343983518754 -0.0033425992107889353 -0.00034689023283967791 0.0079995292687548882 -0.018831995303783221 0.0034578380036087487 -0.0014549250863851088 -0.013228786324570037 -0.0048297540858549468 -0.017116420818966516 -0.011691964955250388 0.0052789504596810755 -0.0078977408181615649
leaf_weight=9839 8644 917 5040 26242 10753 71 11169 4308 1338 1652 98 697 17383 3281
leaf_count=9839 8644 917 5040 26242 10753 71 11169 4308 1338 1652 98 697 17383 3281
internal_value=0.000754224 -0.000757389 -0.000393711 -0.000988777 0.00198196 0.00106718 0.0014714 0.000427583 -0.00769316 -0.00488531 -0.00389205 -0.00192921 0.00294727 -0.00351638
internal_weight=101432 45462 43207 34563 55970 28748 26927 16174 2255 1821 1750 5005 27222 8321
internal_count=101432 45462 43207 34563 55970 28748 26927 16174 2255 1821 1750 5005 27222 8321
is_linear=0
shrinkage=0.05


Tree=32
num_leaves=15
num_cat=0
split_feature=17 45 37 19 46 52 44 21 46 38 2 10 52 43
split_gain=66.4123 37.991 23.5597 21.6211 22.466 20.7899 20.4348 17.2115 18.4566 16.9348 15.8652 13.7983 14.3387 16.3675
threshold=1.7500000000000002 -4.0149543285369864 32.500000000000007 78.349998474121108 5.6499998569488534 0.55656746029853832 -9.5492820739746076 15.500000000000002 7.8500001430511483 8.6500000953674334 38.149999618530281 71.858333587646499 0.57077592611312877 47.500000000000007
decision_type=2 2 2 2 2 2 2 2 2 2 2 2 2 10
left_child=3 2 9 -1 5 -5 7 -3 -9 10 -2 -4 -13 -14
right_child=1 6 11 4 -6 -7 -8 8 -10 -11 -12 12 13 -15
leaf_value=0.0079839049799768861 -0.0083669625834691414 -0.011372910881510403 -0.00060918630258430641 0.0043685944479707776 -0.0088587341584490456 -0.0029228277900513223 0.00087389375851111355 -0.0008966779026705502 -0.018294926894032847 -0.0028811115636126574 -0.019331972844491115 -0.0040628614032409164 -0.0027199778216826678 -0.019640895888728686
leaf_weight=30996 750 218 5059 19082 1402 4321 32275 1674 511 1073 622 2691 238 386
leaf_count=30996 750 218 5059 19082 1402 4321 32275 1674 511 1073 622 2691 238 386
internal_value=0.000765882 -0.000651878 -0.00323714 0.00192175 0.000821076 0.00119015 0.000155385 -0.00428305 -0.00290433 -0.00754582 -0.0112084 -0.00197161 -0.00447368 -0.0112461
internal_weight=101298 45497 10819 55801 24805 23403 34678 2403 2185 2445 1372 8374 3315 624
internal_count=101298 45497 10819 55801 24805 23403 34678 2403 2185 2445 1372 8374 3315 624
is_linear=0
shrinkage=0.05


Tree=33
num_leaves=15
num_cat=0
split_feature=17 48 42 0 47 20 24 49 18 46 23 45 53 0
split_gain=60.8199 43.0567 33.6696 23.0824 22.9855 24.2795 16.6224 16.1683 15.1805 14.0026 13.8189 13.5465 12.4057 15.5766
threshold=-5.1499998569488517 8.6500000953674334 6.1499998569488534 31.750000000000004 8.5674242973327654 135.04999542236331 445.00000000000006 -162.49999999999997 8.3499999046325701 7.0499999523162851 0.47499999403953558 -0.40378719568252558 -0.53495380282402027 63.449998855590827
decision_type=2 2 2 2 2 2 2 10 2 2 2 2 2 2
left_child=7 2 6 -4 11 9 -2 -1 -3 10 -6 -5 13 -11
right_child=1 8 3 4 5 -7 -8 -9 -10 12 -12 -13 -14 -15
leaf_value=0.0094407569614086452 0.0030227936058311155 -0.0049517941704046329 0.0053981068409776622 -0.0031544186762942281 -0.0077273228266880739 -0.016892917375041359 -0.030542919680159927 0.0027198263165742007 -0.01058021420945679 -0.019003836253402868 -0.001536387146642748 0.0020079946652465752 -0.0039910069418838973 -0.031030013763628829
leaf_weight=21477 26698 2045 4287 8610 2446 121 200 20671 1608 598 4596 7281 452 205
leaf_count=21477 26698 2045 4287 8610 2446 121 200 20671 1608 598 4596 7281 452 205
internal_value=0.000815113 -0.000219162 0.000127378 -0.00106691 -0.00166351 -0.00377432 0.00139698 0.00226624 -0.00546956 -0.00343265 -0.00255814 -0.000543676 -0.00828063 -0.0119742
internal_weight=101295 59147 55494 28596 24309 8418 26898 42148 3653 8297 7042 15891 1255 803
internal_count=101295 59147 55494 28596 24309 8418 26898 42148 3653 8297 7042 15891 1255 803
is_linear=0
shrinkage=0.05


Tree=34
num_leaves=15
num_cat=0
split_feature=48 46 26 52 0 42 1 51 18 42 38 24 52 0
split_gain=62.4921 38.3752 38.0388 28.8114 27.8872 30.9279 26.7461 20.96 20.1373 18.4502 15.6559 15.3872 14.3392 18.3117
threshold=3.9500000476837163 7.5499999523162851 0.84363877773284923 0.34235194325447088 30.550000190734867 5.5499999523162851 66.700000762939467 1.0000000180025095e-35 39.250000000000007 9.4499998092651385 10.84999990463257 422.50000000000006 0.55656746029853832 66.700000762939467
decision_type=2 2 2 2 2 2 2 2 2 2 2 2 2 2
left_child=1 4 3 -2 -1 11 9 -4 10 -3 -5 -6 -7 -14
right_child=2 6 7 8 5 12 -8 -9 -10 -11 -12 -13 13 -15
leaf_value=0.011695782388481384 0.0023751144067673002 0.0027115196644470242 -0.0091114734365157907 -0.0057955996868904666 0.0064649847541274653 0.0019459424505150385 -0.013811050860709268 -0.00050519096918054526 -0.015728040501554321 -0.0085433812039667698 0.00099554786302332755 -0.022954164630728746 -0.00022313651222882235 -0.0078259061312725645
leaf_weight=12445 8571 3385 4093 3952 26178 24296 1085 1599 489 1927 3468 216 7129 2476
leaf_count=12445 8571 3385 4093 3952 26178 24296 1085 1599 489 1927 3468 216 7129 2476
internal_value=0.000693799 0.00135109 -0.00165179 -0.000433596 0.00167766 0.00123249 -0.00235914 -0.00517187 -0.00260828 -0.000890642 -0.00195155 0.00251553 0.00023311 -0.00140146
internal_weight=101309 79137 22172 16480 72740 60295 6397 5692 7909 5312 7420 26394 33901 9605
internal_count=101309 79137 22172 16480 72740 60295 6397 5692 7909 5312 7420 26394 33901 9605
is_linear=0
shrinkage=0.05


Tree=35
num_leaves=15
num_cat=0
split_feature=20 42 47 0 34 37 57 14 11 46 12 27 7 18
split_gain=59.2762 35.8944 28.4644 31.0124 23.8706 23.7515 23.4505 18.2246 17.9905 24.5479 18.9446 17.8064 17.184 16.8125
threshold=45.049999237060554 10.34999990463257 5.27559518814087 28.849999427795414 -2.2499999999999996 35.500000000000007 30.083333969116214 43.232330322265632 66.631248474121108 17.550000190734867 69.890277862548842 19.650000572204593 51.049999237060554 30.849999427795414
decision_type=2 2 2 2 2 2 2 2 2 2 2 2 2 2
left_child=2 6 -1 -4 8 -6 11 -3 -5 10 12 -2 -10 -8
right_child=1 7 3 4 5 -7 13 -9 9 -11 -12 -13 -14 -15
leaf_value=0.010751875967389496 -0.016901254323768992 -0.0065043747820019791 0.0097505039251344679 -0.0013935213792972032 -0.0045223063756232524 0.0030420669733391683 0.0011887418434731725 -0.014143109661300765 -0.0079877110379316333 -0.019674027708971888 -0.0025492546249078355 -0.0033174432025137703 -0.036921964513604633 -0.0028984460442630275
leaf_weight=14756 599 3553 11196 3783 3561 29406 24274 182 192 93 983 1924 243 7009
leaf_count=14756 599 3553 11196 3783 3561 29406 24274 182 192 93 983 1924 243 7009
internal_value=0.000742109 -0.000836063 0.00166475 0.00108931 0.00041167 0.000912303 -0.000321445 -0.00548064 -0.00270173 -0.00729454 -0.00553922 -0.00494868 -0.0141011 5.3207e-05
internal_weight=101754 37541 64213 49457 38261 32967 33806 3735 5294 1511 1418 2523 435 31283
internal_count=101754 37541 64213 49457 38261 32967 33806 3735 5294 1511 1418 2523 435 31283
is_linear=0
shrinkage=0.05


Tree=36
num_leaves=15
num_cat=0
split_feature=20 45 52 1 43 38 47 33 16 27 0 24 43 47
split_gain=59.1058 51.635 36.1219 27.8966 27.6666 26.3184 20.8448 20.1391 20.2224 20.0381 17.4115 19.8083 16.8274 16.1566
threshold=23.94999980926514 -1.4598052501678465 0.55656746029853832 107.20000076293947 177.50000000000003 5.5499999523162851 9.0310096740722674 1.5500000119209292 40.250000000000007 9.3499999046325701 97.90000152587892 5.5000000000000009 37.500000000000007 5.5281746387481698
decision_type=2 2 2 2 8 2 2 2 2 2 2 2 10 2
left_child=4 2 10 -4 -1 -5 -3 -6 -9 -8 -2 12 -12 -7
right_child=1 6 3 5 7 13 9 8 -10 -11 11 -13 -14 -15
leaf_value=0.010603420987546288 0.0015658476655509936 0.0026372579431240498 -0.0057154303939378351 -0.026823882433874041 0.004146832367816356 -0.0024357807030912968 -0.014809592614768162 0.00017128914577403944 -0.012275942155974417 -0.0035799098814769991 0.0056878585403020484 -0.0072705119913447835 -0.0039269374970971596 -0.019558245103125507
leaf_weight=18014 9274 28207 8186 98 19137 310 70 5725 1378 3181 1876 2483 3082 368
leaf_count=18014 9274 28207 8186 98 19137 310 70 5725 1378 3181 1876 2483 3082 368
internal_value=0.000716427 -0.000346049 -0.00200938 -0.00456866 0.00208793 -0.0135751 0.00101182 0.00105143 -0.001221 -0.00277369 -0.000635276 -0.00243524 -0.000605877 -0.00975291
internal_weight=101389 57135 25677 8962 44254 776 31458 26240 7103 3251 16715 7441 4958 678
internal_count=101389 57135 25677 8962 44254 776 31458 26240 7103 3251 16715 7441 4958 678
is_linear=0
shrinkage=0.05


Tree=37
num_leaves=15
num_cat=0
split_feature=48 0 46 52 44 43 45 1 43 26 26 43 1 43
split_gain=49.0031 38.9409 39.744 32.0775 24.8002 20.7344 20.6056 21.3738 19.6238 18.0373 17.7472 18.9639 16.6015 15.206
threshold=8.2500000000000018 42.649999618530281 5.6499998569488534 0.55656746029853832 -12.742668628692625 62.500000000000007 -3.6338210105895992 107.20000076293947 197.50000000000003 0.69073241949081432 0.75405275821685802 377.50000000000006 91.599998474121108 81.250000000000014
decision_type=2 2 2 2 2 10 2 2 8 2 2 10 2 10
left_child=1 8 3 5 -4 -3 7 -5 -1 -2 -7 -12 -6 -9
right_child=9 2 4 6 12 10 -8 13 -10 -11 11 -13 -14 -15
leaf_value=0.013338128700694979 -0.0020692504309647924 0.005513965660552839 -0.021510367506489301 -0.0048271770735865902 -0.0036890083208750745 0.0023874810525268916 -0.00015635816741269731 -0.011056772136025145 0.0032993361509109881 -0.0086997946217629019 0.0005359318013742814 -0.0070469868511210719 -0.012151888370663418 -0.022292568797899325
leaf_weight=12481 2753 20309 417 3937 3730 17752 8022 208 19454 2526 5810 3185 511 171
leaf_count=12481 2753 20309 417 3937 3730 17752 8022 208 19454 2526 5810 3185 511 171
internal_value=0.000780343 0.00103842 0.000327183 0.000676217 -0.00411525 0.00127119 -0.00159216 -0.00437355 0.00246439 -0.00390527 0.000356356 -0.00145197 -0.00295107 -0.0155656
internal_weight=101266 95987 64052 59394 4658 47056 12338 4316 31935 5279 26747 8995 4241 379
internal_count=101266 95987 64052 59394 4658 47056 12338 4316 31935 5279 26747 8995 4241 379
is_linear=0
shrinkage=0.05


Tree=38
num_leaves=15
num_cat=0
split_feature=49 26 43 0 18 8 16 19 45 40 46 45 43 33
split_gain=49.5619 32.9323 22.4809 24.9305 21.1869 20.9193 19.943 19.2777 17.7205 14.9246 13.9966 13.9918 11.8595 10.9984
threshold=1.0000000180025095e-35 0.76335415244102489 111.87500000000001 27.050000190734867 52.649999618530281 278.00000000000006 15.550000190734865 90.000000000000014 -1.9879235029220579 989.04998779296886 5.2500000000000009 -4.1323418617248526 37.500000000000007 1.0500000119209292
decision_type=10 2 8 2 2 2 2 2 2 2 2 2 10 2
left_child=2 4 7 -4 11 8 -5 -1 -3 -7 13 -2 -9 -8
right_child=1 5 3 6 -6 9 10 12 -10 -11 -12 -13 -14 -15
leaf_value=0.012228657773916705 -0.0026082208396319088 -0.0062925747994079188 0.0098506360253464015 -0.0078694829604369198 -0.0078360649201120788 -0.016728327674586169 0.0024735262860805895 0.0058906321852650947 -0.0012106294695949243 -0.002258089689644408 -0.0063437446412118919 0.0025118296540036569 -0.00064531471997273607 -0.0024872813687276587
leaf_weight=15822 6334 5887 6019 1208 1198 102 16074 7734 8557 90 2693 19303 6166 4111
leaf_count=15822 6334 5887 6019 1208 1198 102 16074 7734 8557 90 2693 19303 6166 4111
internal_value=0.000707644 -0.000620645 0.00162834 0.000664951 0.000420004 -0.00252765 -5.47807e-05 0.00260359 -0.00230248 -0.0185149 0.000277001 0.000724646 0.00124371 0.000729141
internal_weight=101298 41471 59827 30105 26835 14636 24086 29722 14444 192 22878 25637 13900 20185
internal_count=101298 41471 59827 30105 26835 14636 24086 29722 14444 192 22878 25637 13900 20185
is_linear=0
shrinkage=0.05


Tree=39
num_leaves=15
num_cat=0
split_feature=20 45 43 0 43 43 18 26 37 33 18 12 16 8
split_gain=50.8104 40.7606 27.5246 21.2457 20.8232 17.3648 19.4338 16.0413 16.0362 15.9444 14.957 15.1932 13.9779 14.4801
threshold=27.849999427795414 -2.9127216339111324 111.87500000000001 27.050000190734867 222.50000000000003 52.500000000000007 6.7500000000000009 0.89488834142684948 54.500000000000007 1.5500000119209292 20.550000190734867 46.724998474121101 42.350000381469734 49.45000076293946
decision_type=2 2 8 2 10 8 2 2 2 2 2 2 2 2
left_child=2 5 -1 -4 8 -2 -7 -6 10 -5 -3 -12 -11 -14
right_child=1 4 3 9 7 6 -8 -9 -10 12 11 -13 13 -15
leaf_value=0.010407224260692526 0.0011109597147569554 0.00029833517658880288 0.009237875152468265 0.0024093731885010288 0.00010570542660681394 -0.002976000481697362 -0.0071211305968335694 -0.0058135477853939015 0.0042175436231121303 -0.0011557576744225906 -0.013792515485753727 -0.0022081194220928235 -0.016715612616076705 -0.0041478175090979095
leaf_weight=15897 3876 2847 7821 17681 9238 7502 5238 3379 19467 5817 332 431 496 1033
leaf_count=15897 3876 2847 7821 17681 9238 7502 5238 3379 19467 5817 332 431 496 1033
internal_value=0.000720081 -0.000362194 0.00188135 0.00105423 0.00059013 -0.00240707 -0.00329804 -0.00104261 0.00148287 0.000342893 -0.00157459 -0.00774256 -0.00161365 -0.0058512
internal_weight=101055 52310 48745 32848 35694 16616 12740 12617 23077 25027 3610 763 7346 1529
internal_count=101055 52310 48745 32848 35694 16616 12740 12617 23077 25027 3610 763 7346 1529
is_linear=0
shrinkage=0.05


Tree=40
num_leaves=15
num_cat=0
split_feature=17 42 38 0 46 56 26 48 11 47 26 4 45 16
split_gain=49.3838 33.865 28.3833 24.913 24.2134 20.2065 18.5405 17.8236 14.1204 12.3186 21.9529 12.2854 11.6371 11.4205
threshold=-5.7499999999999991 8.9499998092651385 4.3500001430511483 73.450000762939467 1.2500000000000002 52.45000076293946 0.68487977981567394 -5.3500001430511466 85.414581298828139 4.7510869503021249 0.78845849633216869 76.950000762939467 -2.6697075366973873 23.150000572204593
decision_type=2 2 2 2 2 2 2 2 2 2 2 2 2 2
left_child=7 3 -3 -2 5 11 -4 -1 -6 -7 -11 13 -9 -5
right_child=1 2 6 4 8 9 -8 12 -10 10 -12 -13 -14 -15
leaf_value=0.011809829357005593 0.0029059865265827906 -0.016121008691207982 -0.00077808968565578956 -0.012641581939436512 -0.006813320283801454 0.0030136134772093585 -0.0062330175901416651 -0.00017707758585137033 -0.025764864456732442 0.00029827912256931996 -0.0076223346277858803 -0.012249642032895934 0.0047525773344432795 -0.001885924819517685
leaf_weight=11321 25958 701 9083 402 975 7506 4686 9542 369 6390 1527 301 20399 1958
leaf_count=11321 25958 701 9083 402 975 7506 4686 9542 369 6390 1527 301 20399 1958
internal_value=0.00067825 -0.000239201 -0.00234461 0.000432417 -0.000921391 -0.000438267 -0.00184012 0.00200887 -0.00737075 0.000256917 -0.00111833 -0.00445339 0.00136907 -0.00320675
internal_weight=101118 59856 14470 45386 19428 18084 13769 41262 1344 15423 7917 2661 29941 2360
internal_count=101118 59856 14470 45386 19428 18084 13769 41262 1344 15423 7917 2661 29941 2360
is_linear=0
shrinkage=0.05


Tree=41
num_leaves=15
num_cat=0
split_feature=0 56 47 26 45 43 0 33 56 24 47 53 15 47
split_gain=44.6945 64.2196 38.8154 37.4876 23.1366 21.5957 16.4116 22.134 16.3305 15.6463 14.8589 13.9354 13.524 12.9037
threshold=42.649999618530281 34.750000000000007 7.7651085853576669 0.69743588566780101 -0.72666779160499562 197.50000000000003 97.90000152587892 1.0000000180025095e-35 22.250000000000004 2.5000000000000004 10.728991985321047 0.94909128546714794 153.90000152587893 6.4204165935516366
decision_type=2 2 2 2 2 8 2 2 2 2 2 2 2 2
left_child=5 8 4 10 6 -1 -3 13 -2 -9 -4 -12 -11 -8
right_child=1 2 3 -5 -6 -7 7 9 -10 12 11 -13 -14 -15
leaf_value=0.011857640819406691 -0.01329764822963791 0.0021829630125585519 0.00035931622079771983 -0.0099088899480253463 0.0045260977610274552 0.002514198579069113 4.791948865009316e-05 0.0057402763313417968 -0.0045481491650059104 -0.0073040054051769976 -0.0050003853626630484 -0.14804642870291237 -0.015846397232123024 -0.0087065965762735727
leaf_weight=12598 1010 12194 10180 2019 25093 20828 7263 250 4015 421 3537 55 359 1222
leaf_count=12598 1010 12194 10180 2019 25093 20828 7263 250 4015 421 3537 55 359 1222
internal_value=0.000705267 -3.41573e-05 0.000402776 -0.00174008 0.00112599 0.00220062 -6.9294e-05 -0.00162467 -0.00546673 -0.00850962 -0.000804673 -0.00356469 -0.011962 -0.00077987
internal_weight=101044 67618 62593 15791 46802 33426 21709 9515 5025 1030 13772 3592 780 8485
internal_count=101044 67618 62593 15791 46802 33426 21709 9515 5025 1030 13772 3592 780 8485
is_linear=0
shrinkage=0.05


Tree=42
num_leaves=15
num_cat=0
split_feature=43 26 18 45 21 40 20 42 0 46 37 44 47 27
split_gain=40.4331 30.8328 30.4315 23.4373 20.3987 20.1686 18.7743 18.6813 18.209 14.5553 18.0292 15.1956 14.2107 12.0695
threshold=237.50000000000003 0.88907960057258617 22.250000000000004 -2.9127216339111324 53.500000000000007 985.14999389648449 22.349999427795414 9.1500000953674334 34.95000076293946 7.2500000000000009 24.500000000000004 -12.742668628692625 3.2151923179626469 19.250000000000004
decision_type=10 2 2 2 2 2 2 2 2 2 2 2 2 2
left_child=2 7 3 6 12 -4 -1 -2 -9 10 -10 -11 -3 -14
right_child=1 4 5 -5 -6 -7 -8 8 9 11 -12 -13 13 -15
leaf_value=0.0043168014322302597 0.0017087773251371877 -0.00035758010410907859 -0.0057842740107303982 0.0063904075987128292 -0.0015499971067312202 0.00082842105547730166 -0.0016580095136491911 0.0032138979666137069 -0.014641983132198484 -0.022506832653476926 -0.0021360910682383968 -0.0071573682512018682 -0.012444486565326332 -0.0054365231492020851
leaf_weight=8449 19516 750 3450 35704 3572 7074 10065 3050 670 277 5445 730 1283 1325
leaf_count=8449 19516 750 3450 35704 3572 7074 10065 3050 670 277 5445 730 1283 1325
internal_value=0.000718655 -0.000609097 0.00146961 0.00194715 -0.00360951 -0.000990127 0.000503131 9.22623e-05 -0.00164408 -0.0030272 -0.00210204 -0.00856932 -0.00640142 -0.0081398
internal_weight=101360 36618 64742 54218 6930 10524 18514 29688 10172 7122 6115 1007 3358 2608
internal_count=101360 36618 64742 54218 6930 10524 18514 29688 10172 7122 6115 1007 3358 2608
is_linear=0
shrinkage=0.05


Tree=43
num_leaves=15
num_cat=0
split_feature=17 48 48 43 1 46 13 45 38 30 45 50 52 40
split_gain=39.7318 26.4819 18.3535 17.3178 23.371 18.2083 14.7954 13.8807 12.8851 12.702 11.2287 10.0498 10.0446 14.4047
threshold=-5.1499998569488517 9.7500000000000018 -5.2499999999999991 41.875000000000007 66.250000000000014 1.8499999642372134 58.51964187622071 -0.40378719568252558 9.4499998092651385 357.50000000000006 -2.7070881128311153 -0.6035533845424651 0.87811094522476207 979.75000000000011
decision_type=2 2 2 8 2 2 2 2 2 8 2 2 2 2
left_child=2 3 -1 -2 12 6 8 -8 9 -6 -4 -3 -5 -14
right_child=1 11 10 4 5 -7 7 -9 -10 -11 -12 -13 13 -15
leaf_value=0.010714731164751662 0.0041642869695150677 -0.0095981517829206928 -0.00033158327680720003 0.0019568531299890375 -0.029245827404915131 -0.010599695177225629 -0.0026042034760490394 0.0028734070298739884 -0.0040571413091072392 -0.0044672451735518889 0.0043689056049796152 -4.3495878033220854e-05 -0.01045829140404851 -0.0008191192263006941
leaf_weight=11667 9629 1528 9545 23393 163 1968 6734 4496 3413 148 21007 604 773 5842
leaf_count=11667 9629 1528 9545 23393 163 1968 6734 4496 3413 148 21007 604 773 5842
internal_value=0.000701051 -0.000140457 0.00187063 6.62025e-05 -0.000330209 -0.0018155 -0.00121826 -0.000311388 -0.00394483 -0.0135358 0.00122571 -0.00559757 0.000507696 -0.00121132
internal_weight=100910 58691 42219 56559 46930 16922 14954 11230 3724 311 30552 2132 30008 6615
internal_count=100910 58691 42219 56559 46930 16922 14954 11230 3724 311 30552 2132 30008 6615
is_linear=0
shrinkage=0.05


Tree=44
num_leaves=15
num_cat=0
split_feature=18 43 47 56 1 42 38 26 1 38 44 46 47 3
split_gain=38.0394 24.7244 24.6941 19.914 18.5955 18.2203 20.4696 17.9961 14.4795 18.7971 16.1932 13.0778 13.5921 12.7224
threshold=8.5500001907348651 77.500000000000014 7.6697826385498056 35.45000076293946 26.550000190734867 10.750000000000002 8.1500000953674334 0.69743588566780101 120.34999847412111 20.650000572204593 1.0000000180025095e-35 7.0499999523162851 12.587228298187258 81.40000152587892
decision_type=2 8 2 2 2 2 2 2 2 2 2 2 2 2
left_child=1 -1 3 13 -3 -6 -7 11 -5 10 -10 -4 -13 -2
right_child=2 4 7 8 5 6 -8 -9 9 -11 -12 12 -14 -15
leaf_value=0.0073959344088319837 -0.0039001524386326918 0.0071313204770724059 -0.0023128114871331989 0.0025142026238005218 0.0014322212875624645 -0.012979270057593801 -0.0017961616519787419 -0.010728939255766536 0.0027321333775046593 -0.018574039934075099 -0.0046917251196562674 -0.0096736097543013017 -0.035274440128309485 -0.014603931748135492
leaf_weight=19754 2596 8304 6315 14894 33089 989 6451 1137 3329 334 3237 464 146 224
leaf_count=19754 2596 8304 6315 14894 33089 989 6451 1137 3329 334 3237 464 146 224
internal_value=0.00065827 0.0013271 -0.000745579 4.14232e-05 0.000723031 0.000281088 -0.00195302 -0.00314544 0.000553568 -0.00133864 -0.000740572 -0.00218097 -0.0091129 -0.00390459
internal_weight=101263 68587 32676 24614 48833 40529 7440 8062 21794 6900 6566 6925 610 2820
internal_count=101263 68587 32676 24614 48833 40529 7440 8062 21794 6900 6566 6925 610 2820
is_linear=0
shrinkage=0.05


Tree=45
num_leaves=15
num_cat=0
split_feature=0 37 46 0 38 21 52 34 52 51 44 0 44 33
split_gain=37.3901 46.6068 34.8248 51.1701 24.9144 21.8143 20.0538 18.4294 18.1557 17.684 16.0903 15.4925 15.2064 15.5147
threshold=31.750000000000004 37.500000000000007 0.45000000298023229 99.799999237060561 4.9500000476837167 36.500000000000007 0.19337368011474612 -2.1499999761581416 0.86975130438804638 0.37940952181816107 0.14571669697761538 82.099998474121108 -8.8332848548889142 2.2500000000000004
decision_type=2 2 2 2 2 2 2 2 2 2 2 2 2 2
left_child=-1 4 5 9 -2 10 -5 8 -7 12 -3 -12 13 -4
right_child=1 2 3 6 -6 7 -8 -9 -10 -11 11 -13 -14 -15
leaf_value=0.0069646777141140984 -0.011198964396810425 0.0026022470716648149 -0.0031471744406689293 -0.0063832283998319795 -0.0033024123948772106 3.9330270913273278e-06 -0.021919606804435766 0.005405438078161514 -0.0084270102840662588 0.0034546271007985991 0.001979012840126331 -0.0033854199111612035 -0.0008737582214288763 -0.015848062338443401
leaf_weight=17379 1152 9627 1267 1296 7962 2685 579 31806 468 5909 4636 7794 8122 861
leaf_count=17379 1152 9627 1267 1296 7962 2685 579 31806 468 5909 4636 7794 8122 861
internal_value=0.000678119 0.000241999 0.000652145 -0.00126247 -0.0031324 0.00125785 -0.00905836 0.00203452 -0.00160765 -0.000352835 2.65104e-05 -0.00116158 -0.00160819 -0.00536015
internal_weight=101543 84164 75050 18034 9114 57016 1875 34959 3153 16159 22057 12430 10250 2128
internal_count=101543 84164 75050 18034 9114 57016 1875 34959 3153 16159 22057 12430 10250 2128
is_linear=0
shrinkage=0.05


Tree=46
num_leaves=15
num_cat=0
split_feature=42 26 0 36 0 56 0 47 56 22 8 30 44 8
split_gain=36.2153 32.419 22.5195 28.0882 21.4502 20.3098 20.1296 19.8084 16.4186 16.1469 15.1659 13.5398 13.0988 12.8669
threshold=6.3500001430511483 0.8825223743915559 43.250000000000007 14.650000095367433 27.44999980926514 20.050000190734867 103.70000076293947 9.3935418128967303 37.199998855590827 4364.5000000000009 278.00000000000006 77.500000000000014 7.9225699901580819 171.1499938964844
decision_type=2 2 2 2 2 2 2 2 2 2 2 8 2 2
left_child=2 4 -1 -4 -2 -6 8 -7 -5 -9 11 -8 -3 -13
right_child=1 12 3 6 5 7 10 9 -10 -11 -12 13 -14 -15
leaf_value=0.0087250313688506352 0.0068067775266928273 -0.0047623054216546293 0.0069536645003184091 -0.0044441028033759327 -0.0082977355469301926 0.0010034191650361308 -0.0016754113355762356 -0.0028379279430155984 0.0026400268726455029 -0.01806729074724461 -0.011689088479473322 -0.0097017579978230135 -0.011835153479682786 -0.021315980861520773
leaf_weight=14801 6238 5320 9947 2546 769 27503 4802 10153 17667 102 97 951 322 98
leaf_count=14801 6238 5320 9947 2546 769 27503 4802 10153 17667 102 97 951 322 98
internal_value=0.000645244 -0.000304758 0.00158575 0.000912011 0.000145729 -0.000294911 5.17751e-05 -0.000130004 0.000804282 -0.00200438 -0.00250252 -0.00215748 -0.00387297 -0.00727573
internal_weight=101316 50407 50909 36108 44765 38527 26161 37758 20213 10255 5948 5851 5642 1049
internal_count=101316 50407 50909 36108 44765 38527 26161 37758 20213 10255 5948 5851 5642 1049
is_linear=0
shrinkage=0.05


Tree=47
num_leaves=15
num_cat=0
split_feature=17 45 35 46 11 44 0 37 4 38 13 26 0 41
split_gain=37.1022 23.4217 16.1481 16.0906 33.2603 15.9982 13.5463 13.2678 17.5214 15.5554 12.954 14.5005 12.7634 11.759
threshold=-5.7499999999999991 -4.1323418617248526 20.500000000000004 0.55000001192092907 87.693748474121108 3.9760600328445439 97.000000000000014 37.500000000000007 32.049999237060554 11.650000095367433 81.694049835205092 0.69868040084838878 104.90000152587892 99.500000000000014
decision_type=2 2 2 2 2 2 2 2 2 2 2 2 2 2
left_child=2 7 -1 5 13 -3 -6 8 -2 -10 -8 -12 -9 -5
right_child=1 3 -4 4 6 -7 10 12 9 -11 11 -13 -14 -15
leaf_value=0.0058844244225604511 -0.0023083873402859833 0.0027468272706553157 0.00073256796457829988 0.00053149332319841938 0.0052382174277450042 -0.0014211639834124728 -0.037319459870682366 -5.130071471193311e-05 -0.015409086053678342 -0.0029938526808346031 0.00088880893079603209 -0.011534625535693897 -0.0057594688055031826 -0.0073452382106337574
leaf_weight=27428 2344 26184 13713 7963 147 8529 190 7992 1049 568 176 202 2250 2300
leaf_count=27428 2344 26184 13713 7963 147 8529 190 7992 1049 568 176 202 2250 2300
internal_value=0.000640062 -0.00015408 0.00179595 0.000397256 -0.00127048 0.000924891 -0.0116207 -0.00192676 -0.00438051 -0.00836816 -0.0150692 -0.00930412 -0.000974444 -0.000538791
internal_weight=101035 59894 41141 45691 10978 34713 715 14203 3961 1617 568 378 10242 10263
internal_count=101035 59894 41141 45691 10978 34713 715 14203 3961 1617 568 378 10242 10263
is_linear=0
shrinkage=0.05


Tree=48
num_leaves=15
num_cat=0
split_feature=0 57 47 26 10 24 47 53 48 25 53 55 50 0
split_gain=33.3794 39.0625 35.066 30.7519 41.6637 26.5506 19.2912 25.0249 18.9669 15.9297 13.7443 16.322 14.4155 13.0493
threshold=28.550000190734867 28.883333206176761 6.4204165935516366 0.78007271885871898 103.18333435058595 3.5000000000000004 10.357518672943117 0.94909128546714794 3.3500000238418584 25.750000000000004 -0.45273527503013605 5.5000000000000009 -0.91597560048103321 82.799999237060561
decision_type=2 2 2 2 2 2 2 2 2 2 2 2 2 2
left_child=-1 10 8 6 -5 -6 13 -8 -3 -10 -2 12 -12 -4
right_child=1 2 3 4 5 -7 7 -9 9 -11 11 -13 -14 -15
leaf_value=0.0079274635583269516 -0.0012144572677409964 0.0047669960427339647 0.0019802326158999766 -0.0036051547327289944 -0.006161868234068224 -0.020221110381369867 -0.0031853410514567056 -0.14050132970992474 0.0018544011888382145 -0.0033784328167030574 -0.013641990525952483 -0.018281183805738014 -0.0030184338448729572 -0.0022085525568337986
leaf_weight=13160 2119 31376 22457 3361 262 347 6848 86 8085 3739 555 442 2027 6109
leaf_count=13160 2119 31376 22457 3361 262 347 6848 86 8085 3739 555 442 2027 6109
internal_value=0.000610152 0.000258076 0.000521287 -0.000555978 -0.00472362 -0.0166478 -8.87072e-05 -0.00245248 0.00150544 -0.000201115 -0.00396565 -0.00612393 -0.0045679 0.000485722
internal_weight=100973 87813 82670 39470 3970 609 35500 6934 43200 11824 5143 3024 2582 28566
internal_count=100973 87813 82670 39470 3970 609 35500 6934 43200 11824 5143 3024 2582 28566
is_linear=0
shrinkage=0.05


Tree=49
num_leaves=15
num_cat=0
split_feature=43 21 0 16 47 8 1 52 52 33 37 55 14 19
split_gain=35.5002 38.2807 24.0271 22.4915 18.1281 17.0795 15.6798 15.4406 15.1311 14.8453 15.4882 16.463 18.3037 13.7027
threshold=47.500000000000007 19.500000000000004 28.550000190734867 15.550000190734865 6.3979167938232431 278.00000000000006 103.50000000000001 0.65233618021011364 -0.4218058288097381 1.5500000119209292 29.500000000000004 5.5000000000000009 5.5526955127716073 87.90000152587892
decision_type=8 2 2 2 2 2 2 2 2 2 2 2 2 2
left_child=13 -2 -3 -4 5 7 9 -5 -8 10 11 -6 -13 -1
right_child=1 2 3 4 6 -7 8 -9 -10 -11 -12 12 -14 -15
leaf_value=0.013446084094177961 -0.0040737903278135054 0.0066713947325729387 -0.0051666920920143567 0.0038533570706168734 -0.0025338105046527446 -0.013751728724552754 0.00086476504347435452 -0.0021377537434346711 -0.011917769768116985 -0.0040968923600965676 0.0015628708007589195 -0.029050883681063174 -0.013329652993682535 0.0026543689055498038
leaf_weight=7962 9065 11726 2809 20956 2129 122 863 3727 1403 7278 20353 100 281 12691
leaf_count=7962 9065 11726 2809 20956 2129 122 863 3727 1403 7278 20353 100 281 12691
internal_value=0.000609756 0.000136844 0.000523782 0.000119189 0.000333963 0.001351 -0.000444674 0.00144636 -0.0044464 -0.000142449 0.000483758 -0.00321429 -0.0126471 0.00245923
internal_weight=101465 80812 71747 60021 57212 24805 32407 24683 2266 30141 22863 2510 381 20653
internal_count=101465 80812 71747 60021 57212 24805 32407 24683 2266 30141 22863 2510 381 20653
is_linear=0
shrinkage=0.05


Tree=50
num_leaves=15
num_cat=0
split_feature=0 57 47 26 10 46 25 41 19 13 47 53 49 37
split_gain=31.8704 43.5468 26.499 19.8029 19.2692 15.7953 29.0787 16.104 16.8836 15.0982 19.3813 14.8148 14.4601 13.4836
threshold=42.649999618530281 45.049999237060554 7.330601930618287 0.78007271885871898 56.56666564941407 1.0000000180025095e-35 20.050000190734867 40.500000000000007 105.34999847412111 86.710418701171889 10.728991985321047 0.80290535092353832 -1.0000000180025095e-35 10.500000000000002
decision_type=2 2 2 2 2 2 2 2 2 2 2 2 10 2
left_child=13 4 5 9 -2 12 -7 8 -8 10 -4 -12 -3 -1
right_child=1 2 3 -5 -6 6 7 -9 -10 -11 11 -13 -14 -15
leaf_value=-0.010158624544845063 -0.0018047898357955066 0.0060349292795915813 -0.0010896658079754993 -0.0089329255552583631 -0.0068715760703999531 0.0018639428358261869 -0.00030993760786243187 -0.0010526741563232443 -0.013696819503168185 0.0033958242925395568 -0.0073038875134811805 -0.13274964055957958 0.00098642505416535122 0.0043839669672468854
leaf_weight=255 8569 16887 8973 1183 3985 6013 343 858 829 3924 2102 87 14063 33063
leaf_count=255 8569 16887 8973 1183 3985 6013 343 858 829 3924 2102 87 14063 33063
internal_value=0.000634442 1.22374e-05 0.000616225 -0.00107838 -0.00264486 0.00132336 -0.000650068 -0.00580882 -0.00959391 -0.000587573 -0.00152524 -0.00573215 0.00183624 0.0019005
internal_weight=101134 67816 55262 16269 12554 38993 8043 2030 1172 15086 11162 2189 30950 33318
internal_count=101134 67816 55262 16269 12554 38993 8043 2030 1172 15086 11162 2189 30950 33318
is_linear=0
shrinkage=0.05


Tree=51
num_leaves=15
num_cat=0
split_feature=43 19 52 38 24 36 13 47 18 53 6 37 50 39
split_gain=31.3266 29.8903 28.9863 23.7959 19.7413 17.7811 15.3252 18.4271 14.629 13.7272 15.3643 13.6951 13.6011 13.3314
threshold=272.50000000000006 77.200000762939467 0.57077592611312877 8.6500000953674334 46.500000000000007 32.750000000000007 100.39731979370119 5.6510870456695566 26.050000190734867 0.029024410061538223 63.899999618530281 36.500000000000007 -0.6035533845424651 1.0000000180025095e-35
decision_type=10 2 2 2 2 2 2 2 2 2 2 2 2 2
left_child=1 -1 8 4 12 13 11 -8 -3 10 -10 -4 -2 -5
right_child=3 2 6 5 -6 -7 7 -9 9 -11 -12 -13 -14 -15
leaf_value=0.0058497098855135364 -0.0073031673513942802 0.0030788118257553013 -0.010072998595655544 -0.00056670398451437313 -0.01892314796313084 0.0028230196077691262 0.00075057925994925204 -0.012168096966742486 -0.0038281432009237056 0.00036866203383959157 -0.020839049772328221 -0.0017655724645103542 -0.0003477630256494916 -0.0057298282699927774
leaf_weight=28147 1935 23919 999 16044 434 9990 96 109 1236 5083 297 7184 2167 3821
leaf_count=28147 1935 23919 999 16044 434 9990 96 109 1236 5083 297 7184 2167 3821
internal_value=0.000588888 0.00121795 0.000320166 -0.000637917 -0.00400792 -0.000124728 -0.0022815 -0.0154651 0.00103536 -0.00104437 -0.00517498 -0.00193275 -0.00291586 -0.000989937
internal_weight=101461 67070 38923 34391 4536 29855 8388 205 30535 6616 1533 8183 4102 19865
internal_count=101461 67070 38923 34391 4536 29855 8388 205 30535 6616 1533 8183 4102 19865
is_linear=0
shrinkage=0.05


Tree=52
num_leaves=15
num_cat=0
split_feature=43 0 57 0 53 8 19 42 53 11 38 18 13 3
split_gain=28.701 30.9571 25.3854 19.8577 18.8966 20.5841 15.6107 14.5829 12.6807 15.5526 12.7439 12.6844 12.1734 11.8645
threshold=47.500000000000007 28.550000190734867 28.550000190734867 70.65000152587892 0.94066718220710765 301.25000000000006 146.90000152587893 9.0500001907348651 -0.99052476882934559 68.577083587646499 3.7500000000000004 48.649999618530281 55.424108505249031 78.799999237060561
decision_type=8 2 2 2 2 2 2 2 2 2 2 2 2 2
left_child=6 -2 13 7 5 8 -1 -4 9 -5 -10 -11 -12 -3
right_child=1 2 3 4 -6 -7 -8 -9 10 11 12 -13 -14 -15
leaf_value=0.0086108434772572059 0.0062454324856418006 -0.0041724379173303299 0.0025945526449826059 -0.00033863870375881326 0.0020438868778880023 -0.012363102620131893 0.00027295912779174385 -0.0013118739293007109 -0.0153202491456573 -0.02185704482542454 -0.0061252026092012231 0.015366644195304173 -0.00098769210181153585 -0.012113972120620924
leaf_weight=14483 11965 4496 29138 340 5891 61 6207 11329 279 302 3525 64 13207 170
leaf_count=14483 11965 4496 29138 340 5891 61 6207 11329 279 302 3525 64 13207 170
internal_value=0.000611874 0.00018613 -0.000222199 3.7103e-05 -0.00111301 -0.00192602 0.00227295 0.00070991 -0.00181728 -0.00833799 -0.00154192 -0.0153457 -0.00136125 -0.00377887
internal_weight=101457 80767 68802 64136 23669 17778 20690 40467 17717 706 17011 366 16732 4666
internal_count=101457 80767 68802 64136 23669 17778 20690 40467 17717 706 17011 366 16732 4666
is_linear=0
shrinkage=0.05


Tree=53
num_leaves=15
num_cat=0
split_feature=44 31 37 10 39 1 1 16 52 38 44 53 24 12
split_gain=30.4195 23.3816 17.8393 17.2554 15.7813 15.6058 12.5536 17.7732 13.4902 12.8779 12.1135 11.836 12.5706 18.9289
threshold=4.5437498092651376 1.4337099790573122 38.500000000000007 84.591667175292983 1.0000000180025095e-35 123.15000152587892 47.649999618530281 18.050000190734867 0.82414472103118908 1.0000000180025095e-35 -10.660546302795408 -0.93543598055839527 20.500000000000004 48.309028625488288
decision_type=2 2 2 2 2 2 2 2 2 2 2 2 2 2
left_child=1 4 3 11 6 -4 9 8 -8 -1 -6 -2 -13 -14
right_child=2 -3 5 -5 10 -7 7 -9 -10 -11 -12 12 13 -15
leaf_value=-0.01272046205336215 0.0037118002191806332 0.0049850860622345974 0.00060754827697966779 -0.012608239330570909 -0.0096378659070863702 -0.0050456951646646936 -0.00039749555303231844 0.00059193712012401388 -0.0098308788478087775 0.0041531081926985073 -0.0016237935735887747 -0.0017916891418608147 -0.0044307044152854967 -0.01413284007258897
leaf_weight=167 668 24914 12216 391 1247 1816 643 31147 708 18059 4631 2618 1270 695
leaf_count=167 668 24914 12216 391 1247 1816 643 31147 708 18059 4631 2618 1270 695
internal_value=0.000563735 0.000989623 -0.00120047 -0.00357219 0.000427648 -0.000244979 0.000711949 0.000122739 -0.00547024 0.0017619 -0.00202276 -0.0028027 -0.0037089 -0.00672152
internal_weight=101190 81516 19674 5642 56602 14032 50724 32498 1351 18226 5878 5251 4583 1965
internal_count=101190 81516 19674 5642 56602 14032 50724 32498 1351 18226 5878 5251 4583 1965
is_linear=0
shrinkage=0.05


Tree=54
num_leaves=15
num_cat=0
split_feature=17 52 10 38 26 1 33 14 53 43 40 56 56 31
split_gain=29.1449 16.0486 19.1619 17.281 18.9975 15.827 18.6222 14.4215 17.0966 13.7722 12.7762 12.3838 12.0542 11.7661
threshold=-7.5499999523162833 0.82414472103118908 28.191666603088382 9.4499998092651385 0.55447641015052807 83.000000000000014 1.0000000180025095e-35 35.540048599243171 0.98770287632942211 157.50000000000003 979.64999389648449 16.250000000000004 23.150000572204593 -6.8133928775787345
decision_type=2 2 2 2 2 2 2 2 2 10 2 2 2 2
left_child=9 5 -3 4 -4 11 12 -8 13 -1 -5 -2 -7 -9
right_child=1 2 3 10 -6 6 7 8 -10 -11 -12 -13 -14 -15
leaf_value=0.0052743999277665831 -0.0055120378109591965 0.0024858546272661024 -0.019968916306924076 -0.011009021410358642 -0.0071082497754988011 -0.021384035960241347 -0.0042113531510871273 0.0021861922156844612 0.0014848578714007916 0.00075730087466729977 -0.0014944575791881176 0.0020267466659573056 -0.00012985257977513582 -0.020135119584814419
leaf_weight=23964 758 3309 308 639 1857 69 2294 62 161 13870 6063 33546 14075 244
leaf_count=23964 758 3309 308 639 1857 69 2294 62 161 13870 6063 33546 14075 244
internal_value=0.000577848 -7.76873e-05 -0.00170852 -0.00291934 -0.0067931 0.000310334 -0.000941472 -0.00468964 -0.0126101 0.00167583 -0.00165971 0.000927318 -0.000207008 -0.0193671
internal_weight=101219 63385 12176 8867 2165 51209 16905 2761 467 37834 6702 34304 14144 306
internal_count=101219 63385 12176 8867 2165 51209 16905 2761 467 37834 6702 34304 14144 306
is_linear=0
shrinkage=0.05


Tree=55
num_leaves=15
num_cat=0
split_feature=48 45 39 20 56 47 1 24 7 26 24 38 13 10
split_gain=29.8762 32.0571 17.6797 15.1378 17.2932 13.6102 12.8923 11.2625 19.1331 12.0783 10.8607 15.2749 10.482 13.5677
threshold=-6.0499999523162833 -0.71604838967323292 1.0000000180025095e-35 22.349999427795414 18.050000190734867 11.530601978302004 43.250000000000007 4.5000000000000009 139.94999694824222 0.999151110649109 32.500000000000007 9.5500001907348651 31.47351169586182 28.191666603088382
decision_type=2 2 2 2 2 2 2 2 2 2 2 2 2 2
left_child=5 3 -3 10 6 -1 -5 9 12 -6 -2 -12 13 -9
right_child=1 2 -4 4 7 -7 -8 8 -10 -11 11 -13 -14 -15
leaf_value=0.0070060488915343697 0.0033157140072762035 0.0028508595489312423 -0.003367592373622723 -0.0065361141208753071 0.00016059330591658037 -0.0074726184558517351 -0.014871706329518706 0.0023360458800746426 -0.0079790316452701456 -0.02061926613439383 -0.010768691807526019 -0.0005509059069795664 -0.0016102079676219687 -0.010574322351454682
leaf_weight=14049 8754 39787 3788 754 12041 993 197 348 1754 185 605 3931 13367 781
leaf_count=14049 8754 39787 3788 754 12041 993 197 348 1754 185 605 3931 13367 781
internal_value=0.000502941 0.000144377 0.00109843 -0.000828867 -0.00146126 0.00255846 -0.00805931 -0.00123815 -0.00210025 -9.1533e-05 0.000571429 -0.00141223 -0.00150076 -0.00610623
internal_weight=101334 86292 43575 42717 29427 15042 951 28476 16250 12226 13290 4536 14496 1129
internal_count=101334 86292 43575 42717 29427 15042 951 28476 16250 12226 13290 4536 14496 1129
is_linear=0
shrinkage=0.05


Tree=56
num_leaves=15
num_cat=0
split_feature=44 46 0 38 21 0 51 43 56 44 38 36 38 9
split_gain=27.6649 28.748 36.8237 21.8789 17.4506 16.5821 15.7185 15.6109 13.858 13.6684 14.2953 11.7523 15.4454 10.8164
threshold=4.293407917022706 1.0000000180025095e-35 66.700000762939467 5.3500001430511483 105.50000000000001 102.54999923706056 0.37940952181816107 97.500000000000014 52.100000381469734 -3.4233622550964351 22.050000190734867 14.449999809265138 15.750000000000002 47.049999237060554
decision_type=2 2 2 2 2 2 2 8 2 2 2 2 2 2
left_child=1 4 3 -3 11 7 9 -2 -7 10 -5 -1 -13 -4
right_child=5 2 13 6 -6 8 -8 -9 -10 -11 -12 12 -14 -15
leaf_value=0.0051139357472761724 0.0035168723133312367 -0.012897292585630736 -0.012291159629947724 0.0027526812142316909 0.006932577299775932 -0.016255481091892517 0.0058043858782950734 -0.0019453706441370626 -0.0037125083173699665 0.0032075942909707196 -0.0047910224552658812 -0.00097712513334859553 0.0035322520681080904 -0.0034181827725383281
leaf_weight=7366 4698 119 1649 2734 19049 326 8665 13095 3129 5531 5671 13684 9940 5651
leaf_count=7366 4698 119 1649 2734 19049 326 8665 13095 3129 5531 5671 13684 9940 5651
internal_value=0.000532833 0.000958486 -0.000264735 0.000728113 0.00169224 -0.00107066 0.000844943 -0.000454137 -0.00423521 -0.000195038 -0.00146465 0.000959678 0.000415503 -0.00335157
internal_weight=101307 80059 30020 22720 50039 21248 22601 17793 3455 13936 8405 30990 23624 7300
internal_count=101307 80059 30020 22720 50039 21248 22601 17793 3455 13936 8405 30990 23624 7300
is_linear=0
shrinkage=0.05


Tree=57
num_leaves=15
num_cat=0
split_feature=42 26 48 34 6 12 34 24 43 38 32 22 21 25
split_gain=25.2899 25.126 17.2312 14.5101 11.6491 22.9354 13.1404 11.2706 11.2067 13.533 10.9221 10.7192 10.1849 9.82216
threshold=6.1499998569488534 0.78007271885871898 -4.6499998569488517 -2.7499999999999996 71.799999237060561 79.670139312744155 -3.7499999999999996 422.50000000000006 352.50000000000006 -1.0000000180025095e-35 -3.378751158714294 1620.5000000000002 56.500000000000007 19.349999427795414
decision_type=2 2 2 2 2 2 2 2 8 2 2 2 2 2
left_child=2 3 -1 4 -2 6 -6 13 11 10 -10 -5 -3 -4
right_child=1 12 7 8 5 -7 -8 -9 9 -11 -12 -13 -14 -15
leaf_value=0.0086622223384251514 -0.0017696156152278307 -0.0051587987488683892 0.0031433020127480033 0.0039345858472574829 -0.017518682828665959 -0.00092266434994915571 -0.010289231205260893 -0.021110020401808764 0.0027391071072801758 -0.00027153179100252231 -0.019961007997237663 -0.0011709547245104268 -0.0016458730203442959 -0.00010049546854354997
leaf_weight=9388 2970 4031 25190 15210 244 528 173 254 73 19943 96 5045 3961 14025
leaf_count=9388 2970 4031 25190 15210 244 528 173 254 73 19943 96 5045 3961 14025
internal_value=0.000544834 -0.00021957 0.00136258 0.00024632 -0.00265605 -0.00746073 -0.0160773 0.000904152 0.000528395 -0.000307623 -0.0139944 0.00135825 -0.00279805 0.000973232
internal_weight=101131 52274 48857 44282 3915 945 417 39469 40367 20112 169 20255 7992 39215
internal_count=101131 52274 48857 44282 3915 945 417 39469 40367 20112 169 20255 7992 39215
is_linear=0
shrinkage=0.05


Tree=58
num_leaves=15
num_cat=0
split_feature=19 52 46 43 37 21 52 52 12 56 26 47 16 15
split_gain=28.483 32.1636 21.5596 18.0113 16.863 16.5133 14.5968 17.4955 23.8645 12.6166 12.4849 25.3468 22.098 11.2317
threshold=62.300001144409187 0.57077592611312877 0.15000000223517421 132.50000000000003 35.500000000000007 35.500000000000007 -0.97509795427322377 -0.99054482579231251 60.982639312744148 18.050000190734867 0.78007271885871898 5.3020834922790536 34.250000000000007 118.40000152587892
decision_type=2 2 2 8 2 2 2 2 2 2 2 2 2 2
left_child=3 2 5 -1 9 -2 7 -4 -9 -3 -6 -12 -13 -8
right_child=1 4 6 -5 10 -7 13 8 -10 -11 11 12 -14 -15
leaf_value=0.0099238398073775835 -3.6890048071234467e-05 -0.015837822696345986 -0.00074573584790458235 0.0018619325070276711 -0.00054675461314985629 0.0039572029258543211 0.00015647619298001956 0.0039350111088521855 -0.023922506986133713 -0.0060027088253190733 0.00053437283912471673 -0.005176285693083948 -0.017307755938627035 -0.0053276211893640082
leaf_weight=10540 16514 133 494 20316 10479 22980 10669 132 257 3685 1143 598 318 3057
leaf_count=10540 16514 133 494 20316 10479 22980 10669 132 257 3685 1143 598 318 3057
internal_value=0.000540587 -1.42614e-05 0.000573153 0.00180717 -0.00195649 0.00118013 -0.00106745 -0.00726204 -0.0150501 -0.00486155 -0.0010687 -0.00461817 -0.0107667 -0.000663949
internal_weight=101315 70459 54103 30856 16356 39494 14609 883 389 3818 12538 2059 916 13726
internal_count=101315 70459 54103 30856 16356 39494 14609 883 389 3818 12538 2059 916 13726
is_linear=0
shrinkage=0.05


Tree=59
num_leaves=15
num_cat=0
split_feature=44 31 0 47 38 25 26 29 24 10 37 26 49 24
split_gain=24.7482 23.0468 16.942 17.6358 14.8555 14.146 13.3769 14.3153 12.3763 15.7519 21.8992 12.1741 15.637 12.8274
threshold=4.3155126571655282 1.4337099790573122 27.050000190734867 4.9102630615234384 5.3500001430511483 69.799999237060561 0.6587362289428712 4.4500000476837167 195.50000000000003 96.341667175292983 63.500000000000007 0.86091959476470958 72.500000000000014 18.500000000000004
decision_type=2 2 2 2 2 2 2 2 2 2 2 2 10 2
left_child=1 2 -1 5 -5 -4 8 -8 -6 -10 -11 13 -13 -2
right_child=11 -3 3 4 6 -7 7 -9 9 10 -12 12 -14 -15
leaf_value=0.0077895319601374684 0.0010471876098911831 0.0047086085091123369 0.0029570267642197558 -0.0073227609583210538 0.0024030823817016355 -0.0073406732749591768 -0.0054818159547007908 -0.00080064516564351009 -0.0005344538915116302 -0.0017516587617951694 -0.030038991648395814 -0.00087689896924703591 -0.0076522547904611287 -0.0032810985664324249
leaf_weight=5218 10500 24318 13514 679 14124 173 4561 14692 2235 388 282 1892 1774 6677
leaf_count=5218 10500 24318 13514 679 14124 173 4561 14692 2235 388 282 1892 1774 6677
internal_value=0.000509071 0.000908048 0.000348629 6.88935e-05 -0.000498904 0.00160145 -0.000360685 -0.0012633 0.000659957 -0.00230703 -0.00897059 -0.00102551 -0.00363711 -0.000466341
internal_weight=101027 80184 55866 50648 36961 13687 36282 19253 17029 2905 670 20843 3666 17177
internal_count=101027 80184 55866 50648 36961 13687 36282 19253 17029 2905 670 20843 3666 17177
is_linear=0
shrinkage=0.05


Tree=60
num_leaves=15
num_cat=0
split_feature=48 52 38 0 24 52 46 40 0 23 53 53 43 43
split_gain=23.7238 17.9555 21.7304 18.179 18.8131 20.099 15.0785 14.8041 13.2281 14.8381 13.6833 13.2113 12.119 11.7939
threshold=-5.2499999999999991 0.89017060399055492 8.7500000000000018 61.600000381469734 4.5000000000000009 -0.7386675477027892 1.0000000180025095e-35 974.85000610351574 28.550000190734867 0.33500000834465032 -0.13398942351341245 -0.99628248810768116 97.500000000000014 41.875000000000007
decision_type=2 2 2 2 2 2 2 2 2 2 2 2 8 10
left_child=6 3 13 12 -5 -6 -1 -7 -4 10 -10 -9 -2 -3
right_child=1 2 8 4 5 7 -8 11 9 -11 -12 -13 -14 -15
leaf_value=0.007460379685655872 0.007209342040005156 -0.0014691156913690959 0.0070480417410274492 0.0014279434467837629 0.00084560638790357823 0.00062008697608612322 -0.00062937717544725511 -0.027519372336546485 -0.0094747216039606664 0.00026719451834808316 -0.0025637375286504467 -0.0046810277730078426 0.0014929879333952919 -0.010121187455001858
leaf_weight=13051 8082 1004 1962 15200 8598 3186 4486 182 695 4550 1432 9037 27561 1978
leaf_count=13051 8082 1004 1962 15200 8598 3186 4486 182 695 4550 1432 9037 27561 1978
internal_value=0.000502109 0.00015076 -0.00167183 0.000445753 -0.000343385 -0.00131276 0.00217331 -0.00259968 -0.000399468 -0.0014603 -0.00489705 -0.00361415 0.00124716 -0.00534425
internal_weight=101004 83467 11621 71846 36203 21003 17537 12405 8639 6677 2127 9219 35643 2982
internal_count=101004 83467 11621 71846 36203 21003 17537 12405 8639 6677 2127 9219 35643 2982
is_linear=0
shrinkage=0.05


Tree=61
num_leaves=15
num_cat=0
split_feature=45 19 52 43 47 28 32 20 16 28 23 53 7 52
split_gain=23.522 22.1213 19.4856 17.9855 16.3859 13.8064 11.3576 10.9075 15.7802 10.5946 12.6379 13.3754 10.2892 20.3411
threshold=-0.72666779160499562 88.599998474121108 0.57077592611312877 77.500000000000014 7.330601930618287 51.500000000000007 -3.6739404254066051e-16 18.050000190734867 15.550000190734865 56.500000000000007 0.46500000357627874 0.41202506422996527 222.85000610351565 -0.57078385353088368
decision_type=2 2 2 8 2 2 2 2 2 2 2 2 2 2
left_child=1 3 12 -1 -2 -6 -4 -5 9 -9 11 -11 -3 -14
right_child=4 2 6 7 5 -7 -8 8 -10 10 -12 -13 13 -15
leaf_value=0.0075802854019050864 0.0037361127509702948 -0.00042967398748763565 -0.0079044375165686805 0.0021377885577421349 0.004242898852797836 -0.0016642737299461551 -0.0021839717871988663 -0.0026832940703909809 -0.00026509954419812664 -0.011554463080311189 0.00078158165059371079 0.0058301798531711184 -0.01268000612102812 -0.0037332975604889001
leaf_weight=6949 33770 16767 3345 9277 6003 10952 1921 1233 9036 487 252 127 105 817
leaf_count=6949 33770 16767 3345 9277 6003 10952 1921 1233 9036 487 252 127 105 817
internal_value=0.000498313 -0.000267655 -0.00141193 0.000692521 0.00125801 -1.03152e-05 -0.00407885 -5.5822e-05 -0.00111036 -0.00500474 -0.00921233 -0.0130288 -0.000616136 -0.00572961
internal_weight=101041 50316 22955 27361 50725 16955 5266 20412 11135 2099 866 614 17689 922
internal_count=101041 50316 22955 27361 50725 16955 5266 20412 11135 2099 866 614 17689 922
is_linear=0
shrinkage=0.05


Tree=62
num_leaves=15
num_cat=0
split_feature=17 45 0 42 37 4 48 55 51 36 34 34 33 48
split_gain=23.936 18.0776 14.2487 11.8984 11.7748 12.8092 10.5343 10.405 9.63917 10.6434 9.42033 9.41594 8.25341 12.8623
threshold=-14.449999809265135 -2.5449984073638912 102.54999923706056 17.650000572204593 29.500000000000004 32.049999237060554 -5.3500001430511466 5.5000000000000009 0.37940952181816107 33.45000076293946 -3.1499999761581416 0.65000000596046459 1.4499999880790713 2.1499999761581425
decision_type=2 2 2 2 2 2 2 2 2 2 2 2 2 2
left_child=6 2 4 8 5 -2 -1 -7 9 12 -6 -9 13 -3
right_child=1 3 -4 -5 10 7 -8 11 -10 -11 -12 -13 -14 -15
leaf_value=0.009671282791425909 -0.00085033790201811477 0.0024192444720234126 -0.0048602223791701536 -0.0070600813999161863 -0.0042577471703958555 -0.0058390959170885378 0.0020024096014073255 -0.024441388577580957 0.0032168983519223482 0.0028322310357837468 0.00069062867647859817 -0.005045231194844727 -0.0032557839251648318 -0.001767399028508435
leaf_weight=8082 2396 10777 4679 799 1553 1176 18676 143 17249 6616 15860 90 5823 7439
leaf_count=8082 2396 10777 4679 799 1553 1176 18676 143 17249 6616 15860 90 5823 7439
internal_value=0.000523242 6.29944e-05 -0.00100417 0.00063053 -0.000452704 -0.00296854 0.00180589 -0.00673361 0.000731937 0.000199739 9.84333e-05 -0.0161934 -0.000289201 0.00023483
internal_weight=101358 74600 25897 48703 21218 3805 26758 1409 47904 30655 17413 233 24039 18216
internal_count=101358 74600 25897 48703 21218 3805 26758 1409 47904 30655 17413 233 24039 18216
is_linear=0
shrinkage=0.05


Tree=63
num_leaves=15
num_cat=0
split_feature=0 43 56 47 1 52 12 38 24 12 14 48 53 34
split_gain=24.1652 25.1066 17.636 14.516 21.1751 15.9817 15.2187 16.2852 19.4359 16.652 14.5357 14.1005 12.7585 12.7248
threshold=27.050000190734867 47.500000000000007 18.050000190734867 5.5281746387481698 104.65000152587892 0.34235194325447088 66.677085876464858 9.4499998092651385 76.500000000000014 52.227083206176765 5.8961467742919931 3.7500000000000004 -0.81427544355392445 -1.8499999642372129
decision_type=2 8 2 2 2 2 2 2 2 2 2 2 2 2
left_child=-1 -2 -3 11 6 -6 7 8 -5 10 -10 -4 -9 -8
right_child=1 2 3 4 5 -7 13 12 9 -11 -12 -13 -14 -15
leaf_value=0.0059994411626586412 0.0037092116109868935 -0.0091635843516659175 0.0035997866714452681 -0.004536953579855646 -0.0025615662566913656 -0.0092025860911310181 -0.0036030507268258304 0.0021837871001392384 -0.045340266275370168 -0.021985397303945376 -0.0021296268260931621 -0.0014457459018724006 -0.0019608547148007968 0.0035951764136600665
leaf_weight=11390 19312 1035 14395 3960 3185 1585 2035 9460 51 122 234 6621 17749 10138
leaf_count=11390 19312 1035 14395 3960 3185 1585 2035 9460 51 122 234 6621 17749 10138
internal_value=0.000484884 0.000209808 -0.000227401 -0.000130491 -0.000605926 -0.00376569 -0.000260632 -0.000839612 -0.00367032 -0.0139448 -0.00686441 0.000966898 -0.000384106 0.00124066
internal_weight=101272 89882 70570 69535 48519 4770 43749 31576 4367 407 285 21016 27209 12173
internal_count=101272 89882 70570 69535 48519 4770 43749 31576 4367 407 285 21016 27209 12173
is_linear=0
shrinkage=0.05


Tree=64
num_leaves=15
num_cat=0
split_feature=19 36 26 47 47 43 13 47 12 37 55 24 13 23
split_gain=22.6746 22.2835 20.9523 21.6972 19.102 14.5711 12.4194 11.5756 13.8973 11.5214 15.9953 11.3784 11.1998 15.311
threshold=60.899999618530281 14.650000095367433 0.75405275821685802 4.1424810886383066 9.3935418128967303 242.50000000000003 180.40178680419925 12.823303222656252 60.367361068725593 24.500000000000004 5.5000000000000009 823.00000000000011 61.911605834960945 1.5049999952316286
decision_type=2 2 2 2 2 10 2 2 2 2 2 2 2 2
left_child=5 7 4 6 9 -1 -4 -2 -9 10 -3 -11 13 -6
right_child=1 2 3 -5 12 -7 -8 8 -10 11 -12 -13 -14 -15
leaf_value=0.0061564179569427099 0.0031491210373662294 -0.001730769437523408 0.00039339649438032364 -0.0057078295162950243 -0.0037482116374748364 0.00051624837007861735 -0.0084525923729612297 -0.12834474619517505 -0.0017613887464876317 0.0013088459921819316 -0.014255302346132072 -0.024620270725694365 0.00096044501886112857 -0.016438502094514026
leaf_weight=17599 15154 1197 5254 5984 5841 11889 171 53 211 34843 241 70 2649 130
leaf_count=17599 15154 1197 5254 5984 5841 11889 171 53 211 34843 241 70 2649 130
internal_value=0.000483534 4.03873e-06 -0.000456641 -0.0023693 2.90124e-05 0.00165062 -7.81967e-05 0.00168784 -0.00850365 0.000530926 -0.00383978 0.000711995 -0.00208575 -0.00328457
internal_weight=101286 71798 56380 11409 44971 29488 5425 15418 264 36351 1438 34913 8620 5971
internal_count=101286 71798 56380 11409 44971 29488 5425 15418 264 36351 1438 34913 8620 5971
is_linear=0
shrinkage=0.05


Tree=65
num_leaves=15
num_cat=0
split_feature=19 37 24 53 17 0 13 41 52 44 53 14 56 57
split_gain=21.6451 21.8207 13.7751 13.624 12.3359 13.1428 19.0515 13.3047 14.5807 11.8867 12.5019 12.3285 10.57 10.2337
threshold=56.750000000000007 38.500000000000007 976.50000000000011 -0.87810534238815297 -59.149999618530266 70.200000762939467 58.51964187622071 39.500000000000007 -0.98214942216873158 1.4525747299194338 -0.99052476882934559 7.952601671218873 14.050000190734865 97.01666641235353
decision_type=2 2 2 2 2 2 2 2 2 2 2 2 2 2
left_child=12 3 4 -2 -3 7 -7 -6 -9 10 13 -11 -1 -8
right_child=1 2 -4 -5 5 6 9 8 -10 11 -12 -13 -14 -15
leaf_value=-0.0035309732079518764 0.00261960345334835 0.0083143187515850245 -0.022004611945716308 -0.0046992277732782403 0.003128836609727419 -0.0041222878796433457 -0.012977493068359762 -0.018161180898671227 -0.00038192102406675078 -0.012888541398485548 0.0017283199903768854 -0.001539098537916382 0.0045239949481247549 -0.034564432186265856
leaf_weight=1106 1801 3291 68 6958 22193 5471 307 229 9658 51 15724 10077 24201 56
leaf_count=1106 1801 3291 68 6958 22193 5471 307 229 9658 51 15724 10077 24201 56
internal_value=0.000475341 5.29688e-05 0.000359351 -0.00229274 0.000383721 0.000229397 -0.000492806 0.000942661 -0.0005825 6.76837e-05 0.000912282 -0.00127343 0.00174132 -0.00813673
internal_weight=101191 75884 67125 8759 67057 63766 31686 32080 9887 26215 16087 10128 25307 363
internal_count=101191 75884 67125 8759 67057 63766 31686 32080 9887 26215 16087 10128 25307 363
is_linear=0
shrinkage=0.05


Tree=66
num_leaves=15
num_cat=0
split_feature=43 44 39 20 52 40 23 16 24 4 36 20 41 52
split_gain=20.9017 18.6016 16.5208 14.4728 13.3386 14.3214 12.493 12.5236 10.8906 12.2316 18.808 9.32601 9.28376 10.2494
threshold=37.500000000000007 4.3456325531005868 1.0000000180025095e-35 23.94999980926514 0.90162119269371044 983.04998779296886 0.24499999731779101 15.250000000000002 119.50000000000001 103.70000076293947 28.650000572204593 53.649999618530281 73.500000000000014 -0.056952163577079766
decision_type=8 2 2 2 2 2 2 2 2 2 2 2 2 2
left_child=11 2 3 8 -5 6 7 -6 -2 -10 -11 -1 -4 -14
right_child=1 -3 12 4 5 -7 -8 -9 9 10 -12 -13 13 -15
leaf_value=0.0085761945425046459 0.0044633448305198978 -0.0017090616512851504 0.00085276777046327601 0.00066261931860109498 -0.0080354997233812297 -0.00047483532842910867 -0.0034336999523935791 -0.018088584103278817 0.00046030503019927298 -0.03131691224974037 -0.0061950847335365961 0.0010513292220462559 -0.008765367419909709 0.00056864751860872642
leaf_weight=8666 23961 18578 2664 27732 364 2441 1060 109 4068 156 321 7081 2785 1283
leaf_count=8666 23961 18578 2664 27732 364 2441 1060 109 4068 156 321 7081 2785 1283
internal_value=0.000429457 0.000121124 0.000509604 0.000772309 3.72054e-05 -0.00266817 -0.00643876 -0.0131159 0.00158963 -0.000653128 -0.00814168 0.00210288 -0.00183773 -0.00333742
internal_weight=101269 85522 66944 60212 31706 3974 1533 473 28506 4545 477 15747 6732 4068
internal_count=101269 85522 66944 60212 31706 3974 1533 473 28506 4545 477 15747 6732 4068
is_linear=0
shrinkage=0.05


Tree=67
num_leaves=15
num_cat=0
split_feature=18 47 26 43 38 25 26 32 6 19 16 13 20 57
split_gain=20.6966 17.316 16.6015 16.1247 13.0241 12.6381 10.773 10.5347 9.9361 9.28963 9.51692 9.05426 8.79759 8.77033
threshold=8.5500001907348651 4.3510868549346933 0.74631217122077953 137.50000000000003 -1.0000000180025095e-35 65.90000152587892 0.92984873056411754 2.9228242635726933 54.45000076293946 56.750000000000007 10.550000190734865 44.539583206176765 1.0000000180025095e-35 46.483333587646491
decision_type=2 2 2 8 2 2 2 2 2 2 2 2 2 2
left_child=3 5 11 9 7 -2 -6 -5 13 12 -11 -3 -1 -4
right_child=1 2 8 4 6 -7 -8 -9 -10 10 -12 -13 -14 -15
leaf_value=-0.0052806983753246866 0.0028919449650414695 -0.0035034193771665244 -0.0053219909744506681 -0.0045996499111416464 0.0011781728108923688 -0.0063401026557620387 -0.0026618004624383625 -0.015898418376847103 -0.0079642635592162263 -0.0095972307032468011 0.0023793579522018975 3.6187297956191967e-06 0.010782494550358832 0.0017216911483550431
leaf_weight=108 7933 5275 1498 341 35451 205 4663 68 1952 131 19805 14557 7553 1192
leaf_count=108 7933 5275 1498 341 35451 205 4663 68 1952 131 19805 14557 7553 1192
internal_value=0.000424451 -0.000611244 -0.00127553 0.0009203 0.000285323 0.00138562 0.000376832 -0.00848449 -0.00396389 0.00185225 0.00128246 -0.000644592 0.00333138 -0.00198148
internal_weight=100732 32612 24474 68120 40523 8138 40114 409 4642 27597 19936 19832 7661 2690
internal_count=100732 32612 24474 68120 40523 8138 40114 409 4642 27597 19936 19832 7661 2690
is_linear=0
shrinkage=0.05


Tree=68
num_leaves=15
num_cat=0
split_feature=0 47 52 26 0 24 46 52 26 33 13 16 1 13
split_gain=21.1729 21.8714 16.8504 15.5957 15.2411 16.3234 13.3771 17.7905 13.4008 12.9565 11.7203 16.4154 13.3247 13.1964
threshold=27.44999980926514 7.330601930618287 0.57077592611312877 0.79590076208114635 111.90000152587892 5.5000000000000009 0.15000000223517421 -0.91597726941108693 0.70045948028564464 1.0000000180025095e-35 86.710418701171889 66.950000762939467 106.29999923706056 84.971427917480483
decision_type=2 2 2 2 2 2 2 2 2 2 2 2 2 2
left_child=-1 2 4 10 6 -6 -2 8 -8 -7 11 -3 13 -13
right_child=1 3 -4 -5 5 9 7 -9 -10 -11 -12 12 -14 -15
leaf_value=0.0055916797797637427 0.0045733064245574431 -0.0012037498027226866 -0.0015754723450538016 -0.0066878634108963183 0.0013035608267103912 -0.0024607086627456711 -0.011003351342987838 0.001922457847389604 -0.00033138507585001405 -0.010899854120801819 0.0029372132884087497 -0.0020026205570713705 -0.03432112003097381 -0.011867168772919474
leaf_weight=11864 23902 23391 11192 2581 8725 3832 790 8426 837 610 4274 490 162 58
leaf_count=11864 23902 23391 11192 2581 8725 3832 790 8426 837 610 4274 490 162 58
internal_value=0.000460433 0.000196573 0.000766751 -0.000877414 0.00118094 -0.000262958 0.00174076 0.000210176 -0.00456017 -0.00272686 -0.000538136 -0.000966156 -0.00840278 -0.00449821
internal_weight=101134 89270 58314 30956 47122 13167 33955 10053 1627 4442 28375 24101 710 548
internal_count=101134 89270 58314 30956 47122 13167 33955 10053 1627 4442 28375 24101 710 548
is_linear=0
shrinkage=0.05


Tree=69
num_leaves=15
num_cat=0
split_feature=48 50 44 0 56 53 47 37 47 36 12 38 47 26
split_gain=20.7656 17.0219 18.6554 11.6242 15.0886 12.7746 10.9088 10.3401 10.0833 9.6322 10.0541 10.599 9.37791 9.31018
threshold=-7.1499998569488517 0.91597560048103344 4.3456325531005868 32.750000000000007 38.95000076293946 -0.70900321006774891 4.5829710960388192 38.500000000000007 9.7020831108093279 21.050000190734867 80.922222137451186 11.550000190734865 7.330601930618287 0.69691589474678051
decision_type=2 2 2 2 2 2 2 2 2 2 2 2 2 2
left_child=8 2 3 -2 5 -5 -3 -4 -1 -7 -11 -12 -6 -14
right_child=1 6 7 4 12 9 -8 -9 -10 10 11 -13 13 -15
leaf_value=0.0072976052586276423 0.0050663641332419872 0.0023368895068576214 -0.0040856445951777043 0.0020221095057500913 0.0022151578553060345 0.0021491412258025666 -0.0049050031242747465 -0.00037859822360914889 -0.0012977229956309363 -0.0037018110673161862 -0.0018826792336007093 -0.01647445712395269 0.00048403844389618918 -0.0058796264214334964
leaf_weight=9935 10279 1415 5650 3103 32644 1031 5657 12029 2020 4865 67 72 10761 1833
leaf_count=9935 10279 1415 5650 3103 32644 1031 5657 12029 2020 4865 67 72 10761 1833
internal_value=0.000398586 0.000136777 0.000339066 0.000732622 0.000440922 -0.00141124 -0.00221548 -0.00109984 0.00235478 -0.00275021 -0.00365576 -0.0164765 0.000815285 -0.000343542
internal_weight=101361 89406 82334 64655 54376 9138 7072 17679 11955 6035 5004 139 45238 12594
internal_count=101361 89406 82334 64655 54376 9138 7072 17679 11955 6035 5004 139 45238 12594
is_linear=0
shrinkage=0.05


Tree=70
num_leaves=15
num_cat=0
split_feature=45 19 52 12 46 16 20 15 52 8 52 43 20 9
split_gain=18.905 17.4684 16.7536 16.0752 15.8962 14.4689 14.1596 12.1349 11.0131 16.2841 10.3595 10.1183 9.59764 9.47194
threshold=-0.72666779160499562 94.65000152587892 0.57077592611312877 120.463191986084 0.35000000894069677 15.550000190734865 18.050000190734867 55.350000381469734 -0.97113886475563038 64.849998474121108 -0.99054482579231251 77.500000000000014 80.049999237060561 50.350000381469734
decision_type=2 2 2 2 2 2 2 2 2 2 2 10 2 2
left_child=1 5 -3 -4 12 6 -1 -6 9 -9 -11 -7 -2 -8
right_child=4 2 3 -5 7 11 13 8 -10 10 -12 -13 -14 -15
leaf_value=0.0018807385263436135 0.0043672030976384503 -0.0008304263822853788 -0.0052805237860511917 -0.010673540285320367 0.0042598961550770319 0.00384596638528747 -0.0077391892047071146 -0.0016140607898890297 -0.001211087144575852 -0.010109488987815211 -0.020786588255153719 0.00020513658329854016 0.00013524464543870514 -0.00081661116636645324
leaf_weight=2309 29355 16627 4515 60 2994 10530 1749 388 9970 94 141 13710 7837 987
leaf_count=2309 29355 16627 4515 60 2994 10530 1749 388 9970 94 141 13710 7837 987
internal_value=0.000413524 -0.0002716 -0.00136432 -0.00404035 0.00109463 0.000519713 -0.00191395 -0.000368831 -0.00116335 -0.00755924 -0.0176531 0.0010268 0.00162921 -0.00434086
internal_weight=101266 50487 21202 4575 50779 29285 5045 13587 10593 623 235 24240 37192 2736
internal_count=101266 50487 21202 4575 50779 29285 5045 13587 10593 623 235 24240 37192 2736
is_linear=0
shrinkage=0.05


Tree=71
num_leaves=15
num_cat=0
split_feature=18 43 47 0 56 48 0 20 57 3 1 42 38 22
split_gain=18.4678 15.0365 14.1304 11.37 13.0858 10.6503 9.81662 8.97138 8.35704 13.9272 8.92622 8.30612 11.8614 7.92442
threshold=8.5500001907348651 77.500000000000014 4.2456438541412362 21.650000572204593 18.050000190734867 3.2500000000000004 76.250000000000014 1.0000000180025095e-35 46.783332824707038 83.500000000000014 72.500000000000014 10.150000095367433 5.1499998569488534 724.50000000000011
decision_type=2 8 2 2 2 2 2 2 2 2 2 2 2 2
left_child=1 6 5 -3 -5 -2 7 -1 9 -4 -10 -6 -13 -8
right_child=2 3 8 4 11 -7 13 -9 10 -11 -12 12 -14 -15
leaf_value=-0.0054227718717482672 0.0051353526500308036 0.0074297654023408018 -0.0024777685174324029 -0.0072068906290068714 0.0012280594818173259 -0.0019331825570420597 -0.011889934169878075 0.0073246079414410817 0.0022608185449592574 -0.01154252218312992 -0.0021780796816819707 -0.0097899551166335738 -0.00085595043548001822 0.0011473917133960898
leaf_weight=105 5166 4461 8419 940 33504 2574 157 13013 5885 583 10336 470 9310 6502
leaf_count=105 5166 4461 8419 940 33504 2574 157 13013 5885 583 10336 470 9310 6502
internal_value=0.000420713 0.000888831 -0.000551512 0.000416367 0.000173396 0.00131613 0.00205109 0.0028443 -0.00112492 -0.00234576 -0.000446368 0.000300735 -0.000980592 0.00048658
internal_weight=101425 68462 32963 48685 44224 7740 19777 13118 25223 9002 16221 43284 9780 6659
internal_count=101425 68462 32963 48685 44224 7740 19777 13118 25223 9002 16221 43284 9780 6659
is_linear=0
shrinkage=0.05


Tree=72
num_leaves=15
num_cat=0
split_feature=17 35 10 56 47 23 23 52 56 13 22 4 47 26
split_gain=19.8389 13.826 11.9095 17.6985 13.1899 14.3681 10.8009 12.9914 10.7942 17.4536 9.3925 8.56214 7.62489 8.69465
threshold=-12.849999904632567 20.500000000000004 51.641668319702156 48.350000381469734 11.530601978302004 0.39499999582767492 0.2650000005960465 0.9159645438194276 14.050000190734865 57.044345855712898 385.50000000000006 58.95000076293946 4.8472135066986093 0.99066370725631725
decision_type=2 2 2 2 2 2 2 2 2 2 2 2 2 2
left_child=1 -1 8 11 6 -6 7 -5 9 -2 -7 -4 -10 -14
right_child=2 -3 3 4 5 10 -8 -9 12 -11 -12 -13 13 -15
leaf_value=0.0049428493107054076 -0.0018185470913528155 -8.6632657586879717e-05 -0.0029117508743161072 0.0078124911821387645 -0.12333166180272354 -0.032372095424841617 -0.00048456092422278298 -0.010374075834731412 0.0049824596221911994 -0.009350596443788585 -0.0032132497526792796 -0.0086867278919110068 0.00095094225249777982 -0.0066551589071932264
leaf_weight=19429 926 9673 4172 2916 112 70 27008 213 4823 120 1022 1016 29438 617
leaf_count=19429 926 9673 4172 2916 112 70 27008 213 4823 120 1022 1016 29438 617
internal_value=0.000402452 0.00150488 -4.05032e-05 -0.000676127 -0.000227903 -0.00533773 -2.20584e-05 0.00275406 0.000605833 -0.004375 -0.00348457 -0.00337822 0.000756421 0.000459837
internal_weight=101555 29102 72453 36529 31341 1204 30137 3129 35924 1046 1092 5188 34878 30055
internal_count=101555 29102 72453 36529 31341 1204 30137 3129 35924 1046 1092 5188 34878 30055
is_linear=0
shrinkage=0.05


Tree=73
num_leaves=15
num_cat=0
split_feature=47 48 0 33 21 15 38 24 0 51 29 33 51 54
split_gain=20.7531 23.3324 20.0896 17.1542 15.1772 12.3623 13.5714 22.7156 12.349 12.1703 11.8855 19.2722 10.6193 10.4472
threshold=5.0581140518188485 2.8500000238418584 70.65000152587892 1.8499999642372134 181.50000000000003 102.29999923706056 9.4499998092651385 76.500000000000014 25.750000000000004 0.12940952181816107 4.5499999523162851 5.6499998569488534 0.37940952181816107 2.5000000000000004
decision_type=2 2 2 2 2 2 2 2 2 2 2 2 2 2
left_child=1 -1 3 5 12 6 7 13 -8 -3 11 -4 -5 -2
right_child=2 9 10 4 -6 -7 8 -9 -10 -11 -12 -13 -14 -15
leaf_value=0.0053727959797472708 0.0050707950308271493 -0.0023624195418476476 -0.0046368299641990404 -0.0034856892849093137 -0.0087104342624988052 0.0068551418472939732 0.0081854538147915403 -0.013184841969063022 0.0010790341796224755 0.0033261474301308929 -0.0011761841794886518 -0.027896418313721534 0.0021386762965879338 -0.0025279211147840571
leaf_weight=18541 1721 6051 4278 7074 938 5677 4449 415 23722 2803 15698 149 4626 5184
leaf_count=18541 1721 6051 4278 7074 938 5677 4449 415 23722 2803 15698 149 4626 5184
internal_value=0.000391075 0.00156632 -4.45624e-05 0.000459529 -0.00115117 0.00095415 0.000607166 -0.00130969 0.00110553 -0.000544901 -0.00139185 -0.00367703 -0.000657557 -0.000618221
internal_weight=101326 27395 73931 53806 12638 41168 35491 7320 28171 8854 20125 4427 11700 6905
internal_count=101326 27395 73931 53806 12638 41168 35491 7320 28171 8854 20125 4427 11700 6905
is_linear=0
shrinkage=0.05


Tree=74
num_leaves=15
num_cat=0
split_feature=45 46 19 24 52 13 36 32 44 51 14 52 44 41
split_gain=18.6672 16.5987 15.2334 13.9199 13.5329 14.937 13.0803 12.3812 12.201 12.3869 11.7376 14.4128 13.4269 12.2447
threshold=-0.858778417110443 0.15000000223517421 94.65000152587892 4.5000000000000009 -0.97113886475563038 79.94940567016603 19.250000000000004 -0.68088150024414051 -9.7075901031494123 -0.37940952181816096 7.0684893131256112 -0.69057363271713246 1.8008884191513064 95.500000000000014
decision_type=2 2 2 2 2 2 2 2 2 2 2 2 2 2
left_child=2 -2 6 -4 5 -3 -1 10 9 -6 12 -12 -5 -13
right_child=1 4 3 7 8 -7 -8 -9 -10 -11 11 13 -14 -15
leaf_value=0.0042233861686552538 0.003067667535955164 -0.0063522068350354167 0.00028718126476971875 0.00047445895757254716 -0.0081824400792286332 -0.018916837227456528 -0.00033241951280213141 -0.0011285968263777125 0.001297931924714244 0.000588955582412854 9.0981508334560834e-05 -0.0074621979536856238 -0.011025968194666693 0.0013023057943155445
leaf_weight=8176 35039 910 8577 154 1319 61 20659 5995 12940 1420 2010 3142 282 669
leaf_count=8176 35039 910 8577 154 1319 61 20659 5995 12940 1420 2010 3142 282 669
internal_value=0.000373559 0.00103861 -0.000318678 -0.00134867 -0.000261104 -0.00595821 0.000425551 -0.00242946 9.52899e-05 -0.00293016 -0.00398356 -0.00337764 -0.0118161 -0.00518058
internal_weight=101353 51689 49664 20829 16650 971 28835 12252 15679 2739 6257 5821 436 3811
internal_count=101353 51689 49664 20829 16650 971 28835 12252 15679 2739 6257 5821 436 3811
is_linear=0
shrinkage=0.05


Tree=75
num_leaves=15
num_cat=0
split_feature=17 35 44 31 10 0 9 34 14 56 13 12 33 25
split_gain=17.9198 11.3101 11.0979 10.4451 9.49171 9.13035 10.7618 9.15647 13.5645 8.39168 12.154 8.13823 9.76358 7.69636
threshold=-14.449999809265135 20.500000000000004 3.6395112276077275 3.2316757440567021 116.90833282470705 42.899999618530281 47.049999237060554 -1.2499999999999998 11.978394508361818 16.250000000000004 57.044345855712898 188.83541107177737 0.35000000894069677 15.34999990463257
decision_type=2 2 2 2 2 2 2 2 2 2 2 2 2 2
left_child=1 -1 3 5 9 -2 7 8 -7 10 -4 -8 -13 -6
right_child=2 -3 4 -5 13 6 11 -9 -10 -11 -12 12 -14 -15
leaf_value=0.0046071150918757789 0.0022113295312888204 0.00013655309594110657 -0.0034498439810352667 0.0033957529146095458 -0.010226784914014865 -0.0019292289172434546 0.00049191187880375626 -0.0011916539989604666 -0.01582126911692764 -0.00063249892315550213 -0.0061029601455328854 -0.0027544365889648685 -0.015738587960060103 -0.0032670359085712379
leaf_weight=17951 13606 9024 577 10313 106 1119 21638 7557 973 15860 103 681 84 1726
leaf_count=17951 13606 9024 577 10313 106 1119 21638 7557 973 15860 103 681 84 1726
internal_value=0.000398113 0.00150176 -2.48794e-06 0.000347529 -0.00106844 2.27732e-05 -0.000437901 -0.00183301 -0.00475262 -0.000688822 -0.00608696 0.000163521 -0.00487097 -0.0044734
internal_weight=101318 26975 74343 55971 18372 45658 32052 9649 2092 16540 680 22403 765 1832
internal_count=101318 26975 74343 55971 18372 45658 32052 9649 2092 16540 680 22403 765 1832
is_linear=0
shrinkage=0.05


Tree=76
num_leaves=15
num_cat=0
split_feature=45 48 39 18 0 36 34 26 41 26 16 15 16 10
split_gain=17.8659 16.356 14.0279 10.4895 9.89859 10.726 9.40759 7.87762 8.75313 7.71747 12.8233 10.3066 7.69171 13.5376
threshold=-0.57605877518653859 -4.7499999999999991 1.0000000180025095e-35 6.4500000476837167 42.899999618530281 18.150000572204593 -3.1499999761581416 0.65772810578346264 62.500000000000007 0.77232274413108837 122.70000076293947 288.69999694824224 31.44999980926514 76.291667938232436
decision_type=2 2 2 2 2 2 2 2 2 2 2 2 2 2
left_child=1 -1 4 6 -2 -6 -3 8 -7 -8 -11 -12 13 -10
right_child=2 3 -4 -5 5 7 9 -9 12 10 11 -13 -14 -15
leaf_value=0.0027629913902856304 0.0056714540332886143 -0.0041310538615530702 -0.0022869231432990234 -0.0023148388364997003 0.0047097294633115169 0.003428555726196764 0.0011890173382950499 -0.00082990286527122271 -0.0035723223189608085 -0.001290638855889643 -0.01326788759328857 -0.0010174971083921651 -0.00051597783916545049 -0.022433269752616877
leaf_weight=10176 13786 2002 4476 15490 8125 8998 16850 12125 323 7371 104 104 1351 69
leaf_count=10176 13786 2002 4476 15490 8125 8998 16850 12125 323 7371 104 104 1351 69
internal_value=0.000363063 -0.000282399 0.00104571 -0.000718919 0.00131255 0.000816264 -0.000113271 0.00026141 0.00124686 0.000157331 -0.00116682 -0.0131193 -0.00198802 -0.0080597
internal_weight=101350 52097 49253 41921 44777 30991 26431 22866 10741 24429 7579 208 1743 392
internal_count=101350 52097 49253 41921 44777 30991 26431 22866 10741 24429 7579 208 1743 392
is_linear=0
shrinkage=0.05


Tree=77
num_leaves=15
num_cat=0
split_feature=47 0 20 24 15 0 53 16 2 53 11 3 16 40
split_gain=19.7268 19.413 15.8611 14.5817 11.5121 12.1573 12.3062 13.8587 10.9369 11.1629 11.3366 16.4547 11.2308 10.7572
threshold=6.4204165935516366 71.599998474121108 55.549999237060554 764.00000000000011 89.750000000000014 32.049999237060554 -0.81427544355392445 50.95000076293946 173.94999694824222 -0.99628248810768116 68.577083587646499 119.09999847412111 18.550000190734867 980.54998779296886
decision_type=2 2 2 2 2 2 2 2 2 2 2 2 2 2
left_child=2 4 3 -1 5 -2 -7 13 9 10 -3 -12 -11 -8
right_child=1 8 -4 -5 -6 6 7 -9 -10 12 11 -13 -14 -15
leaf_value=0.0035258298335846001 0.0020930771220439353 -0.00081925029662580388 -1.0985922362108384e-05 -0.021116133376793043 0.0035045050339409115 0.0015139170592704031 -0.0044917492243123089 -0.01039617540776186 -0.010085712481127829 -0.011593117751691397 -0.026716867980124848 0.012527234683071903 -0.001759597192754598 -0.00061773922325596966
leaf_weight=29624 11241 190 19847 52 8230 6353 5303 263 551 255 157 73 10662 8236
leaf_count=29624 11241 190 19847 52 8230 6353 5303 263 551 255 157 73 10662 8236
internal_value=0.000370966 -0.000314028 0.00108342 0.001815 0.000217732 -0.000218748 -0.000953384 -0.0017912 -0.00208522 -0.00174628 -0.00965116 -0.016875 -0.0014336 -0.00156506
internal_weight=101037 51514 49523 29676 39626 31396 20155 13802 11888 11337 420 230 10917 13539
internal_count=101037 51514 49523 29676 39626 31396 20155 13802 11888 11337 420 230 10917 13539
is_linear=0
shrinkage=0.05


Tree=78
num_leaves=15
num_cat=0
split_feature=48 45 46 26 37 34 51 28 44 51 50 46 27 16
split_gain=16.1016 15.8792 14.9416 9.33322 10.2677 9.8489 8.73706 12.1901 11.9167 8.72358 9.87739 11.7886 11.4597 8.37916
threshold=-4.9500000476837149 -0.54444456100463856 1.0000000180025095e-35 0.70791533589363109 37.500000000000007 -2.8500000238418575 0.37940952181816107 54.500000000000007 -8.9941005706787092 0.12940952181816107 -0.37940952181816096 19.050000190734867 25.050000190734867 25.349999427795414
decision_type=2 2 2 2 2 2 2 2 2 2 2 2 2 2
left_child=2 3 -1 4 13 -6 7 -3 -9 10 12 -12 -5 -2
right_child=1 6 -4 9 5 -7 -8 8 -10 -11 11 -13 -14 -15
leaf_value=0.0056703306851684891 -0.00057733168067269425 0.0036895049514879341 -0.00100140180858603 -0.0078707659625678154 -0.0038411605199638182 0.0012926794315019925 0.003296864109111554 -0.0062059145105736943 -4.583853850020049e-05 -0.00042880618568074476 -0.00025004354635284565 -0.016644693381933889 -0.00077596827629904889 -0.0063766909817460473
leaf_weight=13608 3916 7177 4920 2704 2097 19924 15720 1839 15625 6976 3092 82 1352 2252
leaf_count=13608 3916 7177 4920 2704 2097 19924 15720 1839 15625 6976 3092 82 1352 2252
internal_value=0.000409896 0.000111519 0.00174183 -0.000564202 -3.74125e-05 0.00046775 0.000821258 0.000233459 -0.000479569 -0.00160875 -0.00282459 -0.000731784 -0.00445647 -0.00183878
internal_weight=101284 82756 18528 42395 28189 22021 40361 24641 17464 14206 7230 3174 4056 6168
internal_count=101284 82756 18528 42395 28189 22021 40361 24641 17464 14206 7230 3174 4056 6168
is_linear=0
shrinkage=0.05


Tree=79
num_leaves=15
num_cat=0
split_feature=47 48 1 33 9 43 16 38 28 50 40 13 20 29
split_gain=16.7275 19.2344 15.5539 14.2005 20.0743 11.3058 10.5481 10.5256 12.7064 14.8242 10.4361 10.4221 9.66019 9.54982
threshold=5.031414508819581 1.0500000119209292 66.250000000000014 2.8500000238418584 67.200000762939467 62.500000000000007 18.250000000000004 6.9500000476837167 47.500000000000007 0.91597560048103344 973.85000610351574 33.026786804199226 59.95000076293946 19.300000190734867
decision_type=2 2 2 2 2 8 2 2 2 2 2 2 2 2
left_child=1 -1 5 6 10 11 -4 13 -9 -10 -5 -2 -3 -7
right_child=2 12 3 4 -6 7 -8 8 9 -11 -12 -13 -14 -15
leaf_value=0.0058745058186083004 -0.0055687239775635469 0.0027522028201637581 -0.0079082861916215628 -0.010138341648918294 -0.0001191007003753596 -0.0030149448447219025 -0.00094125001706557489 0.0028350669094677873 0.00017520736124498147 -0.0063539844816190641 -0.019812977696804047 0.0055591777405886982 -0.0014067508596989249 -0.011833924066581635
leaf_weight=13566 520 5306 550 240 766 4128 21105 12938 23180 2922 511 7352 8029 100
leaf_count=13566 520 5306 550 240 766 4128 21105 12938 23180 2922 511 7352 8029 100
internal_value=0.000316282 0.00138438 -7.05038e-05 -0.00114485 -0.0058055 0.000416422 -0.000815832 9.91268e-05 0.000355954 -0.000279182 -0.0115572 0.00215808 3.5594e-05 -0.00226758
internal_weight=101213 26901 74312 23172 1517 51140 21655 43268 39040 26102 751 7872 13335 4228
internal_count=101213 26901 74312 23172 1517 51140 21655 43268 39040 26102 751 7872 13335 4228
is_linear=0
shrinkage=0.05


Tree=80
num_leaves=15
num_cat=0
split_feature=47 48 51 0 16 34 0 12 38 54 12 47 54 45
split_gain=18.1412 17.9472 15.5387 15.3754 13.4613 11.8255 13.6297 14.0465 13.37 11.913 16.2896 17.8341 15.7521 12.4655
threshold=5.3531372547149667 1.9499999880790713 0.12940952181816107 25.750000000000004 15.550000190734865 -2.1499999761581416 121.75000000000001 65.809722900390639 10.949999809265138 2.5000000000000004 44.306943893432624 9.1755952835083026 4.5000000000000009 -9.0315699577331525
decision_type=2 2 2 2 2 2 2 2 2 2 2 2 2 2
left_child=1 -1 -3 -2 -5 -6 7 8 9 -7 -11 -12 -13 -14
right_child=3 2 -4 4 5 6 -8 -9 -10 10 11 12 13 -15
leaf_value=0.0047107545401239995 0.0042003695319216784 -0.0018524580621642429 0.0036872247928771635 -0.004361043226191217 -0.0034002590926005601 0.0025985324618489694 -0.0033869299018328236 0.002622013647487105 0.00032037620636285544 -0.0014284893760321445 -0.0046833448825045927 -0.0076158397160212875 -0.097717090083334748 -0.12067622909462583
leaf_weight=18925 8167 7972 4780 3407 7053 1463 4396 15600 25365 2268 1149 405 62 144
leaf_count=18925 8167 7972 4780 3407 7053 1463 4396 15600 25365 2268 1149 405 62 144
internal_value=0.000388767 0.00138022 -6.97381e-05 -6.33911e-05 -0.000334953 -0.000154968 0.000111282 0.000363277 -0.000254973 -0.00248955 -0.00389054 -0.00748588 -0.0143237 -0.0253241
internal_weight=101156 31677 12752 69479 61312 57905 50852 46456 30856 5491 4028 1760 611 206
internal_count=101156 31677 12752 69479 61312 57905 50852 46456 30856 5491 4028 1760 611 206
is_linear=0
shrinkage=0.05


Tree=81
num_leaves=15
num_cat=0
split_feature=0 36 45 41 52 0 38 38 26 24 8 45 21 12
split_gain=14.6609 15.9522 15.8639 14.0618 14.8542 13.1462 11.11 10.8148 17.4794 10.5952 10.2867 10.2673 9.56526 9.50615
threshold=27.050000190734867 14.650000095367433 -0.34263144433498377 33.500000000000007 -0.97113886475563038 139.00000000000003 8.1500000953674334 10.650000095367433 0.53046736121177684 6.5000000000000009 192.09999847412112 12.223523616790773 1.0000000180025095e-35 33.670139312744148
decision_type=2 2 2 2 2 2 2 2 2 2 2 2 2 2
left_child=6 5 7 12 -5 11 -1 8 13 -7 -9 -2 -4 -3
right_child=1 2 3 4 -6 9 -8 10 -10 -11 -12 -13 -14 -15
leaf_value=-0.0017024695724828357 0.0054419714583016357 -0.0008083849830695189 -0.0046743754378450481 -0.014245108913261402 -0.00091034793307161904 0.00047967956046140808 0.0063357044321491239 -0.00045901092308109565 -0.0025716110492200266 -0.0057482729194553786 -0.0089302361884747647 -0.0074748856351910297 0.0022815185233000749 -0.013180566511139954
leaf_weight=2118 11063 206 752 361 10722 5333 9148 26930 8119 741 427 55 24659 450
leaf_count=2118 11063 206 752 361 10722 5333 9148 26930 8119 741 427 55 24659 450
internal_value=0.000356302 0.00014294 -0.000181315 0.000553912 -0.000931668 0.00151203 0.00205569 -0.000923856 -0.0024502 -0.000358317 -0.000433551 0.00253325 0.00120196 -0.0102402
internal_weight=101084 89818 72626 36494 11083 17192 11266 36132 8775 6074 27357 11118 25411 656
internal_count=101084 89818 72626 36494 11083 17192 11266 36132 8775 6074 27357 11118 25411 656
is_linear=0
shrinkage=0.05


Tree=82
num_leaves=15
num_cat=0
split_feature=45 39 19 36 13 32 6 55 40 20 0 0 53 15
split_gain=13.8333 13.4033 11.9539 11.4366 10.3903 15.3054 10.9373 10.0371 13.7858 9.36285 8.49774 8.32856 11.9347 11.6652
threshold=-0.72666779160499562 1.0000000180025095e-35 81.599998474121108 19.349999427795414 54.498512268066413 -0.49871127307415003 90.200000762939467 5.5000000000000009 982.04998779296886 1.0000000180025095e-35 186.05000305175784 42.899999618530281 0.36447542905807501 129.69999694824222
decision_type=2 2 2 2 2 2 2 2 2 2 2 2 2 2
left_child=2 11 3 9 5 6 7 -4 -9 -1 -6 -2 13 -13
right_child=1 -3 4 -5 10 -7 -8 8 -10 -11 -12 12 -14 -15
leaf_value=-0.0049795288834627149 0.0050683145094254619 -0.0026796722219718859 -0.0037763143719075336 -0.00012702821372270406 -0.0001354458969615764 -0.00073075992341099165 -0.022145157064273089 -0.014601484732680437 -0.002535242821445979 0.0054149586734083604 -0.0035013811426315741 0.00046710802544449996 0.003410864233903803 -0.0058512975475579366
leaf_weight=72 14108 4510 2246 18157 17692 2949 102 241 206 6627 1962 17750 12482 1900
leaf_count=72 14108 4510 2246 18157 17692 2949 102 241 206 6627 1962 17750 12482 1900
internal_value=0.000346685 0.000928881 -0.000241326 0.000538084 -0.00100401 -0.00287278 -0.00551693 -0.00485942 -0.0116302 0.00230213 -0.000456672 0.0011827 0.000737664 -3.05186e-05
internal_weight=101004 50750 50254 24856 25398 5744 2795 2693 447 6699 19654 46240 32132 19650
internal_count=101004 50750 50254 24856 25398 5744 2795 2693 447 6699 19654 46240 32132 19650
is_linear=0
shrinkage=0.05


Tree=83
num_leaves=15
num_cat=0
split_feature=44 46 15 24 57 33 17 52 10 16 41 1 15 0
split_gain=14.673 17.5437 18.8192 18.6526 14.6863 13.2452 11.2798 10.7179 13.7078 11.3708 9.60769 9.30301 8.63316 8.47449
threshold=4.293407917022706 1.0000000180025095e-35 80.90000152587892 2.5000000000000004 75.383335113525405 26.349999427795414 -16.949999809265133 0.81428062915802013 28.191666603088382 19.150000572204593 97.500000000000014 104.65000152587892 79.750000000000014 278.00000000000006
decision_type=2 2 2 2 2 2 2 2 2 2 2 2 2 2
left_child=1 6 3 4 -3 11 -1 13 -9 12 -7 -4 -10 -8
right_child=-2 2 5 -5 -6 10 7 8 9 -11 -12 -13 -14 -15
leaf_value=0.0052443345113749561 -0.0011231709785526213 -0.0033958600641811215 -0.0016247468400025094 0.0025280468351322593 -0.031923515796672138 -0.0052393134005147973 0.0021134465481248638 0.0032019535030316363 -0.0047025628757911978 -0.00067448528756216652 -0.02603540538262137 -0.00683752578511431 -0.010402823576140552 -0.0063545161207892754
leaf_weight=13709 21219 4092 8674 14721 60 96 28574 2344 1528 3282 69 2244 325 336
leaf_count=13709 21219 4092 8674 14721 60 96 28574 2344 1528 3282 69 2244 325 336
internal_value=0.000362993 0.000672837 -0.000284322 0.000676005 -0.00228015 -0.00191878 0.00124511 0.000784225 -0.000901989 -0.00234694 -0.0155714 -0.00169839 -0.00546699 0.00122061
internal_weight=101273 80054 29956 18873 4152 11083 50098 36389 7479 5135 165 10918 1853 28910
internal_count=101273 80054 29956 18873 4152 11083 50098 36389 7479 5135 165 10918 1853 28910
is_linear=0
shrinkage=0.05


Tree=84
num_leaves=15
num_cat=0
split_feature=0 13 19 57 33 52 13 44 52 11 32 43 43 52
split_gain=14.6442 19.9355 11.1693 15.2758 10.4435 23.7636 17.1881 11.108 11.9782 10.4729 9.96903 9.48581 9.10961 8.23177
threshold=33.45000076293946 39.675596237182624 115.79999923706056 92.750000000000014 1.5500000119209292 -0.97876849770545948 73.06577301025392 -10.848529815673826 -0.099819734692573533 60.635417938232429 4.0085937976837167 162.50000000000003 81.250000000000014 0.98802474141120922
decision_type=2 2 2 2 2 2 2 2 2 2 2 8 10 2
left_child=11 10 3 4 -3 6 9 8 -7 -6 -2 -1 -11 -4
right_child=1 2 13 -5 5 7 -8 -9 -10 12 -12 -13 -14 -15
leaf_value=0.0081680234054897737 -0.0041835028580606446 0.0013992667035008064 -0.00043057902218777066 0.0077558157152730805 0.0011204882552732973 -0.016646808643371831 -0.022929573433486519 0.00013476886590543512 0.0009953890319899818 -0.0017923541479667273 0.001685027415789608 0.00156421247690807 -0.013611686439371565 -0.0092950529477640546
leaf_weight=6309 6723 27666 30372 6394 217 301 86 7582 289 65 1571 13518 101 264
leaf_count=6309 6723 27666 30372 6394 217 301 86 7582 289 65 1571 13518 101 264
internal_value=0.000338432 4.23196e-05 0.000305193 0.000827773 0.000430515 -0.001086 -0.0119102 -0.00045099 -0.007 -0.00695929 -0.00227962 0.00155694 -0.0160227 -0.00042322
internal_weight=101458 81631 73337 42701 36307 8641 469 8172 590 383 8294 19827 166 30636
internal_count=101458 81631 73337 42701 36307 8641 469 8172 590 383 8294 19827 166 30636
is_linear=0
shrinkage=0.05


Tree=85
num_leaves=15
num_cat=0
split_feature=19 17 56 38 54 36 1 9 38 22 33 12 25 12
split_gain=14.3332 13.9886 11.9756 11.3461 12.1166 10.4511 10.038 12.1029 12.5973 9.97671 9.71987 9.59432 9.37947 8.91958
threshold=64.599998474121108 -62.450000762939446 43.95000076293946 3.7500000000000004 1.5000000000000002 11.84999990463257 83.000000000000014 47.049999237060554 15.050000190734865 1208.5000000000002 1.8499999642372134 83.909027099609389 19.550000190734867 192.04444122314456
decision_type=2 2 2 2 2 2 2 2 2 2 2 2 2 2
left_child=2 -2 -1 4 -3 -5 7 8 -7 13 -9 -6 -12 -8
right_child=1 3 -4 5 11 6 9 10 -10 -11 12 -13 -14 -15
leaf_value=0.00089299941417628854 0.0072340081186299506 0.0014251418238121778 0.0064132678190430455 0.0025124069865090012 -0.0059730241513070489 -0.0040265465877891227 -0.0045113951574227758 0.0021871929432859326 -1.3502426977694135e-05 -0.0011252689411116027 -0.0007438494792357999 -0.015238246347868606 -0.013349758473068105 -0.014479832894766807
leaf_weight=22586 2855 482 10779 7626 670 4821 3996 16848 11577 14716 4013 117 348 55
leaf_count=22586 2855 482 10779 7626 670 4821 3996 16848 11577 14716 4013 117 348 55
internal_value=0.000338378 -7.74942e-05 0.00118727 -0.000227562 -0.00489054 -0.000134354 -0.000369431 0.000101949 -0.000917845 -0.00131357 0.000890476 -0.00867629 -0.00121139 -0.00350776
internal_weight=101489 68124 33365 65269 1269 64000 56374 37607 16398 18767 21209 787 4361 4051
internal_count=101489 68124 33365 65269 1269 64000 56374 37607 16398 18767 21209 787 4361 4051
is_linear=0
shrinkage=0.05


Tree=86
num_leaves=15
num_cat=0
split_feature=17 10 9 56 38 13 38 16 7 7 57 45 6 8
split_gain=13.343 13.4615 16.0612 11.5269 10.6729 9.95611 13.7731 12.1328 10.3797 9.79286 9.4688 9.83115 8.00815 9.03939
threshold=-33.350000381469719 52.591665267944343 42.199998855590827 43.95000076293946 11.050000190734865 45.468750000000007 8.1500000953674334 50.95000076293946 75.549999237060561 37.199998855590827 44.783332824707038 -0.37603493034839625 115.59999847412111 80.000000000000014
decision_type=2 2 2 2 2 2 2 2 2 2 2 2 2 2
left_child=-1 3 5 4 -2 6 -3 8 -8 -9 -4 -12 -6 -14
right_child=1 2 10 -5 12 -7 7 9 -10 -11 11 -13 13 -15
leaf_value=0.0039864971414279539 -0.0015470166513385614 -0.021310388671124357 -0.0030917320518660269 0.0037354547486630149 0.0012266927716205675 -0.0022831465847821812 -0.0024853739557658457 -0.0029657176267833189 -0.017141081808974414 -0.018207717742774424 -0.00082633477226604242 0.0016333106763033692 0.012350619863791774 -0.018104792881873871
leaf_weight=11322 8593 153 3772 13987 22186 5662 1669 59 108 97 18145 15362 50 50
leaf_count=11322 8593 153 3772 13987 22186 5662 1669 59 108 97 18145 15362 50 50
internal_value=0.00028575 8.19218e-05 -0.000528787 0.000694804 0.000155233 -0.00259861 -0.00554389 -0.00434122 -0.00311416 -0.0172892 -9.8018e-05 0.000169616 0.000732419 -0.0127273
internal_weight=101215 89893 45027 44866 30879 7748 2086 1933 1777 156 37279 33507 22286 100
internal_count=101215 89893 45027 44866 30879 7748 2086 1933 1777 156 37279 33507 22286 100
is_linear=0
shrinkage=0.05


Tree=87
num_leaves=15
num_cat=0
split_feature=48 50 44 47 36 21 43 26 24 38 26 56 41 42
split_gain=14.3021 17.7946 13.8654 11.2191 8.64598 11.3656 9.68125 8.58628 10.6501 8.56637 8.53986 9.51263 7.79305 7.35399
threshold=-7.5499999523162833 0.91597560048103344 4.3456325531005868 10.628869056701662 19.150000572204593 1.0000000180025095e-35 957.50000000000011 0.65772810578346264 65.500000000000014 12.150000095367433 0.70791533589363109 20.050000190734867 68.500000000000014 10.550000190734865
decision_type=2 2 2 2 2 2 10 2 2 2 2 2 2 2
left_child=3 2 4 -1 6 -6 -2 9 -9 -7 11 -4 -11 -12
right_child=1 -3 10 -5 5 7 -8 8 -10 12 13 -13 -14 -15
leaf_value=0.005511562048271205 0.0031354285827456087 -0.0032614716987189743 -0.0046802591226206922 -0.0046008014194122053 -0.0045870696576925324 -0.0016253931566107571 -0.0077136216279342223 -0.00013870656493576047 -0.015371583099184153 0.0037403343604792746 -0.0024022319283338606 6.5862864730228314e-05 -0.00068383124689658985 -0.010073253921130605
leaf_weight=9702 16332 7426 785 1167 1105 2481 96 26172 110 14831 4068 12683 3935 357
leaf_count=9702 16332 7426 785 1167 1105 2481 96 26172 110 14831 4068 12683 3935 357
internal_value=0.000341201 0.000135025 0.000345025 0.00205396 0.000684012 0.000348861 0.00167539 0.000465828 -0.000138445 0.00121301 -0.000887281 -0.000260424 0.00157808 -0.0027903
internal_weight=101250 90381 82955 10869 65062 48634 16428 47529 26282 21247 17893 13468 18766 4425
internal_count=101250 90381 82955 10869 65062 48634 16428 47529 26282 21247 17893 13468 18766 4425
is_linear=0
shrinkage=0.05


Tree=88
num_leaves=15
num_cat=0
split_feature=43 0 19 16 52 38 55 4 13 0 8 47 16 53
split_gain=14.2731 12.3707 12.0861 11.527 11.9138 10.3617 10.3315 12.2426 10.7355 10.2744 10.4267 10.5956 11.4593 10.7906
threshold=37.500000000000007 25.750000000000004 147.85000610351565 15.550000190734865 0.90162119269371044 6.9500000476837167 2.5000000000000004 28.849999427795414 37.386011123657234 70.65000152587892 57.45000076293946 10.275595188140871 31.849999427795414 -0.13398942351341245
decision_type=8 2 2 2 2 2 2 2 2 2 2 2 2 2
left_child=2 5 -1 4 -3 -2 -6 -8 -9 -5 11 12 13 -11
right_child=1 3 -4 9 6 -7 7 8 -10 10 -12 -13 -14 -15
leaf_value=0.0064018656614844432 -0.003343998239768135 -0.00027302965198906646 -0.00047123215297843204 0.00065180839938334349 -0.0020524455886781296 0.0053383768563584327 -0.0037524106179761549 -0.015465569020128026 -0.0078665411683761285 -0.01432589889707426 -0.00038217589276437919 -0.013869394806374689 -0.00069164193786460596 -0.0024965390089922231
leaf_weight=10635 1308 2225 4996 46106 889 7860 543 155 283 668 19800 552 4110 862
leaf_count=10635 1308 2225 4996 46106 889 7860 543 155 283 668 19800 552 4110 862
internal_value=0.000306034 5.15985e-05 0.00169458 -0.000157277 -0.00273447 0.00178579 -0.00566489 -0.0091776 -0.0153125 -1.05396e-05 -0.000805322 -0.00259432 -0.00193805 -0.00561688
internal_weight=100992 85361 15631 76193 4095 9168 1870 981 438 72098 25992 6192 5640 1530
internal_count=100992 85361 15631 76193 4095 9168 1870 981 438 72098 25992 6192 5640 1530
is_linear=0
shrinkage=0.05


Tree=89
num_leaves=15
num_cat=0
split_feature=19 43 46 44 53 19 53 46 22 40 23 55 41 10
split_gain=13.1841 19.0576 10.2371 13.749 10.4907 10.7706 9.35026 12.6123 8.94913 8.86888 9.27162 11.6601 8.78662 11.5679
threshold=112.59999847412111 77.500000000000014 0.75000000000000011 0.37468813359737402 -0.99864786863327015 140.40000152587893 -0.81427544355392445 51.500000000000007 223.50000000000003 988.64999389648449 1.3550000190734866 3.5000000000000004 8.5000000000000018 96.341667175292983
decision_type=2 8 2 2 2 2 2 2 2 2 2 2 2 2
left_child=1 8 3 4 5 -2 -3 9 -1 10 -8 -12 13 -4
right_child=2 6 12 -5 -6 -7 7 -9 -10 -11 11 -13 -14 -15
leaf_value=-0.0050431382436698403 0.0087482204728807755 0.0024914822696187116 -0.0026614337027478616 -0.0019133948340783824 0.0014402364089026584 -0.029051718891337883 -0.00065737435575973445 -0.018545346127158711 0.0047386070715343537 0.0025284118002216502 0.0043901066090649317 -0.01606955087717242 -0.0019304227276901644 -0.021392679829948621
leaf_weight=122 84 12345 823 12749 15992 109 28673 94 18063 8320 175 188 2928 494
leaf_count=122 84 12345 823 12749 15992 109 28673 94 18063 8320 175 188 2928 494
internal_value=0.000292531 0.000691278 -0.000524421 -0.000187603 0.000779562 -0.0105172 0.000185223 -0.000208222 0.00207612 -0.000159771 -0.000572196 -0.00840483 -0.00281434 -0.00619066
internal_weight=101159 67980 33179 28934 16185 193 49795 37450 18185 37356 29036 363 4245 1317
internal_count=101159 67980 33179 28934 16185 193 49795 37450 18185 37356 29036 363 4245 1317
is_linear=0
shrinkage=0.05


Tree=90
num_leaves=15
num_cat=0
split_feature=48 26 16 55 37 13 53 4 38 57 12 6 26 23
split_gain=11.6658 9.97217 13.1038 15.7276 13.0721 14.0619 10.4104 14.8475 15.8152 21.1113 14.6054 10.9374 9.78449 14.2353
threshold=-6.8500001430511466 0.78007271885871898 122.70000076293947 5.5000000000000009 65.500000000000014 180.40178680419925 0.18281312286853793 103.70000076293947 11.050000190734865 46.483333587646491 90.709724426269545 102.54999923706056 0.65106356143951427 1.185000002384186
decision_type=2 2 2 2 2 2 2 2 2 2 2 2 2 2
left_child=-1 6 4 -4 5 -3 7 8 9 -2 -9 -12 -10 -14
right_child=1 2 3 -5 -6 -7 -8 10 12 -11 11 -13 13 -15
leaf_value=0.0032435320142343346 -0.0016213056379137556 -0.0021384548583933427 -0.0018523277889706783 -0.013751966774734165 0.00053631591985344341 -0.030662170613473896 0.002004765572870102 -0.0051163213493051665 0.0018981727217368381 -0.010795116407718965 -0.024835113263298379 -0.016803194774911458 -0.0002256169881121766 -0.012668692338973126
leaf_weight=12773 4570 10296 266 124 13737 118 21827 1200 21293 629 60 96 13412 744
leaf_count=12773 4570 10296 266 124 13737 118 21827 1200 21293 629 60 96 13412 744
internal_value=0.000286936 8.27093e-05 -0.000773695 -0.00975 -0.000624767 -0.0019599 0.000412039 -4.8317e-05 0.000123961 -0.00244865 -0.0051757 -0.0190964 0.000501847 -0.00051673
internal_weight=101145 88372 24541 390 24151 10414 63831 42004 40648 5199 1356 156 35449 14156
internal_count=101145 88372 24541 390 24151 10414 63831 42004 40648 5199 1356 156 35449 14156
is_linear=0
shrinkage=0.05


Tree=91
num_leaves=15
num_cat=0
split_feature=47 19 43 5 50 1 48 25 44 33 47 46 52 35
split_gain=13.5942 12.9188 12.7163 11.5241 11.1146 14.9343 9.83861 9.79461 8.85864 10.2106 7.93063 7.92219 8.59709 7.92056
threshold=3.5872282981872563 67.90000152587892 77.500000000000014 33.45000076293946 0.78656607866287243 170.19999694824222 1.0500000119209292 41.750000000000007 0.37468813359737402 1.8499999642372134 5.6763305664062509 9.1500000953674334 0.90162119269371044 18.500000000000004
decision_type=2 2 8 2 2 2 2 2 2 2 2 2 2 2
left_child=6 2 -2 7 8 13 -1 11 9 -5 -7 12 -3 -6
right_child=1 3 -4 4 5 10 -8 -9 -10 -11 -12 -13 -14 -15
leaf_value=0.0080406212654709278 0.0061938182751006985 -0.00071214540165921584 0.00058372619512263811 0.0023106305293173319 0.00047481486834226902 -0.0024810883426253684 0.00062528277029430925 -0.015140606693638328 -0.00079388741426423051 -0.0026331501821426156 -0.014763214870746383 -0.0086399421304917522 -0.005514864128517225 -0.0030789351598669167
leaf_weight=4926 7546 4215 26735 18621 4593 319 5142 111 18004 3738 224 317 1518 5226
leaf_count=4926 7546 4215 26735 18621 4593 319 5142 111 18004 3738 224 317 1518 5226
internal_value=0.000305447 0.000112803 0.000879385 -0.000349233 -0.000101015 -0.00156093 0.00204803 -0.0023894 0.000274069 0.000938576 -0.00955696 -0.00210396 -0.00166899 -0.00110947
internal_weight=101235 91167 34281 56886 50725 10362 10068 6161 40363 22359 543 6050 5733 9819
internal_count=101235 91167 34281 56886 50725 10362 10068 6161 40363 22359 543 6050 5733 9819
is_linear=0
shrinkage=0.05


Tree=92
num_leaves=15
num_cat=0
split_feature=0 36 56 4 1 24 42 0 47 13 37 52 12 51
split_gain=13.571 16.4542 11.013 10.0323 9.41927 13.2694 9.20488 8.92906 11.7717 10.3933 9.99309 19.6807 16.932 14.6078
threshold=25.44999980926514 14.650000095367433 22.650000572204593 33.149999618530281 170.19999694824222 6.5000000000000009 5.5499999523162851 70.200000762939467 4.9102630615234384 58.849403381347663 85.500000000000014 -0.97113886475563038 46.471527099609382 0.12940952181816107
decision_type=2 2 2 2 2 2 2 2 2 2 2 2 2 2
left_child=-1 4 3 -3 6 -6 -2 8 -4 -9 -10 12 -12 -13
right_child=1 2 7 -5 5 -7 -8 9 10 -11 11 13 -14 -15
leaf_value=0.0042043661646394229 0.0070964546493832749 -0.0022793241004872874 0.0040024248605842637 -0.011058264808905496 0.000366201726208786 -0.0076046902696824334 0.0015597363288645499 -0.0035388699321542241 0.0004201708268300076 -0.00041896192910118957 0.0048096636286237482 -0.0077385093257974647 -0.012781098372712716 0.00091675188211716961
leaf_weight=9565 6413 2492 7890 449 3311 472 7116 6018 33289 17523 185 1710 521 4343
leaf_count=9565 6413 2492 7890 449 3311 472 7116 6018 33289 17523 185 1710 521 4343
internal_value=0.000268836 8.18602e-05 -0.000241166 -0.0032345 0.00146981 -0.000734247 0.0020862 -0.00011757 0.000274047 -0.000914823 -7.38927e-05 -0.00182523 -0.0096648 -0.000896421
internal_weight=101297 91732 74420 2941 17312 3783 13529 71479 47938 23541 40048 6759 706 6053
internal_count=101297 91732 74420 2941 17312 3783 13529 71479 47938 23541 40048 6759 706 6053
is_linear=0
shrinkage=0.05


Tree=93
num_leaves=15
num_cat=0
split_feature=47 26 12 48 31 51 53 28 38 53 12 48 27 26
split_gain=12.372 16.5395 13.1393 12.72 12.3523 11.7294 10.2444 9.73267 10.6193 10.4159 18.5596 10.3115 11.3358 9.2744
threshold=6.4204165935516366 0.97076472640037548 192.04444122314456 -5.5499999523162833 -3.5888426303863521 0.37940952181816107 0.96407344937324535 47.500000000000007 10.949999809265138 0.24997577071189883 48.309028625488288 -1.2499999999999998 23.94999980926514 0.25707465410232549
decision_type=2 2 2 2 2 2 2 2 2 2 2 2 2 2
left_child=3 7 4 -1 -3 -5 -6 8 9 10 -2 12 -9 -7
right_child=1 2 -4 5 6 13 -8 11 -10 -11 -12 -13 -14 -15
leaf_value=0.0068575232794984738 -0.0014312700422666083 -0.0019816506784716198 -0.014048468437215668 -0.00019591636023497526 -0.0086977960760926277 -0.013561706630235489 0.0031543599561855416 0.00027958331479692255 0.0033894265248311456 0.0057448278395402022 -0.011823616568419829 6.9526831920265313e-05 -0.0044489248413895691 0.0028534478376730892
leaf_weight=7061 3706 1421 57 26415 585 63 156 4247 9818 1705 378 22956 6528 16217
leaf_count=7061 3706 1421 57 26415 585 63 156 4247 9818 1705 378 22956 6528 16217
internal_value=0.000267116 -0.000275661 -0.00448856 0.000829482 -0.00379374 0.00050404 -0.00898136 -8.53123e-05 0.000946725 -0.000750991 -0.00212018 -0.000562965 -0.0018382 0.00155924
internal_weight=101313 51557 2219 49756 2162 42695 741 49338 15607 5789 4084 33731 10775 16280
internal_count=101313 51557 2219 49756 2162 42695 741 49338 15607 5789 4084 33731 10775 16280
is_linear=0
shrinkage=0.05


Tree=94
num_leaves=15
num_cat=0
split_feature=0 56 47 26 48 21 33 16 40 36 0 53 40 47
split_gain=11.0177 12.915 11.9827 17.5244 11.384 11.308 10.6612 16.4576 10.8502 10.5404 10.418 12.3285 13.7697 22.9896
threshold=21.650000572204593 20.050000190734867 4.9102630615234384 0.75405275821685802 -2.7499999999999996 30.500000000000004 23.300000190734867 28.550000190734867 975.85000610351574 13.650000095367433 65.799999237060561 0.98174098134040844 992.75000000000011 6.5146427154541025
decision_type=2 2 2 2 2 2 2 2 2 2 2 2 2 2
left_child=5 -2 4 6 -3 9 -4 -8 -9 -1 -5 12 -12 -14
right_child=1 2 3 10 -6 -7 7 8 -10 -11 11 -13 13 -15
leaf_value=-0.0063308750802851367 -0.0046626018637672415 0.0078005248482885606 0.00047579732996207575 -0.0010193574991079434 0.00085833613848149528 0.0068770819003406373 0.0022749758417397008 -0.0062402780777649101 -0.013925080639363853 0.00093783351668627949 -0.0048679299823527261 0.0031189009370683834 -0.0041673474530242267 -0.024155146203228107
leaf_weight=50 2235 5244 57314 6751 18901 5524 402 172 298 77 3182 689 220 111
leaf_count=50 2235 5244 57314 6751 18901 5524 402 172 298 77 3182 689 220 111
internal_value=0.000277723 0.000150687 0.000240852 -9.4072e-05 0.00119954 0.00242095 0.000251392 -0.00520408 -0.0114583 -0.0117883 -0.00192785 -0.00387939 -0.00507664 -0.0146481
internal_weight=101170 95519 93284 69139 24145 5651 58186 872 470 127 10953 4202 3513 331
internal_count=101170 95519 93284 69139 24145 5651 58186 872 470 127 10953 4202 3513 331
is_linear=0
shrinkage=0.05


Tree=95
num_leaves=15
num_cat=0
split_feature=45 20 46 15 52 13 0 16 33 33 47 19 14 31
split_gain=11.8462 10.6893 10.2775 9.23676 8.81492 11.2906 8.52259 8.94559 9.16835 11.4111 11.2823 9.38019 10.651 10.0015
threshold=-1.4235659241676328 1.0000000180025095e-35 0.35000000894069677 53.649999618530281 -0.97876849770545948 79.94940567016603 25.44999980926514 15.550000190734865 22.750000000000004 35.20000076293946 6.8093073368072519 92.099998474121108 6.8218891620635995 0.92987516522407543
decision_type=2 2 2 2 2 2 2 2 2 2 2 2 2 2
left_child=1 -1 -2 -4 5 -5 -3 -8 11 10 -10 -9 13 -13
right_child=2 6 3 4 -6 -7 7 8 9 -11 -12 12 -14 -15
leaf_value=-0.0054437647921478233 0.0019219951224235404 0.0025887988401527952 0.003909276386957144 -0.006230783335841289 -0.0010284720333559761 -0.02082786951410175 -0.0042770314268671655 0.00094960561150328341 -0.016088680136670749 0.0049090857233516864 -0.0033801948037007704 -0.0027375889298427501 -0.0011302426555297805 -0.01043419710499166
leaf_weight=78 41543 4879 3034 475 11180 54 2475 17809 167 141 150 363 18361 255
leaf_count=78 41543 4879 3034 475 11180 54 2475 17809 167 141 150 363 18361 255
internal_value=0.000289877 -0.000317982 0.000772346 -0.000361621 -0.000998805 -0.0072449 -0.000283569 -0.000525912 -0.000332027 -0.00728632 -0.0124312 -0.000243491 -0.00101664 -0.00742038
internal_weight=100964 44678 56286 14743 11709 529 44600 39721 37246 458 317 36788 18979 618
internal_count=100964 44678 56286 14743 11709 529 44600 39721 37246 458 317 36788 18979 618
is_linear=0
shrinkage=0.05


Tree=96
num_leaves=15
num_cat=0
split_feature=17 45 38 19 39 56 13 17 44 54 12 33 38 39
split_gain=13.3493 11.5672 10.9233 9.20411 9.45447 9.19668 12.9134 8.85115 9.44567 10.314 10.6489 10.651 8.50247 8.43785
threshold=-43.749999999999993 -0.34263144433498377 1.7500000000000002 56.250000000000007 5.7500000000000009 14.050000190734865 57.883630752563484 7.5499999523162851 2.8882712125778203 2.5000000000000004 198.17708587646487 21.650000572204593 5.3500001430511483 1.0000000180025095e-35
decision_type=2 2 2 2 2 2 2 2 2 2 2 2 2 2
left_child=-1 3 -3 4 5 6 -2 8 -5 -10 11 12 -11 -4
right_child=1 2 13 7 -6 -7 -8 -9 9 10 -12 -13 -14 -15
leaf_value=0.0047012245456073687 -0.0023916415863381095 -0.0075396130030699563 0.0015966854126828187 -0.0010292422515431896 -0.015731812522606404 0.0019361288044873555 -0.0079361529885822856 -3.8832082829852369e-05 0.00054438304527014252 -0.081312670945671642 -0.011252064171983062 -0.013830229730878408 -0.0035215012553744506 -0.0023501957656264644
leaf_weight=7461 736 267 38953 12854 97 12482 77 16986 1693 243 60 53 4999 4124
leaf_count=7461 736 267 38953 12854 97 12482 77 16986 1693 243 60 53 4999 4124
internal_value=0.000202038 3.97293e-05 0.000638234 -0.000476238 0.000646172 0.00076475 -0.00435601 -0.000883788 -0.00159904 -0.00306886 -0.00414259 -0.00387842 -0.00362529 0.00070172
internal_weight=101085 93624 43344 50280 13392 13295 813 36888 19902 7048 5355 5295 5242 43077
internal_count=101085 93624 43344 50280 13392 13295 813 36888 19902 7048 5355 5295 5242 43077
is_linear=0
shrinkage=0.05


Tree=97
num_leaves=15
num_cat=0
split_feature=17 0 24 8 47 57 0 38 50 57 47 30 10 15
split_gain=11.7332 12.4422 10.7515 13.423 10.3294 8.3147 9.01538 12.1962 9.13619 10.9994 10.0811 8.47128 8.3902 8.77137
threshold=-59.149999618530266 78.799999237060561 4.5000000000000009 278.00000000000006 4.2811012268066415 92.750000000000014 27.44999980926514 7.0499999523162851 0.78656607866287243 38.283332824707038 10.628869056701662 1357.5000000000002 57.758333206176765 92.099998474121108
decision_type=2 2 2 2 2 2 2 2 2 2 2 8 2 2
left_child=-1 4 -3 -4 -2 6 7 -6 9 -8 -11 -10 -12 -14
right_child=1 2 3 -5 5 -7 8 -9 11 10 12 -13 13 -15
leaf_value=0.0063943067780723745 0.0043311141899575103 0.00038873895480553202 -0.0021412311684241981 -0.0086677328938951359 -0.0033968973317082076 0.006043510441407357 -0.0013242333725171139 0.0042037880455847989 -0.0034300276160521372 0.0018058383780164564 -0.00063487741164002963 0.001085381564945444 -0.015480912739864645 0.00019809117187232473
leaf_weight=4516 6614 13419 14660 145 1494 3258 11480 9252 6815 23989 2268 3020 429 283
leaf_count=4516 6614 13419 14660 145 1494 3258 11480 9252 6815 23989 2268 3020 429 283
internal_value=0.000279975 0.000163997 -0.000720054 -0.00164867 0.000526178 0.000326495 0.000190549 0.00149963 -0.000101048 0.000246886 0.000798584 -0.00146013 -0.0019398 -0.00663435
internal_weight=101642 97126 28224 14805 68902 62288 59030 10746 48284 38449 26969 9835 2980 712
internal_count=101642 97126 28224 14805 68902 62288 59030 10746 48284 38449 26969 9835 2980 712
is_linear=0
shrinkage=0.05


Tree=98
num_leaves=15
num_cat=0
split_feature=19 57 52 47 52 36 38 24 36 26 38 24 10 33
split_gain=10.6965 15.7583 11.2057 8.57422 15.3544 15.5374 10.0044 12.012 9.97134 12.4265 8.98871 8.74303 10.3502 9.73322
threshold=112.59999847412111 89.51666641235353 0.98213580250740062 7.7020833492279062 -0.26866367459297175 10.050000190734865 13.650000095367433 18.500000000000004 18.94999980926514 0.70791533589363109 1.0500000119209292 3.5000000000000004 45.925001144409187 17.44999980926514
decision_type=2 2 2 2 2 2 2 2 2 2 2 2 2 2
left_child=1 3 -2 8 5 -5 7 -6 -1 -10 -9 13 -13 -7
right_child=2 -3 -4 4 6 11 -8 10 9 -11 -12 12 -14 -15
leaf_value=0.0058304872846512909 -0.00053800622299862862 0.0070210421904324501 -0.0096081467793541764 -0.11633450017327429 0.001297523284768399 -0.0094083451122003049 0.0032944472374322673 -0.009922166343186288 0.0020003600582452325 -0.0010337242452110806 -0.0021613641487256878 0.0031279042411370746 -0.0044292728294003554 0.00083201555692656711
leaf_weight=5465 32987 7027 521 67 5089 1724 7516 146 20187 12237 3932 1860 2018 647
leaf_count=5465 32987 7027 521 67 5089 1724 7516 146 20187 12237 3932 1860 2018 647
internal_value=0.000224927 0.000585572 -0.000505997 0.000326612 -0.00043483 -0.00253241 0.000360331 -0.000748066 0.000788807 0.000455386 -0.00276663 -0.00225355 -0.000787037 -0.00463881
internal_weight=101423 67915 33508 60888 22999 6316 16683 9167 37889 32424 4078 6249 3878 2371
internal_count=101423 67915 33508 60888 22999 6316 16683 9167 37889 32424 4078 6249 3878 2371
is_linear=0
shrinkage=0.05


Tree=99
num_leaves=15
num_cat=0
split_feature=0 13 53 0 13 15 37 44 53 40 52 23 53 44
split_gain=12.0872 12.1241 14.0869 11.3684 14.2621 11.7369 11.0941 13.7769 10.9037 21.5871 11.1595 10.2296 9.75569 9.32689
threshold=19.849999427795414 39.211904525756843 -0.86974579095840443 56.549999237060554 58.51964187622071 111.40000152587892 37.500000000000007 -9.3599390983581525 -0.78324955701827992 973.95001220703136 0.89017060399055492 1.2050000429153445 0.42763730883598333 6.8656954765319833
decision_type=2 2 2 2 2 2 2 2 2 2 2 2 2 2
left_child=-1 2 -2 6 5 -5 -3 -8 9 -7 -10 12 -4 -14
right_child=1 3 11 4 -6 8 7 -9 10 -11 -12 -13 13 -15
leaf_value=0.0066954725112335946 0.0040394883635318842 -0.0013848859273045534 -0.0020400725154914074 -0.0011300973043662497 0.00050590311461180067 -0.0032966060921817975 -0.0024092155712206083 0.0034202026223912659 -0.00074341260301724274 -0.021443346750727607 -0.019142548480511626 -0.018048009831391001 0.0025193092826447973 -0.019449295250188337
leaf_weight=4313 1844 5104 11788 8797 36208 459 3383 27370 1200 347 139 181 55 66
leaf_count=4313 1844 5104 11788 8797 36208 459 3383 27370 1200 347 139 181 55 66
internal_value=0.00026189 0.000146517 -0.00121773 0.000375646 -0.000134648 -0.00171567 0.00104651 0.00140477 -0.0050232 -0.00958333 -0.00222758 -0.00183884 -0.00165324 -0.015229
internal_weight=101254 96941 13934 83007 47150 10942 35857 30753 2145 806 1339 12090 11909 121
internal_count=101254 96941 13934 83007 47150 10942 35857 30753 2145 806 1339 12090 11909 121
is_linear=0
shrinkage=0.05


Tree=100
num_leaves=15
num_cat=0
split_feature=0 36 0 36 40 51 47 40 24 53 26 0 56 33
split_gain=11.9641 11.8217 15.055 12.5752 12.998 11.6222 11.1339 13.2379 11.9104 11.8229 10.9795 10.247 10.2445 9.87025
threshold=21.650000572204593 18.94999980926514 128.30000305175784 27.650000572204593 980.14999389648449 1.0000000180025095e-35 6.4204165935516366 993.04998779296886 10.500000000000002 0.98174098134040844 0.88907960057258617 43.250000000000007 58.049999237060554 1.4499999880790713
decision_type=2 2 2 2 2 2 2 2 2 2 2 2 2 2
left_child=-1 2 -2 4 11 13 8 -8 -4 -9 -6 -3 -12 -5
right_child=1 3 6 5 10 -7 7 9 -10 -11 12 -13 -14 -15
leaf_value=0.0053896436485095581 0.0033854179930547408 -0.0018184716701624257 0.00059746979959618321 0.00040488562902337181 0.00040809160148806917 0.0027998318442866315 -0.0026356789163487267 -0.014981548305039755 -0.0056053598491224415 0.00071359459863486587 -0.005946769674126085 -0.0063962467242871844 -0.00020856206406565382 -0.0036224041334694855
leaf_weight=5634 19600 4481 7678 18591 16009 12754 1136 98 602 52 2190 4101 2597 6000
leaf_count=5634 19600 4481 7678 18591 16009 12754 1136 98 602 52 2190 4101 2597 6000
internal_value=0.000273458 0.000141764 0.000981286 -0.000225301 -0.000999047 0.000383483 -0.000644319 -0.0049537 3.0157e-05 -0.0184375 -0.000322984 -0.00263501 -0.0024213 -0.000251819
internal_weight=101523 95889 29166 66723 29378 37345 9566 1286 8280 150 20796 8582 4787 24591
internal_count=101523 95889 29166 66723 29378 37345 9566 1286 8280 150 20796 8582 4787 24591
is_linear=0
shrinkage=0.05


Tree=101
num_leaves=15
num_cat=0
split_feature=47 48 51 29 28 47 14 33 52 38 52 10 52 25
split_gain=10.5952 13.2411 11.6244 11.5823 13.0725 10.892 9.48681 13.554 9.03713 8.76457 8.54877 8.4328 11.024 7.45298
threshold=5.031414508819581 2.4500000476837163 0.12940952181816107 5.6499998569488534 54.500000000000007 8.4891810417175311 17.339121818542484 16.750000000000004 -0.99866804480552662 21.650000572204593 0.32613943517208105 194.50833129882815 0.19337368011474612 14.750000000000002
decision_type=2 2 2 2 2 2 2 2 2 2 2 2 2 2
left_child=1 -1 -3 4 -2 11 -6 10 9 -7 -8 -5 -13 -12
right_child=3 2 -4 5 6 8 7 -9 -10 -11 13 12 -14 -15
leaf_value=0.0035453701299969068 0.00096277233539270805 -0.002110259302820688 0.0033643710891647521 0.0016462988421818707 -0.0012649240990583513 -0.0013137405908851235 -0.0023359898525270903 -0.018783803801401017 -0.00066820225953613088 -0.0158895526628944 -0.00012212714362271073 -0.00033128749349793933 -0.01969652623867622 -0.0089824171984089277
leaf_weight=17386 7772 6292 3361 30615 8308 74 4815 179 20076 52 482 207 81 1416
leaf_count=17386 7772 6292 3361 30615 8308 74 4815 179 20076 52 482 207 81 1416
internal_value=0.000256413 0.00110337 -0.000381351 -5.28431e-05 -0.000985119 0.000366331 -0.00183761 -0.00320777 -0.000536315 -0.0133824 -0.00283133 0.000956394 -0.00741611 -0.00566562
internal_weight=101116 27039 9653 74077 22972 51105 15200 6892 20202 126 6713 30903 288 1898
internal_count=101116 27039 9653 74077 22972 51105 15200 6892 20202 126 6713 30903 288 1898
is_linear=0
shrinkage=0.05


Tree=102
num_leaves=15
num_cat=0
split_feature=45 46 52 13 41 16 16 18 7 37 10 13 52 13
split_gain=10.7274 9.29653 9.81206 16.4535 9.21831 11.4268 12.0906 8.87425 9.5982 10.0626 9.06806 8.52645 8.73783 12.4453
threshold=-0.57605877518653859 0.15000000223517421 -0.97113886475563038 77.969047546386733 94.500000000000014 70.65000152587892 79.299999237060561 6.4500000476837167 222.85000610351565 37.500000000000007 128.54166412353518 32.677976608276374 0.8337649703025819 29.815773963928226
decision_type=2 2 2 2 2 2 2 2 2 2 2 2 2 2
left_child=7 -2 3 -3 5 -4 -7 8 9 -1 -10 12 -9 -14
right_child=1 2 4 -5 -6 6 -8 11 10 -11 -12 -13 13 -15
leaf_value=-0.0019909465601332618 0.0021027855401692824 -0.0047299651832877184 0.0017658213691963279 -0.01706753882112997 -0.0027232654555654819 -0.024800149738970517 -7.7915847642990888e-05 0.0024716071741929481 0.0069998825228072287 0.0011770613863979944 -0.0066515117880026758 -0.0009523839218188038 -0.0032764987688973022 -0.012852094969834811
leaf_weight=6320 33289 812 10773 88 4118 125 185 365 227 26593 547 16994 712 333
leaf_count=6320 33289 812 10773 88 4118 125 185 365 227 26593 547 16994 712 333
internal_value=0.000281848 0.000809717 -0.000176587 -0.00521978 0.000125238 0.000875778 -0.0084375 -0.00021871 0.000263674 0.000393798 -0.00520408 -0.00110134 -0.00482394 -0.0071327
internal_weight=101481 49390 16101 900 15201 11083 310 52091 33687 32913 774 18404 1410 1045
internal_count=101481 49390 16101 900 15201 11083 310 52091 33687 32913 774 18404 1410 1045
is_linear=0
shrinkage=0.05


Tree=103
num_leaves=15
num_cat=0
split_feature=0 36 2 57 4 34 4 14 56 1 24 34 24 47
split_gain=10.3231 14.0422 11.5424 9.70899 9.83436 9.36621 11.6649 10.1081 9.04932 8.99836 14.5032 9.62889 9.48404 8.82707
threshold=33.45000076293946 14.650000095367433 185.55000305175784 45.049999237060554 53.350000381469734 -1.8499999642372129 103.70000076293947 19.313307762146 37.899999618530281 170.19999694824222 6.5000000000000009 1.5500000119209292 11.500000000000002 12.379473686218263
decision_type=2 2 2 2 2 2 2 2 2 2 2 2 2 2
left_child=8 9 3 4 -3 6 -5 -8 -1 13 -11 12 -12 -2
right_child=1 2 -4 5 -6 -7 7 -9 -10 10 11 -13 -14 -15
leaf_value=0.00096363412783777519 0.0035621639367917216 -0.00081525785552547187 -0.0046064559034373828 -0.0014655852095165922 -0.0044329285184605011 0.00064876988972778461 -0.026007577259600501 -0.0067125049649988293 0.0076754103013618701 0.00034937172247041055 -0.0008513427012194312 -0.015525764189325782 -0.010156657172245257 -0.0067756457491292615
leaf_weight=14105 12565 15725 1038 4888 3687 38851 141 597 5583 3274 292 83 99 351
leaf_count=14105 12565 15725 1038 4888 3687 38851 141 597 5583 3274 292 83 99 351
internal_value=0.000241339 -6.67865e-06 -0.000339021 -0.000253603 -0.00118628 0.000153641 -0.00175124 -0.00756684 0.00126866 0.00128763 -0.000867482 -0.00894628 -0.00534913 0.0019132
internal_weight=101279 81591 64927 63889 19412 44477 5626 738 19688 16664 3748 474 391 12916
internal_count=101279 81591 64927 63889 19412 44477 5626 738 19688 16664 3748 474 391 12916
is_linear=0
shrinkage=0.05


Tree=104
num_leaves=15
num_cat=0
split_feature=17 0 56 4 36 36 46 13 24 40 23 13 38 56
split_gain=10.1201 10.1773 9.76435 9.33357 11.7397 10.5683 9.97834 11.6808 9.86115 9.30421 10.516 22.9321 9.90531 8.7676
threshold=-62.450000762939446 22.150000572204593 21.150000572204593 101.59999847412111 18.94999980926514 27.650000572204593 0.75000000000000011 54.99702453613282 46.500000000000007 980.75000000000011 0.50499999523162853 64.388389587402358 3.9500000476837163 82.549999237060561
decision_type=2 2 2 2 2 2 2 2 2 2 2 2 2 2
left_child=-1 -2 -3 4 8 9 13 -8 -4 10 11 -6 -11 -5
right_child=1 2 3 6 5 -7 7 -9 -10 12 -12 -13 -14 -15
leaf_value=0.0060101660574965691 0.0046879787212828102 -0.0040597781413408097 0.0034801292072027729 -0.0057489019706697493 -0.0050000282264268557 0.00085050663584567375 -0.025372711531951277 -0.0052739028963811798 -0.0030241645367097073 -0.0077967232159391721 -0.0015520818604475941 -0.028026258251125237 0.00016661944527411737 -0.00039269452086068235
leaf_weight=4070 6034 2736 14041 1201 2361 33397 121 1184 817 298 6427 155 15362 13010
leaf_count=4070 6034 2736 14041 1201 2361 33397 121 1184 817 298 6427 155 15362 13010
internal_value=0.00019531 9.28425e-05 -3.89594e-05 5.22721e-05 0.000289428 -3.18909e-05 -0.0010608 -0.00522814 0.00154291 -0.000818063 -0.00210376 -0.00483769 -8.29609e-05 -0.000674706
internal_weight=101214 97144 91110 88374 72858 58000 15516 1305 14858 24603 8943 2516 15660 14211
internal_count=101214 97144 91110 88374 72858 58000 15516 1305 14858 24603 8943 2516 15660 14211
is_linear=0
shrinkage=0.05


Tree=105
num_leaves=15
num_cat=0
split_feature=19 51 48 13 15 38 16 26 53 24 13 15 7 12
split_gain=10.6585 10.0989 10.1505 8.86535 13.3411 14.7847 13.7019 11.9195 12.2243 10.596 10.1323 9.55182 12.2177 12.0895
threshold=64.599998474121108 0.37940952181816107 -6.0499999523162833 55.424108505249031 83.500000000000014 15.050000190734865 26.250000000000004 0.48961192369461065 -0.13398942351341245 2.5000000000000004 54.128868103027351 135.25000000000003 36.500000000000007 63.600000381469734
decision_type=2 2 2 2 2 2 2 2 2 2 2 2 2 2
left_child=1 2 -1 4 5 -2 7 -6 9 -9 -10 -8 -13 -14
right_child=3 -3 -4 -5 6 -7 11 8 10 -11 -12 12 13 -15
leaf_value=0.0062935790876966075 -0.0023891065216404758 0.004061972578340671 -0.00020056502286903326 0.00043462864187082613 0.0038215190595658911 0.0017235457660590406 -0.0010309689066654358 -0.01288704651056545 -0.0032535415369654391 -0.016577655039822715 -0.011482764363714544 0.0039979083566453917 -0.0082962899890916108 -0.023822315581485058
leaf_weight=4051 5654 11613 17696 44868 304 10101 5198 175 648 231 101 269 357 191
leaf_count=4051 5654 11613 17696 44868 304 10101 5198 175 648 231 101 269 357 191
internal_value=0.00027334 0.00100539 0.000369307 -8.53802e-05 -0.00087805 -5.23309e-05 -0.00261625 -0.0069469 -0.00924893 -0.0161538 -0.00534256 -0.00155602 -0.00654776 -0.0107706
internal_weight=101457 33360 21747 68097 23229 15755 7474 1459 1155 406 749 6015 817 548
internal_count=101457 33360 21747 68097 23229 15755 7474 1459 1155 406 749 6015 817 548
is_linear=0
shrinkage=0.05


Tree=106
num_leaves=15
num_cat=0
split_feature=45 36 1 47 26 40 31 33 41 11 51 53 56 53
split_gain=11.7586 9.09106 10.633 11.5835 10.7587 17.0524 10.0613 7.81186 12.0665 14.0232 9.51857 8.75174 9.70187 8.09109
threshold=-0.34263144433498377 18.94999980926514 85.099998474121108 6.5146427154541025 0.89964535832405101 993.04998779296886 2.1849123239517216 1.0000000180025095e-35 94.500000000000014 96.702083587646499 0.37940952181816107 0.53312596678733837 123.15000152587892 -0.70900321006774891
decision_type=2 2 2 2 2 2 2 2 2 2 2 2 2 2
left_child=1 2 -1 -4 -5 6 -6 -2 9 13 -10 12 -11 -9
right_child=7 -3 3 4 5 -7 -8 8 10 11 -12 -13 -14 -15
leaf_value=0.002736192505033215 0.0022909512035192911 -0.0010711319930640712 0.00051302498063231759 -0.0021066172982894104 0.001886377881024769 -0.022875704118696577 -0.0084253891704811294 0.0032762703897254056 -0.0059028227948765138 -0.025229581856473577 0.001815305466185072 -8.0263973459811011e-05 0.0030862694059591131 -0.00058767868461471139
leaf_weight=10187 27874 34264 7724 2063 220 107 96 8232 2770 186 1229 226 75 6130
leaf_count=10187 27874 34264 7724 2063 220 107 96 8232 2770 186 1229 226 75 6130
internal_value=0.000229947 -0.000267875 0.000567698 -0.000572407 -0.00353365 -0.0107044 -0.0045092 0.000812292 2.59839e-05 0.000682751 -0.00240833 -0.00757545 -0.0136347 0.000967854
internal_weight=101383 54661 20397 10210 2486 423 316 46722 18848 14849 3999 487 261 14362
internal_count=101383 54661 20397 10210 2486 423 316 46722 18848 14849 3999 487 261 14362
is_linear=0
shrinkage=0.05


Tree=107
num_leaves=15
num_cat=0
split_feature=17 35 10 56 56 26 23 45 16 4 23 39 24 33
split_gain=9.8602 10.0585 9.55936 12.8604 10.011 7.78745 7.33312 7.48384 8.58673 7.01127 7.88752 7.55561 8.74267 7.92435
threshold=-27.05000019073486 22.500000000000004 55.958333969116218 59.949998855590827 43.95000076293946 0.89488834142684948 0.2650000005960465 0.17435133457183841 28.550000190734867 30.550000190734867 0.51499998569488536 4.1499998569488534 12.500000000000002 18.750000000000004
decision_type=2 2 2 2 2 2 2 2 2 2 2 2 2 2
left_child=1 -1 4 5 9 -4 -5 -8 -9 -2 11 12 -11 -14
right_child=2 -3 3 6 -6 -7 7 8 -10 10 -12 -13 13 -15
leaf_value=0.0038764258153996529 0.0011284387416756385 -0.0020790139766596527 -0.0018739763121693816 0.0047426169281785287 0.0025780860927626433 -0.0054485924599257177 -0.0013916111919937205 -0.0041166487230252097 0.001465459444712605 0.00015613727940821275 0.00039441561354194572 -0.016725985899302808 -0.0031516695209807943 -0.011555033309388481
leaf_weight=12350 14070 2460 6895 2673 16484 2015 15779 899 10544 3801 8395 52 4728 100
leaf_count=12350 14070 2460 6895 2673 16484 2015 15779 899 10544 3801 8395 52 4728 100
internal_value=0.000205175 0.00139676 8.6779e-07 -0.000581605 0.000475441 -0.00224776 -8.44339e-05 -0.000330126 0.000643063 -5.19962e-05 -0.000732763 -0.00178863 -0.00166165 -0.00307152
internal_weight=101245 14810 86435 38805 47630 8910 29895 27222 11443 31146 17076 8681 8629 4828
internal_count=101245 14810 86435 38805 47630 8910 29895 27222 11443 31146 17076 8681 8629 4828
is_linear=0
shrinkage=0.05


Tree=108
num_leaves=15
num_cat=0
split_feature=31 44 0 56 46 23 34 7 0 57 44 24 16 33
split_gain=10.2274 11.1733 9.14259 10.3889 9.50382 7.96627 6.49434 7.18714 7.09413 8.34447 7.56672 9.74408 6.84517 9.04591
threshold=3.5981547832489018 5.756052017211915 42.45000076293946 33.850000381469734 76.850002288818374 1.4249999523162844 -1.8499999642372129 107.00000000000001 128.30000305175784 62.849998474121101 -1.6228886246681211 4.5000000000000009 76.700000762939467 1.0000000180025095e-35
decision_type=2 2 2 2 2 2 2 2 2 2 2 2 2 2
left_child=2 -2 4 5 -1 -4 7 12 9 -8 -10 -12 -5 -14
right_child=1 -3 3 6 -6 -7 8 -9 10 -11 11 -13 13 -15
leaf_value=0.0014885373850858467 0.0032007657039841244 -0.00069223557941159284 -0.0028080218904829755 -0.0035971117537173681 -0.017661348512814791 -0.02506566985568667 -0.00067396284504474366 0.0018123321780878694 0.00082180900886133588 0.0019203192767609082 -0.00081820115069320169 -0.0052364017052258125 0.0011844290398524474 -0.024090393576517419
leaf_weight=22455 18152 6931 3328 4531 54 64 16596 1387 3541 17907 3697 2147 158 222
leaf_count=22455 18152 6931 3328 4531 54 64 16596 1387 3541 17907 3697 2147 158 222
internal_value=0.000249061 0.00112442 -3.96203e-05 -0.000394864 0.000805764 -0.00306878 -0.000213563 -0.0017137 2.05039e-06 0.000333643 -0.00121607 -0.00231978 -0.00261024 -0.00897436
internal_weight=101170 25083 76087 53578 22509 3392 50186 6298 43888 34503 9385 5844 4911 380
internal_count=101170 25083 76087 53578 22509 3392 50186 6298 43888 34503 9385 5844 4911 380
is_linear=0
shrinkage=0.05


Tree=109
num_leaves=15
num_cat=0
split_feature=43 0 38 13 53 23 1 43 52 34 8 38 30 9
split_gain=9.79055 10.0328 9.97256 9.56184 11.3706 11.8658 10.4302 9.97964 11.133 18.0482 15.062 16.1444 13.0021 8.92408
threshold=25.02689361572266 24.150000572204593 8.1500000953674334 39.211904525756843 -0.77243989706039418 1.4249999523162844 66.250000000000014 67.500000000000014 -0.97113886475563038 -2.1499999761581416 63.000000000000007 22.650000572204593 357.50000000000006 44.750000000000007
decision_type=8 2 2 2 2 2 2 8 2 2 2 2 10 2
left_child=-1 2 -2 4 -3 -6 7 -5 9 12 -11 -12 -9 -13
right_child=1 3 -4 6 5 -7 -8 8 -10 10 11 13 -14 -15
leaf_value=0.0034319812502497278 -0.0017368680690358846 0.0018077582087815368 0.0053314222423820994 0.0043300137842478374 -0.002703192474739987 -0.021356631512173114 -0.00079668401011734878 -0.002326453433879268 0.00073250416095931882 0.0021073976278312653 -0.0030975164389027191 -0.0069627833713317086 -0.016562113942395686 -0.017225079820617249
leaf_weight=10193 1636 2645 6186 6705 8872 63 31574 130 30898 1764 478 50 175 114
leaf_count=10193 1636 2645 6186 6705 8872 63 31574 130 30898 1764 478 50 175 114
internal_value=0.00020361 3.94306e-05 0.00175051 -0.00012111 -0.00145384 -0.00230576 9.37441e-05 0.000626674 0.000274993 -0.00279125 -0.00131209 -0.00780675 -0.0140476 -0.0208621
internal_weight=101483 91290 7822 83468 11580 8935 71888 40314 33609 2711 2406 642 305 164
internal_count=101483 91290 7822 83468 11580 8935 71888 40314 33609 2711 2406 642 305 164
is_linear=0
shrinkage=0.05


Tree=110
num_leaves=15
num_cat=0
split_feature=44 31 51 46 26 36 11 33 7 34 26 44 53 53
split_gain=10.4316 12.9598 7.78189 10.3607 10.7021 7.94333 6.94913 7.72888 9.14095 6.56247 6.87932 9.86633 7.83382 7.67947
threshold=3.0393399000167851 2.1688172817230229 0.37940952181816107 1.0000000180025095e-35 0.64104178547859203 27.849999427795414 54.364582061767585 5.4500000476837167 49.45000076293946 -1.4499999880790708 0.86091959476470958 7.9225699901580819 0.90070003271102916 0.57605713605880748
decision_type=2 2 2 2 2 2 2 2 2 2 2 2 2 2
left_child=1 2 3 -1 6 -4 -5 -8 -9 -2 -11 12 13 -12
right_child=9 -3 5 4 -6 -7 7 8 -10 10 11 -13 -14 -15
leaf_value=0.00071439013642516508 -0.0027032904136433185 0.0030435730502802231 0.00034398798236416134 0.0028212627055479774 -0.0035814621616850244 0.0039750997604435963 -0.00040715448362689701 -0.020525598754775162 -0.0065016272966888864 0.00027848604189544853 0.00015189730750662394 -0.0074909787490056697 0.0014363454617393717 -0.0048451946962075401
leaf_weight=17484 4270 17851 15796 3561 9080 6794 2064 139 392 18297 1287 329 2085 1830
leaf_count=17484 4270 17851 15796 3561 9080 6794 2064 139 392 18297 1287 329 2085 1830
internal_value=0.00026163 0.000576116 0.000197939 -0.000294836 -0.00124754 0.000911505 0.000361661 -0.00160269 -0.00692237 -0.000557137 -0.000233241 -0.00177675 -0.00123561 -0.002819
internal_weight=101259 73161 55310 32720 15236 22590 6156 2595 531 28098 23828 5531 5202 3117
internal_count=101259 73161 55310 32720 15236 22590 6156 2595 531 28098 23828 5531 5202 3117
is_linear=0
shrinkage=0.05


Tree=111
num_leaves=15
num_cat=0
split_feature=47 26 48 40 38 0 37 55 43 25 26 19 13 27
split_gain=10.0132 12.8711 10.3655 10.1771 14.5226 12.3081 11.0559 10.6472 10.0297 9.53576 9.49897 9.18989 11.1249 13.4678
threshold=3.8595453500747685 0.89488834142684948 -2.1499999761581416 986.85000610351574 10.34999990463257 27.44999980926514 86.500000000000014 5.5000000000000009 432.50000000000006 8.8499999046325701 0.46584039926528936 77.65000152587892 53.920238494873054 13.750000000000002
decision_type=2 2 2 2 2 2 2 2 10 2 2 2 2 2
left_child=2 3 -1 4 7 -6 -7 -2 11 -8 -9 12 13 -3
right_child=1 8 -4 -5 5 6 9 10 -10 -11 -12 -13 -14 -15
leaf_value=0.010080534968594602 -0.0017850676035819483 -0.0074193259392794329 0.00089307191224534226 0.0017877769684848399 0.0041173497253015846 0.00023776741569723109 0.0043404909619611408 -0.013111060211519022 -0.0048030275154556041 -0.0042539426125630768 -0.0060663096095657197 -0.0027081780531360462 0.0071268467645437331 -0.0013998665866551542
leaf_weight=3046 5400 77 9734 21461 6468 35301 1235 186 2893 4985 711 4674 2624 2804
leaf_count=3046 5400 77 9734 21461 6468 35301 1235 186 2893 4985 711 4674 2624 2804
internal_value=0.000169719 -1.86311e-05 0.00147772 0.000231464 -0.000132975 0.000163441 -0.000152777 -0.00238862 -0.0014669 -0.0020947 -0.00740353 -0.000726764 0.000657298 -0.00148564
internal_weight=101599 88819 12780 75747 54286 47989 41521 6297 13072 6220 897 10179 5505 2881
internal_count=101599 88819 12780 75747 54286 47989 41521 6297 13072 6220 897 10179 5505 2881
is_linear=0
shrinkage=0.05


Tree=112
num_leaves=15
num_cat=0
split_feature=19 52 56 23 22 9 23 44 46 26 15 38 24 8
split_gain=10.3243 12.0958 11.3006 8.90109 8.65618 8.71663 8.69757 8.16587 13.8258 8.96871 7.98564 7.39447 10.2196 9.93187
threshold=64.599998474121108 0.82414472103118908 43.95000076293946 0.24499999731779101 2995.5000000000005 55.45000076293946 0.60500001907348644 0.41868765652179724 1.0000000180025095e-35 0.64265096187591564 118.40000152587892 21.150000572204593 4.5000000000000009 278.00000000000006
decision_type=2 2 2 2 2 2 2 2 2 2 2 2 2 2
left_child=2 3 -1 -2 5 6 -3 8 -5 10 -10 12 -9 -14
right_child=1 4 -4 7 -6 -7 -8 11 9 -11 -12 -13 13 -15
leaf_value=0.00035696814988302183 0.0038034828207160402 -0.0035914231186212997 0.0050567203128787097 0.0020059229148703599 -0.008623049724422625 0.0011042907953114705 0.00039247165759821224 0.00011249855899548643 0.0014157183718792139 -0.0030843070796173441 -0.0079586442651123756 0.0012689404082943125 -0.0026394051084768257 -0.016114504161140273
leaf_weight=22584 4364 3564 10770 19671 555 2502 1643 7876 6208 6121 956 4427 9830 80
leaf_count=22584 4364 3564 10770 19671 555 2502 1643 7876 6208 6121 956 4427 9830 80
internal_value=0.000202203 -0.000152123 0.000922252 9.6821e-05 -0.00194344 -0.00150343 -0.00266724 -7.53002e-05 0.000424073 -0.000821737 0.000379147 -0.000816046 -0.00127107 -0.00233871
internal_weight=101151 67797 33354 59533 8264 7709 5207 55169 32956 13285 7164 22213 17786 9910
internal_count=101151 67797 33354 59533 8264 7709 5207 55169 32956 13285 7164 22213 17786 9910
is_linear=0
shrinkage=0.05


Tree=113
num_leaves=15
num_cat=0
split_feature=47 0 13 9 24 47 43 0 38 24 43 44 12 50
split_gain=9.58672 10.2088 13.6832 10.677 10.7983 10.9116 10.5434 8.20852 7.66815 10.5286 8.39749 10.9206 8.22305 8.214
threshold=3.5057189464569096 61.600000381469734 58.51964187622071 42.649999618530281 7.5000000000000009 8.017914295196535 111.87500000000001 81.40000152587892 7.4500000476837167 24.500000000000004 2872.5000000000005 5.0214889049530038 54.178470611572273 0.91597560048103344
decision_type=2 2 2 2 2 2 8 2 2 2 8 2 2 2
left_child=-1 6 3 4 5 -3 -2 -4 9 -8 11 -11 -13 -10
right_child=1 2 7 -5 -6 -7 8 -9 13 10 -12 12 -14 -15
leaf_value=0.002815821760402795 0.0027462305136688649 -0.0070028388659278259 0.001944964799301045 -0.0014734050181323373 -0.0034693928829315243 -0.014206811316474664 -0.0007717519866444249 -0.00071511189353746108 0.00078903361756494424 -0.0054658442643097972 -0.0022745402588060966 -0.024115727575047704 -0.0033637548277826532 -0.0034927912488824501
leaf_weight=9200 16504 450 7981 6018 2510 139 3325 19430 30988 209 638 160 67 3553
leaf_count=9200 16504 450 7981 6018 2510 139 3325 19430 30988 209 638 160 67 3553
internal_value=0.000210117 5.60981e-05 -0.000592807 -0.00226964 -0.0046494 -0.0106928 0.000483644 -3.44625e-05 3.466e-05 -0.00192901 -0.00620849 -0.0114798 -0.0188397 0.000285231
internal_weight=101172 91972 36528 9117 3099 589 55444 27411 38940 4399 1074 436 227 34541
internal_count=101172 91972 36528 9117 3099 589 55444 27411 38940 4399 1074 436 227 34541
is_linear=0
shrinkage=0.05


Tree=114
num_leaves=15
num_cat=0
split_feature=35 47 50 5 14 1 32 19 14 37 20 43 12 16
split_gain=9.70494 9.51079 9.73281 8.85598 9.04803 7.2935 7.11735 8.13595 11.1384 9.47403 7.08535 6.25182 6.14713 8.75616
threshold=17.500000000000004 3.8204166889190678 0.91597560048103344 48.149999618530281 18.458755493164066 170.19999694824222 -0.56857311725616444 81.599998474121108 5.1023464202880868 30.500000000000004 112.64999771118165 92.500000000000014 219.55763244628909 122.70000076293947
decision_type=2 2 2 2 2 2 2 2 2 2 2 8 2 2
left_child=3 10 6 4 -1 -4 7 11 9 -9 12 -3 -2 -14
right_child=1 2 5 -5 -6 -7 -8 8 -10 -11 -12 -13 13 -15
leaf_value=0.00068876366780683501 0.0038674925401596724 0.0038107212851463236 -0.0025035054520886756 0.0021600068070968359 -0.0028738463012195439 -0.0088147241917455894 0.00071067994329823908 -0.017921425032415041 -0.0018494088823688484 -0.0058487397924647877 -0.0030650486207003014 -0.00078244867093162399 0.010199042035943805 -0.012375849271632634
leaf_weight=14363 5850 2982 6311 25038 2976 253 21892 51 10574 197 958 10029 64 60
leaf_count=14363 5850 2982 6311 25038 2976 253 21892 51 10574 197 958 10029 64 60
internal_value=0.000210023 -0.000203356 -0.000434138 0.000787624 -8.09843e-05 -0.00223304 -0.000175467 -0.000773183 -0.00178545 -0.0120543 0.00153558 6.95033e-05 0.0021758 -0.00843284
internal_weight=101598 59221 52289 42377 17339 6564 45725 23833 10822 248 6932 13011 5974 124
internal_count=101598 59221 52289 42377 17339 6564 45725 23833 10822 248 6932 13011 5974 124
is_linear=0
shrinkage=0.05


Tree=115
num_leaves=15
num_cat=0
split_feature=0 57 23 56 12 53 17 38 15 38 6 35 50 51
split_gain=8.80122 10.8731 10.3474 9.26356 8.71204 8.32345 7.49508 8.96679 9.02327 7.36971 7.27704 6.81719 11.3057 9.15488
threshold=33.45000076293946 45.049999237060554 0.27500000596046453 30.650000572204593 86.856250762939467 -0.11692317575216292 -51.450000762939446 25.050000190734867 118.40000152587892 9.9499998092651385 252.84999847412112 17.500000000000004 0.37940952181816107 -0.37940952181816096
decision_type=2 2 2 2 2 2 2 2 2 2 2 2 2 2
left_child=3 4 5 -1 -2 9 10 11 -9 -3 -4 -8 -13 -14
right_child=1 2 6 -5 -6 -7 7 8 -10 -11 -12 12 13 -15
leaf_value=0.0001777443782655035 -0.0012640356027985315 -0.018736206925455207 0.0040393888387579039 0.0045961966804490256 -0.0091296385610337566 0.0047411710999717728 0.00048409422949941379 0.0036400498676331544 -0.0050255305170455395 -5.8157050572183599e-05 -0.0057259316229542386 -5.663461442407456e-05 0.00053613522984232256 -0.0036356541006919104
leaf_weight=10217 19673 110 4440 9319 276 6713 17256 6593 672 239 62 15682 2600 7181
leaf_count=10217 19673 110 4440 9319 276 6713 17256 6593 672 239 62 15682 2600 7181
internal_value=0.000222826 -5.70485e-06 0.00032311 0.00117569 -0.00101984 0.00212245 8.9548e-05 -8.66102e-05 0.00153608 -0.00530641 0.00204122 -0.000362868 -0.000882699 -0.00221581
internal_weight=101033 81497 61548 19536 19949 7062 54486 49984 7265 349 4502 42719 25463 9781
internal_count=101033 81497 61548 19536 19949 7062 54486 49984 7265 349 4502 42719 25463 9781
is_linear=0
shrinkage=0.05


Tree=116
num_leaves=15
num_cat=0
split_feature=19 43 56 16 26 22 32 16 25 5 53 28 50 56
split_gain=8.95007 12.6251 9.72682 8.53797 8.8208 11.1133 10.1174 10.4983 10.1322 9.16461 8.19487 7.83946 7.84629 7.50422
threshold=79.049999237060561 77.500000000000014 12.150000095367433 33.000000000000007 0.76335415244102489 1233.5000000000002 -4.3009116649627677 49.049999237060554 57.45000076293946 94.200000762939467 -0.99273797869682301 49.500000000000007 -0.91597560048103321 20.650000572204593
decision_type=2 8 2 2 2 2 2 2 2 2 2 2 2 2
left_child=1 2 -1 -2 -5 -6 7 9 -8 -7 -3 12 13 -12
right_child=3 10 -4 4 5 6 8 -9 -10 -11 11 -13 -14 -15
leaf_value=-0.0035206050368297918 -0.0018039098435768239 0.0088869284073975294 0.0050717744231209101 0.00079737790399304204 -0.006811128582425577 -0.0022930603332161105 0.00056591683625515895 -0.0023454357049632634 -0.0063937721728983231 -0.023938527289374841 -0.0093217284974349956 -0.00076247426143331615 0.0021830459548898874 0.00029534418276444015
leaf_weight=127 13060 1281 11179 31701 1602 77 7862 528 325 94 507 20121 12204 867
leaf_count=127 13060 1281 11179 31701 1602 77 7862 528 325 94 507 20121 12204 867
internal_value=0.000234133 0.000746933 0.00219866 -0.000195534 0.000150359 -0.00110592 -0.000412545 -0.00614245 8.35673e-05 -0.016547 0.000277222 0.000127414 0.00105534 -0.00251445
internal_weight=101535 46286 11306 55249 42189 10488 8886 699 8187 171 34980 33699 13578 1374
internal_count=101535 46286 11306 55249 42189 10488 8886 699 8187 171 34980 33699 13578 1374
is_linear=0
shrinkage=0.05


Tree=117
num_leaves=15
num_cat=0
split_feature=47 48 26 16 40 1 51 1 23 16 8 20 50 46
split_gain=10.4603 12.2187 10.5827 10.1919 13.4471 9.65443 7.42216 8.17917 7.88588 7.33618 7.98666 10.4244 6.9842 6.65354
threshold=6.0020833015441903 -5.3500001430511466 0.75405275821685802 34.250000000000007 993.04998779296886 99.799999237060561 0.37940952181816107 261.25000000000006 0.78499999642372142 35.100000381469734 51.95000076293946 58.350000381469734 0.12940952181816109 64.350002288818374
decision_type=2 2 2 2 2 2 2 2 2 2 2 2 2 2
left_child=1 -1 -2 13 9 -6 7 -3 -9 10 -5 -12 -8 -4
right_child=2 6 3 4 5 -7 12 8 -10 -11 11 -13 -14 -15
leaf_value=0.0061723360090326458 6.4932242702429125e-05 2.2254366562029991e-05 -0.00062198640433483844 0.0041276027030655261 -0.0038125615431754919 -0.021059255297057104 0.0037898068515357999 -0.0078413302269342011 0.0018456221616223536 -0.003011744172278041 -0.038273522032523669 -0.0043239355963733805 -0.00013669119015176807 -0.015915500559700379
leaf_weight=6125 50855 22110 5202 52 71 122 8735 189 102 2123 76 56 5062 70
leaf_count=6125 50855 22110 5202 52 71 122 8735 189 102 2123 76 56 5062 70
internal_value=0.00021048 0.000809416 -0.000221959 -0.00193909 -0.00456175 -0.0169212 0.000459567 -0.000102405 -0.00828904 -0.00345921 -0.0127835 -0.0189437 0.00137141 -0.000689133
internal_weight=100950 42323 58627 7772 2500 193 36198 22401 291 2307 184 132 13797 5272
internal_count=100950 42323 58627 7772 2500 193 36198 22401 291 2307 184 132 13797 5272
is_linear=0
shrinkage=0.05


Tree=118
num_leaves=15
num_cat=0
split_feature=17 10 9 47 53 38 33 5 24 7 47 6 6 36
split_gain=9.38273 8.96181 10.6805 6.91204 6.70579 11.6087 6.7014 11.4776 9.57353 6.8544 6.76361 7.51363 6.55624 6.47379
threshold=-33.350000381469719 52.591665267944343 46.049999237060554 4.8787593841552743 0.68274390697479259 10.150000095367433 0.84999999403953563 64.40000152587892 13.500000000000002 94.200000762939467 5.5020833015441903 38.45000076293946 227.44999694824222 15.650000095367433
decision_type=2 2 2 2 2 2 2 2 2 2 2 2 2 2
left_child=12 3 4 -2 5 13 -7 8 10 -9 -8 -12 -1 -3
right_child=1 2 -4 -5 -6 6 7 9 -10 -11 11 -13 -14 -15
leaf_value=0.0031929995833625139 0.0032293687892059561 0.0087771190528148219 -3.366309301840995e-05 0.00041089569911095347 0.0043710764279697644 -0.0013432895730371205 0.0003657346801339189 -0.01153001802531942 0.0023774516549328246 0.0056275914112653294 0.0060254941079807183 -0.011957531934562032 -0.0049593825108844884 -0.011317830861447121
leaf_weight=11058 6473 70 34988 38570 709 6662 190 627 794 87 54 223 206 469
leaf_count=11058 6473 70 34988 38570 709 6662 190 627 794 87 54 223 206 469
internal_value=0.00023866 6.81673e-05 -0.000431901 0.000566333 -0.00188226 -0.00224472 -0.00179426 -0.00434509 -0.00145161 -0.00936464 -0.00705451 -0.011899 0.00159837 -0.00929872
internal_weight=101180 89916 44873 45043 9885 9176 8637 1975 1261 714 467 277 11264 539
internal_count=101180 89916 44873 45043 9885 9176 8637 1975 1261 714 467 277 11264 539
is_linear=0
shrinkage=0.05


Tree=119
num_leaves=15
num_cat=0
split_feature=47 48 25 51 28 48 32 53 4 37 36 37 4 41
split_gain=8.3533 14.3673 8.92131 9.03007 7.05868 13.6805 9.9519 9.57861 9.07501 8.29183 8.05779 10.3646 7.60576 7.57008
threshold=5.1951191425323495 -2.6499999761581416 69.799999237060561 0.37940952181816107 48.500000000000007 -0.74999999999999989 3.4458376169204716 0.57605713605880748 73.450000762939467 35.500000000000007 28.650000572204593 16.500000000000004 200.00000000000003 45.500000000000007
decision_type=2 2 2 2 2 2 2 2 2 2 2 2 2 2
left_child=1 -1 3 -3 9 7 12 8 13 10 11 -2 -7 -6
right_child=4 2 -4 -5 5 6 -8 -9 -10 -11 -12 -13 -14 -15
leaf_value=0.0058718473523645814 -0.017335228865207674 -0.00052678926426209414 -0.0066917057597682839 0.002722518254442325 -0.00069215103639182251 -0.00016541747433598581 0.0026568045939896656 0.00062227365617639069 -0.0057549006797782618 0.002777288013859144 0.00024177464782100335 -0.0035174889989147279 -0.0072309143255395482 -0.004887851469924983
leaf_weight=6718 52 13749 196 8687 6237 26491 7109 4546 2160 12001 6896 1307 462 4491
leaf_count=6718 52 13749 196 8687 6237 26491 7109 4546 2160 12001 6896 1307 462 4491
internal_value=0.00020235 0.000912807 0.000309602 0.000404527 -8.83474e-05 -0.000399371 0.000183729 -0.00153806 -0.00223368 0.000702161 -0.000517241 -0.00402118 -0.00025535 -0.00163531
internal_weight=101102 29350 22632 22436 71752 51496 34062 17434 12888 20256 8255 1359 26953 10728
internal_count=101102 29350 22632 22436 71752 51496 34062 17434 12888 20256 8255 1359 26953 10728
is_linear=0
shrinkage=0.05


Tree=120
num_leaves=15
num_cat=0
split_feature=44 0 53 10 0 53 6 32 10 46 13 40 24 53
split_gain=8.55209 11.402 13.3664 11.2458 10.9873 10.1871 9.05444 10.375 8.97286 8.74944 9.77412 10.7751 8.60669 10.9932
threshold=4.293407917022706 21.650000572204593 0.36447542905807501 96.341667175292983 128.30000305175784 -0.70900321006774891 80.000000000000014 2.8962152004241948 111.30833435058595 7.2500000000000009 50.395236968994148 976.54998779296886 15.500000000000002 -0.49812626838684076
decision_type=2 2 2 2 2 2 2 2 2 2 2 2 2 2
left_child=1 -1 3 5 -4 9 -5 8 -8 -3 -11 -12 -2 -14
right_child=12 2 4 6 -6 -7 7 -9 -10 10 11 -13 13 -15
leaf_value=0.006696018479502245 0.00010351560048977698 0.0021638537043845558 0.0042148543103248974 -0.00085592599668366019 -0.00017469423206238871 -0.00086906270735019923 -0.006900676716246632 -0.0021500953045584617 -0.019074401551573465 0.0032174865362455773 -0.0026255269133824209 -0.012696467959738712 -9.6928903146368352e-08 -0.003753159434430733
leaf_weight=4305 13542 16364 17220 1328 9718 26889 442 566 234 1320 1318 393 3610 4139
leaf_count=4305 13542 16364 17220 1328 9718 26889 442 566 234 1320 1318 393 3610 4139
internal_value=0.000200596 0.000437353 0.000294979 -0.000198101 0.00118896 -1.90088e-05 -0.00341085 -0.00646166 -0.0105977 0.000854161 -0.00160967 -0.00409355 -0.000689874 -0.00201766
internal_weight=101388 80097 75792 48854 26938 46284 2570 1242 676 19395 3031 1711 21291 7749
internal_count=101388 80097 75792 48854 26938 46284 2570 1242 676 19395 3031 1711 21291 7749
is_linear=0
shrinkage=0.05


Tree=121
num_leaves=15
num_cat=0
split_feature=47 0 50 37 41 52 0 43 36 56 26 53 22 38
split_gain=9.85771 8.1208 8.79024 9.43309 8.53706 9.30281 8.46847 9.98645 9.4422 9.21445 15.9738 8.20989 10.6878 7.90808
threshold=3.2151923179626469 21.650000572204593 0.91597560048103344 39.500000000000007 3.5000000000000004 -0.32614396512508387 70.200000762939467 272.50000000000006 33.149999618530281 52.100000381469734 0.89488834142684948 -0.99628248810768116 481.50000000000006 12.050000190734865
decision_type=2 2 2 2 2 2 2 8 2 2 2 2 2 2
left_child=-1 -2 3 13 -4 -6 7 -5 -9 10 -8 12 -11 -3
right_child=1 2 4 6 5 -7 9 8 -10 11 -12 -13 -14 -15
leaf_value=0.0030918289010506313 0.0041174549499443883 -0.0026227407672087481 0.00015826669006285704 0.0028286079125163818 -0.0068967541338881364 -0.0012642255117131325 -0.0010789019959074064 -0.00072384420209785914 0.0043330566949752241 -0.019551292378487437 -0.0087489191710633744 0.00015071538910134906 -0.009458128883886717 0.00041075308051471255
leaf_weight=6824 5476 7901 5250 19973 2131 3503 2014 15499 3674 80 583 22883 329 5349
leaf_count=6824 5476 7901 5250 19973 2131 3503 2014 15499 3674 80 583 22883 329 5349
internal_value=0.000202949 7.05194e-05 -4.43488e-05 0.000140814 -0.00137507 -0.00272502 0.000388577 0.000852488 3.72728e-05 -0.000312946 -0.00313195 2.57507e-06 -0.00693317 -0.00107466
internal_weight=101469 94645 89169 78285 10884 5634 65035 39146 19173 25889 2597 23292 409 13250
internal_count=101469 94645 89169 78285 10884 5634 65035 39146 19173 25889 2597 23292 409 13250
is_linear=0
shrinkage=0.05


Tree=122
num_leaves=15
num_cat=0
split_feature=17 4 33 43 24 26 43 20 53 18 0 23 53 33
split_gain=8.9591 7.90532 8.70582 11.2268 7.64653 11.7649 7.24014 7.99197 7.86975 16.1447 7.69585 9.82484 11.8877 14.4733
threshold=-59.149999618530266 102.54999923706056 1.0000000180025095e-35 452.50000000000006 10.500000000000002 0.92290568351745617 47.500000000000007 1.0000000180025095e-35 0.029024410061538223 22.250000000000004 21.050000190734867 0.50499999523162853 1.0000000180025095e-35 18.750000000000004
decision_type=2 2 2 10 2 2 8 2 2 2 2 2 2 2
left_child=-1 6 -3 4 -4 -6 7 -2 9 -9 -8 12 -12 -14
right_child=1 2 3 -5 5 -7 10 8 -10 -11 11 -13 13 -15
leaf_value=0.0046988483257447006 -0.0023544217314410238 -0.00067630605269658527 0.00027757584793967302 -0.019150237362653866 -0.0051840482821275237 -0.011476727426445281 0.0042468246363723382 0.0015391035072190641 0.0050983134321845895 -0.0084764911670561164 -0.0023830383728809836 0.00061201116465740997 0.00051154318998441171 -0.010560133661054799
leaf_weight=4527 102 12940 919 313 594 97 4569 4545 7656 559 13678 36401 14282 110
leaf_count=4527 102 12940 919 313 594 97 4569 4545 7656 559 13678 36401 14282 110
internal_value=0.000161497 5.96747e-05 -0.00100081 -0.00413088 -0.00240741 -0.00634094 0.000252222 0.0013409 0.00145654 -6.45286e-05 4.92399e-05 -9.14221e-05 -0.000794159 0.000208999
internal_weight=101292 96765 14863 1923 1610 691 81902 12862 12760 5104 69040 64471 28070 14392
internal_count=101292 96765 14863 1923 1610 691 81902 12862 12760 5104 69040 64471 28070 14392
is_linear=0
shrinkage=0.05


Tree=123
num_leaves=15
num_cat=0
split_feature=47 48 51 50 20 53 51 38 55 23 10 15 54 15
split_gain=8.97547 13.7019 9.77343 10.2134 8.63522 8.2795 8.95118 7.10813 8.29799 8.0001 7.1951 9.9908 17.7445 12.3271
threshold=7.4510867595672616 -8.3499999046325666 0.37940952181816107 0.12940952181816109 24.250000000000004 -0.95752304792404164 -0.6035533845424651 -1.0000000180025095e-35 3.5000000000000004 0.10500000044703485 52.875000000000007 92.099998474121108 7.5000000000000009 83.500000000000014
decision_type=2 2 2 2 2 2 2 2 2 2 2 2 2 2
left_child=1 -1 5 -4 -5 -3 -7 8 -2 -9 -11 12 -12 -14
right_child=7 2 3 4 -6 6 -8 9 -10 10 11 -13 13 -15
leaf_value=0.0072434615073762119 0.0059604721256255157 0.0034804309693089127 0.0032920287697672268 0.0028737454640696334 -0.0019307805252755763 0.0006094939379229662 -0.0015762736443388485 -0.005665562299499969 -0.0089081337400604404 0.000310087999073556 -0.0016145065592283404 -0.0002354147735329321 -0.0029470364293960674 -0.015232423736141351
leaf_weight=4552 119 2960 13605 3575 5579 17716 17080 174 251 21351 3498 9208 713 734
leaf_count=4552 119 2960 13605 3575 5579 17716 17080 174 251 21351 3498 9208 713 734
internal_value=0.000198517 0.000549119 0.000349856 0.00116804 -0.000123308 -0.000143515 -0.000359708 -0.0004343 -0.00723684 -0.000361746 -0.000307766 -0.0011816 -0.00299193 -0.00762869
internal_weight=101115 65067 60515 22759 9154 37756 34796 36048 370 35678 35504 14153 4945 1447
internal_count=101115 65067 60515 22759 9154 37756 34796 36048 370 35678 35504 14153 4945 1447
is_linear=0
shrinkage=0.05


Tree=124
num_leaves=15
num_cat=0
split_feature=49 47 26 19 57 47 40 40 36 23 37 44 22 40
split_gain=7.93996 7.9698 9.71485 9.59894 10.58 9.62021 14.118 9.51652 10.3685 10.1858 8.69989 8.24861 8.02006 7.53855
threshold=-1497.4999999999998 3.2151923179626469 0.75405275821685802 77.200000762939467 51.083332061767585 6.5613248348236093 993.04998779296886 986.85000610351574 27.849999427795414 0.28499999642372137 21.500000000000004 -3.5867660045623775 745.50000000000011 981.64999389648449
decision_type=8 2 2 2 2 2 2 2 2 2 2 2 2 2
left_child=-1 -2 7 4 -4 11 -7 8 10 -9 -3 -5 -13 -12
right_child=1 2 3 5 -6 6 -8 9 -10 -11 13 12 -14 -15
leaf_value=0.0041429638174194892 0.0025733911092034162 -0.021591234035679224 -0.0018660303500428418 0.0029121379057423127 0.0030152504806098676 -0.0042130406941381414 -0.020212124699357403 0.0063986676537836204 0.00065994131509266685 0.00075174998051004763 -0.0028096285507049215 -0.01385977840958233 -0.0021195692575176717 0.00015541236851932159
leaf_weight=3475 6834 50 7305 1471 5677 1069 101 4616 27890 16118 10263 213 6647 9541
leaf_count=3475 6834 50 7305 1471 5677 1069 101 4616 27890 16118 10263 213 6647 9541
internal_value=0.000187105 0.000103522 -2.0281e-05 -0.000921842 -3.77153e-05 -0.00212859 -0.00635593 0.000275815 -0.000112661 0.00116998 -0.000985703 -0.00152799 -0.00225619 -0.000927627
internal_weight=101270 97795 90961 22483 12982 9501 1170 68478 47744 20734 19854 8331 6860 19804
internal_count=101270 97795 90961 22483 12982 9501 1170 68478 47744 20734 19854 8331 6860 19804
is_linear=0
shrinkage=0.05


Tree=125
num_leaves=15
num_cat=0
split_feature=0 13 53 23 12 38 33 47 53 13 12 25 38 14
split_gain=8.26641 8.79345 10.6952 9.94032 8.81782 8.20037 7.96354 7.7202 21.8867 8.91837 12.8982 8.31511 7.32373 9.71737
threshold=25.750000000000004 42.051786422729499 -0.86974579095840443 0.18500000238418582 44.04930496215821 6.9500000476837167 22.349999427795414 11.530601978302004 0.94909128546714794 61.911605834960945 62.909027099609382 10.050000190734865 12.34999990463257 18.17956638336182
decision_type=2 2 2 2 2 2 2 2 2 2 2 2 2 2
left_child=5 2 -2 -3 -4 -1 12 -5 9 10 -9 -12 13 -6
right_child=1 3 4 7 6 -7 -8 8 -10 -11 11 -13 -14 -15
leaf_value=-0.0019715232995116574 0.0030499718521201837 0.0052699842273801973 -0.0014469023833052941 0.00035316769846554136 -0.011333531048587156 0.0040497018535968271 -0.018074764363602006 -0.0030917772671049384 -0.11133677116094949 0.0017425582091056772 0.0023159716293405424 -0.017243810126595614 -0.0017640895926195185 -0.0036989814590499531
leaf_weight=1446 2205 3200 11150 69306 225 8480 98 1956 56 1515 54 162 1137 238
leaf_count=1446 2205 3200 11150 69306 225 8480 98 1956 56 1515 54 162 1137 238
internal_value=0.000198443 4.93913e-05 -0.00105457 0.000267444 -0.00160678 0.00156804 -0.00495316 0.000147757 -0.00206102 -0.00154585 -0.00359303 -0.0149115 -0.00403727 -0.00927061
internal_weight=101228 91302 15053 76249 12848 9926 1698 73049 3743 3687 2172 216 1600 463
internal_count=101228 91302 15053 76249 12848 9926 1698 73049 3743 3687 2172 216 1600 463
is_linear=0
shrinkage=0.05


Tree=126
num_leaves=15
num_cat=0
split_feature=17 10 26 43 47 26 48 5 46 40 32 1 20 19
split_gain=8.67995 8.325 7.10594 7.04354 6.98729 10.2165 7.7571 6.9476 6.87693 6.06937 6.84554 5.93359 5.87686 5.87437
threshold=-59.149999618530266 56.56666564941407 0.30636122822761541 162.50000000000003 3.5057189464569096 0.70791533589363109 -0.74999999999999989 32.45000076293946 76.850002288818374 986.75000000000011 -6.466838836669921 117.90000152587892 114.04999923706056 59.049999237060554
decision_type=2 2 2 8 2 2 2 2 2 2 2 2 2 2
left_child=2 3 -1 -2 12 6 -6 9 -5 10 -8 -12 -3 -7
right_child=1 4 -4 8 5 13 7 -9 -10 -11 11 -13 -14 -15
leaf_value=-0.021287040296926282 0.0023811393663919472 0.0033127950928794809 0.0047774333218814826 0.00017269040855807407 -0.0017109296954240982 0.0042496648792992855 -0.015810201354870219 0.00095780711691280211 -0.015380463697994501 0.0036759895867029056 -0.0026738679155274901 -0.012106796259143161 -0.0023761559552902527 -0.0026793628229016785
leaf_weight=65 17367 4951 4484 34288 10048 902 81 17051 53 347 677 60 1205 9570
leaf_count=65 17367 4951 4484 34288 10048 902 81 17051 53 347 677 60 1205 9570
internal_value=0.000159106 5.84827e-05 0.00229107 0.000490932 -0.000439624 -0.000688329 -0.000193817 0.000421376 7.58349e-05 -0.00329787 -0.00562802 -0.00396921 0.00112391 -0.00202156
internal_weight=101149 96600 4549 51708 44892 38736 28264 18216 34341 1165 818 737 6156 10472
internal_count=101149 96600 4549 51708 44892 38736 28264 18216 34341 1165 818 737 6156 10472
is_linear=0
shrinkage=0.05


Tree=127
num_leaves=15
num_cat=0
split_feature=47 26 40 23 38 52 16 55 14 0 50 50 42 55
split_gain=7.43097 10.2135 8.80066 8.33198 8.142 9.29853 13.2069 10.7435 13.6894 8.75043 10.7085 7.0869 7.54657 7.06122
threshold=3.8955533504486088 0.78007271885871898 986.85000610351574 0.28499999642372137 9.4499998092651385 0.9970000982284547 12.949999809265138 5.5000000000000009 5.5526955127716073 30.94999980926514 1.0000000180025095e-35 -0.7865660786628722 3.7500000000000004 1.5000000000000002
decision_type=2 2 2 2 2 2 2 2 2 2 2 2 2 2
left_child=11 2 4 -4 5 7 -7 -2 -9 -6 -11 12 -1 -5
right_child=1 -3 3 13 9 6 -8 8 -10 10 -12 -13 -14 -15
leaf_value=-0.0034727311239945583 -0.00047917434229566492 -0.0014401643688625929 0.0055789298910487711 0.0034875821904550314 0.0024499255786674407 0.0052577895129652724 -0.011121017993402116 -0.022462284885723351 -0.0073879425103683463 0.00075115053315965013 -0.0016032528491335665 0.0030020826144701875 0.0020800083706155894 -0.00014226726261865568
leaf_weight=1642 3405 17525 4589 4553 9187 96 171 72 545 18687 17996 10406 1234 10937
leaf_count=1642 3405 17525 4589 4553 9187 96 171 72 545 18687 17996 10406 1234 10937
internal_value=0.000132849 -3.4008e-05 0.000235452 0.00111977 -0.000118699 -0.00219935 -0.011065 -0.00158482 -0.00759968 7.62861e-05 -0.000269397 0.00123458 -0.000959806 0.000564516
internal_weight=101045 87763 70238 20079 50159 4289 267 4022 617 45870 36683 13282 2876 15490
internal_count=101045 87763 70238 20079 50159 4289 267 4022 617 45870 36683 13282 2876 15490
is_linear=0
shrinkage=0.05


Tree=128
num_leaves=15
num_cat=0
split_feature=17 38 33 2 13 53 16 15 52 53 52 0 9 52
split_gain=8.63496 7.42374 10.2547 8.57813 11.2491 12.1016 12.4468 6.62141 11.7966 8.78668 6.46031 8.47527 6.95571 9.98093
threshold=-59.149999618530266 25.050000190734867 1.0000000180025095e-35 75.549999237060561 75.240776062011733 0.94909128546714794 30.550000190734867 91.40000152587892 -0.97509795427322377 -0.039769286289811127 0.72695311903953563 18.44999980926514 39.549999237060554 0.9970000982284547
decision_type=2 2 2 2 2 2 2 2 2 2 2 2 2 2
left_child=-1 2 3 4 5 10 -7 8 9 -5 -2 -12 13 -13
right_child=1 -3 -4 7 -6 6 -8 -9 -10 -11 11 12 -14 -15
leaf_value=0.0044328116153363522 0.001472816897823481 0.001659823945799947 -0.0012360080880454939 -0.029748288334526998 0.0056066119639578303 -0.0016783147369771494 -0.11523296863091825 -0.0003003942723218543 -0.0027244380062051818 -0.0016708772838237144 0.0054425169906437117 -0.0017069019422607263 0.0005039899296694478 -0.0069875646434419117
leaf_weight=4468 15634 12837 25742 78 6379 232 69 21844 1057 53 1624 5369 5401 430
leaf_count=4468 15634 12837 25742 78 6379 232 69 21844 1057 53 1624 5369 5401 430
internal_value=0.000173719 7.43602e-05 -9.69946e-05 0.000270712 0.000762206 0.000340471 -0.00946945 -0.000479125 -0.0040985 -0.017695 0.00044752 -0.000384136 -0.000874219 -0.00207523
internal_weight=101217 96749 83912 58170 35138 28759 301 23032 1188 131 28458 12824 11200 5799
internal_count=101217 96749 83912 58170 35138 28759 301 23032 1188 131 28458 12824 11200 5799
is_linear=0
shrinkage=0.05


Tree=129
num_leaves=15
num_cat=0
split_feature=31 44 50 38 46 33 55 32 46 45 19 47 21 36
split_gain=6.90796 10.0649 7.93326 8.38188 9.3923 7.83407 7.58924 7.34714 7.57155 7.06906 6.8777 6.70623 6.47452 6.40836
threshold=3.5981547832489018 6.5215797424316415 0.91597560048103344 3.7500000000000004 1.0000000180025095e-35 0.55000001192092907 4.5000000000000009 -0.31667239964008326 51.500000000000007 -6.8609786033630362 50.549999237060554 4.480476140975953 14.500000000000002 18.849999427795414
decision_type=2 2 2 2 2 2 2 2 2 2 2 2 2 2
left_child=2 5 3 4 -1 13 -7 8 10 -3 -5 12 -4 -2
right_child=1 9 11 7 -6 6 -8 -9 -10 -11 -12 -13 -14 -15
leaf_value=-0.0023471808007725224 0.0052635283912007341 -0.0056962936865866884 -0.0062236536930360643 0.0019903613773053267 -0.0062695703064577267 0.00088737513348307196 -0.0046240502405859229 0.0011593818530160574 -0.013696872632321284 -0.00016662518007704464 -0.00083750132929372428 -0.0028375582055385805 0.003544856526492494 0.0015097378874186812
leaf_weight=1217 7306 681 152 6289 103 1263 654 33368 66 4722 25804 7535 1715 10899
leaf_count=1217 7306 681 152 6289 103 1263 654 33368 66 4722 25804 7535 1715 10899
internal_value=0.000217323 0.000929117 -2.10465e-05 0.000170289 -0.0037594 0.00144347 -0.00159056 0.000250012 -0.000289253 -0.00098559 -0.000251845 -0.00138015 0.00129728 0.00176366
internal_weight=101774 25525 76249 66847 1320 20122 1917 65527 32159 5403 32093 9402 1867 18205
internal_count=101774 25525 76249 66847 1320 20122 1917 65527 32159 5403 32093 9402 1867 18205
is_linear=0
shrinkage=0.05


Tree=130
num_leaves=15
num_cat=0
split_feature=38 15 36 37 13 1 42 38 0 51 50 4 15 0
split_gain=8.2721 11.0687 10.8594 16.7591 12.4152 10.9899 12.4854 10.1459 12.4662 9.98993 8.04528 8.03551 7.97978 7.54672
threshold=25.050000190734867 147.85000610351565 18.849999427795414 87.500000000000014 177.41458892822268 182.75000000000003 5.5499999523162851 13.750000000000002 33.45000076293946 0.37940952181816107 1.0000000180025095e-35 8.9000000953674334 31.300000190734867 17.650000572204593
decision_type=2 2 2 2 2 2 2 2 2 2 2 2 2 2
left_child=2 9 5 4 7 6 -1 13 12 -2 -5 -8 -9 -4
right_child=1 -3 3 10 -6 -7 11 8 -10 -11 -12 -13 -14 -15
leaf_value=0.0043990075882429586 0.00055723438900367594 -0.020023695617434015 0.0040395649016848707 0.0014610969882566261 -0.028804543350792168 -0.0018000912365669669 -0.0024867897198914348 -0.006470338331561464 -3.9641752268944757e-05 0.004902276191404765 -0.0065978049714186596 0.00032553707820286311 0.0054436842133888455 -0.001605701461752174
leaf_weight=11722 7971 80 1392 896 122 3591 82 271 28934 4927 3352 14187 6104 17721
leaf_count=11722 7971 80 1392 896 122 3591 82 271 28934 4927 3352 14187 6104 17721
internal_value=0.000191492 0.00136973 1.83293e-05 -0.000374817 -0.000138945 0.000799541 0.00115784 -0.000101778 0.000400493 0.00149055 -0.00339596 0.000164227 0.00240016 -0.00102939
internal_weight=101352 12978 88374 58792 54544 29582 25991 54422 35309 12898 4248 14269 6375 19113
internal_count=101352 12978 88374 58792 54544 29582 25991 54422 35309 12898 4248 14269 6375 19113
is_linear=0
shrinkage=0.05


Tree=131
num_leaves=15
num_cat=0
split_feature=36 0 38 50 44 53 38 40 53 13 36 55 55 23
split_gain=7.77899 8.7939 9.10258 8.06584 7.50185 13.444 9.58824 8.81795 8.1197 9.68771 10.7893 14.2321 9.94448 7.95948
threshold=10.650000095367433 33.45000076293946 11.050000190734865 0.91597560048103344 0.14571669697761538 0.36447542905807501 21.150000572204593 973.95001220703136 0.011826144531369211 154.54702758789065 22.550000190734867 2.5000000000000004 2.5000000000000004 1.185000002384186
decision_type=2 2 2 2 2 2 2 2 2 2 2 2 2 2
left_child=-1 2 -2 4 5 7 8 -3 -6 -10 12 -12 -11 -9
right_child=1 3 -4 -5 6 -7 -8 13 9 10 11 -13 -14 -15
leaf_value=0.0022290093670431547 -0.00089681569494026768 0.0029015115765863341 0.0030479830927744233 -0.0027259920704566405 -0.0029333887648155992 0.0029884466807529532 0.0019736166196630419 -0.00039121976759287299 -0.00027395584256198176 0.0010494152779042614 -0.035727405566752704 -0.0017300322188494831 -0.0071621675290325683 -0.0045239601518298886
leaf_weight=8264 5550 4766 13837 7098 5715 10240 5555 20122 16827 770 69 77 662 1728
leaf_count=8264 5550 4766 13837 7098 5715 10240 5555 20122 16827 770 69 77 662 1728
internal_value=0.000164873 3.41842e-05 0.000981337 -0.000215307 -4.42582e-05 0.000432106 -0.000635843 -0.000160369 -0.00106714 -0.000555254 -0.00428841 -0.0167949 -0.00290569 -0.000585544
internal_weight=101280 93016 19387 73629 66531 36856 29675 26616 24120 18405 1578 146 1432 21850
internal_count=101280 93016 19387 73629 66531 36856 29675 26616 24120 18405 1578 146 1432 21850
is_linear=0
shrinkage=0.05


Tree=132
num_leaves=15
num_cat=0
split_feature=36 21 23 20 38 0 24 16 41 52 5 55 37 9
split_gain=6.82005 9.23442 8.73336 8.52323 7.74325 9.46485 9.45308 10.9033 8.46678 11.6453 8.12545 7.61237 7.24398 7.08557
threshold=15.650000095367433 1.0000000180025095e-35 0.35500000417232519 3.1499999761581425 10.750000000000002 22.650000572204593 28.500000000000004 25.750000000000004 99.500000000000014 -0.099819734692573533 47.049999237060554 3.5000000000000004 49.500000000000007 60.649999618530281
decision_type=2 2 2 2 2 2 2 2 2 2 2 2 2 2
left_child=2 -2 3 -1 6 -6 -3 -8 -7 -10 11 -9 -4 -14
right_child=1 4 12 -5 5 8 7 10 9 -11 -12 -13 13 -15
leaf_value=-0.00293873569262907 -0.003106766362899568 -0.00049893184514074828 -0.0048242823864852813 0.0050100726632430525 0.0058031812861936913 0.0004446810302864128 -0.0020400177904878209 -0.0040046557027759513 -0.0057013079844929144 0.0010391655106042853 -0.0051113608690910974 -0.014824449701155857 0.0053466875889239531 -0.00024336216591329583
leaf_weight=105 1859 11139 93 6802 4150 53771 1967 214 3665 3662 381 130 2524 10874
leaf_count=105 1859 11139 93 6802 4150 53771 1967 214 3665 3662 381 130 2524 10874
internal_value=0.000172479 -3.34781e-05 0.000989318 0.00243386 4.86163e-05 0.000276441 -0.00102558 -0.00367876 0.000119297 -0.00147404 -0.00887755 -0.0143503 0.0002485 0.000349791
internal_weight=101336 80938 20398 6907 79079 65248 13831 2692 61098 7327 725 344 13491 13398
internal_count=101336 80938 20398 6907 79079 65248 13831 2692 61098 7327 725 344 13491 13398
is_linear=0
shrinkage=0.05


Tree=133
num_leaves=15
num_cat=0
split_feature=35 33 50 51 20 50 50 51 47 38 31 6 41 53
split_gain=7.71231 7.08996 6.40604 15.9007 12.6567 6.19187 5.72019 8.63058 5.68435 5.46677 5.41613 5.37696 7.70602 6.30086
threshold=18.500000000000004 1.0000000180025095e-35 0.60355338454246532 0.12940952181816107 45.049999237060554 -1.0000000180025095e-35 -0.6035533845424651 0.12940952181816107 4.7510869503021249 18.44999980926514 1.2289757132530215 81.40000152587892 96.500000000000014 0.33222858607769018
decision_type=2 2 2 2 2 2 2 2 2 2 2 2 2 2
left_child=1 6 3 -2 8 -5 7 9 -4 -1 -8 12 -3 -13
right_child=2 11 4 5 -6 -7 10 -9 -10 -11 -12 13 -14 -15
leaf_value=-0.0027856049343640207 -0.0013023495567924402 0.0010240770073464177 0.0033001405000595641 0.0031307687280296525 -0.0040530111805550332 -1.4024041636042799e-05 0.0010158452260765572 0.0021586454625560896 -0.00099505500146522194 0.0025916924298920911 0.004216964672361545 -0.0050538709712703326 -0.0027507322144436196 0.00032778993001603162
leaf_weight=4332 18995 12640 1925 10477 3196 6305 11116 4065 9465 1040 11618 1365 3326 1322
leaf_count=4332 18995 12640 1925 10477 3196 6305 11116 4065 9465 1040 11618 1365 3326 1322
internal_value=0.000175746 0.000610222 -0.00026274 9.73819e-05 -0.00114552 0.00121844 0.00105979 2.48758e-05 -0.000364035 -0.00128948 0.00148918 -0.0001653 0.0001834 -0.00223026
internal_weight=101187 50824 50363 35777 14586 16782 32171 9437 11390 5372 22734 18653 15966 2687
internal_count=101187 50824 50363 35777 14586 16782 32171 9437 11390 5372 22734 18653 15966 2687
is_linear=0
shrinkage=0.05


Tree=134
num_leaves=15
num_cat=0
split_feature=17 49 18 16 4 44 54 53 40 7 46 16 0 13
split_gain=7.09942 6.54586 6.30717 9.27285 6.8022 7.20944 7.8319 7.65362 10.5746 6.5904 6.51999 15.6657 6.22012 8.90187
threshold=-31.650000572204586 -332.49999999999994 -22.150000572204586 4.3000000715255746 73.450000762939467 0.37468813359737402 3.5000000000000004 0.36447542905807501 984.04998779296886 52.649999618530281 60.899999618530281 13.34999990463257 18.44999980926514 39.211904525756843
decision_type=2 10 2 2 2 2 2 2 2 2 2 2 2 2
left_child=1 -1 3 -2 10 7 -7 8 -6 -10 12 -12 -4 -14
right_child=2 -3 4 -5 5 6 -8 -9 9 -11 11 -13 13 -15
leaf_value=0.005151806193111591 -0.0054065730492793285 0.00027383368081855634 0.0056962255223919171 0.0015973209867707876 -0.00095953808552959709 -4.4343935795800786e-05 -0.0037214690460193201 0.0013610048634806705 0.00013842460336361883 -0.0076979639729517994 0.0045945793560190889 -0.014673001132278988 -0.0013984101477058208 0.00052100078594392917
leaf_weight=5848 64 6401 2402 13314 3569 2785 4909 6647 159 380 73 53 13037 41554
leaf_count=5848 64 6401 2402 13314 3569 2785 4909 6647 159 380 73 53 13037 41554
internal_value=0.000188973 0.00131699 3.34999e-05 0.00103376 -0.000143692 -0.000978113 -0.00214564 -0.000141663 -0.00183584 -0.0082969 0.000125943 -0.0108088 0.00015201 4.22155e-05
internal_weight=101195 12249 88946 13378 75568 18449 7694 10755 4108 539 57119 126 56993 54591
internal_count=101195 12249 88946 13378 75568 18449 7694 10755 4108 539 57119 126 56993 54591
is_linear=0
shrinkage=0.05


Tree=135
num_leaves=15
num_cat=0
split_feature=57 50 19 43 52 44 15 15 52 14 12 57 14 46
split_gain=6.84937 13.0096 8.58409 11.5372 8.28422 8.71803 9.27361 16.0805 8.90515 8.28753 8.20377 9.4851 6.76965 6.37468
threshold=26.750000000000004 -0.91597560048103321 77.200000762939467 47.500000000000007 -0.71504372358322132 -4.9002680778503409 70.90000152587892 82.299999237060561 -0.97876849770545948 18.578952789306644 59.219444274902351 48.383333206176765 4.444894790649415 1.0000000180025095e-35
decision_type=2 2 2 8 2 2 2 2 2 2 2 2 2 2
left_child=1 13 3 -2 5 6 -5 10 9 -9 11 -8 -4 -1
right_child=2 -3 12 4 -6 -7 7 8 -10 -11 -12 -13 -14 -15
leaf_value=-0.0090454471116437115 0.0059071265203207296 -0.00036982749950719487 -0.0044584710619631884 -0.00077815536390439207 0.0015141165515905489 0.00035721656712738069 -0.011962780589638436 0.0042849210003771633 0.0034408537850368365 -0.010611097771084113 -0.044637881263747861 -0.0035704182856040921 -5.0756572146939357e-05 0.0017400819427827894
leaf_weight=1088 6122 5903 485 1516 23669 5882 243 56 483 90 67 246 55275 307
leaf_count=1088 6122 5903 485 1516 23669 5882 243 56 483 90 67 246 55275 307
internal_value=0.000193806 -0.00128079 0.000308251 0.000883702 0.000505548 -0.000824508 -0.00317042 -0.00646443 -0.000946792 -0.0113462 -0.0125795 -0.00992986 -8.78607e-05 -0.00560498
internal_weight=101432 7298 94134 38374 32252 8583 2701 1185 629 146 556 489 55760 1395
internal_count=101432 7298 94134 38374 32252 8583 2701 1185 629 146 556 489 55760 1395
is_linear=0
shrinkage=0.05


Tree=136
num_leaves=15
num_cat=0
split_feature=47 26 37 53 19 12 32 55 20 39 23 50 28 32
split_gain=7.90754 9.0056 7.29655 10.1571 7.37084 9.12084 12.3604 9.47197 7.27424 7.24893 6.68051 7.70466 9.27121 8.37739
threshold=3.6651086807250981 0.89488834142684948 78.500000000000014 0.9974811077117921 77.65000152587892 115.35277557373048 -3.6319721937179561 2.5000000000000004 114.04999923706056 2.7500000000000004 0.2650000005960465 0.12940952181816109 47.500000000000007 -1.0567265152931211
decision_type=2 2 2 2 2 2 2 2 2 2 2 2 2 2
left_child=8 10 3 4 -3 6 7 -6 -1 -4 -2 13 -13 -12
right_child=1 2 9 -5 5 -7 -8 -9 -10 -11 11 12 -14 -15
leaf_value=0.0029786951202278155 0.002429589705955356 -0.00075032955339900294 0.00079276300279544653 -0.017438773402651053 -0.019056402189019529 -0.00015610809576167676 -0.0036684732444985423 -0.0040382564024742645 -0.0021089794515551496 -0.011870931519768597 -0.0004104392862807784 0.0012651741736140944 -0.0014632714946988768 0.0018831149771573038
leaf_weight=9304 9556 4492 5629 97 182 1289 1976 191 1481 192 15677 9926 21724 19617
leaf_count=9304 9556 4492 5629 97 182 1289 1976 191 1481 192 15677 9926 21724 19617
internal_value=0.000159015 6.51535e-06 -0.00115664 -0.00211424 -0.00191032 -0.00358004 -0.00542815 -0.0136684 0.00143817 0.000198079 0.000220233 4.36122e-05 -0.000522741 0.000551496
internal_weight=101333 90548 14048 8227 8130 3638 2349 373 10785 5821 76500 66944 31650 35294
internal_count=101333 90548 14048 8227 8130 3638 2349 373 10785 5821 76500 66944 31650 35294
is_linear=0
shrinkage=0.05


Tree=137
num_leaves=15
num_cat=0
split_feature=44 53 11 33 1 33 46 40 19 26 33 13 49 16
split_gain=7.14737 9.39657 15.0993 21.1847 13.0893 11.9131 10.7356 7.42141 7.46995 7.73816 9.88572 16.2921 9.46545 9.66943
threshold=2.8684053421020512 0.36447542905807501 96.702083587646499 1.0000000180025095e-35 141.80000305175784 0.35000000894069677 11.150000095367433 973.95001220703136 62.300001144409187 0.6587362289428712 1.5500000119209292 70.686309814453139 17.500000000000004 28.849999427795414
decision_type=2 2 2 2 2 2 2 2 2 2 2 2 8 2
left_child=1 2 7 -4 -3 -6 -5 -1 -9 -10 12 -12 13 -11
right_child=-2 4 3 6 5 -7 -8 8 9 10 11 -13 -14 -15
leaf_value=0.0029653724455255721 -0.00061163582811895342 0.0040962262973272276 0.0013294197322417788 -0.020891174038180645 -0.00020811185871496838 -0.0087707455207596749 0.0018387342403288921 0.00116157778833547 0.00012061894623484086 -0.0060475425304922364 -0.0041943758226253248 -0.01668101447030633 0.0007846521700896102 -0.0012963667012050085
leaf_weight=6851 29452 16439 521 332 6507 184 85 17464 14224 933 2087 129 3934 2462
leaf_count=6851 29452 16439 521 332 6507 184 85 17464 14224 933 2087 129 3934 2462
internal_value=0.000191608 0.000459522 6.75071e-05 -0.00618143 0.00128997 -0.000573795 -0.0144379 0.000190668 -6.26771e-05 -0.00063943 -0.00173993 -0.00465858 -0.000852296 -0.00278267
internal_weight=101604 72152 49022 938 23130 6691 417 48084 41233 23769 9545 2216 7329 3395
internal_count=101604 72152 49022 938 23130 6691 417 48084 41233 23769 9545 2216 7329 3395
is_linear=0
shrinkage=0.05


Tree=138
num_leaves=15
num_cat=0
split_feature=17 4 57 57 10 47 24 13 26 46 43 40 47 23
split_gain=7.54409 6.79105 9.99534 7.72735 6.57277 7.88166 13.6419 6.95308 6.74786 6.6095 6.41674 6.21036 6.17428 6.14746
threshold=-62.450000762939446 111.90000152587892 91.883335113525405 126.93333435058595 56.56666564941407 12.379473686218263 2.5000000000000004 66.428276062011733 0.76335415244102489 76.850002288818374 947.50000000000011 991.14999389648449 4.3510868549346933 0.085000000894069686
decision_type=2 2 2 2 2 2 2 2 2 2 10 2 2 2
left_child=-1 2 4 -3 9 7 -7 -6 -9 11 -4 12 -2 -14
right_child=1 3 10 -5 5 6 -8 8 -10 -11 -12 -13 13 -15
leaf_value=0.0043072266097617792 0.0028548752810749196 -0.0030960336315516736 0.0032006813391994788 1.3276671613762496e-05 -0.0013777946407715442 -0.093659874386577871 -0.0037694966169283489 0.0019952886009976336 -0.0021390450117348583 -0.011334093192559923 -0.022787280712327065 0.0053329530778117532 -0.0033584319776785044 0.00015352051129891221
leaf_weight=4074 4469 5328 8736 7374 14389 91 697 6886 2887 60 156 2407 219 43557
leaf_count=4074 4469 5328 8736 7374 14389 91 697 6886 2887 60 156 2407 219 43557
internal_value=0.000140123 5.1714e-05 0.000213684 -0.0010258 2.72229e-05 -0.000637019 -0.00552632 -0.000475343 0.000553511 0.000354087 0.00179847 0.000375232 0.000251269 7.03423e-05
internal_weight=101330 97256 84554 12702 75662 24950 788 24162 9773 50712 8892 50652 48245 43776
internal_count=101330 97256 84554 12702 75662 24950 788 24162 9773 50712 8892 50652 48245 43776
is_linear=0
shrinkage=0.05


Tree=139
num_leaves=15
num_cat=0
split_feature=1 47 26 24 38 49 33 37 34 52 52 38 56 47
split_gain=7.12131 10.2694 8.47404 8.79659 13.6744 10.9656 7.82964 7.81155 7.32795 13.223 10.6016 9.68874 8.59531 7.33403
threshold=182.75000000000003 4.0404546260833749 0.78845849633216869 46.500000000000007 10.050000190734865 72.500000000000014 0.55000001192092907 65.500000000000014 -1.8499999642372129 -0.98214942216873158 -0.98523971438407887 21.550000190734867 12.150000095367433 8.017914295196535
decision_type=2 2 2 2 2 8 2 2 2 2 2 2 2 2
left_child=1 7 3 8 5 -5 -2 -1 9 10 11 -3 -11 -10
right_child=6 2 -4 4 -6 -7 -8 -9 13 12 -12 -13 -14 -15
leaf_value=6.1558658548274273e-06 -0.0014834276266013468 0.00054104716811887007 -0.0013779938233710693 -0.0096974805142002966 -0.00031999463105551377 -0.0021913084428381449 -0.013262481564892787 0.0044895899071531629 0.0020359791009177913 -0.0069949402385710568 -0.026822929786549789 -0.013145700031765668 4.4611874261033589e-06 -4.1731707848811674e-05
leaf_weight=5115 4030 298 15657 436 17450 1076 81 7848 27499 76 70 241 5783 15652
leaf_count=5115 4030 298 15657 436 17450 1076 81 7848 27499 76 70 241 5783 15652
internal_value=0.000120014 0.000206304 4.62938e-06 0.000244274 -0.000671516 -0.00521682 -0.0019158 0.00151584 0.00059431 -0.000974066 -0.00792407 -0.00529144 -0.000239393 0.000829569
internal_weight=101312 97201 84238 68581 18962 1512 4111 12963 49619 6468 609 539 5859 43151
internal_count=101312 97201 84238 68581 18962 1512 4111 12963 49619 6468 609 539 5859 43151
is_linear=0
shrinkage=0.05


Tree=140
num_leaves=15
num_cat=0
split_feature=35 50 43 49 37 30 20 0 56 2 47 14 4 36
split_gain=7.20256 6.34168 7.75522 6.87383 6.49454 6.81047 6.10625 5.86299 8.02034 5.65314 5.65515 5.53621 5.26537 5.16649
threshold=18.500000000000004 0.78656607866287243 342.50000000000006 52.500000000000007 28.500000000000004 1172.5000000000002 98.750000000000014 22.650000572204593 38.95000076293946 173.94999694824222 7.9510867595672616 8.8137202262878436 32.750000000000007 13.050000190734865
decision_type=2 2 8 8 2 10 2 2 2 2 2 2 2 2
left_child=7 2 -2 4 11 -6 -3 -1 12 10 13 -4 -9 -10
right_child=1 6 3 -5 5 -7 -8 8 9 -11 -12 -13 -14 -15
leaf_value=0.0052933810945929513 0.00092733752334048084 -0.0013796085652829975 -0.0095881742235735673 -0.00012743143357685818 -0.0042500642941287877 0.00033427123237373503 -0.0067517436937611476 0.00031822546045430673 0.0056119607178353979 -0.0013311184909732356 -0.0002091493623301025 -0.0034992491440769486 -0.0018050484735836194 0.0015110216343777951
leaf_weight=3347 20542 10112 185 13605 2293 2713 425 6363 4227 2504 8755 602 5407 20194
leaf_count=3347 20542 10112 185 13605 2293 2713 425 6363 4227 2504 8755 602 5407 20194
internal_value=0.000132499 -0.000290471 -2.50294e-06 -0.000719291 -0.00216009 -0.00148923 -0.00138096 0.000552778 0.000409819 0.000783133 0.000956126 -0.00635508 -0.000721562 0.00134685
internal_weight=101274 50477 39940 19398 5793 5006 10537 50797 47450 35680 33176 787 11770 24421
internal_count=101274 50477 39940 19398 5793 5006 10537 50797 47450 35680 33176 787 11770 24421
is_linear=0
shrinkage=0.05


Tree=141
num_leaves=15
num_cat=0
split_feature=47 48 52 14 33 36 46 36 24 52 52 52 52 56
split_gain=7.15254 9.80687 9.39813 12.8806 9.84688 11.8121 8.66024 8.12738 7.8623 7.79862 15.6274 8.18949 8.25759 7.70032
threshold=7.4510867595672616 -7.9500000476837149 0.66527691483497631 14.334474086761476 21.650000572204593 20.150000572204593 1.0000000180025095e-35 26.44999980926514 46.500000000000007 -0.12546116113662717 -0.2603763341903686 -0.98214942216873158 -0.99467751383781422 57.649999618530281
decision_type=2 2 2 2 2 2 2 2 2 2 2 2 2 2
left_child=1 -1 3 -3 8 -6 13 9 -4 10 11 12 -8 -5
right_child=-2 2 4 6 5 -7 7 -9 -10 -11 -12 -13 -14 -15
leaf_value=0.0052246033643401487 -0.00056857498701835449 0.0026414602006459729 -0.00017484423256650708 -0.0017738757371790264 -0.00034552924323592632 -0.010857440887461446 0.016979521655688775 -0.00039113646370134695 -0.0035108405891334689 -0.0012738736612517552 -0.022504599584828727 -0.0022085069814849483 -0.010333336616097361 0.0011266535164419862
leaf_weight=5190 36161 16782 8715 5514 83 52 56 3704 2541 996 135 650 202 20364
leaf_count=5190 36161 16782 8715 5514 83 52 56 3704 2541 996 135 650 202 20364
internal_value=0.000142109 0.000455735 0.000274564 0.000578667 -0.00101702 -0.0139655 -1.5649e-05 -0.00177038 -0.000849458 -0.00429722 -0.0072982 -0.00480392 -0.0121642 0.000374305
internal_weight=101145 64984 59794 48403 11391 135 31621 5743 11256 2039 1043 908 258 25878
internal_count=101145 64984 59794 48403 11391 135 31621 5743 11256 2039 1043 908 258 25878
is_linear=0
shrinkage=0.05


Tree=142
num_leaves=15
num_cat=0
split_feature=0 13 31 14 1 37 40 44 43 13 36 14 1 13
split_gain=7.9223 8.63474 9.45754 8.76944 16.6658 8.00312 7.03644 9.15962 7.43905 9.08659 6.85601 6.81881 6.56332 6.51493
threshold=21.050000190734867 42.295238494873054 3.634356021881104 6.8218891620635995 58.500000000000007 38.500000000000007 973.95001220703136 -15.535802364349363 367.50000000000006 53.718750000000007 17.44999980926514 4.444894790649415 128.75000000000003 156.37261962890628
decision_type=2 2 2 2 2 2 2 2 10 2 2 2 2 2
left_child=-1 -2 6 4 5 11 -3 8 -8 -10 -5 -4 13 -12
right_child=1 2 3 10 -6 -7 7 -9 9 -11 12 -13 -14 -15
leaf_value=0.003547023912208261 -0.0011531646338608134 0.0024923317349512413 -0.013865911252636549 0.004194476518037598 -0.084376387071929057 0.0011546899880275914 -0.00074266628401193843 -0.00019255373964718981 -0.016355267047060962 -0.0026328237727486058 0.0014542351649335147 -0.0016207932022222989 -0.0042686582904529705 -0.021335206310234819
leaf_weight=5186 18224 6467 73 6646 94 940 369 52935 176 153 9331 141 402 98
leaf_count=5186 18224 6467 73 6646 94 940 369 52935 176 153 9331 141 402 98
internal_value=0.000134575 3.16995e-05 0.000261129 0.00127573 -0.0027504 -0.00101375 -3.8263e-05 -0.000226218 -0.00587571 -0.0112242 0.00158216 -0.00950893 0.000742303 0.00101123
internal_weight=101235 96049 77825 17725 1248 1154 60100 53633 698 329 16477 214 9831 9429
internal_count=101235 96049 77825 17725 1248 1154 60100 53633 698 329 16477 214 9831 9429
is_linear=0
shrinkage=0.05


Tree=143
num_leaves=15
num_cat=0
split_feature=47 19 16 36 14 56 13 46 33 16 29 33 22 46
split_gain=7.15649 7.42347 11.1961 9.44917 7.26302 9.04616 10.3406 8.46297 8.44768 8.21381 7.02949 7.00592 8.63321 8.47472
threshold=6.0269696712493905 220.50000000000003 47.549999237060554 12.250000000000002 16.007388114929203 58.049999237060554 158.95951843261722 0.15000000223517421 1.0000000180025095e-35 107.70000076293947 4.7500000000000009 2.5499999523162846 1620.5000000000002 1.5500000119209292
decision_type=2 2 2 2 2 2 2 2 2 2 2 2 2 2
left_child=1 3 -3 -1 -5 6 -6 9 -9 -7 11 12 -2 -13
right_child=10 2 -4 4 5 7 -8 8 -10 -11 -12 13 -14 -15
leaf_value=0.0048329194308887038 5.5125470246975519e-05 -0.0077107779877973338 -0.00033323284759214679 0.0021384997969007623 -0.0018774214084614803 0.0021584752475602115 -0.02999634717256569 -0.012495516491605298 0.0003032802650051462 -0.004711973383493006 0.00013560454684623545 -0.0087400239534845114 -0.0041099891530611233 -0.00083860329034954762
leaf_weight=5393 6578 511 3781 14708 5829 10841 79 530 859 309 48673 704 2142 596
leaf_count=5393 6578 511 3781 14708 5829 10841 79 530 859 309 48673 704 2142 596
internal_value=0.000203018 0.000694283 -0.00127615 0.000913948 0.000597769 -6.31195e-05 -0.00167455 0.000696868 -0.00296998 0.00115591 -0.000155614 -0.00136092 -0.000847652 -0.00477099
internal_weight=101533 42840 4292 38548 33155 18447 5908 12539 1389 11150 58693 10020 8720 1300
internal_count=101533 42840 4292 38548 33155 18447 5908 12539 1389 11150 58693 10020 8720 1300
is_linear=0
shrinkage=0.05


Tree=144
num_leaves=15
num_cat=0
split_feature=35 51 17 50 2 40 47 53 8 33 14 50 52 38
split_gain=6.93089 9.66432 8.52572 8.29548 6.85725 7.57874 6.35559 12.0952 6.75629 5.42476 6.63728 5.35645 5.98435 5.34385
threshold=20.500000000000004 0.37940952181816107 -31.650000572204586 -1.0000000180025095e-35 118.40000152587892 991.25000000000011 7.6697826385498056 0.94909128546714794 57.45000076293946 23.300000190734867 18.887859344482425 0.12940952181816109 0.056951373815536506 13.750000000000002
decision_type=2 2 2 2 2 2 2 2 2 2 2 2 2 2
left_child=2 -2 -1 -3 5 6 9 11 -9 -4 -11 -8 -13 -14
right_child=1 3 4 -5 -6 -7 7 8 -10 10 -12 12 13 -15
leaf_value=0.003666691804460857 -0.0013855287643842141 0.0031049160118824665 0.0011731679817452659 -0.00061751307725321021 -0.0014353243861773123 0.0041418494798463367 0.00059776027229011702 -0.089960534808729314 -0.0025915424380712534 -0.0016826234265583139 -0.011646915990482357 -0.0034250559837199056 -0.0015453970799739125 0.0028488169556746311
leaf_weight=8085 21115 6419 28898 6342 7352 4364 9991 74 113 475 103 3262 2527 2337
leaf_count=8085 21115 6419 28898 6342 7352 4364 9991 74 113 475 103 3262 2527 2337
internal_value=0.000183163 -0.00040046 0.000475729 0.000685538 0.000268545 0.000470146 0.000287717 -0.000443922 -0.0127665 0.000742047 -0.00401361 -0.000309759 -0.00126229 -0.000149774
internal_weight=101457 33876 67581 12761 59496 52144 47780 18304 187 29476 578 18117 8126 4864
internal_count=101457 33876 67581 12761 59496 52144 47780 18304 187 29476 578 18117 8126 4864
is_linear=0
shrinkage=0.05


Tree=145
num_leaves=15
num_cat=0
split_feature=0 53 23 11 12 27 47 13 48 41 18 23 44 19
split_gain=7.18053 6.9713 12.3321 13.3964 13.1349 12.1922 11.1582 14.37 10.6763 9.65754 9.34857 8.70185 10.1294 8.49179
threshold=19.849999427795414 0.011826144531369211 0.5249999761581422 96.702083587646499 50.884027481079109 32.049999237060554 6.4914855957031259 64.702678680419936 1.8499999642372134 44.500000000000007 6.9500000476837167 0.28499999642372137 0.54727211594581615 125.9499969482422
decision_type=2 2 2 2 2 2 2 2 2 2 2 2 2 2
left_child=-1 2 4 9 10 -5 -6 13 -9 -4 -2 -3 -13 -8
right_child=1 11 3 5 6 -7 7 8 -10 -11 -12 12 -14 -15
leaf_value=0.0040796455072361374 0.0002618395249804733 0.0027314982559633605 0.0014940002705401739 -0.018451103714541544 -0.0018117941285671136 0.0014119935212250126 -0.0044079272580660172 -0.032367040681310848 -0.0055643185132578411 -0.0010942626369104223 -0.0024481159006334006 0.001418719413877522 -0.00085215403053298449 -0.015998959343948113
leaf_weight=4277 9544 10843 20354 353 2155 339 1339 149 69 10321 4593 19244 17981 139
leaf_count=4277 9544 10843 20354 353 2155 339 1339 149 69 10321 4593 19244 17981 139
internal_value=0.000198112 0.000109973 -0.000307404 0.000291137 -0.00135071 -0.00653846 -0.00393551 -0.0069578 -0.0186842 0.000447287 -0.000644306 0.0005385 0.000175239 -0.00511425
internal_weight=101700 97423 49355 31367 17988 692 3851 1696 218 30675 14137 48068 37225 1478
internal_count=101700 97423 49355 31367 17988 692 3851 1696 218 30675 14137 48068 37225 1478
is_linear=0
shrinkage=0.05


Tree=146
num_leaves=15
num_cat=0
split_feature=19 57 52 23 49 53 13 36 57 4 38 27 46 26
split_gain=7.0559 8.42852 6.89764 6.73499 6.73017 9.61036 6.35602 5.78315 8.11045 8.41721 9.69942 7.10689 5.59777 5.85637
threshold=61.800001144409187 53.116666793823249 0.82414472103118908 0.24499999731779101 17.500000000000004 0.54759982228279125 49.951488494873054 33.45000076293946 58.216667175292976 43.250000000000007 4.5499999523162851 12.34999990463257 0.94999998807907116 0.98161822557449352
decision_type=2 2 2 2 8 2 2 2 2 2 2 2 2 2
left_child=1 -1 3 12 5 6 -4 8 9 -5 11 -11 13 -2
right_child=2 -3 4 7 -6 -7 -8 -9 -10 10 -12 -13 -14 -15
leaf_value=0.00035919928231053827 0.0037814528658506523 0.0043538179852278666 -0.0045504761943832355 0.00041764150852341138 -0.00023681561117689038 -0.018361602100101373 -0.0001967861863334895 0.0015073562306477965 0.00016379136240566769 -0.0018353627835468922 -0.0023436860737231341 -0.082472130402889671 -0.013801861203074129 -0.0041788633397410553
leaf_weight=22951 4009 7743 1988 5264 5441 81 1509 7605 35097 91 8812 101 55 489
leaf_count=22951 4009 7743 1988 5264 5441 81 1509 7605 35097 91 8812 101 55 489
internal_value=0.000136598 0.000769281 -0.000138763 5.06234e-05 -0.00142928 -0.00311037 -0.00268463 -9.74024e-05 -0.00029519 -0.0012999 -0.00222765 -0.0130693 0.00189897 0.00210515
internal_weight=101236 30694 70542 61523 9019 3578 3497 56970 49365 14268 9004 192 4553 4498
internal_count=101236 30694 70542 61523 9019 3578 3497 56970 49365 14268 9004 192 4553 4498
is_linear=0
shrinkage=0.05


Tree=147
num_leaves=15
num_cat=0
split_feature=17 0 56 53 33 16 53 23 36 1 49 10 43 34
split_gain=6.49444 6.48774 7.54933 7.25667 6.55054 10.6903 6.48005 13.942 8.27122 8.23193 7.81849 7.76897 8.14273 7.63713
threshold=-106.09999847412108 41.95000076293946 41.350000381469734 -0.4755979031324386 15.150000095367433 23.150000572204593 -0.039769286289811127 0.5249999761581422 33.45000076293946 37.45000076293946 31.875000000000004 176.45000457763675 25.02689361572266 -1.2499999999999998
decision_type=2 2 2 2 2 2 2 2 2 2 8 2 8 2
left_child=-1 2 3 -2 -5 -6 7 10 9 -9 13 12 -8 -3
right_child=1 6 -4 4 5 -7 11 8 -10 -11 -12 -13 -14 -15
leaf_value=0.0085447704742890717 0.0016868060332158354 -0.012994638225891942 0.0032413028949119329 -0.00054928626920988037 -0.0010679203742501807 -0.0075569466607370911 0.0039166278197141158 -0.0092778557224023131 0.0020992657210035042 -0.00069975556537035062 -0.0014126838671494138 -0.0019412421952073643 0.0001370330329441283 -0.0044473241880503313
leaf_weight=1198 10002 290 9883 11579 362 153 6165 420 5186 16274 3754 4191 29816 2283
leaf_count=1198 10002 290 9883 11579 362 153 6165 420 5186 16274 3754 4191 29816 2283
internal_value=0.000114015 7.01421e-05 0.000657883 0.000143853 -0.00067994 -0.00614286 -0.000204784 -0.000785519 -0.0001873 -0.000729166 -0.00285072 0.000203076 0.000440527 -0.00496903
internal_weight=101556 100358 31979 22096 12094 515 68379 28207 21880 16694 6327 40172 35981 2573
internal_count=101556 100358 31979 22096 12094 515 68379 28207 21880 16694 6327 40172 35981 2573
is_linear=0
shrinkage=0.05


Tree=148
num_leaves=15
num_cat=0
split_feature=35 17 17 0 16 37 19 46 13 16 11 46 1 49
split_gain=7.00044 8.41596 8.37073 8.15173 5.4051 5.11833 5.7868 4.83075 4.69851 5.08358 5.00899 6.86528 4.71938 4.52789
threshold=20.500000000000004 -51.450000762939446 7.5499999523162851 34.95000076293946 19.849999427795414 40.500000000000007 164.59999847412112 60.899999618530281 55.167858123779304 19.650000572204593 39.922916412353523 6.8500001430511483 42.899999618530281 22.500000000000004
decision_type=2 2 2 2 2 2 2 2 2 2 2 2 2 8
left_child=1 -1 5 7 8 -2 -7 -3 10 -10 -5 12 -12 -6
right_child=2 3 -4 4 13 6 -8 -9 9 -11 11 -13 -14 -15
leaf_value=0.0051960544011325563 -0.0028731083586804162 0.0024173152942151845 0.00092706319101053735 -0.0014215630322281531 -0.00045634084839078233 -0.00036376115872697334 -0.002592944011842963 -0.0084104586011600358 0.0029706892260247461 -0.0093820258960427352 0.003322746494313137 -0.015508081312274602 -0.0045618893661657136 0.0009191474542934073
leaf_weight=3820 4160 14032 11697 2611 21382 15868 2059 63 870 71 164 53 957 23538
leaf_count=3820 4160 14032 11697 2611 21382 15868 2059 63 870 71 164 53 957 23538
internal_value=0.000184254 0.00047809 -0.000403326 0.00034125 3.98745e-05 -0.000975924 -0.000608519 0.00140199 -0.00156672 0.00158254 -0.00235178 -0.00505068 -0.00410698 0.000209215
internal_weight=101345 67561 33784 63741 49646 22087 17927 14095 4726 941 3785 1174 1121 44920
internal_count=101345 67561 33784 63741 49646 22087 17927 14095 4726 941 3785 1174 1121 44920
is_linear=0
shrinkage=0.05


Tree=149
num_leaves=15
num_cat=0
split_feature=44 37 19 36 26 24 46 37 14 34 19 10 54 47
split_gain=5.47087 7.6855 7.56593 11.9015 9.86832 7.35494 7.25015 11.9736 6.55363 6.50357 6.32231 6.28424 6.00215 10.0471
threshold=2.9009343385696416 53.500000000000007 183.25000000000003 18.849999427795414 0.65106356143951427 65.500000000000014 1.0000000180025095e-35 53.500000000000007 69.315029144287124 -3.6499999761581416 21.750000000000004 100.70833206176759 10.500000000000002 11.385357379913332
decision_type=2 2 2 2 2 2 2 2 2 2 2 2 2 2
left_child=2 -2 3 6 -5 9 -1 -8 -4 -6 -11 -9 -3 -14
right_child=1 12 8 4 5 -7 7 11 -10 10 -12 -13 13 -15
leaf_value=0.005277302584859523 -0.0016678445327387437 0.0012689496872097653 -0.00067351593760432596 0.0016110879014677158 -0.006205460435789692 -0.010811081848518677 -0.0066174646651001191 0.0021478987503871089 -0.0040114832957914561 0.011307310550343196 -0.00040287521513824096 -0.00469782211932701 -0.0011540121203138627 -0.11150237100805832
leaf_weight=10643 12725 10890 9310 21065 802 148 51 2735 394 1054 25839 721 4743 57
leaf_count=10643 12725 10890 9310 21065 802 148 51 2735 394 1054 25839 721 4743 57
internal_value=0.000175764 -0.000412489 0.000405513 0.000605537 0.000235905 -0.000381826 0.00188206 -8.95648e-05 -0.000893555 -0.000320339 -0.000187154 0.000297173 0.000328026 -0.00114345
internal_weight=101177 28415 72762 63058 48908 27843 14150 3507 9704 27695 26893 3456 15690 4800
internal_count=101177 28415 72762 63058 48908 27843 14150 3507 9704 27695 26893 3456 15690 4800
is_linear=0
shrinkage=0.05


Tree=150
num_leaves=15
num_cat=0
split_feature=36 38 55 11 0 50 41 2 50 38 53 11 27 23
split_gain=5.62674 6.59046 7.28446 7.46496 7.07045 6.76214 8.77777 5.971 7.83405 5.85438 9.19847 10.6186 11.409 10.0596
threshold=10.250000000000002 -1.0000000180025095e-35 2.5000000000000004 29.670832633972172 21.650000572204593 0.91597560048103344 3.5000000000000004 141.80000305175784 0.37940952181816107 25.050000190734867 0.011826144531369211 96.702083587646499 33.95000076293946 0.48499999940395361
decision_type=2 2 2 2 2 2 2 2 2 2 2 2 2 2
left_child=7 2 -2 -4 -3 9 -7 -1 -9 10 11 13 -13 -6
right_child=1 4 3 -5 5 6 -8 8 -10 -11 -12 12 -14 -15
leaf_value=0.0041233890566309524 0.0049602961514556435 0.0034252753944863609 0.00012420520631733817 -0.0076682110125434813 -0.0020200180573677045 0.00035760915162080727 -0.0039925822205314045 0.0032632373427956269 -0.0020486575377977466 0.0014976305807113974 0.00064899040417784896 -0.017130737238460422 0.0066266434250359559 0.00016499685722551176
leaf_weight=4155 179 5422 137 245 12209 4561 4756 1383 1891 11068 36226 400 176 18515
leaf_count=4155 179 5422 137 245 12209 4561 4756 1383 1891 11068 36226 400 176 18515
internal_value=0.000127451 2.25764e-05 -0.00533275 -0.00915816 5.53337e-05 -5.28313e-05 -0.00132572 0.00145114 -0.000146163 9.8214e-05 -7.65516e-05 -0.000704248 -0.00737201 -0.000576885
internal_weight=101323 93894 561 382 93333 87911 9317 7429 3274 78594 67526 31300 576 30724
internal_count=101323 93894 561 382 93333 87911 9317 7429 3274 78594 67526 31300 576 30724
is_linear=0
shrinkage=0.05


Tree=151
num_leaves=15
num_cat=0
split_feature=1 56 44 22 36 38 24 12 52 47 24 38 15 5
split_gain=7.56231 9.61198 7.46194 5.85681 5.23213 6.57912 7.01787 12.134 6.78257 9.69986 9.29788 10.5943 9.94753 7.74581
threshold=84.40000152587892 85.299999237060561 -0.19943831861019132 1196.5000000000002 18.94999980926514 13.250000000000002 19.500000000000004 50.542362213134773 -0.31799228489398951 7.129289150238038 5.5000000000000009 25.050000190734867 42.649999618530281 47.750000000000007
decision_type=2 2 2 2 2 2 2 2 2 2 2 2 2 2
left_child=1 4 -2 -4 -1 6 -6 -8 9 -7 11 12 -11 -14
right_child=2 -3 3 -5 5 8 7 -9 -10 10 -12 -13 13 -15
leaf_value=0.0018712989304681918 0.0005100097241275219 0.0048258789296314964 -0.0040537191116148345 -0.0011563566767404945 0.00011986940080659012 0.00073399161312131926 -0.0011565296375251996 -0.0056263989173250782 0.0015972760291580988 0.0019712000606706684 -0.00021763388730359405 -0.00021566804265073667 -0.010564485496109971 -0.005027335338772386
leaf_weight=10876 13040 5858 1614 11482 8647 16264 4564 1165 19008 398 5193 1279 943 472
leaf_count=10876 13040 5858 1614 11482 8647 16264 4564 1165 19008 398 5193 1279 943 472
internal_value=0.000210935 0.000467145 -0.000520921 -0.0013635 0.000301443 0.000112438 -0.000814681 -0.00217024 0.000418551 -0.000130502 -0.001522 -0.00368794 -0.00613549 -0.00808772
internal_weight=100803 74667 26136 13096 68809 57933 14376 5729 43557 24549 8285 3092 1813 1415
internal_count=100803 74667 26136 13096 68809 57933 14376 5729 43557 24549 8285 3092 1813 1415
is_linear=0
shrinkage=0.05


Tree=152
num_leaves=15
num_cat=0
split_feature=47 0 56 50 20 24 21 25 56 25 51 37 44 50
split_gain=6.16988 8.06827 7.94443 7.43681 6.9477 6.68519 6.10601 6.05508 5.95847 6.1459 5.9578 10.1275 7.24897 7.88185
threshold=3.5872282981872563 70.65000152587892 66.950000762939467 0.78656607866287243 115.54999923706056 5.5000000000000009 55.500000000000007 25.750000000000004 54.149999618530281 10.250000000000002 0.37940952181816107 84.500000000000014 -2.5354864597320552 -0.7865660786628722
decision_type=2 2 2 2 2 2 2 2 2 2 2 2 2 2
left_child=4 2 10 8 5 -1 -5 -7 9 -3 11 -2 13 -13
right_child=1 3 -4 6 -6 7 -8 -9 -10 -11 -12 12 -14 -15
leaf_value=0.0053888402884752903 4.996215727314944e-05 -0.0086802030533860604 0.0025272563515382658 -0.0037855510446649673 -0.0021873171854173562 0.001463898166731819 -0.0013676155540574223 -0.0046231446172108224 1.8374269558802285e-05 -0.0019311391673406894 0.0011648190643827718 0.006924127058185011 0.00083642307861177983 -0.0070658434234366395
leaf_weight=4626 30399 65 9490 1985 1313 3266 2772 832 20301 3717 17857 383 1458 2757
leaf_count=4626 30399 65 9490 1985 1313 3266 2772 832 20301 3717 17857 383 1458 2757
internal_value=0.000136371 6.79888e-06 0.000326683 -0.000684575 0.00131233 0.00182276 -0.00248899 0.000350536 -0.000327273 -0.00214662 8.73943e-05 -0.000291799 -0.00247613 -0.0038254
internal_weight=101221 91184 62344 28840 10037 8724 4757 4098 24083 3782 52854 34997 4598 3140
internal_count=101221 91184 62344 28840 10037 8724 4757 4098 24083 3782 52854 34997 4598 3140
is_linear=0
shrinkage=0.05


Tree=153
num_leaves=15
num_cat=0
split_feature=19 56 50 9 26 37 23 47 40 28 53 4 47 26
split_gain=6.27177 10.2322 6.87229 6.13815 7.35257 10.7832 9.274 7.60204 17.2254 8.23178 6.88106 7.37008 11.6912 19.4043
threshold=40.549999237060554 27.050000190734867 -0.91597560048103321 42.45000076293946 0.77232274413108837 66.500000000000014 0.24499999731779101 6.5613248348236093 993.04998779296886 81.500000000000014 0.63089349865913402 53.350000381469734 10.915192127227785 0.6696852743625642
decision_type=2 2 2 2 2 2 2 2 2 2 2 2 2 2
left_child=1 2 -1 10 6 -6 -5 9 -9 -7 11 -2 -13 -14
right_child=3 -3 -4 4 5 7 -8 8 -10 -11 -12 12 13 -15
leaf_value=-0.0074020845307272813 -0.00016757781503135729 0.0055949616178584865 0.00053911334050728657 0.0043473506152847553 -0.0024348348264970937 0.0043480476772863128 0.00054758449654902287 -0.0013331017087200748 -0.019320625374192695 -0.00065998841862094024 0.0046043614097367831 -0.001726024460843401 -0.0033369632947501272 -0.014936466262195741
leaf_weight=666 15584 6024 4513 3607 7447 4613 40835 1394 99 5748 1576 8644 488 186
leaf_count=666 15584 6024 4513 3607 7447 4613 40835 1394 99 5748 1576 8644 488 186
internal_value=0.00015695 0.00127218 -0.000357487 1.8342e-05 0.000284144 -0.000530526 0.000637992 0.000406271 -0.0029175 0.000887571 -0.000621413 -0.000824502 -0.00193611 -0.00823099
internal_weight=101424 11203 5179 90221 63743 19301 44442 11854 1493 10361 26478 24902 9318 674
internal_count=101424 11203 5179 90221 63743 19301 44442 11854 1493 10361 26478 24902 9318 674
is_linear=0
shrinkage=0.05


Tree=154
num_leaves=15
num_cat=0
split_feature=28 50 37 47 51 38 50 26 38 47 5 42 50 37
split_gain=6.6092 9.5086 9.19777 8.85291 8.78394 10.3804 9.79682 15.2293 12.0689 9.45476 8.5938 8.81611 8.45516 7.45159
threshold=47.500000000000007 0.78656607866287243 43.500000000000007 5.1951191425323495 0.12940952181816107 25.050000190734867 -0.37940952181816096 0.74631217122077953 19.750000000000004 9.3935418128967303 129.69999694824222 18.750000000000004 0.12940952181816109 77.500000000000014
decision_type=2 2 2 2 2 2 2 2 2 2 2 2 2 2
left_child=2 4 -1 -3 6 9 7 -2 -8 12 11 13 -6 -10
right_child=1 3 -4 -5 5 -7 8 -9 10 -11 -12 -13 -14 -15
leaf_value=-6.5515132404660178e-05 -0.00027684269785853145 0.00087272053651078112 0.0034155944362558172 -0.0025360885144795654 0.0018947189161832982 0.004071282629323731 0.002925445101585324 -0.0039144361010479082 0.0001849547373452997 -0.0016768918140819195 -0.017432506162252986 -0.011654141199815426 -0.00078222131541983938 -0.0057321064817716441
leaf_weight=12785 11264 4595 11104 9907 15909 5030 7920 5416 4778 3826 60 85 7426 1008
leaf_count=12785 11264 4595 11104 9907 15909 5030 7920 5416 4778 3826 60 85 7426 1008
internal_value=0.000135133 -8.97271e-05 0.000861752 -0.00124311 0.000177103 0.000753238 -0.000430405 -0.00124626 0.000552269 0.000366383 -0.00115216 -0.000942867 0.000744271 -0.000693582
internal_weight=101113 77224 23889 14502 62722 32191 30531 16680 13851 27161 5931 5871 23335 5786
internal_count=101113 77224 23889 14502 62722 32191 30531 16680 13851 27161 5931 5871 23335 5786
is_linear=0
shrinkage=0.05


Tree=155
num_leaves=15
num_cat=0
split_feature=35 44 0 56 47 0 34 9 12 0 50 51 20 29
split_gain=6.65844 5.17984 5.02861 5.41567 5.00413 7.58857 5.22345 5.25487 7.09044 4.96819 6.10271 6.69425 5.40285 4.82643
threshold=18.500000000000004 4.821810483932496 22.650000572204593 46.649999618530281 8.0853571891784686 128.30000305175784 -4.0499999523162833 43.45000076293946 60.739582061767585 56.95000076293946 0.60355338454246532 1.0000000180025095e-35 46.049999237060554 7.7500000000000009
decision_type=2 2 2 2 2 2 2 2 2 2 2 2 2 2
left_child=2 9 -1 13 5 -5 7 8 -6 -2 -11 -12 -13 -4
right_child=1 -3 3 4 6 -7 -8 -9 -10 10 11 12 -14 -15
leaf_value=0.0045299379968144022 0.00080115572052612879 -0.0015731379250635683 -0.0011471281436554171 0.0026311340276727389 -0.0056740319873467135 -0.00050396827293857662 -4.1508309079530087e-05 0.00090594438396795422 -0.010526354614159636 1.6794311892682331e-05 0.00027207584175850821 -0.0017018736705159425 -0.0046811834865323511 0.00085373183004640654
leaf_weight=3365 21185 9016 10343 17951 79 5612 6304 156 86 14414 2371 1938 1798 6663
leaf_count=3365 21185 9016 10343 17951 79 5612 6304 156 86 14414 2371 1938 1798 6663
internal_value=0.000181211 -0.000223527 0.000587218 0.000453775 0.000855686 0.00119692 -0.00035795 -0.00648036 -0.0124286 1.15066e-05 -0.000542837 -0.00186611 -0.00318206 -0.000259755
internal_weight=101281 50722 50559 47194 30188 23563 6625 321 165 41706 20521 6107 3736 17006
internal_count=101281 50722 50559 47194 30188 23563 6625 321 165 41706 20521 6107 3736 17006
is_linear=0
shrinkage=0.05


Tree=156
num_leaves=15
num_cat=0
split_feature=19 43 14 41 37 13 14 43 54 12 37 22 18 44
split_gain=6.57062 10.3444 7.06111 9.2265 7.82135 5.80953 11.6888 8.64613 7.43912 9.32789 13.1534 9.84717 9.81469 6.56341
threshold=67.90000152587892 41.875000000000007 4.6377301216125497 94.500000000000014 25.500000000000004 55.424108505249031 17.484831809997562 2282.5000000000005 7.5000000000000009 68.637496948242202 59.500000000000007 2995.5000000000005 -11.849999904632567 -0.92287686467170704
decision_type=2 8 2 2 2 2 2 8 2 2 2 2 2 2
left_child=1 -1 3 4 -2 6 -4 8 9 11 -11 -8 -12 -7
right_child=2 -3 5 -5 -6 13 7 -9 -10 10 12 -13 -14 -15
leaf_value=0.0059620359709820787 -0.0089068671146240019 0.00049612100628290072 -6.8462059499272665e-05 -0.015271177023684772 4.0024657250291946e-05 0.0014134596032389041 -0.0039357519528315154 0.0025624895700840384 -0.001169044335481599 0.0049433627907588453 -0.0015241466099350075 -0.012636745077151172 -0.023207628392262425 -0.0003592223931979259
leaf_weight=4292 73 32205 14618 248 727 19608 2218 798 2146 66 52 324 90 23648
leaf_count=4292 73 32205 14618 248 727 19608 2218 798 2146 66 52 324 90 23648
internal_value=0.000138594 0.000674802 -0.00016433 -0.0042155 -0.00154321 -9.68887e-05 -0.000794213 -0.00271388 -0.0034998 -0.00521739 -0.0151835 -0.00434561 -0.0232895 0.000230666
internal_weight=101113 36497 64616 1048 800 63568 20312 5694 4896 2750 208 2542 142 43256
internal_count=101113 36497 64616 1048 800 63568 20312 5694 4896 2750 208 2542 142 43256
is_linear=0
shrinkage=0.05


Tree=157
num_leaves=15
num_cat=0
split_feature=0 43 57 1 17 57 46 15 53 40 36 51 40 38
split_gain=6.63362 13.07 7.7346 6.90165 6.76697 7.27569 6.65247 6.59339 6.21664 6.01741 7.44652 8.63947 7.51914 9.52104
threshold=81.40000152587892 41.875000000000007 147.216667175293 185.55000305175784 6.5499999523162851 83.683330535888686 0.65000000596046459 196.25000000000003 0.029024410061538223 991.14999389648449 27.44999980926514 0.12940952181816107 980.54998779296886 24.750000000000004
decision_type=2 8 2 2 2 2 2 2 2 2 2 2 2 2
left_child=1 8 4 6 5 -2 -4 -8 -1 10 12 -12 13 -3
right_child=2 9 3 -5 -6 -7 7 -9 -10 -11 11 -13 -14 -15
leaf_value=0.00089968620643203739 -0.0047142314318860202 -0.004168630233495044 0.00381240966790282 -0.0012773808457192874 -0.00042432176177094945 -0.0014430505159693148 -0.021840110710245358 0.0001867004894906885 0.0068322232639623356 0.0033051375653805047 -4.8671572686369351e-05 0.0027470201377342894 -0.0001772582619797644 0.0013541776793002764
leaf_weight=3941 2016 5797 4087 2655 13820 5520 81 182 5211 4465 23869 9789 17644 2007
leaf_count=3941 2016 5797 4087 2655 13820 5520 81 182 5211 4465 23869 9789 17644 2007
internal_value=0.000116426 0.000369365 -0.000532057 0.000908767 -0.00100487 -0.00220912 0.00213303 -0.00543956 0.00213491 0.000114893 -1.89456e-05 0.000468992 -0.000664231 -0.00195546
internal_weight=101084 72723 28361 7005 21356 7536 4350 263 9152 63571 59106 33658 25448 7804
internal_count=101084 72723 28361 7005 21356 7536 4350 263 9152 63571 59106 33658 25448 7804
is_linear=0
shrinkage=0.05


Tree=158
num_leaves=15
num_cat=0
split_feature=35 17 51 28 17 19 32 6 24 38 0 31 49 43
split_gain=6.16962 5.90022 6.6539 7.38795 6.38761 5.51038 5.38549 4.69638 4.62213 6.68353 4.96911 5.00942 4.42709 4.97645
threshold=19.500000000000004 -14.849999904632567 -0.6035533845424651 82.500000000000014 118.65000152587892 45.699998855590827 -0.56857311725616444 252.84999847412112 13.500000000000002 12.250000000000002 78.799999237060561 3.9307385683059697 66.875000000000014 447.50000000000006
decision_type=2 2 2 2 2 2 2 2 2 2 2 2 8 10
left_child=1 5 3 -3 -4 -1 8 -7 10 12 -2 -12 13 -10
right_child=6 2 4 -5 -6 7 -8 -9 9 -11 11 -13 -14 -15
leaf_value=0.0076595589880025759 0.00075883847397292337 0.0020506719285825967 -0.00031758159949004072 -0.0011195446841712673 -0.0079533573714825802 0.0013891639708853371 0.00037317587563046267 -0.0047720184125536295 -0.0028293739912127721 -0.00092968110885579235 -0.0021596437858401002 0.0015021742912391979 -0.0027507090633940852 -0.011225134582999514
leaf_weight=3008 8233 12412 27594 3614 74 12250 20635 118 697 5610 3786 1249 1717 341
leaf_count=3008 8233 12412 27594 3614 74 12250 20635 118 697 5610 3786 1249 1717 341
internal_value=0.0001558 0.000485782 0.000189228 0.000999626 -0.000280367 0.00132783 -0.00030536 0.00085959 -0.000856397 -0.00177612 -0.000275644 -0.0015114 -0.00378843 -0.00635496
internal_weight=101338 59070 43694 16026 27668 15376 42268 12368 21633 8365 13268 5035 2755 1038
internal_count=101338 59070 43694 16026 27668 15376 42268 12368 21633 8365 13268 5035 2755 1038
is_linear=0
shrinkage=0.05


Tree=159
num_leaves=15
num_cat=0
split_feature=17 19 43 49 53 43 37 55 53 16 57 23 7 12
split_gain=5.66018 5.20251 8.23603 7.41021 7.21216 6.81401 8.09547 5.5173 8.86766 5.78588 5.46733 10.1352 5.25331 5.00749
threshold=-92.84999847412108 80.450000762939467 41.875000000000007 22.500000000000004 -0.99273797869682301 25.02689361572266 34.500000000000007 4.5000000000000009 -0.99864786863327015 14.449999809265138 45.049999237060554 1.3650000095367434 28.849999427795414 86.856250762939467
decision_type=2 2 8 10 2 10 2 2 2 2 2 2 2 2
left_child=-1 2 -2 5 -4 7 12 8 -3 -10 11 13 -7 -5
right_child=1 3 4 10 -6 6 -8 -9 9 -11 -12 -13 -14 -15
leaf_value=0.0060185325684218088 0.0042352773656930817 -0.0077154758465533928 0.0071794600539968395 -0.00032297996758055126 0.0001628872631299809 0.00044792327175923727 -0.0013719649009742377 -0.0015902833218302563 -0.005707082327821765 0.0014427566573136869 0.0014189508534971518 -0.011061190676038238 -0.008819839814694766 -0.0077998717111117562
leaf_weight=1635 5605 54 1361 4860 39373 155 19306 3811 71 8900 15568 61 376 182
leaf_count=1635 5605 54 1361 4860 39373 155 19306 3811 71 8900 15568 61 376 182
internal_value=0.000176062 0.000128043 0.000515545 -0.000208606 0.000268015 -0.000677263 -0.00125787 0.000220302 0.000893747 0.00102494 0.000532131 -0.000886955 -0.00729205 -0.000621536
internal_weight=101318 99683 46339 53344 40734 32673 19837 12836 9025 8971 20671 5103 531 5042
internal_count=101318 99683 46339 53344 40734 32673 19837 12836 9025 8971 20671 5103 531 5042
is_linear=0
shrinkage=0.05


Tree=160
num_leaves=15
num_cat=0
split_feature=0 57 47 24 31 6 37 14 16 47 46 48 52 26
split_gain=6.19977 6.63799 7.38973 14.2489 17.2257 7.51622 7.94194 7.07132 6.2406 8.14633 6.06168 8.6295 6.58637 6.35269
threshold=18.44999980926514 44.549999237060554 11.385357379913332 3.5000000000000004 2.8882712125778203 63.449998855590827 29.500000000000004 5.6937768459320077 46.95000076293946 5.9755952358245858 1.0000000180025095e-35 -0.74999999999999989 -0.94705909490585316 0.6935085952281953
decision_type=2 2 2 2 2 2 2 2 2 2 2 2 2 2
left_child=-1 8 5 4 -4 6 7 -3 -2 -10 -8 -12 13 -13
right_child=1 2 3 -5 -6 -7 10 -9 9 -11 11 12 -14 -15
leaf_value=0.0040938707735853992 -0.0005908753521088947 -0.0082795836151361712 -0.0039537939370797807 -0.0011101134561766095 -0.083557586306335502 -7.1631137550787593e-05 0.0027671136991081844 -0.0029598479753470738 -0.00022456752814563124 -0.01063980706065033 -0.0019281760390519439 -0.0061272627436697738 0.0032705182384139444 0.003766348922751653
leaf_weight=3346 30309 64 371 3019 107 36692 16805 705 246 195 4614 249 4645 229
leaf_count=3346 30309 64 371 3019 107 36692 16805 705 246 195 4614 249 4645 229
internal_value=0.000100683 2.8496e-05 0.000305881 -0.001929 -0.00985656 0.000428273 0.00105615 -0.00392169 -0.000580299 -0.00641907 0.00120179 0.000208782 0.00161991 -0.00391393
internal_weight=101596 98250 67500 3497 478 64003 27311 769 30750 441 26542 9737 5123 478
internal_count=101596 98250 67500 3497 478 64003 27311 769 30750 441 26542 9737 5123 478
is_linear=0
shrinkage=0.05


Tree=161
num_leaves=15
num_cat=0
split_feature=35 36 10 56 13 52 36 1 47 26 11 57 46 16
split_gain=5.93268 5.62536 4.93966 6.22038 4.7543 5.58698 5.80656 5.08916 4.39028 5.0023 5.01494 6.52145 4.97768 5.57647
threshold=18.500000000000004 10.650000095367433 51.925001144409187 51.850000381469734 58.849403381347663 -0.72696319222450245 33.149999618530281 120.34999847412111 3.7431677579879765 0.78007271885871898 60.214584350585945 70.616664886474624 2.4500000476837163 36.95000076293946
decision_type=2 2 2 2 2 2 2 2 2 2 2 2 2 2
left_child=1 -1 3 -3 5 -4 -7 -6 -2 -10 -11 12 13 -12
right_child=8 2 4 -5 7 6 -8 -9 9 10 11 -13 -14 -15
leaf_value=0.0029228147292144364 0.0014798908841847031 0.00059085404710578469 0.00077195090580522811 0.004167885289846923 0.0013986425171635326 -0.0034576230878281032 0.0012856951896062755 -0.0011798055971666459 -0.00012192672622052177 -0.00038909135582591522 -0.0035357039928968154 -0.0014698723552999968 0.0031794993400925463 -0.008270885723617
leaf_weight=4151 5476 17391 2634 5197 11277 3939 1325 4837 35738 4849 454 3461 146 467
leaf_count=4151 5476 17391 2634 5197 11277 3939 1325 4837 35738 4849 454 3461 146 467
internal_value=0.000164871 0.000546778 0.000389402 0.000919993 -0.000109899 -0.00111406 -0.00205347 0.00038266 -0.000218276 -0.000380609 -0.0014078 -0.00260247 -0.00600279 -0.00735231
internal_weight=101342 50751 46600 22588 24012 7898 5264 16114 50591 45115 9377 4528 1067 921
internal_count=101342 50751 46600 22588 24012 7898 5264 16114 50591 45115 9377 4528 1067 921
is_linear=0
shrinkage=0.05


Tree=162
num_leaves=15
num_cat=0
split_feature=47 20 33 27 4 57 16 18 6 16 1 22 38 37
split_gain=6.10262 7.2196 6.10041 8.22609 7.01432 7.19999 7.38744 6.1847 8.4304 5.97579 9.80316 6.18701 5.90469 9.07133
threshold=4.5489132404327401 35.350000381469734 1.8499999642372134 33.649999618530281 42.199998855590827 53.116666793823249 45.149999618530281 -29.749999999999996 69.299999237060561 48.350000381469734 140.40000152587893 5913.0000000000009 10.949999809265138 56.500000000000007
decision_type=2 2 2 2 2 2 2 2 2 2 2 2 2 2
left_child=1 -1 7 -4 -5 6 -6 -2 12 10 -10 -12 13 -9
right_child=2 -3 3 4 5 -7 -8 8 9 -11 11 -13 -14 -15
leaf_value=0.0034480798446009393 0.0021569877977728386 0.00020925543821862305 -0.00077289651066819395 0.00087728650853470405 -0.01214104856898101 -0.0042965097745756497 -0.017483200861357722 -0.0019144934033302301 -0.0019626095678971101 -0.00028405411135091536 -0.008674019932486763 0.00081750341138846216 0.00099531985722760632 0.0024190448045235584
leaf_weight=7666 6987 13253 14451 300 217 356 53 8220 6047 9730 226 60 30474 3450
leaf_count=7666 6987 13253 14451 300 217 356 53 8220 6047 9730 226 60 30474 3450
internal_value=0.00016601 0.000926705 -3.15829e-05 -0.000927081 -0.00547009 -0.0084434 -0.0144643 0.000179744 1.09077e-05 -0.000963417 -0.0021575 -0.0110473 0.000382408 -0.00057363
internal_weight=101490 20919 80571 15377 926 626 270 65194 58207 16063 6333 286 42144 11670
internal_count=101490 20919 80571 15377 926 626 270 65194 58207 16063 6333 286 42144 11670
is_linear=0
shrinkage=0.05


Tree=163
num_leaves=15
num_cat=0
split_feature=36 9 52 23 9 29 38 15 28 38 26 30 16 52
split_gain=5.40318 7.08417 8.38459 14.1877 13.376 7.84787 6.90722 10.8453 8.00014 8.95794 8.89141 10.6043 10.2547 9.16621
threshold=14.449999809265138 59.699998855590827 -0.22701068967580793 0.57499998807907116 129.69999694824222 11.34999990463257 25.050000190734867 147.85000610351565 47.500000000000007 7.8500001430511483 0.74631217122077953 257.50000000000006 66.950000762939467 -0.10837695002555846
decision_type=2 2 2 2 2 2 2 2 2 2 2 8 2 2
left_child=1 -1 3 5 -5 -3 8 -8 9 -2 11 -10 -13 -14
right_child=6 2 -4 4 -6 -7 7 -9 10 -11 -12 12 13 -15
leaf_value=0.0050986637463612573 -0.0025138190437986943 0.00037526808804454447 0.0013466345743943222 -0.0025673063945736751 -0.012351481625562936 -0.077778096395038937 0.0014825008007745451 -0.02144891943615132 0.00077843248356319764 0.0014171139841857464 -0.0018706615839788135 -0.0011883172642406551 -0.0029849907087459867 -0.013949679784386325
leaf_weight=3408 3601 2475 10722 464 143 55 12822 79 21192 18262 14147 13171 397 235
leaf_count=3408 3601 2475 10722 464 143 55 12822 79 21192 18262 14147 13171 397 235
internal_value=0.000151854 0.000957053 0.00045389 -0.00181602 -0.00861426 -0.00015748 -1.39423e-05 0.00104988 -0.00020735 0.000588168 -0.00056132 -0.000133552 -0.00121154 -0.00738318
internal_weight=101173 17267 13859 3137 607 2530 83906 12901 71005 21863 49142 34995 13803 632
internal_count=101173 17267 13859 3137 607 2530 83906 12901 71005 21863 49142 34995 13803 632
is_linear=0
shrinkage=0.05


Tree=164
num_leaves=15
num_cat=0
split_feature=0 47 48 24 55 47 56 16 50 51 37 49 20 25
split_gain=6.49563 6.40895 7.92416 5.60517 7.44173 6.3518 5.50594 6.51955 5.49769 8.52051 6.5325 9.61718 5.99486 5.41793
threshold=21.050000190734867 3.5474938154220585 -1.1500000357627866 5.5000000000000009 4.5000000000000009 1.8303846120834353 25.849999427795414 98.40000152587892 0.78656607866287243 1.0000000180025095e-35 39.500000000000007 22.500000000000004 23.94999980926514 27.849999427795414
decision_type=2 2 2 2 2 2 2 2 2 2 2 8 2 2
left_child=-1 2 -2 -4 13 -6 -7 -8 10 -10 11 -3 -11 -5
right_child=1 8 3 4 5 6 7 -9 9 12 -12 -13 -14 -15
leaf_value=0.0025915815742381973 0.0064376226831327696 -0.0038401805751930758 0.0023489944171667821 0.0016103575672931675 -0.010056384685194413 -0.0052530501919277372 -0.00084039253613288226 -0.0085959284909799642 0.00062372744604088665 -0.0012008328991956344 0.00049109453519532596 -0.00027488771808010934 -0.0036859057529544021 -0.0049110965882740616
leaf_weight=5234 2648 2585 3781 1705 61 56 655 50 7058 6905 55906 10169 3914 423
leaf_count=5234 2648 2585 3781 1705 61 56 655 50 7058 6905 55906 10169 3914 423
internal_value=0.000130487 3.67994e-05 0.00127756 0.000364189 -0.00126689 -0.00527644 -0.00388457 -0.00255245 -9.78079e-05 -0.000878571 0.000105578 -0.000915073 -0.00175963 0.000299345
internal_weight=101150 95916 9379 6731 2950 822 761 705 86537 17877 68660 12754 10819 2128
internal_count=101150 95916 9379 6731 2950 822 761 705 86537 17877 68660 12754 10819 2128
is_linear=0
shrinkage=0.05


Tree=165
num_leaves=15
num_cat=0
split_feature=31 47 26 24 49 0 13 44 17 51 38 41 25 4
split_gain=6.09339 9.76187 15.6984 8.3365 6.50298 7.9982 7.69783 6.47479 5.4935 4.8179 8.81675 6.08908 5.87102 5.29815
threshold=3.5981547832489018 12.823303222656252 0.69216251373291027 8.5000000000000018 22.500000000000004 28.550000190734867 34.234523773193366 2.7269726991653447 -106.09999847412108 0.37940952181816107 25.150000572204593 1.5000000000000002 45.45000076293946 54.45000076293946
decision_type=2 2 2 2 8 2 2 2 2 2 2 2 2 2
left_child=4 3 -3 -2 5 -1 -7 -5 -8 11 13 -10 -13 -11
right_child=1 2 -4 7 -6 6 8 -9 9 10 -12 12 -14 -15
leaf_value=0.0030108684927051903 0.0025864832560462954 -0.0023133260890693275 -0.074164543451777379 0.001503135098754945 0.00058194480621331934 -0.0051403042559487319 0.0074240931264723782 -0.0012702192751021799 -0.00024352914386778117 0.0012143678683078822 0.0030464536236962159 -0.0022962232610914996 -0.0081408453344296878 -0.0013997309211428405
leaf_weight=4920 12543 427 52 6410 36129 1325 645 5713 6013 4215 2921 9031 219 10602
leaf_count=4920 12543 427 52 6410 36129 1325 645 5713 6013 4215 2921 9031 219 10602
internal_value=0.000177168 0.00085172 -0.00614519 0.000990031 -4.60343e-05 -0.000486078 -0.000751694 5.48094e-05 -0.000603755 -0.000693556 -0.000132973 -0.00134453 -0.00214903 -0.000628246
internal_weight=101165 25145 479 24666 76020 39891 34971 12123 33646 33001 17738 15263 9250 14817
internal_count=101165 25145 479 24666 76020 39891 34971 12123 33646 33001 17738 15263 9250 14817
is_linear=0
shrinkage=0.05


Tree=166
num_leaves=15
num_cat=0
split_feature=17 0 38 55 53 36 11 33 36 0 43 51 36 5
split_gain=5.66214 5.11937 4.6651 7.70896 4.94138 9.84368 9.88315 9.32407 12.7472 9.54087 10.3748 7.17146 8.09811 7.21424
threshold=-106.09999847412108 19.849999427795414 1.7500000000000002 2.5000000000000004 0.029024410061538223 27.849999427795414 101.96458435058595 13.250000000000002 18.849999427795414 78.099998474121108 57.500000000000007 0.12940952181816107 33.45000076293946 129.69999694824222
decision_type=2 2 2 2 2 2 2 2 2 2 8 2 2 2
left_child=-1 -2 3 -3 5 6 -4 9 -9 10 -6 12 13 -7
right_child=1 2 4 -5 7 11 -8 8 -10 -11 -12 -13 -14 -15
leaf_value=0.0075528148000603857 0.0028166098561085129 0.0015236740539237746 -0.0015300107773395185 -0.0038302726646448622 0.0052159010731855533 -0.0014300902396715291 -0.017993229093964478 1.7890235832567077e-05 -0.0079615600504971042 -0.00020234115128186302 0.00080338185876341155 0.0016730210585051556 0.00076661274658298799 -0.014055461656703983
leaf_weight=1188 4304 409 16599 530 6023 11500 63 299 180 24129 15014 11400 9804 109
leaf_count=1188 4304 409 16599 530 6023 11500 63 299 180 24129 15014 11400 9804 109
internal_value=0.000122144 8.13468e-05 5.67319e-06 -0.00348261 4.04711e-05 -0.000305648 -0.00129499 0.000415617 -0.00645194 0.000489862 0.00126788 0.000196966 -0.000342389 -0.00123548
internal_weight=101551 100363 96059 939 95120 49475 16662 45645 479 45166 21037 32813 21413 11609
internal_count=101551 100363 96059 939 95120 49475 16662 45645 479 45166 21037 32813 21413 11609
is_linear=0
shrinkage=0.05


Tree=167
num_leaves=15
num_cat=0
split_feature=47 48 24 47 0 43 24 12 30 4 29 27 2 47
split_gain=5.84788 6.35305 6.01655 6.74522 6.00561 7.17268 7.37555 5.59747 6.7445 7.93131 10.1336 8.18318 5.80231 6.04882
threshold=3.2151923179626469 -1.8499999642372129 5.5000000000000009 1.5939338207244875 103.70000076293947 37.500000000000007 10.500000000000002 104.86527633666994 25.02689361572266 103.70000076293947 4.3500001430511483 22.849999427795414 99.299999237060561 5.8297059535980233
decision_type=2 2 2 2 2 8 2 2 10 2 2 2 2 2
left_child=1 -1 -3 -4 5 6 -2 8 -6 -10 11 -11 -12 -14
right_child=4 2 3 -5 7 -7 -8 -9 9 10 12 -13 13 -15
leaf_value=0.0080572111265385399 0.0046748082824931911 0.0028680642207581019 -0.0076672103926277886 -0.00070101084164802771 0.00022560871327120918 0.00011372003702609983 -0.00028267986431305367 -3.4741936090773416e-05 -0.0019596559344444374 -0.0075430684677619281 -0.016079458870133876 -0.012425989785045161 0.0033736315389785243 -0.0030066565076785389
leaf_weight=1720 5581 3020 102 1961 2195 70879 3249 9001 2361 218 85 133 259 665
leaf_count=1720 5581 3020 102 1961 2195 70879 3249 9001 2361 218 85 133 259 665
internal_value=0.000187256 0.00160208 0.000709798 -0.00136758 8.538e-05 0.000257718 0.00160068 -0.000835064 -0.00202835 -0.00332217 -0.00635036 -0.0135596 -0.00373405 -0.00249465
internal_weight=101429 6803 5083 2063 94626 79709 8830 14917 5916 3721 1360 351 1009 924
internal_count=101429 6803 5083 2063 94626 79709 8830 14917 5916 3721 1360 351 1009 924
is_linear=0
shrinkage=0.05


Tree=168
num_leaves=15
num_cat=0
split_feature=33 38 51 40 24 16 12 21 52 26 4 38 34 46
split_gain=5.26012 7.86218 7.7272 6.43671 18.5121 17.1786 12.195 10.8909 10.4569 8.32296 8.09251 11.4759 8.0172 7.30072
threshold=1.0000000180025095e-35 25.050000190734867 0.37940952181816107 981.14999389648449 5.5000000000000009 69.049999237060561 50.884027481079109 60.500000000000007 0.66527691483497631 0.68742400407791149 42.899999618530281 12.250000000000002 6.3500001430511483 6.7500000000000009
decision_type=2 2 2 2 2 2 2 2 2 2 2 2 2 2
left_child=-1 3 -3 4 6 8 -2 9 10 -8 -6 -12 -5 -13
right_child=1 2 -4 12 5 -7 7 -9 -10 -11 11 13 -14 -15
leaf_value=0.00051174748828523983 -0.0041437951608203861 -0.00030086019165168629 0.0034880531451059599 7.1091670724424895e-05 0.003672063609410118 -0.021685772996608416 -0.0084655376839737981 -0.013872802514727084 -0.0047625919455288445 -0.0001246503537794383 -0.011881056393331205 0.00022686246823970196 -0.0098644435028483902 -0.0062337516114110694
leaf_weight=64018 2464 6870 4200 12595 3197 136 70 294 1434 256 115 5012 54 633
leaf_count=64018 2464 6870 4200 12595 3197 136 70 294 1434 256 115 5012 54 633
internal_value=0.000126187 -0.000345474 0.000771661 -0.000816521 -0.00157074 -0.000570845 -0.00497091 -0.0111905 -0.000331218 -0.00467262 0.000305007 -0.000814558 -4.34455e-06 -0.000481874
internal_weight=101348 37330 11070 26260 13611 10527 3084 620 10391 326 8957 5760 12649 5645
internal_count=101348 37330 11070 26260 13611 10527 3084 620 10391 326 8957 5760 12649 5645
is_linear=0
shrinkage=0.05


Tree=169
num_leaves=15
num_cat=0
split_feature=47 26 43 53 19 26 48 13 25 47 40 40 23 38
split_gain=6.07034 6.14342 6.87996 8.19788 7.94285 7.34133 6.0806 6.03062 5.81691 5.66473 13.9898 5.14111 8.82213 7.64121
threshold=3.2151923179626469 0.89488834142684948 382.50000000000006 0.9985530972480775 71.599998474121108 0.90649631619453441 0.25000000745058065 53.920238494873054 69.799999237060561 6.5860390663146982 993.04998779296886 986.85000610351574 0.28499999642372137 8.1500000953674334
decision_type=2 2 10 2 2 2 2 2 2 2 2 2 2 2
left_child=6 11 4 -4 7 -6 -1 -3 9 -7 -11 13 -13 -2
right_child=1 2 3 -5 5 8 -8 -9 -10 10 -12 12 -14 -15
leaf_value=0.0056443397991397873 -0.0029838519381738104 -0.00093095724143770072 -0.0024407775738232731 -0.019386671343754949 -0.014203149303877194 -0.00051744187769629997 0.0003293190066810914 0.0056864175353760751 -0.0064206121798564319 -0.0021490051192829653 -0.017856964330113714 0.0038623211018721259 0.00031904153930051803 0.00014074397843920997
leaf_weight=2801 3392 2766 3817 81 166 6051 4041 2667 69 548 78 5176 17359 52267
leaf_count=2801 3392 2766 3817 81 166 6051 4041 2667 69 548 78 5176 17359 52267
internal_value=0.000140637 3.63698e-05 -0.000848151 -0.00267656 -0.000269122 -0.00139266 0.00157764 0.00116021 -0.00112789 -0.000966801 -0.00545597 0.000220194 0.000857175 -3.78126e-05
internal_weight=101279 94437 16243 3898 12345 6912 6842 5433 6746 6677 626 78194 22535 55659
internal_count=101279 94437 16243 3898 12345 6912 6842 5433 6746 6677 626 78194 22535 55659
is_linear=0
shrinkage=0.05


Tree=170
num_leaves=15
num_cat=0
split_feature=56 19 57 13 49 31 24 38 45 43 12 52 23 11
split_gain=5.68444 8.08094 9.13401 7.89429 6.46892 8.2195 10.3619 7.71841 6.07207 5.92615 6.50034 5.72401 5.60421 5.8365
threshold=14.050000190734865 43.350000381469734 36.650001525878913 57.883630752563484 22.500000000000004 3.9307385683059697 5.5000000000000009 3.4500000476837163 -0.858778417110443 37.500000000000007 27.764582633972172 -0.97876849770545948 0.45499999821186071 84.052082061767592
decision_type=2 2 2 2 10 2 2 2 2 10 2 2 2 2
left_child=3 2 -2 -1 5 7 -7 -3 9 -9 -11 -12 -13 -14
right_child=1 4 -4 -5 -6 6 -8 8 -10 10 11 12 13 -15
leaf_value=-0.0026745085768462517 -6.1158237589509982e-05 -0.0048786520866284386 0.0058968125799317168 -0.0086083234409523573 0.00069775346594541936 0.0035392248703897053 -0.00043527328397748488 -0.00036448148725210124 -7.7525939946234115e-05 -0.0095065138311966821 -0.0044958276008537652 -0.0038588364063626385 -1.2241731549265113e-05 -0.0028741331658823162
leaf_weight=1125 6111 613 6103 132 31542 5508 8338 8914 22143 131 640 2297 5287 2453
leaf_count=1125 6111 613 6103 132 31542 5508 8338 8914 22143 131 640 2297 5287 2453
internal_value=8.0269e-05 0.00012239 0.0013269 -0.00324783 -4.51771e-05 -0.000366208 0.000691397 -0.000711024 -0.000628657 -0.00126647 -0.00205306 -0.00191026 -0.00161391 -0.000967742
internal_weight=101337 100080 12214 1257 87866 56324 13846 42478 41865 19722 10808 10677 10037 7740
internal_count=101337 100080 12214 1257 87866 56324 13846 42478 41865 19722 10808 10677 10037 7740
is_linear=0
shrinkage=0.05


Tree=171
num_leaves=15
num_cat=0
split_feature=35 37 17 0 4 51 33 44 38 23 17 0 37 50
split_gain=5.34036 8.59392 6.44253 5.93447 5.81561 4.95407 7.36439 7.58584 8.31118 8.26421 6.15477 5.76591 5.14186 7.09952
threshold=20.500000000000004 42.500000000000007 -62.450000762939446 36.500000000000007 63.449998855590827 -0.6035533845424651 1.8499999642372134 -2.9374428987503047 23.650000572204593 0.36500000953674322 118.65000152587892 50.549999237060554 69.500000000000014 0.12940952181816109
decision_type=2 2 2 2 2 2 2 2 2 2 2 2 2 2
left_child=2 -2 -1 -4 -3 6 -5 8 -8 -9 12 -10 -7 -14
right_child=1 4 3 5 -6 10 7 9 11 -11 -12 -13 13 -15
leaf_value=0.0053356136458622642 -0.0022090402427847764 0.00098284416963925129 0.0016280662809395727 0.0017280563901137037 -0.00091475126170731727 -0.0010580284933478356 0.0036362432955851609 -0.0091521553486157581 -0.003157721153225844 0.0020965768516704552 -0.0065526605617483719 -0.010649618327911413 0.0018427508103102991 -0.00080600808775231386
leaf_weight=2713 6370 14619 15712 12479 12759 14059 309 76 333 1281 111 463 9006 10890
leaf_count=2713 6370 14619 15712 12479 12759 14059 309 76 333 1281 111 463 9006 10890
internal_value=0.000175413 -0.000337994 0.000432372 0.000332077 4.71011e-05 6.08974e-05 0.000819678 -0.00167476 -0.00473094 0.000830285 -0.000272039 -0.00740695 -0.000231856 0.000285341
internal_weight=101180 33748 67432 64719 27378 49007 14941 2462 1105 1357 34066 796 33955 19896
internal_count=101180 33748 67432 64719 27378 49007 14941 2462 1105 1357 34066 796 33955 19896
is_linear=0
shrinkage=0.05


Tree=172
num_leaves=15
num_cat=0
split_feature=28 14 45 47 48 26 32 37 38 24 23 27 10 53
split_gain=5.23978 8.25802 7.03895 6.3288 8.17013 7.3287 6.61409 6.5431 8.86836 6.89987 6.75469 5.80533 5.46638 7.73845
threshold=45.500000000000007 19.899414062500004 2.9083304405212407 6.5613248348236093 -0.55000001192092884 0.24495639652013781 2.8795090913772587 67.500000000000014 16.349999427795414 8.5000000000000018 0.43500000238418585 37.149999618530281 96.341667175292983 -0.57782411575317372
decision_type=2 2 2 2 2 2 2 2 2 2 2 2 2 2
left_child=1 2 -1 5 11 -2 12 8 9 -7 -9 -5 -6 -14
right_child=3 -3 -4 4 6 7 -8 10 -10 -11 -12 -13 13 -15
leaf_value=-0.00032526108426838489 -0.012440348076723312 0.0050521924144863329 0.0032204457777171452 -0.001580857892117656 -9.4607781384280221e-05 -0.00063062037181302062 0.0018542759105147197 0.0032879127139511678 0.00092197607590791875 -0.0039561596795160726 0.00039993678652208242 -0.012095566746040934 -0.014903491655720292 -0.0015976891408192194
leaf_weight=12595 102 5651 3646 13616 13627 5845 5699 8105 7488 3146 19380 90 105 2025
leaf_count=12595 102 5651 3646 13616 13627 5845 5699 8105 7488 3146 19380 90 105 2025
internal_value=0.000153763 0.00083828 0.000264907 -3.54626e-05 -0.000535653 0.00036369 7.3605e-05 0.000396143 -0.000391473 -0.00144928 0.00086834 -0.00148877 -0.00045443 -0.00280374
internal_weight=101120 21892 16241 79228 35162 44066 21456 43964 16479 8991 27485 13706 15757 2130
internal_count=101120 21892 16241 79228 35162 44066 21456 43964 16479 8991 27485 13706 15757 2130
is_linear=0
shrinkage=0.05


Tree=173
num_leaves=15
num_cat=0
split_feature=0 53 38 36 44 53 11 33 40 15 53 53 36 54
split_gain=5.18815 9.25206 7.3776 8.18328 6.43803 8.79692 8.06638 12.088 7.29661 9.55185 8.38166 14.6753 7.10415 6.93315
threshold=186.05000305175784 0.97263759374618541 11.84999990463257 18.650000572204593 2.318596720695496 0.36447542905807501 93.441665649414077 1.0000000180025095e-35 974.25000000000011 141.80000305175784 -0.63257205486297596 -0.60555642843246449 29.44999980926514 10.500000000000002
decision_type=2 2 2 2 2 2 2 2 2 2 2 2 2 2
left_child=1 4 -3 -4 5 6 8 -8 9 10 -1 12 -12 -6
right_child=-2 2 3 -5 13 -7 7 -9 -10 -11 11 -13 -14 -15
leaf_value=0.0033853484955155334 -0.0015471576448849722 0.0038746941070642868 -0.0017611110214896218 -0.017227987760492752 -0.00012835842623952568 0.002201113253658181 0.0010378850230244705 -0.009716497976742058 -0.00013982823532541781 -0.010607738076052364 -0.016773716699053608 0.0059731200567373962 -0.0057401873756863456 -0.0023354407280531289
leaf_weight=6977 3943 4738 329 61 23454 15689 721 571 38960 62 56 151 66 5497
leaf_count=6977 3943 4738 329 61 23454 15689 721 571 38960 62 56 151 66 5497
internal_value=0.00014785 0.000219946 0.00228494 -0.00425 0.000104865 0.000387509 4.87663e-05 -0.00383257 0.000157945 0.00160612 0.00178375 -0.00666078 -0.0188636 -0.000512586
internal_weight=101275 97332 5128 390 92204 63253 47564 1292 46272 7312 7250 273 122 28951
internal_count=101275 97332 5128 390 92204 63253 47564 1292 46272 7312 7250 273 122 28951
is_linear=0
shrinkage=0.05


Tree=174
num_leaves=15
num_cat=0
split_feature=44 46 24 54 47 13 52 31 26 28 24 55 2 47
split_gain=5.0948 8.50184 8.7552 8.33967 26.848 8.23813 7.74347 7.73781 7.38705 6.87838 6.85427 6.6256 7.63378 6.23241
threshold=2.7269726991653447 1.0000000180025095e-35 10.500000000000002 10.500000000000002 11.385357379913332 157.66905212402347 -0.66528618335723866 1.4533355832099917 0.65106356143951427 91.500000000000014 65.500000000000014 5.5000000000000009 86.700000762939467 4.8787593841552743
decision_type=2 2 2 2 2 2 2 2 2 2 2 2 2 2
left_child=7 2 3 -2 6 -4 9 8 -1 11 13 12 -5 -10
right_child=1 -3 5 4 -6 -7 -8 -9 10 -11 -12 -13 -14 -15
leaf_value=0.0012442857707396545 0.0012775899620223563 0.002551245127422348 -0.0017395213231305093 0.0029198038689022369 -0.095923726413090132 -0.0082777651223050041 -0.00024301525117523555 0.0017226981798120781 0.00076465510652438116 -0.011935594311641992 -0.0061280300238681041 -0.0092581122368483645 -0.0062165597837736224 -0.0010889416510156649
leaf_weight=19555 9254 4255 10429 512 62 115 4535 19473 10607 120 144 140 250 21707
leaf_count=19555 9254 4255 10429 512 62 115 4535 19473 10607 120 144 140 250 21707
internal_value=0.00016695 -0.000383734 -0.000730129 5.14011e-05 -0.00146651 -0.00183153 -0.00107149 0.000395547 7.71776e-05 -0.00498062 -0.000385302 -0.00338816 -0.00147668 -0.000335045
internal_weight=101158 29672 25417 14873 5619 10544 5557 71486 52013 1022 32458 902 762 32314
internal_count=101158 29672 25417 14873 5619 10544 5557 71486 52013 1022 32458 902 762 32314
is_linear=0
shrinkage=0.05


Tree=175
num_leaves=15
num_cat=0
split_feature=1 53 46 52 44 8 53 11 36 46 53 26 52 52
split_gain=5.99457 7.06383 6.97158 7.16339 6.16398 6.68637 6.23472 7.22991 7.5856 7.03252 14.1446 6.52015 7.3002 6.82176
threshold=182.75000000000003 0.97263759374618541 0.25000000745058065 -0.12546116113662717 2.4721593856811528 243.55000305175784 0.36447542905807501 84.052082061767592 21.550000190734867 1.0000000180025095e-35 0.96407344937324535 0.65106356143951427 -0.71504372358322132 -0.72696319222450245
decision_type=2 2 2 2 2 2 2 2 2 2 2 2 2 2
left_child=1 4 -3 -4 6 -6 7 11 -9 -8 -11 -1 13 -13
right_child=-2 2 3 -5 5 -7 9 8 -10 10 -12 12 -14 -15
leaf_value=0.0011698168071944907 -0.0017720356168667525 0.0039059549008099467 -0.021474229550778622 -0.00096811494356823815 -0.0004826900155536677 -0.018186114528101923 0.0029506409175739982 -0.0059558627890954237 -0.0017049140123148521 -0.00040541484195394368 -0.010821225197454857 -0.0014208958962566827 0.00046327077769394348 -0.004638432857753832
leaf_weight=21614 4131 4629 65 298 28387 159 12961 271 2538 2774 50 8710 14242 189
leaf_count=21614 4131 4629 65 298 28387 159 12961 271 2538 2774 50 8710 14242 189
internal_value=0.000161738 0.000241339 0.00207117 -0.00451743 0.000141723 -0.000468203 0.000416595 0.000130744 -0.00232529 0.0012773 -0.000980945 0.000285379 -0.000297827 -0.00142047
internal_weight=101018 96887 4992 363 91895 28546 63349 47564 2809 15785 2824 44755 23141 8899
internal_count=101018 96887 4992 363 91895 28546 63349 47564 2809 15785 2824 44755 23141 8899
is_linear=0
shrinkage=0.05


Tree=176
num_leaves=15
num_cat=0
split_feature=0 43 13 0 52 11 16 16 38 38 52 44 16 8
split_gain=4.89541 6.87775 6.44452 7.66371 7.9326 22.4219 9.17298 6.31939 9.14244 6.20735 6.61778 7.31459 7.0339 9.03933
threshold=40.649999618530281 222.50000000000003 67.930953979492202 128.30000305175784 -0.98214942216873158 71.358333587646499 41.500000000000007 53.350000381469734 21.94999980926514 13.750000000000002 -0.5917624533176421 -2.711922168731689 31.44999980926514 42.199998855590827
decision_type=2 8 2 2 2 2 2 2 2 2 2 2 2 2
left_child=1 -1 -2 4 5 6 -4 -7 -9 -3 11 12 -11 -14
right_child=2 9 3 -5 -6 7 -8 8 -10 10 -12 -13 13 -15
leaf_value=0.0022578221718584286 -0.00068435839454364042 -0.0011071867398148149 -0.014863101329472609 -0.000702645595841798 0.0016320084416187319 0.00519354903907114 -0.0039980731981389258 0.00082963981897078872 -0.022171983930686923 -0.0019655191519696246 0.0033191333734403031 0.002174336260728129 -0.0024753064211330568 -0.023353587170649361
leaf_weight=12026 36358 8386 142 11528 21792 685 114 170 76 1762 6083 1799 166 162
leaf_count=12026 36358 8386 142 11528 21792 685 114 170 76 1762 6083 1799 166 162
internal_value=0.000113027 0.000643877 -0.000114638 0.000374743 0.000902388 -0.00306182 -0.0158647 0.000589798 -0.00613281 3.48434e-05 0.00087758 -0.000732239 -0.00273809 -0.00934911
internal_weight=101249 30384 70865 34507 22979 1187 256 931 246 18358 9972 3889 2090 328
internal_count=101249 30384 70865 34507 22979 1187 256 931 246 18358 9972 3889 2090 328
is_linear=0
shrinkage=0.05


Tree=177
num_leaves=15
num_cat=0
split_feature=19 56 49 24 26 38 14 46 31 13 19 53 52 6
split_gain=5.35538 8.40395 5.60717 6.81643 11.9365 8.50936 7.95746 7.68647 7.07866 6.90505 6.67503 8.12594 7.42953 7.41066
threshold=61.800001144409187 43.95000076293946 22.500000000000004 10.500000000000002 0.66419497132301342 3.4500000476837163 7.0684893131256112 1.0000000180025095e-35 -0.49871127307415003 180.40178680419925 181.35000610351565 0.36447542905807501 0.43733377754688268 103.70000076293947
decision_type=2 2 10 2 2 2 2 2 2 2 2 2 2 2
left_child=1 -1 3 6 5 7 8 -5 -2 -6 11 -8 -12 -14
right_child=2 -3 -4 4 9 -7 10 -9 -10 -11 12 -13 13 -15
leaf_value=0.00015115390188864694 -0.0098877837137418371 0.0033770975610638437 0.00056597729429955646 -0.0024495185784521659 -0.0034355862319279842 -0.0004508564771172413 -0.0009670548611972297 -0.0061211467159198035 0.00022984502591532247 -0.007094074175743756 -0.00054664050513779188 0.0022603296162881218 0.002743452509874263 -0.0080314462652223886
leaf_weight=21078 254 9331 26204 224 4362 18621 4206 55 246 101 4923 11134 148 210
leaf_count=21078 254 9331 26204 224 4362 18621 4206 55 246 101 4923 11134 148 210
internal_value=0.000119032 0.000673757 -0.000119664 -0.00046141 -0.00104972 -0.000499735 0.000189532 -0.00901384 -0.00598039 -0.00337246 0.000341961 0.000869707 -0.00118976 -0.00804348
internal_weight=101097 30409 70688 44484 23363 18900 21121 279 500 4463 20621 15340 5281 358
internal_count=101097 30409 70688 44484 23363 18900 21121 279 500 4463 20621 15340 5281 358
is_linear=0
shrinkage=0.05


Tree=178
num_leaves=15
num_cat=0
split_feature=0 37 13 36 23 44 31 18 7 40 47 54 13 12
split_gain=5.18135 5.94811 5.05388 9.94494 7.5339 6.06561 7.79979 6.42606 8.48913 8.55737 5.61215 14.1027 7.20291 10.5036
threshold=17.650000572204593 11.500000000000002 42.524106979370124 33.250000000000007 0.18500000238418582 11.516139984130861 5.7301335334777841 6.7500000000000009 46.049999237060554 980.64999389648449 10.821825027465822 11.500000000000002 61.911605834960945 61.720140457153327
decision_type=2 2 2 2 2 2 2 2 2 2 2 2 2 2
left_child=-1 -2 3 5 -4 7 -7 -3 -9 -10 -6 12 13 -12
right_child=1 2 4 -5 10 6 -8 8 9 -11 11 -13 -14 -15
leaf_value=0.0041518507767151856 -0.006061988424063889 -0.00036697053275568819 0.0039317440479901657 0.0019862544513075302 0.00037416325716539803 -0.0022330502241383276 -0.013917892240904207 -0.0017988892588599811 -0.01015618647206931 -0.00045691037659328611 -0.002174687326133796 -0.092513443481105836 0.0017626882548348916 -0.0099277287918904406
leaf_weight=2939 377 9994 3370 3767 69839 129 79 4733 599 372 2816 90 1969 373
leaf_count=2939 377 9994 3370 3767 69839 129 79 4733 599 372 2816 90 1969 373
internal_value=0.000137301 7.54694e-05 9.98575e-05 -0.000616522 0.000279544 -0.00116361 -0.00944954 -0.00104787 -0.00238537 -0.00662079 0.000175573 -0.00139977 -0.00103715 -0.00250234
internal_weight=101446 98507 98130 19673 78457 15906 208 15698 5704 971 75087 5248 5158 3189
internal_count=101446 98507 98130 19673 78457 15906 208 15698 5704 971 75087 5248 5158 3189
is_linear=0
shrinkage=0.05


Tree=179
num_leaves=15
num_cat=0
split_feature=1 13 38 16 32 43 14 33 38 33 15 52 24 52
split_gain=4.68806 9.0819 6.78644 12.7884 6.35738 6.13447 5.59675 6.5507 5.30845 9.53481 12.7799 21.2744 11.1579 9.28813
threshold=130.6499938964844 86.710418701171889 4.3500001430511483 34.649999618530281 -4.3300583362579337 37.500000000000007 5.6937768459320077 0.15000000223517421 25.150000572204593 1.8499999642372134 82.299999237060561 -0.98214942216873158 17.500000000000004 -0.5917624533176421
decision_type=2 2 2 2 2 8 2 2 2 2 2 2 2 2
left_child=1 2 3 -1 -5 -3 7 -7 9 -4 -11 -12 -13 -14
right_child=-2 5 8 4 -6 6 -8 -9 -10 10 11 12 13 -15
leaf_value=-0.00096319654406437074 -0.00081977610785458283 0.0072254167621101095 0.00030491580568760258 -0.051727983133284743 -0.0020277555195583946 0.0052459947941534673 0.0012849546093626181 -0.0059262390889426274 0.0015352681279894803 -0.00064305211252962805 -0.012542167089772653 0.0022961714970313285 0.0035375861747012141 -0.0094345858922455211
leaf_weight=1976 11487 2996 51412 173 150 66 10268 68 12130 8067 249 831 258 1042
leaf_count=1976 11487 2996 51412 173 150 66 10268 68 12130 8067 249 831 258 1042
internal_value=0.000157784 0.000279611 6.86783e-05 -0.00260069 -0.0116667 0.00147971 0.000903765 -0.00888889 0.000151962 -3.56396e-05 -0.00141197 -0.00462343 -0.00296357 -0.00583969
internal_weight=101173 89686 76288 2299 323 13398 10402 134 73989 61859 10447 2380 2131 1300
internal_count=101173 89686 76288 2299 323 13398 10402 134 73989 61859 10447 2380 2131 1300
is_linear=0
shrinkage=0.05


Tree=180
num_leaves=15
num_cat=0
split_feature=35 50 20 56 10 33 23 0 20 9 10 41 11 57
split_gain=4.8983 4.99601 5.11695 4.56162 5.33651 7.14117 7.35717 4.54642 4.46035 4.31056 4.30188 4.10918 3.96431 5.47038
threshold=17.500000000000004 0.91597560048103344 57.149999618530281 41.350000381469734 48.941667556762702 2.8500000238418584 0.7749999761581422 57.45000076293946 61.850000381469734 44.750000000000007 36.791666030883796 74.500000000000014 84.052082061767592 134.51667022705081
decision_type=2 2 2 2 2 2 2 2 2 2 2 2 2 2
left_child=3 9 -3 10 -5 -6 7 -7 -9 -2 11 -1 -11 -14
right_child=1 2 -4 4 5 6 -8 8 -10 12 -12 -13 13 -15
leaf_value=0.001859422317133485 -0.00063671016367365836 -0.001102869231656819 -0.0054684254019222635 0.0030749710091938017 0.0010512220108762217 -0.0024147486414908114 -0.00043304131181382986 -0.017639207505329831 -0.0023300757887106632 0.0010391169942178891 -0.0011271325515889649 -0.0017494644927626526 -0.0013657640837511115 0.0010629620039783007
leaf_weight=5215 18742 6317 994 7305 19758 301 1347 207 115 21459 6331 1722 6943 4482
leaf_count=5215 18742 6317 994 7305 19758 301 1347 207 115 21459 6331 1722 6943 4482
internal_value=0.00017225 -0.000122398 -0.00134476 0.000582709 0.000933616 0.000540068 -0.00232323 -0.00676935 -0.0108133 5.09336e-05 -0.000185269 0.000674392 0.000395817 -0.000356362
internal_weight=101238 58937 7311 42301 29033 21728 1970 623 322 51626 13268 6937 32884 11425
internal_count=101238 58937 7311 42301 29033 21728 1970 623 322 51626 13268 6937 32884 11425
is_linear=0
shrinkage=0.05


Tree=181
num_leaves=15
num_cat=0
split_feature=23 0 36 19 38 55 53 53 13 8 11 22 55 23
split_gain=5.12051 5.30214 5.58696 6.40676 5.67465 6.3155 4.63304 4.62995 6.27231 9.43235 6.47518 5.96692 7.3422 7.06788
threshold=0.085000000894069686 17.650000572204593 10.449999809265138 181.35000610351565 -1.0000000180025095e-35 2.5000000000000004 0.89691349864006054 -0.94703993201255787 50.395236968994148 57.45000076293946 96.702083587646499 614.50000000000011 3.5000000000000004 1.5049999952316286
decision_type=2 2 2 2 2 2 2 2 2 2 2 2 2 2
left_child=-1 -2 3 -3 5 -4 -5 8 -6 11 -11 13 -13 -10
right_child=1 2 4 6 7 -7 -8 -9 9 10 -12 12 -14 -15
leaf_value=-0.0048404670147525683 0.0050921784726701107 0.0033255173665529079 0.002898902438686604 -0.0050700814220873804 0.0033022669938483221 -0.0063636437479384703 2.224683155279322e-05 -0.000239324415509246 0.0010345084881536739 0.0035280282764241395 -0.01045602285296209 -0.0016611912529132596 -0.007900701242095692 -0.011782825607575778
leaf_weight=226 2802 4672 143 156 4134 258 3054 79936 1503 3019 93 738 463 157
leaf_count=226 2802 4672 143 156 4134 258 3054 79936 1503 3019 93 738 463 157
internal_value=6.8269e-05 8.5428e-05 2.42029e-05 0.00130005 -8.71159e-05 -0.0059489 -0.000419254 -6.03532e-05 0.000947415 -8.94198e-05 0.00181294 -0.00215778 -0.00482659 -0.000209581
internal_weight=101354 101128 98326 7882 90444 401 3210 90043 10107 5973 3112 2861 1201 1660
internal_count=101354 101128 98326 7882 90444 401 3210 90043 10107 5973 3112 2861 1201 1660
is_linear=0
shrinkage=0.05


Tree=182
num_leaves=15
num_cat=0
split_feature=57 1 38 43 11 51 40 53 57 57 0 38 50 51
split_gain=5.1428 9.12304 9.9539 8.75237 7.88152 6.78889 6.7861 6.22737 6.19783 6.16392 5.83157 6.85536 5.99364 8.4668
threshold=89.51666641235353 114.00000000000001 21.849999427795414 857.50000000000011 93.441665649414077 -0.7865660786628722 991.14999389648449 -0.94703993201255787 102.14999771118165 102.14999771118165 23.750000000000004 6.9500000476837167 1.0000000180025095e-35 0.12940952181816107
decision_type=2 2 2 10 2 2 2 2 2 2 2 2 2 2
left_child=4 3 -3 -2 6 -6 7 -1 -4 -5 11 -9 13 -12
right_child=1 2 8 9 5 -7 -8 10 -10 -11 12 -13 -14 -15
leaf_value=0.0014492920553656624 0.0031722120015573725 5.5679068239904784e-06 -0.0034091881919393278 -0.00048009607120077548 5.0459420514990958e-05 -0.0039290750846964215 0.0031263757139865255 -0.0025798669572011995 -0.021657128981105805 -0.018889002446498993 -0.00079913507860521248 0.0031213207666740891 -0.0011341972606137951 0.0014563669733860863
leaf_weight=9582 10907 11885 120 121 2071 2651 4187 1216 75 92 14692 5814 24951 13013
leaf_count=9582 10907 11885 120 121 2071 2651 4187 1216 75 92 14692 5814 24951 13013
internal_value=0.000124129 0.000777682 -0.000173697 0.00181042 -6.98963e-05 -0.00204776 5.75106e-05 -6.07695e-05 -0.0110976 -0.00800448 -0.00025077 0.00110085 -0.000431398 7.48694e-05
internal_weight=101377 23200 12080 11120 78177 4722 73455 69268 195 213 59686 7030 52656 27705
internal_count=101377 23200 12080 11120 78177 4722 73455 69268 195 213 59686 7030 52656 27705
is_linear=0
shrinkage=0.05


Tree=183
num_leaves=15
num_cat=0
split_feature=45 17 24 46 33 1 11 43 22 26 52 20 8 16
split_gain=5.75681 5.807 6.93807 8.12454 7.95835 5.68434 5.44277 5.19281 4.95127 4.94501 9.16929 7.22217 6.66969 5.75192
threshold=-0.34263144433498377 7.5499999523162851 15.500000000000002 0.25000000745058065 19.349999427795414 167.40000152587893 57.995834350585945 37.500000000000007 239.50000000000003 0.84363877773284923 0.5986820161342622 16.650000572204593 33.45000076293946 30.800000190734867
decision_type=2 2 2 2 2 2 2 8 2 2 2 2 2 2
left_child=1 2 5 4 -4 7 -5 8 -1 -9 -11 -12 -13 -14
right_child=-2 -3 3 6 -6 -7 -8 9 -10 10 11 12 13 -15
leaf_value=-0.0053904663445379338 0.00070705177931172528 0.0006476272591132659 -0.0019429676875164469 0.0029187768441833375 -0.0078490652785712725 -0.0020352567705546705 -0.0025725526941182877 0.00043393768852335938 0.0034614967390829872 -0.00034382235087521753 0.00026255082459647363 -0.0098914168684655808 -0.0031458198346929278 -0.015825709743509712
leaf_weight=50 46618 19185 9546 2512 136 1328 1363 10928 4008 4497 377 185 410 154
leaf_count=50 46618 19185 9546 2512 136 1328 1363 10928 4008 4497 377 185 410 154
internal_value=0.000151372 -0.000196657 -0.000575428 -0.00146421 -0.00223793 -2.57437e-05 0.000469756 0.000179204 0.00177974 -0.000214057 -0.00141754 -0.00543134 -0.00824111 -0.00536585
internal_weight=101297 54679 35494 13557 9682 21937 3875 20609 4058 16551 5623 1126 749 564
internal_count=101297 54679 35494 13557 9682 21937 3875 20609 4058 16551 5623 1126 749 564
is_linear=0
shrinkage=0.05


Tree=184
num_leaves=15
num_cat=0
split_feature=43 36 28 14 50 51 50 50 43 26 47 10 55 41
split_gain=5.17766 7.62654 5.09643 8.66039 6.40733 6.27595 12.9833 7.3385 10.0667 9.41755 6.08747 5.88825 6.31132 5.7376
threshold=17.500000000000004 30.150000572204593 47.500000000000007 19.899414062500004 0.78656607866287243 0.12940952181816107 0.12940952181816109 -0.6035533845424651 242.50000000000003 0.75405275821685802 5.2215838432312021 145.78333282470706 4.5000000000000009 93.500000000000014
decision_type=8 2 2 2 2 2 2 2 8 2 2 2 2 2
left_child=1 -1 3 -2 5 7 -7 9 -9 -4 -6 -12 -13 -10
right_child=2 -3 4 -5 10 6 -8 8 13 -11 11 12 -14 -15
leaf_value=0.0033268521670384746 0.00012545504461818131 -0.0061092907374551203 -0.00050456454656680678 0.0042400936427228518 0.00065927498013630128 0.0016952828170640627 -0.00089140443456140958 0.0066189053030065396 0.00031632792858765076 -0.0037396198782007361 -0.0019486598393239473 -0.0024541438312219947 -0.0086951422669631993 -0.0028318950711119948
leaf_weight=4353 17355 146 9132 5944 3960 20493 9390 2244 11422 4360 9142 329 139 2941
leaf_count=4353 17355 146 9132 5944 3960 20493 9390 2244 11422 4360 9142 329 139 2941
internal_value=0.00011691 0.00177312 3.97995e-05 0.000684071 -0.000164351 5.76745e-05 0.00057087 -0.000451858 0.000251851 -0.00131758 -0.00114507 -0.00182432 -0.00723849 -0.000235511
internal_weight=101350 4499 96851 23299 73552 59982 29883 30099 16607 13492 13570 9610 468 14363
internal_count=101350 4499 96851 23299 73552 59982 29883 30099 16607 13492 13570 9610 468 14363
is_linear=0
shrinkage=0.05


Tree=185
num_leaves=15
num_cat=0
split_feature=47 26 48 49 23 23 55 37 7 32 48 14 12 10
split_gain=5.56355 6.05315 5.80301 5.71273 5.93625 5.65229 4.55918 7.32691 6.14365 5.30979 5.37282 5.26684 5.10252 6.69802
threshold=3.5057189464569096 0.78845849633216869 -1.7499999999999998 22.500000000000004 0.24499999731779101 0.085000000894069686 1.5000000000000002 50.500000000000007 41.250000000000007 -0.70697447657585133 -1.2499999999999998 6.163219928741456 102.11666870117189 113.91666793823244
decision_type=2 2 2 10 2 2 2 2 2 2 2 2 2 2
left_child=2 3 -1 4 5 -2 7 -6 11 12 -11 -8 13 -10
right_child=1 -3 -4 -5 6 -7 8 -9 9 10 -12 -13 -14 -15
leaf_value=0.0056991135773714037 -0.0042753489833650049 -0.0010278004170891396 0.0006814243037791967 0.001124175911836837 -0.0024494617680137711 0.0022629504057306692 -0.0018061821531188808 0.0015441903853544549 -0.0023239909843352216 -0.0018145454996051323 0.00079158009258903459 0.00067564064123054168 3.3330873510787649e-05 -0.0087634890857236358
leaf_weight=2318 125 19667 6988 23238 2552 5411 2057 9723 6339 5346 5025 9720 2203 440
leaf_count=2318 125 19667 6988 23238 2552 5411 2057 9723 6339 5346 5025 9720 2203 440
internal_value=8.41227e-05 -3.3966e-05 0.00124839 0.000177936 -0.000128598 0.00141183 -0.000325348 0.000490436 -0.000647078 -0.0011948 -0.000423369 0.000253245 -0.00208407 -0.00276256
internal_weight=101152 91846 9306 72179 48941 5536 43405 12275 31130 19353 10371 11777 8982 6779
internal_count=101152 91846 9306 72179 48941 5536 43405 12275 31130 19353 10371 11777 8982 6779
is_linear=0
shrinkage=0.05


Tree=186
num_leaves=15
num_cat=0
split_feature=47 24 55 26 40 47 46 35 51 31 37 28 47 50
split_gain=5.05347 5.54475 5.13644 6.2949 4.91583 6.18832 5.94418 4.8822 9.2105 6.82281 6.38478 6.63025 5.72689 5.50037
threshold=3.2151923179626469 5.5000000000000009 4.5000000000000009 0.98040416836738598 973.95001220703136 9.8390097618103045 76.850002288818374 20.500000000000004 0.37940952181816107 5.0869722366333017 40.500000000000007 56.500000000000007 6.6340579986572275 -1.0000000180025095e-35
decision_type=2 2 2 2 2 2 2 2 2 2 2 2 2 2
left_child=1 -1 3 -3 5 -2 7 9 10 -6 12 -12 -9 -10
right_child=4 2 -4 -5 6 -7 -8 8 13 -11 11 -13 -14 -15
leaf_value=0.0037896522170414479 0.0023634035868141459 0.0018518399993661468 -0.002886566860921219 -0.007853053577453353 -7.7536738883675392e-05 -0.0021541901879979747 -0.010197935599218944 -0.0053782522858292449 0.00212308831533391 0.0016179380192042172 0.0011481475186494727 -0.0019797617895317963 -0.0017922767430326822 -0.00052558930120932172
leaf_weight=4149 6905 1823 742 83 46525 1729 54 1554 5392 10360 4373 9839 2342 5374
leaf_count=4149 6905 1823 742 83 46525 1729 54 1554 5392 10360 4373 9839 2342 5374
internal_value=0.000129082 0.00144484 -0.000342362 0.0010334 3.42486e-05 0.00117075 -8.02231e-05 -6.88475e-05 -0.000598255 0.00019993 -0.00128657 -0.00079384 -0.00307732 0.000559577
internal_weight=101244 6797 2648 1906 94447 8634 85813 85759 28874 56885 18108 14212 3896 10766
internal_count=101244 6797 2648 1906 94447 8634 85813 85759 28874 56885 18108 14212 3896 10766
is_linear=0
shrinkage=0.05


Tree=187
num_leaves=15
num_cat=0
split_feature=28 14 50 50 38 57 4 23 9 23 10 57 52 52
split_gain=4.87787 8.14407 5.75197 4.77792 4.59798 4.56154 5.25203 4.58514 7.31284 5.84104 8.43422 7.15883 5.63151 24.0947
threshold=47.500000000000007 27.894000053405765 0.91597560048103344 -0.91597560048103321 4.7500000000000009 26.750000000000004 30.250000000000004 0.2650000005960465 38.850000381469734 0.45499999821186071 270.19166564941412 99.950000762939467 -0.98214942216873158 -0.98803845047950734
decision_type=2 2 2 2 2 2 2 2 2 2 2 2 2 2
left_child=1 3 5 4 -1 -2 -7 8 -8 10 11 -9 13 -11
right_child=2 -3 -4 -5 -6 6 7 9 -10 12 -12 -13 -14 -15
leaf_value=-0.011937406198463113 -0.0023593460782351753 0.0061764700883811547 -0.0016408891663615276 0.0008145952412682597 -0.0012010623448136179 0.0024545242742045909 -0.0022191645497562583 -0.0015804228949312972 0.0026230632236199716 6.5062449074042473e-05 -0.0097341231022673794 0.0013289867247704007 0.00039538147467650518 -0.016296340146657377
leaf_weight=257 3026 3324 8644 18634 1588 5941 818 9624 5617 2038 51 3233 38058 386
leaf_count=257 3026 3324 8644 18634 1588 5941 818 9624 5617 2038 51 3233 38058 386
internal_value=0.000132792 0.000758619 -5.96543e-05 0.000385329 -0.00203504 9.31661e-05 0.000180613 3.96927e-05 0.00129946 -0.000112359 -0.00103809 -0.000949328 0.000182999 -0.00214873
internal_weight=101239 23803 77436 20479 1845 68792 65766 59825 6435 53390 12908 12857 40482 2424
internal_count=101239 23803 77436 20479 1845 68792 65766 59825 6435 53390 12908 12857 40482 2424
is_linear=0
shrinkage=0.05


Tree=188
num_leaves=15
num_cat=0
split_feature=43 0 56 49 56 36 44 14 26 55 46 53 36 15
split_gain=4.56421 4.49452 7.77103 5.50383 6.32926 5.65276 6.77509 6.11372 8.10538 11.6724 5.34247 5.27084 7.55072 9.27345
threshold=12.500000000000002 78.799999237060561 72.049999237060561 22.500000000000004 65.099998474121108 11.250000000000002 -1.4474185705184934 29.723573684692386 0.69184976816177379 4.5000000000000009 0.75000000000000011 -0.95752304792404164 25.650000572204593 56.049999237060554
decision_type=8 2 2 10 2 2 2 2 2 2 2 2 2 2
left_child=-1 2 11 5 -5 7 -7 -3 9 -9 -10 12 13 -2
right_child=1 3 -4 4 -6 6 -8 8 10 -11 -12 -13 -14 -15
leaf_value=0.0049489462120781771 0.0028332273748470308 0.0040132094228705426 0.0021512629562549326 -0.0012029165156739773 0.0015069002653439433 -0.00028380290396686067 -0.0029244384536477722 0.00013609734206939956 0.00037406248166147528 -0.0087190303955231498 -0.0087223358576935563 -6.4846673393638481e-05 0.0024871677551961745 -0.033454767128111934
leaf_weight=1473 137 1532 10512 4112 8099 5112 6162 175 3521 138 105 53635 6741 138
leaf_count=1473 137 1532 10512 4112 8099 5112 6162 175 3521 138 105 53635 6741 138
internal_value=0.000156099 0.000115301 0.000328987 -0.000409791 0.000397267 -0.000998209 -0.00163772 0.000320197 -0.000722968 -0.00831269 -4.67545e-05 0.000111357 0.00139909 -0.00657895
internal_weight=101592 100119 71163 28956 12211 16745 11274 5471 3939 313 3626 60651 7016 275
internal_count=101592 100119 71163 28956 12211 16745 11274 5471 3939 313 3626 60651 7016 275
is_linear=0
shrinkage=0.05


Tree=189
num_leaves=15
num_cat=0
split_feature=35 32 24 38 50 44 5 2 49 48 7 16 16 11
split_gain=5.11311 4.51983 6.16157 5.69016 4.46793 5.38163 4.29397 7.23024 4.1855 5.66189 4.04205 3.69152 4.5076 5.83163
threshold=18.500000000000004 -0.68088150024414051 46.500000000000007 15.050000190734865 -0.91597560048103321 -2.8945330381393428 43.850000381469734 43.600000381469734 1.0000000180025095e-35 -1.0500000119209287 53.149999618530281 25.750000000000004 24.750000000000004 47.604166030883796
decision_type=2 2 2 2 2 2 2 2 8 2 2 2 2 2
left_child=6 2 -2 4 5 -4 -1 -8 9 -6 -11 12 -9 -14
right_child=1 -3 3 -5 8 -7 7 11 -10 10 -12 -13 13 -15
leaf_value=-0.00017239537022519809 -0.00046848782415045222 0.00031879505790172592 0.0018010392581687255 -0.00094120593374317607 -0.0031272544229374701 -0.013005506805636426 0.0032672304716203069 -0.0017745331954338818 -0.0011210536758582709 -0.0109024793773407 -0.0016620688904608199 0.00063300565071700747 0.0036490078520885136 -0.011189327426666812
leaf_weight=17665 21883 24979 73 2128 282 156 7268 1242 944 163 67 24360 51 99
leaf_count=17665 21883 24979 73 2128 282 156 7268 1242 944 163 67 24360 51 99
internal_value=0.000100128 -0.000255006 -0.000720454 -0.00257259 -0.00473451 -0.0111088 0.000455173 0.000791705 -0.00366303 -0.00726054 -0.0129167 0.000398261 -0.002097 -0.01
internal_weight=101360 50675 25696 3813 1685 229 50685 33020 1456 512 230 25752 1392 150
internal_count=101360 50675 25696 3813 1685 229 50685 33020 1456 512 230 25752 1392 150
is_linear=0
shrinkage=0.05


Tree=190
num_leaves=15
num_cat=0
split_feature=47 37 19 6 23 43 46 9 14 43 13 37 2 18
split_gain=4.7966 9.04994 11.7178 6.80063 7.48499 5.43832 5.44499 7.08141 4.65099 4.87374 5.11493 5.0526 4.9065 4.44726
threshold=5.3531372547149667 62.500000000000007 149.25000000000003 34.95000076293946 0.73500001430511486 52.500000000000007 1.0000000180025095e-35 140.40000152587893 16.007388114929203 67.500000000000014 85.527084350585952 58.500000000000007 78.099998474121108 -29.749999999999996
decision_type=2 2 2 2 2 8 2 2 2 8 2 2 2 2
left_child=1 8 -3 4 -4 6 -5 -8 -1 10 11 12 -10 -2
right_child=13 2 3 5 -6 -7 7 -9 9 -11 -12 -13 -14 -15
leaf_value=0.0009978625587145427 0.0011592657335952549 0.0032543287581065245 0.00029973012546141085 -0.00098709167319754529 -0.011191693331623689 0.0010410036998866094 -0.0017715112400796562 -0.017439724228597259 -0.0052160566420824551 -0.00079837972248514408 0.00071507034902536085 -0.00013065804864302087 -0.0096411958467255456 -0.00026958180920250624
leaf_weight=4041 7870 14107 62 3319 51 3582 161 71 307 5415 333 234 293 61358
leaf_count=4041 7870 14107 62 3319 51 3582 161 71 307 5415 333 234 293 61358
internal_value=0.000118264 0.000624648 0.00121776 -0.000416207 -0.0120732 -0.000214896 -0.00159927 -0.00884297 -0.000567572 -0.00138653 -0.00430331 -0.00637441 -0.00877049 -0.000115688
internal_weight=101204 31976 21353 7246 113 7133 3551 232 10623 6582 1167 834 600 69228
internal_count=101204 31976 21353 7246 113 7133 3551 232 10623 6582 1167 834 600 69228
is_linear=0
shrinkage=0.05


Tree=191
num_leaves=15
num_cat=0
split_feature=57 19 11 51 33 49 46 40 26 19 9 55 22 50
split_gain=4.48896 10.3674 9.15506 7.70041 6.8629 7.03342 7.15574 4.60941 6.04062 5.93102 7.2789 8.26924 7.79578 7.20901
threshold=89.51666641235353 143.6499938964844 92.522914886474624 -0.7865660786628722 10.650000095367433 27.500000000000004 0.75000000000000011 986.25000000000011 0.65106356143951427 62.300001144409187 38.850000381469734 4.5000000000000009 2242.5000000000005 1.0000000180025095e-35
decision_type=2 2 2 2 2 10 2 2 2 2 2 2 2 2
left_child=2 -2 7 -4 5 6 -3 8 -1 -10 13 -12 -13 -11
right_child=1 4 3 -5 -6 -7 -8 -9 9 10 11 12 -14 -15
leaf_value=0.00048973296149491851 0.0026088505805485851 -0.00048253531885503642 0.00023799519790067576 -0.0046027640330584393 -0.020035679277853154 0.0022845974793142534 -0.008529100903667243 0.0010064930655473388 0.00011836748740292625 -0.0013424181916871513 0.00011680178994723995 -0.0016866715581597168 -0.0042534264115046882 -0.0062908405794806768
leaf_weight=28887 11118 8829 2083 2815 67 3046 412 16323 14701 1568 7183 2505 631 1147
leaf_count=28887 11118 8829 2083 2815 67 3046 412 16323 14701 1568 7183 2505 631 1147
internal_value=0.00014187 0.000747807 -4.09102e-05 -0.00213121 -0.00024911 -0.000155729 -0.000842611 9.97192e-05 -0.000113716 -0.000640656 -0.00141674 -0.000808887 -0.0029466 -0.0037156
internal_weight=101315 23472 77843 4898 12354 12287 9241 72945 56622 27735 13034 10319 3136 2715
internal_count=101315 23472 77843 4898 12354 12287 9241 72945 56622 27735 13034 10319 3136 2715
is_linear=0
shrinkage=0.05


Tree=192
num_leaves=15
num_cat=0
split_feature=36 19 37 21 49 1 23 37 23 17 25 31 14 32
split_gain=5.58174 5.16912 5.53048 5.29937 4.9465 7.94024 6.77019 7.80638 6.1083 5.03573 4.66067 4.56294 4.49125 4.35253
threshold=10.650000095367433 186.94999694824222 79.500000000000014 223.50000000000003 22.500000000000004 188.85000610351565 0.2650000005960465 51.500000000000007 0.5249999761581422 137.30000305175784 4.8500001430511483 3.2534259557724003 69.315029144287124 1.5522398095510841e-15
decision_type=2 2 2 2 10 2 2 2 2 2 2 2 2 2
left_child=1 2 -1 12 5 6 7 11 9 13 -9 -2 -3 -6
right_child=4 3 -4 -5 8 -7 -8 10 -10 -11 -12 -13 -14 -15
leaf_value=-0.00057170058753605861 -0.0032084934223772879 0.00076021175795747348 0.0048100721665558406 -0.0048709036327572739 -0.00080252362853451943 -0.0037420828832879535 -0.00053573029168377175 -0.0048315278955186093 0.0014456945215667789 -0.0061499065953255017 0.0039351411489021828 0.0010312185764028237 -0.0046547197315970979 0.0012592208862703903
leaf_weight=1251 1512 2714 3948 133 11144 1056 48198 84 18069 64 5349 1973 207 5478
leaf_count=1251 1512 2714 3948 133 11144 1056 48198 84 18069 64 5349 1973 207 5478
internal_value=9.98124e-05 0.00134515 0.00230275 -0.000287206 -1.09212e-05 -0.000292874 -0.000213038 0.00105175 0.000460952 -0.000228797 0.00223498 -0.000793991 0.000172296 -0.000170755
internal_weight=101180 8253 5199 3054 92927 58172 57116 8918 34755 16686 5433 3485 2921 16622
internal_count=101180 8253 5199 3054 92927 58172 57116 8918 34755 16686 5433 3485 2921 16622
is_linear=0
shrinkage=0.05


Tree=193
num_leaves=15
num_cat=0
split_feature=0 21 57 19 49 13 38 42 15 9 4 30 16 21
split_gain=4.29386 4.5054 4.33124 4.83815 6.50487 8.21123 6.45991 5.27505 6.0127 8.49339 5.08959 5.08783 5.6543 5.02217
threshold=17.650000572204593 50.500000000000007 28.883333206176761 77.200000762939467 22.500000000000004 46.889583587646491 27.550000190734867 3.8500000238418584 31.300000190734867 53.149999618530281 42.45000076293946 197.50000000000003 21.750000000000004 129.50000000000003
decision_type=2 2 2 2 8 2 2 2 2 2 2 10 2 2
left_child=1 -1 -2 7 5 10 -7 -4 9 13 -5 -10 -13 -9
right_child=2 -3 3 4 -6 6 -8 8 11 -11 -12 12 -14 -15
leaf_value=-0.0026677751658180067 -0.0011084365610232558 0.005319132483163784 0.0027753179548210601 -0.00043413640107033504 0.00049905912693880034 -0.0003729695618310807 -0.033448939260919131 0.0057232673895653736 0.0013134550421601621 -0.01138265673264203 -0.0044982843014613558 0.0025129336989360325 -0.0010111180040601583 -0.0063234874824230035
leaf_weight=214 8480 2724 7482 1074 26275 25538 69 130 12761 54 1912 3762 10604 56
leaf_count=214 8480 2724 7482 1074 26275 25538 69 130 12761 54 1912 3762 10604 56
internal_value=0.000134708 0.00201493 7.82533e-05 0.000180381 -0.000112249 -0.000634024 -0.000344107 0.000641011 0.000319064 -0.0074 -0.00311081 0.000390058 -0.000255286 -0.00188775
internal_weight=101135 2938 98197 89717 54868 28593 25607 34849 27367 240 2986 27127 14366 186
internal_count=101135 2938 98197 89717 54868 28593 25607 34849 27367 240 2986 27127 14366 186
is_linear=0
shrinkage=0.05


Tree=194
num_leaves=15
num_cat=0
split_feature=47 48 15 52 52 13 13 56 23 8 47 56 37 9
split_gain=4.29536 7.0929 5.49277 6.92375 9.66178 9.43766 8.93384 10.5431 8.8142 9.83579 7.88739 6.97595 6.69573 6.01423
threshold=4.8787593841552743 -2.4500000476837154 110.70000076293947 -0.40614700317382807 -0.61237984895706166 180.40178680419925 55.167858123779304 89.049999237060561 0.57499998807907116 109.54999923706056 3.2151923179626469 58.049999237060554 54.500000000000007 83.500000000000014
decision_type=2 2 2 2 2 2 2 2 2 2 2 2 2 2
left_child=1 -1 12 4 5 13 7 -5 10 -10 -6 -12 -3 -4
right_child=-2 2 3 6 8 -7 -8 -9 9 -11 11 -13 -14 -15
leaf_value=0.0035366677255616701 -3.7006509726958563e-05 -0.00041734078572367621 -0.0017430192259780611 -0.010000590023343019 0.005254508575357507 -0.011646892670982855 0.00078203747200416727 0.0043563655340275427 -0.004820921146664596 -0.011331217702205488 -0.0075048307199968986 -0.002548986050625967 0.0038605343965819241 0.0039559750055061958
leaf_weight=5857 76304 3222 1656 138 366 141 6714 97 241 116 105 525 4909 994
leaf_count=5857 76304 3222 1656 138 366 141 6714 97 241 116 105 525 4909 994
internal_value=0.000158045 0.000725559 0.000260996 -0.000462487 -0.00207752 -0.000390932 0.000502228 -0.00887755 -0.00552825 -0.0121662 -0.00305169 -0.00640625 0.00124739 0.000300752
internal_weight=101385 25081 19224 11093 4144 2791 6949 235 1353 357 996 630 8131 2650
internal_count=101385 25081 19224 11093 4144 2791 6949 235 1353 357 996 630 8131 2650
is_linear=0
shrinkage=0.05


Tree=195
num_leaves=15
num_cat=0
split_feature=43 40 40 36 15 13 15 45 38 38 24 57 42 36
split_gain=4.23271 3.69754 4.81799 9.51949 7.85203 9.41542 5.98771 7.04673 6.46985 6.86998 7.11021 8.99096 6.80812 5.67918
threshold=12.500000000000002 974.25000000000011 981.64999389648449 26.550000190734867 41.850000381469734 62.261905670166023 43.850000381469734 -4.46856665611267 21.849999427795414 24.849999427795414 5.5000000000000009 39.349998474121101 7.5499999523162851 25.050000190734867
decision_type=8 2 2 2 2 2 2 2 2 2 2 2 2 2
left_child=-1 -2 3 4 5 -3 7 -6 12 10 11 -10 -8 -13
right_child=1 2 -4 -5 6 -7 8 -9 9 -11 -12 13 -14 -15
leaf_value=0.0043764046861953466 0.0012407739038932692 0.0051001733546415344 0.00026716166536959414 -3.0075570206132266e-05 -0.010021981496463904 -0.0095200828448775837 -0.0036832825432146369 -0.0023326831170376893 -0.00095249645632165087 0.0028145105135226273 -0.0036388556260225063 -0.027977470570475949 0.0020620018963374395 -0.0082304103300863234
leaf_weight=1500 9919 1086 55269 26487 151 50 1893 211 291 402 1461 189 1571 524
leaf_count=1500 9919 1086 55269 26487 151 50 1893 211 291 402 1461 189 1571 524
internal_value=0.000120974 8.10943e-05 -2.03693e-05 -0.000485638 -0.0020162 0.00181501 -0.00266821 -0.00884409 -0.00230169 -0.00405457 -0.0050404 -0.0082643 -0.000843408 -0.0112517
internal_weight=101004 99504 89585 34316 7829 1136 6693 362 6331 2867 2465 1004 3464 713
internal_count=101004 99504 89585 34316 7829 1136 6693 362 6331 2867 2465 1004 3464 713
is_linear=0
shrinkage=0.05


Tree=196
num_leaves=15
num_cat=0
split_feature=0 13 36 44 31 38 13 0 23 43 38 31 16 23
split_gain=4.70211 4.82334 5.53997 5.42959 7.89906 5.2943 8.47506 5.88696 5.34295 5.33356 6.82293 4.9617 4.84281 6.21006
threshold=17.650000572204593 42.295238494873054 32.750000000000007 11.516139984130861 5.7671484947204599 1.7500000000000002 46.311309814453132 41.95000076293946 0.56499999761581432 187.50000000000003 25.250000000000004 6.8536422252655038 13.34999990463257 0.23499999940395358
decision_type=2 2 2 2 2 2 2 2 2 10 2 2 2 2
left_child=-1 2 3 -2 -5 6 -3 9 -8 -7 -11 12 13 -9
right_child=1 5 -4 4 -6 7 8 11 -10 10 -12 -13 -14 -15
leaf_value=0.0036218140212002331 -0.0011879314080101913 -0.0092093783306659346 0.0010352823296802566 -0.004660616947981598 -0.01281094334060319 0.003099628775109161 0.0010480159861849941 -0.009849551142992536 -0.0030312659667729191 -0.00059377144456194617 0.0082406316628297824 0.0022843475186570608 -4.733901260217198e-05 -0.001735160404841376
leaf_weight=2974 14765 161 4498 129 60 8406 482 99 124 6734 1261 3903 57472 340
leaf_count=2974 14765 161 4498 129 60 8406 482 99 124 6734 1261 3903 57472 340
internal_value=0.000112308 5.30253e-05 -0.00065204 -0.00111468 -0.00932161 0.000226732 -0.00388031 0.000267498 -0.00108766 0.00110932 0.00018426 4.3996e-05 -7.2426e-05 -0.00524499
internal_weight=101408 98434 19452 14954 189 78982 767 78215 606 16401 7995 61814 57911 439
internal_count=101408 98434 19452 14954 189 78982 767 78215 606 16401 7995 61814 57911 439
is_linear=0
shrinkage=0.05


Tree=197
num_leaves=15
num_cat=0
split_feature=47 53 56 19 49 31 43 11 44 44 15 24 26 13
split_gain=4.19154 14.6581 6.38391 10.2972 5.54862 8.41504 5.77719 5.69466 6.47248 5.21635 6.01501 6.45703 6.30755 5.12036
threshold=9.3935418128967303 0.94909128546714794 26.250000000000004 41.149999618530281 17.500000000000004 3.9307385683059697 297.50000000000006 32.183332443237312 -1.0824235081672666 0.41868765652179724 86.950000762939467 11.500000000000002 0.88907960057258617 44.352085113525398
decision_type=2 2 2 2 8 2 10 2 2 2 2 2 2 2
left_child=2 -2 -1 -4 5 6 9 8 -8 -5 -11 -12 -13 -7
right_child=1 -3 3 4 -6 13 7 -9 -10 10 11 12 -14 -15
leaf_value=-0.0013379410983467095 -0.00047454482540158809 -0.082523979763617264 0.0050793149440605352 0.00021036729705246502 0.00083707237274067167 -0.0021523527614073388 -0.00094312064429307027 -0.0025705323207626894 -0.0085031672618018396 0.00087094164216984938 -0.0013131554684700016 -0.0037659834069316426 -0.012079884370564072 0.0019265561637859729
leaf_weight=7464 15950 99 5536 18418 32512 966 74 3516 71 2738 4201 1159 236 8218
leaf_count=7464 15950 99 5536 18418 32512 966 74 3516 71 2738 4201 1159 236 8218
internal_value=0.000161514 -0.000579426 0.000301284 0.000435581 0.000275864 -0.000121569 -0.000522138 -0.00238218 -0.0117742 -0.000266796 -0.00130393 -0.00224224 -0.00517794 0.00120405
internal_weight=101158 16049 85109 77645 72109 39597 30413 3661 145 26752 8334 5596 1395 9184
internal_count=101158 16049 85109 77645 72109 39597 30413 3661 145 26752 8334 5596 1395 9184
is_linear=0
shrinkage=0.05


Tree=198
num_leaves=15
num_cat=0
split_feature=44 54 13 16 38 24 31 26 46 40 12 38 53 38
split_gain=4.20439 7.73159 16.8761 14.1504 12.2792 9.53818 7.56253 6.48807 6.15228 5.25765 5.06662 7.04187 10.3026 6.17793
threshold=4.821810483932496 10.500000000000002 70.185417175292983 17.250000000000004 8.2500000000000018 15.500000000000002 5.0869722366333017 0.99279317259788524 1.0000000180025095e-35 974.35000610351574 50.884027481079109 17.050000190734867 0.34840355813503271 11.250000000000002
decision_type=2 2 2 2 2 2 2 2 2 2 2 2 2 2
left_child=6 5 3 -3 -5 7 9 -2 10 -1 -7 12 13 -12
right_child=1 2 -4 4 -6 8 -8 -9 -10 -11 11 -13 -14 -15
leaf_value=0.0016609013322260602 0.0015689554391706472 -0.0012759334781165268 -0.0012503647487591624 -0.087215914901609459 -0.0097034469340193299 -0.0011033896664872996 0.0020520849142272274 -0.009635874318038376 0.0021936786850139055 -0.0001116870028637343 -0.0076720015141627908 -0.0003512835922543252 -0.0010624921839513224 -0.0043221545595545944
leaf_weight=8098 7869 197 3206 89 134 3088 10259 147 1358 64974 223 727 612 425
leaf_count=8098 7869 197 3206 89 134 3088 10259 147 1358 64974 223 727 612 425
internal_value=7.8686e-05 -0.000612386 -0.00267327 -0.0119767 -0.0203219 -9.37131e-05 0.000228639 0.00105657 -0.00152646 5.00809e-05 -0.00232547 -0.00428893 -0.00653543 -0.0108815
internal_weight=101406 18075 3626 420 223 14449 83331 8016 6433 73072 5075 1987 1260 648
internal_count=101406 18075 3626 420 223 14449 83331 8016 6433 73072 5075 1987 1260 648
is_linear=0
shrinkage=0.05


Tree=199
num_leaves=15
num_cat=0
split_feature=0 56 49 43 19 53 0 26 24 38 44 38 22 56
split_gain=4.46868 6.31767 5.90564 7.02157 7.78302 8.89709 12.453 7.86442 6.1829 12.2597 6.79335 6.00655 5.9784 5.73099
threshold=28.550000190734867 30.349999427795414 22.500000000000004 37.500000000000007 147.85000610351565 0.36447542905807501 78.799999237060561 0.70791533589363109 10.500000000000002 15.34999990463257 -2.711922168731689 17.849999427795414 2298.0000000000005 32.750000000000007
decision_type=2 2 10 8 2 2 2 2 2 2 2 2 2 2
left_child=1 -1 3 4 5 6 13 -8 -6 10 -10 -9 -12 -2
right_child=2 -3 -4 -5 8 -7 7 11 9 -11 12 -13 -14 -15
leaf_value=1.2153894124686927e-05 -0.0062863779779363683 0.0041368550906855867 0.00057298831155035265 -0.00075751180023963345 -0.00014235875024681233 0.0044545352378378457 -0.0012776972849625667 -0.0085210610787469759 -0.001961926815797784 -0.00047065713589892637 -0.0094926531620428203 -0.0061346870519861261 -0.011587078287338792 0.0018901586777454597
leaf_weight=7804 304 5418 32375 40992 3959 5396 322 108 89 718 106 173 125 3335
leaf_count=7804 304 5418 32375 40992 3959 5396 322 108 89 718 106 173 125 3335
internal_value=6.98384e-05 0.000926542 -5.8969e-05 -0.000371425 0.000568454 0.00139822 -0.000315146 -0.00690865 -0.00103156 -0.00444656 -0.0124242 -0.0128694 -0.0167842 0.000793368
internal_weight=101224 13222 88002 55627 14635 9638 4242 603 4997 1038 320 281 231 3639
internal_count=101224 13222 88002 55627 14635 9638 4242 603 4997 1038 320 281 231 3639
is_linear=0
shrinkage=0.05


Tree=200
num_leaves=15
num_cat=0
split_feature=6 13 57 43 33 49 19 13 11 33 23 17 25 12
split_gain=4.35209 8.68311 6.54077 5.82748 8.06135 6.61891 7.16705 6.14562 6.15323 5.57543 5.49341 5.42671 9.88873 5.27133
threshold=66.950000762939467 62.261905670166023 88.750000000000014 627.50000000000011 9.5500001907348651 42.500000000000007 146.90000152587893 141.17559814453128 138.79375457763675 19.849999427795414 0.085000000894069686 3.3500000238418584 19.550000190734867 71.172222137451186
decision_type=2 2 2 10 2 10 2 2 2 2 2 2 2 2
left_child=1 10 11 5 7 6 -4 -5 -9 -3 -1 12 -2 -12
right_child=2 9 3 4 -6 -7 -8 8 -10 -11 13 -13 -14 -15
leaf_value=-0.0048579695108544431 -0.0013524168125804226 0.0024304766896385333 0.0014519166579986594 0.0030099986558123591 -0.019736679393625806 0.0033721805815353023 -0.00087760220194023201 -0.019651772354699747 -0.002272696702860066 -0.0064643456353085955 0.000134114802060836 -0.00037188944981596147 -0.0067764664109189647 -0.0064093198667300108
leaf_weight=163 5593 13453 7575 383 56 3080 9204 63 246 114 48473 11148 1391 473
leaf_count=163 5593 13453 7575 383 56 3080 9204 63 246 114 48473 11148 1391 473
internal_value=7.3207e-05 0.000330696 -0.000343364 0.000266043 -0.00403694 0.000430067 3.84182e-05 -0.00240741 -0.00753918 0.00144988 2.1275e-05 -0.00103572 -0.00212754 5.27006e-05
internal_weight=101415 62676 38739 20607 748 19859 16779 692 309 13567 49109 18132 6984 48946
internal_count=101415 62676 38739 20607 748 19859 16779 692 309 13567 49109 18132 6984 48946
is_linear=0
shrinkage=0.05


Tree=201
num_leaves=15
num_cat=0
split_feature=36 1 57 12 13 44 10 49 0 43 26 10 37 50
split_gain=4.15992 4.55385 7.1296 7.10637 4.72189 4.57661 4.54619 4.43835 6.41403 6.27183 5.38349 5.30889 6.05622 9.64768
threshold=10.650000095367433 146.44999694824222 167.78333282470706 160.17708587646487 133.12380981445315 -0.19943831861019132 157.17499542236331 22.500000000000004 25.750000000000004 247.50000000000003 0.65106356143951427 194.50833129882815 56.500000000000007 1.0000000180025095e-35
decision_type=2 2 2 2 2 2 2 10 2 10 2 2 2 2
left_child=1 -1 3 4 5 -3 -7 8 9 -2 -9 12 -10 -14
right_child=7 2 -4 -5 -6 6 -8 10 11 -11 -12 -13 13 -15
leaf_value=0.0022419063825628682 0.0028813231471738997 -0.00021493106154754215 0.0010007313382094346 -0.0050730596394484078 0.0030196993469824998 -0.00058321554060997464 -0.0077467697196602712 0.0021927246225918857 -0.0014500898354032814 -0.0019440926704026641 3.9517356442538531e-05 -0.0030360752895106317 0.0010733975200186766 -0.00078659610985569299
leaf_weight=5184 5483 223 2153 170 411 89 139 9812 12672 2005 24910 801 14550 22621
leaf_count=5184 5483 223 2153 170 411 89 139 9812 12672 2005 24910 801 14550 22621
internal_value=8.41131e-05 0.00115109 -0.000336463 -0.00373321 -0.00182339 -0.00530369 -0.0101261 -1.21681e-05 -0.000279316 0.00108562 0.000435046 -0.000481304 -0.000415923 -9.39994e-05
internal_weight=101223 8369 3185 1032 862 451 228 92854 58132 7488 34722 50644 49843 37171
internal_count=101223 8369 3185 1032 862 451 228 92854 58132 7488 34722 50644 49843 37171
is_linear=0
shrinkage=0.05


Tree=202
num_leaves=15
num_cat=0
split_feature=47 24 53 20 13 52 40 15 53 18 49 47 8 21
split_gain=4.43184 7.4569 8.84975 6.26719 5.92663 4.99729 15.317 11.8549 9.44407 6.42731 8.74585 8.94654 8.69176 6.18519
threshold=6.3525061607360849 10.500000000000002 0.9974811077117921 27.250000000000004 186.60624694824222 -0.65234524011611927 991.64999389648449 37.750000000000007 -0.95752304792404164 33.649999618530281 5.0268940925598153 5.6020832061767587 62.500000000000007 1.0000000180025095e-35
decision_type=2 2 2 2 2 2 2 2 2 2 8 2 2 2
left_child=1 3 4 -1 5 6 7 -3 -7 -10 11 12 -11 -9
right_child=-2 2 -4 -5 -6 8 -8 13 9 10 -12 -13 -14 -15
leaf_value=0.0038604267321614839 -0.00014348088728237057 -0.010590807917823221 -0.009750586962413741 0.00069579246951353535 -0.0057227662703007972 0.0017788960506943379 -0.0089374783536927908 -0.0052485874715496993 -0.0014594733487343968 -0.016305651889520045 -0.0024490818494378452 0.0025822973627477454 -0.002555728684161325 0.0017524048364838084
leaf_weight=7967 52806 70 56 20146 115 2936 75 325 8051 91 398 71 64 8188
leaf_count=7967 52806 70 56 20146 115 2936 75 325 8051 91 398 71 64 8188
internal_value=0.000176533 0.000521282 -0.000205379 0.0010495 -0.000146121 -7.91457e-05 0.000829488 0.00103747 -0.000756819 -0.00158607 -0.00643533 -0.0140678 -0.0204545 0.00121612
internal_weight=101359 48553 20440 28113 20384 20269 8658 8583 11611 8675 624 226 155 8513
internal_count=101359 48553 20440 28113 20384 20269 8658 8583 11611 8675 624 226 155 8513
is_linear=0
shrinkage=0.05


Tree=203
num_leaves=15
num_cat=0
split_feature=28 14 34 52 15 11 50 51 50 50 33 26 49 47
split_gain=4.15058 8.83008 8.58618 5.40188 12.0167 16.3501 5.2066 7.36836 9.98726 8.92237 10.3584 10.3176 6.83107 6.23063
threshold=45.500000000000007 19.899414062500004 6.3500001430511483 -0.94705909490585316 80.450000762939467 59.056249618530281 0.78656607866287243 0.12940952181816107 0.12940952181816109 -0.37940952181816096 1.4499999880790713 0.89488834142684948 -32.499999999999993 5.1951191425323495
decision_type=2 2 2 2 2 2 2 2 2 2 2 2 10 2
left_child=1 3 6 4 -1 -6 7 9 -9 11 -11 12 -2 -8
right_child=2 -3 -4 -5 5 -7 13 8 -10 10 -12 -13 -14 -15
leaf_value=0.0047621099580294011 -0.0027085617998548789 0.0043552448407651713 -0.0090627601580080645 0.00037246209911760925 -0.040178194382952795 -0.0029556360659793298 0.00065966070300725295 0.0017023571004630414 -0.00057327311623797629 0.0018435927071635762 -0.0025159814635102255 -0.0034202093035773269 0.00016305256848355207 -0.001956458782769102
leaf_weight=291 2364 5645 69 15843 63 186 4686 22410 10407 10506 3754 4296 10383 10307
leaf_count=291 2364 5645 69 15843 63 186 4686 22410 10407 10506 3754 4296 10383 10307
internal_value=0.000125469 0.000732372 -4.34385e-05 0.000144269 -0.00472727 -0.0125676 -2.69831e-05 0.000169188 0.00069257 -0.000379555 0.000543098 -0.00115141 -0.000436231 -0.000865493
internal_weight=101210 22028 79182 16383 540 249 79113 64120 32817 31303 14260 17043 12747 14993
internal_count=101210 22028 79182 16383 540 249 79113 64120 32817 31303 14260 17043 12747 14993
is_linear=0
shrinkage=0.05


Tree=204
num_leaves=15
num_cat=0
split_feature=28 37 47 52 14 26 46 56 12 19 52 19 47 16
split_gain=4.32211 7.51895 5.57716 6.98712 7.19832 10.6943 7.34812 8.18778 12.1719 10.3951 9.78482 8.40374 7.1725 6.6452
threshold=47.500000000000007 45.500000000000007 7.129289150238038 0.73865729570388805 14.112707614898683 0.30636122822761541 1.0000000180025095e-35 57.649999618530281 78.097221374511733 220.50000000000003 -0.43733984231948847 83.500000000000014 5.5281746387481698 44.149999618530281
decision_type=2 2 2 2 2 2 2 2 2 2 2 2 2 2
left_child=1 -1 3 4 -2 12 7 8 -7 -9 11 -10 -6 -12
right_child=2 -3 -4 -5 5 6 -8 9 10 -11 13 -13 -14 -15
leaf_value=-4.0290487021938378e-05 0.0018934870297530556 0.0028836619854746199 -0.00062170895053524991 -0.001695793530036881 -0.019159565288140334 0.00018975068346006757 -0.001832721016218097 0.001759965867966907 -0.018994204893565934 -0.0012407128244324853 0.0030061063235384826 -0.0054282174987930485 -0.0028298719626090865 -0.0057137825065342786
leaf_weight=13507 13897 10376 27489 5610 50 3313 5385 16114 199 4240 446 374 95 271
leaf_count=13507 13897 10376 27489 5610 50 3313 5385 16114 199 4240 446 374 95 271
internal_value=0.00012212 0.000710041 -5.91664e-05 0.00025538 0.000465604 3.55775e-05 0.000102465 0.000464013 -0.00143833 0.000894716 -0.00553846 -0.0103516 -0.0130645 -0.00160248
internal_weight=101366 23883 77483 49994 44384 30487 30342 24957 4603 20354 1290 573 145 717
internal_count=101366 23883 77483 49994 44384 30487 30342 24957 4603 20354 1290 573 145 717
is_linear=0
shrinkage=0.05


Tree=205
num_leaves=15
num_cat=0
split_feature=47 48 51 14 49 50 42 33 27 1 33 48 38 24
split_gain=4.89251 6.42807 6.83128 7.40735 6.01218 6.55628 5.39691 4.711 6.52812 6.9083 6.09259 7.33465 5.58132 6.7336
threshold=4.8472135066986093 -1.7499999999999998 -0.12940952181816107 73.10135650634767 42.500000000000007 -0.6035533845424651 2.5499999523162846 1.8499999642372134 33.250000000000007 55.549999237060554 2.0499999523162846 -0.25000000745058054 10.949999809265138 4.5000000000000009
decision_type=2 2 2 2 10 2 2 2 2 2 2 2 2 2
left_child=1 -1 4 -4 5 6 -3 12 10 -10 11 -9 13 -2
right_child=7 2 3 -5 -6 -7 -8 8 9 -11 -12 -13 -14 -15
leaf_value=0.0030890354521456009 0.00041329918254869513 -0.012387875938542028 0.0015680048935381549 -0.00592202851073981 -2.465224366752046e-06 -0.0015079590347075412 -0.0027887705427275724 0.00023321094955578719 -0.0020279089716883562 -0.010733428396521562 -0.00054780027385794422 -0.0085570604091476706 0.00046080886016806855 -0.0015316417840846141
leaf_weight=6601 9400 321 9382 120 6091 1698 432 242 659 388 13157 237 42105 10367
leaf_count=6601 9400 321 9382 120 6091 1698 432 242 659 388 13157 237 42105 10367
internal_value=4.34742e-05 0.000656054 0.000167276 0.00108915 -0.000858279 -0.00294392 -0.00679554 -0.000153791 -0.00095862 -0.00474456 -0.000664663 -0.00614519 3.73293e-05 -0.000655559
internal_weight=101200 24645 18044 9502 8542 2451 753 76555 14683 1047 13636 479 61872 19767
internal_count=101200 24645 18044 9502 8542 2451 753 76555 14683 1047 13636 479 61872 19767
is_linear=0
shrinkage=0.05


Tree=206
num_leaves=15
num_cat=0
split_feature=47 26 48 51 24 11 33 46 38 4 52 13 55 41
split_gain=4.86518 8.27852 6.1007 5.97028 4.78416 4.88171 10.6288 7.61957 5.73863 6.25203 5.94657 26.4321 19.4936 6.80429
threshold=3.8955533504486088 0.78845849633216869 -1.6500000357627866 0.37940952181816107 41.500000000000007 101.96458435058595 1.0000000180025095e-35 11.949999809265138 14.84999990463257 129.69999694824222 -0.94705909490585316 63.012203216552741 2.5000000000000004 37.500000000000007
decision_type=2 2 2 2 2 2 2 2 2 2 2 2 2 2
left_child=2 4 -1 -4 -2 8 -7 -8 -6 10 11 13 -13 -10
right_child=1 -3 3 -5 5 6 7 -9 9 -11 -12 12 -14 -15
leaf_value=0.0041980405277829399 0.0005969491968134239 -0.0011759285000157685 -0.00071707569532644916 0.0024083152740278814 -0.0014840619579509487 0.0047302107892515655 -0.016317587840066341 0.010233922840301335 0.0027712663646637485 -0.015256124537362026 0.00057170317657607723 -0.00061525418353098888 -0.041093959326658991 -0.014248640510431702
leaf_weight=3520 50178 17325 6134 3672 5584 180 144 60 677 97 13855 68 77 50
leaf_count=3520 50178 17325 6134 3672 5584 180 144 60 677 97 13855 68 77 50
internal_value=0.000131899 -2.5478e-06 0.00102205 0.000379992 0.000236687 -0.000400923 -0.00591371 -0.0134579 -0.000294348 0.00022044 0.000307729 -0.00367347 -0.0224194 0.00031886
internal_weight=101621 88295 13326 9806 70970 20792 384 204 20408 14824 14727 872 145 727
internal_count=101621 88295 13326 9806 70970 20792 384 204 20408 14824 14727 872 145 727
is_linear=0
shrinkage=0.05


Tree=207
num_leaves=15
num_cat=0
split_feature=19 56 11 51 36 17 44 54 40 52 37 36 13 49
split_gain=5.07771 7.00043 5.82589 4.49209 5.00138 4.32881 5.47506 5.24737 5.17871 8.85649 4.33557 5.73689 6.3917 4.69729
threshold=60.899999618530281 43.95000076293946 88.606250762939467 0.12940952181816107 26.750000000000004 7.2500000000000009 0.37468813359737402 8.5000000000000018 973.85000610351574 -0.78326541185379017 55.500000000000007 32.850000381469734 75.240776062011733 22.500000000000004
decision_type=2 2 2 2 2 2 2 2 2 2 2 2 2 8
left_child=1 2 3 -1 -5 6 7 8 9 -2 11 12 -8 -12
right_child=5 -3 -4 4 -6 -7 10 -9 -10 -11 13 -13 -14 -15
leaf_value=-0.00040538615478567835 -0.011560365794133247 0.0030905791886205124 -0.005162061929072214 0.00026738526759397901 0.0050386993689399643 0.00035451824268165267 -0.0042139009069621586 0.0012734273420010025 -0.00090504181473882337 0.0027584470621711717 -0.0012664650810420321 -0.00022906227832745194 -0.00067314084158549674 0.0006114802028875649
leaf_weight=12825 74 8861 82 4937 2706 30600 1968 8396 13351 2924 7593 1830 1159 3773
leaf_count=12825 74 8861 82 4937 2706 30600 1968 8396 13351 2924 7593 1830 1159 3773
internal_value=0.00011668 0.00066976 0.000162938 0.00021926 0.00117797 -0.000110354 -0.000445737 2.32278e-05 -0.000498502 0.00137633 -0.00115625 -0.00238877 -0.00368664 -0.000617088
internal_weight=101079 29411 20550 20468 7643 71668 41068 24745 16349 2998 16323 4957 3127 11366
internal_count=101079 29411 20550 20468 7643 71668 41068 24745 16349 2998 16323 4957 3127 11366
is_linear=0
shrinkage=0.05


Tree=208
num_leaves=15
num_cat=0
split_feature=47 20 0 43 24 29 47 53 38 52 52 30 41 4
split_gain=5.27168 5.65846 4.78873 5.70189 4.78462 4.6337 6.95792 11.0349 5.52527 6.10187 14.4838 7.69386 6.53949 5.58532
threshold=3.0447223186492924 126.25000000000001 33.149999618530281 242.50000000000003 5.5000000000000009 5.7500000000000009 9.2815341949462908 0.94909128546714794 22.849999427795414 -0.71504372358322132 -0.85227432847022999 1847.5000000000002 73.500000000000014 103.70000076293947
decision_type=2 2 2 8 2 2 2 2 2 2 2 8 2 2
left_child=1 4 3 -2 -1 -4 -7 8 13 10 -10 12 -11 -8
right_child=2 -3 5 -5 -6 6 7 -9 9 11 -12 -13 -14 -15
leaf_value=0.0047777209443431506 0.0030418700480913143 -0.0028431138895259871 -0.00074930123111896106 1.3770535146684094e-06 0.00012500244835960791 0.00057098295631893717 0.00038745184579390217 -0.057269049112331029 0.00080724653339088535 0.0027030032507839872 -0.0098745016162272159 -0.0094887862342394238 -0.0050873319922874038 -0.0035630489294733204
leaf_weight=3126 7375 479 34435 11503 1991 33063 6073 86 243 998 219 137 823 767
leaf_count=3126 7375 479 34435 11503 1991 33063 6073 86 243 998 219 137 823 767
internal_value=6.70103e-05 0.00155726 -2.02647e-05 0.000693033 0.00204506 -0.000195565 0.000154294 -0.00104959 -0.000873786 -0.00292181 -0.00802966 -0.00168191 -0.000789186 -0.000145985
internal_weight=101318 5596 95722 18878 5117 76844 42409 9346 9260 2420 462 1958 1821 6840
internal_count=101318 5596 95722 18878 5117 76844 42409 9346 9260 2420 462 1958 1821 6840
is_linear=0
shrinkage=0.05


Tree=209
num_leaves=15
num_cat=0
split_feature=18 6 40 44 12 16 54 47 43 34 56 12 15 50
split_gain=4.12206 7.34077 6.16264 6.14694 5.61689 5.75993 5.55108 6.92678 5.19107 4.74789 4.72555 8.92508 6.39722 6.37559
threshold=-29.749999999999996 63.899999618530281 987.04998779296886 0.35348723828792578 66.677085876464858 64.40000152587892 3.5000000000000004 12.379473686218263 67.500000000000014 -3.2499999999999996 21.150000572204593 48.685417175292976 60.899999618530281 -0.91597560048103321
decision_type=2 2 2 2 2 2 2 2 8 2 2 2 2 2
left_child=9 2 10 4 5 -3 -5 -8 -4 -1 11 13 -13 -2
right_child=1 3 8 6 -6 -7 7 -9 -10 -11 -12 12 -14 -15
leaf_value=-0.0026158346693707117 -0.0072870024112963883 -0.0011513029970802407 0.0047429913922091491 -5.6106043627937466e-06 0.00055419224530648217 -0.0077938590521515446 -0.0019682455074915314 -0.049913093485840471 0.00094686321265382081 0.0015331510764567738 0.00028983801862046677 -0.011343265101880636 -0.0012652142530343797 0.00019247819575266765
leaf_weight=670 779 3994 3440 4871 12892 142 9090 57 8000 10603 43646 114 115 3084
leaf_count=670 779 3994 3440 4871 12892 142 9090 57 8000 10603 43646 114 115 3084
internal_value=0.000137281 2.46029e-05 0.000351254 -0.000597952 4.04979e-05 -0.00156054 -0.00137297 -0.00209839 0.00139301 0.00103829 0.000101366 -0.00152121 -0.0108996 -0.000938549
internal_weight=101497 90224 59178 31046 17028 4136 14018 9147 11440 11273 47738 4092 229 3863
internal_count=101497 90224 59178 31046 17028 4136 14018 9147 11440 11273 47738 4092 229 3863
is_linear=0
shrinkage=0.05


Tree=210
num_leaves=15
num_cat=0
split_feature=19 43 11 57 43 4 40 52 12 13 14 9 16 55
split_gain=3.63962 8.28922 9.71775 5.17043 6.00061 6.1116 5.39751 7.7125 7.66537 6.38341 5.92107 5.52708 5.49766 6.29487
threshold=68.349998474121108 242.50000000000003 93.441665649414077 63.95000076293946 1027.5000000000002 42.199998855590827 978.35000610351574 0.71503382921218883 95.521526336669936 41.776487350463874 40.231615066528327 75.549999237060561 48.350000381469734 3.5000000000000004
decision_type=2 8 2 2 8 2 2 2 2 2 2 2 2 2
left_child=1 -1 -3 4 5 -2 7 -7 9 -8 11 -10 -13 -14
right_child=3 2 -4 -5 -6 6 8 -9 10 -11 -12 12 13 -15
leaf_value=0.0017584459043473357 0.00019953009261586426 -1.7471667502194861e-05 -0.0058248840885559618 0.00031873996573916459 0.00023269764890670566 -0.0028562986906143484 -0.0044281728276584142 -0.012131112215471362 -0.013422577613563967 0.00029806548071212139 -0.0003578944678631138 0.0027849228413378683 -0.007893976993580203 -0.0033404343940245831
leaf_weight=17113 5453 19581 351 35774 10896 4835 957 203 82 5677 208 98 58 57
leaf_count=17113 5453 19581 351 35774 10896 4835 957 203 82 5677 208 98 58 57
internal_value=0.000130879 0.00052557 -0.000167486 -9.65663e-05 -0.000598584 -0.0011685 -0.00179114 -0.00304279 -0.000904575 -0.000448525 -0.00679337 -0.0112295 -0.00643498 -0.0134
internal_weight=101343 37045 19932 64298 28524 17628 12175 5038 7137 6634 503 295 213 115
internal_count=101343 37045 19932 64298 28524 17628 12175 5038 7137 6634 503 295 213 115
is_linear=0
shrinkage=0.05


Tree=211
num_leaves=15
num_cat=0
split_feature=57 10 47 10 52 40 26 51 23 25 15 12 12 56
split_gain=4.31057 5.52361 5.74295 5.38201 9.1215 4.38261 4.23506 5.68801 4.88027 4.64655 7.03929 4.94523 5.23076 4.39785
threshold=147.216667175293 137.72499847412112 3.0447223186492924 166.05000305175784 0.43733377754688268 972.35000610351574 0.89488834142684948 0.37940952181816107 0.17500000447034839 33.049999237060554 192.09999847412112 83.909027099609389 102.11666870117189 14.050000190734865
decision_type=2 2 2 2 2 2 2 2 2 2 2 2 2 2
left_child=1 2 5 -2 -5 -1 8 9 13 -8 11 -11 -13 -4
right_child=3 -3 6 4 -6 -7 7 -9 -10 10 -12 12 -14 -15
leaf_value=-0.0018181443611991054 0.0032050313056906153 -0.0015456724960890929 -0.0036895237514284578 0.00018708055169160712 -0.012128381203368869 0.0032224017564849751 -0.0017471636455999506 0.00048211321578923571 8.902517334802026e-05 0.0015940720573670555 0.0021356341711618165 -0.021358954947622053 -0.0035560329730490621 0.0041916453822088339
leaf_weight=107 3768 4287 262 3862 56 3203 7510 5036 70193 64 178 88 103 2476
leaf_count=107 3768 4287 262 3862 56 3203 7510 5036 70193 64 178 88 103 2476
internal_value=0.000107359 1.3741e-05 9.80614e-05 0.0012448 -5.34621e-05 0.00213855 1.92041e-05 -0.00081261 0.000167327 -0.00164529 -0.00662528 -0.0117925 -0.0156468 0.00223435
internal_weight=101193 93507 89220 7686 3918 3310 85910 12979 72931 7943 433 255 191 2738
internal_count=101193 93507 89220 7686 3918 3310 85910 12979 72931 7943 433 255 191 2738
is_linear=0
shrinkage=0.05


Tree=212
num_leaves=15
num_cat=0
split_feature=47 48 40 47 53 36 53 28 52 16 7 53 38 16
split_gain=4.10954 6.32814 4.16305 5.24871 5.55852 16.4078 4.29893 4.13294 6.41542 10.383 7.03389 4.96646 9.2505 10.8508
threshold=3.7431677579879765 -2.3500000238418575 973.95001220703136 10.821825027465822 -0.82413947582244862 31.44999980926514 -0.9711191952228545 47.500000000000007 0.9970000982284547 13.550000190734865 47.049999237060554 -0.048362832516431802 25.050000190734867 67.40000152587892
decision_type=2 2 2 2 2 2 2 2 2 2 2 2 2 2
left_child=1 -1 3 6 -5 -6 -2 8 -4 -10 -11 12 13 -9
right_child=2 -3 7 4 5 -7 -8 11 9 10 -12 -13 -14 -15
leaf_value=0.0043733356460414685 0.0037169774898145203 0.00026088888400067331 0.00080780024726323811 -0.0007042675376895273 -0.013144387600121052 0.006187301027698878 0.00051217572011338637 -0.0017725822296862483 0.0016245814526213475 -0.0050409170605320202 -0.01140104806468285 2.9051582402831816e-05 0.00055130428987727471 -0.015872121135298411
leaf_weight=2680 3174 8949 18846 923 51 77 4331 18175 564 335 123 34705 8165 126
leaf_count=2680 3174 8949 18846 923 51 77 4331 18175 564 335 123 34705 8165 126
internal_value=5.65029e-05 0.000940373 -5.83113e-05 0.00098996 -0.00230443 -0.0116667 0.00145376 -0.000169095 0.00045729 -0.00338178 -0.00888889 -0.000372583 -0.000888352 -0.00151248
internal_weight=101224 11629 89595 8556 1051 128 7505 81039 19868 1022 458 61171 26466 18301
internal_count=101224 11629 89595 8556 1051 128 7505 81039 19868 1022 458 61171 26466 18301
is_linear=0
shrinkage=0.05


Tree=213
num_leaves=15
num_cat=0
split_feature=40 0 38 13 36 16 16 6 34 5 44 9 18 33
split_gain=4.08003 4.28628 4.92311 4.89809 6.7053 5.49082 11.8118 5.37695 5.17556 5.13635 4.98275 5.11329 4.981 5.15344
threshold=995.04998779296886 25.750000000000004 8.1500000953674334 39.417560577392585 33.250000000000007 32.049999237060554 31.44999980926514 47.049999237060554 6.4500000476837167 11.250000000000002 -3.2890467643737789 49.750000000000007 -22.650000572204586 14.050000190734865
decision_type=2 2 2 2 2 2 2 2 2 2 2 2 2 2
left_child=1 2 -1 4 5 6 10 -5 9 -9 -3 -12 13 -11
right_child=-2 3 -4 7 -6 -7 -8 8 -10 12 11 -13 -14 -15
leaf_value=-0.001428495231500332 0.0033980198763148839 -0.0003788509732284307 0.0022715089220400031 0.001041573319422078 0.0016630600490669179 0.0015764743650485927 -0.017489496955498954 -0.0075885600668462094 -0.0070811820979573671 0.0010649904662793838 -0.0038310719060737431 -6.5161813213148054e-07 -0.00042768242213307077 -0.004624112384221433
leaf_weight=2002 1852 3489 7866 21431 2273 1039 99 51 63 12836 3673 1190 43043 461
leaf_count=2002 1852 3489 7866 21431 2273 1039 99 51 63 12836 3673 1190 43043 461
internal_value=7.63481e-05 3.29564e-05 0.00102146 -7.59551e-05 -0.0010265 -0.00161053 -0.00203227 6.77196e-05 -0.000188261 -0.000171007 -0.00181655 -0.00284937 -0.000155279 0.000690238
internal_weight=101368 99516 9868 89648 11763 9490 8451 77885 56454 56391 8352 4863 56340 13297
internal_count=101368 99516 9868 89648 11763 9490 8451 77885 56454 56391 8352 4863 56340 13297
is_linear=0
shrinkage=0.05


Tree=214
num_leaves=15
num_cat=0
split_feature=44 31 36 21 29 32 24 7 23 31 50 52 33 13
split_gain=3.86814 5.66424 6.09501 4.70645 6.98199 4.37222 5.32334 4.2668 6.08876 5.45111 3.85572 4.18503 7.63286 28.385
threshold=4.3456325531005868 5.0869722366333017 22.250000000000004 85.500000000000014 11.250000000000002 0.3279553502798081 33.500000000000007 48.350000381469734 0.33500000834465032 5.3805353641510019 0.91597560048103344 -0.94705909490585316 1.6500000357627871 73.06577301025392
decision_type=2 2 2 2 2 2 2 2 2 2 2 2 2 2
left_child=1 10 -3 4 -4 6 -2 -8 -9 -10 11 12 -1 -14
right_child=5 2 3 -5 -6 -7 7 8 9 -11 -12 -13 13 -15
leaf_value=-8.2319558323600564e-05 -0.00048016650627525509 0.004438375680786563 -0.0010566128992993615 0.0018786782730239489 -0.0058814622468771329 0.00089763827205402024 -0.0015373226096070565 -0.007870974369611464 -0.00045545824474148213 -0.0057724220978047393 -0.0013289211819849979 0.00039215736412880021 -0.0016098472607144901 -0.014870410999548143
leaf_weight=5855 12698 4553 1718 3202 221 5146 1668 224 555 164 9575 54241 1229 128
leaf_count=5855 12698 4553 1718 3202 221 5146 1668 224 555 164 9575 54241 1229 128
internal_value=5.81598e-05 0.000213794 0.00134687 0.000165987 -0.0017727 -0.000555827 -0.000979502 -0.00303129 -0.00570304 -0.00336763 5.89827e-05 0.000204432 -0.000926336 -0.00429042
internal_weight=101177 80722 9694 5141 1939 20455 15309 2611 943 719 71028 61453 7212 1357
internal_count=101177 80722 9694 5141 1939 20455 15309 2611 943 719 71028 61453 7212 1357
is_linear=0
shrinkage=0.05


Tree=215
num_leaves=15
num_cat=0
split_feature=19 56 18 47 23 45 44 4 56 19 1 49 23 31
split_gain=4.31355 5.81123 5.59674 9.55514 3.87749 4.39434 4.24635 3.67884 7.76017 4.78032 4.54138 3.96931 6.03588 4.3605
threshold=40.549999237060554 21.150000572204593 6.9500000476837167 10.628869056701662 0.61500000953674328 3.6017768383026127 0.85758596658706676 28.150000572204593 28.150000572204593 41.149999618530281 86.700000762939467 17.500000000000004 0.19500000029802325 -4.9812779426574698
decision_type=2 2 2 2 2 2 2 2 2 2 2 10 2 2
left_child=1 4 -3 -4 6 -6 -1 9 -9 -2 -11 12 -10 -14
right_child=7 2 3 -5 5 -7 -8 8 11 10 -12 -13 13 -15
leaf_value=0.0024882945511412844 -0.013141960636126888 0.0035862821510811746 -6.020560792074476e-05 -0.010535120839836999 -0.0025638057406417929 -0.057287430281678112 -0.0024409298034484754 -0.0034425108497064131 0.0029886654671561937 0.001922077773791462 -0.009040324146099352 0.00054986299416738028 0.00050642045019647628 -0.0006656890033441442
leaf_weight=1365 76 7506 561 87 138 51 1444 2520 2256 7897 150 28562 11678 36859
leaf_count=1365 76 7506 561 87 138 51 1444 2520 2256 7897 150 28562 11678 36859
internal_value=0.000135429 0.00106253 0.00175404 -0.00267477 -0.000817819 -0.00756281 -0.000338772 2.04428e-05 -8.02953e-05 0.00103467 0.00115862 6.61519e-06 -0.000258548 -0.000376233
internal_weight=101150 11152 8154 648 2998 189 2809 89998 81875 8123 8047 79355 50793 48537
internal_count=101150 11152 8154 648 2998 189 2809 89998 81875 8123 8047 79355 50793 48537
is_linear=0
shrinkage=0.05


Tree=216
num_leaves=15
num_cat=0
split_feature=47 51 54 7 37 44 36 33 29 56 12 52 10 24
split_gain=3.42565 5.27504 6.04927 18.55 5.11458 7.90974 4.91334 6.63466 4.80064 5.21451 13.687 9.87074 5.73518 7.33328
threshold=9.3935418128967303 -0.37940952181816096 11.500000000000002 57.45000076293946 61.500000000000007 -16.970002174377438 32.850000381469734 1.3499999642372134 6.7500000000000009 55.549999237060554 83.909027099609389 -0.43733984231948847 137.72499847412112 10.500000000000002
decision_type=2 2 2 2 2 2 2 2 2 2 2 2 2 2
left_child=8 4 -3 -4 -2 -6 -7 -8 9 10 -1 -12 -11 -14
right_child=1 2 3 -5 5 6 7 -9 -10 12 11 -13 13 -15
leaf_value=-0.00045397145589784238 0.002313006300942127 -0.0011327179485026467 -0.068509602271474554 0.0098421549226852395 -0.0098247235897825549 0.00057046119921673542 0.0058351756426711504 -0.015269562598692544 0.00082806841388579364 0.00092657245363787452 -0.010057746363997307 -0.0023860764838852713 -0.00022380156278149679 -0.0045278548602433162
leaf_weight=20666 3489 10126 50 74 177 1915 71 96 33166 22663 398 537 6911 904
leaf_count=20666 3489 10126 50 74 177 1915 71 96 33166 22663 398 537 6911 904
internal_value=0.000117676 -0.000553473 -0.00123294 -0.011791 0.000658215 -0.00119215 -0.000305927 -0.00827684 0.000243681 -5.57697e-05 -0.0006499 -0.00653439 0.00036539 -0.000801917
internal_weight=101243 15998 10250 124 5748 2259 2082 167 85245 52079 21601 935 30478 7815
internal_count=101243 15998 10250 124 5748 2259 2082 167 85245 52079 21601 935 30478 7815
is_linear=0
shrinkage=0.05


Tree=217
num_leaves=15
num_cat=0
split_feature=18 6 13 44 29 23 2 47 23 13 22 29 47 26
split_gain=3.94465 6.66548 6.60942 6.10787 6.36538 5.26126 6.26711 5.4004 5.08608 6.49739 4.91055 4.81227 6.80275 5.23517
threshold=-29.749999999999996 66.950000762939467 62.261905670166023 0.37468813359737402 12.650000095367433 1.5049999952316286 39.649999618530281 8.5674242973327654 0.38499999046325689 130.86963653564456 876.50000000000011 6.7500000000000009 3.5872282981872563 0.97193297743797313
decision_type=2 2 2 2 2 2 2 2 2 2 2 2 2 2
left_child=-1 2 5 -3 8 -2 -7 -8 9 10 -5 12 -12 -14
right_child=1 3 -4 4 -6 6 7 -9 -10 -11 11 -13 13 -15
leaf_value=0.00099880091150829071 -2.26232775711185e-06 -2.8465499212187335e-05 0.0019828736513699454 -0.0093342204777141068 -0.012443292780402151 -0.02192556781694803 0.0021560054854183664 -0.010289040856724156 -0.00079047497031203948 0.0034964357956076518 -0.00015122328256548736 -0.00040794316221249471 -0.0042665071680028565 -0.0067739433169896925
leaf_weight=11246 47971 15724 13285 221 211 50 184 124 8854 499 603 1025 861 486
leaf_count=11246 47971 15724 13285 221 211 50 184 124 8854 499 603 1025 861 486
internal_value=3.96631e-05 -7.05818e-05 0.000221829 -0.000702955 -0.00151527 -4.97526e-05 -0.00600543 -0.00301887 -0.00136595 -0.00292173 -0.00374922 -0.00319095 -0.00464286 -0.00660648
internal_weight=101344 90098 61614 28484 12760 48329 358 308 12549 3695 3196 2975 1950 1347
internal_count=101344 90098 61614 28484 12760 48329 358 308 12549 3695 3196 2975 1950 1347
is_linear=0
shrinkage=0.05


Tree=218
num_leaves=15
num_cat=0
split_feature=47 16 53 1 12 12 4 56 1 56 13 57 56 57
split_gain=4.61392 4.06585 3.61274 4.04685 3.97686 5.96414 3.57346 8.47589 5.91502 5.48021 5.43517 4.42548 7.32606 7.29955
threshold=2.9204167127609257 39.649999618530281 0.86004966497421276 192.09999847412112 101.07430267333986 92.421527862548842 30.94999980926514 28.150000572204593 26.550000190734867 15.34999990463257 57.044345855712898 62.849998474121101 37.549999237060554 72.716663360595717
decision_type=2 2 2 2 2 2 2 2 2 2 2 2 2 2
left_child=1 -1 3 4 5 -3 9 -8 -9 10 -2 -10 13 -13
right_child=6 2 -4 -5 -6 -7 7 8 11 -11 -12 12 -14 -15
leaf_value=0.0054392952692221613 -0.0014455098494439889 -0.00075530176878062629 0.0022623161044597827 -0.0055202158376504848 0.0013408889877885833 -0.0071115394255520234 -0.0031262799872221964 0.0039739577531550593 -0.00053445996085293285 0.0012433897471590294 -0.0070739184560383896 -0.0012016222768755106 0.00037084594638992359 -0.0079153013521439906
leaf_weight=1917 1305 297 1838 56 587 101 3150 2516 36427 14603 150 155 37921 117
leaf_count=1917 1305 297 1838 56 587 101 3150 2516 36427 14603 150 155 37921 117
internal_value=7.56304e-05 0.0015876 0.000396331 -0.00194577 -0.00113065 -0.00492647 2.07754e-07 -0.000135997 -3.2017e-05 0.000680857 -0.00223549 -0.000112555 0.000263461 -0.00776596
internal_weight=101140 4796 2879 1041 985 398 96344 80286 77136 16058 1455 74620 38193 272
internal_count=101140 4796 2879 1041 985 398 96344 80286 77136 16058 1455 74620 38193 272
is_linear=0
shrinkage=0.05


Tree=219
num_leaves=15
num_cat=0
split_feature=22 30 55 41 33 9 14 36 24 1 21 30 5 47
split_gain=3.47838 4.81298 4.57481 9.47952 4.93797 5.20011 4.26267 5.64611 4.00306 7.94359 10.1984 4.69005 4.39149 3.6856
threshold=2242.5000000000005 22.500000000000004 4.5000000000000009 56.500000000000007 0.35000000894069677 79.500000000000014 17.199484825134281 34.149999618530281 8.5000000000000018 137.1499938964844 17.500000000000004 17.500000000000004 100.90000152587892 4.0404546260833749
decision_type=2 8 2 2 2 2 2 2 2 2 2 8 2 2
left_child=1 -1 -2 4 6 -6 -4 8 11 -10 -11 -8 -13 -3
right_child=2 13 3 -5 5 -7 7 -9 9 10 -12 12 -14 -15
leaf_value=0.003217927252036349 -6.3433349397049047e-06 0.0014070241770643335 0.0040519478987711098 0.0018795100456849825 -0.0020696999144413967 -0.00611630359214849 0.0037868440685165914 -0.0050071893681237984 -0.0014668650229609224 -0.010064036428743798 -0.0032730214724470651 -0.0048923108753862205 -0.00010892238483391719 8.2276773833026191e-05
leaf_weight=2718 12895 7624 369 1561 198 218 388 53 456 98 186 802 777 73039
leaf_count=2718 12895 7624 369 1561 198 218 388 53 456 98 186 802 777 73039
internal_value=0.000122396 0.000258481 -0.000507745 -0.00177287 -0.00319972 -0.00826291 -0.00250239 -0.0031769 -0.00282113 -0.00593333 -0.0123469 -0.0016262 -0.00283512 0.000188601
internal_weight=101382 83381 18001 5106 3545 416 3129 2760 2707 740 284 1967 1579 80663
internal_count=101382 83381 18001 5106 3545 416 3129 2760 2707 740 284 1967 1579 80663
is_linear=0
shrinkage=0.05


Tree=220
num_leaves=15
num_cat=0
split_feature=0 17 16 13 16 51 38 28 52 12 24 35 17 50
split_gain=4.70025 4.52893 8.18558 9.68012 7.4996 7.84844 7.04051 4.86403 6.78463 14.6647 5.94664 4.78728 4.96991 4.49136
threshold=21.650000572204593 7.2500000000000009 15.550000190734865 29.815773963928226 14.84999990463257 0.60355338454246532 3.4500000476837163 80.500000000000014 -0.98214942216873158 77.560417175292983 375.50000000000006 21.500000000000004 -45.54999923706054 0.12940952181816109
decision_type=2 2 2 2 2 2 2 2 2 2 2 2 2 2
left_child=-1 2 3 4 -2 -6 -4 -3 9 13 -10 12 -8 -9
right_child=1 7 6 -5 5 -7 11 8 10 -11 -12 -13 -14 -15
leaf_value=0.0019571166778351713 -0.0067827942339404677 0.00098787427855612556 -0.0023060687221424857 -0.0018620151002970568 -0.0056151591732135813 -0.011559406075280852 0.0025915985667808047 0.00052896695808832381 -2.612421787367089e-05 -0.023725480660352669 -0.013751925189180149 -0.00090637480295472034 8.6920175026472087e-06 -0.0061811140413753655
leaf_weight=5640 298 23740 942 2143 61 71 4822 376 10752 78 62 14214 37799 80
leaf_count=5640 298 23740 942 2143 61 71 4822 376 10752 78 62 14214 37799 80
internal_value=8.54703e-05 2.51464e-06 -0.000260106 -0.00301394 -0.00977273 -0.0192958 -0.000136968 0.000454157 -0.000397077 -0.00584559 -0.000122875 -6.55289e-05 0.000199503 -0.00218884
internal_weight=101078 95438 60350 2573 430 132 57777 35088 11348 534 10814 56835 42621 456
internal_count=101078 95438 60350 2573 430 132 57777 35088 11348 534 10814 56835 42621 456
is_linear=0
shrinkage=0.05


Tree=221
num_leaves=15
num_cat=0
split_feature=38 0 56 15 40 36 22 47 57 55 33 57 19 24
split_gain=3.20892 7.02348 6.05201 5.42806 5.34698 11.2922 6.55849 7.32186 5.88873 5.15703 6.58353 6.68085 9.35386 5.10916
threshold=25.050000190734867 41.649999618530281 47.350000381469734 147.85000610351565 980.25000000000011 28.050000190734867 575.50000000000011 15.126389026641847 97.01666641235353 1.0000000180025095e-35 1.0500000119209292 50.250000000000007 99.099998474121108 13.500000000000002
decision_type=2 2 2 2 2 2 2 2 2 2 2 2 2 2
left_child=4 -2 -3 -4 5 6 13 8 -8 10 -7 12 -12 -1
right_child=1 2 3 -5 -6 9 7 -9 -10 -11 11 -13 -14 -15
leaf_value=-0.0043574197204767446 0.0041729589379688745 -0.0020686720959069214 0.0010637515143198301 -0.016028810881353436 0.00029159052518234015 -0.00071035854833912618 -0.0045340608137581983 -0.010502441545024208 0.005570562654722 0.00059739839812187571 -0.0086742962375772927 0.00072051600853092319 -0.012379666684810836 0.00051673686746603993
leaf_weight=1824 3906 2645 6430 64 61962 2060 3685 71 283 15033 151 142 50 2993
leaf_count=1824 3906 2645 6430 64 61962 2060 3685 71 283 15033 151 142 50 2993
internal_value=0.000109023 0.000840674 8.14298e-05 0.000902522 7.93262e-07 -0.000596532 -0.0020494 -0.00353297 -0.00322021 0.000142153 -0.00200373 -0.00831445 -0.0139573 -0.000800704
internal_weight=101299 13045 9139 6494 88254 26292 8856 4039 3968 17436 2403 343 201 4817
internal_count=101299 13045 9139 6494 88254 26292 8856 4039 3968 17436 2403 343 201 4817
is_linear=0
shrinkage=0.05


Tree=222
num_leaves=15
num_cat=0
split_feature=49 23 52 6 40 10 13 8 37 26 6 54 20 32
split_gain=3.81003 6.51722 5.75789 7.93285 9.14454 5.58933 6.44698 6.15891 4.84125 4.65046 6.50104 5.56587 4.2812 4.12196
threshold=22.500000000000004 0.24499999731779101 0.89017060399055492 23.750000000000004 986.45001220703136 30.325000762939457 45.295833587646491 26.150000572204593 15.500000000000002 0.98269185423851024 94.200000762939467 11.500000000000002 3.1499999761581425 3.5967856645584111
decision_type=10 2 2 2 2 2 2 2 2 2 2 2 2 2
left_child=1 2 8 -4 5 -5 7 -7 -1 12 -11 -12 -10 -2
right_child=13 -3 3 4 -6 6 -8 -9 9 10 11 -13 -14 -15
leaf_value=-0.0040222568405405843 0.00026052291045065514 -0.00036196839867605967 0.0061675437364282215 -0.0019356386561163099 0.0030811120789434928 -0.0010393855534109602 0.0083931284300503162 -0.010834879608619436 -0.0039349717586677048 0.0022040698578925373 -0.0012499791771394715 -0.011267645300262377 0.0033173065153631908 0.0022567101226443499
leaf_weight=109 29288 57157 804 494 680 139 72 344 114 210 80 50 5452 6147
leaf_count=109 29288 57157 804 494 680 139 72 344 114 210 80 50 5452 6147
internal_value=7.66191e-05 -0.000148748 0.00113812 -0.000859221 -0.00276308 -0.00567044 -0.0090708 -0.0111258 0.00197925 0.00217715 -0.00342857 -0.0117857 0.00252511 0.000494428
internal_weight=101140 65705 8548 2533 1729 1049 555 483 6015 5906 340 130 5566 35435
internal_count=101140 65705 8548 2533 1729 1049 555 483 6015 5906 340 130 5566 35435
is_linear=0
shrinkage=0.05


Tree=223
num_leaves=15
num_cat=0
split_feature=47 53 40 56 0 23 50 33 11 39 53 37 51 23
split_gain=3.63402 17.1836 5.70129 5.55117 9.10049 7.70357 7.68414 6.43639 7.91201 6.21593 5.0864 5.0188 4.64212 4.21632
threshold=9.5815343856811541 0.94909128546714794 973.95001220703136 24.750000000000004 25.750000000000004 0.9650000035762788 -0.91597560048103321 22.349999427795414 44.047916412353523 1.0000000180025095e-35 0.57605713605880748 64.500000000000014 0.12940952181816107 0.2650000005960465
decision_type=2 2 2 2 2 2 2 2 2 2 2 2 2 2
left_child=2 -2 -1 5 -5 6 12 13 -9 11 -8 -10 -4 -6
right_child=1 -3 3 4 7 -7 10 8 9 -11 -12 -13 -14 -15
leaf_value=0.0019102663628160481 -0.00050354071107292203 -0.067798832042289384 -0.0096261089983245181 0.0045171312599810954 0.0014351708997799566 -0.0070957730307397221 0.00021082015970454277 0.0014592991593227597 -0.011440887531517131 -0.020883531521967924 -0.003816213916729034 -0.0021201594966364585 0.0029280205728188999 -3.1558912282503831e-05
leaf_weight=7036 14742 85 821 3726 9177 74 4366 452 53 110 521 330 148 59542
leaf_count=7036 14742 85 821 3726 9177 74 4366 452 53 110 521 330 148 59542
internal_value=7.82171e-05 -0.000644672 0.000202395 8.13061e-05 0.000200273 -0.00138889 -0.00117116 7.13324e-05 -0.00400524 -0.00832008 -0.000360425 -0.00505089 -0.0052145 0.000127967
internal_weight=101183 14827 86356 79320 73390 5930 5856 69664 945 493 4887 383 969 68719
internal_count=101183 14827 86356 79320 73390 5930 5856 69664 945 493 4887 383 969 68719
is_linear=0
shrinkage=0.05


Tree=224
num_leaves=15
num_cat=0
split_feature=25 52 24 47 24 55 2 36 27 37 26 16 38 26
split_gain=3.51442 8.13772 8.51742 5.523 5.96523 5.67864 11.1532 5.19441 5.08275 4.6067 4.18284 4.23646 4.0284 6.10509
threshold=46.049999237060554 0.32613943517208105 18.500000000000004 3.0447223186492924 5.5000000000000009 3.5000000000000004 145.55000305175784 31.050000190734867 11.750000000000002 79.500000000000014 0.99279317259788524 66.950000762939467 25.050000190734867 0.25707465410232549
decision_type=2 2 2 2 2 2 2 2 2 2 2 2 2 2
left_child=3 2 10 4 -1 -6 7 -7 -8 -3 -2 -12 -5 -14
right_child=1 9 -4 12 5 6 8 -9 -10 -11 11 -13 13 -15
leaf_value=0.0042958504860558713 0.00029983171913711831 -0.0069874870160234054 -0.0055592404717940101 -5.6421172931357257e-05 0.002084700039103592 0.0022079521315788962 -0.0032287553530514854 -0.0038469518587451903 -0.0069395229993475527 0.00079372197791457641 -0.012207966344156307 -0.0031942698431592096 -0.012133189607947367 0.0013136792379478993
leaf_weight=3100 2704 238 67 80089 1118 484 53 218 85 82 54 167 91 12469
leaf_count=3100 2704 238 67 80089 1118 484 53 218 85 82 54 167 91 12469
internal_value=0.000112295 -0.00148706 -0.000662891 0.000166655 0.00177388 -0.000386179 -0.00347059 -0.000828651 -0.0159459 -0.00893939 -0.000229983 -0.00668831 7.87297e-05 0.000910899
internal_weight=101019 3312 2992 97707 5058 1958 840 702 138 320 2925 221 92649 12560
internal_count=101019 3312 2992 97707 5058 1958 840 702 138 320 2925 221 92649 12560
is_linear=0
shrinkage=0.05


Tree=225
num_leaves=15
num_cat=0
split_feature=44 24 49 18 2 38 7 54 52 52 20 15 12 14
split_gain=3.52723 7.01348 9.29716 8.73572 7.40832 7.15435 7.28887 6.65812 6.78491 19.9817 9.97876 7.67451 18.8473 9.52949
threshold=-1.6228886246681211 10.500000000000002 22.500000000000004 20.94999980926514 79.500000000000014 11.050000190734865 192.09999847412112 9.5000000000000018 -0.78326541185379017 -0.80418667197227467 23.050000190734867 83.000000000000014 49.782638549804695 15.19551992416382
decision_type=2 2 8 2 2 2 2 2 2 2 2 2 2 2
left_child=7 4 3 5 -2 -3 -7 8 9 11 -11 12 -1 -14
right_child=1 2 -4 -5 -6 6 -8 -9 -10 10 -12 -13 13 -15
leaf_value=0.00023091804791822531 0.0013885073402553397 -0.0042202112141340358 2.5986292094127716e-05 -0.0051652768416190747 -0.00054029674758441408 -0.00073589888962498579 -0.0065862825300292598 0.0025766061456166324 0.00045324733879543663 -0.010076136435593699 -0.0040192045554998061 0.0023944724761081029 -0.006992627518023738 -0.025615342370954215
leaf_weight=2516 16873 1745 14494 1225 13968 8162 69 7606 30838 215 218 2498 902 139
leaf_count=2516 16873 1745 14494 1225 13968 8162 69 7606 30838 215 218 2498 902 139
internal_value=7.23311e-05 -0.000190464 -0.000800428 -0.00188163 0.000317818 -0.00138894 -0.000769931 0.000402964 0.000128027 -0.00134041 -0.0115914 -0.000589447 -0.00207878 -0.00770219
internal_weight=101468 56536 25695 11201 30841 9976 8231 44932 37326 6488 433 6055 3557 1041
internal_count=101468 56536 25695 11201 30841 9976 8231 44932 37326 6488 433 6055 3557 1041
is_linear=0
shrinkage=0.05


Tree=226
num_leaves=15
num_cat=0
split_feature=53 10 16 13 16 56 16 53 21 56 47 9 51 11
split_gain=4.70375 3.63292 5.4543 8.42573 5.33631 5.14307 5.96804 11.1911 6.40932 6.19511 9.2065 8.91442 7.70897 5.99416
threshold=0.9993295967578889 194.50833129882815 100.60000228881837 124.98452377319337 68.349998474121108 175.80000305175784 64.40000152587892 -0.96687281131744374 237.50000000000003 66.950000762939467 10.915192127227785 76.950000762939467 -0.37940952181816096 96.702083587646499
decision_type=2 2 2 2 2 2 2 2 2 2 2 2 2 2
left_child=1 5 3 -3 -5 6 9 -8 -9 13 -11 12 -12 -1
right_child=-2 2 -4 4 -6 -7 7 8 -10 10 11 -13 -14 -15
leaf_value=-3.6278338357082865e-05 0.0034042267030542656 0.0029801495146467146 0.00062397570183532535 -0.0089298930159676538 -0.0031258354387461887 0.0036288114602888175 -0.011601009922524455 -0.00054138008519160339 -0.0064159433207205867 0.0012717192045001962 0.0020949721128635033 0.0026028681079122151 -0.0066992162044034482 -0.003604639773935272
leaf_weight=61295 1139 443 1248 156 865 2392 270 7801 256 22910 196 441 534 1282
leaf_count=61295 1139 443 1248 156 865 2392 270 7801 256 22910 196 441 534 1282
internal_value=7.84292e-05 4.19087e-05 -0.00175974 -0.00381954 -0.00629971 9.2261e-05 3.44757e-05 -0.00124325 -0.000900582 0.000157382 0.000838695 -0.0034674 -0.00682432 -0.000104894
internal_weight=101228 100089 2712 1464 1021 97377 94985 8327 8057 86658 24081 1171 730 62577
internal_count=101228 100089 2712 1464 1021 97377 94985 8327 8057 86658 24081 1171 730 62577
is_linear=0
shrinkage=0.05


Tree=227
num_leaves=15
num_cat=0
split_feature=19 9 36 23 13 8 52 33 52 42 26 37 32 22
split_gain=3.73844 4.44394 7.27678 6.81945 7.10657 5.00214 4.74322 7.55842 6.54418 4.54321 4.38217 5.48154 4.37112 8.93844
threshold=29.849999427795414 45.699998855590827 14.250000000000002 1.5049999952316286 58.849403381347663 36.250000000000007 0.9970000982284547 0.15000000223517421 0.99818283319473278 11.050000190734865 0.74631217122077953 84.500000000000014 -4.1959474086761466 2160.0000000000005
decision_type=2 2 2 2 2 2 2 2 2 2 2 2 2 2
left_child=-1 2 -2 6 5 -5 -4 8 9 -8 -3 12 13 -12
right_child=1 10 3 4 -6 -7 7 -9 -10 -11 11 -13 -14 -15
leaf_value=0.0021923444704997686 0.0041832279605455071 0.00064933027468506294 -0.00043752245503803121 -0.00043110082409319171 0.00032526258056682188 -0.018366010809105437 -0.0097368064051922103 0.0025004587813370603 -0.0023185291137422172 0.00013139760690801972 -0.0010626779138658766 0.0012587271659980108 -0.00055139085658212036 -0.0073401170948537708
leaf_weight=4659 1465 41258 32626 50 155 120 189 411 430 50 1638 5367 12768 446
leaf_count=4659 1465 41258 32626 50 155 120 189 411 430 50 1638 5367 12768 446
internal_value=7.3395e-05 6.85706e-06 -0.000438517 -0.00058738 -0.00768657 -0.0144444 -0.000516668 -0.00376147 -0.00700295 -0.0134739 0.00026404 -0.00033887 -0.00083367 -0.00295129
internal_weight=101632 96973 35496 34031 325 170 33706 1080 669 239 61477 20219 14852 2084
internal_count=101632 96973 35496 34031 325 170 33706 1080 669 239 61477 20219 14852 2084
is_linear=0
shrinkage=0.05


Tree=228
num_leaves=15
num_cat=0
split_feature=18 47 37 33 53 47 7 2 53 11 0 52 52 45
split_gain=3.87454 5.92608 5.40872 5.91002 5.13852 14.1492 7.78343 5.93111 5.85095 10.6603 4.71192 4.55347 10.2387 7.91366
threshold=6.9500000476837167 5.8770978450775155 58.500000000000007 21.849999427795414 0.92191100120544445 12.379473686218263 115.59999847412111 185.55000305175784 0.93769648671150219 108.90625000000001 66.250000000000014 -0.98214942216873158 -0.98803845047950734 4.6684973239898691
decision_type=2 2 2 2 2 2 2 2 2 2 2 2 2 2
left_child=1 2 3 -1 7 8 -7 11 9 -6 -4 12 -3 -14
right_child=-2 4 10 -5 5 6 -8 -9 -10 -11 -12 -13 13 -15
leaf_value=-0.00012805124429087194 -0.00037511175091942454 -0.00033327103158040642 0.0034600940404480654 -0.0089006817944011132 -0.0002527552929341019 -0.050074747483506377 -0.0055796181571441863 -0.0098237883801536273 -9.7622851131090013e-05 -0.0077829265477518941 0.00048592993750863893 0.00022481789453093396 -0.0045619687283038682 -0.022184283543767929
leaf_weight=7308 35851 1992 8248 50 278 56 55 63 1910 168 7709 36947 318 79
leaf_count=7308 35851 1992 8248 50 278 56 55 63 1910 168 7709 36947 318 79
internal_value=4.8099e-05 0.000277723 0.000916399 -0.00020494 -7.80875e-05 -0.00228704 -0.0189669 6.07731e-05 -0.00142434 -0.00651316 0.00143327 8.71755e-05 -0.00202376 -0.00925061
internal_weight=101032 65181 23315 7358 41866 2467 111 39399 2356 446 15957 39336 2389 397
internal_count=101032 65181 23315 7358 41866 2467 111 39399 2356 446 15957 39336 2389 397
is_linear=0
shrinkage=0.05


Tree=229
num_leaves=15
num_cat=0
split_feature=47 26 37 53 50 46 40 48 23 40 49 43 38 53
split_gain=4.23559 4.6355 5.10145 4.99615 4.85737 8.07705 4.6158 4.06288 4.03062 5.33788 5.32866 4.14029 4.68996 5.50801
threshold=2.9204167127609257 0.75405275821685802 75.500000000000014 0.9974811077117921 0.78656607866287243 11.550000190734865 977.45001220703136 -1.4499999880790708 0.2650000005960465 986.35000610351574 22.500000000000004 342.50000000000006 13.050000190734865 -0.86974579095840443
decision_type=2 2 2 2 2 2 2 2 2 2 10 10 2 2
left_child=7 8 3 -3 -4 -6 -7 -1 9 -2 11 -10 13 -13
right_child=1 2 4 -5 5 6 -8 -9 10 -11 -12 12 -14 -15
leaf_value=0.0053058544034131619 1.9990340442235278e-05 -0.0012367883462476937 0.0012776890382921323 -0.016275185021775697 -0.00062827088358654952 -0.015458137365847932 -0.0037806698693246747 0.00066842242746427492 -5.6730273449992041e-05 0.0030552110037162981 0.00086106594740060442 -0.0089756412669924086 -0.0010919149550810505 -0.004037539667354516
leaf_weight=1440 4429 13956 6509 113 3417 113 96 3378 36312 4092 21068 62 5171 974
leaf_count=1440 4429 13956 6509 113 3417 113 96 3378 36312 4092 21068 62 5171 974
internal_value=6.47619e-05 -7.68238e-06 -0.000606261 -0.00122203 0.000248891 -0.00121562 -0.0105251 0.00150994 0.000193295 0.00121381 5.63708e-05 -0.000265818 -0.0014581 -0.00451243
internal_weight=101130 96312 24204 14069 10135 3626 209 4818 72108 8521 63587 42519 6207 1036
internal_count=101130 96312 24204 14069 10135 3626 209 4818 72108 8521 63587 42519 6207 1036
is_linear=0
shrinkage=0.05


Tree=230
num_leaves=15
num_cat=0
split_feature=49 0 57 16 43 44 19 57 26 26 29 45 1 17
split_gain=4.11275 6.45684 9.73056 6.09116 7.17436 6.7489 6.20377 4.79473 6.41739 4.51779 4.33942 3.98205 3.86377 4.45269
threshold=17.500000000000004 102.54999923706056 91.049999237060561 50.95000076293946 227.50000000000003 -6.8473200798034659 41.149999618530281 147.216667175293 0.99737185239791881 0.69622549414634716 2.7500000000000004 -2.487400889396667 185.55000305175784 9.6500000953674334
decision_type=10 2 2 2 10 2 2 2 2 2 2 2 2 2
left_child=1 2 3 4 6 -5 -1 8 -3 -7 -8 -4 -9 -14
right_child=-2 7 11 5 -6 9 10 12 -10 -11 -12 -13 13 -15
leaf_value=0.0026934646700307917 0.00056081365207345335 -0.0017549817787973654 0.00022028650974817031 0.0015419215692671633 -0.0016492249146437595 -0.0027006288399268946 -0.0021445313013641605 0.0010109890472558977 -0.0060692680972631464 -0.0093019621798885541 0.00014738933851486777 0.0043239116577833024 -0.0031116092394856028 0.00065803584331822641
leaf_weight=5516 36930 5968 3013 790 9350 1909 2275 2976 84 339 25701 4738 1036 890
leaf_count=5516 36930 5968 3013 790 9350 1909 2275 2976 84 339 25701 4738 1036 890
internal_value=5.29428e-05 -0.000187708 3.83104e-05 -0.000238614 -8.49433e-05 -0.00239829 0.000257 -0.00129332 -0.00223359 -0.00379097 -4.53796e-05 0.00167569 -0.000130293 -0.00186983
internal_weight=101515 64585 53631 45880 42842 3038 33492 10954 6052 2248 27976 7751 4902 1926
internal_count=101515 64585 53631 45880 42842 3038 33492 10954 6052 2248 27976 7751 4902 1926
is_linear=0
shrinkage=0.05


Tree=231
num_leaves=15
num_cat=0
split_feature=2 57 30 0 14 53 37 55 13 52 11 56 11 52
split_gain=3.7566 8.20956 3.7188 4.41053 5.05186 5.22489 4.78002 5.0392 4.44113 6.85525 13.66 8.00666 7.45184 5.99195
threshold=139.44999694824222 134.51667022705081 22.500000000000004 36.500000000000007 23.949135780334476 -0.76140165328979481 18.500000000000004 1.5000000000000002 67.930953979492202 -0.98214942216873158 71.358333587646499 44.649999618530281 82.608333587646499 -0.75015330314636219
decision_type=2 2 8 2 2 2 2 2 2 2 2 2 2 2
left_child=1 2 -1 4 5 6 7 -4 -5 10 11 -10 -11 -14
right_child=-2 -3 3 8 -6 -7 -8 -9 9 12 -12 -13 13 -15
leaf_value=0.0018554509182671026 -0.00076569252433482805 0.0034911504045589056 -0.0074735501167216591 -0.00054439266714449914 0.0075288452086007835 -0.0001207916825051833 0.0035002710997370824 0.002269328676292546 -0.011181156753459719 0.0019295183656898056 -0.00069170157961384192 -0.0065736077623280058 0.0030529285401444711 -0.0011456353063744602
leaf_weight=4479 9708 3664 273 38811 1768 16941 4788 325 51 9946 868 211 2023 7252
leaf_count=4479 9708 3664 273 38811 1768 16941 4788 325 51 9946 868 211 2023 7252
internal_value=5.37987e-05 0.000153156 5.61851e-05 -1.93953e-05 0.000550716 0.000346287 0.00170126 -0.00248355 -0.000251639 0.000346496 -0.00342105 -0.0131985 0.000569653 -0.00044965
internal_weight=101108 91400 87736 83257 24095 22327 5386 598 59162 20351 1130 262 19221 9275
internal_count=101108 91400 87736 83257 24095 22327 5386 598 59162 20351 1130 262 19221 9275
is_linear=0
shrinkage=0.05


Tree=232
num_leaves=15
num_cat=0
split_feature=19 56 43 16 7 32 50 46 53 39 51 14 41 13
split_gain=3.75702 5.83221 5.02408 4.84913 6.72439 4.69642 4.31742 4.00429 3.94634 5.34598 4.84017 3.90652 6.82932 8.64548
threshold=60.899999618530281 43.95000076293946 47.500000000000007 10.550000190734865 41.95000076293946 -0.68088150024414051 0.91597560048103344 23.550000190734867 -0.4755979031324386 2.5499999523162846 -0.7865660786628722 6.163219928741456 95.500000000000014 52.455356597900398
decision_type=2 2 10 2 2 2 2 2 2 2 2 2 2 2
left_child=1 8 -3 4 -4 7 -7 11 9 10 -1 12 -2 -14
right_child=5 2 3 -5 -6 6 -8 -9 -10 -11 -12 -13 13 -15
leaf_value=-0.0010123377393711308 -0.0010286660203185701 0.0066587468369421979 0.00025342238558976872 0.0017505905179829432 -0.01380265040427946 0.00048126845225004766 -0.0016332353024526387 -0.0122591976296006 -0.00054723809797284199 -0.0078646930449872404 0.0024565201860025291 -0.00035046739105736995 -0.0033812696052504866 -0.016765702611449412
leaf_weight=2351 1500 2659 187 5761 94 33469 4592 134 11951 269 6160 31619 219 149
leaf_count=2351 1500 2659 187 5761 94 33469 4592 134 11951 269 6160 31619 219 149
internal_value=5.80477e-05 0.000533592 0.00161922 0.000819564 -0.0054811 -0.000137254 0.000243099 -0.00056778 7.73831e-05 0.000881684 0.00110374 -0.000531838 -0.0027476 -0.00875661
internal_weight=101114 29432 8701 6042 281 71682 38061 33621 20731 8780 8511 33487 1868 368
internal_count=101114 29432 8701 6042 281 71682 38061 33621 20731 8780 8511 33487 1868 368
is_linear=0
shrinkage=0.05


Tree=233
num_leaves=15
num_cat=0
split_feature=25 53 24 17 45 7 57 15 6 33 52 53 22 13
split_gain=3.57734 8.43746 6.74239 4.82904 7.99684 4.64343 6.26148 7.24907 6.13854 5.52711 5.43453 6.8882 5.26818 5.48155
threshold=46.049999237060554 -0.64580103754997242 18.500000000000004 7.5499999523162851 -1.4235659241676328 32.45000076293946 62.483333587646491 80.90000152587892 105.79999923706056 25.69999980926514 -0.97509795427322377 0.14888729155063632 1208.5000000000002 47.418155670166023
decision_type=2 2 2 2 2 2 2 2 2 2 2 2 2 2
left_child=3 -2 -3 4 -1 -6 7 -7 9 -8 11 -9 -12 -14
right_child=1 2 -4 -5 5 6 8 10 -10 -11 12 -13 13 -15
leaf_value=-0.00070741278840722658 -0.0098554856562168974 -0.0008686622027375484 -0.0052653417614110902 0.00069420840548162102 0.0021299456243100779 7.2755226408834379e-05 0.0019996563606585575 -0.0042186411148492711 -0.00063179819907776668 -0.0055677539535631737 -0.00083542707055680164 -0.011852149979214802 -0.011776361104940573 -0.0044899760886222559
leaf_weight=28835 66 3121 67 32160 7939 9894 10524 464 4082 87 2836 81 86 558
leaf_count=28835 66 3121 67 32160 7939 9894 10524 464 4082 87 2836 81 86 558
internal_value=7.19177e-05 -0.00155637 -0.0011601 0.000126389 -0.000120344 0.00037075 7.37197e-05 -0.000685979 0.000793376 0.00142689 -0.00247212 -0.00707207 -0.00173352 -0.00577982
internal_weight=100800 3254 3188 97546 65386 36551 28612 13919 14693 10611 4025 545 3480 644
internal_count=100800 3254 3188 97546 65386 36551 28612 13919 14693 10611 4025 545 3480 644
is_linear=0
shrinkage=0.05


Tree=234
num_leaves=15
num_cat=0
split_feature=17 4 57 4 45 0 56 16 30 11 34 26 11 11
split_gain=3.57786 3.67202 6.01651 6.16437 6.94838 6.34736 5.86033 5.6 5.51692 5.03187 5.01935 4.98788 9.89 11.3182
threshold=-106.09999847412108 208.40000152587893 147.216667175293 78.799999237060561 -5.5425698757171622 73.000000000000014 72.049999237060561 52.100000381469734 25.02689361572266 63.787500381469734 -0.25000000745058054 0.69743588566780101 99.741664886474624 93.441665649414077
decision_type=2 2 2 2 2 2 2 2 8 2 2 2 2 2
left_child=-1 2 3 6 11 -6 -2 -3 -7 10 -10 -5 13 -13
right_child=1 7 -4 4 5 8 -8 -9 9 -11 -12 12 -14 -15
leaf_value=0.0043691055847234605 -3.5329560874864246e-05 -0.010647219867663664 0.0018382833453785192 -0.0021287211303331272 0.0011373296198104346 0.00072993314400203891 0.0019496555375623685 -0.00094595807898633635 0.0011827658307165378 -0.0015012730480834699 -0.0096778836634827826 -0.0075807740920556636 -0.00075256219645373611 -0.016593536743038574
leaf_weight=1204 62878 51 5458 2362 5695 3249 8113 1846 114 9319 258 269 315 98
leaf_count=1204 62878 51 5458 2362 5695 3249 8113 1846 114 9319 258 269 315 98
internal_value=-4.49413e-06 -3.72368e-05 4.99316e-06 -9.00948e-05 -0.000827839 -0.000465272 0.00013528 -0.00221028 -0.00107722 -0.00167457 -0.00730366 -0.00303864 -0.00677746 -0.0122414
internal_weight=101229 100025 98128 92670 21679 18635 70991 1897 12940 9691 372 3044 682 367
internal_count=101229 100025 98128 92670 21679 18635 70991 1897 12940 9691 372 3044 682 367
is_linear=0
shrinkage=0.05


Tree=235
num_leaves=15
num_cat=0
split_feature=28 14 50 38 4 21 37 26 8 50 43 32 28 3
split_gain=3.78543 6.96871 6.4514 5.50356 5.94546 5.22609 4.36114 6.30054 7.26521 4.75395 6.01248 4.71629 4.42136 4.21527
threshold=54.500000000000007 10.053816795349123 0.78656607866287243 4.5499999523162851 32.049999237060554 25.500000000000004 73.500000000000014 0.74631217122077953 28.550000190734867 1.0000000180025095e-35 452.50000000000006 -0.85295689105987538 63.500000000000007 217.94999694824222
decision_type=2 2 2 2 2 2 2 2 2 2 10 2 2 2
left_child=1 -1 6 4 -3 -6 7 -2 11 -8 -11 -9 -13 -5
right_child=2 3 -4 13 5 -7 9 8 -10 10 -12 12 -14 -15
leaf_value=-0.00048703887379294259 0.00018272603010519825 0.0014483818862178548 -0.0012357253321653551 0.0017774923409014797 -0.038741035173945518 -0.0038270542212894229 0.001429060970002474 -0.0031669807004476576 -0.001002224133537122 0.00016704283000700741 -0.004610675534083372 -0.0038348837741151286 -0.0098347987239234477 -0.0068746994491706908
leaf_weight=10810 21637 548 12503 19627 50 711 14728 239 9625 9626 1125 80 137 63
leaf_count=10810 21637 548 12503 19627 50 711 14728 239 9625 9626 1125 80 137 63
internal_value=5.70831e-05 0.000508973 -0.000149189 0.00103979 -0.0020887 -0.00492218 7.57776e-05 -0.000315494 -0.00134724 0.000562792 -0.000236502 -0.00744635 -0.0126211 0.00124873
internal_weight=101509 31809 69700 20999 1309 761 57197 31718 10081 25479 10751 456 217 19690
internal_count=101509 31809 69700 20999 1309 761 57197 31718 10081 25479 10751 456 217 19690
is_linear=0
shrinkage=0.05


Tree=236
num_leaves=15
num_cat=0
split_feature=43 19 27 13 16 11 38 13 25 23 14 25 16 16
split_gain=3.3505 3.28625 5.9881 3.90113 6.64372 6.25052 5.95097 6.43779 5.29793 5.32974 5.25191 5.50799 4.63153 7.17888
threshold=12.500000000000002 21.750000000000004 10.84999990463257 39.211904525756843 12.150000095367433 48.681249618530281 1.0000000180025095e-35 45.886905670166023 6.7500000000000009 1.4249999523162844 6.5305628776550302 6.7500000000000009 32.049999237060554 31.44999980926514
decision_type=8 2 2 2 2 2 2 2 2 2 2 2 2 2
left_child=-1 2 -2 8 10 6 7 -6 -3 12 11 -5 13 -10
right_child=1 3 -4 4 5 -7 -8 -9 9 -11 -12 -13 -14 -15
leaf_value=0.0037038662508481947 -0.0045426984148423935 0.001628177153134244 0.0054802800187108243 0.0018859743801734046 -0.01493681561378235 -3.3545187043836276e-05 0.0013864580098818446 0.00061137925700818448 -0.0013519251855125421 -0.01496416597244226 -0.0014330731305096239 -0.0099648135012097051 0.0022539293085302946 -0.017012699002934631
leaf_weight=1501 69 1849 1952 53 74 59626 21570 95 11896 77 1039 117 1156 97
leaf_count=1501 69 1849 1952 53 74 59626 21570 95 11896 77 1039 117 1156 97
internal_value=0.00011519 7.97554e-05 0.00207041 3.83479e-05 0.000173399 0.000228264 0.000953837 -0.00812849 -0.000701027 -0.00105168 -0.00349057 -0.0113889 -0.000969298 -0.00126093
internal_weight=101171 99670 2021 97649 82574 81365 21739 169 15075 13226 1209 170 13149 11993
internal_count=101171 99670 2021 97649 82574 81365 21739 169 15075 13226 1209 170 13149 11993
is_linear=0
shrinkage=0.05


Tree=237
num_leaves=15
num_cat=0
split_feature=49 43 45 19 47 31 33 32 0 29 56 40 48 48
split_gain=3.51617 5.71231 6.51187 5.6624 6.52058 5.01011 4.40376 4.21992 4.06068 4.02864 3.90891 4.39512 3.50708 3.46753
threshold=22.500000000000004 492.50000000000006 3.6017768383026127 115.79999923706056 5.7804763317108163 1.8221188783645632 0.94999998807907116 -0.49871127307415003 29.150000572204593 3.7500000000000004 118.59999847412111 976.14999389648449 -1.2499999999999998 -0.84999999403953541
decision_type=10 10 2 2 2 2 2 2 2 2 2 2 2 2
left_child=1 3 7 4 5 8 -4 13 -1 -6 11 -2 -7 -3
right_child=10 2 6 -5 9 12 -8 -9 -10 -11 -12 -13 -14 -15
leaf_value=0.007092766058809168 0.0017065416645350305 -0.0021211288113335384 0.003026762589504775 -0.00075502618897630629 -0.002069477961715228 0.0069171602609829769 -0.003893755882684985 -0.0010872657796907675 -4.104965257523813e-05 4.8889787646559776e-05 0.0024260090145183104 -3.8104366214040958e-05 0.0011807672719346038 -0.0069462431780911958
leaf_weight=1018 7455 876 1460 18379 2560 3043 439 1665 7118 25811 3027 24927 2415 1026
leaf_count=1018 7455 876 1460 18379 2560 3043 439 1665 7118 25811 3027 24927 2415 1026
internal_value=5.13195e-05 -0.000164843 -0.0017111 -2.45218e-05 0.00029601 0.00119597 0.000652174 -0.00296757 0.00040879 -0.000135478 0.000453006 0.000292048 0.0023665 -0.00457113
internal_weight=101219 65810 5466 60344 41965 13594 1899 3567 8136 28371 35409 32382 5458 1902
internal_count=101219 65810 5466 60344 41965 13594 1899 3567 8136 28371 35409 32382 5458 1902
is_linear=0
shrinkage=0.05


Tree=238
num_leaves=15
num_cat=0
split_feature=0 1 53 38 55 34 43 52 13 26 52 57 1 56
split_gain=4.16021 3.51345 6.35016 6.30515 16.8964 5.32372 4.79083 4.76152 4.51695 7.76049 6.21014 4.83923 4.64964 7.22992
threshold=17.650000572204593 182.75000000000003 0.97263759374618541 11.84999990463257 1.5000000000000002 0.35000000894069677 57.500000000000007 0.42179998755455023 164.82380676269534 0.96447712182998668 0.34235194325447088 136.55000305175784 65.299999237060561 55.250000000000007
decision_type=2 2 2 2 2 2 10 2 2 2 2 2 2 2
left_child=-1 2 8 -4 5 -5 7 -3 11 10 -10 12 13 -2
right_child=1 6 3 4 -6 -7 -8 -9 9 -11 -12 -13 -14 -15
leaf_value=0.0029715401166309843 -8.6881758866596092e-05 -0.0018645518191617765 0.0029211485407653441 -0.022104017578178453 0.0023110682741459389 -0.013577010619761416 0.00063111377064949006 -0.0081179847672407154 -0.0065008893156087077 0.0024727959081334155 0.0098996499363982332 0.0023526169940107935 -0.00054477981870640834 0.0016384114351294726
leaf_weight=3010 43001 2607 4570 59 284 52 1463 72 276 341 82 3405 27567 14371
leaf_count=3010 43001 2607 4570 59 284 52 1463 72 276 341 82 3405 27567 14371
internal_value=0.000109222 5.29749e-05 0.000115829 0.00185427 -0.0041358 -0.0197934 -0.00137042 -0.00262365 1.86969e-05 -0.00395628 -0.00899456 5.05921e-05 -2.36022e-05 0.000232826
internal_weight=101160 98150 94008 4965 395 111 4142 2679 89043 699 358 88344 84939 57372
internal_count=101160 98150 94008 4965 395 111 4142 2679 89043 699 358 88344 84939 57372
is_linear=0
shrinkage=0.05


Tree=239
num_leaves=15
num_cat=0
split_feature=23 0 36 37 19 4 50 40 12 47 4 13 7 18
split_gain=3.38741 5.01977 3.48356 4.15335 4.86422 4.80681 4.4477 5.46679 5.34734 5.8261 5.6016 4.85816 5.33874 6.13835
threshold=0.085000000894069686 11.250000000000002 10.250000000000002 79.500000000000014 198.59999847412112 54.45000076293946 1.0000000180025095e-35 991.45001220703136 192.04444122314456 3.8595453500747685 139.00000000000003 175.44404602050784 154.35000610351565 0.84999999403953563
decision_type=2 2 2 2 2 2 2 2 2 2 2 2 2 2
left_child=-1 -2 3 5 -5 -3 -6 -8 9 -9 -11 12 13 -12
right_child=1 2 -4 4 6 -7 7 8 -10 10 11 -13 -14 -15
leaf_value=-0.0041739626225097528 0.014231705692393124 0.0043638497400383088 -4.6323342611578624e-05 0.0034689702072683731 0.0031481769365751936 -0.0019815601937947388 0.0017170510277094075 -0.0002863039399870897 0.0057283087876481495 0.0017733666522864351 0.0025227458518078897 0.001090454674534527 -0.0097408732317927228 -0.0080261665218954205
leaf_weight=216 690 355 92877 3914 887 728 615 300 169 74 67 52 100 151
leaf_count=216 690 355 92877 3914 887 728 615 300 169 74 67 52 100 151
internal_value=5.26162e-05 6.62945e-05 3.684e-05 0.00107922 0.00156886 -0.00177036 -0.000195876 -0.00182705 -0.00426327 -0.00607427 -0.00964758 -0.0121053 -0.0143598 -0.00925439
internal_weight=101195 100979 100289 7412 6329 1083 2415 1528 913 744 444 370 318 218
internal_count=101195 100979 100289 7412 6329 1083 2415 1528 913 744 444 370 318 218
is_linear=0
shrinkage=0.05


Tree=240
num_leaves=15
num_cat=0
split_feature=18 6 40 23 12 44 52 27 32 44 40 9 23 28
split_gain=3.51617 6.44775 7.01089 6.73602 6.6906 5.92319 5.39516 6.3033 5.32804 4.78427 4.49412 4.36063 4.29661 4.09654
threshold=-23.249999999999996 64.40000152587892 987.14999389648449 0.33500000834465032 66.677085876464858 -0.87751522660255421 0.91939014196395885 20.150000572204593 -11.210405349731444 4.3155126571655282 995.14999389648449 46.350000381469734 0.36500000953674322 71.500000000000014
decision_type=2 2 2 2 2 2 2 2 2 2 2 2 2 2
left_child=-1 2 -2 -4 8 6 -6 -8 -3 -5 -7 -10 13 -11
right_child=1 4 3 9 5 10 7 -9 11 12 -12 -13 -14 -15
leaf_value=0.00083637201623989175 -2.0637082712761996e-05 -0.046641170037729475 0.0037464029967021004 0.001181879071594444 0.00078465640011233628 -0.0011177488266682909 -0.0057004582781476285 0.0025054830386125946 -0.0032863520796076713 -0.010024215318147046 0.0032663324369506968 -0.0012775525038132632 -0.00081070414842555763 0.0013441666224553884
leaf_weight=14977 47336 52 5580 4055 9742 11620 72 83 1625 165 634 4197 1238 68
leaf_count=14977 47336 52 5580 4055 9742 11620 72 83 1625 165 634 4197 1238 68
internal_value=7.26439e-05 -4.98975e-05 0.000249093 0.00137909 -0.000673265 -0.000275033 0.0006344 -0.00833333 -0.00217199 0.000140896 -0.00100946 -0.00201303 -0.00229237 -0.00837449
internal_weight=101444 86467 58442 11106 28025 22151 9897 155 5874 5526 12254 5822 1471 233
internal_count=101444 86467 58442 11106 28025 22151 9897 155 5874 5526 12254 5822 1471 233
is_linear=0
shrinkage=0.05


Tree=241
num_leaves=15
num_cat=0
split_feature=43 24 26 45 41 52 24 46 14 17 35 17 0 12
split_gain=3.87741 4.00555 6.71161 3.39561 4.53761 6.23253 4.9381 8.85625 6.00111 3.64247 5.25199 4.39658 4.77067 4.72133
threshold=17.500000000000004 10.500000000000002 0.94757825136184703 5.1857576370239267 38.500000000000007 -0.31799228489398951 41.500000000000007 0.45000000298023229 11.872104644775392 5.6499998569488534 21.500000000000004 -62.450000762939446 25.750000000000004 26.877083778381351
decision_type=8 2 2 2 2 2 2 2 2 2 2 2 2 2
left_child=1 -1 -3 9 -5 6 -6 8 -8 10 11 -2 -13 -14
right_child=3 2 -4 4 5 -7 7 -9 -10 -11 -12 12 13 -15
leaf_value=0.0030101975999150227 0.0027906145788550219 -0.00031607658506310293 -0.0071426495685892087 0.0024594447481854805 -0.002016834793087079 0.001486260644355734 -0.0032774132299949257 0.00076640265490833612 -0.021175114405905748 0.00029435025569325192 -0.0014117749808188848 0.0014650371745771188 -0.0051201791834372913 -0.00042451192044950289
leaf_weight=3392 2529 1040 54 6576 949 2339 80 164 116 32843 13633 5970 347 31238
leaf_count=3392 2529 1040 54 6576 949 2339 80 164 116 32843 13633 5970 347 31238
internal_value=2.814e-05 0.00146352 -0.00115942 -3.85353e-05 0.000822748 -0.000590486 -0.00333965 -0.00824324 -0.0151456 -0.000140349 -0.000393936 -0.000105502 -0.000241581 -0.000486627
internal_weight=101270 4486 1094 96784 10224 3648 1309 360 196 86560 53717 40084 37555 31585
internal_count=101270 4486 1094 96784 10224 3648 1309 360 196 86560 53717 40084 37555 31585
is_linear=0
shrinkage=0.05


Tree=242
num_leaves=15
num_cat=0
split_feature=47 53 8 49 40 53 57 47 28 33 44 37 38 46
split_gain=3.83744 14.0095 8.9475 5.24334 4.94701 4.07516 10.4858 5.47582 8.31906 4.78191 5.15896 5.04532 5.60868 5.72275
threshold=12.587228298187258 0.92191100120544445 130.1499938964844 -972.49999999999989 975.75000000000011 -0.98212954401969899 97.950000762939467 10.728991985321047 89.500000000000014 1.0000000180025095e-35 -1.6228886246681211 39.500000000000007 15.050000190734865 1.0000000180025095e-35
decision_type=2 2 2 8 2 2 2 2 2 2 2 2 2 2
left_child=5 3 -3 4 -2 6 7 -1 -9 10 -7 12 13 -11
right_child=1 2 -4 -5 -6 9 -8 8 -10 11 -12 -13 -14 -15
leaf_value=0.0028168327038514459 -0.011900559229452823 -0.039141499670527796 -0.0020350577405909933 -0.0002560765312680069 -0.0025717350949282665 0.0011762314416114419 -0.015732812962390076 -0.00062734081233759963 -0.01371755431197638 -0.005004916733252554 -6.0835682789045168e-06 -0.00024835135750542496 0.0014575063042261917 0.0026530225261717131
leaf_weight=4945 64 56 58 3489 201 21724 53 395 70 1459 39370 28555 649 327
leaf_count=4945 64 56 58 3489 201 21724 53 395 70 1459 39370 28555 649 327
internal_value=9.58838e-05 -0.00144662 -0.0179839 -0.000897981 -0.00754545 0.00015719 0.00148273 0.00171587 -0.00342105 7.83983e-05 0.000335003 -0.000427419 -0.00260736 -0.00404788
internal_weight=101415 3868 114 3754 265 97547 5463 5410 465 92084 61094 30990 2435 1786
internal_count=101415 3868 114 3754 265 97547 5463 5410 465 92084 61094 30990 2435 1786
is_linear=0
shrinkage=0.05


Tree=243
num_leaves=15
num_cat=0
split_feature=0 43 17 57 23 1 46 47 31 53 53 27 17 53
split_gain=3.49636 4.79901 4.79278 7.06545 6.18024 5.54876 5.78248 5.38084 6.64343 5.32785 8.61578 5.49305 4.88905 5.69225
threshold=33.149999618530281 137.50000000000003 7.2500000000000009 53.383333206176765 0.50499999523162853 61.100000381469734 23.550000190734867 11.385357379913332 5.6110417842864999 -0.26037105917930597 -0.32613736391067499 29.250000000000004 64.149997711181655 -0.02257579285651445
decision_type=2 8 2 2 2 2 2 2 2 2 2 2 2 2
left_child=1 -1 3 4 9 7 -7 -5 -9 10 -2 -12 13 -4
right_child=2 -3 12 5 -6 6 -8 8 -10 -11 11 -13 -14 -15
leaf_value=0.0029713817337246075 -0.0031369401830553946 0.00026628674327109129 -3.7808280432309462e-05 0.0014807572322915073 -0.00049633302799305379 -0.00034443752986182343 -0.0087958031836112664 -0.0013463909467783747 -0.031966003529585348 -0.0014446029859660847 -0.0057719403444237913 -0.030754508881090256 -0.0010441670375645716 0.0016848481402321723
leaf_weight=5528 1836 13765 14435 11304 9569 21009 82 776 75 3506 115 68 4442 14731
leaf_count=5528 1836 13765 14435 11304 9569 21009 82 776 75 3506 115 68 4442 14731
internal_value=0.000118073 0.000723463 -2.45246e-05 -0.00034333 -0.00124007 6.40488e-05 -0.000426283 0.000914509 -0.00289779 -0.00257001 -0.00461065 -0.0146891 0.000433994 0.000669386
internal_weight=101241 19293 81948 48340 15094 33246 21091 12155 851 5525 2019 183 33608 29166
internal_count=101241 19293 81948 48340 15094 33246 21091 12155 851 5525 2019 183 33608 29166
is_linear=0
shrinkage=0.05


Tree=244
num_leaves=15
num_cat=0
split_feature=57 0 16 26 52 33 13 52 8 12 0 14 15 47
split_gain=3.08233 4.89049 5.38528 6.48588 5.14521 15.8673 13.8527 9.63512 13.9262 7.00367 6.43964 5.84139 6.27396 5.45513
threshold=45.049999237060554 29.44999980926514 10.550000190734865 0.75405275821685802 -0.98214942216873158 1.6500000357627871 73.06577301025392 -0.98803845047950734 86.250000000000014 75.169441223144545 34.250000000000007 19.051250457763675 82.549999237060561 11.530601978302004
decision_type=2 2 2 2 2 2 2 2 2 2 2 2 2 2
left_child=-1 -2 3 -3 5 7 -7 10 11 -10 -4 12 -9 -6
right_child=1 2 4 -5 13 6 -8 8 9 -11 -12 -13 -14 -15
leaf_value=-0.00029408795840698177 0.0039515892993712354 0.0053286789707660126 -0.026740759321386406 -0.013018397160302266 0.0004525072244640205 -0.0042243834681549445 -0.012493437252856277 0.0049002990636671188 -0.0076232163297989576 -0.029218797490364514 0.0012112614938779341 0.0050704224773135019 -0.014550815395939554 -0.0021396870307447374
leaf_weight=34243 3448 75 79 115 56574 323 126 138 69 63 2928 213 217 2827
leaf_count=34243 3448 75 79 115 56574 323 126 138 69 63 2928 213 217 2827
internal_value=9.45314e-05 0.000291273 0.000191901 -0.008 0.000217645 -0.00148104 -0.0102505 -0.000394135 -0.0056338 -0.0196479 0.000840239 -0.00209343 -0.0059589 0.000336722
internal_weight=101438 67195 63747 190 63557 4156 449 3707 700 132 3007 568 355 59401
internal_count=101438 67195 63747 190 63557 4156 449 3707 700 132 3007 568 355 59401
is_linear=0
shrinkage=0.05


Tree=245
num_leaves=15
num_cat=0
split_feature=19 21 53 49 23 37 23 26 1 19 33 14 55 13
split_gain=3.63562 3.90132 3.62225 3.64862 4.28089 4.24372 7.24415 6.20725 9.43878 5.89192 5.63134 4.97409 4.48126 4.46793
threshold=21.750000000000004 33.500000000000007 0.9993295967578889 17.500000000000004 0.5249999761581422 56.500000000000007 0.2950000017881394 0.89488834142684948 104.65000152587892 186.94999694824222 7.0499999523162851 38.522804260253913 1.5000000000000002 55.633632659912116
decision_type=2 2 2 10 2 2 2 2 2 2 2 2 2 2
left_child=1 -1 3 5 -5 7 -7 10 -9 11 -2 -8 13 -12
right_child=2 -3 -4 4 -6 6 9 8 -10 -11 12 -13 -14 -15
leaf_value=-0.0037419808112600346 -0.00052547125535531763 0.0070487259914274354 0.00312235733232761 -0.0001724336473939218 0.0010875890929851332 0.0021417802936484725 -0.00017256646367880756 -0.0025210835541661404 -0.0079239987251788647 -0.0016231113961480269 -0.0048505996876480849 0.0026845043322167371 -0.0022256489249211945 -0.023851971595768653
leaf_weight=141 14643 1918 1146 17107 18671 7266 29962 924 82 6021 63 3136 167 51
leaf_count=141 14643 1918 1146 17107 18671 7266 29962 924 82 6021 63 3136 167 51
internal_value=9.81168e-05 0.00217255 5.48622e-05 2.20688e-05 0.000424444 -0.000208985 3.28701e-05 -0.000912798 -0.00469488 -0.000236525 -0.000654881 2.53717e-05 -0.00754295 -0.0147581
internal_weight=101298 2059 99239 98093 35778 62315 46385 15930 1006 39119 14924 33098 281 114
internal_count=101298 2059 99239 98093 35778 62315 46385 15930 1006 39119 14924 33098 281 114
is_linear=0
shrinkage=0.05


Tree=246
num_leaves=15
num_cat=0
split_feature=4 56 47 15 38 26 33 53 40 32 38 37 23 38
split_gain=3.06656 7.22389 4.58731 6.44177 6.6803 6.20725 5.79836 5.34966 5.68312 6.07866 6.69975 6.34252 9.49563 7.18126
threshold=30.94999980926514 28.150000572204593 5.3531372547149667 76.000000000000014 10.34999990463257 0.75405275821685802 1.9499999880790713 -0.87810534238815297 981.14999389648449 2.3603448867797856 25.050000190734867 87.500000000000014 0.63499999046325695 22.150000572204593
decision_type=2 2 2 2 2 2 2 2 2 2 2 2 2 2
left_child=-1 -2 3 -3 -5 6 7 -4 9 10 11 13 -13 -9
right_child=1 2 5 4 -6 -7 -8 8 -10 -11 -12 12 -14 -15
leaf_value=0.000797496991670443 -0.0026820197254151384 0.0027894271274605505 0.0019725834619219174 0.0014604134260908289 -0.00057416743941285993 -0.0014658059210634691 -0.0012979302560469407 -0.0033047631486452923 0.00050009162913525879 0.00032496209785257135 0.0028360504055478545 -0.010569528645340324 0.0026863524014134471 0.0012030060145909942
leaf_weight=16382 3211 5327 6387 9325 13102 7555 7775 3266 21855 4478 739 238 136 1291
leaf_count=16382 3211 5327 6387 9325 13102 7555 7775 3266 21855 4478 739 238 136 1291
internal_value=7.00953e-05 -5.10654e-05 4.07444e-05 0.000562599 0.000190979 -0.000228922 -1.13696e-05 0.000240886 -2.29592e-05 -0.0010002 -0.00208627 -0.00275147 -0.00893229 -0.00222575
internal_weight=101067 84685 81474 27754 22427 53720 46165 38390 32003 10148 5670 4931 374 4557
internal_count=101067 84685 81474 27754 22427 53720 46165 38390 32003 10148 5670 4931 374 4557
is_linear=0
shrinkage=0.05


Tree=247
num_leaves=15
num_cat=0
split_feature=56 0 4 4 13 52 10 0 45 53 46 52 14 12
split_gain=3.2499 7.027 5.70695 5.41899 4.20659 5.98693 11.786 6.90459 7.38368 7.25756 6.02362 7.47007 5.71172 6.27034
threshold=28.150000572204593 29.150000572204593 32.750000000000007 30.250000000000004 66.428276062011733 -0.98214942216873158 43.041666030883796 125.50000000000001 -0.37603493034839625 -0.99938741326332081 1.8499999642372134 -0.98803845047950734 6.9859952926635751 54.63750076293946
decision_type=2 2 2 2 2 2 2 2 2 2 2 2 2 2
left_child=2 -2 -1 -3 -5 6 -6 8 12 -10 -8 -12 -7 -14
right_child=1 3 -4 4 5 7 10 -9 9 -11 11 -13 13 -15
leaf_value=-0.00017979112810642247 0.0025590459851302693 0.0023407957970024637 -0.002958472739664621 -0.00044530813145812059 -0.0089126814355909405 -0.0041730587334024355 -0.00023689235544023838 -0.00035008392854192749 -0.014390921937923074 0.0033253249864882554 0.0043582599111017519 -0.014185163016269004 -0.0070749356925103469 0.00079140468963811213
leaf_weight=9934 6864 4619 2662 40249 101 409 1245 12051 62 8889 89 110 605 13273
leaf_count=9934 6864 4619 2662 40249 101 409 1245 12051 62 8889 89 110 605 13273
internal_value=5.54503e-05 0.000162347 -0.0006957 3.31654e-05 -6.66077e-05 0.000319455 -0.00271704 0.000453129 0.000956642 0.0020818 -0.00149931 -0.00935407 0.000250752 0.000424107
internal_weight=101162 88566 12596 81702 77083 36834 1545 35289 23238 8951 1444 199 14287 13878
internal_count=101162 88566 12596 81702 77083 36834 1545 35289 23238 8951 1444 199 14287 13878
is_linear=0
shrinkage=0.05


Tree=248
num_leaves=15
num_cat=0
split_feature=56 50 23 53 53 19 15 39 46 53 46 16 4 16
split_gain=3.27485 6.61392 5.81658 6.34505 6.28361 5.10019 5.51784 4.32664 4.18426 4.07142 3.98741 3.77471 3.58027 4.87479
threshold=21.150000572204593 -0.91597560048103321 0.59499999880790722 -0.76140165328979481 -0.60555642843246449 39.649999618530281 23.750000000000004 0.25000000745058065 1.0000000180025095e-35 0.57605713605880748 62.649999618530281 16.94999980926514 24.94999980926514 14.050000190734865
decision_type=2 2 2 2 2 2 2 2 2 2 2 2 2 2
left_child=1 8 9 7 -5 6 -2 -4 -1 11 -8 -3 -7 -14
right_child=5 2 3 4 -6 12 10 -9 -10 -11 -12 -13 13 -15
leaf_value=-0.008106871148455241 -0.0088572622072763309 0.0021275976898984176 0.015755097717125369 -0.042742591683299927 -0.0039027488610283712 0.0019590771594212185 0.0024660438750400671 -0.0086076461131961417 0.0033204121783410724 -0.0034690150131245013 -0.007387102531187093 -0.0025058329268901254 -0.0024394585261940291 -1.3684221961841841e-06
leaf_weight=815 57 2630 167 69 162 3959 7267 76 192 398 52 634 1449 83263
leaf_count=815 57 2630 167 69 162 3959 7267 76 192 398 52 634 1449 83263
internal_value=5.68184e-05 -0.00117116 -0.0002822 -0.00543388 -0.0111826 0.000122688 0.00138505 0.000256917 -0.00478368 0.000397604 0.00151385 0.000983507 1.75349e-05 -5.12262e-05
internal_weight=101190 5143 4136 474 231 96047 7376 243 1007 3662 7319 3264 88671 84712
internal_count=101190 5143 4136 474 231 96047 7376 243 1007 3662 7319 3264 88671 84712
is_linear=0
shrinkage=0.05


Tree=249
num_leaves=15
num_cat=0
split_feature=47 20 49 22 52 53 49 44 23 14 7 46 43 34
split_gain=2.99774 3.93211 3.4324 3.39453 4.00985 4.20375 8.56606 6.51975 5.43083 4.75328 5.05189 4.63868 5.35963 4.41624
threshold=2.7689903974533085 77.850002288818374 -52.499999999999993 2097.5000000000005 -0.99275806546211232 0.41202506422996527 -1.0000000180025095e-35 -3.9396423101425166 0.47499999403953558 35.540048599243171 51.649999618530281 1.0500000119209292 97.500000000000014 3.5499999523162846
decision_type=2 2 10 2 2 2 10 2 2 2 2 2 10 2
left_child=1 -1 -3 -2 -5 6 8 -7 9 10 -6 -9 -13 -8
right_child=3 2 -4 4 5 7 13 11 -10 -11 -12 12 -14 -15
leaf_value=0.0036687094535599579 0.00015402615652783627 -0.0084464778583077365 3.6563210031933078e-05 0.0036705390665858055 -0.0080994310042224009 0.0025285943138663339 -0.0005705128179317666 -0.00055829096612497638 -0.0019470069951388093 -0.0059624595451985857 -0.0014186768522232267 -0.013469963684544362 0.00078831093986325381 -0.0069706438495063597
leaf_weight=2230 79602 52 1675 544 263 2422 3098 9742 480 67 266 153 126 84
leaf_count=2230 79602 52 1675 544 263 2422 3098 9742 480 67 266 153 126 84
internal_value=6.0706e-05 0.00140787 -0.000382844 5.52379e-06 -0.000630252 -0.000768655 -0.00212277 -0.000303943 -0.00595764 -0.00910891 -0.0072449 -0.000866813 -0.00711073 -0.000811403
internal_weight=100804 3957 1727 96847 17245 16701 4258 12443 1076 596 529 10021 279 3182
internal_count=100804 3957 1727 96847 17245 16701 4258 12443 1076 596 529 10021 279 3182
is_linear=0
shrinkage=0.05


Tree=250
num_leaves=15
num_cat=0
split_feature=47 53 53 16 43 32 36 12 13 23 0 52 23 25
split_gain=3.60234 15.4111 5.0756 6.89635 9.68635 4.82065 5.13209 5.04716 6.58554 5.8149 6.97996 6.2819 4.53156 4.75872
threshold=9.5815343856811541 0.94909128546714794 -0.98212954401969899 64.40000152587892 552.50000000000011 -6.1796898841857901 34.750000000000007 42.905555725097663 61.911605834960945 0.42499999701976782 22.650000572204593 0.27694219350814825 1.5049999952316286 25.349999427795414
decision_type=2 2 2 2 8 2 2 2 2 2 2 2 2 2
left_child=2 5 3 -1 -5 -2 7 9 12 10 -7 -12 13 -9
right_child=1 -3 -4 4 -6 6 -8 8 -10 -11 11 -13 -14 -15
leaf_value=0.0025330435724459982 0.0011803097463304829 -0.082958184867990892 0.00014608901548273805 0.0068538931988892 -0.013189900322886595 0.0031669096571538082 0.0035110638331400028 -0.0027141898967637727 -0.00010519728932347418 0.0027582502522017979 -0.0061549924603450275 -0.0020777906906948233 -0.015333303659257742 -0.0090789231059617316
leaf_weight=4409 3446 92 81875 57 53 505 1073 3774 2544 2245 200 687 90 117
leaf_count=4409 3446 92 81875 57 53 505 1073 3774 2544 2245 200 687 90 117
internal_value=8.97933e-05 -0.000631468 0.000213185 0.00184257 -0.01 -0.000496562 -0.000998221 -0.00134585 -0.00217674 0.000146696 -0.00238231 -0.00503344 -0.003444 -0.00316457
internal_weight=101167 14773 86394 4519 110 14681 11235 10162 6525 3637 1392 887 3981 3891
internal_count=101167 14773 86394 4519 110 14681 11235 10162 6525 3637 1392 887 3981 3891
is_linear=0
shrinkage=0.05


Tree=251
num_leaves=15
num_cat=0
split_feature=19 53 23 47 25 38 0 41 17 25 28 56 31 2
split_gain=3.1837 3.83416 3.30203 4.34594 6.59579 8.21072 4.55578 4.95058 5.04753 8.30096 6.06082 5.44334 5.50854 6.28013
threshold=21.750000000000004 0.95936280488967907 0.79500001668930065 3.0447223186492924 46.750000000000007 12.449999809265138 78.799999237060561 95.500000000000014 24.750000000000004 35.850000381469734 97.500000000000014 65.549999237060561 -8.778841018676756 95.099998474121108
decision_type=2 2 2 2 2 2 2 2 2 2 2 2 2 2
left_child=1 -1 3 4 -2 -6 -5 8 9 11 -11 -8 13 -13
right_child=2 -3 -4 6 5 -7 7 -9 -10 10 -12 12 -14 -15
leaf_value=0.0053602363581927385 0.0022120229396872955 -0.0039112119732507946 0.00056589213717772114 -9.3739042438955726e-06 -0.0010715960974079597 -0.0075782849801629432 -0.0046179768360631503 0.00073192854410265634 -0.00040325933565675391 0.0022450275375399042 -0.0053834245859751004 -0.0072596471709797765 -0.0020178797824906419 0.0012770618255817563
leaf_weight=1939 4195 131 23022 53231 441 57 620 3480 7008 1274 64 101 5561 65
leaf_count=1939 4195 131 23022 53231 441 57 620 3480 7008 1274 64 101 5561 65
internal_value=5.92399e-05 0.00199519 1.86123e-05 -0.000140131 0.00133213 -0.00405512 -0.000237068 -0.000920365 -0.00132184 -0.00220598 0.00136499 -0.00295973 -0.00246906 -0.0111932
internal_weight=101189 2070 99119 76097 4693 498 71404 18173 14693 7685 1338 6347 5727 166
internal_count=101189 2070 99119 76097 4693 498 71404 18173 14693 7685 1338 6347 5727 166
is_linear=0
shrinkage=0.05


Tree=252
num_leaves=15
num_cat=0
split_feature=0 14 43 53 21 41 55 33 31 53 47 23 13 23
split_gain=3.02278 5.83668 3.62988 5.75448 3.4531 3.14157 4.74899 8.74555 6.63981 5.97102 7.2376 4.03345 3.89254 3.5641
threshold=128.30000305175784 38.522804260253913 17.500000000000004 -0.26037105917930597 251.50000000000003 24.500000000000004 4.5000000000000009 1.0000000180025095e-35 6.6666419506073007 0.99445194005966198 3.3674241304397587 1.2150000333786013 55.424108505249031 0.99500000476837169
decision_type=2 2 8 2 2 2 2 2 2 2 2 2 2 2
left_child=1 2 3 -1 5 6 13 8 9 -8 -11 -9 -7 -2
right_child=4 -3 -4 -5 -6 12 7 11 -10 10 -12 -13 -14 -15
leaf_value=-0.0033751393281906458 -0.00068312671998498335 0.0028344177291590032 7.0484519775354103e-05 0.0048089668974522553 -0.0046604896786991762 -0.0084615150779853345 -0.00054632793905039722 -0.0053966944012074202 -0.0069293645743139197 0.0021659912676737941 -0.007566437182673422 -0.015575104819034803 0.00043770284983968982 0.0030339196393860358
leaf_weight=403 4321 4916 81386 2200 127 81 1776 93 59 67 121 68 5113 709
leaf_count=403 4321 4916 81386 2200 127 81 1776 93 59 67 121 68 5113 709
internal_value=0.000118778 0.000221279 0.000123156 0.00195752 -0.000607812 -0.000520212 -0.00119463 -0.00313582 -0.0022061 -0.0016616 -0.00989899 -0.0140058 0.000416987 -0.000347222
internal_weight=101440 88905 83989 2603 12535 12408 7214 2184 2023 1964 188 161 5194 5030
internal_count=101440 88905 83989 2603 12535 12408 7214 2184 2023 1964 188 161 5194 5030
is_linear=0
shrinkage=0.05


Tree=253
num_leaves=15
num_cat=0
split_feature=28 14 45 50 37 21 27 13 15 23 49 47 29 37
split_gain=3.44563 6.02689 4.44708 4.21283 4.16157 3.88219 8.79687 5.56448 4.45354 6.31536 3.7154 3.69345 5.18193 5.26877
threshold=47.500000000000007 19.899414062500004 2.9083304405212407 0.78656607866287243 90.500000000000014 183.50000000000003 33.149999618530281 33.026786804199226 76.950000762939467 0.50499999523162853 31.875000000000004 6.5860390663146982 7.7500000000000009 65.500000000000014
decision_type=2 2 2 2 2 2 2 2 2 2 8 2 2 2
left_child=1 2 5 4 11 -1 7 -7 -8 -10 -5 12 13 -2
right_child=3 -3 -4 10 -6 6 8 -9 9 -11 -12 -13 -14 -15
leaf_value=0.00015697374175594795 -0.00081226284852569752 0.0032727179857846671 0.002299624174942947 -0.0014019961818832391 0.0014817993385781523 -0.010661359567807945 0.0010705083162396488 -0.0033100882915908219 -0.014404241867960344 -0.0011580630840631312 0.00082536916098768776 -0.00046213643756590878 0.0024193892670852819 0.00078668904193017475
leaf_weight=10839 12323 6240 3908 12050 6979 132 1462 529 157 615 2460 24844 4536 14228
leaf_count=10839 12323 6240 3908 12050 6979 132 1462 529 157 615 2460 24844 4536 14228
internal_value=9.28816e-05 0.00061778 0.000145026 -6.90945e-05 0.000108074 -0.000278667 -0.00190189 -0.0069225 -0.000392157 -0.0034399 -0.000836777 -3.56624e-05 0.000327524 6.04271e-05
internal_weight=101302 23882 17642 77420 62910 13734 2895 661 2234 772 14510 55931 31087 26551
internal_count=101302 23882 17642 77420 62910 13734 2895 661 2234 772 14510 55931 31087 26551
is_linear=0
shrinkage=0.05


Tree=254
num_leaves=15
num_cat=0
split_feature=57 1 43 47 37 1 31 44 31 43 16 8 19 31
split_gain=2.8748 4.90337 4.13147 3.9478 4.80919 4.61152 3.93142 3.84398 4.05547 3.76748 5.28 4.12327 4.52632 5.4601
threshold=217.84999847412112 182.75000000000003 52.500000000000007 4.3510868549346933 57.500000000000007 77.200000762939467 -0.71473115682601918 6.4419937133789071 -0.16134067624807355 22.500000000000004 18.94999980926514 24.150000572204593 31.750000000000004 5.0869722366333017
decision_type=2 2 10 2 2 2 2 2 2 10 2 2 2 2
left_child=1 3 7 4 6 -6 -1 8 -3 10 -8 12 -11 -14
right_child=-2 2 -4 -5 5 -7 9 -9 -10 11 -12 -13 13 -15
leaf_value=0.0013986729152488005 0.0018538393725241508 -0.00032672544533886272 0.00019228340464368839 -7.0929852512278732e-05 0.003691497862693387 0.00048989975913535573 0.010868480857214469 -0.006423169541923371 -0.0040627040356561945 0.0042947391135604654 -0.0074511421226123812 -0.00054311005612724431 -0.010636894745636762 0.0028041523502428866
leaf_weight=1521 1447 945 1382 80823 4823 6358 50 82 780 62 90 2697 84 52
leaf_count=1521 1447 945 1382 80823 4823 6358 50 82 780 62 90 2697 84 52
internal_value=4.97008e-05 1.74923e-05 -0.00190841 8.12884e-05 0.00080555 0.00136315 -0.000562856 -0.00347551 -0.00292507 -0.00160099 -0.00933333 -0.00119621 -0.00798077 -0.0128082
internal_weight=101196 99749 3189 96560 15737 11181 4556 1807 1725 3035 140 2895 198 136
internal_count=101196 99749 3189 96560 15737 11181 4556 1807 1725 3035 140 2895 198 136
is_linear=0
shrinkage=0.05


Tree=255
num_leaves=15
num_cat=0
split_feature=0 40 43 53 0 0 45 41 38 52 38 15 57 0
split_gain=3.77292 3.84313 3.02029 4.16051 5.52936 3.15412 3.10373 4.44655 5.19804 4.10524 3.30802 5.67068 5.20653 5.8736
threshold=17.650000572204593 995.04998779296886 17.500000000000004 -0.039769286289811127 114.20000076293947 47.45000076293946 5.1857576370239267 38.500000000000007 6.4500000476837167 -0.30163703858852381 25.44999980926514 118.40000152587892 49.45000076293946 42.899999618530281
decision_type=2 2 8 2 2 2 2 2 2 2 2 2 2 2
left_child=-1 2 3 5 -5 -2 10 8 -8 -9 -4 12 13 -12
right_child=1 -3 6 4 -6 -7 7 9 -10 -11 11 -13 -14 -15
leaf_value=0.0027247274267479873 0.00031673142941317532 0.0034323969959733978 -0.0003194707282671718 0.0058110420731514317 -0.00051147459985953091 -0.005834429754702726 -0.003830920326665474 -0.0031513410393636111 0.0026113457756055248 0.00071313066748892066 0.0024886127324009353 -0.0024771999486842555 0.0029072306964693113 -0.0020605836164739335
leaf_weight=2887 304 1818 74203 2153 1493 274 256 1272 6129 2265 1709 618 4086 1933
leaf_count=2887 304 1818 74203 2153 1493 274 256 1272 6129 2265 1709 618 4086 1933
internal_value=4.58537e-05 -6.44501e-06 -4.93768e-05 0.0012565 0.00188184 -0.00265306 -0.000109157 0.000725937 0.0015129 -0.000694953 -0.000209607 0.000733605 0.00110364 -0.000271084
internal_weight=101400 98513 96695 4224 3646 578 92471 9922 6385 3537 82549 8346 7728 3642
internal_count=101400 98513 96695 4224 3646 578 92471 9922 6385 3537 82549 8346 7728 3642
is_linear=0
shrinkage=0.05


Tree=256
num_leaves=15
num_cat=0
split_feature=0 38 46 56 49 17 57 1 32 13 45 19 31 9
split_gain=3.27081 5.77629 6.08897 4.33069 6.43711 4.28735 4.61307 5.20065 6.99919 5.32031 8.96018 6.09124 7.12516 5.32421
threshold=42.45000076293946 24.94999980926514 64.350002288818374 34.049999237060554 82.500000000000014 2.7500000000000004 60.616666793823249 61.100000381469734 -3.2125591039657588 86.710418701171889 -4.46856665611267 229.35000610351565 -2.4905811548233028 56.750000000000007
decision_type=2 2 2 2 8 2 2 2 2 2 2 2 2 2
left_child=1 2 -1 4 -2 6 -5 -8 9 10 13 -11 -13 -9
right_child=3 -3 -4 5 -6 -7 7 8 -10 11 -12 12 -14 -15
leaf_value=0.00029793445980473126 -0.0059599619591874011 0.003120055945816819 -0.0070681770600326101 -0.001522364914077391 -0.00068187893872450527 0.0004173488133983058 0.0017041035095282293 -0.0012620189789960938 8.1535251177478459e-05 -0.00016845222037935325 -0.0011892095853894449 -0.0066308558708212508 -0.0014505783400386265 -0.007747476856123133
leaf_weight=28517 809 4482 67 8871 3931 31657 5392 180 13082 2782 1030 66 143 397
leaf_count=28517 809 4482 67 8871 3931 31657 5392 180 13082 2782 1030 66 143 397
internal_value=6.43884e-05 0.000472548 0.000210534 -0.000133138 -0.00158947 -2.43671e-05 -0.000432979 -6.02199e-05 -0.000474844 -0.00215061 -0.00446197 -0.000898034 -0.00892694 -0.00939523
internal_weight=101406 33066 28584 68340 4740 63600 31943 23072 17680 4598 1607 2991 209 577
internal_count=101406 33066 28584 68340 4740 63600 31943 23072 17680 4598 1607 2991 209 577
is_linear=0
shrinkage=0.05


Tree=257
num_leaves=15
num_cat=0
split_feature=56 0 51 44 16 56 1 4 23 15 12 14 52 45
split_gain=2.80048 5.44161 3.32731 5.08599 4.4705 2.99912 5.75055 5.55573 5.2715 6.2641 5.15106 6.26722 5.10023 5.18643
threshold=16.250000000000004 17.650000572204593 -0.37940952181816096 0.85758596658706676 12.550000190734865 43.95000076293946 61.100000381469734 32.750000000000007 0.51499998569488536 43.850000381469734 50.542362213134773 5.2157282829284677 -0.46038399636745447 -1.0824235081672666
decision_type=2 2 2 2 2 2 2 2 2 2 2 2 2 2
left_child=2 -2 -1 -4 -5 7 -7 -3 9 -9 -11 -12 13 -10
right_child=1 5 3 4 -6 6 -8 8 12 10 11 -13 -14 -15
leaf_value=-0.00012209338406401438 0.0056057067295069238 0.00046672293074199512 -0.00080925479367007511 -0.0040430082988072427 -0.01345449125118676 0.0010728131065579349 -0.00013333493114520861 -0.0040152156814046314 0.0013887413253407047 -6.5122586249587725e-05 -0.0072122484516748617 -0.0021415127646029078 0.00098153456461392923 -0.0027732213852132868
leaf_weight=1263 2020 13745 433 327 72 24784 40367 1258 1288 4433 97 3437 5297 2288
leaf_count=1263 2020 13745 433 327 72 24784 40367 1258 1288 4433 97 3437 5297 2288
internal_value=3.50579e-05 7.34167e-05 -0.0017696 -0.00420428 -0.00820293 1.97932e-05 0.000214162 -0.000377829 -0.00095317 -0.00178939 -0.00126802 -0.00268905 -8.27421e-05 -0.00153932
internal_weight=101109 99014 2095 832 399 96994 65151 31843 18098 9225 7967 3534 8873 3576
internal_count=101109 99014 2095 832 399 96994 65151 31843 18098 9225 7967 3534 8873 3576
is_linear=0
shrinkage=0.05


Tree=258
num_leaves=15
num_cat=0
split_feature=49 43 19 37 50 51 51 19 12 52 12 26 50 52
split_gain=3.35036 5.40617 6.55421 4.32449 7.93318 12.3283 10.2959 8.64936 6.34329 7.44628 9.03762 8.31072 6.37462 5.97288
threshold=22.500000000000004 187.50000000000003 41.149999618530281 58.500000000000007 1.0000000180025095e-35 1.0000000180025095e-35 -0.12940952181816107 188.85000610351565 50.542362213134773 0.73865729570388805 59.513195037841804 0.69622549414634716 1.0000000180025095e-35 -0.9413962960243224
decision_type=10 10 2 2 2 2 2 2 2 2 2 2 2 2
left_child=1 2 -1 8 6 7 -5 -6 -4 -10 11 12 -11 -7
right_child=-2 -3 3 4 5 13 -8 -9 9 10 -12 -13 -14 -15
leaf_value=0.0025254181414518396 0.00049223391002476964 -0.0012299728909870669 -0.00013441274024957264 -0.0033859509666801187 0.0030970373770993083 -0.0028477484343974661 0.0017514028703753189 -0.0024789142332267964 -0.001127952598546408 -0.0071032951188251181 -0.0010271377339374952 -0.017932998587878536 -0.00075702027383358272 -0.00071474354399567229
leaf_weight=5562 35564 13327 7139 1104 5289 2089 13450 820 2631 272 521 86 190 13340
leaf_count=5562 35564 13327 7139 1104 5289 2089 13450 820 2631 272 521 86 190 13340
internal_value=5.93725e-05 -0.000151906 7.6472e-05 -0.000115996 0.000147083 -0.000462224 0.00104848 0.00143733 -0.000991335 -0.00266846 -0.00616775 -0.0105914 -0.00760593 -0.00121478
internal_weight=101384 65820 52493 46931 36092 21538 14554 6109 10839 3700 1069 548 462 15429
internal_count=101384 65820 52493 46931 36092 21538 14554 6109 10839 3700 1069 548 462 15429
is_linear=0
shrinkage=0.05


Tree=259
num_leaves=15
num_cat=0
split_feature=40 0 56 33 33 53 46 41 55 47 52 53 36 44
split_gain=3.65181 2.79624 5.43771 4.26423 8.69446 4.61968 4.17033 4.04718 3.61871 7.57695 3.56904 5.13543 10.2972 7.33801
threshold=995.04998779296886 73.000000000000014 72.049999237060561 7.0499999523162851 7.3500001430511483 -0.56369942426681507 9.7500000000000018 95.500000000000014 2.5000000000000004 6.9685854911804208 -0.7386675477027892 0.36447542905807501 21.750000000000004 -6.4717185497283927
decision_type=2 2 2 2 2 2 2 2 2 2 2 2 2 2
left_child=1 2 -1 7 -5 8 -4 10 -6 -10 11 12 13 -3
right_child=-2 3 6 4 5 -7 -8 -9 9 -11 -12 -13 -14 -15
leaf_value=5.7078058296928745e-05 0.002945059686416205 -0.010335501942973394 0.0020899247210898991 -0.016150408238563833 0.00061576444616519939 0.0034728397165339773 -0.0043421974059087388 0.00079881715585470789 -0.0024623299043730353 -0.013571301494292072 -0.00086407514979368631 0.0022913763395390791 -0.00015773254026454377 -0.0025277611088932363
leaf_weight=58532 1839 75 8078 59 117 280 234 6271 171 63 17760 3662 3841 247
leaf_count=58532 1839 75 8078 59 117 280 234 6271 171 63 17760 3662 3841 247
internal_value=6.71186e-05 2.61571e-05 0.000211207 -0.000353852 -0.00421429 -0.00233229 0.00140711 -0.000268938 -0.00608033 -0.00954918 -0.000547958 0.000341417 -0.000859094 -0.00930723
internal_weight=101229 99390 66844 32546 690 631 8312 31856 351 234 25585 7825 4163 322
internal_count=101229 99390 66844 32546 690 631 8312 31856 351 234 25585 7825 4163 322
is_linear=0
shrinkage=0.05


Tree=260
num_leaves=15
num_cat=0
split_feature=49 37 28 28 50 47 53 53 19 49 19 13 37 6
split_gain=3.35861 6.47068 9.06258 6.0715 6.48533 5.65505 4.37736 6.14959 5.21901 4.43765 4.34544 4.94368 4.28746 4.25808
threshold=22.500000000000004 45.500000000000007 31.500000000000004 45.500000000000007 1.0000000180025095e-35 5.1951191425323495 0.90070003271102916 0.85561370849609386 209.75000000000003 -187.49999999999997 143.6499938964844 54.657142639160163 25.500000000000004 227.44999694824222
decision_type=8 2 2 2 2 2 2 2 2 10 2 2 2 2
left_child=1 2 12 -3 -5 6 7 10 -8 -10 -6 -12 -1 -7
right_child=-2 3 -4 4 5 13 8 -9 9 -11 11 -13 -14 -15
leaf_value=-0.0023383853741679116 0.00038416656004914765 0.0019100716514610034 -0.0039659453855503887 0.00064090884814889274 0.00078993007140576172 -0.001267720263467462 0.0041188244481953724 -0.0061819902679520096 -0.0059493394068328362 -0.0002665789950342141 -0.010456772624301853 -0.0021144985311356388 0.0019326199152456911 -0.0064824585130919864
leaf_weight=982 47985 7097 2749 16691 4553 15668 1852 467 66 480 92 729 1971 76
leaf_count=982 47985 7097 2749 16691 4553 15668 1852 467 66 480 92 729 1971 76
internal_value=6.14974e-05 -0.000211001 -0.00180147 -2.0824e-05 -0.000256366 -0.000782936 0.000278216 -0.000460605 0.00207226 -0.00219424 2.22884e-05 -0.00330325 0.000123186 -0.00133807
internal_weight=101458 53473 5702 47771 40674 23983 8239 5841 2398 546 5374 821 2953 15744
internal_count=101458 53473 5702 47771 40674 23983 8239 5841 2398 546 5374 821 2953 15744
is_linear=0
shrinkage=0.05


Tree=261
num_leaves=15
num_cat=0
split_feature=53 17 28 24 52 7 31 37 19 38 47 53 1 36
split_gain=3.10745 3.05541 4.87857 5.0544 5.06125 12.1894 5.26927 4.8726 6.50803 6.16949 4.7756 11.3344 5.27079 4.20687
threshold=0.99958848953247081 7.2500000000000009 79.500000000000014 375.50000000000006 -0.98214942216873158 99.099998474121108 -4.9812779426574698 43.500000000000007 177.6499938964844 10.949999809265138 9.2815341949462908 0.94909128546714794 25.44999980926514 9.5500001907348651
decision_type=2 2 2 2 2 2 2 2 2 2 2 2 2 2
left_child=1 7 -3 4 5 6 -4 9 10 -1 12 -12 -9 -14
right_child=-2 2 3 -5 -6 -7 -8 8 -10 -11 11 -13 13 -15
leaf_value=-0.002329873660804773 0.0036527975436386143 0.0010516117923351144 -0.0070513433686014565 -0.0073923458455612892 -8.4012406574179876e-05 -0.024617887666910195 0.0015997948045926487 0.0039967022003697316 -0.0014706137094966758 -3.5388661809287952e-06 -0.00072606720968796984 -0.081575561779224565 0.0026992673118471054 0.00014612817266018154
leaf_weight=5419 873 23258 97 67 11113 98 411 3338 4989 6131 8610 53 2444 34435
leaf_count=5419 873 23258 97 67 11113 98 411 3338 4989 6131 8610 53 2444 34435
internal_value=6.49263e-05 3.89659e-05 0.000415645 -0.000412852 -0.000328672 -0.00474026 -0.00146718 -0.000162848 3.70276e-05 -0.00109429 0.000212723 -0.000851493 0.000442116 0.000269593
internal_weight=101336 100463 35044 11786 11719 606 508 65419 53869 11550 48880 8663 40217 36879
internal_count=101336 100463 35044 11786 11719 606 508 65419 53869 11550 48880 8663 40217 36879
is_linear=0
shrinkage=0.05


Tree=262
num_leaves=15
num_cat=0
split_feature=57 2 16 16 40 43 26 47 24 5 6 5 5 37
split_gain=3.16376 4.54775 4.27782 6.66188 6.70947 4.43053 4.27771 3.56298 4.24009 3.3486 5.51214 3.28172 3.28109 6.22508
threshold=209.20000457763675 173.94999694824222 107.70000076293947 92.549999237060561 992.04998779296886 57.500000000000007 0.99279317259788524 2.7689903974533085 4.5000000000000009 171.1499938964844 156.25000000000003 108.40000152587892 121.75000000000001 93.500000000000014
decision_type=2 2 2 2 2 10 2 2 2 2 2 2 2 2
left_child=1 7 3 6 11 -6 9 8 -1 -3 -11 -5 -8 -14
right_child=-2 2 -4 4 5 -7 12 -9 -10 10 -12 -13 13 -15
leaf_value=0.0048600872631718011 0.0018123668578484201 0.00082481573737421465 0.0012651560402421153 -0.010316327283762784 -0.01269780562894251 -0.0032124664532746407 -0.0001297649621352383 8.1691816272786398e-05 -0.00011878355457472922 8.5955961635500043e-05 -0.0051059379398772677 -0.0015763328173233134 -0.0084918672597861719 -0.001989144076422276
leaf_weight=1702 1820 1356 964 51 91 52 166 92794 1268 297 150 328 121 133
leaf_count=1702 1820 1356 964 51 91 52 166 92794 1268 297 150 328 121 133
internal_value=9.83684e-05 6.04628e-05 -0.00165501 -0.0026588 -0.00768797 -0.0165686 -0.00144872 0.00012707 0.00182886 -0.000377827 -0.00408096 -0.00399743 -0.00593023 -0.00939394
internal_weight=101293 99473 3709 2745 522 143 2223 95764 2970 1803 447 379 420 254
internal_count=101293 99473 3709 2745 522 143 2223 95764 2970 1803 447 379 420 254
is_linear=0
shrinkage=0.05


Tree=263
num_leaves=15
num_cat=0
split_feature=17 21 40 16 8 44 18 18 25 20 13 37 34 18
split_gain=3.51621 4.29398 4.35486 4.05188 4.8635 3.41775 3.12201 5.422 4.58869 4.7923 4.23592 5.25557 5.73761 6.87183
threshold=-92.84999847412108 236.50000000000003 989.64999389648449 94.90000152587892 52.649999618530281 -1.0722389221191404 -22.650000572204586 -18.55000019073486 17.44999980926514 98.750000000000014 164.82380676269534 75.500000000000014 0.35000000894069677 -60.04999923706054
decision_type=2 2 2 2 2 2 2 2 2 2 2 2 2 2
left_child=-1 6 5 4 -4 -3 10 8 -8 -10 -2 12 13 -12
right_child=1 2 3 -5 -6 -7 7 -9 9 -11 11 -13 -14 -15
leaf_value=0.0035324370120774461 0.0011919529958790251 0.0014152670836288894 -0.011930545139080567 -0.0015825714227145141 -0.011992031123441802 -0.0045447189423609615 -0.0008678173792678232 3.1970580851834737e-05 -0.0056407722046874411 0.0029446889691937795 -0.019373537248729811 8.1891621224951708e-05 0.0022579563185275617 -0.0012683243896128352
leaf_weight=1574 13593 465 65 171 67 249 2695 80152 695 165 117 1058 142 139
leaf_count=1574 13593 465 65 171 67 249 2695 80152 695 165 117 1058 142 139
internal_value=7.43414e-05 3.7231e-05 -0.00317916 -0.00809904 -0.0143662 -0.00100829 7.06723e-05 -4.85563e-05 -0.00195652 -0.00511494 0.000733449 -0.00182128 -0.00664216 -0.0109774
internal_weight=101347 99773 1017 303 132 714 98756 83707 3555 860 15049 1456 398 256
internal_count=101347 99773 1017 303 132 714 98756 83707 3555 860 15049 1456 398 256
is_linear=0
shrinkage=0.05


Tree=264
num_leaves=15
num_cat=0
split_feature=49 37 7 28 50 32 47 9 42 22 24 38 46 52
split_gain=3.73359 6.20183 5.42474 5.22474 4.83475 4.15748 4.41159 4.02074 4.12983 3.73142 3.39881 7.95696 6.29257 8.34159
threshold=22.500000000000004 35.500000000000007 33.45000076293946 27.500000000000004 0.91597560048103344 1.4366933107376101 5.1689903736114511 50.000000000000007 8.4499998092651385 223.50000000000003 10.500000000000002 13.84999990463257 1.0000000180025095e-35 -0.98214942216873158
decision_type=8 2 2 2 2 2 2 2 2 2 2 2 2 2
left_child=1 2 -1 -3 9 6 -6 8 -4 -5 12 -12 -11 -14
right_child=-2 3 7 4 5 -7 -8 -9 -10 10 11 -13 13 -15
leaf_value=-0.00054896020561466291 0.0004011676860232694 0.0032608034423630681 -0.0065340888053027155 -0.0044363878564457051 0.0017028204209960807 -0.0036284926103169559 -0.0016624227054171142 -0.001284930226603789 -0.00067740492398684672 0.0011300075852415143 -0.0027585729085610705 4.574131649925563e-06 -0.0062007300526369154 -0.00051913950781454904
leaf_weight=1592 47838 2172 680 132 2185 3415 3695 515 220 16161 2390 14741 335 5176
leaf_count=1592 47838 2172 680 132 2185 3415 3695 515 220 16161 2390 14741 335 5176
internal_value=8.13279e-05 -0.000206013 -0.00240802 -7.41885e-05 -0.000182421 -0.00120634 -0.000398981 -0.00464912 -0.00664835 6.22675e-05 9.18509e-05 -0.000434339 0.000507795 -0.000950009
internal_weight=101247 53409 3007 50402 48230 9295 5880 1415 900 38935 38803 17131 21672 5511
internal_count=101247 53409 3007 50402 48230 9295 5880 1415 900 38935 38803 17131 21672 5511
is_linear=0
shrinkage=0.05


Tree=265
num_leaves=15
num_cat=0
split_feature=23 49 19 43 20 47 45 23 33 47 13 52 13 33
split_gain=2.94075 3.53961 5.30714 4.65268 4.8251 8.062 4.6433 4.45888 3.80921 6.97227 6.94316 6.46729 10.6669 3.73073
threshold=0.17500000447034839 22.500000000000004 29.849999427795414 342.50000000000006 27.849999427795414 4.3510868549346933 3.6017768383026127 0.32500000298023229 13.250000000000002 6.8891813755035409 39.675596237182624 -0.87812310457229603 53.920238494873054 1.1500000357627871
decision_type=2 10 2 10 2 2 2 2 2 2 2 2 2 2
left_child=-1 2 -2 4 5 -4 -5 -3 -7 10 -10 12 -12 -8
right_child=1 7 3 6 -6 8 13 -9 9 -11 11 -13 -14 -15
leaf_value=0.0013334057551846103 0.0031975489936826905 -0.0008989327316953809 0.0035785274534912747 -0.0027603431597020005 -0.00067276326440809768 9.0230768921219199e-05 0.0021662360954671695 0.00074225364434629985 -0.006205174052275865 0.0013845998453166271 0.0037104301548546142 -0.00023415292379190143 -0.0072200422688841973 -0.0039351710808184165
leaf_weight=4637 2722 5703 3201 4489 24766 23479 1856 28369 166 628 53 450 64 597
leaf_count=4637 2722 5703 3201 4489 24766 23479 1856 28369 166 628 53 450 64 597
internal_value=1.63061e-05 -4.2826e-05 -0.000266401 -0.000364882 -0.000204763 0.000244376 -0.00158084 0.000367056 -6.0362e-05 -0.00262217 -0.00590175 -0.00314558 -0.0131102 0.000168494
internal_weight=101180 96543 62471 59749 52807 28041 6942 34072 24840 1361 733 567 117 2453
internal_count=101180 96543 62471 59749 52807 28041 6942 34072 24840 1361 733 567 117 2453
is_linear=0
shrinkage=0.05


Tree=266
num_leaves=15
num_cat=0
split_feature=1 23 36 26 37 13 43 31 33 33 13 16 16 15
split_gain=2.87139 4.19124 2.73723 3.92388 3.9674 7.14227 5.5257 8.18745 6.02174 5.17756 4.79948 7.71784 9.70126 6.73199
threshold=302.20001220703131 0.62500000000000011 9.5500001907348651 0.70791533589363109 68.500000000000014 180.40178680419925 67.500000000000014 1.9538276791572573 1.3499999642372134 4.9500000476837167 52.719642639160163 14.449999809265138 24.050000190734867 82.299999237060561
decision_type=2 2 2 2 2 2 10 2 2 2 2 2 2 2
left_child=2 -2 -1 -4 5 6 9 -8 10 -5 11 -9 13 -13
right_child=1 -3 3 4 -6 -7 7 8 -10 -11 -12 12 -14 -15
leaf_value=0.0010988296894818214 -0.0056974947867140099 0.00094217568108348579 0.00025913094837437859 -0.0021979849439743822 0.00017350928655309058 -0.015047212133005647 0.00088525209099896227 0.0006754936173919287 -0.0072144338713622334 -0.018488279985779881 -0.00056648305872922917 -0.0054110481719712999 -0.00034874043792689581 -0.0098136925347456078
leaf_weight=6014 80 113 67158 2583 14162 159 6352 500 137 67 3101 338 347 140
leaf_count=6014 80 113 67158 2583 14162 159 6352 500 137 67 3101 338 347 140
internal_value=0.000103248 -0.00583744 0.00011517 4.96562e-05 -0.00044881 -0.00105432 -0.000926335 -0.000427917 -0.00204133 -0.00296992 -0.00170649 -0.00421348 -0.00715569 -0.0117008
internal_weight=101251 193 101058 95044 27886 13724 13565 10915 4563 2650 4426 1325 825 478
internal_count=101251 193 101058 95044 27886 13724 13565 10915 4563 2650 4426 1325 825 478
is_linear=0
shrinkage=0.05


Tree=267
num_leaves=15
num_cat=0
split_feature=22 13 13 25 31 52 15 37 30 36 44 46 55 1
split_gain=2.95731 5.16259 4.96726 5.3966 6.00284 4.91096 6.51689 7.24733 4.2633 4.09488 3.73964 5.20411 6.04211 4.28863
threshold=2242.5000000000005 180.40178680419925 56.706546783447273 58.549999237060554 -4.6536579074747389e-16 0.40614137053489691 105.34999847412111 48.500000000000007 32.500000000000007 13.84999990463257 -3.9396423101425166 0.25000000745058065 1.5000000000000002 91.599998474121108
decision_type=2 2 2 2 2 2 2 2 8 2 2 2 2 2
left_child=1 8 5 10 -5 -2 -7 -8 -1 -3 -4 -12 13 -13
right_child=2 9 3 4 -6 6 7 -9 -10 -11 11 12 -14 -15
leaf_value=0.002037815099685879 -0.00049200229610040966 -0.00028017711250590661 0.0018675262048041263 -0.0014022050576002977 -0.0046026940204768729 -0.0032621032831452305 -0.012346028685962934 -0.0029071927874492623 0.00016392565665872074 -0.007302500621024376 -3.4149105925200009e-05 -0.00045004020322223333 -0.0016579923168835147 -0.012021377706965168
leaf_weight=5461 1667 203 2608 410 171 831 79 170 77822 190 11355 65 518 128
leaf_count=5461 1667 203 2608 410 171 831 79 170 77822 190 11355 65 518 128
internal_value=9.87336e-05 0.000223813 -0.000482456 -0.000129381 -0.00481387 -0.00243562 -0.00504587 -0.0119884 0.000251102 -0.00542184 5.92483e-05 -0.000312189 -0.00443135 -0.0117488
internal_weight=101678 83676 18002 15255 581 2747 1080 249 83283 393 14674 12066 711 193
internal_count=101678 83676 18002 15255 581 2747 1080 249 83283 393 14674 12066 711 193
is_linear=0
shrinkage=0.05


Tree=268
num_leaves=15
num_cat=0
split_feature=43 53 36 56 51 23 19 40 10 21 46 9 7 15
split_gain=2.84958 2.70508 2.83876 4.33411 7.13319 6.74995 5.65974 4.74547 4.03698 3.51513 3.46728 3.57455 4.15791 6.20505
threshold=12.500000000000002 0.99988442659378063 30.94999980926514 26.250000000000004 0.37940952181816107 0.085000000894069686 39.649999618530281 985.75000000000011 30.575000762939457 21.500000000000004 26.349999427795414 23.250000000000004 51.250000000000007 45.149999618530281
decision_type=8 2 2 2 2 2 2 2 2 2 2 2 2 2
left_child=-1 2 3 4 7 -6 -5 8 -2 -10 11 12 13 -4
right_child=1 -3 10 6 5 -7 -8 -9 9 -11 -12 -13 -14 -15
leaf_value=0.0029058174137101996 -0.0030936450893795965 0.0052956385726666685 -0.0034781931810445119 0.0031066944297224062 -0.0038161373112665406 0.0026282048571685816 -0.00014846333636798576 -0.00014938415980972301 0.0010514869747907133 -0.0074517378671704205 -0.039918512065761157 0.00084264521949874497 -0.0025763997320562208 0.0030805337154046464
leaf_weight=1501 2208 339 711 4843 54 1578 66212 1514 131 557 71 20020 380 1184
leaf_count=1501 2208 339 711 4843 54 1578 66212 1514 131 557 71 20020 380 1184
internal_value=6.52929e-05 3.26616e-05 1.7241e-05 -0.000126642 -0.0014111 0.00140682 -1.72376e-05 -0.00245475 -0.0036373 -0.00696275 0.00051305 0.000550325 -0.00132385 -0.000354331
internal_weight=101303 99802 99463 77097 6042 1632 71055 4410 2896 688 22366 22295 2275 1895
internal_count=101303 99802 99463 77097 6042 1632 71055 4410 2896 688 22366 22295 2275 1895
is_linear=0
shrinkage=0.05


Tree=269
num_leaves=15
num_cat=0
split_feature=19 27 56 33 37 15 40 52 36 23 27 17 40 18
split_gain=2.899 5.34341 3.86906 3.81654 10.4529 7.04978 7.28702 4.71122 3.79627 3.55607 3.49716 4.45003 3.43379 3.14714
threshold=21.750000000000004 10.84999990463257 16.250000000000004 22.550000190734867 52.500000000000007 76.950000762939467 977.85000610351574 -0.86976337432861317 22.849999427795414 0.54500001668930065 28.44999980926514 2.7500000000000004 976.25000000000011 -28.999999999999996
decision_type=2 2 2 2 2 2 2 2 2 2 2 2 2 2
left_child=1 -1 8 13 -5 7 12 9 -2 -6 11 -10 -7 -4
right_child=2 -3 3 4 5 6 -8 -9 10 -11 -12 -13 -14 -15
leaf_value=-0.004764072384001802 0.0059751129989643291 0.0045556103268263029 0.001093361452886408 -0.010928864990929391 -0.00041815651506309177 -0.0080908824356373515 -0.0013192902644671726 0.0027448639557662545 -0.009963136750390492 -0.0081816083412763006 -0.0002199601884727072 -0.0044590926858706905 -0.014261956774942573 1.5427148745593253e-06
leaf_weight=53 167 2024 10969 58 179 81 283 991 140 87 443 526 79 85171
leaf_count=53 167 2024 10969 58 179 81 283 991 140 87 443 526 79 85171
internal_value=6.52277e-05 0.00190944 2.64157e-05 6.22014e-05 -0.00223982 -0.00146199 -0.00681015 0.000461721 -0.00269829 -0.00532609 -0.00375782 -0.00602071 -0.015 0.000104524
internal_weight=101251 2077 99174 97898 1758 1700 443 1257 1276 266 1109 666 160 96140
internal_count=101251 2077 99174 97898 1758 1700 443 1257 1276 266 1109 666 160 96140
is_linear=0
shrinkage=0.05


Tree=270
num_leaves=15
num_cat=0
split_feature=17 4 36 51 50 37 6 52 15 49 57 15 44 34
split_gain=2.42657 3.64513 7.58516 4.51113 3.95665 4.52432 4.15708 3.7264 5.21857 3.61083 3.80763 4.47749 4.09356 5.64581
threshold=-92.84999847412108 136.19999694824222 14.650000095367433 -0.37940952181816096 -1.0000000180025095e-35 85.500000000000014 47.45000076293946 -0.70291268825530995 113.04999923706056 42.500000000000007 217.84999847412112 222.35000610351565 0.91978707909584057 0.84999999403953563
decision_type=2 2 2 2 2 2 2 2 2 10 2 2 2 2
left_child=-1 2 3 -2 -5 6 -6 8 -7 10 11 12 -3 -14
right_child=1 9 -4 4 5 7 -8 -9 -10 -11 -12 -13 13 -15
leaf_value=0.0034882465082969913 0.0052878921782576671 0.00046188062644208773 -2.9217173112405204e-05 0.002693526791461833 0.0013705871853174254 -0.0096594970476711547 -0.0020927532754124538 0.0023488869019869379 0.011069502619093695 0.0011735586113269928 0.001340093572842609 -0.0023378104935709047 -0.0011259730535931587 -0.006489018620545451
leaf_weight=1640 2009 2665 79761 2658 1020 76 2084 2746 62 1689 1019 2176 1297 374
leaf_count=1640 2009 2665 79761 2658 1020 76 2084 2746 62 1689 1019 2176 1297 374
internal_value=6.79267e-05 3.64291e-05 0.000133037 0.00138537 0.000887246 0.000173391 -0.00114965 0.00159641 -0.00614865 -0.000910076 -0.00137846 -0.00182306 -0.000890474 -0.00282272
internal_weight=101276 99636 90416 10655 8646 5988 3104 2884 138 9220 7531 6512 4336 1671
internal_count=101276 99636 90416 10655 8646 5988 3104 2884 138 9220 7531 6512 4336 1671
is_linear=0
shrinkage=0.05


Tree=271
num_leaves=15
num_cat=0
split_feature=0 43 56 4 9 31 43 22 27 26 17 41 7 16
split_gain=3.13429 4.24061 3.84291 5.68832 3.67305 3.91613 3.93588 3.66254 3.48887 5.16787 4.83373 4.61809 4.53737 4.3694
threshold=41.95000076293946 162.50000000000003 54.549999237060554 55.149999618530281 76.950000762939467 -2.3248234987258907 432.50000000000006 223.50000000000003 26.150000572204593 0.52085402607917797 70.000000000000014 96.500000000000014 18.44999980926514 39.649999618530281
decision_type=2 8 2 2 2 2 8 2 2 2 2 2 2 2
left_child=1 7 3 8 5 -5 -7 -1 10 -10 12 -11 -2 -13
right_child=2 -3 -4 4 -6 6 -8 -9 9 11 -12 13 -14 -15
leaf_value=-0.0037881461536077247 -0.0079835750207087833 3.5314964678691456e-05 0.00010041790156377479 -0.0011562033692369242 -5.9331826097711997e-05 -0.0062410074544590518 -0.0026575608970702044 0.0017531074909555766 0.0014638663313692414 -0.0009265791896437243 -0.0040318958207830515 -0.0031801304878573502 0.0010825253629144127 -0.016128645031524096
leaf_weight=117 98 21338 46453 1567 1425 714 1079 10819 2620 6455 372 854 7124 185
leaf_count=117 98 21338 46453 1567 1425 714 1079 10819 2620 6455 372 854 7124 185
internal_value=3.85263e-05 0.000445112 -0.000151836 -0.00068813 -0.00221585 -0.00311573 -0.00470605 0.0012452 -0.000274297 -0.000882062 0.000535245 -0.00154984 0.000824115 -0.00462822
internal_weight=101220 32274 68946 22493 4785 3360 1793 10936 17708 10114 7594 7494 7222 1039
internal_count=101220 32274 68946 22493 4785 3360 1793 10936 17708 10114 7594 7494 7222 1039
is_linear=0
shrinkage=0.05


Tree=272
num_leaves=15
num_cat=0
split_feature=10 16 13 12 6 22 16 13 53 16 46 37 15 47
split_gain=2.77002 5.48212 7.17814 9.56723 5.88884 5.15737 5.14808 4.56796 8.33901 4.38709 4.36351 4.54599 5.06416 4.43384
threshold=52.591665267944343 33.000000000000007 55.85863113403321 69.890277862548842 77.40000152587892 3177.0000000000005 14.050000190734865 39.211904525756843 0.44312302768230444 26.250000000000004 60.899999618530281 39.500000000000007 23.750000000000004 4.8787593841552743
decision_type=2 2 2 2 2 2 2 2 2 2 2 2 2 2
left_child=7 2 3 4 -2 6 -6 8 -1 -4 11 -9 -13 -14
right_child=1 -3 9 -5 5 -7 -8 10 -10 -11 -12 12 13 -15
leaf_value=-0.00033966214352175575 -0.0014324665716603251 8.4985047076293154e-05 0.0020398816158494512 -0.010134569358010697 -0.0082619415110937421 -0.011373824565390479 -0.0018747263611818277 -0.00038432477858968547 -0.015538081821723624 -0.00092774297590506342 -0.0058048687731010297 -0.0045064915525670525 0.0035754580277006631 0.001018066627817691
leaf_weight=13986 5469 42740 2177 54 53 95 465 6623 76 3241 72 137 4142 21915
leaf_count=13986 5469 42740 2177 54 53 95 465 6623 76 3241 72 137 4142 21915
internal_value=6.49352e-05 -0.000178256 -0.00114407 -0.0023137 -0.00210768 -0.0067175 -0.00456439 0.000346138 -0.000407902 0.000182388 0.000668562 0.00069714 0.000992978 0.00104481
internal_weight=101245 54294 11554 6136 6082 613 518 46951 14062 5418 32889 32817 26194 26057
internal_count=101245 54294 11554 6136 6082 613 518 46951 14062 5418 32889 32817 26194 26057
is_linear=0
shrinkage=0.05


Tree=273
num_leaves=15
num_cat=0
split_feature=20 6 18 57 51 47 24 38 30 12 8 24 20 52
split_gain=3.1139 4.88152 4.71338 6.89886 7.10632 4.55989 6.38292 4.21542 6.12323 5.64667 5.0136 8.80046 7.19472 11.8875
threshold=6.3500001430511483 73.000000000000014 -23.249999999999996 86.549999237060561 -0.7865660786628722 4.3510868549346933 7.5000000000000009 22.650000572204593 32.500000000000007 96.506942749023452 50.699998855590827 1.5000000000000002 53.649999618530281 0.86113432049751293
decision_type=2 2 2 2 2 2 2 2 10 2 2 2 2 2
left_child=-1 5 -3 4 -4 6 -2 8 9 -6 11 -10 13 -13
right_child=1 2 3 -5 7 -7 -8 -9 10 -11 -12 12 -14 -15
leaf_value=-0.00080268239097167115 0.0051005425400244865 0.00055949977648282355 0.00039470400179636976 -2.890782558586675e-05 0.00019620929223628723 0.0003018055665835696 0.00010264444888946877 -0.00027475516176189208 -0.01756749463084149 -0.0049120466933322724 -0.0034525022501732784 -0.014721351120230231 -0.0010061403834483388 0.010655739084580694
leaf_weight=10482 3648 11661 2411 13491 1431 49909 3778 1363 105 381 2003 158 345 67
leaf_count=10482 3648 11661 2411 13491 1431 49909 3778 1363 105 381 2003 158 345 67
internal_value=6.83012e-05 0.00016257 -0.000317717 -0.000752354 -0.00188905 0.000442497 0.00159763 -0.00282876 -0.00356667 -0.00131175 -0.00508184 -0.00879562 -0.00612069 -0.0128723
internal_weight=101233 90751 33416 21755 8264 57335 7426 5853 4490 1812 2678 675 570 225
internal_count=101233 90751 33416 21755 8264 57335 7426 5853 4490 1812 2678 675 570 225
is_linear=0
shrinkage=0.05


Tree=274
num_leaves=15
num_cat=0
split_feature=40 36 15 15 36 0 56 57 24 12 46 42 13 10
split_gain=3.52875 9.8243 6.74068 5.3159 9.52051 4.67468 6.78406 4.82107 4.60547 10.3268 7.41545 4.67308 5.20349 7.71495
threshold=981.64999389648449 26.44999980926514 41.850000381469734 43.850000381469734 23.44999980926514 37.549999237060554 23.94999980926514 65.450000762939467 2.5000000000000004 48.472221374511726 0.55000001192092907 8.7500000000000018 47.262796401977546 44.008333206176765
decision_type=2 2 2 2 2 2 2 2 2 2 2 2 2 2
left_child=1 2 -1 4 -4 6 -3 -7 9 -5 -11 12 13 -10
right_child=-2 5 3 8 -6 7 -8 -9 11 10 -12 -13 -14 -15
leaf_value=0.0021900821370019509 0.00029168983392102087 -0.0011911977984199193 -0.0099204184471305551 -0.0025479199693334109 -0.0015648055587189809 -0.00071796397412296194 0.0024616503441548345 0.0010656917114780053 -0.0017502394681063371 -0.0066319737383272476 -0.017308921012504731 0.00050810223850785037 -0.0011154404661830892 -0.0083135852388015272
leaf_weight=1124 56441 2555 133 772 259 19192 8076 6639 941 126 164 1792 2102 622
leaf_count=1124 56441 2555 133 772 259 19192 8076 6639 941 126 164 1792 2102 622
internal_value=2.81335e-05 -0.000304783 -0.00188626 -0.00247002 -0.0080597 4.41436e-05 0.000926135 -0.000319066 -0.00212207 -0.00512127 -0.013 -0.00153009 -0.00255102 -0.00472664
internal_weight=100938 44497 8035 6911 392 36462 10631 25831 6519 1062 290 5457 3665 1563
internal_count=100938 44497 8035 6911 392 36462 10631 25831 6519 1062 290 5457 3665 1563
is_linear=0
shrinkage=0.05


Tree=275
num_leaves=15
num_cat=0
split_feature=33 33 38 50 11 39 57 50 44 53 4 23 57 38
split_gain=2.76611 3.97321 10.1298 7.48629 4.86297 4.70995 2.40175 4.80954 4.82497 5.77841 4.23479 3.80125 4.04724 6.27838
threshold=35.20000076293946 23.050000190734867 19.550000190734867 0.37940952181816107 44.047916412353523 0.15000000223517421 26.750000000000004 -0.91597560048103321 -3.8417252302169795 0.046214086934924133 41.95000076293946 0.19500000029802325 64.350002288818374 4.9500000476837167
decision_type=2 2 2 2 2 2 2 2 2 2 2 2 2 2
left_child=1 6 3 -3 -4 -6 7 8 -1 -10 -8 -12 13 -13
right_child=-2 2 4 -5 5 -7 10 -9 9 -11 11 12 -14 -15
leaf_value=0.002107560904963834 0.0057495523315798953 -0.0072362956555095314 0.0014756772775996049 -0.00066393200957244602 -0.0016301421277615453 -0.017520564640531169 0.00079892670174323268 -0.00014411987003472496 -0.0044722427710447007 -0.017463969279506591 0.002291280826771071 -0.0068545875129820428 0.00019226639603959743 -0.00050466878957210052
leaf_weight=340 611 97 802 68 325 99 24888 5558 874 182 2571 736 37407 26575
leaf_count=340 611 97 802 68 325 99 24888 5558 874 182 2571 736 37407 26575
internal_value=6.29309e-05 4.23748e-05 -0.00260171 -0.0138571 -0.000987055 -0.00525346 7.97351e-05 -0.000815623 -0.00342816 -0.00508443 0.000147364 -5.87674e-05 -0.00013379 -0.000596427
internal_weight=101133 100522 1391 165 1226 424 99131 6954 1396 1056 92177 67289 64718 27311
internal_count=101133 100522 1391 165 1226 424 99131 6954 1396 1056 92177 67289 64718 27311
is_linear=0
shrinkage=0.05


Tree=276
num_leaves=15
num_cat=0
split_feature=9 40 0 38 8 0 8 43 49 38 7 53 16 10
split_gain=2.58443 4.33476 4.67545 4.50245 5.43825 4.39919 5.91399 4.0536 6.20238 3.79793 4.36212 4.3545 4.89444 3.73842
threshold=44.049999237060554 988.64999389648449 11.250000000000002 13.34999990463257 156.25000000000003 41.649999618530281 56.750000000000007 41.875000000000007 72.500000000000014 8.1500000953674334 20.44999980926514 0.48877522349357611 9.7500000000000018 104.29166793823244
decision_type=2 2 2 2 2 2 2 8 8 2 2 2 2 2
left_child=1 2 -1 4 7 6 -5 -4 9 10 -9 12 -12 -2
right_child=13 -3 3 5 -6 -7 -8 8 -10 -11 11 -13 -14 -15
leaf_value=0.01146253443589839 0.0004833052861879889 0.0016017081269213236 0.0019772446442968402 0.00011079071427707798 -0.0061256632895481796 -0.00080082398674091889 0.0060265333024298647 0.00053650873918731704 -0.0006643410890053718 -0.0024270100342337116 0.0028207092782958094 0.0025267886244929507 -0.0094803854613239313 -0.00032700315880046868
leaf_weight=541 48620 3618 924 9103 85 12525 1462 124 5251 1980 55 63 327 16692
leaf_count=541 48620 3618 924 9103 85 12525 1462 124 5251 1980 55 63 327 16692
internal_value=4.83332e-05 -0.000291394 -0.000474576 -0.000553292 -0.00151434 -0.000186147 0.000565012 -0.0013831 -0.00175416 -0.00377296 -0.00734888 -0.00961538 -0.0115816 0.000235908
internal_weight=101370 36058 32440 31899 8809 23090 10565 8724 7800 2549 569 445 382 65312
internal_count=101370 36058 32440 31899 8809 23090 10565 8724 7800 2549 569 445 382 65312
is_linear=0
shrinkage=0.05


Tree=277
num_leaves=15
num_cat=0
split_feature=0 38 14 41 37 15 28 30 38 43 37 15 42 38
split_gain=3.18781 4.56191 4.8804 4.88966 5.64836 9.35622 9.65544 6.81728 3.94371 4.34934 6.48361 4.20193 4.37333 4.73814
threshold=37.549999237060554 24.94999980926514 23.949135780334476 95.500000000000014 80.500000000000014 66.950000762939467 71.500000000000014 237.50000000000003 11.150000095367433 247.50000000000003 43.500000000000007 31.300000190734867 5.7500000000000009 23.349999427795414
decision_type=2 2 2 2 2 2 2 10 2 10 2 2 2 2
left_child=1 2 3 8 -5 -6 -7 -8 9 -1 -11 12 -10 -14
right_child=-2 -3 -4 4 5 6 7 -9 11 10 -12 -13 13 -15
leaf_value=0.00031145487302034267 -0.00010028138556331017 0.0044794885702983444 0.0054443645486341851 0.00011295681486279594 -0.0017397318246281422 0.0036488197525143527 -0.0034074468111355799 -0.019275720840493355 0.006276364252492464 -0.0017091522955564173 -0.011574589276528406 0.0015119100464081135 -0.0019031084848395025 -0.0092588582901194077
leaf_weight=3897 75448 3178 1883 2042 1073 91 90 132 192 1945 102 10939 197 99
leaf_count=3897 75448 3178 1883 2042 1073 91 90 132 192 1945 102 10939 197 99
internal_value=6.80039e-05 0.000546966 0.000297903 7.66497e-05 -0.00164631 -0.00409742 -0.0115635 -0.0169828 0.00041741 -0.000626469 -0.00248663 0.000960479 -0.00353414 -0.0072549
internal_weight=101308 25860 22682 20799 3428 1386 313 222 17371 5944 2047 11427 488 296
internal_count=101308 25860 22682 20799 3428 1386 313 222 17371 5944 2047 11427 488 296
is_linear=0
shrinkage=0.05


Tree=278
num_leaves=15
num_cat=0
split_feature=17 20 45 17 26 11 25 35 48 25 0 13 22 57
split_gain=3.72327 5.23291 4.82101 4.73372 4.39218 4.2402 11.5169 3.49197 3.40282 3.59917 4.83023 4.75466 3.07956 3.0291
threshold=7.5499999523162851 34.45000076293946 -2.8733866214752193 -12.849999904632567 0.42162080109119421 82.608333587646499 10.150000095367433 19.500000000000004 0.65000000596046459 4.4500000476837167 23.750000000000004 46.889583587646491 580.50000000000011 27.116666793823246
decision_type=2 2 2 2 2 2 2 2 2 2 2 2 2 2
left_child=1 2 -1 4 5 -4 -7 -3 9 11 -11 -5 -8 -10
right_child=-2 7 3 8 -6 6 12 -9 13 10 -12 -13 -14 -15
leaf_value=-0.00051254826824341309 0.00044937234519567437 -0.00025553619620495479 -0.00028458583340250934 0.0022137463192730719 0.0018325141289149052 -0.009841457457528506 0.0025161416803533539 -0.0015917033131047005 -0.0021834918697658831 0.0038537303829164803 -0.00098860292573372545 -0.0073418629413659967 -0.0086796646836973315 0.001262307466797255
leaf_weight=15615 35074 10521 1084 54 13695 76 140 7581 758 1422 9862 50 67 5228
leaf_count=15615 35074 10521 1084 54 13695 76 140 7581 758 1422 9862 50 67 5228
internal_value=3.73877e-05 -0.00018341 8.95739e-05 0.000437034 0.00108546 -0.00160857 -0.00694539 -0.000907685 -0.000125402 -0.000632567 -0.000542766 -0.00947368 -0.000529954 0.000838893
internal_weight=101227 66153 48051 32436 15062 1367 283 18102 17374 11388 11284 104 207 5986
internal_count=101227 66153 48051 32436 15062 1367 283 18102 17374 11388 11284 104 207 5986
is_linear=0
shrinkage=0.05


Tree=279
num_leaves=15
num_cat=0
split_feature=40 16 29 28 37 30 14 19 33 29 31 28 32 24
split_gain=3.13383 4.66823 2.78987 4.86296 5.49074 3.9979 6.26644 8.94337 7.55112 5.21028 4.94581 5.12321 4.33696 4.19872
threshold=994.14999389648449 92.549999237060561 7.8500001430511483 53.500000000000007 51.500000000000007 637.50000000000011 22.036945343017582 177.6499938964844 1.3499999642372134 4.9500000476837167 -3.5634267330169673 55.500000000000007 4.7011408805847177 9.5000000000000018
decision_type=2 2 2 2 2 10 2 2 2 2 2 2 2 2
left_child=2 -2 3 4 -1 12 10 8 -8 -10 11 -7 -5 -13
right_child=1 -3 -4 5 -6 6 7 -9 9 -11 -12 13 -14 -15
leaf_value=-0.00031290285449744052 0.0033577642266148216 -0.0014309847764915106 0.00044446775001243571 -0.00036632627905616808 0.0020016221058306903 -0.0081950826452144975 -0.00048135216124706929 -0.013138824593097216 -0.010198688165551122 -0.0041250297625845143 7.5682950322443918e-05 -0.0045850856545737312 0.0018444787236166203 0.00034063803077973807
leaf_weight=9442 2611 713 33578 39444 7887 89 517 54 98 84 3081 483 2550 591
leaf_count=9442 2611 713 33578 39444 7887 89 517 54 98 84 3081 483 2550 591
internal_value=7.31984e-05 0.00158068 2.18574e-05 -0.000170993 0.000544726 -0.000434991 -0.00177052 -0.00594364 -0.00423836 -0.0127083 -0.00101787 -0.0037809 -0.000275688 -0.00274908
internal_weight=101222 3324 97898 64320 17329 46991 4997 753 699 182 4244 1163 41994 1074
internal_count=101222 3324 97898 64320 17329 46991 4997 753 699 182 4244 1163 41994 1074
is_linear=0
shrinkage=0.05


Tree=280
num_leaves=15
num_cat=0
split_feature=0 53 56 4 31 1 43 57 45 16 8 36 0 7
split_gain=3.55797 4.58008 4.69591 4.28026 3.51498 3.50882 3.44249 4.36539 5.63298 4.03077 9.06529 6.41937 3.60892 3.83771
threshold=38.95000076293946 -0.68432605266571034 58.049999237060554 26.150000572204593 -1.4157025814056394 39.149999618530281 157.50000000000003 70.616664886474624 1.1293988823890688 34.250000000000007 36.500000000000007 26.550000190734867 29.44999980926514 19.849999427795414
decision_type=2 2 2 2 2 2 8 2 2 2 2 2 2 2
left_child=1 -1 3 -3 -4 6 12 9 -9 -8 -11 -12 -5 -14
right_child=-2 2 4 5 -6 -7 7 8 -10 10 11 -13 13 -15
leaf_value=0.0021408894168088556 -7.4182018714624972e-05 0.0011615132107856208 -0.0012549465809249675 0.003073300114297644 0.0072672302189861482 0.0020742896402043808 -0.001225030111251686 -0.0018241443568827531 -0.0092599075246838983 0.0071185318080420473 0.00057430127667075926 -0.027514935705972316 -0.0057722934748152517 -0.00080630431974371944
leaf_weight=8531 73756 5351 517 1888 1457 1353 6319 98 55 98 50 101 82 1661
leaf_count=8531 73756 5351 517 1888 1457 1353 6319 98 55 98 50 101 82 1661
internal_value=9.95294e-05 0.000584128 0.000152311 -0.000115434 0.00245464 -0.000650875 -0.000964099 -0.00163349 -0.00972393 -0.00143053 -0.00754826 -0.0148758 0.000276023 -0.00136052
internal_weight=101317 27561 19030 17056 1974 11705 10352 6721 153 6568 249 151 3631 1743
internal_count=101317 27561 19030 17056 1974 11705 10352 6721 153 6568 249 151 3631 1743
is_linear=0
shrinkage=0.05


Tree=281
num_leaves=15
num_cat=0
split_feature=0 20 37 38 28 34 31 3 17 34 24 21 17 20
split_gain=2.92767 3.9095 4.41321 4.33143 4.30427 3.77726 4.2165 4.70042 9.21763 8.01136 6.77045 4.58894 5.57161 4.34206
threshold=43.250000000000007 6.3500001430511483 25.500000000000004 25.150000572204593 26.500000000000004 0.75000000000000011 -5.8185212612152091 37.549999237060554 -19.55000019073486 -1.0500000119209287 113.50000000000001 212.50000000000003 -6.9500000476837149 4.0499999523162851
decision_type=2 2 2 2 2 2 2 2 2 2 2 2 2 2
left_child=1 2 -1 -3 -4 6 -6 13 -9 -10 11 12 -11 -8
right_child=-2 3 4 -5 5 -7 7 8 9 10 -12 -13 -14 -15
leaf_value=-0.0035801209027587974 -0.00014057934834721807 0.00041411585523131996 0.0027745864609837207 0.0037256828237056889 0.0011627157582385095 0.0010811504780164436 -0.0045861199342108914 -0.00013450052254293204 -0.0010047784357391386 -0.021287210711783161 -0.00049803103211922602 -0.005672767891648554 -0.0054606966440780653 0.0005154416358320945
leaf_weight=998 66926 23532 1951 3319 895 1850 311 332 160 111 55 54 53 875
leaf_count=998 66926 23532 1951 3319 895 1850 311 332 160 111 55 54 53 875
internal_value=2.52388e-05 0.000399351 -0.000597648 0.000683333 -0.000129938 -0.000949851 -0.00209034 -0.00338858 -0.00641935 -0.01114 -0.0162014 -0.02 -0.024023 -0.00139632
internal_weight=101422 34496 7645 26851 6647 4696 2846 1951 765 433 273 218 164 1186
internal_count=101422 34496 7645 26851 6647 4696 2846 1951 765 433 273 218 164 1186
is_linear=0
shrinkage=0.05


Tree=282
num_leaves=15
num_cat=0
split_feature=17 38 30 18 17 26 18 38 43 4 33 38 13 53
split_gain=2.80111 3.79628 3.72214 3.10082 2.8134 4.43703 3.45593 5.44167 4.41614 4.34924 4.77175 5.01617 11.8096 9.34496
threshold=118.65000152587892 11.34999990463257 17.500000000000004 14.750000000000002 15.84999990463257 0.99654555320739757 6.9500000476837167 25.050000190734867 37.500000000000007 53.750000000000007 12.949999809265138 7.7500000000000009 70.686309814453139 0.94353348016738903
decision_type=2 2 10 2 2 2 2 2 10 2 2 2 2 2
left_child=4 3 -3 -2 6 -6 7 8 -1 -10 11 12 13 -11
right_child=1 2 -4 -5 5 -7 -8 -9 9 10 -12 -13 -14 -15
leaf_value=0.00073229193722475986 -0.0028642627745664555 -0.0062401615508550752 0.0014528180391042392 0.00063696178509786586 0.00073116212375104223 -0.0048947761938983522 -0.00051639608614974285 0.0018982542286497914 0.00021426927560473281 -0.0049010937561245749 -0.007655586137887159 -0.00049074060410373647 -0.001278350063653514 -0.079545085738249505
leaf_weight=14134 85 99 62 324 23406 390 21964 7360 17649 265 290 13358 1947 71
leaf_count=14134 85 99 62 324 23406 390 21964 7360 17649 265 290 13358 1947 71
internal_value=0.000102747 -0.00336207 -0.00961988 -0.000727923 0.000122665 0.000597749 -2.41406e-05 0.00018735 -7.96226e-06 -0.000320036 -0.0009187 -0.000798351 -0.00295901 -0.011474
internal_weight=101404 570 161 409 100834 23796 77038 55074 47714 33580 15931 15641 2283 336
internal_count=101404 570 161 409 100834 23796 77038 55074 47714 33580 15931 15641 2283 336
is_linear=0
shrinkage=0.05


Tree=283
num_leaves=15
num_cat=0
split_feature=9 36 26 24 53 41 13 53 40 32 25 9 4 10
split_gain=2.68644 4.47883 3.73618 3.99801 6.89594 6.54721 7.17054 5.29796 5.97912 3.6447 5.80068 4.52759 7.20327 3.56824
threshold=44.049999237060554 15.050000190734865 0.75405275821685802 10.500000000000002 0.54759982228279125 4.5000000000000009 64.075592041015639 0.87291088700294506 989.25000000000011 -3.0422939062118526 4.8500001430511483 234.44999694824222 97.000000000000014 50.358331680297859
decision_type=2 2 2 2 2 2 2 2 2 2 2 2 2 2
left_child=1 -1 -2 9 -5 7 -7 -6 -9 11 -11 -4 -13 -3
right_child=2 13 3 4 5 6 -8 8 -10 10 -12 12 -14 -15
leaf_value=0.0028790302608442016 0.00057112785153305787 -2.0508736737214957e-05 -0.00079517853166013975 -0.00028393336766558401 -0.0037613083274083367 -0.0078483475539398457 0.0014025915683563922 -0.010613148978805611 -0.003449698950551543 -0.0070126319470304056 0.00080905476494588931 -0.011892393369618498 -0.0012676866262759979 -0.0011623447911802939
leaf_weight=1818 43887 22717 3658 3811 716 140 683 61 137 72 11967 63 137 11583
leaf_count=1818 43887 22717 3658 3811 716 140 683 61 137 72 11967 63 137 11583
internal_value=8.96907e-05 -0.000256311 0.000280983 -0.000259846 -0.00141418 -0.00401545 -0.000762305 -0.00690476 -0.0139904 0.000143648 0.000572247 -0.00119183 -0.00833333 -0.000384727
internal_weight=101450 36118 65332 21445 5548 1737 823 914 198 15897 12039 3858 200 34300
internal_count=101450 36118 65332 21445 5548 1737 823 914 198 15897 12039 3858 200 34300
is_linear=0
shrinkage=0.05


Tree=284
num_leaves=15
num_cat=0
split_feature=49 0 24 46 47 28 38 49 56 7 15 28 31 40
split_gain=2.97598 4.47266 5.71612 7.65145 7.78686 8.62103 7.32638 6.90864 6.86926 6.36854 6.14145 5.84431 5.19918 5.13364
threshold=22.500000000000004 158.09999847412112 10.500000000000002 1.0000000180025095e-35 6.8891813755035409 89.500000000000014 12.250000000000002 -1097.4999999999998 9.5500001907348651 54.750000000000007 53.649999618530281 91.500000000000014 -5.9520850181579581 987.85000610351574
decision_type=10 2 2 2 2 2 2 10 2 2 2 2 2 2
left_child=1 2 3 4 -1 8 7 11 -6 -7 -5 -4 -8 -13
right_child=-2 -3 6 10 5 9 12 -9 -10 -11 -12 13 -14 -15
leaf_value=0.0020531980572303789 0.00043835272361337124 -0.0015710602527307439 -0.00023013456905291216 0.0015647492443230317 -0.0041474065755214068 -0.01037182913292068 0.0014262608844922114 -0.0035336316625079324 0.00040434540724712992 -0.0023337760754422389 -0.002169293035931134 0.0043795497027623578 -0.00047631775403987375 -0.0071561700425904345
leaf_weight=14047 35435 4329 4414 2092 115 72 6365 2553 6622 614 4908 62 19251 142
leaf_count=14047 35435 4329 4414 2092 115 72 6365 2553 6622 614 4908 62 19251 142
internal_value=7.87384e-05 -0.000120739 -1.08539e-05 0.000507374 0.000975326 -0.00033432 -0.000460865 -0.0018723 0.000212687 -0.00563218 -0.000927247 -0.000715212 -6.5168e-05 -0.00878505
internal_weight=101021 65586 61257 28470 21470 7423 32787 7171 6737 686 7000 4618 25616 204
internal_count=101021 65586 61257 28470 21470 7423 32787 7171 6737 686 7000 4618 25616 204
is_linear=0
shrinkage=0.05


Tree=285
num_leaves=15
num_cat=0
split_feature=36 49 26 19 47 22 57 16 44 10 52 46 54 47
split_gain=3.07862 3.3786 3.9793 4.51839 3.96421 4.6512 3.8859 8.32182 5.11233 4.86518 5.87393 4.41382 4.74429 4.04423
threshold=10.449999809265138 22.500000000000004 0.69486087560653698 31.750000000000004 9.2288694381713885 591.50000000000011 85.950000762939467 48.149999618530281 -1.0824235081672666 95.158332824707045 0.82414472103118908 0.65000000596046459 10.500000000000002 8.6477227210998553
decision_type=2 10 2 2 2 2 2 2 2 2 2 2 2 2
left_child=-1 2 -2 4 -4 -6 7 -5 -9 13 11 -11 -13 -8
right_child=1 -3 3 6 5 -7 9 8 -10 10 -12 12 -14 -15
leaf_value=0.00093889436944793797 9.2547685751868789e-05 0.00044473952771318108 0.0042783209489481088 -0.0014935339920002905 0.0011943858387308639 -0.0084859188865583531 0.0032405581758415806 -0.0039076463158312534 -0.011091506795022001 -0.00045715108699379117 -0.01671003395800159 -0.00014199956172956322 -0.021081769389215379 -0.004193529852802449
leaf_weight=7883 40161 34809 2029 8374 326 152 2142 285 258 4416 119 104 73 107
leaf_count=7883 40161 34809 2029 8374 326 152 2142 285 258 4416 119 104 73 107
internal_value=0.000117928 3.77552e-05 -0.000194173 -0.000803207 0.00116607 -0.00288934 -0.00111468 -0.0018052 -0.00774864 -0.000228805 -0.00114147 -0.000844015 -0.00836898 0.00167995
internal_weight=101238 93355 58546 18385 2507 478 15878 8917 543 6961 4712 4593 177 2249
internal_count=101238 93355 58546 18385 2507 478 15878 8917 543 6961 4712 4593 177 2249
is_linear=0
shrinkage=0.05


Tree=286
num_leaves=15
num_cat=0
split_feature=25 52 24 13 44 16 42 6 38 56 11 52 19 51
split_gain=2.72547 5.32964 5.20658 4.27102 4.10235 4.2839 5.58929 4.89107 3.61994 3.58987 4.92684 6.19769 4.92069 4.41583
threshold=44.649999618530281 0.35846313834190374 18.500000000000004 103.33065414428712 -0.74616923928260792 57.649999618530281 3.6499999761581425 146.90000152587893 15.449999809265138 66.950000762939467 94.662498474121108 0.14250627160072329 110.25000000000001 1.0000000180025095e-35
decision_type=2 2 2 2 2 2 2 2 2 2 2 2 2 2
left_child=9 2 3 -2 -5 7 -7 -6 -3 10 -1 -12 13 -11
right_child=1 8 -4 4 5 6 -8 -9 -10 12 11 -13 -14 -15
leaf_value=-0.00013675585263463863 0.0022876084794772756 -0.0032328024542810268 -0.0039050823499962167 0.00081331619159323229 -0.00051839628143854431 -0.0045163144038650261 0.00016938939502324576 -0.009761408616054219 -0.0083553827650183678 0.0038358450428379303 -0.0046387929607638384 0.0017886581978591579 -7.8865208202913899e-06 0.0005279635779974548
leaf_weight=60787 1356 306 73 842 51 379 550 51 59 4387 854 457 22234 8741
leaf_count=60787 1356 306 73 842 51 379 550 51 59 4387 854 457 22234 8741
internal_value=-1.39907e-05 -0.00135029 -0.000706522 -0.000387465 -0.00193043 -0.00402978 -0.00288072 -0.0133036 -0.007 3.64216e-05 -0.000192568 -0.00321347 0.000438483 0.00120566
internal_weight=101127 3667 3302 3229 1873 1031 929 102 365 97460 62098 1311 35362 13128
internal_count=101127 3667 3302 3229 1873 1031 929 102 365 97460 62098 1311 35362 13128
is_linear=0
shrinkage=0.05


Tree=287
num_leaves=15
num_cat=0
split_feature=57 10 13 49 57 34 55 6 13 33 18 13 7 33
split_gain=2.80193 3.81335 3.53799 3.57761 3.479 3.41959 3.33948 2.99849 4.35978 5.0897 3.96074 5.44196 4.69354 3.90385
threshold=217.84999847412112 194.50833129882815 121.97202301025392 -187.49999999999997 147.216667175293 0.15000000223517421 4.5000000000000009 67.40000152587892 62.261905670166023 19.849999427795414 -23.249999999999996 169.60774230957034 138.55000305175784 14.150000095367433
decision_type=2 2 2 8 2 2 2 2 2 2 2 2 2 2
left_child=1 4 -3 5 7 -4 -2 8 -1 -10 11 13 -13 -9
right_child=6 2 3 -5 -6 -7 -8 10 9 -11 -12 12 -14 -15
leaf_value=-4.8274786107993783e-05 0.0045495871109912647 0.0013652358974483858 -0.0089495911283574443 -0.0019586963862120595 0.0016405876178147011 -0.00058959681939886014 -0.00050446030745252869 0.00089026647642482821 0.001411337351613704 -0.0053673896061930413 -0.00081296963428509935 -0.011318383807452953 -0.0037458141644555231 -0.0044567769826484574
leaf_weight=49052 899 404 53 1483 4722 54 543 9471 13569 125 20092 98 240 375
leaf_count=49052 899 404 53 1483 4722 54 543 9471 13569 125 20092 98 240 375
internal_value=3.01415e-05 -1.60386e-06 -0.00216068 -0.00321875 4.26583e-05 -0.0116667 0.00221074 -2.4615e-05 0.000172573 0.000961033 -0.000433203 0.000369826 -0.00577586 0.000586445
internal_weight=101180 99738 1994 1590 97744 107 1442 93022 62746 13694 30276 10184 338 9846
internal_count=101180 99738 1994 1590 97744 107 1442 93022 62746 13694 30276 10184 338 9846
is_linear=0
shrinkage=0.05


Tree=288
num_leaves=15
num_cat=0
split_feature=34 6 53 38 55 25 16 53 31 34 28 16 29 43
split_gain=4.02102 3.62208 2.97101 10.8211 7.33101 7.79924 4.596 7.10622 7.57552 6.69208 6.40092 6.10747 13.9522 6.09613
threshold=6.3500001430511483 47.049999237060554 0.97263759374618541 12.449999809265138 1.0000000180025095e-35 46.750000000000007 64.40000152587892 -0.96687281131744374 -1.0609090924262998 -3.7499999999999996 79.500000000000014 67.40000152587892 5.9500000476837167 47.500000000000007
decision_type=2 2 2 2 2 2 2 2 2 2 2 2 2 10
left_child=2 -2 6 -4 -5 -6 -1 -8 9 10 -9 12 13 -10
right_child=1 -3 3 4 5 -7 7 8 11 -11 -12 -13 -14 -15
leaf_value=0.00015517560876372413 -0.00031546622910633463 -0.0070007559862221794 0.0014247684042966945 -0.015587189531405322 0.00062228833362979884 -0.0063502239388935032 -0.0085096306179554323 0.003392775027247687 -0.011035812432913164 0.0012880827690692201 -0.011641350531819503 -0.0014915848509313159 -0.00020567175979530625 -0.0067715253915723063
leaf_weight=85974 97 76 6942 53 242 74 250 75 60 3871 81 3424 178 53
leaf_count=85974 97 76 6942 53 242 74 250 75 60 3871 81 3424 178 53
internal_value=0.000109896 -0.00729508 0.000123264 0.00109343 -0.0071372 -0.00389571 4.76719e-05 -0.00109848 -0.000824303 0.000677483 -0.00915663 -0.00244966 -0.00928571 -0.0222358
internal_weight=101450 173 101277 7311 369 316 93966 7992 7742 4027 156 3715 291 113
internal_count=101450 173 101277 7311 369 316 93966 7992 7742 4027 156 3715 291 113
is_linear=0
shrinkage=0.05


Tree=289
num_leaves=15
num_cat=0
split_feature=45 43 49 51 43 11 14 23 19 50 51 51 42 40
split_gain=3.17 3.26467 6.17018 4.87979 6.2762 4.89872 4.72661 4.587 4.54 4.38808 16.7973 13.7701 4.90114 4.2097
threshold=5.1857576370239267 342.50000000000006 52.500000000000007 -0.6035533845424651 302.50000000000006 155.28125000000003 4.444894790649415 0.90500000119209301 43.350000381469734 0.37940952181816107 -0.12940952181816107 1.0000000180025095e-35 1.8499999642372134 987.85000610351574
decision_type=2 10 10 2 8 2 2 2 2 2 2 2 2 2
left_child=1 3 -3 4 -1 6 -6 8 -5 10 12 -11 13 -10
right_child=-2 2 -4 7 5 -7 -8 -9 9 11 -12 -13 -14 -15
leaf_value=0.0043937822435510029 0.0011086926646545388 -0.0021193190672200391 -8.4108943067734976e-05 0.0013878650351348012 -0.0036350551095170832 -0.0032938586507603044 0.00097317638342979981 0.0010693214330173089 0.00033026571225103218 0.0016127810183328957 0.00045432663542105802 -0.0016921292963001306 -0.0030390428004630102 -0.010791184769793939
leaf_weight=3969 10348 6372 18990 6620 249 408 2910 8483 67 4800 22143 13291 2209 157
leaf_count=3969 10348 6372 18990 6620 249 408 2910 8483 67 4800 22143 13291 2209 157
internal_value=3.44468e-05 -6.02129e-05 -0.000541542 0.000126769 0.00132256 -0.000199888 0.000471758 -2.94218e-05 -0.000214313 -0.000403379 3.17256e-05 -0.000994144 -0.00390299 -0.010812
internal_weight=101016 90668 25362 65306 7536 3567 3159 57770 49287 42667 24576 18091 2433 224
internal_count=101016 90668 25362 65306 7536 3567 3159 57770 49287 42667 24576 18091 2433 224
is_linear=0
shrinkage=0.05


Tree=290
num_leaves=15
num_cat=0
split_feature=50 46 44 53 11 36 52 41 21 16 46 44 38 16
split_gain=3.72701 5.10667 4.39328 7.40435 4.5271 5.56713 4.97337 5.17891 4.99078 4.50369 4.25742 4.20807 4.12015 4.01139
threshold=0.91597560048103344 7.8500001430511483 0.14571669697761538 0.36447542905807501 82.608333587646499 23.150000572204593 -0.50556187331676472 1.0000000180025095e-35 1.0000000180025095e-35 13.34999990463257 23.550000190734867 -4.3102247714996329 21.250000000000004 64.40000152587892
decision_type=2 2 2 2 2 2 2 2 2 2 2 2 2 2
left_child=2 -2 3 4 6 -6 7 8 -1 -9 -7 13 -4 -8
right_child=1 -3 12 -5 5 10 11 9 -10 -11 -12 -13 -14 -15
leaf_value=-0.0032530308054670286 -0.00053084781885105866 -0.008989594977361709 -0.00039833376906934912 0.0017355952985532793 -0.0038305934949538038 -0.00060720960246400462 0.0018465618315125672 0.0062163053681988586 0.0027150734672184637 -0.0012263560038114519 -0.0065394105152303114 -0.00018152328512026846 0.0012657004609712935 -0.0049028643400175764
leaf_weight=129 11843 810 33697 13579 309 1984 11189 606 2801 9026 54 8320 6570 119
leaf_count=129 11843 810 33697 13579 309 1984 11189 606 2801 9026 54 8320 6570 119
internal_value=4.53261e-05 -0.000756929 0.00016025 0.000482691 9.36407e-05 -0.00202164 0.000248447 -0.000528158 0.00130952 -0.00108795 -0.00105469 0.000745494 -0.000225066 0.00137303
internal_weight=101036 12653 88383 48116 34537 2347 32190 12562 2930 9632 2038 19628 40267 11308
internal_count=101036 12653 88383 48116 34537 2347 32190 12562 2930 9632 2038 19628 40267 11308
is_linear=0
shrinkage=0.05


Tree=291
num_leaves=15
num_cat=0
split_feature=9 36 52 47 45 52 6 52 33 34 52 53 26 13
split_gain=2.6997 5.22955 4.64204 5.31816 4.24995 4.04481 3.93397 3.48713 3.08343 3.88402 3.2045 12.2624 9.25201 6.22102
threshold=45.699998855590827 14.84999990463257 0.9970000982284547 7.7020833492279062 6.6996779441833505 0.99818283319473278 63.899999618530281 0.999393790960312 22.650000572204593 -2.6499999761581416 -0.98214942216873158 -0.12545862048864362 0.67240816354751598 79.94940567016603
decision_type=2 2 2 2 2 2 2 2 2 2 2 2 2 2
left_child=1 -1 4 -4 -3 -5 -2 -7 10 -10 11 12 -8 -14
right_child=6 2 3 5 -6 7 8 -9 9 -11 -12 -13 13 -15
leaf_value=0.0029022062558888861 0.00092588175741104895 -0.00040373687032508264 0.00034751366785209023 -0.0088483684647484989 0.001926847124223477 -0.00022804116458214428 -0.026695786224527292 -0.0052272828304327258 -0.0066210798496949804 -0.0011912604397267155 6.2013263850167332e-05 -2.4461363970662862e-05 -0.00069610330355268841 -0.013275374224918996
leaf_weight=1925 28144 32522 599 148 2636 312 51 237 110 182 32986 1336 180 83
leaf_count=1925 28144 32522 599 148 2636 312 51 237 110 182 32986 1336 180 83
internal_value=8.43183e-05 -0.000246294 -0.000380649 -0.00330781 -0.000271838 -0.0062447 0.000285502 -0.00412343 -6.89791e-05 -0.00509934 -2.51109e-05 -0.00216867 -0.0108951 -0.00653846
internal_weight=101451 38379 36454 1296 35158 697 63072 549 34928 292 34636 1650 314 263
internal_count=101451 38379 36454 1296 35158 697 63072 549 34928 292 34636 1650 314 263
is_linear=0
shrinkage=0.05


Tree=292
num_leaves=15
num_cat=0
split_feature=57 43 1 49 0 41 53 55 55 16 57 40 43 38
split_gain=2.75541 5.47079 5.9146 5.41336 5.27205 5.17864 4.09468 9.37245 6.60009 6.54794 7.64674 5.18964 6.30523 6.09606
threshold=89.51666641235353 837.50000000000011 110.95000076293947 31.875000000000004 61.600000381469734 1.0000000180025095e-35 -0.70900321006774891 1.0000000180025095e-35 1.5000000000000002 10.550000190734865 36.916667938232429 980.14999389648449 342.50000000000006 21.94999980926514
decision_type=2 10 2 10 2 2 2 2 2 2 2 2 10 2
left_child=4 2 -2 -4 6 -3 7 9 -8 10 -1 -10 -13 -14
right_child=1 5 3 -5 -6 -7 8 -9 11 -11 -12 12 13 -15
leaf_value=-0.034373049976522782 0.0019431069108534508 0.0010373535307699696 -0.00054466687169374059 0.0021190075822680775 -0.00072143122843270344 -0.010621622640236451 0.001094644474821939 0.0016491840181202843 -0.0015951163195084468 -0.00095454108270594815 0.010627845269722942 0.00057814690521836454 -0.0007641275666920394 -0.0049307682320140897
leaf_weight=92 10702 210 9634 2493 23298 242 10154 15326 7924 2430 55 12939 5056 847
leaf_count=92 10702 210 9634 2493 23298 242 10154 15326 7924 2430 55 12939 5056 847
internal_value=6.17286e-05 0.00053905 0.000647796 -0.000108346 -8.05696e-05 -0.00484848 0.000187205 0.000807514 -0.000113728 -0.00197719 -0.011879 -0.00052547 -7.3732e-05 -0.00142652
internal_weight=101402 23281 22829 12127 78121 452 54823 17903 36920 2577 147 26766 18842 5903
internal_count=101402 23281 22829 12127 78121 452 54823 17903 36920 2577 147 26766 18842 5903
is_linear=0
shrinkage=0.05


Tree=293
num_leaves=15
num_cat=0
split_feature=49 23 56 44 28 23 44 23 52 28 14 55 20 57
split_gain=3.09314 3.836 4.57664 4.43647 4.07016 3.56497 3.51898 4.40664 3.576 7.62572 5.67364 3.88244 3.41957 5.54153
threshold=22.500000000000004 0.19500000029802325 28.94999980926514 1.271982789039612 65.500000000000014 0.32500000298023229 0.14571669697761538 0.28499999642372137 0.78325453400611889 54.500000000000007 12.980580329895021 1.0000000180025095e-35 102.35000228881837 217.84999847412112
decision_type=10 2 2 2 2 2 2 2 2 2 2 2 2 2
left_child=1 2 3 -1 -5 6 -2 -8 11 -10 -11 -9 -3 -14
right_child=5 12 -4 4 -6 -7 7 8 9 10 -12 -13 13 -15
leaf_value=0.0047171230681422212 0.00099656156016056006 -0.00016640644990463364 0.0029714425980754823 -0.0011214878192153685 -0.0053045946218595076 0.0007538783080753823 -0.00048203083229392707 -0.01025669219006144 -0.00056240617502310787 -0.014783294724992133 -0.0063352803090756492 -0.00041952047998570227 -0.0021473814290802126 0.0039193705569954993
leaf_weight=473 2217 57495 3190 754 157 28207 3867 96 180 72 88 671 3234 395
leaf_count=473 2217 57495 3190 754 157 28207 3867 96 180 72 88 671 3234 395
internal_value=3.3925e-05 -0.000169081 0.001226 -0.0011693 -0.00319761 0.000410642 -0.000582558 -0.00132022 -0.00408684 -0.00828571 -0.0158824 -0.00214286 -0.000273661 -0.0017601
internal_weight=101096 65698 4574 1384 911 35398 7191 4974 1107 340 160 767 61124 3629
internal_count=101096 65698 4574 1384 911 35398 7191 4974 1107 340 160 767 61124 3629
is_linear=0
shrinkage=0.05


Tree=294
num_leaves=15
num_cat=0
split_feature=0 56 51 51 23 9 38 13 25 53 23 37 12 23
split_gain=3.0635 2.75881 4.08165 4.02554 4.86696 4.31943 3.74653 3.32571 3.28082 4.69366 5.95127 6.74371 8.4063 6.19283
threshold=16.849999427795414 21.150000572204593 0.12940952181816107 -0.37940952181816096 0.21499999612569812 41.250000000000007 11.84999990463257 76.462203979492202 8.6500000953674334 -0.048362832516431802 0.57499998807907116 87.500000000000014 49.782638549804695 0.51499998569488536
decision_type=2 2 2 2 2 2 2 2 2 2 2 2 2 2
left_child=-1 2 3 7 5 -5 -7 -2 -3 10 11 -10 -13 -14
right_child=1 8 -4 4 -6 6 -8 -9 9 -11 -12 12 13 -15
leaf_value=0.0025741104060349085 -0.00053283152713606732 0.00086150056365143452 0.0026529998614157405 -0.012204072092843094 -0.0028583566983450439 0.0047137787218637208 -0.009346685839716852 -0.0059778424639693574 -0.00093946878930816684 0.0002911159974720031 2.5324349286057858e-05 -0.0015765441535502253 -0.014330970116488484 -0.0017463558121224049
leaf_weight=2542 2193 11798 674 129 669 95 56 68 13527 45464 22960 831 222 124
leaf_count=2542 2193 11798 674 129 669 95 56 68 13527 45464 22960 831 222 124
internal_value=5.68262e-05 1.26494e-05 -0.00129173 -0.00203416 -0.00474974 -0.0101724 -0.00400621 -0.000878467 6.615e-05 -4.46244e-05 -0.000457344 -0.00124235 -0.00485678 -0.0112921
internal_weight=101352 98810 3884 3210 949 280 151 2261 94926 83128 37664 14704 1177 346
internal_count=101352 98810 3884 3210 949 280 151 2261 94926 83128 37664 14704 1177 346
is_linear=0
shrinkage=0.05


Tree=295
num_leaves=15
num_cat=0
split_feature=49 24 26 46 52 13 25 38 1 4 52 41 38 34
split_gain=2.76524 4.17327 8.94105 6.64881 7.66627 7.73436 5.6618 5.51316 5.67903 5.49065 6.54625 5.72599 5.40679 5.04321
threshold=17.500000000000004 10.500000000000002 0.66419497132301342 1.0000000180025095e-35 -0.98214942216873158 65.015178680419936 34.049999237060554 17.44999980926514 146.44999694824222 71.599998474121108 -0.69057363271713246 88.500000000000014 27.44999980926514 6.3500001430511483
decision_type=10 2 2 2 2 2 2 2 2 2 2 2 2 2
left_child=1 3 7 -1 5 -5 -6 8 13 -4 -11 -12 -9 -3
right_child=-2 2 9 4 6 -7 -8 12 -10 10 11 -13 -14 -15
leaf_value=0.00063723847694942964 0.00042666611873422815 -0.00062735461116202149 -0.00098938648055206112 -0.0018140626574234084 -0.00041749821539557343 -0.011279126137280285 -0.00665199838443159 0.00084820455861240305 -0.0073404282708428139 -0.0015795134060414828 -0.0059663991398567475 -0.00021927462142677163 -0.040516453262902492 -0.006762110023448566
leaf_weight=24541 36632 13164 4083 250 6488 139 223 12625 60 1382 1052 352 81 57
leaf_count=24541 36632 13164 4083 250 6488 139 223 12625 60 1382 1052 352 81 57
internal_value=8.5971e-05 -0.000111073 -0.00050569 0.000298727 -0.00104782 -0.00778195 -0.000646481 -8.13554e-05 -0.000793394 -0.00210859 -0.00381617 -0.00620933 0.000662944 -0.000717633
internal_weight=101129 64497 32856 31641 7100 389 6711 25987 13281 6869 2786 1404 12706 13221
internal_count=101129 64497 32856 31641 7100 389 6711 25987 13281 6869 2786 1404 12706 13221
is_linear=0
shrinkage=0.05


Tree=296
num_leaves=15
num_cat=0
split_feature=50 32 44 38 52 47 7 14 42 55 50 43 38 53
split_gain=3.05816 3.63358 3.52492 6.72471 5.02805 12.096 5.53375 4.65509 4.67446 6.94013 4.81884 4.64853 4.43989 4.23525
threshold=0.98296290636062633 -0.34827786684036249 1.4525747299194338 16.550000190734867 -0.27694603800773615 12.379473686218263 97.90000152587892 12.684872627258303 3.6499999761581425 1.0000000180025095e-35 -1.0000000180025095e-35 687.50000000000011 14.150000095367433 0.34840355813503271
decision_type=2 2 2 2 2 2 2 2 2 2 2 10 2 2
left_child=1 2 13 4 5 6 -4 12 9 -9 -11 -6 -8 -1
right_child=-2 -3 3 -5 11 -7 7 8 -10 10 -12 -13 -14 -15
leaf_value=-0.0002184522499085038 -0.0012188635424759348 0.00048161479990935284 -0.00044580327959348659 0.0013235805466507398 -1.501156019591275e-05 -0.030584993858525641 -0.0031625278714643261 -0.025470002524619523 -0.001470080965727706 -0.0053503049819732286 0.0032400014454683694 -0.0024482557241208066 -0.0094898824502739655 0.0012253060600941634
leaf_weight=17358 4200 44756 3455 4007 11794 60 173 65 1702 211 123 2784 61 10495
leaf_count=17358 4200 44756 3455 4007 11794 60 173 65 1702 211 123 2784 61 10495
internal_value=8.4145e-05 0.000141365 -0.000141688 -0.000579873 -0.000947255 -0.0021843 -0.00193103 -0.00380597 -0.00302937 -0.00783619 -0.00459302 -0.000449684 -0.0103689 0.000242795
internal_weight=101244 97044 52288 24435 20428 5850 5790 2335 2101 399 334 14578 234 27853
internal_count=101244 97044 52288 24435 20428 5850 5790 2335 2101 399 334 14578 234 27853
is_linear=0
shrinkage=0.05


Tree=297
num_leaves=15
num_cat=0
split_feature=17 20 12 47 30 37 19 16 26 56 18 45 30 56
split_gain=2.93737 4.35017 4.97131 6.04405 4.20046 3.87289 3.56154 3.56304 3.45043 3.91127 3.36297 3.31172 3.14658 3.27624
threshold=6.5499999523162851 27.849999427795414 26.877083778381351 5.5020833015441903 187.50000000000003 27.500000000000004 31.750000000000004 12.150000095367433 0.92290568351745617 18.750000000000004 11.050000190734865 -3.5948963165283199 352.50000000000006 22.650000572204593
decision_type=2 2 2 2 8 2 2 2 2 2 2 2 10 2
left_child=1 4 3 -3 -1 -5 10 12 9 -4 -6 -7 13 -8
right_child=-2 2 8 5 6 11 7 -9 -10 -11 -12 -13 -14 -15
leaf_value=0.0012347405642499779 0.00038940903788065723 0.0062198732526752704 -0.0096426152291702021 -0.00059369800088618927 0.0020450911138694548 -0.0092683016988531625 0.0013260147230375334 -0.00023070975798329709 -0.0015453387282835379 -0.00019625475922874062 -0.008343349520143763 -0.005972615396405128 -0.00044457494837468612 -0.0065404696444264655
leaf_weight=7027 36694 85 129 52 4097 59 58 30544 5625 16204 52 50 285 202
leaf_count=7027 36694 85 129 52 4097 59 58 30544 5625 16204 52 50 285 202
internal_value=3.11367e-06 -0.000200142 -0.000766633 -0.00769531 9.75756e-05 -0.0131287 -0.000125113 -0.000308852 -0.000685542 -0.000317261 0.0012491 -0.0181092 -0.00427928 -0.00814815
internal_weight=101163 64469 22204 246 42265 161 35238 31089 21958 16333 4149 109 545 260
internal_count=101163 64469 22204 246 42265 161 35238 31089 21958 16333 4149 109 545 260
is_linear=0
shrinkage=0.05


Tree=298
num_leaves=15
num_cat=0
split_feature=38 55 47 53 53 40 33 43 37 15 53 37 16 6
split_gain=3.03786 5.50547 2.73621 12.2951 5.87509 5.37259 4.66328 4.27894 7.07248 4.15683 6.39915 6.93166 5.3341 4.05606
threshold=-1.0000000180025095e-35 2.5000000000000004 12.823303222656252 0.92191100120544445 -0.9852197766304015 974.04998779296886 0.25000000745058065 352.50000000000006 82.500000000000014 75.549999237060561 -0.33426210284233088 55.500000000000007 12.150000095367433 87.90000152587892
decision_type=2 2 2 2 2 2 2 10 2 2 2 2 2 2
left_child=1 -1 -2 4 5 -4 9 -7 -9 12 11 -11 -6 -5
right_child=2 -3 3 13 6 7 -8 8 -10 10 -12 -13 -14 -15
leaf_value=0.0028529588492282793 0.00014976260102603613 -0.0034004946036513351 -0.001244357963501146 -0.027357332839249043 -0.00416100363511023 -0.0065670614694113352 0.0041556925987965626 -0.0036532954934663689 -0.03100932833220953 -0.00023761524446904087 -0.0010847870583636852 -0.01458519718536741 0.0021004445383071293 -0.0041531933462216715
leaf_weight=263 96937 428 225 50 113 99 1152 65 54 79 598 82 913 50
leaf_count=263 96937 428 225 50 113 99 1152 65 54 79 598 82 913 50
internal_value=7.75334e-05 -0.00320257 0.000100421 -0.00127507 -0.000737463 -0.00603753 7.97423e-05 -0.0114474 -0.0174806 -0.00151811 -0.00429779 -0.0128363 0.000559846 -0.0177273
internal_weight=101108 691 100417 3480 3380 443 2937 218 119 1785 759 161 1026 100
internal_count=101108 691 100417 3480 3380 443 2937 218 119 1785 759 161 1026 100
is_linear=0
shrinkage=0.05


Tree=299
num_leaves=15
num_cat=0
split_feature=53 50 41 52 13 44 44 38 51 41 16 12 13 40
split_gain=2.84267 2.42271 4.26566 4.6285 5.1504 4.35854 4.2119 5.28334 9.19767 9.08892 9.0539 10.6343 6.35523 13.6229
threshold=0.99958848953247081 0.91597560048103344 3.5000000000000004 -0.32614396512508387 29.230357170104984 8.9965734481811541 -1.6228886246681211 21.849999427795414 -0.37940952181816096 73.500000000000014 39.649999618530281 67.301387786865249 79.94940567016603 977.04998779296886
decision_type=2 2 2 2 2 2 2 2 2 2 2 2 2 2
left_child=1 6 5 -4 -5 -3 7 -1 9 -9 -11 -12 -10 -14
right_child=-2 2 3 4 -6 -7 -8 8 12 10 11 -13 13 -15
leaf_value=0.0012346135030653926 0.0028191739924086721 0.00056930512371244392 -0.0039327179292522529 -0.012089088350521485 -8.5328744117059739e-05 -0.0071126789046192674 -0.00014376892945199425 -0.00021304898948025982 0.0012396622189961874 -0.0026072285201318257 -0.014493211015874769 -0.0006752971033864609 0.001609687235595408 -0.013273283066405399
leaf_weight=21748 873 6002 2353 157 3936 90 49890 4425 9673 1665 292 178 104 63
leaf_count=21748 873 6002 2353 157 3936 90 49890 4425 9673 1665 292 178 104 63
internal_value=8.02789e-05 5.54751e-05 -0.000594517 -0.00149009 -0.000471606 0.000353982 0.000148101 0.00054353 -0.000134064 -0.00158295 -0.00425408 -0.0103125 0.000832487 -0.00855932
internal_weight=101449 100576 12538 6446 4093 6092 88038 38148 16400 6560 2135 470 9840 167
internal_count=101449 100576 12538 6446 4093 6092 88038 38148 16400 6560 2135 470 9840 167
is_linear=0
shrinkage=0.05


Tree=300
num_leaves=15
num_cat=0
split_feature=0 34 56 1 11 15 13 50 46 34 51 15 41 37
split_gain=2.65613 3.54584 2.88814 5.75318 4.73655 6.15383 4.37724 3.8206 8.03094 7.57262 5.63286 5.72022 5.21142 4.37651
threshold=16.849999427795414 -3.9500000476837154 54.549999237060554 61.100000381469734 101.96458435058595 154.35000610351565 28.373511314392093 -0.91597560048103321 1.0000000180025095e-35 -2.8500000238418575 0.12940952181816107 43.049999237060554 95.500000000000014 65.500000000000014
decision_type=2 2 2 2 2 2 2 2 2 2 2 2 2 2
left_child=1 -1 4 6 7 -6 -4 8 9 -2 11 -11 -9 -14
right_child=2 -3 3 -5 5 -7 -8 12 -10 10 -12 -13 13 -15
leaf_value=-0.0035273164451883293 -0.010767320989647555 0.0034499904695274967 -0.0052222701566234375 -4.913453497876043e-05 -0.015903737824280444 -0.0024930096045631279 0.0016907756801660279 0.000211552779001605 0.001035453948427339 -0.011003616269740961 0.0014519346396407093 -0.0025905515718082969 0.00018928119415089698 -0.0027374191194426719
leaf_weight=136 206 2434 51 37503 54 320 13230 33848 2736 341 986 2401 2626 4222
leaf_count=136 206 2434 51 37503 54 320 13230 33848 2736 341 986 2401 2626 4222
internal_value=4.42121e-05 0.00162791 2.74036e-06 0.000265189 -0.00027644 -0.00580729 0.00115906 -0.000231552 -0.00133982 -0.00278398 -0.00224987 -0.00341206 -4.96239e-05 -0.0013065
internal_weight=101094 2570 98524 50784 47740 374 13281 47366 6670 3934 3728 2742 40696 6848
internal_count=101094 2570 98524 50784 47740 374 13281 47366 6670 3934 3728 2742 40696 6848
is_linear=0
shrinkage=0.05


Tree=301
num_leaves=15
num_cat=0
split_feature=43 36 1 15 11 31 45 28 42 42 40 46 17 29
split_gain=2.67468 4.00664 4.54182 2.69238 3.80552 3.16476 2.53578 2.73227 3.56027 5.1594 3.38284 4.72253 2.71423 3.61233
threshold=17.500000000000004 30.550000190734867 117.90000152587892 192.09999847412112 104.2645835876465 -2.7042021751403804 5.1857576370239267 47.500000000000007 17.349999427795414 22.250000000000004 977.64999389648449 0.45000000298023229 6.2500000000000009 6.7500000000000009
decision_type=8 2 2 2 2 2 2 2 2 2 2 2 2 2
left_child=1 2 -1 4 -4 -6 12 -8 -9 10 -10 -12 -2 -14
right_child=6 -3 3 -5 5 -7 7 8 9 -11 11 -13 13 -15
leaf_value=0.0042040547018970123 -0.00023345998551250457 -0.0041768529163739949 0.0015284441561590795 0.00073882158413091342 0.0034572111763183019 -0.0061552446041422196 0.0031282502397436008 0.00070667656070795603 -0.0017669473735918936 0.005846396535841872 -0.0062215181492237094 -0.0033130700296490918 -0.0001077646787212161 0.0010670228078954384
leaf_weight=2702 54546 125 244 1064 76 257 2925 6860 147 139 80 107 19700 12156
leaf_count=2702 54546 125 244 1064 76 257 2925 6860 147 139 80 107 19700 12156
internal_value=7.60349e-05 0.00127066 0.00153113 -0.000542096 -0.00326235 -0.00666181 2.06891e-05 0.000763537 0.000247174 -0.00390269 -0.0072093 -0.0114975 -6.7583e-05 0.000299065
internal_weight=101128 4468 4343 1641 577 333 96660 10258 7333 473 334 187 86402 31856
internal_count=101128 4468 4343 1641 577 333 96660 10258 7333 473 334 187 86402 31856
is_linear=0
shrinkage=0.05


Tree=302
num_leaves=15
num_cat=0
split_feature=57 37 14 33 4 47 53 10 9 26 43 9 41 56
split_gain=3.05152 5.99462 5.45568 5.91276 5.28201 5.30635 13.9699 12.0969 8.974 6.35191 8.90677 5.6331 4.13582 4.11099
threshold=44.549999237060554 29.500000000000004 5.6937768459320077 0.15000000223517421 53.149999618530281 11.530601978302004 0.92191100120544445 61.558332443237312 78.799999237060561 0.66526016592979442 432.50000000000006 53.149999618530281 1.5000000000000002 49.45000076293946
decision_type=2 2 2 2 2 2 2 2 2 2 8 2 2 2
left_child=-1 2 -2 -4 -3 13 8 -8 9 -7 11 -11 -5 -6
right_child=1 4 3 12 5 6 7 -9 -10 10 -12 -13 -14 -15
leaf_value=-0.00032420372291973136 -0.0087786659754770582 0.001218971817601581 -0.0006502888333694023 -0.0087594049995131772 -0.0020553793825733688 -0.0019159273716892796 -0.071307622458909398 -0.0023812168570276258 0.0028397234449891325 -0.014122136173859207 0.0023868332131606056 -0.0019322503688219191 -0.0037436428085630361 0.00025985762864309158
leaf_weight=33411 69 18616 986 95 2165 714 50 51 656 143 118 114 112 44063
leaf_count=33411 69 18616 986 95 2165 714 50 51 656 143 118 114 112 44063
internal_value=7.1173e-05 0.00026353 -0.00313679 -0.00227348 0.000328336 5.13686e-05 -0.00257004 -0.0197748 -0.00146724 -0.00423567 -0.00941558 -0.0144757 -0.00974654 0.000156581
internal_weight=101363 67952 1262 1193 66690 48074 1846 101 1745 1089 375 257 207 46228
internal_count=101363 67952 1262 1193 66690 48074 1846 101 1745 1089 375 257 207 46228
is_linear=0
shrinkage=0.05


Tree=303
num_leaves=15
num_cat=0
split_feature=38 40 26 36 56 47 23 52 47 52 11 15 19 33
split_gain=2.45943 3.60268 7.32873 6.29728 5.79926 7.81107 7.34743 5.76409 6.56364 5.39477 4.84088 6.41561 4.72638 7.88806
threshold=26.349999427795414 979.85000610351574 0.65106356143951427 26.650000572204593 31.349999427795414 12.379473686218263 0.56499999761581432 0.8431384563446046 10.05108690261841 -0.9413962960243224 28.01249980926514 45.149999618530281 60.899999618530281 1.5500000119209292
decision_type=2 2 2 2 2 2 2 2 2 2 2 2 2 2
left_child=1 2 7 4 -4 6 9 -1 10 -6 -9 -12 -5 -14
right_child=-2 -3 3 12 5 -7 -8 8 -10 -11 11 -13 13 -15
leaf_value=0.00050782150647560732 0.0014688852347060886 0.00022017557573833559 3.9365104089210153e-06 0.00038804580732456885 -0.011972483394103653 -0.026099454470027945 -0.0020734365603425455 0.0036180063930456303 0.0026506335630881897 -0.0051221133243874537 -0.013953099159211236 -0.0074713646051729615 -0.00049581821086616164 -0.0037018239056714058
leaf_weight=17115 3774 64589 882 5425 212 122 1165 174 449 552 70 532 4680 1633
leaf_count=17115 3774 64589 882 5425 212 122 1165 174 449 552 70 532 4680 1633
internal_value=4.95149e-05 1.02467e-06 -0.000423821 -0.00125639 -0.00332484 -0.00477681 -0.00394791 0.000242507 -0.00305668 -0.0077261 -0.00581425 -0.0079085 -0.000737147 -0.00166614
internal_weight=101374 97600 33011 14671 2933 2051 1929 18340 1225 764 776 602 11738 6313
internal_count=101374 97600 33011 14671 2933 2051 1929 18340 1225 764 776 602 11738 6313
is_linear=0
shrinkage=0.05


Tree=304
num_leaves=15
num_cat=0
split_feature=25 24 47 24 14 55 14 52 8 55 19 26 16 26
split_gain=2.73969 3.79984 3.52446 4.53027 5.16252 3.1115 5.99811 2.94871 3.74842 3.05994 2.93941 3.36018 3.31158 6.2537
threshold=46.049999237060554 18.500000000000004 2.9204167127609257 10.500000000000002 42.201757431030281 4.5000000000000009 25.681696891784672 0.2603727281093598 76.950000762939467 2.5000000000000004 223.75000000000003 0.99279317259788524 52.100000381469734 0.69743588566780101
decision_type=2 2 2 2 2 2 2 2 2 2 2 2 2 2
left_child=2 7 3 -1 5 -5 -7 10 9 -9 -2 12 13 -12
right_child=1 -3 -4 4 -6 6 -8 8 -10 -11 11 -13 -14 -15
leaf_value=0.0027454743331225121 0.0019097221329012462 -0.0033173372115107881 4.2794432930846633e-05 0.001973232528578252 -0.0057822370312441331 0.0017194743637057395 -0.0037904199015523971 -0.0015690766472963816 -0.001341472562538812 -0.0087145944757584838 -0.0063576347207355962 -0.0062561819801019219 -0.00037018222397792224 0.0038849917194604816
leaf_weight=3280 1217 64 93704 553 62 173 120 67 347 74 98 83 1271 80
leaf_count=3280 1217 64 93704 553 62 173 120 67 347 74 98 83 1271 80
internal_value=5.69649e-05 -0.0013576 0.000104799 0.00152215 -0.00159041 -0.000490654 -0.00457096 -0.00109794 -0.00463855 -0.0112252 -0.000454875 -0.00190661 -0.00130569 -0.0075
internal_weight=101193 3301 97892 4188 908 846 293 3237 488 141 2749 1532 1449 178
internal_count=101193 3301 97892 4188 908 846 293 3237 488 141 2749 1532 1449 178
is_linear=0
shrinkage=0.05


Tree=305
num_leaves=15
num_cat=0
split_feature=23 52 13 30 46 57 40 1 22 40 13 8 56 16
split_gain=2.84044 8.71084 5.5352 4.3582 4.23016 4.20863 5.45815 6.8988 7.51798 4.94446 4.04549 4.84127 5.92623 5.29619
threshold=0.91500002145767223 -0.98214942216873158 79.94940567016603 542.50000000000011 64.350002288818374 52.783332824707038 992.85000610351574 158.55000305175784 2897.0000000000005 980.25000000000011 70.686309814453139 37.899999618530281 38.549999237060554 46.350000381469734
decision_type=2 2 2 10 2 2 2 2 2 2 2 2 2 2
left_child=4 2 3 -2 -1 9 -7 -8 -9 10 11 12 -3 -14
right_child=1 5 -4 -5 -6 6 7 8 -10 -11 -12 -13 13 -15
leaf_value=-5.7855629096078874e-05 0.0010551607177123068 -0.0099563894899713443 -0.010323687050360714 -0.0075616655573068105 -0.003627924734019944 0.0019655686365087099 0.00091520733889559932 -0.0046957485263669487 0.0005529301731085122 0.0040092342951933658 -0.010318603592871595 0.0002189979816625865 -0.00010729026267640137 -0.010661751864276814
leaf_weight=85851 152 260 66 92 77 9472 606 146 121 1033 84 2544 739 95
leaf_count=85851 152 260 66 92 77 9472 606 146 121 1033 84 2544 739 95
internal_value=3.98628e-05 0.000664721 -0.0075 -0.00366142 -7.22612e-05 0.000837194 0.0014027 -0.00236127 -0.00889892 -0.000393494 -0.0012433 -0.000975877 -0.00374094 -0.00163507
internal_weight=101338 15410 310 244 85928 15100 10345 873 267 4755 3722 3638 1094 834
internal_count=101338 15410 310 244 85928 15100 10345 873 267 4755 3722 3638 1094 834
is_linear=0
shrinkage=0.05


Tree=306
num_leaves=15
num_cat=0
split_feature=0 15 15 45 45 27 18 7 35 27 15 4 49 12
split_gain=2.90039 4.26213 6.28825 5.48797 4.98351 4.30469 4.28379 5.16966 3.38377 2.90826 2.83557 4.35053 3.19254 2.71437
threshold=37.549999237060554 43.850000381469734 42.350000381469734 -7.9468102455139151 -9.6799769401550275 19.250000000000004 -1.1500000357627866 38.850000381469734 20.500000000000004 39.549999237060554 39.149999618530281 36.500000000000007 -502.49999999999994 64.619445800781264
decision_type=2 2 2 2 2 2 2 2 2 2 2 2 10 2
left_child=1 2 10 4 -4 -5 9 8 -8 -7 11 -1 -13 -2
right_child=13 -3 3 5 -6 6 7 -9 -10 -11 -12 12 -14 -15
leaf_value=-4.7303864887239149e-05 -0.00039082435492167127 0.0011290074919836604 -0.0030105418115286969 -0.0093119595507476366 -0.011075317635285613 0.0032656052569655977 -0.0071508800936309763 0.0019612994705897084 -0.0020713744572386675 -0.004909315270654184 0.0030166850736072612 -0.0057088600117852027 0.0023640046555019334 0.00018272289507259378
leaf_weight=4760 35499 18199 88 56 86 565 205 167 102 106 1319 99 67 39823
leaf_count=4760 35499 18199 88 56 86 565 205 167 102 106 1319 99 67 39823
internal_value=6.33214e-05 0.000520539 -0.000471822 -0.00351986 -0.0115761 -0.00226672 -0.0015368 -0.00512397 -0.00888013 0.00103524 0.000203837 -0.00034846 -0.00806818 -9.34528e-05
internal_weight=101141 25819 7620 1375 174 1201 1145 474 307 671 6245 4926 166 75322
internal_count=101141 25819 7620 1375 174 1201 1145 474 307 671 6245 4926 166 75322
is_linear=0
shrinkage=0.05


Tree=307
num_leaves=15
num_cat=0
split_feature=57 10 34 57 13 33 6 23 12 40 3 22 10 34
split_gain=2.83628 4.48041 4.56027 4.47239 4.85023 5.17787 4.27732 4.216 4.79149 3.95713 3.80721 3.35826 4.42461 3.95099
threshold=147.216667175293 95.158332824707045 -6.0499999523162833 91.883335113525405 180.40178680419925 11.84999990463257 81.40000152587892 1.3450000286102297 146.25763702392581 979.95001220703136 121.75000000000001 1356.5000000000002 98.041667938232436 1.1500000357627871
decision_type=2 2 2 2 2 2 2 2 2 2 2 2 2 2
left_child=1 3 9 -1 5 -5 -4 11 -9 -3 -2 12 13 -8
right_child=10 2 6 4 -6 -7 7 8 -10 -11 -12 -13 -14 -15
leaf_value=-2.8089496966750024e-05 0.004303992157520537 0.0010867068509592213 0.00055255304611083933 0.0023760790779377428 -0.026983403622816472 -0.0069274043843105624 -0.0084463081640058155 0.0055254333609984531 -0.0061527393636720265 -0.010930996153712444 0.00028203784614541064 -0.0010071831151430993 -0.0020200622160947289 0.0015707787420876198
leaf_weight=73146 1470 50 4152 5942 68 104 172 588 73 58 6165 7681 1376 67
leaf_count=73146 1470 50 4152 5942 68 104 172 588 73 58 6165 7681 1376 67
internal_value=6.0325e-06 -6.96886e-05 -0.000886694 7.69524e-05 0.00137492 0.00153236 -0.000804235 -0.00136601 0.00246647 -0.010678 0.000931982 -0.00164088 -0.00370769 -0.00985944
internal_weight=101112 93477 14217 79260 6114 6046 14109 9957 661 108 7635 9296 1615 239
internal_count=101112 93477 14217 79260 6114 6046 14109 9957 661 108 7635 9296 1615 239
is_linear=0
shrinkage=0.05


Tree=308
num_leaves=15
num_cat=0
split_feature=44 54 31 26 50 38 15 57 29 53 23 57 41 50
split_gain=2.84534 8.33032 5.9838 6.40519 5.79477 5.53112 9.47274 13.3276 7.7959 6.54794 6.20526 5.15839 5.14057 5.09838
threshold=0.91978707909584057 10.500000000000002 1.4533355832099917 0.65106356143951427 0.78656607866287243 11.550000190734865 73.200000762939467 67.816669464111342 13.150000095367433 0.98630350828170787 1.3350000381469729 32.083332061767585 1.0000000180025095e-35 -0.91597560048103321
decision_type=2 2 2 2 2 2 2 2 2 2 2 2 2 2
left_child=2 11 3 -1 -5 8 7 -7 10 -8 12 13 -3 -2
right_child=1 5 -4 4 -6 6 9 -9 -10 -11 -12 -13 -14 -15
leaf_value=0.00087304691953763293 -0.0048530139867615429 -0.00095818175165233868 0.0013555618765936303 -8.3322272632082437e-05 -0.0021404682177015985 9.5543645526851878e-05 -0.0024955142789218287 -0.0083864042630421264 -0.072271619244514293 -0.0091723738561676378 -0.019050963109036225 0.0004685796113025381 0.0019372627963497207 -0.00042123509206998624
leaf_weight=17997 1276 4364 14988 22637 5617 92 2394 99 52 135 58 24723 1775 5337
leaf_count=17997 1276 4364 14988 22637 5617 92 2394 99 52 135 58 24723 1775 5337
internal_value=0.00010359 -0.000222622 0.000318291 3.68563e-05 -0.000432706 -0.00156532 -0.00344322 -0.0139055 -0.000743729 -0.00260142 -0.000566296 0.000162062 -0.000399252 -0.00107731
internal_weight=101544 40305 61239 46251 28254 8969 2720 191 6249 2529 6197 31336 6139 6613
internal_count=101544 40305 61239 46251 28254 8969 2720 191 6249 2529 6197 31336 6139 6613
is_linear=0
shrinkage=0.05


Tree=309
num_leaves=15
num_cat=0
split_feature=49 24 30 53 1 31 20 46 13 47 0 46 40 50
split_gain=4.27356 4.98734 5.89294 5.85978 6.16011 5.85128 5.20288 5.01076 4.13589 4.04291 7.34021 6.65722 7.13508 4.43968
threshold=17.500000000000004 10.500000000000002 12.500000000000002 0.81304046511650097 52.45000076293946 3.634356021881104 1.0000000180025095e-35 6.2500000000000009 180.40178680419925 5.1689903736114511 101.59999847412111 1.0000000180025095e-35 993.35000610351574 0.60355338454246532
decision_type=10 2 8 2 2 2 2 2 2 2 2 2 2 2
left_child=1 5 -3 8 -5 9 -7 -6 -4 10 -1 -12 -13 -11
right_child=-2 2 3 4 7 6 -8 -9 -10 13 11 12 -14 -15
leaf_value=0.0033737151217328818 0.0004949644982245588 -0.0049222180320405672 -0.00044442390890398424 0.0052459997503395781 -0.0064517102216700723 -0.0031410244955620658 0.0015198212991094308 0.0039094476796794056 -0.0045013190482623916 -2.4575636636339706e-05 -0.0002377191752045701 -0.010038528589192991 0.0085347083549892518 -0.0022065552816359292
leaf_weight=4217 36763 92 31910 216 614 117 9254 96 103 7910 4663 155 78 5196
leaf_count=4217 36763 92 31910 216 614 117 9254 96 103 7910 4663 155 78 5196
internal_value=2.83056e-05 -0.000216537 -0.000646015 -0.000608668 -0.00450855 0.000232595 0.00127971 -0.00673611 -0.000494488 -0.000209411 0.000599036 -0.000717489 -0.00878601 -0.000771576
internal_weight=101384 64621 33031 32939 926 31590 9371 710 32013 22219 9113 4896 233 13106
internal_count=101384 64621 33031 32939 926 31590 9371 710 32013 22219 9113 4896 233 13106
is_linear=0
shrinkage=0.05


Tree=310
num_leaves=15
num_cat=0
split_feature=9 6 23 47 38 12 37 23 47 12 15 43 29 13
split_gain=2.9341 4.0101 4.45483 4.30759 4.57861 4.83358 3.54491 4.70382 5.95305 4.46567 5.0211 4.95059 4.66744 4.10523
threshold=45.699998855590827 67.40000152587892 1.3750000000000002 11.530601978302004 22.250000000000004 62.488195419311531 39.500000000000007 1.4950000047683718 8.7674241065979022 47.45000076293946 49.45000076293946 57.500000000000007 8.7500000000000018 39.675596237182624
decision_type=2 2 2 2 2 2 2 2 2 2 2 8 2 2
left_child=6 3 -3 -2 -5 -6 9 13 -9 -1 12 -12 -11 -8
right_child=1 2 -4 4 5 -7 7 8 -10 10 11 -13 -14 -15
leaf_value=-0.00040744816019676398 0.0010017340078286592 -0.00022579024896243741 0.0023886590799734103 0.00025798893534082916 -0.0038968377111696811 -0.011390557649583348 -0.00094785129422140276 0.0010433099127081533 -0.011089017010796266 0.00064534714059802042 -0.01042525700589979 -0.0013220887689744485 -0.0088142338948991109 0.00042871174867982459
leaf_weight=6447 28331 30779 1888 1304 657 53 7796 187 145 50 58 2636 94 21004
leaf_count=6447 28331 30779 1888 1304 657 53 7796 187 145 50 58 2636 94 21004
internal_value=8.37451e-05 0.000293707 -9.07364e-05 0.000707462 -0.00152174 -0.00472222 -0.000260624 1.06378e-05 -0.00581871 -0.00111081 -0.00275983 -0.00224852 -0.0115584 7.98336e-05
internal_weight=101429 63012 32667 30345 2014 710 38417 29132 332 9285 2838 2694 144 28800
internal_count=101429 63012 32667 30345 2014 710 38417 29132 332 9285 2838 2694 144 28800
is_linear=0
shrinkage=0.05


Tree=311
num_leaves=15
num_cat=0
split_feature=23 0 23 40 15 56 30 13 55 8 1 5 26 55
split_gain=3.1137 3.21185 3.00645 3.76564 4.77212 7.33093 3.744 4.75683 7.12819 3.91754 3.81159 3.66442 3.47278 5.32419
threshold=0.085000000894069686 11.250000000000002 0.95499998331069957 994.45001220703136 298.05000305175787 199.05000305175784 67.500000000000014 161.6574401855469 4.5000000000000009 100.90000152587892 172.05000305175784 234.44999694824222 0.70791533589363109 5.5000000000000009
decision_type=2 2 2 2 2 2 8 2 2 2 2 2 2 2
left_child=-1 -2 3 12 -5 -6 -4 9 -9 10 -8 -10 -3 -14
right_child=1 2 6 4 5 -7 7 8 11 -11 -12 -13 13 -15
leaf_value=-0.0032475571745293136 0.01132284895823352 8.5823892657165777e-05 0.0031887335444061703 0.0029687593997462011 -0.0084667899835838833 0.0016079928839319469 0.00022300861143403924 0.00048928683358047105 -0.008694003264885234 0.003999260759501997 -0.0073274097221271983 -0.00037711740384249845 -0.00079096067623376023 0.001061392885786717
leaf_weight=223 660 58461 2018 2341 67 105 9537 290 157 1448 85 58 22121 3716
leaf_count=223 660 58461 2018 2341 67 105 9537 290 157 1448 85 58 22121 3716
internal_value=4.37823e-05 5.70871e-05 3.40592e-05 -7.4233e-05 0.00182917 -0.00598901 0.000725208 0.000377644 -0.00432039 0.000595668 0.000229444 -0.011 -0.000131185 -0.000613804
internal_weight=101287 101064 100404 86811 2513 172 13593 11575 505 11070 9622 215 84298 25837
internal_count=101287 101064 100404 86811 2513 172 13593 11575 505 11070 9622 215 84298 25837
is_linear=0
shrinkage=0.05


Tree=312
num_leaves=15
num_cat=0
split_feature=18 34 4 31 19 56 53 55 28 46 41 12 42 40
split_gain=2.90288 3.59784 3.07687 5.43586 2.81228 2.89348 4.15735 9.27256 6.62022 7.23122 6.02695 6.80967 5.47168 4.62366
threshold=-28.999999999999996 -3.1499999761581416 234.44999694824222 -2.899568915367126 21.750000000000004 28.150000572204593 -0.4755979031324386 1.0000000180025095e-35 82.500000000000014 0.25000000745058065 1.0000000180025095e-35 39.982639312744148 4.3500001430511483 982.75000000000011
decision_type=2 2 2 2 2 2 2 2 2 2 2 2 2 2
left_child=1 -1 -3 -4 -2 6 7 8 10 -10 11 -6 13 -8
right_child=4 2 3 -5 5 -7 12 -9 9 -11 -12 -13 -14 -15
leaf_value=-0.002257251386975499 0.0035924665980549622 0.0011770495683217175 -0.0043799842337416727 0.0035532232437969096 -0.00020877835721744097 1.325266139689673e-06 -0.0047383486633879399 0.0015030623042339489 -0.034662928291817885 -0.0020494458458973331 0.0018106854980980734 -0.0074630438235617257 -0.00075256956658983421 -0.0012865100136904431
leaf_weight=769 1828 10691 77 109 98 77255 560 3817 60 59 295 79 4874 726
leaf_count=769 1828 10691 77 109 98 77255 560 3817 60 59 295 79 4874 726
internal_value=3.24264e-05 0.000774708 0.001009 -0.00520408 -6.40745e-05 -0.000104573 -0.000880128 0.000291988 -0.00548253 -0.0155426 -0.00267635 -0.00970588 -0.00171799 -0.00460648
internal_weight=101297 11646 10877 186 89651 87823 10568 4408 591 119 472 177 6160 1286
internal_count=101297 11646 10877 186 89651 87823 10568 4408 591 119 472 177 6160 1286
is_linear=0
shrinkage=0.05


Tree=313
num_leaves=15
num_cat=0
split_feature=38 55 49 26 52 51 31 45 31 50 38 43 50 44
split_gain=2.56337 5.26451 2.61899 3.50176 4.63588 5.60747 6.73883 6.06239 5.0802 4.62218 9.13287 7.51461 5.1124 4.223
threshold=-1.0000000180025095e-35 2.5000000000000004 22.500000000000004 0.65106356143951427 -0.099819734692573533 -0.12940952181816107 -8.778841018676756 -5.0479483604431143 5.792361021041871 1.0000000180025095e-35 19.750000000000004 357.50000000000006 -0.91597560048103321 -14.766988277435301
decision_type=2 2 10 2 2 2 2 2 2 2 2 10 2 2
left_child=1 -1 -2 -4 5 7 -7 -5 -8 11 -11 12 -9 -12
right_child=2 -3 3 4 -6 6 8 9 -10 10 13 -13 -14 -15
leaf_value=0.0026734786648226964 -0.00011714746184961883 -0.0036033558496448384 0.0016197887118483769 0.0031713503419788245 0.00086637631849194189 -0.0050385790453844172 0.0019983101132342671 -0.0028528605639015696 -0.013933454297697573 0.003567623282308704 -0.0048941965451812074 -0.0012907841656015955 -0.0072226832757124777 -0.0016390374251756554
leaf_weight=272 65325 406 9835 1036 11611 223 3756 419 106 1611 57 4649 357 1476
leaf_count=272 65325 406 9835 1036 11611 223 3756 419 106 1611 57 4649 357 1476
internal_value=4.74055e-05 -0.00299419 6.82288e-05 0.000416264 0.000104895 -0.000518248 0.00103175 -0.00117785 0.00152634 -0.00161499 -8.8776e-05 -0.0024977 -0.0070229 -0.00284187
internal_weight=101139 678 100461 35136 25301 13690 4085 9605 3862 8569 3144 5425 776 1533
internal_count=101139 678 100461 35136 25301 13690 4085 9605 3862 8569 3144 5425 776 1533
is_linear=0
shrinkage=0.05


Tree=314
num_leaves=15
num_cat=0
split_feature=18 4 26 34 17 21 13 35 20 24 33 24 51 26
split_gain=2.81023 5.16225 5.9247 3.89072 2.73569 2.97849 3.46872 2.77641 2.55582 2.82938 2.48278 3.00625 3.40089 2.45564
threshold=-28.999999999999996 234.44999694824222 0.95389452576637279 -3.0499999523162837 -92.84999847412108 236.50000000000003 75.240776062011733 21.500000000000004 9.9499998092651385 2.5000000000000004 10.050000190734865 33.500000000000007 0.37940952181816107 0.70791533589363109
decision_type=2 2 2 2 2 2 2 2 2 2 2 2 2 2
left_child=1 3 -3 10 7 13 -7 -2 -8 -10 -1 -12 -13 -6
right_child=4 2 -4 -5 5 6 8 -9 9 -11 11 12 -14 -15
leaf_value=-0.00016908801776847435 0.0057140546709260158 0.0020841863348325914 -0.0049192688909843948 0.0012664872620285718 0.00015650076713906623 -0.00055309365568214145 -0.017185497224533122 -0.00084000533254267439 -0.006569511810777022 3.2802049185126467e-05 -0.0026575808401243443 -0.011194510701923562 -0.00088355981256215625 -0.0004327174138097535
leaf_weight=508 1067 107 92 10624 62459 637 68 329 104 166 183 51 63 24804
leaf_count=508 1067 107 92 10624 62459 637 68 329 104 166 183 51 63 24804
internal_value=9.73617e-05 0.000828321 -0.00696172 0.000969928 2.45434e-06 -3.24085e-05 -0.0027665 0.00219061 -0.00678161 -0.00428571 -0.00236196 -0.00591205 -0.0119355 -1.54668e-06
internal_weight=101262 11628 199 11429 89634 88238 975 1396 338 270 805 297 114 87263
internal_count=101262 11628 199 11429 89634 88238 975 1396 338 270 805 297 114 87263
is_linear=0
shrinkage=0.05


Tree=315
num_leaves=15
num_cat=0
split_feature=22 16 4 14 14 14 4 26 25 49 16 16 57 11
split_gain=2.70267 4.1278 4.58338 5.42531 4.31428 4.26635 5.81038 5.4181 4.79624 3.9624 5.23159 4.93263 3.68283 3.83532
threshold=2186.5000000000005 100.60000228881837 186.05000305175784 51.081533432006843 73.10135650634767 40.231615066528327 136.19999694824222 0.69767969846725475 51.000000000000007 31.875000000000004 65.099998474121108 84.299999237060561 134.51667022705081 162.33958435058597
decision_type=2 2 2 2 2 2 2 2 2 8 2 2 2 2
left_child=12 2 5 -4 -5 6 -2 9 -7 10 -8 -12 -1 -14
right_child=1 -3 3 4 -6 8 7 -9 -10 -11 11 -13 13 -15
leaf_value=9.6099661340824703e-05 -0.00065376045142062405 0.00095199573933941713 -0.0049939008726677227 -0.00023070643071795101 -0.0045560957235862079 0.0018485253324709375 -0.00048557055881452471 -0.0014233883230534749 -0.0020732175642242823 -0.0023114112878346821 -0.0096254730562809893 -0.0093341573507789363 0.0029551415621966517 -0.00077897459504205771
leaf_weight=78563 10304 2767 362 876 153 2880 59 506 582 175 86 67 3092 987
leaf_count=78563 10304 2767 362 876 153 2880 59 506 582 175 86 67 3092 987
internal_value=5.11981e-05 -0.000489456 -0.000797011 -0.00352962 -0.001641 -0.000535483 -0.00100964 -0.00485604 0.000996544 -0.00923174 -0.0136937 -0.0183129 0.000174346 0.00163732
internal_weight=101459 18817 16050 1391 1029 14659 11197 893 3462 387 212 153 82642 4079
internal_count=101459 18817 16050 1391 1029 14659 11197 893 3462 387 212 153 82642 4079
is_linear=0
shrinkage=0.05


Tree=316
num_leaves=15
num_cat=0
split_feature=23 30 15 52 55 18 40 13 52 53 4 22 32 40
split_gain=2.71385 5.50782 4.69541 4.98648 4.77215 3.43191 3.38821 3.30487 3.00559 2.87266 5.41953 5.97236 7.39681 5.03613
threshold=0.91500002145767223 217.50000000000003 222.35000610351565 -0.97876849770545948 4.5000000000000009 -24.449999809265133 992.45001220703136 59.093452453613288 -0.92923668026924122 1.0000000180025095e-35 32.049999237060554 957.50000000000011 3.6157579421997075 978.04998779296886
decision_type=2 8 2 2 2 2 2 2 2 2 2 2 2 2
left_child=9 -2 3 7 -4 -5 -6 -3 -7 10 -1 -12 -13 -11
right_child=1 2 4 5 6 8 -8 -9 -10 13 11 12 -14 -15
leaf_value=0.00067297110414689875 0.0021981140609828691 0.0012901173356571528 -0.00031009513631585723 0.0044816570187461565 -0.0017486006208525041 0.006519218871623449 -0.0059611277832460454 -0.0081092240374545377 -0.00030122807119528291 -0.0050932851558955355 -0.00025726576815394693 -0.0026198993192502636 0.00053133220582292308 0.00022961776009303568
leaf_weight=12682 5718 60 344 1072 74 484 80 139 7381 115 20325 6284 2213 44383
leaf_count=12682 5718 60 344 1072 74 484 80 139 7381 115 20325 6284 2213 44383
internal_value=5.24843e-05 0.000664627 -6.53254e-05 0.000194621 -0.00474409 0.000372751 -0.0117683 -0.00744019 9.524e-06 -5.68523e-05 -0.000356024 -0.000734947 -0.0018473 0.000222207
internal_weight=101354 15352 9634 9136 498 8937 154 199 7865 86002 41504 28822 8497 44498
internal_count=101354 15352 9634 9136 498 8937 154 199 7865 86002 41504 28822 8497 44498
is_linear=0
shrinkage=0.05


Tree=317
num_leaves=15
num_cat=0
split_feature=0 57 25 52 24 47 23 47 8 47 18 23 52 31
split_gain=2.60883 3.94224 3.9264 3.89232 5.40621 3.81157 9.38031 3.65975 3.3452 3.94441 3.84304 3.70166 3.69414 3.47831
threshold=46.750000000000007 62.849998474121101 5.3500001430511483 0.81428062915802013 1.5000000000000002 12.587228298187258 0.37500000000000006 1.5939338207244875 79.500000000000014 10.445227146148683 72.750000000000014 1.3450000286102297 -0.31799228489398951 6.8536422252655038
decision_type=2 2 2 2 2 2 2 2 2 2 2 2 2 2
left_child=-1 5 -3 8 -5 7 -7 -2 9 10 -4 13 -12 -10
right_child=1 2 3 4 -6 6 -8 -9 11 -11 12 -13 -14 -15
leaf_value=0.00045934127238661434 -0.0088885970856008283 -0.0049577954322970914 0.0013177719651119807 -0.018592841119052683 -0.0010349453429227924 -0.019582115276604816 -0.0028505672124171035 -0.00044741764229950929 -0.00032468897883593598 -0.0024075064075918425 -0.0062962568607037046 0.00220368258720879 -0.00088991100135736969 0.0023133263242319114
leaf_weight=39494 66 83 12997 96 1855 98 733 23514 18188 920 92 1533 201 1301
leaf_count=39494 66 83 12997 96 1855 98 733 23514 18188 920 92 1533 201 1301
internal_value=8.70225e-05 -0.000116151 0.000207372 0.000232974 -0.00193524 -0.000609926 -0.00391795 -0.000491734 0.000353556 0.000945851 0.00116541 -4.70709e-05 -0.00440594 -0.000233602
internal_weight=101171 61677 37266 37183 1951 24411 831 23580 35232 14210 13290 21022 293 19489
internal_count=101171 61677 37266 37183 1951 24411 831 23580 35232 14210 13290 21022 293 19489
is_linear=0
shrinkage=0.05


Tree=318
num_leaves=15
num_cat=0
split_feature=25 23 10 26 21 33 33 15 15 5 4 53 24 23
split_gain=2.81477 4.15968 4.69894 5.41672 4.03092 3.18993 5.16071 4.08874 6.04293 7.17123 4.22812 4.08743 4.27065 4.68832
threshold=7.8500001430511483 0.30500000715255743 20.97500038146973 0.8825223743915559 87.500000000000014 1.0000000180025095e-35 0.25000000745058065 43.850000381469734 42.350000381469734 29.44999980926514 23.250000000000004 -0.89404255151748646 7.5000000000000009 1.1549999713897707
decision_type=2 2 2 2 2 2 2 2 2 2 2 2 2 2
left_child=1 2 -1 -4 -3 7 11 8 -2 -10 -11 -7 -13 -14
right_child=5 4 3 -5 -6 6 -8 -9 9 10 -12 12 13 -15
leaf_value=0.0020594305465608223 -0.0005946292597576009 0.0032643397205801895 -0.0012499586120943548 -0.005508331836976541 0.00021145809157010239 0.00068261560091318967 -0.00022610069307478473 0.00021712151948957267 0.0028135172797598904 -0.0014454104431900533 -0.010957554062529039 0.00025999248240441813 -0.0024333737209652311 -0.032819515647091506
leaf_weight=1127 2148 4107 1636 142 3367 1274 26228 56570 167 97 224 1113 3178 96
leaf_count=1127 2148 4107 1636 142 3367 1274 26228 56570 167 97 224 1113 3178 96
internal_value=9.06565e-06 0.000788815 -0.000814751 -0.00241051 0.00141235 -7.98527e-05 -0.00048293 0.000137294 -0.00178382 -0.00674699 -0.0110121 -0.00185064 -0.00257335 -0.00348051
internal_weight=101474 10379 2905 1778 7474 91095 31889 59206 2636 488 321 5661 4387 3274
internal_count=101474 10379 2905 1778 7474 91095 31889 59206 2636 488 321 5661 4387 3274
is_linear=0
shrinkage=0.05


Tree=319
num_leaves=15
num_cat=0
split_feature=57 1 56 11 23 46 45 56 10 50 19 15 12 36
split_gain=2.83915 3.59489 5.62054 5.30419 3.36492 5.53454 4.84689 4.89423 6.25345 4.38374 4.3399 4.70431 6.77169 6.08156
threshold=217.84999847412112 58.850000381469734 55.250000000000007 95.66666412353517 0.90500000119209301 1.0000000180025095e-35 -5.5425698757171622 68.349998474121108 137.72499847412112 -1.0000000180025095e-35 64.15000152587892 127.85000228881837 92.421527862548842 17.050000190734867
decision_type=2 2 2 2 2 2 2 2 2 2 2 2 2 2
left_child=1 2 3 -1 5 6 9 -8 -9 -3 -11 -12 13 -13
right_child=-2 4 -4 -5 -6 -7 7 8 -10 10 11 12 -14 -15
leaf_value=3.0306565467993099e-05 0.0017618063096980002 -0.00050485264677621415 0.0016653581238919751 -0.0045732316777511144 0.00048938895786428008 -0.0021203689189845778 -0.00092926814698460192 0.001182598349603232 -0.00075820125688390403 -0.014740142139809521 -0.00043436870081303556 -0.013291569459256884 -0.0022721811625438411 0.0016443672717985055
leaf_weight=43531 1423 2134 11247 261 8823 6322 7125 12899 5459 51 767 273 391 83
leaf_count=43531 1423 2134 11247 261 8823 6322 7125 12899 5459 51 767 273 391 83
internal_value=-1.04149e-06 -3.29051e-05 0.000236971 -1.9177e-05 -0.000367977 -0.000585121 -0.000294259 -4.84445e-05 0.000383275 -0.00198301 -0.00398413 -0.00343176 -0.00622853 -0.0111202
internal_weight=100789 99366 55039 43792 44327 35504 29182 25483 18358 3699 1565 1514 747 356
internal_count=100789 99366 55039 43792 44327 35504 29182 25483 18358 3699 1565 1514 747 356
is_linear=0
shrinkage=0.05


Tree=320
num_leaves=15
num_cat=0
split_feature=49 37 1 47 32 52 48 26 10 33 52 40 43 15
split_gain=2.69952 3.74043 4.3259 5.95551 4.70633 4.57119 6.43631 4.3102 6.54383 4.69837 4.32085 5.38067 4.23034 4.59117
threshold=17.500000000000004 53.500000000000007 56.95000076293946 4.7510869503021249 7.9646635055542001 0.17646842449903491 -0.65000000596046437 0.8825223743915559 73.308334350585952 6.9500000476837167 0.9970000982284547 982.25000000000011 41.875000000000007 99.799999237060561
decision_type=10 2 2 2 2 2 2 2 2 2 2 2 10 2
left_child=1 7 3 -3 -4 6 -6 9 -9 10 -1 -12 -5 -14
right_child=-2 2 4 12 5 -7 -8 8 -10 -11 11 -13 13 -15
leaf_value=-0.00029345257669070998 0.00047801776908342462 0.0035037778690303169 -0.00019125424197950864 0.0015310645027484823 -0.0061102582789369529 0.00061634382342934521 0.00081572185146122015 -0.00089399290017613613 -0.0050252169446632607 -0.0068279909460757394 -0.011260419017737716 -0.0019222033692322474 -0.00057637331281637386 0.0029667861995933483
leaf_weight=13040 36921 3878 24860 6038 219 257 116 702 258 241 57 472 12700 1852
leaf_count=13040 36921 3878 24860 6038 219 257 116 702 258 241 57 472 12700 1852
internal_value=9.50101e-05 -9.96907e-05 0.00010715 0.000581747 -0.000349148 -0.00471761 -0.00847826 -0.000798376 -0.00402062 -0.000571635 -0.000445909 -0.00483302 0.000242719 -0.000219063
internal_weight=101611 64690 49920 24468 25452 592 335 14770 960 13810 13569 529 20590 14552
internal_count=101611 64690 49920 24468 25452 592 335 14770 960 13810 13569 529 20590 14552
is_linear=0
shrinkage=0.05


Tree=321
num_leaves=15
num_cat=0
split_feature=47 26 6 36 31 16 16 52 40 51 27 11 52 52
split_gain=2.54691 5.2022 4.34802 9.79984 5.00891 7.73828 6.08479 4.28575 10.5904 6.44362 6.28779 5.74816 4.19944 4.15444
threshold=4.6844129562377939 0.81891629099845897 107.00000000000001 20.150000572204593 -0.71473115682601918 25.94999980926514 18.250000000000004 0.63920241594314586 991.85000610351574 0.37940952181816107 16.250000000000004 87.693748474121108 0.72695311903953563 -0.96235975623130787
decision_type=2 2 2 2 2 2 2 2 2 2 2 2 2 2
left_child=2 -2 3 -1 -5 6 -6 9 10 13 12 -10 -9 -3
right_child=1 7 -4 4 5 -7 -8 8 11 -11 -12 -13 -14 -15
leaf_value=0.0043472806466374799 7.6009592786326939e-05 0.0035297812917022575 -0.00027457729294356017 0.0013573580165721826 -0.00066489044170030601 0.00051457224387469304 -0.0040503881309216982 -0.00013023366838228341 -0.0033280005874013114 0.00098707820715241757 -0.00069489700819916887 -0.015967687036221503 -0.0071645481841443913 -0.0020241035630293044
leaf_weight=4657 67126 535 8037 4654 781 3356 1097 236 82 3447 2199 51 494 4669
leaf_count=4657 67126 535 8037 4654 781 3356 1097 236 82 3447 2199 51 494 4669
internal_value=2.81474e-05 -0.000105962 0.000496194 0.00101168 0.000120226 -0.000940122 -0.00350106 -0.0010778 -0.00268229 -0.000507447 -0.0020262 -0.015979 -0.00601351 -0.0016168
internal_weight=101421 78839 22582 14545 9888 5234 1878 11713 3062 8651 2929 133 730 5204
internal_count=101421 78839 22582 14545 9888 5234 1878 11713 3062 8651 2929 133 730 5204
is_linear=0
shrinkage=0.05


Tree=322
num_leaves=15
num_cat=0
split_feature=12 56 53 19 17 45 12 20 50 56 27 45 32 13
split_gain=2.3224 2.50666 2.96659 2.92895 2.64674 4.23381 4.71944 4.02633 4.73585 3.74327 3.39837 5.01185 3.20112 3.13042
threshold=19.704860687255863 9.5500001907348651 -0.25206183642148966 21.750000000000004 7.2500000000000009 -0.34263144433498377 26.877083778381351 26.44999980926514 -0.37940952181816096 16.250000000000004 27.44999980926514 -6.1415164470672599 -2.6697075366973873 66.428276062011733
decision_type=2 2 2 2 2 2 2 2 2 2 2 2 2 2
left_child=-1 2 -2 -3 5 6 7 10 -9 12 -5 -12 -8 -7
right_child=1 3 -4 4 -6 13 9 8 -10 -11 11 -13 -14 -15
leaf_value=0.0058858750969428986 0.0065155469734354144 0.0044932486872940203 -0.0045278350716796293 0.0012647871761154873 0.00040704531281588255 -5.326788134555428e-05 -0.0079771647112242706 -0.001113661179713488 -0.0067650950690706342 -0.00031316150079328049 -0.0058538659735018787 -0.0013622409836961064 0.00017665020329316134 0.0011388220135847421
leaf_weight=391 92 1724 226 354 35010 20773 102 89 100 32655 157 260 88 9031
leaf_count=391 92 1724 226 354 35010 20773 102 89 100 32655 157 260 88 9031
internal_value=8.0248e-05 6.51133e-05 -0.00429878 7.937e-05 4.35472e-05 -0.000148619 -0.000531569 -0.00396907 -0.0103266 -0.000429919 -0.00229834 -0.00530445 -0.00725 0.000285772
internal_weight=101052 100661 318 100343 98619 63609 33805 960 189 32845 771 417 190 29804
internal_count=101052 100661 318 100343 98619 63609 33805 960 189 32845 771 417 190 29804
is_linear=0
shrinkage=0.05


Tree=323
num_leaves=15
num_cat=0
split_feature=34 6 57 19 16 23 37 36 47 13 23 53 4 15
split_gain=2.41156 3.97094 2.44378 5.76983 5.22442 4.63538 3.63571 4.90816 3.76628 4.16502 3.53576 6.36917 3.43541 5.3771
threshold=6.3500001430511483 47.049999237060554 44.549999237060554 40.100000381469734 10.550000190734865 0.24499999731779101 24.500000000000004 31.94999980926514 7.4510867595672616 43.706249237060554 1.4149999618530276 -0.76140165328979481 53.750000000000007 95.349998474121108
decision_type=2 2 2 2 2 2 2 2 2 2 2 2 2 2
left_child=2 -2 10 -4 5 -5 8 12 -6 -10 -1 -12 -8 -14
right_child=1 -3 3 4 6 -7 7 -9 9 -11 11 -13 13 -15
leaf_value=-0.00027079795173819805 0.002089079351829106 -0.0061690176480360629 0.0043232498355160317 -0.021615500359704568 0.00014691737047102895 -0.0015398718915874978 0.00072191035448806876 0.0016629959320468724 0.00077045816375295002 -0.0068955506284839804 -0.0006660229807212432 -0.012619972413032934 -0.0011708399822638633 8.1172843618705561e-05
leaf_weight=33085 106 72 3079 72 270 153 14564 6822 81 152 146 51 10017 32753
leaf_count=33085 106 72 3079 72 270 153 14564 6822 81 152 146 51 10017 32753
internal_value=1.93726e-05 -0.0056383 2.98753e-05 0.000201771 0.000101242 -0.00734043 0.000128269 0.000161768 -0.00406433 -0.00858025 -0.000321098 -0.00683575 1.08121e-05 -0.000215054
internal_weight=101423 178 101245 67963 64884 225 64659 64156 503 233 33282 197 57334 42770
internal_count=101423 178 101245 67963 64884 225 64659 64156 503 233 33282 197 57334 42770
is_linear=0
shrinkage=0.05


Tree=324
num_leaves=15
num_cat=0
split_feature=4 15 38 5 19 52 19 33 52 15 0 55 56 0
split_gain=2.94076 4.77237 7.21439 6.80798 3.53655 4.59714 3.54142 3.31657 6.31599 5.37886 4.5994 4.34003 3.00909 5.03855
threshold=29.44999980926514 43.850000381469734 13.750000000000002 31.750000000000004 39.649999618530281 0.85673803091049205 50.549999237060554 22.550000190734867 -0.5917624533176421 70.90000152587892 60.649999618530281 4.5000000000000009 26.250000000000004 29.44999980926514
decision_type=2 2 2 2 2 2 2 2 2 2 2 2 2 2
left_child=-1 2 3 -2 -5 -6 -7 12 11 -10 -11 -9 -3 -14
right_child=1 7 -4 4 5 6 -8 8 9 10 -12 -13 13 -15
leaf_value=0.00079005063144415113 -0.0022762832304432665 -0.0021670261915785406 3.411849245510818e-05 -0.0014046932870653221 -0.0045600455884501605 -0.0053501035510054324 -0.012860344061169079 -0.017606627720140763 0.0028495657408423272 -0.0065941253673260898 0.0011390298233671327 -0.0014837736419140903 0.0023690931188424663 -2.7324734729481202e-05
leaf_weight=14474 946 1992 1840 76 138 72 77 96 550 248 172 108 4962 75443
leaf_count=14474 946 1992 1840 76 138 72 77 96 550 248 172 108 4962 75443
internal_value=2.19361e-05 -8.82046e-05 -0.00199588 -0.00481804 -0.0105496 -0.0130135 -0.0188994 -1.6092e-05 -0.00264358 -0.000918367 -0.00511628 -0.0104206 2.1661e-05 6.9328e-05
internal_weight=101194 86720 3149 1309 363 287 149 83571 1174 970 420 204 82397 80405
internal_count=101194 86720 3149 1309 363 287 149 83571 1174 970 420 204 82397 80405
is_linear=0
shrinkage=0.05


Tree=325
num_leaves=15
num_cat=0
split_feature=45 17 1 56 57 52 45 38 24 28 6 25 57 14
split_gain=2.41117 2.94827 3.98874 4.98681 4.7158 4.53305 5.37524 3.82002 3.68862 3.53119 3.50968 3.83238 5.52654 3.84427
threshold=4.9553415775299081 6.5499999523162851 66.700000762939467 86.700000762939467 89.51666641235353 0.77244481444358837 -3.5948963165283199 25.44999980926514 62.500000000000007 63.500000000000007 82.099998474121108 25.349999427795414 196.34999847412112 62.447660446166999
decision_type=2 2 2 2 2 2 2 2 2 2 2 2 2 2
left_child=1 2 3 7 -4 10 -7 -1 -5 -10 -6 13 -13 -12
right_child=-2 -3 4 8 5 6 -8 -9 9 -11 11 12 -14 -15
leaf_value=-0.00027112393742035538 0.00097937583065331782 0.00035644005300765639 -0.0015896234091873629 0.0051247438712105136 0.0020949616993551552 -0.017016456753447963 -0.00066716768541462803 0.0015158905297584417 0.0007833453465960783 -0.010021184176021386 0.00048640652760896183 -0.0022873708987534761 0.0015715489573013457 -0.0042589939940057397
leaf_weight=32554 11631 32743 6580 2168 2103 100 235 4286 137 53 5197 2573 812 210
leaf_count=32554 11631 32743 6580 2168 2103 100 235 4286 137 53 5197 2573 812 210
internal_value=7.50554e-05 -1.27559e-05 -0.000229927 5.20304e-05 -0.000850168 -0.000226868 -0.00586956 -9.09089e-05 0.00227618 -0.00425 -4.81429e-05 -0.000487389 -0.00180412 0.000338749
internal_weight=101382 89751 57008 39198 17810 11230 335 36840 2358 190 10895 8792 3385 5407
internal_count=101382 89751 57008 39198 17810 11230 335 36840 2358 190 10895 8792 3385 5407
is_linear=0
shrinkage=0.05


Tree=326
num_leaves=15
num_cat=0
split_feature=4 19 43 47 56 57 55 52 52 8 47 30 31 41
split_gain=3.15749 3.24108 3.64928 3.84724 3.3436 3.41897 3.38149 5.1392 9.25712 9.43633 5.9166 5.70242 6.48944 5.73885
threshold=24.94999980926514 40.549999237060554 322.50000000000006 7.2151923179626474 28.150000572204593 65.850002288818374 3.5000000000000004 -0.99630266427993763 -0.98214942216873158 95.099998474121108 4.9404544830322275 62.500000000000007 -3.2534259557723995 1.0000000180025095e-35
decision_type=2 2 10 2 2 2 2 2 2 2 2 10 2 2
left_child=-1 2 -2 -4 5 -3 7 -6 9 11 -11 -9 13 -13
right_child=1 4 3 -5 6 -7 -8 8 -10 10 -12 12 -14 -15
leaf_value=0.00098695432121370511 0.0026225209866303553 -0.001299538501740259 -0.0020337090339730313 0.0021243829770761077 0.0037963102447689115 -0.0059072423142938861 -0.00039727690843055003 0.0030789452119390701 0.00022388828363299916 0.00039811295546501689 -0.016337997365344532 -0.00078285181486584417 -0.0018144962097275182 -0.013244976244867293
leaf_weight=8987 4950 3807 1413 1113 1418 66 35032 497 42829 55 142 75 705 128
leaf_count=8987 4950 3807 1413 1113 1418 66 35032 497 42829 55 142 75 705 128
internal_value=1.56581e-05 -7.15523e-05 0.000925728 -0.000619085 -0.000159619 -0.00159284 -9.0801e-05 0.000191784 9.68702e-05 -0.00362283 -0.013599 -0.00213781 -0.00447712 -0.0121361
internal_weight=101217 92230 7476 2526 84754 3873 80881 45849 44431 1602 197 1405 908 203
internal_count=101217 92230 7476 2526 84754 3873 80881 45849 44431 1602 197 1405 908 203
is_linear=0
shrinkage=0.05


Tree=327
num_leaves=15
num_cat=0
split_feature=43 49 20 25 57 29 52 43 44 41 23 56 26 52
split_gain=2.74818 2.94675 3.59034 3.85347 3.95087 4.15619 3.88568 6.29759 3.17364 6.19502 2.93483 4.34479 2.87653 3.43201
threshold=12.500000000000002 17.500000000000004 106.54999923706056 63.399999618530281 217.84999847412112 4.9500000476837167 0.3903625756502152 47.500000000000007 14.081026554107668 6.5000000000000009 0.16499999910593036 15.34999990463257 0.65106356143951427 -0.074117381125688539
decision_type=8 10 2 2 2 2 2 8 2 2 2 2 2 2
left_child=-1 2 8 4 5 -4 -7 -8 10 -10 11 -2 -3 -14
right_child=1 12 3 -5 -6 6 7 -9 9 -11 -12 -13 13 -15
leaf_value=0.002564875903239722 -0.0033340112356714533 0.0014079641206486953 -0.0030221954630512624 -0.0037043222072979513 0.0035669164716677772 0.00188848598795997 0.0037257156577362466 -0.0096002546972903027 -0.0092106336700156412 0.00082665297683769644 -0.00012677340889737237 0.0023294125384177196 -0.00033720678223613247 0.00078381421237192828
leaf_weight=1498 239 10067 1127 149 276 910 180 131 72 159 57563 2238 14501 12222
leaf_count=1498 239 10067 1127 149 276 910 180 131 72 159 57563 2238 14501 12222
internal_value=9.63077e-05 6.43005e-05 -0.00014321 -0.00189903 -0.00143508 -0.00210348 -7.71728e-05 -0.00481308 -6.21255e-05 -0.00578838 -3.91339e-05 0.00164254 0.000419837 0.000148319
internal_weight=101332 99834 63044 2773 2624 2348 1221 311 60271 231 60040 2477 36790 26723
internal_count=101332 99834 63044 2773 2624 2348 1221 311 60271 231 60040 2477 36790 26723
is_linear=0
shrinkage=0.05


Tree=328
num_leaves=15
num_cat=0
split_feature=0 56 57 41 24 28 33 3 22 11 7 47 53 9
split_gain=2.7263 3.06079 5.30604 8.07037 8.31117 6.6057 4.58681 4.17228 3.638 3.97067 6.24677 2.97956 11.701 4.93195
threshold=16.849999427795414 41.350000381469734 66.950000762939467 97.500000000000014 4.5000000000000009 74.500000000000014 23.300000190734867 42.899999618530281 3966.5000000000005 54.918748855590827 64.40000152587892 11.134057998657228 0.94909128546714794 78.799999237060561
decision_type=2 2 2 2 2 2 2 2 2 2 2 2 2 2
left_child=-1 2 8 4 5 -4 -6 -3 -2 -10 -11 -9 13 -13
right_child=1 7 3 -5 6 -7 -8 11 9 10 -12 12 -14 -15
leaf_value=0.002504935478153906 -0.00022318589280669737 0.0013906030792913834 0.0018299432884857705 -0.006216942691472385 0.0041155727621381335 -0.0092629063982914619 -0.0056235235326886936 0.00012240141654486578 0.0011944307569134891 -0.0081482924639169167 -0.00073231685921649732 -0.0025747498459597392 -0.064898722869482381 0.0021165174860029896
leaf_weight=2492 28229 8515 63 126 426 81 54 57602 193 89 152 2024 50 1010
leaf_count=2492 28229 8515 63 126 426 81 54 57602 193 89 152 2024 50 1010
internal_value=5.27119e-05 1.13564e-05 -0.000415831 -0.00453947 -0.00209779 -0.0122078 0.00112245 0.000192961 -0.000306386 -0.0047973 -0.00894422 4.74498e-05 -0.00146412 -0.00102825
internal_weight=101106 98614 29413 750 624 144 480 69201 28663 434 241 60686 3084 3034
internal_count=101106 98614 29413 750 624 144 480 69201 28663 434 241 60686 3084 3034
is_linear=0
shrinkage=0.05


Tree=329
num_leaves=15
num_cat=0
split_feature=40 52 42 13 48 34 46 14 25 46 8 52 15 48
split_gain=3.00521 6.16657 9.69677 7.90704 6.51268 6.9668 7.9534 4.21137 4.13913 8.63478 5.60646 3.77576 10.6063 7.2575
threshold=980.25000000000011 0.71503382921218883 8.7500000000000018 30.854166984558109 5.8500001430511483 -1.3499999642372129 0.65000000596046459 8.1095643043518084 19.349999427795414 19.94999980926514 86.950000762939467 -0.31799228489398951 147.85000610351565 -1.0500000119209287
decision_type=2 2 2 2 2 2 2 2 2 2 2 2 2 2
left_child=1 8 3 -3 5 6 7 -5 11 10 -10 12 13 -1
right_child=-2 2 -4 4 -6 -7 -8 -9 9 -11 -12 -13 -14 -15
leaf_value=-0.0021861980090656162 0.00026103097934842759 0.00027317700117193737 0.00066216596634328505 -0.0065662652837010504 0.00040138808762383963 -0.0043798434045750146 0.0050149054953629677 -0.014381474412034731 -0.00045046388749800018 -0.021836739627918204 -0.0044621480079351811 0.00087657258258961267 -0.0091539347485431379 0.00055025172359949518
leaf_weight=5172 62873 811 1702 63 313 1037 82 201 3331 58 489 14887 71 10253
leaf_count=5172 62873 811 1702 63 313 1037 82 201 3331 58 489 14887 71 10253
internal_value=6.47738e-05 -0.000283264 -0.00208699 -0.0040584 -0.00599062 -0.00745513 -0.0135393 -0.0176277 -6.11302e-05 -0.00159722 -0.00127937 0.000135393 -0.000410809 -0.00031584
internal_weight=101343 38470 4209 2507 1696 1383 346 264 34261 3878 3820 30383 15496 15425
internal_count=101343 38470 4209 2507 1696 1383 346 264 34261 3878 3820 30383 15496 15425
is_linear=0
shrinkage=0.05


Tree=330
num_leaves=15
num_cat=0
split_feature=35 17 50 17 31 44 29 32 8 26 40 26 19 33
split_gain=2.5451 7.60477 3.42269 2.81932 3.26777 3.38627 3.23567 3.20861 6.02039 6.48581 2.82725 4.2829 3.77135 12.4292
threshold=21.500000000000004 3.8500000238418584 -0.7865660786628722 -73.700000762939439 -2.899568915367126 -0.58163756132125843 3.6499999761581425 2.8646963834762578 93.500000000000014 0.69669762253761303 980.25000000000011 0.52571961283683788 95.349998474121108 1.7500000000000002
decision_type=2 2 2 2 2 2 2 2 2 2 2 2 2 2
left_child=3 2 -2 4 5 -1 7 10 -9 -10 11 -5 -13 -14
right_child=1 -3 -4 6 -6 -7 -8 8 9 -11 -12 12 13 -15
leaf_value=0.00043056391217871377 -0.0029606353580816582 0.00073924218788194208 -0.00068739562359041351 0.0014090221098789595 0.0045837250765434863 -0.0076879918937414228 0.00028897045943461177 -0.00044118540608486883 -0.01109975642770486 -0.002475384586492524 0.00010801154745507831 -0.0010586956926260619 -0.00124490434328664 -0.011130282169256364
leaf_weight=231 1934 10386 12994 1020 1779 87 59309 317 76 92 9512 2582 664 226
leaf_count=231 1934 10386 12994 1020 1779 87 59309 317 76 92 9512 2582 664 226
internal_value=3.79871e-05 -0.000396067 -0.00111862 0.000182794 0.00198624 -0.00262195 0.000131287 -0.000538313 -0.00449495 -0.0118539 -0.000398173 -0.00143048 -0.00226594 -0.00505556
internal_weight=101209 25314 14928 75895 2097 318 73798 14489 485 168 14004 4492 3472 890
internal_count=101209 25314 14928 75895 2097 318 73798 14489 485 168 14004 4492 3472 890
is_linear=0
shrinkage=0.05


Tree=331
num_leaves=15
num_cat=0
split_feature=18 6 13 45 33 40 13 44 33 52 4 23 8 55
split_gain=2.46668 3.94667 5.58773 5.01707 3.73369 3.36684 6.01227 13.8899 4.57303 3.84937 4.45427 7.11557 7.27403 6.29783
threshold=-23.249999999999996 63.449998855590827 66.428276062011733 -0.34263144433498377 11.34999990463257 982.95001220703136 65.548213958740249 -4.9992804527282706 15.650000095367433 0.69056403636932384 32.750000000000007 0.39499999582767492 31.349999427795414 4.5000000000000009
decision_type=2 2 2 2 2 2 2 2 2 2 2 2 2 2
left_child=-1 2 5 4 -4 9 8 -8 -7 -2 -11 12 13 -12
right_child=1 -3 3 -5 -6 6 7 -9 -10 10 11 -13 -14 -15
leaf_value=0.00069817741362879085 8.5618289344625522e-05 -0.00039287083514107795 0.00060532161386794988 0.0042122320249630687 -0.00571969804827394 0.001122912944655968 -0.03507739197584455 -0.0023072520432417913 -0.0038314004423760789 6.0302527436390671e-05 0.0014333971388751053 -0.00080390931970940457 -0.0063752981864228083 -0.0091511789901138826
leaf_weight=14970 26810 28662 5205 3300 68 13304 61 380 338 3758 647 2584 813 179
leaf_count=14970 26810 28662 5205 3300 68 13304 61 380 338 3758 647 2584 813 179
internal_value=0.00012212 1.91017e-05 0.000258193 0.00143481 0.000476055 5.15508e-05 0.000703541 -0.00497783 0.000890712 -0.000212494 -0.0011757 -0.00228798 -0.00485446 -0.00151914
internal_weight=101079 86109 57447 8573 5273 48874 14083 441 13642 34791 7981 4223 1639 826
internal_count=101079 86109 57447 8573 5273 48874 14083 441 13642 34791 7981 4223 1639 826
is_linear=0
shrinkage=0.05


Tree=332
num_leaves=15
num_cat=0
split_feature=48 37 44 23 20 26 36 44 41 53 55 23 9 21
split_gain=2.6219 4.33032 6.40734 4.64707 3.79761 3.77168 7.60423 10.4599 4.9776 3.63253 7.05847 3.55795 3.79442 3.36126
threshold=5.4500000476837167 43.500000000000007 -4.3102247714996329 0.27500000596046453 92.350002288818374 0.98508849740028392 12.650000095367433 0.73642972111701976 13.500000000000002 -0.031174269504845139 3.5000000000000004 0.21499999612569812 53.149999618530281 23.500000000000004
decision_type=2 2 2 2 2 2 2 2 2 2 2 2 2 2
left_child=1 2 -1 5 -4 -3 7 -7 -9 10 -6 12 13 -2
right_child=11 3 4 -5 9 6 -8 8 -10 -11 -12 -13 -14 -15
leaf_value=0.0012282403926060633 0.00081724815386970996 0.0019995481477259754 -0.0010110952271151269 -3.7028018495294291e-05 -0.0074488511280838181 0.0087171266913455281 0.00076880317684761964 -0.0058722792422486701 -0.017567120644315676 -0.00058016328392250353 0.00053626674313532647 0.0010306154588411388 0.00075802427470598999 -0.0039464995194189549
leaf_weight=2569 287 8542 9548 64774 176 82 467 71 50 257 98 12432 1163 776
leaf_count=2569 287 8542 9548 64774 176 82 467 71 50 257 98 12432 1163 776
internal_value=6.96928e-05 -3.49705e-05 -0.000889556 0.000111222 -0.00145753 0.00116135 -0.00242647 -0.0102582 -0.0190458 -0.00553604 -0.00943662 0.000687892 -0.00114937 -0.0032945
internal_weight=101292 86634 12648 73986 10079 9212 670 203 121 531 274 14658 2226 1063
internal_count=101292 86634 12648 73986 10079 9212 670 203 121 531 274 14658 2226 1063
is_linear=0
shrinkage=0.05


Tree=333
num_leaves=15
num_cat=0
split_feature=50 44 33 52 13 13 18 21 20 43 24 53 41 36
split_gain=2.72705 2.89676 5.35251 6.89498 10.1442 6.47723 8.02352 6.07027 6.01439 5.47659 4.36297 5.47635 5.06692 5.81508
threshold=0.98296290636062633 -1.6228886246681211 1.5500000119209292 -0.8940606117248534 77.969047546386733 41.078273773193366 -2.2499999999999996 180.50000000000003 96.649997711181655 32.500000000000007 8.5000000000000018 0.73136293888092052 28.500000000000004 22.44999980926514
decision_type=2 2 2 2 2 2 2 2 2 10 2 2 2 2
left_child=1 2 -1 4 5 6 -4 8 -5 -7 -3 -12 13 -13
right_child=-2 10 3 7 -6 9 -8 -9 -10 -11 11 12 -14 -15
leaf_value=0.0008103725401514847 -0.0011738234342727745 0.00035143714102444398 -0.00060682167924426772 0.00062202171036758209 -0.0063788789485888526 -0.0080877540963282743 -0.0078033144316220597 -0.0038050429808340462 -0.0055051512589318376 0.00063736032441914466 -0.00032566755440647773 -0.0025420730834136806 0.0013662974678242063 -0.0084588806508023098
leaf_weight=31544 4228 26796 207 8621 68 58 192 938 137 898 25436 1529 487 100
leaf_count=31544 4228 26796 207 8621 68 58 192 938 137 898 25436 1529 487 100
internal_value=9.47666e-05 0.000148989 0.000457315 -0.000485668 -0.00372296 -0.00269231 -0.00795843 -7.21185e-06 0.000403741 -0.000434782 -9.30864e-05 -0.000534794 -0.00297272 -0.00430445
internal_weight=101239 97011 42663 11119 1423 1355 399 9696 8758 956 54348 27552 2116 1629
internal_count=101239 97011 42663 11119 1423 1355 399 9696 8758 956 54348 27552 2116 1629
is_linear=0
shrinkage=0.05


Tree=334
num_leaves=15
num_cat=0
split_feature=0 53 53 16 11 23 40 53 53 34 46 31 25 34
split_gain=3.03431 4.03099 11.44 14.5696 6.0547 5.82461 6.30011 5.95916 5.71801 5.1532 5.0469 4.44223 4.43565 5.97882
threshold=37.549999237060554 -0.13398942351341245 -0.19337245076894757 47.750000000000007 72.29166412353517 0.58499997854232799 985.64999389648449 -0.37446588277816767 -0.16799793392419812 0.94999998807907116 0.15000000223517421 6.8536422252655038 17.650000572204593 -1.5500000119209287
decision_type=2 2 2 2 2 2 2 2 2 2 2 2 2 2
left_child=-1 2 5 8 -5 6 12 -7 10 -10 -4 -3 -2 -14
right_child=1 11 3 4 -6 7 -8 -9 9 -11 -12 -13 13 -15
leaf_value=0.00050317825928782945 -0.00067229336632773043 3.4235725133705272e-05 0.0051058482911332343 -0.036258644224607658 -0.010331119442337881 -0.0001709847590698654 -0.027484524154262498 0.0033851688151337123 -0.0071089424389362381 0.00092035097823466765 -0.014752633206323505 0.0019833691648786693 -0.012877980054703071 -0.0019668675193554369
leaf_weight=25863 6132 40754 361 51 117 19154 71 2194 378 208 53 3688 157 2096
leaf_count=25863 6132 40754 361 51 117 19154 71 2194 378 208 53 3688 157 2096
internal_value=3.19391e-05 -0.000128341 -0.000566135 -0.00539898 -0.0185955 -0.000374991 -0.00148476 6.50812e-05 -0.0030198 -0.00615772 0.00146226 0.00017682 -0.00134902 -0.00324127
internal_weight=101277 75414 30972 1168 168 29804 8456 21348 1000 586 414 44442 8385 2253
internal_count=101277 75414 30972 1168 168 29804 8456 21348 1000 586 414 44442 8385 2253
is_linear=0
shrinkage=0.05


Tree=335
num_leaves=15
num_cat=0
split_feature=53 12 0 56 26 53 28 17 15 52 52 21 23 53
split_gain=2.56014 2.6073 2.6037 4.69128 4.64112 6.86368 5.25338 3.52429 5.31946 8.98466 4.02947 3.58714 3.54312 6.55702
threshold=0.99958848953247081 143.7749938964844 75.099998474121108 78.599998474121108 0.42162080109119421 -0.79382744431495655 51.500000000000007 14.650000095367433 95.349998474121108 -0.94705909490585316 -0.7386675477027892 225.50000000000003 0.9350000023841859 0.99611392617225658
decision_type=2 2 2 2 2 2 2 2 2 2 2 2 2 2
left_child=2 -2 3 -1 5 6 -5 8 9 -4 11 -10 -9 -14
right_child=1 -3 7 4 -6 -7 -8 12 10 -11 -12 -13 13 -15
leaf_value=4.7998206339673724e-05 0.0052639388652517809 -0.00060990342032508275 -0.012679088430659203 -0.0021642616217816078 0.0024622962264010308 0.0029196896234535029 -0.0088758172064756762 -0.00012670973466519296 0.0012284467059047513 -0.0019352937660366415 -0.00085149103668472894 -0.0079054666174254076 0.0032339401722408035 -0.0034433855783580153
leaf_weight=62186 593 315 137 96 6063 215 120 13542 3355 977 11478 68 2007 85
leaf_count=62186 593 315 137 96 6063 215 120 13542 3355 977 11478 68 2007 85
internal_value=2.94825e-05 0.00265795 5.43177e-06 0.000178338 0.00145603 -0.0035034 -0.00960177 -0.000369721 -0.000890795 -0.00420818 -0.000640131 0.000863676 0.00016428 0.00207422
internal_weight=101237 908 100329 68680 6494 431 216 31649 16015 1114 14901 3423 15634 2092
internal_count=101237 908 100329 68680 6494 431 216 31649 16015 1114 14901 3423 15634 2092
is_linear=0
shrinkage=0.05


Tree=336
num_leaves=15
num_cat=0
split_feature=23 1 52 8 21 33 43 16 19 51 46 5 23 14
split_gain=3.11154 3.54716 3.24091 3.46846 5.4186 6.67338 4.12419 3.97052 3.77949 3.75064 3.49112 3.25946 2.93416 2.75098
threshold=0.95499998331069957 302.20001220703131 -0.98214942216873158 42.45000076293946 189.50000000000003 2.2500000000000004 62.500000000000007 91.049999237060561 96.299999237060561 -0.37940952181816096 23.250000000000004 78.799999237060561 0.62500000000000011 39.784385681152351
decision_type=2 2 2 2 2 2 10 2 2 2 2 2 2 2
left_child=1 13 -2 7 10 6 -6 -4 -7 -10 -5 -12 -3 -1
right_child=2 12 3 4 5 8 -8 -9 9 -11 11 -13 -14 -15
leaf_value=-9.5547423387115703e-05 -0.0042766748080128791 -0.004080896947187709 -0.00016200042554393105 0.0020779612575523468 -0.0026337815251853149 -0.00043992252518133238 0.001478324657221125 -0.010045093805668223 -0.013481438586886316 -0.0052288531735110383 -0.0015705366121517843 -0.0064438891696346539 0.00045074009173515727 0.00078466862102610422
leaf_weight=78245 224 75 3180 8411 228 84 821 59 96 60 226 55 70 9498
leaf_count=78245 224 75 3180 8411 228 84 821 59 96 60 226 55 70 9498
internal_value=8.496e-05 -2.34361e-05 0.000793073 0.000895692 0.00135672 -0.00165897 8.97075e-05 -0.000524777 -0.009 -0.0133735 0.00180533 -0.00359107 -0.00758064 -1.00849e-05
internal_weight=101332 87888 13444 13220 9981 1289 1049 3239 240 156 8692 281 145 87743
internal_count=101332 87888 13444 13220 9981 1289 1049 3239 240 156 8692 281 145 87743
is_linear=0
shrinkage=0.05


Tree=337
num_leaves=15
num_cat=0
split_feature=50 32 52 43 51 0 37 42 22 48 50 51 55 40
split_gain=2.46762 5.2531 5.28853 3.25634 5.63335 5.26208 5.68902 6.20131 3.87084 3.84994 3.73439 4.09641 3.45248 5.59575
threshold=0.91597560048103344 1.4366933107376101 0.9970000982284547 377.50000000000006 -0.6035533845424651 35.250000000000007 65.500000000000014 4.0499999523162851 252.50000000000003 5.4500000476837167 0.12940952181816109 -0.12940952181816107 3.5000000000000004 976.54998779296886
decision_type=2 2 2 8 2 2 2 2 2 2 2 2 2 2
left_child=3 -2 -3 4 -1 8 7 -7 -6 12 11 -8 -5 -14
right_child=1 2 -4 9 5 6 10 -9 -10 -11 -12 -13 13 -15
leaf_value=0.0030030545704790076 0.00011611194670483089 -0.0022890852510816339 -0.010293406513534917 -1.7457167372697179e-05 -0.0028057477680771079 -0.0026658671729139624 -0.0022791117382643437 -0.00029803284794156575 0.0024284751199482864 0.00059150616802378336 -0.00027299638959808146 0.0011982749607132596 0.00069727612365468256 -0.0014701347782325276
leaf_weight=5258 8430 4215 103 16249 179 2816 933 8118 6842 10729 11540 13697 3080 9169
leaf_count=5258 8430 4215 103 16249 179 2816 933 8118 6842 10729 11540 13697 3080 9169
internal_value=5.3666e-05 -0.000596488 -0.00201248 0.000147258 0.000417367 0.000232809 -4.84974e-06 -0.000962171 0.00148699 -0.000192803 0.00039534 0.000925547 -0.000496702 -0.00113019
internal_weight=101358 12748 4318 88610 49383 44125 37104 10934 7021 39227 26170 14630 28498 12249
internal_count=101358 12748 4318 88610 49383 44125 37104 10934 7021 39227 26170 14630 28498 12249
is_linear=0
shrinkage=0.05


Tree=338
num_leaves=15
num_cat=0
split_feature=56 13 0 17 17 49 38 14 51 44 53 11 46 43
split_gain=2.53182 3.38638 3.07325 3.22559 4.39556 3.07053 2.93241 5.2009 3.68795 3.9316 3.66822 4.19781 3.48313 3.16831
threshold=15.34999990463257 57.044345855712898 17.650000572204593 5.6499998569488534 64.149997711181655 -57.499999999999993 25.44999980926514 4.1033339500427255 -0.37940952181816096 -11.178287506103514 -0.64580103754997242 57.995834350585945 0.15000000223517421 25.02689361572266
decision_type=2 2 2 2 2 10 2 2 2 2 2 2 2 8
left_child=1 -1 -2 6 -5 -3 13 -8 9 -9 -10 12 -12 -4
right_child=2 5 3 4 -6 -7 7 8 10 -11 11 -13 -14 -15
leaf_value=-0.00092095856546654169 0.0030406976003713778 -0.0080804478221689572 0.00076235619492264351 0.00059982562766446078 -0.00095800729481738684 -0.0013890576478437981 -0.0069303216673470948 -0.0078010019026609721 0.0027991444063735632 -8.9194631566525952e-05 -0.0064018994558572712 0.001592537932133635 -0.0017205996753108183 -0.00039477196835376407
leaf_weight=1441 2193 66 6027 32913 4387 108 151 141 3777 1615 87 237 168 47900
leaf_count=1441 2193 66 6027 32913 4387 108 151 141 3777 1615 87 237 168 47900
internal_value=3.46274e-05 -0.00192308 6.65624e-05 2.47915e-05 0.000389976 -0.00831522 -0.00020187 0.000829292 0.00106462 -0.000860702 0.00185674 -0.00217131 -0.00650943 -0.000320095
internal_weight=101211 1615 99596 97403 37300 174 60103 6176 6025 1756 4269 492 255 53927
internal_count=101211 1615 99596 97403 37300 174 60103 6176 6025 1756 4269 492 255 53927
is_linear=0
shrinkage=0.05


Tree=339
num_leaves=15
num_cat=0
split_feature=16 53 16 47 40 34 38 56 4 12 9 16 16 52
split_gain=2.52302 10.8055 4.52561 5.39478 6.23534 4.15218 4.13828 3.64397 5.38077 5.13948 8.59953 6.02191 4.91216 8.34383
threshold=64.40000152587892 -0.96687281131744374 58.850000381469734 10.821825027465822 984.54998779296886 3.7500000000000004 24.750000000000004 175.80000305175784 136.19999694824222 104.86527633666994 78.799999237060561 78.349998474121108 67.40000152587892 -0.29343378543853754
decision_type=2 2 2 2 2 2 2 2 2 2 2 2 2 2
left_child=2 6 -1 -4 -5 7 -2 8 -3 10 -10 -12 13 -9
right_child=1 5 3 4 -6 -7 -8 12 9 -11 11 -13 -14 -15
leaf_value=9.9057945301644007e-05 -0.010570123823337052 0.00016272626069183712 0.0022285036111342345 0.0021316928606604441 -0.005845474616866065 -0.0049857138962134421 -0.0029182170883723505 -0.010232317664865329 0.004862345970644253 -0.001681363837673408 -0.0046507545511824703 -0.01081343483469843 0.0011015449155432225 0.0027679825482630586
leaf_weight=84645 140 5269 3064 130 83 173 127 54 98 3359 85 61 3862 82
leaf_count=84645 140 5269 3064 130 83 173 127 54 98 3359 85 61 3862 82
internal_value=7.07218e-05 -0.00057057 0.000167857 0.00198814 -0.00553812 -0.000362752 -0.010343 -0.000256211 -0.000820761 -0.00230695 -0.00917323 -0.0164744 0.000995509 -0.0080137
internal_weight=101232 13310 87922 3277 213 13043 267 12870 8872 3603 244 146 3998 136
internal_count=101232 13310 87922 3277 213 13043 267 12870 8872 3603 244 146 3998 136
is_linear=0
shrinkage=0.05


Tree=340
num_leaves=15
num_cat=0
split_feature=45 41 52 37 26 12 22 5 16 43 49 48 38 14
split_gain=2.59561 2.70794 4.07966 3.88508 3.76672 7.91354 3.38865 3.98284 3.36423 2.51296 4.10335 3.95443 7.41491 5.68862
threshold=5.1857576370239267 40.500000000000007 -0.30163703858852381 89.500000000000014 0.58761495351791393 71.775695800781264 1588.5000000000002 25.750000000000004 37.45000076293946 342.50000000000006 5.0268940925598153 -0.84999999403953541 16.150000572204593 9.5997204780578631
decision_type=2 2 2 2 2 2 2 2 2 10 10 2 2 2
left_child=9 6 3 4 5 8 -2 -8 -3 -1 11 -11 13 -13
right_child=1 2 -4 -5 -6 -7 7 -9 -10 10 -12 12 -14 -15
leaf_value=0.00015244417630477924 0.0024189898823761182 0.0044861859911892983 0.0012609985686556464 0.0026900098794415302 -0.0021689666704828854 -0.017840895215095385 -0.013112081517927827 -0.00039048125687309612 -0.004675408415221495 -0.00064167343938704264 -6.9971212150530146e-05 -0.0086370296455506868 -0.00062083096393718078 -0.0036841472159307603
leaf_weight=65548 5644 105 2280 290 711 74 57 1067 105 3762 19651 243 1149 736
leaf_count=65548 5644 105 2280 290 711 74 57 1067 105 3762 19651 243 1149 736
internal_value=7.74905e-05 0.000828096 -0.000286713 -0.00252896 -0.00400497 -0.00877551 0.00141487 -0.00108466 -0.00340909 -7.73865e-06 -0.000428359 -0.00158475 -0.00330215 -0.00647624
internal_weight=101422 10333 3565 1285 995 284 6768 1124 210 91089 25541 5890 2128 979
internal_count=101422 10333 3565 1285 995 284 6768 1124 210 91089 25541 5890 2128 979
is_linear=0
shrinkage=0.05


Tree=341
num_leaves=15
num_cat=0
split_feature=0 56 17 56 19 14 47 24 56 50 55 30 0 23
split_gain=2.64767 3.99355 3.87101 3.73968 3.38901 3.11707 3.0503 3.29213 3.62122 3.28265 2.8548 2.82604 3.79988 3.633
threshold=186.05000305175784 175.80000305175784 15.449999809265138 178.55000305175784 193.94999694824222 69.315029144287124 2.8431676626205449 8.5000000000000018 25.550000190734867 -0.6035533845424651 4.5000000000000009 25.02689361572266 103.70000076293947 0.33500000834465032
decision_type=2 2 2 2 2 2 2 2 2 2 2 8 2 2
left_child=1 6 3 -2 -5 -6 7 -1 -9 10 -10 -8 -13 -14
right_child=2 -3 -4 4 5 -7 11 8 9 -11 -12 12 13 -15
leaf_value=0.0030103002377251998 -0.0060180711300097259 0.0020052090567909318 -0.00014878613927885769 -0.0041038884775876482 -0.00027721949742011241 -0.0034536381650413146 0.00091962375328866544 -0.0043339063433241098 -0.00066300214060791875 0.0018388110952913485 -0.009447810547301207 2.5254927987329303e-05 -0.0034320041373880833 -0.00064396719849498397
leaf_weight=2201 154 2449 2740 71 872 173 6969 57 158 596 64 76469 912 7378
leaf_count=2201 154 2449 2740 71 872 173 6969 57 158 596 64 76469 912 7378
internal_value=5.10009e-05 0.000102968 -0.00120647 -0.00347656 -0.00241563 -0.00163507 5.13639e-05 0.00159754 -0.0009887 -7.24636e-05 -0.00512931 -6.5385e-07 -8.02768e-05 -0.00109639
internal_weight=101263 97253 4010 1270 1116 1045 94804 3076 875 818 222 91728 84759 8290
internal_count=101263 97253 4010 1270 1116 1045 94804 3076 875 818 222 91728 84759 8290
is_linear=0
shrinkage=0.05


Tree=342
num_leaves=15
num_cat=0
split_feature=47 6 24 16 20 21 56 38 12 43 46 21 26 32
split_gain=2.26807 4.86807 7.94071 4.64149 5.13594 4.81834 4.40372 5.94658 5.35645 4.4519 6.30031 4.19497 4.31626 3.83436
threshold=5.328174591064454 107.00000000000001 8.5000000000000018 25.94999980926514 71.450000762939467 46.500000000000007 57.649999618530281 10.34999990463257 116.99861145019533 47.500000000000007 0.65000000596046459 211.50000000000003 0.46584039926528936 2.5095602273941044
decision_type=2 2 2 2 2 2 2 2 2 10 2 2 2 2
left_child=1 2 -1 4 -4 -6 7 -3 -9 10 13 -5 -13 -8
right_child=-2 6 3 11 5 -7 9 8 -10 -11 -12 12 -14 -15
leaf_value=0.0022959079349864986 -4.3128264544350345e-05 0.00021763390764911918 -0.00053617888522332195 0.00094863059941031511 -0.0024682635901231496 -0.0067686914053094495 -0.00043271951879971649 -0.0031970038966915855 -0.026430556940721679 0.001099510913517394 -0.02074308886282223 -0.0060911869578466338 -0.0013063744952693742 -0.0034102034621937907
leaf_weight=10154 69800 331 2679 7311 498 58 4811 233 64 3693 66 108 790 551
leaf_count=10154 69800 331 2679 7311 498 58 4811 233 64 3693 66 108 790 551
internal_value=0.000107111 0.000460344 0.000878841 -2.44454e-05 -0.00162558 -0.00595406 -0.000466748 -0.00448276 -0.00949511 -0.000185631 -0.00109599 0.000607738 -0.00259912 -0.00089166
internal_weight=101147 31347 21598 11444 3235 556 9749 628 297 9121 5428 8209 898 5362
internal_count=101147 31347 21598 11444 3235 556 9749 628 297 9121 5428 8209 898 5362
is_linear=0
shrinkage=0.05


Tree=343
num_leaves=15
num_cat=0
split_feature=25 52 37 14 57 4 27 56 31 55 33 4 25 12
split_gain=2.52247 3.94724 3.86934 3.32471 3.04126 4.26252 3.62226 4.03984 4.13315 4.74349 3.47189 2.97174 3.67336 3.4677
threshold=46.049999237060554 0.29342973232269293 55.500000000000007 17.484831809997562 132.58333587646487 137.59999847412112 15.650000095367433 173.00000000000003 -2.5082641839981075 5.5000000000000009 1.0000000180025095e-35 103.70000076293947 36.350000381469734 65.100696563720717
decision_type=2 2 2 2 2 2 2 2 2 2 2 2 2 2
left_child=4 2 -2 -4 11 -6 7 -7 9 -9 -8 13 -13 -1
right_child=1 -3 3 -5 5 6 10 8 -10 -11 -12 12 -14 -15
leaf_value=-7.3599295216444347e-05 0.0027408160291658859 -0.0037588503549409466 -0.0072204250993744765 -0.00098709057535122948 0.0027651517591821793 -0.0017597264707663433 0.0028780203487402877 -0.00044036403435480985 0.0016808158822282059 -0.0047014184529793534 -0.0022260755373848091 -0.0010551100268957291 0.001170757109271572 0.00061442480731167977
leaf_weight=58262 687 411 76 2185 2876 1723 1648 522 1888 114 120 7765 1230 21544
leaf_count=58262 687 411 76 2185 2876 1723 1648 522 1888 114 120 7765 1230 21544
internal_value=6.73358e-05 -0.00127783 -0.000628803 -0.00162704 0.000113713 0.000994832 0.000236515 -0.000555555 0.000718232 -0.00273994 0.00213161 2.53912e-05 -0.000835647 0.000122532
internal_weight=101051 3359 2948 2261 97692 8891 6015 4247 2524 636 1768 88801 8995 79806
internal_count=101051 3359 2948 2261 97692 8891 6015 4247 2524 636 1768 88801 8995 79806
is_linear=0
shrinkage=0.05


Tree=344
num_leaves=15
num_cat=0
split_feature=25 52 12 5 47 16 12 55 52 47 13 11 25 30
split_gain=2.43743 4.73656 3.67087 3.14699 2.88029 3.00421 5.3533 3.72396 4.65031 2.94883 2.65892 2.84249 4.42249 3.74176
threshold=46.049999237060554 0.29342973232269293 56.747917175292976 92.799999237060561 2.6897368431091313 39.649999618530281 102.11666870117189 3.5000000000000004 -0.40614700317382807 2.4244047403335576 104.23601531982423 104.2645835876465 63.399999618530281 22.500000000000004
decision_type=2 2 2 2 2 2 2 2 2 2 2 2 2 10
left_child=4 10 -3 -4 5 -1 7 -7 9 -9 -2 12 -12 -13
right_child=1 2 3 -5 -6 6 -8 8 -10 -11 11 13 -14 -15
leaf_value=0.0054172161396497448 0.0016902822723241331 -0.0064969961766974454 0.0021953442855547228 -0.0041764510885681011 8.1978181972968127e-05 0.0010607509807830057 0.001469432652621006 -0.0058005617105317177 0.0037850087752755003 -0.0013868747099146325 -0.0062953022093787496 -0.001937354213874541 0.0035124695737413763 0.001648820522472152
leaf_weight=1390 1299 72 112 232 94518 174 1381 112 62 67 55 879 54 671
leaf_count=1390 1299 72 112 232 94518 174 1381 112 62 67 55 879 54 671
internal_value=9.8825e-05 -0.00122045 -0.00615023 -0.00375706 0.000144504 0.00162078 0.000265781 -0.00464706 -0.00854582 -0.0124603 -0.00050876 -0.00183044 -0.00928571 -0.00125
internal_weight=101078 3374 416 344 97704 3186 1796 415 241 179 2958 1659 109 1550
internal_count=101078 3374 416 344 97704 3186 1796 415 241 179 2958 1659 109 1550
is_linear=0
shrinkage=0.05


Tree=345
num_leaves=15
num_cat=0
split_feature=4 36 4 51 9 15 43 32 28 43 38 33 54 13
split_gain=2.40403 3.02857 4.81364 4.6804 3.91588 5.90498 6.62283 3.89214 4.55612 7.16354 3.7158 5.4155 6.33709 4.30636
threshold=29.44999980926514 14.449999809265138 139.00000000000003 -0.37940952181816096 60.649999618530281 158.09999847412112 57.500000000000007 2.5095602273941044 95.500000000000014 47.500000000000007 10.650000095367433 2.6499999761581425 2.5000000000000004 55.633632659912116
decision_type=2 2 2 2 2 2 10 2 2 10 2 2 2 2
left_child=-1 2 3 -2 -4 6 -6 -7 9 -9 11 13 -13 -3
right_child=1 10 4 -5 5 7 -8 8 -10 -11 -12 12 -14 -15
leaf_value=0.00071182499971064923 0.004476106875619966 -0.0019781604987374403 0.0025266336255648203 0.00069836522646955985 0.00017249588817433962 -0.00019828506415703795 -0.0081964439828224669 -0.008036232727255432 0.00077364763976975792 -0.00048421063829519166 -1.1096334089401241e-05 -0.017865174043094508 -0.0021780742602148947 -7.7347119746507377e-05
leaf_weight=14460 1909 3959 973 8265 100 5008 97 157 225 151 59165 61 161 6642
leaf_count=14460 1909 3959 973 8265 100 5008 97 157 225 151 59165 61 161 6642
internal_value=7.71145e-05 -2.22711e-05 0.000578574 0.00126375 -0.000460497 -0.000958594 -0.00925121 -0.000647631 -0.00466851 -0.00852201 -0.00016729 -0.00101865 -0.00857759 -0.000852417
internal_weight=101333 86873 16885 10174 6711 5738 197 5541 533 308 69988 10823 222 10601
internal_count=101333 86873 16885 10174 6711 5738 197 5541 533 308 69988 10823 222 10601
is_linear=0
shrinkage=0.05


Tree=346
num_leaves=15
num_cat=0
split_feature=9 37 44 50 16 51 52 40 38 41 16 56 26 48
split_gain=2.6897 4.05499 6.99941 4.51199 6.81724 5.15909 4.70601 6.91268 4.34734 4.22204 4.64492 3.98583 3.7342 3.72632
threshold=45.699998855590827 43.500000000000007 -3.8417252302169795 -0.91597560048103321 45.699998855590827 -0.12940952181816107 -0.32614396512508387 988.35000610351574 8.0500001907348651 54.500000000000007 17.250000000000004 46.250000000000007 0.75405275821685802 5.9500000476837167
decision_type=2 2 2 2 2 2 2 2 2 2 2 2 2 2
left_child=1 2 8 4 5 9 7 -5 11 10 -4 -1 -2 -8
right_child=12 -3 3 6 -6 -7 13 -9 -10 -11 -12 -13 -14 -15
leaf_value=-0.00033366489442322885 0.00047062140502995083 5.0636886362574436e-05 -0.015907804782533237 -0.0021806595033151636 -0.011613139366127793 -0.0005524342161303844 -0.0011034754253061775 -0.0078481448561087633 0.0021669234125794947 0.00042977734861716964 -0.0055011402281229006 -0.0067622474172510565 -0.00029873220095488556 0.0012278619255866744
leaf_weight=194 42181 27211 104 474 58 672 5311 113 2219 141 267 76 21073 1495
leaf_count=194 42181 27211 104 474 58 672 5311 113 2219 141 267 76 21073 1495
internal_value=4.03057e-05 -0.000290129 -0.00109395 -0.00176692 -0.00454473 -0.00362647 -0.00129475 -0.00555276 0.0012385 -0.00735632 -0.0100919 -0.00464286 0.000240579 -0.000919894
internal_weight=101589 38335 11124 8635 1242 1184 7393 587 2489 512 371 270 63254 6806
internal_count=101589 38335 11124 8635 1242 1184 7393 587 2489 512 371 270 63254 6806
is_linear=0
shrinkage=0.05


Tree=347
num_leaves=15
num_cat=0
split_feature=50 51 32 16 16 36 37 26 43 28 0 57 15 44
split_gain=2.48112 3.49313 3.29458 3.91278 2.93485 2.82399 3.5682 3.17121 3.77734 2.95872 2.70475 4.30967 5.62644 3.61576
threshold=0.91597560048103344 1.0000000180025095e-35 1.4366933107376101 25.750000000000004 23.650000572204593 27.44999980926514 93.500000000000014 0.64402413368225109 52.500000000000007 71.500000000000014 46.750000000000007 27.816666603088382 23.750000000000004 11.516139984130861
decision_type=2 2 2 2 2 2 2 2 8 2 2 2 2 2
left_child=10 -2 -3 4 5 6 7 -4 -9 -10 11 -1 -13 -14
right_child=1 2 3 -5 -6 -7 -8 8 9 -11 -12 12 13 -15
leaf_value=-0.00065547962505482847 0.00066913213876092117 -0.00050016919131153851 -0.002694635852221708 -0.001703436827976216 -0.0074572297669564637 0.0033662475353499646 0.0011350572821530534 -0.0036816315891887346 -0.01523474552583917 -0.0063391261812691842 -4.7179355835210056e-05 -0.0061031689191799821 0.0009522559882537379 -0.0037401108023252501
leaf_weight=6401 4212 5568 244 1963 124 139 175 74 95 56 55118 75 26520 366
leaf_count=6401 4212 5568 244 1963 124 139 175 74 95 56 55118 75 26520 366
internal_value=6.22901e-05 -0.000592417 -0.00117898 -0.00255208 -0.00525082 -0.00401639 -0.00539755 -0.00763048 -0.0118085 -0.016118 0.00015595 0.000511207 0.000788069 0.000828376
internal_weight=101130 12650 8438 2870 907 783 644 469 225 151 88480 33362 26961 26886
internal_count=101130 12650 8438 2870 907 783 644 469 225 151 88480 33362 26961 26886
is_linear=0
shrinkage=0.05


Tree=348
num_leaves=15
num_cat=0
split_feature=49 19 26 47 53 53 24 19 9 32 53 9 53 47
split_gain=2.70094 3.85445 3.47234 6.02548 5.39808 5.85172 4.9964 5.53887 4.87592 4.56542 3.87351 4.24767 6.81748 4.17433
threshold=17.500000000000004 29.849999427795414 0.70001143217086803 5.5784161090850839 -0.67168185114860524 -0.60555642843246449 9.5000000000000018 164.59999847412112 129.69999694824222 -5.2653350830078116 0.89691349864006054 152.05000305175784 0.83258596062660228 3.8595453500747685
decision_type=10 2 2 2 2 2 2 2 2 2 2 2 2 2
left_child=1 -1 -3 6 -5 -6 7 10 9 -7 11 -4 -13 -14
right_child=-2 2 3 4 5 8 -8 -9 -10 -11 -12 12 13 -15
leaf_value=0.0019891667101425126 0.00037788474384711708 -9.464525040472209e-06 0.00070970845494701385 0.00042421472666052842 -0.014960789121636245 -0.0048985255801405024 -0.0016508341919251601 -0.0016302618720514389 0.00090375206938860713 -0.002257444634640489 0.0033068320601190486 0.0023183096477828336 -0.0060624576545513587 -0.0051334638882832
leaf_weight=3414 36968 45989 3617 1219 80 511 3212 1394 563 2072 2101 230 76 109
leaf_count=3414 36968 45989 3617 1219 80 511 3212 1394 563 2072 2101 230 76 109
internal_value=5.78449e-05 -0.000137235 -0.000228576 -0.000883901 -0.00242985 -0.00349815 -0.000242348 0.000462386 -0.00312738 -0.00404358 0.00110939 0.000200396 -0.00452941 -0.0114103
internal_weight=101555 64587 61173 15184 4445 3226 10739 7527 3146 2583 6133 4032 415 185
internal_count=101555 64587 61173 15184 4445 3226 10739 7527 3146 2583 6133 4032 415 185
is_linear=0
shrinkage=0.05


Tree=349
num_leaves=15
num_cat=0
split_feature=28 37 8 20 27 29 43 37 48 44 28 31 7 6
split_gain=2.13825 4.54225 6.3827 3.91164 3.40296 3.74369 3.27218 2.78969 6.23245 5.49348 3.37679 3.42635 6.00438 4.20732
threshold=28.500000000000004 24.500000000000004 40.800001144409187 4.0499999523162851 33.049999237060554 8.5500001907348651 2452.5000000000005 43.500000000000007 5.2500000000000009 -4.9992804527282706 49.500000000000007 0.71850711107254039 23.750000000000004 28.550000190734867
decision_type=2 2 2 2 2 2 10 2 2 2 2 2 2 2
left_child=1 2 -1 4 5 -2 7 8 9 -5 11 12 13 -9
right_child=3 -3 -4 6 -6 -7 -8 10 -10 -11 -12 -13 -14 -15
leaf_value=0.00085775625203915245 -0.0049190944567083774 0.0024230491644285554 -0.0030325716659080461 0.0013886881298317882 0.00031386669700265724 -0.0028256928687761945 0.0029214168735173913 -0.0025463222322355183 0.00039002172508009205 -0.0019003027067993825 3.6195383829850914e-05 0.0024482481345266737 0.00057590039962869891 -0.008340263945869281
leaf_weight=2111 256 5000 866 1097 452 363 937 226 6239 5815 68208 5724 3795 124
leaf_count=2111 256 5000 866 1097 452 363 937 226 6239 5815 68208 5724 3795 124
internal_value=0.000101904 0.000887067 -0.00065785 3.46397e-05 -0.0029556 -0.00533386 6.97046e-05 3.93478e-05 -0.00063407 -0.00166715 0.000152843 0.0010168 -7.82188e-05 -0.00625
internal_weight=101213 7977 2977 93236 1071 619 92165 91228 13151 6912 78077 9869 4145 350
internal_count=101213 7977 2977 93236 1071 619 92165 91228 13151 6912 78077 9869 4145 350
is_linear=0
shrinkage=0.05


Tree=350
num_leaves=15
num_cat=0
split_feature=53 33 33 16 46 30 55 36 56 41 57 33 46 53
split_gain=2.4363 2.35635 2.54867 6.04001 4.17665 3.50423 3.0006 2.88088 2.69754 4.34226 2.73761 2.69241 3.17112 3.07822
threshold=0.99981042742729198 39.049999237060554 22.550000190734867 25.44999980926514 0.35000000894069677 142.50000000000003 5.5000000000000009 31.44999980926514 49.45000076293946 29.500000000000004 74.283336639404311 19.550000190734867 53.500000000000007 -0.14250536262989041
decision_type=2 2 2 2 2 10 2 2 2 2 2 2 2 2
left_child=1 2 11 4 7 -5 8 -4 9 -7 -10 12 -1 -13
right_child=-2 -3 3 5 -6 6 -8 -9 10 -11 -12 13 -14 -15
leaf_value=5.8437262646111758e-05 0.0031376793953791574 0.0076726875700120229 -0.00058982371264029634 -0.0003039501027610038 0.003101613095263394 -3.3265033815887774e-05 0.00010614556231858637 -0.0065958852795751964 0.0008184878127938663 -0.014061372185931717 -0.0064443465310225134 0.0063224080819013822 -0.0046932214513943048 -0.0050474472502391506
leaf_weight=97542 604 423 110 267 734 59 98 50 118 176 60 668 81 54
leaf_count=97542 604 423 110 267 734 59 98 50 118 176 60 668 81 54
internal_value=6.84784e-05 4.92784e-05 3.33412e-05 -0.00189655 0.00090708 -0.00508883 -0.00747601 -0.00617647 -0.0093026 -0.0127551 -0.00430851 6.63415e-05 4.36842e-05 0.00308743
internal_weight=101044 100440 100017 1672 894 778 511 160 413 235 178 98345 97623 722
internal_count=101044 100440 100017 1672 894 778 511 160 413 235 178 98345 97623 722
is_linear=0
shrinkage=0.05


Tree=351
num_leaves=15
num_cat=0
split_feature=33 48 51 23 24 28 52 7 23 37 20 45 26 38
split_gain=2.64946 2.28965 3.6514 4.11699 4.51638 5.84384 3.94989 3.5619 3.40608 3.69954 4.04895 3.42763 3.90108 6.58038
threshold=35.20000076293946 5.2500000000000009 1.0000000180025095e-35 0.33500000834465032 4.5000000000000009 69.500000000000014 -0.7386675477027892 35.250000000000007 0.2650000005960465 48.500000000000007 1.0000000180025095e-35 -0.21165307611227033 0.98508849740028392 7.7500000000000009
decision_type=2 2 2 2 2 2 2 2 2 2 2 2 2 2
left_child=1 8 3 4 -3 -6 -7 -8 9 -1 -11 12 -12 -14
right_child=-2 2 -4 -5 5 6 7 -9 -10 10 11 -13 13 -15
leaf_value=-0.00049809557672249912 0.0050622538063271405 0.00061349530106463951 0.0029322480407240237 0.00099179001362802405 -0.00075135740698008973 -0.001361565804112899 0.0022742126460461392 -0.010786145048350267 -0.00015777180269221442 -0.0039418579614848926 0.00102282090862223 0.0040645503004410298 -0.0080713802380801124 0.00077337435784560846
leaf_weight=3280 613 2189 2807 8369 1515 297 55 278 74065 112 4317 3119 130 201
leaf_count=3280 613 2189 2807 8369 1515 297 55 278 74065 112 4317 3119 130 201
internal_value=6.3982e-05 4.38738e-05 0.000602449 0.000241092 -0.00100829 -0.00263341 -0.00664062 -0.0103061 -5.78406e-05 0.000756111 0.00134301 0.00148322 0.000620438 -0.00453079
internal_weight=101347 100734 15510 12703 4334 2145 630 333 85224 11159 7879 7767 4648 331
internal_count=101347 100734 15510 12703 4334 2145 630 333 85224 11159 7879 7767 4648 331
is_linear=0
shrinkage=0.05


Tree=352
num_leaves=15
num_cat=0
split_feature=0 14 53 41 27 12 37 47 18 43 19 32 37 25
split_gain=3.06346 4.25922 3.07891 3.72328 5.64022 3.81445 5.32162 9.18068 3.58223 3.16656 3.60878 3.07319 3.52448 2.71997
threshold=33.149999618530281 23.76690769195557 -0.59177783131599415 2.5000000000000004 25.050000190734867 49.985416412353523 79.500000000000014 6.706904649734498 -2.2499999999999996 12.500000000000002 38.45000076293946 -3.2334194183349605 43.500000000000007 5.1499998569488534
decision_type=2 2 2 2 2 2 2 2 2 10 2 2 2 2
left_child=1 2 -1 -4 -5 8 11 -8 -6 -10 -11 12 -7 -2
right_child=13 -3 3 4 5 6 7 -9 9 10 -12 -13 -14 -15
leaf_value=0.0016344544206384596 -0.0043546519624951671 0.0061078204965304772 0.00095069004702879852 0.00054109083886992712 5.2496820031235997e-05 -0.0086851707564116736 -0.0011593809463254345 -0.018074175988782974 -0.0055961270003204227 -0.0031022174114038697 0.0011239220363906434 0.0018951788484144973 -0.00098762370318847595 -9.7917579903447356e-05
leaf_weight=6412 131 1353 5081 2806 1642 55 78 83 309 738 548 188 78 82028
leaf_count=6412 131 1353 5081 2806 1642 55 78 83 309 738 548 188 78 82028
internal_value=1.52651e-05 0.000580724 0.000376637 -0.000109332 -0.000899005 -0.0021735 -0.00628049 -0.0134211 -0.0015445 -0.0032243 -0.00209877 -0.00240181 -0.00793706 -0.00011811
internal_weight=101530 19371 18018 11606 6525 3719 482 161 3237 1595 1286 321 133 82159
internal_count=101530 19371 18018 11606 6525 3719 482 161 3237 1595 1286 321 133 82159
is_linear=0
shrinkage=0.05


Tree=353
num_leaves=15
num_cat=0
split_feature=0 25 57 2 17 26 6 3 47 47 12 1 16 19
split_gain=2.41104 4.16533 3.35102 4.67058 3.3872 3.52052 3.65353 4.76742 4.35498 4.6126 4.14473 6.31111 3.57257 3.7503
threshold=43.250000000000007 5.3500001430511483 147.216667175293 154.85000610351565 -1.9499999880790708 0.69743588566780101 89.500000000000014 50.549999237060554 6.8093073368072519 2.1861904859542851 107.75486373901369 87.65000152587892 39.049999237060554 177.6499938964844
decision_type=2 2 2 2 2 2 2 2 2 2 2 2 2 2
left_child=-1 -2 4 -4 5 12 -7 -8 9 -9 11 -10 -3 -14
right_child=1 2 3 -5 -6 6 7 8 10 -11 -12 -13 13 -15
leaf_value=0.00040596206699943676 -0.005928649852099622 -0.0012877936080725252 0.0023148789892122488 -8.4569867538882538e-05 8.7028276702805465e-05 -0.0007886718946473174 -0.0091503531662667503 -0.0048380916916537292 -0.002323790422289836 -0.00082739143710711224 -0.0004861688889378742 -0.0078331464803922182 0.00053038552018157606 -0.0013034615769061605
leaf_weight=34267 97 5021 3089 4437 36994 4852 86 107 150 1541 165 80 8923 1373
leaf_count=34267 97 5021 3089 4437 36994 4852 86 107 150 1541 165 80 8923 1373
internal_value=7.86625e-05 -9.60028e-05 -8.02057e-05 0.000912951 -0.000206401 -0.000693025 -0.0016228 -0.00334502 -0.00281783 -0.00166466 -0.00746914 -0.0116667 -0.00026848 0.000264894
internal_weight=101182 66915 66818 7526 59292 22298 6981 2129 2043 1648 395 230 15317 10296
internal_count=101182 66915 66818 7526 59292 22298 6981 2129 2043 1648 395 230 15317 10296
is_linear=0
shrinkage=0.05


Tree=354
num_leaves=15
num_cat=0
split_feature=0 17 13 30 53 53 33 52 42 41 26 31 7 10
split_gain=2.46502 3.23868 2.72546 4.34336 5.76804 5.08747 4.74752 5.37921 6.63767 4.99014 4.80391 6.47953 5.69939 4.33759
threshold=17.650000572204593 -1.0000000180025095e-35 39.211904525756843 52.500000000000007 0.44312302768230444 1.0000000180025095e-35 1.6500000357627871 0.99761915206909191 5.2500000000000009 11.500000000000002 0.71573477983474743 4.3792855739593515 34.250000000000007 32.408334732055671
decision_type=2 2 2 10 2 2 2 2 2 2 2 2 2 2
left_child=1 -1 3 -2 5 6 7 9 -9 10 -5 -12 -13 -8
right_child=2 -3 -4 4 -6 -7 13 8 -10 -11 11 12 -14 -15
leaf_value=0.0031341540749779614 0.00044569589070885993 -0.0021448522125367942 8.3975854135478581e-05 -0.00046629583392775718 -0.013083742372684927 0.0021553466666287512 -0.00098940765249171353 -0.01163625876560208 -0.0021765826216843033 0.0015392896111980487 -0.0020152810677445945 -0.0074995945260367654 -0.0011677439258165727 -0.0039995148929902833
leaf_weight=2614 5602 371 83736 2278 68 906 1047 81 214 2420 529 92 66 1234
leaf_count=2614 5602 371 83736 2278 68 906 1047 81 214 2420 529 92 66 1234
internal_value=3.1007e-05 0.00144407 -1.20568e-05 -0.000643775 -0.00132756 -0.00120705 -0.00161147 -0.000834798 -0.00729508 -0.000468026 -0.00184034 -0.00547346 -0.0140476 -0.00353339
internal_weight=101258 2985 98273 14537 8935 8867 7961 5680 295 5385 2965 687 158 2281
internal_count=101258 2985 98273 14537 8935 8867 7961 5680 295 5385 2965 687 158 2281
is_linear=0
shrinkage=0.05


Tree=355
num_leaves=15
num_cat=0
split_feature=49 29 40 52 4 34 6 6 57 31 10 53 45 33
split_gain=2.74505 3.05056 3.4878 4.88841 4.18524 3.81538 3.19841 4.40727 3.20844 3.13251 4.73563 2.88438 2.78361 2.60861
threshold=22.500000000000004 3.7500000000000004 980.25000000000011 0.40614137053489691 37.549999237060554 2.0499999523162846 90.200000762939467 92.799999237060561 196.34999847412112 1.2947954535484316 194.50833129882815 0.9993295967578889 3.9396423101425175 1.0000000180025095e-35
decision_type=8 2 2 2 2 2 2 2 2 2 2 2 2 2
left_child=1 2 3 5 -5 13 -4 -8 9 -9 -11 -3 -6 -1
right_child=-2 11 6 4 12 -7 7 8 -10 10 -12 -13 -14 -15
leaf_value=5.8925369406573089e-05 0.00028810922891526033 -3.9118562641640134e-05 0.00072808840792843745 -0.00024799343364946173 -0.0085740018067585588 0.0032943127624948075 -0.0058781461267370582 -0.002245663377863629 0.0014737820558503587 0.0013337240607756472 -0.0056151501651774908 0.0059528000408994551 0.0019216988223717377 -0.0029249135699393955
leaf_weight=771 47961 41552 4738 202 375 564 70 1766 833 679 94 403 62 1438
leaf_count=771 47961 41552 4738 202 375 564 70 1766 833 679 94 403 62 1438
internal_value=4.22587e-05 -0.000203801 -0.000921393 -0.00226183 -0.00617103 -0.00134208 -0.000360195 -0.00151796 -0.00123891 -0.00212044 0.000530013 -5.36142e-06 -0.00887025 -0.00227805
internal_weight=101508 53547 11592 3412 639 2773 8180 3442 3372 2539 773 41955 437 2209
internal_count=101508 53547 11592 3412 639 2773 8180 3442 3372 2539 773 41955 437 2209
is_linear=0
shrinkage=0.05


Tree=356
num_leaves=15
num_cat=0
split_feature=0 20 48 52 43 44 16 53 4 31 38 15 5 38
split_gain=2.43945 3.97286 3.91011 4.4623 4.66583 3.81061 3.51699 3.9222 3.82839 3.58728 3.47123 3.41021 5.4213 4.86559
threshold=43.250000000000007 5.0499999523162851 -1.0500000119209287 0.14250627160072329 1952.5000000000002 -4.2737829685211173 32.649999618530281 0.92191100120544445 42.199998855590827 7.9256696701049814 27.44999980926514 43.850000381469734 31.750000000000004 12.650000095367433
decision_type=2 2 2 2 8 2 2 2 2 2 2 2 2 2
left_child=1 2 -1 -4 5 -5 7 8 -2 -8 -10 12 -3 -14
right_child=6 11 3 4 -6 -7 9 -9 10 -11 -12 -13 13 -15
leaf_value=-0.00021048865834701207 -2.9230985507722452e-05 0.0004675868101662116 0.00084973537275541172 0.0017594120245556781 -0.003046793901637351 -0.0077866174263003379 1.6696035303133166e-05 0.0064153158078142248 -0.0013162864837328746 0.0022703222427490704 -0.032700842085550956 0.0010315623804628118 -0.0049075376353413724 -0.00046517871804471739
leaf_weight=3244 7974 5253 334 53 423 184 47048 617 9368 1545 53 23082 628 1265
leaf_count=3244 7974 5253 334 53 423 184 47048 617 9368 1545 53 23082 628 1265
internal_value=5.24828e-05 0.000393897 -0.00103814 -0.00376494 -0.0061194 -0.0115992 -0.000124221 -0.000720786 -0.000860385 9.70107e-05 -0.00154225 0.000594947 -0.000359139 -0.00264582
internal_weight=101071 34466 4238 994 660 237 66605 18012 17395 48593 9421 30228 7146 1893
internal_count=101071 34466 4238 994 660 237 66605 18012 17395 48593 9421 30228 7146 1893
is_linear=0
shrinkage=0.05


Tree=357
num_leaves=15
num_cat=0
split_feature=1 57 40 11 37 23 47 24 53 52 38 6 37 55
split_gain=2.341 3.92748 3.6948 3.41815 6.15915 4.11928 3.64912 6.47471 4.84864 12.193 6.16543 4.39176 3.66597 4.80244
threshold=182.75000000000003 167.78333282470706 986.35000610351574 172.62500000000003 95.500000000000014 1.0649999976158144 4.2811012268066415 3.5000000000000004 0.85561370849609386 -0.45274443924427027 12.949999809265138 94.200000762939467 69.500000000000014 4.5000000000000009
decision_type=2 2 2 2 2 2 2 2 2 2 2 2 2 2
left_child=1 3 -2 6 5 -5 7 11 12 -10 -11 -1 13 -9
right_child=2 -3 -4 4 -6 -7 -8 8 9 10 -12 -13 -14 -15
leaf_value=0.005114204789282587 -0.0045670204795762309 0.0022505931804120225 -0.00046341638850007361 0.00018267079601965076 -0.0040986559507388094 -0.012968400115122521 -3.8674492691926824e-05 0.00058183926370499557 -0.0088566270921644728 0.0014793525532937491 -0.010971021620564621 0.00044483369954795553 0.0018331778828755054 -0.0020371587226300338
leaf_weight=2942 138 2817 4006 510 135 54 79893 3309 176 596 55 2152 3386 1270
leaf_count=2942 138 2817 4006 510 135 54 79893 3309 176 596 55 2152 3386 1270
internal_value=7.19082e-05 0.000121525 -0.00109051 6.65695e-05 -0.0033921 -0.00101045 9.27083e-05 0.00084053 1.81779e-05 -0.00360215 -0.00037065 0.00225705 0.000398119 -0.000524079
internal_weight=101439 97295 4144 94478 699 564 93779 13886 8792 827 651 5094 7965 4579
internal_count=101439 97295 4144 94478 699 564 93779 13886 8792 827 651 5094 7965 4579
is_linear=0
shrinkage=0.05


Tree=358
num_leaves=15
num_cat=0
split_feature=36 16 53 51 16 32 16 52 56 47 37 1 32 29
split_gain=2.78748 2.36921 6.81503 9.59001 5.14838 6.38522 5.78249 9.65237 7.29809 3.95782 5.88007 4.33194 5.8612 3.80037
threshold=6.2500000000000009 64.40000152587892 -0.99273797869682301 -0.37940952181816096 57.350000381469734 7.1508092880249032 56.95000076293946 -0.98523971438407887 84.65000152587892 4.3510868549346933 69.500000000000014 185.55000305175784 -0.71604838967323292 7.8500001430511483
decision_type=2 2 2 2 2 2 2 2 2 2 2 2 2 2
left_child=-1 4 3 -3 6 -6 9 8 -8 10 -2 13 -13 -11
right_child=1 2 -4 -5 5 -7 7 -9 -10 11 -12 12 -14 -15
leaf_value=0.0016033781261183264 -0.00013512870629438651 -0.011831529869792768 -0.00039571449112966463 0.0017679776783987135 0.002231373553163669 -0.0042585425543166452 -0.010437419609001358 -0.00012789777837117803 -0.01541370478274552 -0.00033108015567370449 0.002408845209485852 -0.0073846084673769479 0.00017541697436312435 0.00040789823586243632
leaf_weight=1592 6296 70 11840 86 4047 228 51 224 56 41624 5832 54 88 29382
leaf_count=1592 6296 70 11840 86 4047 228 51 224 56 41624 5832 54 88 29382
internal_value=9.06584e-05 5.74645e-05 -0.000601366 -0.0106627 0.000147454 0.00183781 6.08132e-05 -0.00643695 -0.0180769 8.74098e-05 0.000921898 -5.4948e-05 -0.00848684 -3.68929e-05
internal_weight=101470 99878 11996 156 87882 4275 83607 331 107 83276 12128 71148 142 71006
internal_count=101470 99878 11996 156 87882 4275 83607 331 107 83276 12128 71148 142 71006
is_linear=0
shrinkage=0.05


Tree=359
num_leaves=15
num_cat=0
split_feature=53 12 43 19 53 14 30 52 4 23 12 15 47 52
split_gain=2.28395 2.31669 3.30479 2.10643 2.24919 5.42977 8.18405 7.94888 6.27563 4.38809 8.22319 5.06142 4.82965 9.08818
threshold=0.99958848953247081 143.7749938964844 67.500000000000014 21.750000000000004 0.029024410061538223 7.3277490139007577 722.50000000000011 0.95998215675354015 78.799999237060561 0.5249999761581422 49.782638549804695 31.300000190734867 6.305131435394288 -0.94705909490585316
decision_type=2 2 8 2 2 2 10 2 2 2 2 2 2 2
left_child=3 -2 -3 -1 9 6 -6 -8 -7 10 -5 -11 -12 -14
right_child=1 2 -4 4 5 8 7 -9 -10 11 12 -13 13 -15
leaf_value=0.0024307955881671698 0.0052419840084077345 -0.0021117334941248671 0.0031309562357158915 -0.0002650102872590935 -0.0007471611499697624 0.0010554075599470433 -0.0069145298309923071 -9.499151189958774e-05 -0.00018222284129270548 -0.0044861996994997374 -0.00090112429107292542 0.00016603496365678351 -0.014409358034681069 -0.0025238138150751803
leaf_weight=2041 578 124 188 15521 1928 20777 187 152 23494 129 2268 31608 549 1738
leaf_count=2041 578 124 188 15521 1928 20777 187 152 23494 129 2268 31608 549 1738
internal_value=4.79803e-05 0.00255556 -0.000900621 2.54977e-05 -7.57395e-06 0.000244694 -0.00213658 -0.00918338 0.000367088 -0.000234162 -0.000812506 0.000131824 -0.00267798 -0.00429473
internal_weight=101282 890 312 100392 98351 46538 2267 339 44271 51813 20076 31737 4555 2287
internal_count=101282 890 312 100392 98351 46538 2267 339 44271 51813 20076 31737 4555 2287
is_linear=0
shrinkage=0.05


Tree=360
num_leaves=15
num_cat=0
split_feature=46 33 33 16 14 56 53 8 55 33 53 32 26 4
split_gain=2.913 2.20768 2.94351 6.18063 3.92633 5.13857 4.9214 3.88939 3.39571 2.32186 4.23058 2.23349 2.22917 2.05633
threshold=76.850002288818374 39.049999237060554 22.550000190734867 18.050000190734867 10.465854644775392 48.750000000000007 -0.49812626838684076 63.000000000000007 4.5000000000000009 18.44999980926514 -0.14250536262989041 -5.3647813796997061 0.69582509994506847 41.95000076293946
decision_type=2 2 2 2 2 2 2 2 2 2 2 2 2 2
left_child=1 2 9 11 6 7 -5 8 -6 13 -11 -4 -8 -1
right_child=-2 -3 3 4 5 -7 12 -9 -10 10 -12 -13 -14 -15
leaf_value=0.00036821222526677131 -0.0042366784900184128 0.0070776121459601594 -0.0051171766341775839 0.002089319331226545 -0.017116392219427373 -0.0022824837682929935 -0.0079765213145628726 -0.0032696869560715834 -0.003229051968331364 0.0058204875264103824 -0.0049535999208199311 0.004935865310512111 -0.00028000180372164381 -7.3059146537574101e-05
leaf_weight=30018 64 424 60 342 104 265 66 112 69 806 110 519 64 67994
leaf_count=30018 64 424 60 342 104 265 66 112 69 806 110 519 64 67994
internal_value=5.1818e-05 5.90812e-05 4.37146e-05 -0.00207635 -0.00439922 -0.00723214 -0.0010166 -0.0117797 -0.0163115 7.8231e-05 0.00257019 0.00202886 -0.00892857 5.46818e-05
internal_weight=101017 100953 100529 1601 1022 550 472 285 173 98928 916 579 130 98012
internal_count=101017 100953 100529 1601 1022 550 472 285 173 98928 916 579 130 98012
is_linear=0
shrinkage=0.05


Tree=361
num_leaves=15
num_cat=0
split_feature=36 13 33 57 26 22 12 16 16 55 47 16 56 23
split_gain=2.55461 4.04995 5.31192 3.51034 4.01669 7.34987 3.30958 5.2006 4.00324 3.5632 9.94178 6.19775 5.68093 4.55797
threshold=30.94999980926514 66.099998474121108 10.449999809265138 25.550000190734867 0.99066370725631725 883.50000000000011 77.560417175292983 53.95000076293946 46.95000076293946 5.5000000000000009 3.6255434751510625 21.94999980926514 41.350000381469734 0.53499999642372142
decision_type=2 2 2 2 2 2 2 2 2 2 2 2 2 2
left_child=3 6 -3 4 -1 -6 9 8 -8 -2 -11 -12 13 -13
right_child=1 2 -4 -5 5 -7 7 -9 -10 10 11 12 -14 -15
leaf_value=-0.0016089555360468276 0.0005507224418484488 0.0029781348763502132 -0.0093115873347547323 -3.570240945720663e-05 3.6387197212463125e-05 -0.011937785858689671 4.8824248987039759e-05 0.0050813842404615287 -0.011843083927659995 -0.0040687996982640131 0.0037228859172791953 -0.0052362324196482636 0.00036427542145963505 -0.00047003430129676941
leaf_weight=2713 16270 2880 154 76107 135 98 51 114 92 234 788 437 979 360
leaf_count=2713 16270 2880 154 76107 135 98 51 114 92 234 788 437 979 360
internal_value=2.42553e-05 0.000495999 0.0021912 -0.000109217 -0.00179973 -0.00796296 0.00022886 -0.00529963 -0.0113399 0.000306112 -0.00133903 -0.00041958 -0.00205487 -0.00516109
internal_weight=101412 22359 3034 79053 2946 233 19325 257 143 19068 2798 2564 1776 797
internal_count=101412 22359 3034 79053 2946 233 19325 257 143 19068 2798 2564 1776 797
is_linear=0
shrinkage=0.05


Tree=362
num_leaves=15
num_cat=0
split_feature=0 53 14 44 4 38 55 51 52 15 15 56 56 16
split_gain=2.64398 4.09234 4.41294 4.04089 4.8823 4.02458 4.05032 4.36022 6.04237 4.4552 3.71425 4.28979 3.17477 4.57302
threshold=37.549999237060554 -0.68432605266571034 23.949135780334476 -1.2880276441574094 26.550000190734867 10.050000190734865 1.5000000000000002 -0.12940952181816107 0.5986820161342622 44.549999237060554 28.44999980926514 20.650000572204593 54.149999618530281 25.750000000000004
decision_type=2 2 2 2 2 2 2 2 2 2 2 2 2 2
left_child=1 5 3 4 -3 6 7 8 9 -1 11 -7 -2 -14
right_child=12 2 -4 -5 -6 10 -8 -9 -10 -11 -12 -13 13 -15
leaf_value=-0.0099607773128774606 -0.00046170234267054963 0.00076248197553062218 0.0050994292571794504 0.00048722348197556347 -0.0018789834180992114 0.00045574326383042386 0.0013233022261891442 0.00021456704359346757 0.0094302517047494434 -0.0037916715552600276 0.0028697217589756865 -0.0064502951976096491 -0.0012088411741645038 0.00027075758935713552
leaf_weight=67 27057 2098 1633 9403 4988 97 516 199 59 76 6729 52 3727 44559
leaf_count=67 27057 2098 1633 9403 4988 97 516 199 59 76 6729 52 3727 44559
internal_value=7.10973e-05 0.000506615 9.43086e-05 -0.000151827 -0.00105271 0.00146381 -0.0016343 -0.00534063 -0.0103302 -0.0155882 0.00187863 -0.00569182 -7.87624e-05 0.000164196
internal_weight=101260 25917 18122 16489 7086 7795 917 401 202 143 6878 149 75343 48286
internal_count=101260 25917 18122 16489 7086 7795 917 401 202 143 6878 149 75343 48286
is_linear=0
shrinkage=0.05


Tree=363
num_leaves=15
num_cat=0
split_feature=1 40 40 56 43 2 12 53 30 29 22 54 0 43
split_gain=3.00124 4.30071 3.28229 3.03555 3.27031 3.08935 3.31343 4.27874 2.52209 2.50074 3.09812 5.58583 3.08101 2.45837
threshold=185.55000305175784 985.85000610351574 994.95001220703136 190.69999694824222 62.500000000000007 183.25000000000003 183.12638854980472 0.98630350828170787 25.02689361572266 3.6499999761581425 4728.5000000000009 8.5000000000000018 186.05000305175784 25.02689361572266
decision_type=2 2 2 2 10 2 2 2 8 2 2 2 2 8
left_child=2 -2 8 4 5 -3 -7 -8 -1 10 12 -12 -10 -11
right_child=1 3 -4 -5 -6 6 7 -9 9 13 11 -13 -14 -15
leaf_value=0.00090728737095665797 -0.0043948670523231608 -0.0041806631227359458 0.0026423815455133052 0.00015328178774622078 -0.00015059870669416935 -0.0012635706216082316 0.0015493618167939315 -0.0054265799205495307 -0.00045117411125596049 0.0014481977754121612 -0.012690058819979356 0.0016288274164031197 -0.0089308338088600336 1.8290369401326645e-05
leaf_weight=8171 85 119 1579 2084 789 552 54 89 13524 5186 52 70 58 68695
leaf_count=8171 85 119 1579 2084 789 552 54 89 13524 5186 52 70 58 68695
internal_value=4.92995e-05 -0.00133263 0.000102984 -0.00105897 -0.00268754 -0.00489078 -0.00351064 -0.0100327 6.55767e-05 -1.2843e-05 -0.00063293 -0.00825758 -0.000558417 0.000102245
internal_weight=101107 3772 97335 3687 1603 814 695 143 95756 87585 13704 122 13582 73881
internal_count=101107 3772 97335 3687 1603 814 695 143 95756 87585 13704 122 13582 73881
is_linear=0
shrinkage=0.05


Tree=364
num_leaves=15
num_cat=0
split_feature=49 36 26 54 47 45 8 38 23 13 45 38 51 38
split_gain=2.28438 3.67155 3.683 3.16854 3.29468 4.49753 4.38684 6.69373 9.30538 6.60936 3.83001 4.72958 3.06709 6.04256
threshold=31.875000000000004 15.650000095367433 0.65106356143951427 7.5000000000000009 6.8355042934417733 -0.37603493034839625 122.70000076293947 11.449999809265138 0.32500000298023229 95.395832061767592 1.0428436398506167 25.150000572204593 -0.6035533845424651 19.94999980926514
decision_type=10 2 2 2 2 2 2 2 2 2 2 2 2 2
left_child=-1 -2 -3 -4 6 -6 -5 -8 9 -9 11 -7 13 -12
right_child=1 2 3 4 5 10 7 8 -10 -11 12 -13 -14 -15
leaf_value=-8.7725945681957159e-05 0.0019727381342984659 0.0012287216314469582 0.00050797487194340063 0.00046778992575693604 -6.6221881549521466e-05 -0.005405699526109615 0.0013608996816704072 -0.0039901872224213332 -0.0022829662070864482 -0.013660854849895583 0.0018602607485058314 0.0027966756894286333 3.1852814764306207e-05 -0.0050920567858916237
leaf_weight=67823 2592 9437 10487 5899 1602 239 592 66 612 99 276 64 655 587
leaf_count=67823 2592 9437 10487 5899 1602 239 592 66 612 99 276 64 655 587
internal_value=7.07642e-05 0.000410483 0.000257143 -0.000109024 -0.000714419 -0.00199097 -0.000111294 -0.00265047 -0.00567344 -0.0158571 -0.00368378 -0.00873802 -0.00262435 -0.00456472
internal_weight=101030 33207 30615 21178 10691 3423 7268 1369 777 165 1821 303 1518 863
internal_count=101030 33207 30615 21178 10691 3423 7268 1369 777 165 1821 303 1518 863
is_linear=0
shrinkage=0.05


Tree=365
num_leaves=15
num_cat=0
split_feature=38 0 17 36 2 51 32 52 40 14 57 13 30 5
split_gain=2.40837 2.37669 2.82661 2.73505 3.90595 4.9013 5.17821 3.87716 6.18049 3.88396 3.8609 4.51544 5.48554 3.51123
threshold=26.849999427795414 17.650000572204593 -0.25000000745058054 14.449999809265138 141.80000305175784 1.0000000180025095e-35 -1.8468395471572874 -0.49813632667064661 990.25000000000011 45.026554107666023 140.59999847412112 154.54702758789065 947.50000000000011 82.099998474121108
decision_type=2 2 2 2 2 2 2 2 2 2 2 2 8 2
left_child=1 2 -1 4 5 -3 13 8 -6 -10 11 -5 -13 -7
right_child=-2 3 -4 10 7 6 -8 -9 9 -11 -12 12 -14 -15
leaf_value=0.0031500246757088105 0.0021126997373695964 0.0030858334428819868 -0.0021444244374005474 -0.00015921079718072002 0.0013523170150178186 0.00033313234935301953 0.0022499143029115864 -0.00014517418620845098 -0.0024650212374374481 -0.0083436690688864536 0.002040087557782747 -0.0026992684807509589 -0.0076855447235549728 -0.0018189441199185391
leaf_weight=2515 1599 3475 399 77000 170 2804 3121 5673 94 56 1884 673 52 1606
leaf_count=2515 1599 3475 399 77000 170 2804 3121 5673 94 56 1884 673 52 1606
internal_value=3.5647e-05 4.62182e-06 0.00140903 -3.7881e-05 0.000537657 0.00109659 0.000378597 -0.000488922 -0.00575758 -0.0128125 -0.000160828 -0.000215154 -0.00411565 -0.000723982
internal_weight=101121 99522 2914 96608 16999 11006 7531 5993 320 150 79609 77725 725 4410
internal_count=101121 99522 2914 96608 16999 11006 7531 5993 320 150 79609 77725 725 4410
is_linear=0
shrinkage=0.05


Tree=366
num_leaves=15
num_cat=0
split_feature=38 28 50 50 51 51 40 47 7 53 40 8 9 49
split_gain=2.40932 2.79464 3.84618 3.63829 8.03665 6.64369 6.43582 5.02431 5.14137 4.70992 4.42384 4.14328 4.12436 3.89688
threshold=26.849999427795414 56.500000000000007 -0.91597560048103321 0.60355338454246532 0.12940952181816107 1.0000000180025095e-35 977.35000610351574 14.097727298736574 60.199998855590827 -0.63257205486297596 976.14999389648449 32.45000076293946 42.899999618530281 42.500000000000007
decision_type=2 2 2 2 2 2 2 2 2 2 2 2 2 10
left_child=1 2 -1 4 -3 6 11 -6 13 -7 -11 12 -5 -9
right_child=-2 3 -4 5 7 9 -8 8 -10 10 -12 -13 -14 -15
leaf_value=-0.0016296991039130493 0.0023287244767817637 -0.00054211863490912892 0.00053693610606991751 -0.003004339050513961 0.00071021734532846327 0.00019077291085031143 0.0011370796558129558 -0.005975029408485235 0.0004192588045173201 -0.0093187045715770675 -0.0016628790009267152 -0.0025367244829442377 -0.0091511320579906411 0.0028630492429809035
leaf_weight=2918 1585 23029 31317 97 25799 2595 5201 158 258 202 7162 852 106 51
leaf_count=2918 1585 23029 31317 97 25799 2595 5201 158 258 202 7162 852 106 51
internal_value=6.26605e-05 3.18282e-05 0.000397868 -0.000159493 5.42543e-05 -0.000808937 0.000467603 0.000651926 -0.00443396 -0.00161049 -0.00225522 -0.00307512 -0.00931925 -0.0100685
internal_weight=101330 99745 34235 65510 49295 16215 6256 26266 467 9959 7364 1055 203 209
internal_count=101330 99745 34235 65510 49295 16215 6256 26266 467 9959 7364 1055 203 209
is_linear=0
shrinkage=0.05


Tree=367
num_leaves=15
num_cat=0
split_feature=48 37 8 0 52 23 30 47 20 12 37 52 17 52
split_gain=2.20405 4.12765 4.29698 4.25452 3.69957 4.92142 4.01195 3.5591 3.54889 3.29112 3.38242 3.48522 3.22572 3.57456
threshold=5.2500000000000009 36.500000000000007 34.649999618530281 29.44999980926514 0.90892735123634349 0.40500000119209295 82.500000000000014 9.1255435943603533 1.0000000180025095e-35 38.829860687255866 20.500000000000004 0.71503382921218883 -69.700000762939439 0.95752912759780895
decision_type=2 2 2 2 2 2 8 2 2 2 2 2 2 2
left_child=1 2 12 7 9 6 -6 8 -3 -4 11 -11 -1 -14
right_child=-2 3 4 -5 5 -7 -8 -9 -10 10 -12 -13 13 -15
leaf_value=-0.015744843844812974 0.00055510285079245507 -0.0034448734279147897 0.00098551887490786762 -3.9450888064880744e-05 0.00036944977006101413 0.00069923610633240967 -0.0067154910421621172 -0.00020662035953226293 0.0029889237451346802 -0.0051800661446781771 -0.001299034643253713 0.0024912093122157423 0.0011795974129150755 -0.0020486018274156448
leaf_weight=56 15329 115 865 68159 127 254 420 3223 6326 179 1940 66 2906 1000
leaf_count=56 15329 115 865 68159 127 254 420 3223 6326 179 1940 66 2906 1000
internal_value=8.98739e-05 -8.99031e-06 -0.0011038 0.00010105 -0.00229086 -0.00529593 -0.00792639 0.00108228 0.00176019 -0.00148693 -0.00251708 -0.00794118 5.28703e-05 0.000237487
internal_weight=100965 85636 7813 77823 3851 801 547 9664 6441 3050 2185 245 3962 3906
internal_count=100965 85636 7813 77823 3851 801 547 9664 6441 3050 2185 245 3962 3906
is_linear=0
shrinkage=0.05


Tree=368
num_leaves=15
num_cat=0
split_feature=57 6 52 56 40 3 46 52 13 56 18 15 43 43
split_gain=3.05542 3.52746 4.82425 3.99948 3.30447 2.96798 2.99375 5.23521 3.43456 6.65737 2.84 4.33103 4.24351 3.36426
threshold=91.883335113525405 107.00000000000001 0.81428062915802013 102.09999847412111 987.14999389648449 234.44999694824222 0.15000000223517421 -0.98214942216873158 101.57083129882814 130.1499938964844 1.4499999880790713 143.19999694824222 497.50000000000006 47.500000000000007
decision_type=2 2 2 2 2 2 2 2 2 2 2 2 10 10
left_child=-1 5 10 -4 -5 6 -2 -8 -9 -10 12 -12 -3 -13
right_child=1 2 3 4 -6 -7 7 8 9 -11 11 13 -14 -15
leaf_value=-7.1912441454777856e-05 0.0021033789256002166 0.00088135490612419065 0.0018594753211844722 -0.0010352654845612668 -0.0090127339862822679 -0.0055526077361813253 -0.010968920736225969 0.0014271863817099586 -0.0053347614569596883 0.0024449399716489936 -0.0063699316930093735 -0.0011773087575565116 -0.0025661567553133913 0.00091763273817762638
leaf_weight=79137 7501 7691 92 61 75 69 78 741 182 180 186 3087 460 1785
leaf_count=79137 7501 7691 92 61 75 69 78 741 182 180 186 3087 460 1785
internal_value=7.12984e-05 0.000589693 8.06873e-05 -0.00697479 -0.0121233 0.00137028 0.00145651 -0.000877414 5.84009e-05 -0.00387097 0.000207656 -0.000722178 0.00078483 -0.000428103
internal_weight=101325 22188 13437 228 136 8751 8682 1181 1103 362 13209 5058 8151 4872
internal_count=101325 22188 13437 228 136 8751 8682 1181 1103 362 13209 5058 8151 4872
is_linear=0
shrinkage=0.05


Tree=369
num_leaves=15
num_cat=0
split_feature=36 37 40 6 57 37 47 51 26 56 51 44 47 30
split_gain=2.45886 6.28364 4.42395 5.21787 5.66353 5.57785 5.64914 5.15992 4.94445 4.40761 4.32334 5.40942 4.5577 4.2044
threshold=29.550000190734867 16.500000000000004 980.25000000000011 63.449998855590827 85.950000762939467 39.500000000000007 5.3787593841552743 -0.7865660786628722 0.89964535832405101 31.050000190734867 -0.6035533845424651 -16.970002174377438 10.445227146148683 32.500000000000007
decision_type=2 2 2 2 2 2 2 2 2 2 2 2 2 10
left_child=1 -1 10 5 7 -4 9 -5 -9 -7 11 -3 -13 -10
right_child=-2 2 3 4 -6 6 -8 8 13 -11 -12 12 -14 -15
leaf_value=-0.010548285664964385 0.00039958259901347337 -0.01374351013587162 -0.0013568046317414964 0.00050848440168246942 0.00012995091392915649 -0.0018101929230711147 0.00033515453758561101 -0.00086828570205869449 -0.00047336086838314337 0.0039693438924728597 -0.00066742714713032491 -0.0043826549011365566 0.0025105042519463763 -0.0038046522642486897
leaf_weight=80 28818 55 2791 2606 20536 629 16034 5202 783 5401 15967 641 238 1621
leaf_count=80 28818 55 2791 2606 20536 629 16034 5202 783 5401 15967 641 238 1621
internal_value=2.52437e-05 -0.0001299 -0.000113495 0.000101865 -0.000333572 0.000640459 0.00090695 -0.00129525 -0.00195247 0.00221027 -0.000821654 -0.00411017 -0.00304274 -0.00382353
internal_weight=101402 72584 72504 55603 30748 24855 22064 10212 7606 6030 16901 934 879 2404
internal_count=101402 72584 72504 55603 30748 24855 22064 10212 7606 6030 16901 934 879 2404
is_linear=0
shrinkage=0.05


Tree=370
num_leaves=15
num_cat=0
split_feature=48 51 23 9 50 48 51 52 23 47 28 34 2 18
split_gain=2.74825 3.97817 4.9269 3.99597 3.51731 3.4036 6.82006 3.16356 3.02191 3.58975 2.94327 5.01551 6.09053 6.71692
threshold=5.1499998569488534 1.0000000180025095e-35 0.21499999612569812 37.899999618530281 -0.91597560048103321 3.3500000238418584 1.0000000180025095e-35 0.89017060399055492 0.2650000005960465 4.7155869007110605 54.500000000000007 2.7500000000000004 58.95000076293946 -5.6499998569488517
decision_type=2 2 2 2 2 2 2 2 2 2 2 2 2 2
left_child=5 2 3 4 7 8 -7 -2 9 -1 -4 -12 13 -13
right_child=1 -3 10 -5 -6 6 -8 -9 -10 -11 11 12 -14 -15
leaf_value=0.0037019594712582081 -0.003707789489580446 0.003021582470649846 0.0024547435926453136 -0.0008576394029975315 -0.0010817026795379412 -0.0017229474882287992 0.00044167609940686951 -0.020770054762124894 -6.6822174217085994e-05 0.00031037294370541297 0.00053899226053391645 -0.00019442585809247083 -0.0011120502391494325 -0.01153668801069923
leaf_weight=2395 62 2949 2404 1401 259 5537 4526 95 65955 7012 8410 50 216 58
leaf_count=2395 62 2949 2404 1401 259 5537 4526 95 65955 7012 8410 50 216 58
internal_value=3.89289e-05 0.000642202 0.000264173 -0.00214286 -0.00638498 -7.34475e-05 -0.000936662 -0.0120659 4.19256e-05 0.000879792 0.000658414 0.000231016 -0.00577844 -0.0149153
internal_weight=101329 15904 12955 1817 416 85425 10063 157 75362 9407 11138 8734 324 108
internal_count=101329 15904 12955 1817 416 85425 10063 157 75362 9407 11138 8734 324 108
is_linear=0
shrinkage=0.05


Tree=371
num_leaves=15
num_cat=0
split_feature=21 1 53 13 14 18 15 13 25 15 15 40 23 37
split_gain=2.35284 2.69126 2.54311 2.32011 4.55049 5.91535 5.07932 3.83923 4.25295 3.72535 6.0206 5.33221 5.33019 3.62998
threshold=236.50000000000003 160.90000152587893 0.99981042742729198 42.524106979370124 4.6377301216125497 2.2500000000000004 57.350000381469734 56.34553527832032 11.34999990463257 102.29999923706056 100.50000000000001 982.95001220703136 0.24499999731779101 43.500000000000007
decision_type=2 2 2 2 2 2 2 2 2 2 2 2 2 2
left_child=2 -2 3 9 5 7 -6 13 -9 10 -1 12 -12 -5
right_child=1 -3 -4 4 6 -7 -8 8 -10 -11 11 -13 -14 -15
leaf_value=-0.00030653782914126781 -0.0014853681957020164 -0.0045694805654165616 0.0039442117493723805 -0.0057514527269002958 0.0016141610244373176 0.0026725738313902372 0.00012305094300874949 -0.0070705779283307905 -0.00021622937754821249 0.0090213667284996177 -0.017258837646010536 -0.00019433367973804925 -0.008958219386946813 -0.00010920941988853731
leaf_weight=21030 1049 76 609 165 7310 474 68765 224 106 490 50 148 92 543
leaf_count=21030 1049 76 609 165 7310 474 68765 224 106 490 50 148 92 543
internal_value=8.3102e-05 -0.00218062 0.000108783 8.88772e-05 0.000216954 -0.00249014 0.000271079 -0.00458969 -0.00897059 -0.000366636 -0.000466479 -0.0075 -0.0140789 -0.00245125
internal_weight=101131 1125 100006 99397 77587 1512 76075 1038 330 21810 21320 290 142 708
internal_count=101131 1125 100006 99397 77587 1512 76075 1038 330 21810 21320 290 142 708
is_linear=0
shrinkage=0.05


Tree=372
num_leaves=15
num_cat=0
split_feature=49 56 0 43 51 48 13 8 14 48 28 48 20 11
split_gain=2.61322 3.45332 3.03739 3.62731 4.39129 7.08624 6.17269 5.71985 4.10157 4.09768 3.65241 6.50006 4.70608 3.88709
threshold=31.875000000000004 156.25000000000003 161.85000610351565 232.50000000000003 -0.37940952181816096 -1.0000000180025095e-35 50.578273773193366 48.149999618530281 4.1033339500427255 4.7500000000000009 56.500000000000007 -1.0000000180025095e-35 8.9499998092651385 83.268749237060561
decision_type=10 2 2 10 2 2 2 2 2 2 2 2 2 2
left_child=2 -2 3 4 5 -1 8 -8 9 -7 11 -5 -13 -12
right_child=1 -3 -4 10 -6 6 7 -9 -10 -11 13 12 -14 -15
leaf_value=0.0027852929971103157 0.00027034786053685813 0.0029659566884218352 -0.0010952717816321072 0.00060449740387503613 -5.3128570219325869e-05 -0.0033172737808642482 -0.0069329233247375889 -0.0016278026159646892 0.0013157683064510168 0.00050198374311582594 -0.0015393882039255867 -0.0044347938589958556 0.00031424415628473031 -0.0050022635703629165
leaf_weight=5436 32328 1037 4263 5539 43856 97 142 759 1857 84 4292 583 467 491
leaf_count=5436 32328 1037 4263 5539 43856 97 142 759 1857 84 4292 583 467 491
internal_value=4.4498e-05 0.000406742 -0.000133626 -4.69242e-05 0.000129305 0.0011777 -0.000798576 -0.00422064 0.000727539 -0.00625654 -0.000855737 -9.16804e-05 -0.00367925 -0.0019059
internal_weight=101231 33365 67866 63603 52231 8375 2939 901 2038 181 11372 6589 1050 4783
internal_count=101231 33365 67866 63603 52231 8375 2939 901 2038 181 11372 6589 1050 4783
is_linear=0
shrinkage=0.05


Tree=373
num_leaves=15
num_cat=0
split_feature=57 1 57 6 43 31 52 15 30 45 56 2 14 31
split_gain=2.81068 3.30675 3.53102 3.38857 3.4201 3.37877 3.23747 3.4633 3.34305 6.16539 3.70636 3.43947 3.21971 4.43039
threshold=209.20000457763675 182.75000000000003 132.58333587646487 108.40000152587892 52.500000000000007 -5.7410902976989737 0.77244481444358837 222.35000610351565 1522.5000000000002 -0.70641773939132679 164.59999847412112 192.55000305175784 38.094404220581062 3.034793615341187
decision_type=2 2 2 2 10 2 2 2 8 2 2 2 2 2
left_child=1 2 -1 -3 12 -6 7 -4 11 -10 -11 -9 -5 -14
right_child=-2 3 6 4 5 -7 -8 8 9 10 -12 -13 13 -15
leaf_value=2.3340945560887093e-06 0.0014936496435548653 0.0031331213149555096 0.001932518451103496 0.00087980057293867526 -0.006051005999592983 0.00047013260982455658 -0.0038250615689879386 0.0011614472166299591 0.00060628586839812058 -0.0048945200504687458 -0.0012241680420529404 -0.0051846614550191579 -0.0022119753274905526 -0.0049739883625526827
leaf_weight=89963 1765 274 4757 324 80 1089 64 1148 195 69 62 97 997 174
leaf_count=89963 1765 274 4757 324 80 1089 64 1148 195 69 62 97 997 174
internal_value=7.0151e-05 3.48934e-05 8.53528e-05 -0.00161465 -0.00216156 -0.000131467 0.00121993 0.00133954 -0.000692599 -0.00511905 -0.0130851 0.000498008 -0.00373754 -0.0049492
internal_weight=101058 99293 96355 2938 2664 1169 6392 6328 1571 326 131 1245 1495 1171
internal_count=101058 99293 96355 2938 2664 1169 6392 6328 1571 326 131 1245 1495 1171
is_linear=0
shrinkage=0.05


Tree=374
num_leaves=15
num_cat=0
split_feature=45 13 21 26 19 56 29 36 4 37 23 17 52 53
split_gain=2.70444 2.60146 2.44065 2.44793 2.32293 3.28111 3.07421 2.83382 2.64899 2.43663 2.25125 2.2168 2.46389 3.97973
threshold=5.1857576370239267 186.60624694824222 236.50000000000003 0.8825223743915559 21.750000000000004 18.050000190734867 15.449999809265138 22.550000190734867 24.150000572204593 9.5000000000000018 0.60500001907348644 -19.55000019073486 -0.31799228489398951 -0.60555642843246449
decision_type=2 2 2 2 2 2 2 2 2 2 2 2 2 2
left_child=2 11 4 -4 6 7 -1 -6 10 -7 -9 -2 13 -13
right_child=1 -3 3 -5 5 9 -8 8 -10 -11 -12 12 -14 -15
leaf_value=0.0026890305585966757 0.0034646044138656063 -0.0028073085226361558 -0.0028073415228306369 0.0037773539548938712 0.0052367064356432149 -0.002485356693296437 -0.0080941911436498305 -0.00064830590019153238 -0.0054546113244164814 4.4721472160047281e-05 -0.0081781617565025947 -0.0024668500151996224 0.0017633883531693363 0.0010160500821110247
leaf_weight=1866 1949 94 856 166 191 60 60 1108 397 85993 92 1407 4886 2099
leaf_count=1866 1949 94 856 166 191 60 60 1108 397 85993 92 1407 4886 2099
internal_value=9.2558e-05 0.000854476 4.90112e-06 -0.00241279 3.26923e-05 -5.06521e-06 0.00174587 -0.00211902 -0.00280958 3.90994e-05 -0.00161157 0.00093276 0.000578434 -0.000432309
internal_weight=101224 10435 90789 1022 89767 87841 1926 1788 1597 86053 1200 10341 8392 3506
internal_count=101224 10435 90789 1022 89767 87841 1926 1788 1597 86053 1200 10341 8392 3506
is_linear=0
shrinkage=0.05


Tree=375
num_leaves=15
num_cat=0
split_feature=22 34 51 16 6 53 30 47 46 43 53 4 16 53
split_gain=2.51613 3.79439 3.35622 3.61972 3.26004 4.04212 3.24316 3.20003 3.49851 10.7906 11.4646 4.54333 4.55528 4.084
threshold=2186.5000000000005 3.2500000000000004 -0.6035533845424651 100.60000228881837 105.79999923706056 0.92843842506408703 32.500000000000007 7.2730305194854745 1.0000000180025095e-35 52.500000000000007 0.8277757763862611 186.05000305175784 57.649999618530281 0.94636487960815441
decision_type=2 2 2 2 2 2 8 2 2 10 2 2 2 2
left_child=6 2 -2 4 5 -4 -1 8 11 10 -10 -6 -13 -14
right_child=1 -3 3 -5 7 -7 -8 -9 9 -11 -12 12 13 -15
leaf_value=0.001371645281944217 0.00056385802426012687 -0.0035427462038388185 -0.00080149934376423724 0.0008256397811303829 -0.00024009917349963685 0.0023395604319811194 5.9853354504908655e-05 -0.0033114143153677475 0.0016569884044045234 0.00013486132957462414 -0.013965744625207966 -0.004986902228939518 -0.0040167648651192678 -0.00069460527556327212
leaf_weight=5190 5301 399 4731 1870 3386 870 77502 649 63 287 95 77 248 649
leaf_count=5190 5301 399 4731 1870 3386 870 77502 649 63 287 95 77 248 649
internal_value=1.90968e-05 -0.000505769 -0.000398662 -0.000833011 -0.00117713 -0.000328818 0.000137361 -0.00204612 -0.00159398 -0.00576923 -0.0158333 -0.00115561 -0.00414634 -0.00304851
internal_weight=101317 18625 18226 12925 11055 5601 82692 5454 4805 445 158 4360 974 897
internal_count=101317 18625 18226 12925 11055 5601 82692 5454 4805 445 158 4360 974 897
is_linear=0
shrinkage=0.05


Tree=376
num_leaves=15
num_cat=0
split_feature=57 0 14 6 0 38 14 52 17 13 31 0 9 15
split_gain=2.13848 3.09257 2.84345 2.28236 2.05383 4.17446 3.72179 2.77889 2.67448 3.54438 5.15029 3.55037 4.34167 3.08925
threshold=209.20000457763675 222.85000610351565 73.10135650634767 278.00000000000006 37.549999237060554 24.849999427795414 24.437663078308109 -0.56368473172187794 15.84999990463257 28.995833396911625 -0.70697447657585133 204.19999694824222 176.75000000000003 204.19999694824222
decision_type=2 2 2 2 2 2 2 2 2 2 2 2 2 2
left_child=1 3 -3 4 5 6 -1 -7 9 10 -6 -11 -13 -10
right_child=-2 2 -4 -5 8 7 -8 -9 13 11 -12 12 -14 -15
leaf_value=2.1682141752186083e-05 0.0013244750230164339 -0.0010982847259821905 -0.0037422897281929541 -0.0032753764632596815 0.0039980669596948529 0.00069623921543910739 0.0046779515153422746 0.0060914044093005612 0.00021993928246985371 -0.00016423869765904475 -0.0076303746654278306 -0.0072183458284418066 0.00064957827686354451 0.0022989196697470642
leaf_weight=20687 1765 1124 85 96 96 1752 1844 1667 20713 50039 144 85 62 1513
leaf_count=20687 1765 1124 85 96 96 1752 1844 1667 20713 50039 144 85 62 1513
internal_value=6.84489e-05 3.78816e-05 -0.00246514 6.87889e-05 7.66643e-05 0.000458398 0.000210949 0.0020837 -5.97284e-05 -0.000261123 -0.0062 -0.000231492 -0.00773885 0.000397104
internal_weight=101672 99907 1209 98698 98602 25950 22531 3419 72652 50426 240 50186 147 22226
internal_count=101672 99907 1209 98698 98602 25950 22531 3419 72652 50426 240 50186 147 22226
is_linear=0
shrinkage=0.05


Tree=377
num_leaves=15
num_cat=0
split_feature=43 49 0 57 26 47 43 47 7 11 57 52 13 16
split_gain=2.11075 2.27989 3.13962 5.36215 3.86962 5.71291 3.8357 4.36283 3.73578 3.583 4.84119 4.05743 5.23334 3.9283
threshold=12.500000000000002 17.500000000000004 62.050001144409187 62.483333587646491 0.70045948028564464 3.6651086807250981 142.50000000000003 5.0848076343536386 92.799999237060561 82.608333587646499 167.78333282470706 0.77244481444358837 67.070831298828139 122.70000076293947
decision_type=8 10 2 2 2 2 10 2 2 2 2 2 2 2
left_child=-1 2 6 8 9 -6 7 -2 -4 -5 11 13 -13 -11
right_child=1 -3 3 4 5 -7 -8 -9 -10 10 -12 12 -14 -15
leaf_value=0.0019824648745183425 0.0025410062513056388 0.00026579865686195635 -0.0020419532076843857 0.0015321277681435372 0.00031312276058278728 -0.0016999321326700931 -0.0006156752666661889 0.00011039039602108931 -0.007344836220809863 -0.000408047015981364 0.0022735179664246678 0.00035734715373634965 -0.0083687518328371038 -0.0019446100839065929
leaf_weight=1517 4826 36616 3408 4250 3099 3814 13015 21787 133 6190 1825 84 105 378
leaf_count=1517 4826 36616 3408 4250 3099 3814 13015 21787 133 6190 1825 84 105 378
internal_value=1.17262e-05 -1.65761e-05 -0.000199129 -0.00065977 -0.000337889 -0.00129063 7.16486e-05 0.000415618 -0.00244861 0.000175985 -0.000412011 -0.00102926 -0.00806533 -0.000814837
internal_weight=101047 99530 62914 23286 19745 6913 39628 26613 3541 12832 8582 6757 189 6568
internal_count=101047 99530 62914 23286 19745 6913 39628 26613 3541 12832 8582 6757 189 6568
is_linear=0
shrinkage=0.05


Tree=378
num_leaves=15
num_cat=0
split_feature=53 17 17 20 21 33 9 47 23 48 52 49 34 52
split_gain=2.79488 2.5494 3.65428 2.88109 3.67065 4.47212 3.73014 3.52337 3.24596 7.26316 3.38407 3.87783 3.06934 2.85435
threshold=0.9993295967578889 7.2500000000000009 64.149997711181655 33.549999237060554 79.500000000000014 23.050000190734867 70.200000762939467 5.8057188987731942 0.2650000005960465 0.45000000298023229 0.999393790960312 -997.49999999999989 6.7500000000000009 0.71503382921218883
decision_type=2 2 2 2 2 2 2 2 2 2 2 8 2 2
left_child=1 3 -3 4 13 8 7 -7 9 -6 12 -12 -10 -1
right_child=-2 2 -4 -5 5 6 -8 -9 10 -11 11 -13 -14 -15
leaf_value=0.0012774977428206863 0.001392713880242703 0.00063134880114494357 -0.00066937611979727622 -0.00064357785117448668 0.0033468577672927957 -0.0046341771219030855 -0.0060226431588821924 -0.00038435936002476138 -0.00020340688486314841 -0.003365870015111946 -0.0071870648133001607 -0.0011518875232303276 -0.0045944985799564386 -0.00033758647468642896
leaf_weight=9293 1141 30754 4310 18143 3118 136 51 384 29513 759 58 179 60 3574
leaf_count=9293 1141 30754 4310 18143 3118 136 51 384 29513 759 58 179 60 3574
internal_value=7.4052e-05 4.59431e-05 0.000389748 -0.000138791 6.73599e-05 -0.000203105 -0.0045525 -0.00311321 -0.000128053 0.00123103 -0.000305164 -0.0061336 -0.000256397 0.000787062
internal_weight=101473 100332 35064 65268 47125 34258 571 520 33687 3877 29810 237 29573 12867
internal_count=101473 100332 35064 65268 47125 34258 571 520 33687 3877 29810 237 29573 12867
is_linear=0
shrinkage=0.05


Tree=379
num_leaves=15
num_cat=0
split_feature=18 6 15 23 28 13 9 1 15 23 9 23 49 40
split_gain=2.28267 3.71072 4.53641 5.32862 6.15649 3.82374 3.71312 3.68469 4.89542 3.59208 3.74388 3.46762 3.22023 7.07133
threshold=-29.749999999999996 66.950000762939467 89.750000000000014 0.25499999523162847 81.500000000000014 62.261905670166023 94.40000152587892 83.700000762939467 87.40000152587892 1.485000014305115 44.049999237060554 1.3450000286102297 22.500000000000004 971.95001220703136
decision_type=2 2 2 2 2 2 2 2 2 2 2 2 10 2
left_child=-1 5 3 4 6 9 -3 -5 -9 -2 -11 12 13 -4
right_child=1 2 11 7 -6 -7 -8 8 -10 10 -12 -13 -14 -15
leaf_value=0.00057084279172890131 2.4355601219214739e-05 -0.0030773708013590575 -0.010321520522080605 -0.0007801069648404221 -0.010041802843118147 0.0011118815112205851 0.0022438845181882079 0.002439351632951101 -0.016879107828488515 -0.011305356114343676 -0.00085242813151124733 0.0014299172109215857 0.00026585570212352377 -0.00056025011865766256
leaf_weight=11209 47798 290 89 3226 93 13269 123 51 50 127 271 1557 9118 13912
leaf_count=11209 47798 290 89 3226 93 13269 123 51 50 127 271 1557 9118 13912
internal_value=6.24057e-05 -2.14481e-05 -0.000492829 -0.00209081 -0.00682171 0.000197235 -0.00398345 -0.00135301 -0.0103153 -9.74964e-06 -0.00468137 -0.000243863 -0.000397985 -0.000873956
internal_weight=101183 89974 28509 3833 506 61465 413 3327 101 48196 398 24676 23119 14001
internal_count=101183 89974 28509 3833 506 61465 413 3327 101 48196 398 24676 23119 14001
is_linear=0
shrinkage=0.05


Tree=380
num_leaves=15
num_cat=0
split_feature=56 19 51 23 51 36 40 4 50 47 36 41 36 40
split_gain=2.55504 3.95875 3.83483 5.05895 5.0277 3.28225 3.76918 3.08789 3.03014 2.79672 2.78528 2.92217 3.46858 4.13663
threshold=26.250000000000004 39.649999618530281 0.12940952181816107 0.044999999925494201 -0.37940952181816096 28.250000000000004 985.75000000000011 28.150000572204593 -0.7865660786628722 5.4535896778106698 19.94999980926514 40.500000000000007 36.750000000000007 982.45001220703136
decision_type=2 2 2 2 2 2 2 2 2 2 2 2 2 2
left_child=2 -2 4 -4 5 6 -1 -3 9 -8 -6 12 13 -12
right_child=1 7 3 -5 10 -7 8 -9 -10 -11 11 -13 -14 -15
leaf_value=-0.0047626323051263514 0.0018495830452926406 0.0018035114014161625 -0.0038901720116721501 0.001452077784148245 0.0019880979140621665 0.00032305864923394577 -0.0081718357372807717 -3.2982168177521629e-05 0.00081498132837858604 0.00038658631752583122 -0.0095147572544016235 -0.0018744568487185813 -0.0013182311572260625 -0.0017907877212361757
leaf_weight=813 5659 4284 50 2401 223 4096 70 81129 849 87 503 677 318 259
leaf_count=813 5659 4284 50 2401 223 4096 70 81129 849 87 503 677 318 259
internal_value=3.73666e-05 0.000121978 -0.000706836 0.00101788 -0.00124288 -0.000510548 -0.00227173 3.70511e-05 -0.000216535 -0.00637725 -0.00341709 -0.00408319 -0.00568807 -0.0075
internal_weight=101418 91072 10346 2451 7895 5915 1819 85413 1006 157 1980 1757 1080 762
internal_count=101418 91072 10346 2451 7895 5915 1819 85413 1006 157 1980 1757 1080 762
is_linear=0
shrinkage=0.05


Tree=381
num_leaves=15
num_cat=0
split_feature=53 38 46 49 53 49 0 14 47 46 46 8 14 38
split_gain=2.8144 2.30924 3.17905 2.38987 3.868 10.0834 2.75842 6.20687 4.65197 2.89626 4.71081 5.26279 2.93244 6.367
threshold=0.99958848953247081 26.849999427795414 26.349999427795414 17.500000000000004 0.9985530972480775 447.50000000000006 103.70000076293947 39.784385681152351 2.7689903974533085 0.75000000000000011 2.2500000000000004 89.500000000000014 30.01005840301514 22.849999427795414
decision_type=2 2 2 10 2 10 2 2 2 2 2 2 2 2
left_child=1 3 -3 6 -5 -6 7 8 -1 12 11 -11 -8 -14
right_child=-2 2 -4 4 5 -7 9 -9 -10 10 -12 -13 13 -15
leaf_value=0.0059010759069196023 0.0026538408586589358 0.0025420817855233003 -0.04297551754662543 0.00038904756214111621 0.00022450363628137061 -0.016203673730027578 0.00031594777938690903 0.00359733807725344 -0.00017853748927822188 -0.0021967899427768707 -0.00011734423324753288 -0.018306539199476921 -0.00083139976654423697 -0.0081414132308701113
leaf_weight=840 866 1581 54 35543 187 64 3031 2113 49730 128 254 80 6856 68
leaf_count=840 866 1581 54 35543 187 64 3031 2113 49730 128 254 80 6856 68
internal_value=6.63184e-05 4.17253e-05 0.0018997 1.08188e-05 0.000337113 -0.00572797 -0.000174299 -2.7233e-05 -0.000138394 -0.00091733 -0.00474576 -0.0101376 -0.000735073 -0.00130228
internal_weight=101395 100529 1635 98894 35794 251 63100 52683 50570 10417 462 208 9955 6924
internal_count=101395 100529 1635 98894 35794 251 63100 52683 50570 10417 462 208 9955 6924
is_linear=0
shrinkage=0.05


Tree=382
num_leaves=15
num_cat=0
split_feature=29 47 23 4 15 37 3 9 6 31 2 7 11 15
split_gain=2.09301 3.38132 3.77652 6.26754 4.68406 4.5113 4.15424 5.36595 5.50998 4.14806 4.03544 3.93101 4.01375 4.3441
threshold=7.8500001430511483 8.7275252342224139 0.46500000357627874 31.750000000000004 31.300000190734867 57.500000000000007 45.350000381469734 53.149999618530281 110.70000076293947 -5.4207179546356192 21.550000190734867 57.800001144409187 54.918748855590827 84.65000152587892
decision_type=2 2 2 2 2 2 2 2 2 2 2 2 2 2
left_child=-1 -2 3 -3 -4 -6 10 8 9 11 -7 -8 -13 -14
right_child=1 2 4 -5 5 6 7 -9 -10 -11 -12 12 13 -15
leaf_value=-5.1711549027286667e-05 0.0008830317435467778 0.0005400853438248393 -0.0044089373642096624 -0.0021774406486273364 0.0026204378532474295 -0.0052253949041371804 -0.002584614791386454 0.00045070112190322619 -0.0061502350312669209 0.0039374883769539596 0.0030537497234463199 -0.00013130074069107428 -0.011451782585138898 -0.004126242261368547
leaf_weight=67559 19831 2527 135 2866 2689 239 768 1971 118 269 2262 134 91 214
leaf_count=67559 19831 2527 135 2866 2689 239 768 1971 118 269 2262 134 91 214
internal_value=0.000100459 0.000419646 -0.000166865 -0.00120951 0.000466292 0.000613235 -0.000143186 -0.00123776 -0.00338529 -0.00250336 0.00141577 -0.00375103 -0.00747216 -0.0105556
internal_weight=101673 34114 14283 5393 8890 8755 6066 3565 1594 1476 2501 1207 439 305
internal_count=101673 34114 14283 5393 8890 8755 6066 3565 1594 1476 2501 1207 439 305
is_linear=0
shrinkage=0.05


Tree=383
num_leaves=15
num_cat=0
split_feature=27 16 30 21 16 40 29 38 40 29 36 2 16 12
split_gain=2.55856 2.36442 5.38902 6.74494 4.25883 5.72629 7.09544 9.82264 4.19686 4.15366 4.63825 4.82415 4.92216 4.5156
threshold=6.2500000000000009 64.40000152587892 207.50000000000003 119.50000000000001 68.349998474121108 991.45001220703136 5.4500000476837167 10.84999990463257 994.14999389648449 12.050000190734865 14.650000095367433 154.85000610351565 102.90000152587892 132.03194427490237
decision_type=2 2 8 2 2 2 2 2 2 2 2 2 2 2
left_child=-1 8 4 9 5 6 7 -3 -2 10 11 -4 -13 -12
right_child=1 2 3 -5 -6 -7 -8 -9 -10 -11 13 12 -14 -15
leaf_value=0.0019709142112559618 4.9019115838948825e-05 -0.0072864438002519481 -0.00033449695803993259 -0.00051000404029323055 0.00044279826842646129 0.0042520816804168795 -0.0007510238113584717 -0.0016065794266256477 0.0039043551193200157 0.0025171141017112744 -0.0062638295018790542 -0.0052233770457496146 -0.0015569747633203401 -0.010760616060400505
leaf_weight=1600 86419 127 418 2651 7125 202 468 158 1485 134 302 105 192 82
leaf_count=1600 86419 127 418 2651 7125 202 468 158 1485 134 302 105 192 82
internal_value=4.12899e-05 9.41167e-06 -0.000649741 -0.00217771 8.65268e-05 -0.00303109 -0.00502621 -0.0111017 9.9188e-05 -0.00521722 -0.00622633 -0.00375862 -0.00851791 -0.0106091
internal_weight=101468 99868 11964 3884 8080 955 753 285 87904 1233 1099 715 297 384
internal_count=101468 99868 11964 3884 8080 955 753 285 87904 1233 1099 715 297 384
is_linear=0
shrinkage=0.05


Tree=384
num_leaves=15
num_cat=0
split_feature=57 33 43 11 15 36 40 57 52 36 55 40 52 38
split_gain=3.09847 3.46197 6.28696 3.20876 6.56351 3.25754 5.5749 4.14766 5.57084 7.06226 3.59783 3.7156 3.70864 3.10341
threshold=91.883335113525405 14.150000095367433 597.50000000000011 101.96458435058595 132.94999694824222 25.349999427795414 983.64999389648449 67.416667938232436 -0.17647087574005124 21.849999427795414 2.5000000000000004 989.95001220703136 -0.43733984231948847 15.250000000000002
decision_type=2 2 8 2 2 2 2 2 2 2 2 2 2 2
left_child=3 13 -3 -1 -5 6 -6 8 9 10 -8 -12 -13 -2
right_child=1 2 -4 4 5 -7 7 -9 -10 -11 11 12 -14 -15
leaf_value=4.793417002953019e-06 0.00026085069349114415 0.0012752007772469135 -0.010305127880779343 -0.0081924076546281265 -0.0054074468090440772 0.0030222635042308249 -0.022024930598752546 5.4036750181588733e-05 0.00040652510454926554 -0.00069424128930142771 -0.011009113100120949 -0.0035537986230578821 0.0026136370613401203 0.0017640717338307549
leaf_weight=75334 17672 101 52 77 93 767 121 1554 409 242 55 50 96 4397
leaf_count=75334 17672 101 52 77 93 767 121 1554 409 242 55 50 96 4397
internal_value=8.41336e-05 0.000605434 -0.00665644 -6.29376e-05 -0.00154865 -0.00119664 -0.00203422 -0.00156287 -0.00410478 -0.00728223 -0.0120181 -0.00732227 -0.00269231 0.000658771
internal_weight=101020 22222 153 78798 3464 3387 2620 2527 973 564 322 201 146 22069
internal_count=101020 22222 153 78798 3464 3387 2620 2527 973 564 322 201 146 22069
is_linear=0
shrinkage=0.05


Tree=385
num_leaves=15
num_cat=0
split_feature=45 41 52 46 9 52 38 42 52 37 51 41 38 47
split_gain=2.1969 3.02057 3.73792 3.90555 5.13329 4.1558 3.62629 3.67254 3.45183 3.32141 3.02156 4.54514 3.15138 3.39879
threshold=5.0171687602996835 38.500000000000007 -0.30163703858852381 1.0000000180025095e-35 57.800001144409187 -0.79384350776672352 10.84999990463257 14.34999990463257 0.9470459818840028 84.500000000000014 -0.7865660786628722 94.500000000000014 24.44999980926514 7.9837718009948739
decision_type=2 2 2 2 2 2 2 2 2 2 2 2 2 2
left_child=-1 6 3 4 5 -3 7 -2 -9 -8 11 -5 -13 -14
right_child=1 2 -4 10 -6 -7 9 8 -10 -11 -12 12 13 -15
leaf_value=-5.3950220970776938e-05 -0.00040825578009423888 -0.024682024242914311 0.0010963508850003049 0.0011405042594747207 0.00023234088811070649 -0.0041266960758688138 0.002645461637189277 -0.0051880180723625699 0.00029650423169150773 -0.0013051318794173807 0.00042775805561974956 0.0012848846299299693 -0.0068421396055699246 -0.0080202430197674514
leaf_weight=89816 767 71 2487 218 118 89 5820 76 51 638 715 55 61 111
leaf_count=89816 767 71 2487 218 118 89 5820 76 51 638 715 55 61 111
internal_value=2.33922e-05 0.000680872 -0.000438373 -0.00245856 -0.00767361 -0.0132353 0.00127819 -0.00169248 -0.00923358 0.0016914 -0.00115385 -0.00434066 -0.00913502 -0.0123077
internal_weight=101093 11277 3925 1438 278 160 7352 894 127 6458 1160 445 227 172
internal_count=101093 11277 3925 1438 278 160 7352 894 127 6458 1160 445 227 172
is_linear=0
shrinkage=0.05


Tree=386
num_leaves=15
num_cat=0
split_feature=47 24 48 37 28 8 1 47 56 31 4 30 21 32
split_gain=2.641 3.24344 2.82632 4.15683 5.38889 8.32572 4.46884 4.35289 4.31433 4.27187 3.71788 3.62937 3.82289 3.60749
threshold=2.61213231086731 4.5000000000000009 5.0499999523162851 42.500000000000007 33.500000000000007 20.44999980926514 64.849998474121108 4.3510868549346933 68.799999237060561 -4.7123055458068839 78.799999237060561 257.50000000000006 29.500000000000004 3.1985763311386113
decision_type=2 2 2 2 2 2 2 2 2 2 2 10 2 2
left_child=1 -1 3 4 -2 9 7 -5 -8 -6 -10 -9 -13 -7
right_child=2 -3 -4 6 5 13 8 11 10 -11 -12 12 -14 -15
leaf_value=0.0023574704754429523 -5.8664957090997241e-05 -0.00046164011283101832 0.00043882978060177626 0.0022393735715068789 0.0030167071409836575 -0.0018732455520350086 -0.0018023375765859079 0.00058820259339395205 0.00095603014145654057 -0.006180178787548095 -0.00044998331409785487 -0.0049716596755306763 -0.00025728755022015295 0.0010459882910924447
leaf_weight=2070 5988 1161 16033 3963 70 4007 4601 18178 5720 275 18622 99 19749 844
leaf_count=2070 5988 1161 16033 3963 70 4007 4601 18178 5720 275 18622 99 19749 844
internal_value=-1.4301e-05 0.00139 -6.06667e-05 -0.000179237 -0.00107468 -0.00225125 -3.79181e-05 0.000291555 -0.000515836 -0.00964789 -0.000250082 0.000126985 -0.000340417 -0.00170644
internal_weight=101380 3231 98149 82116 11184 5196 70932 41989 28943 345 24342 38026 19848 4851
internal_count=101380 3231 98149 82116 11184 5196 70932 41989 28943 345 24342 38026 19848 4851
is_linear=0
shrinkage=0.05


Tree=387
num_leaves=15
num_cat=0
split_feature=26 47 53 48 43 52 51 12 6 17 21 7 17 55
split_gain=2.27611 4.72463 6.3746 5.19593 3.59081 3.73609 3.03622 2.96951 5.89948 3.11478 2.94561 2.83966 2.78601 2.65085
threshold=0.75405275821685802 6.5146427154541025 -0.64580103754997242 -7.1499998569488517 87.500000000000014 0.99053108692169201 0.37940952181816107 23.331944465637211 18.44999980926514 -3.9500000476837154 236.50000000000003 51.250000000000007 -45.54999923706054 2.5000000000000004
decision_type=2 2 2 2 10 2 2 2 2 2 2 2 2 2
left_child=10 3 6 -2 -4 7 11 8 -6 13 12 -3 -1 -9
right_child=1 2 4 -5 5 -7 -8 9 -10 -11 -12 -13 -14 -15
leaf_value=0.0017688401582690518 0.0032245125312171797 0.00148248819568345 -0.0048276281697894208 -0.0001790678780462155 0.0080067008864956307 0.0040507477643325976 0.0066982670765429672 -0.0031653357420056297 -0.013196267864616446 -0.00063076247236133645 -0.0022371925111673947 -0.0030896626946574036 0.00017096610902474221 -0.0014720986925932089
leaf_weight=3570 2288 518 768 20205 64 383 661 599 71 1571 889 484 68346 768
leaf_count=3570 2288 518 768 20205 64 383 661 599 71 1571 889 484 68346 768
internal_value=7.6832e-05 -0.000302923 -0.00156266 2.73299e-05 -0.00259329 -0.00189556 0.00105499 -0.00247648 -0.00948276 -0.00212347 0.000224885 -0.000681818 0.000260407 -0.00385984
internal_weight=101185 28380 5887 22493 4224 3456 1663 3073 135 2938 72805 1002 71916 1367
internal_count=101185 28380 5887 22493 4224 3456 1663 3073 135 2938 72805 1002 71916 1367
is_linear=0
shrinkage=0.05


Tree=388
num_leaves=15
num_cat=0
split_feature=34 24 50 32 40 8 32 38 24 47 12 31 53 44
split_gain=2.35683 2.38756 2.2885 3.66487 3.69406 3.94118 3.32047 3.11753 6.13801 6.84353 6.59259 5.8467 5.2457 4.80371
threshold=6.3500001430511483 21.500000000000004 0.91597560048103344 -0.68088150024414051 991.14999389648449 149.69999694824222 1.4225158691406252 15.050000190734865 4.5000000000000009 12.170294284820558 96.506942749023452 4.9016101360321054 0.71952396631240856 1.0785733461380007
decision_type=2 2 2 2 2 2 2 2 2 2 2 2 2 2
left_child=2 -2 3 7 5 -5 -4 8 9 11 -10 13 -9 -1
right_child=1 -3 6 4 -6 -7 -8 12 10 -11 -12 -13 -14 -15
leaf_value=0.0010288999335839042 0.0043362937761050714 -0.0036536168470110222 -2.0085942874341115e-05 0.00038670691708246217 0.0018167718901358895 -0.0014658876619481039 -0.0021770651619449481 0.00037230957680824974 -0.00056549481971408214 -0.012338215762209871 -0.0024534748971330646 0.0022259869899459053 -0.0065763666386884252 -0.001218783040633902
leaf_weight=3598 66 107 8257 37229 4576 1567 4391 15597 13718 166 2590 4373 163 4833
leaf_count=3598 66 107 8257 37229 4576 1567 4391 15597 13718 166 2590 4373 163 4833
internal_value=1.33841e-05 -0.00565574 2.36476e-05 0.000113662 0.000441658 0.000282946 -0.000605151 -0.000202229 -0.000507375 0.000304315 -0.00115271 0.000438583 0.000364617 -0.000331122
internal_weight=101231 173 101058 88410 43372 38796 12648 45038 29278 12970 16308 12804 15760 8431
internal_count=101231 173 101058 88410 43372 38796 12648 45038 29278 12970 16308 12804 15760 8431
is_linear=0
shrinkage=0.05


Tree=389
num_leaves=15
num_cat=0
split_feature=48 51 37 8 56 9 38 47 50 47 44 24 52 33
split_gain=2.31894 3.11871 3.0105 3.00239 2.99249 3.42673 2.47499 2.46487 4.69078 2.44103 3.60676 3.32783 4.19371 7.81982
threshold=5.3500001430511483 1.0000000180025095e-35 11.500000000000002 24.150000572204593 15.34999990463257 32.45000076293946 12.84999990463257 8.8522772789001483 -0.91597560048103321 9.3935418128967303 -7.0062232017517081 5.5000000000000009 -0.099819734692573533 17.550000190734867
decision_type=2 2 2 2 2 2 2 2 2 2 2 2 2 2
left_child=2 4 3 -1 5 -2 -7 -6 -9 10 -4 12 13 -11
right_child=1 -3 9 -5 7 6 -8 8 -10 11 -12 -13 -14 -15
leaf_value=0.0022594967164425695 -0.0043573807827283345 0.0029025841262880943 0.0011061230723291196 -0.0053827039568660438 0.00015538353706357752 0.00089886114253819776 -0.0085568013820802764 -0.0037461700093091629 0.0039705277247874312 -0.0056002668805480238 -3.7618004037459526e-05 -0.00020182812084526623 1.6956229538198482e-05 0.0034196857876657343
leaf_weight=72 159 2674 8061 126 9933 370 54 516 1286 1339 63898 10975 1328 405
leaf_count=72 159 2674 8061 126 9933 370 54 516 1286 1339 63898 10975 1328 405
internal_value=5.01948e-05 0.000623917 -4.96437e-05 -0.00605769 0.000287151 -0.00317875 -0.000760368 0.000461899 0.00215784 -3.51096e-05 8.26052e-05 -0.00063776 -0.00208955 -0.00369441
internal_weight=101196 14992 86204 198 12318 583 424 11735 1802 86006 71959 14047 3072 1744
internal_count=101196 14992 86204 198 12318 583 424 11735 1802 86006 71959 14047 3072 1744
is_linear=0
shrinkage=0.05


Tree=390
num_leaves=15
num_cat=0
split_feature=18 8 6 56 24 27 45 9 27 57 21 9 11 28
split_gain=2.23046 3.70278 2.60982 5.20856 4.89398 4.69663 6.05847 4.56423 8.26765 3.88526 4.9883 6.56658 3.96688 4.3352
threshold=-29.749999999999996 17.650000572204593 47.049999237060554 54.149999618530281 106.50000000000001 26.349999427795414 -1.0758022069931028 23.750000000000004 33.350000381469734 66.549999237060561 16.500000000000004 87.65000152587892 101.96458435058595 60.500000000000007
decision_type=2 2 2 2 2 2 2 2 2 2 2 2 2 2
left_child=1 -1 -2 4 5 9 -7 8 -8 12 11 -11 -4 -14
right_child=2 -3 3 -5 -6 6 7 -9 -10 10 -12 -13 13 -15
leaf_value=-0.0056256065027467201 0.00029737709046052181 0.00062472272386322801 0.00028188311647862153 7.6472025724874239e-05 0.0020062843404124796 -0.00022553507419438803 -0.0054351994903886107 -0.0026089253603948995 0.0024565915446263112 -0.012983461431969774 -0.0012885143474934604 -0.0023581535786672274 -0.012785738206443124 -0.00039005715846630721
leaf_weight=65 39778 11166 5729 35047 1531 2434 120 4319 62 62 647 71 77 166
leaf_count=65 39778 11166 5729 35047 1531 2434 120 4319 62 62 647 71 77 166
internal_value=7.91835e-05 0.000743261 -3.71985e-06 -0.000243162 -0.00101523 -0.00131525 -0.00222822 -0.00331301 -0.0108854 -0.000375628 -0.00367089 -0.0121329 6.01807e-05 -0.00606719
internal_weight=101274 11231 90043 50265 15218 13687 6935 4501 182 6752 780 133 5972 243
internal_count=101274 11231 90043 50265 15218 13687 6935 4501 182 6752 780 133 5972 243
is_linear=0
shrinkage=0.05


Tree=391
num_leaves=15
num_cat=0
split_feature=50 41 44 53 32 26 24 27 24 26 19 15 19 34
split_gain=2.60237 3.5713 3.81314 4.31581 3.35425 2.94812 4.61151 3.36173 3.17404 3.06387 3.05823 3.61289 3.29322 2.92717
threshold=0.91597560048103344 2.5000000000000004 2.9009343385696416 -0.94703993201255787 -0.68088150024414051 0.65106356143951427 65.500000000000014 21.150000572204593 41.500000000000007 0.65250495076179515 229.35000610351565 150.6499938964844 50.149999618530281 2.3500000238418584
decision_type=2 2 2 2 2 2 2 2 2 2 2 2 2 2
left_child=4 -2 3 -3 -1 8 7 -7 -6 -9 11 12 -11 -10
right_child=1 2 -4 -5 5 6 -8 9 13 10 -12 -13 -14 -15
leaf_value=-0.0001232840195790107 0.00026912778883188271 0.0014047089260082058 0.002061527131585532 -0.002640325718183774 0.0020710578211073616 0.0007717723119064128 -0.0041677020869054096 -0.0050256784570764041 0.00068931624818327833 0.00099282750878561948 -0.0027499765475816813 0.0039848904912642242 -0.00065525785596530538 -0.0018757736944934314
leaf_weight=45327 5896 895 931 4962 6078 10776 130 122 9515 4302 112 758 10586 1011
leaf_count=45327 5896 895 931 4962 6078 10776 130 122 9515 4302 112 758 10586 1011
internal_value=3.70277e-05 -0.000632582 -0.00141365 -0.00188597 0.000132823 0.000447005 0.000122407 0.000169879 0.000970266 -0.000292637 -0.000228945 -0.000167348 -0.000339643 0.000444192
internal_weight=101401 12684 6788 5857 88717 43390 26786 26656 16604 15880 15758 15646 14888 10526
internal_count=101401 12684 6788 5857 88717 43390 26786 26656 16604 15880 15758 15646 14888 10526
is_linear=0
shrinkage=0.05


Tree=392
num_leaves=15
num_cat=0
split_feature=22 53 7 38 38 53 14 47 28 12 44 55 24 41
split_gain=2.31148 3.54267 3.26368 3.19636 4.63031 4.73179 3.32845 4.33675 3.50156 5.34544 5.53176 3.10849 3.51746 4.55167
threshold=2186.5000000000005 -0.13398942351341245 142.75000000000003 16.550000190734867 12.650000095367433 0.98630350828170787 27.042632102966312 6.5146427154541025 70.500000000000014 102.11666870117189 3.3003927469253544 2.5000000000000004 8.5000000000000018 9.5000000000000018
decision_type=2 2 2 2 2 2 2 2 2 2 2 2 2 2
left_child=2 -2 -1 4 6 -6 -3 11 -9 10 -10 -8 -13 -14
right_child=1 3 -4 -5 5 -7 7 8 9 -11 -12 12 13 -15
leaf_value=7.537828150867917e-05 -0.0020423212796168372 0.00120458233753721 0.0014693131685827555 0.0021704713696527977 -0.0016820796437130294 -0.0063602953863569414 0.00091180988210125844 0.00065153901411032795 -0.0078768840389689867 -0.0014476800092550867 -0.0012611126685732517 -0.00023499899393716525 -0.0048800450272307293 0.0030716331062148323
leaf_weight=79267 2317 2694 3474 1632 2186 139 3429 402 104 743 145 4259 286 143
leaf_count=79267 2317 2694 3474 1632 2186 139 3429 402 104 743 145 4259 286 143
internal_value=4.54413e-05 -0.000460003 0.000158367 -0.000197254 -0.000433287 -0.00247323 -4.29798e-05 -0.000482617 -0.00304843 -0.00463074 -0.0108301 -3.87595e-05 -0.00087484 -0.00513667
internal_weight=101220 18479 82741 16162 14530 2325 12205 9511 1394 992 249 8117 4688 429
internal_count=101220 18479 82741 16162 14530 2325 12205 9511 1394 992 249 8117 4688 429
is_linear=0
shrinkage=0.05


Tree=393
num_leaves=15
num_cat=0
split_feature=49 37 49 23 45 50 51 51 19 12 12 43 15 9
split_gain=2.55513 3.06771 3.89948 3.75196 3.39329 3.24831 4.37364 4.03057 4.79085 5.32227 6.82679 5.13218 4.95367 4.63101
threshold=17.500000000000004 53.500000000000007 -222.49999999999997 0.2950000017881394 -5.6333752571939751e-16 1.0000000180025095e-35 0.12940952181816107 1.0000000180025095e-35 179.50000000000003 160.17708587646487 192.04444122314456 117.50000000000001 226.05000305175784 115.79999923706056
decision_type=10 2 10 2 2 2 2 2 2 2 2 10 2 2
left_child=1 2 -1 4 -3 6 -5 8 11 -10 12 -7 -11 -14
right_child=-2 3 -4 5 -6 7 -8 -9 9 10 -12 -13 13 -15
leaf_value=-0.00021635381517249978 0.00037437334116435187 0.00018649358287227861 -0.0020204704199273571 -0.0011007001258227986 0.0033137369020309797 0.0025190214914012463 0.00085574698378454309 -0.00083651793142088763 -0.00024342668969010996 -0.0011665210348775707 0.0015372231377653589 -0.00021133161892031811 -0.0011918428075055555 -0.0058618485423192219
leaf_weight=10344 36608 5266 4376 2814 2979 3650 11670 16263 940 68 170 5638 62 110
leaf_count=10344 36608 5266 4376 2814 2979 3650 11670 16263 940 68 170 5638 62 110
internal_value=7.31917e-05 -0.000116532 -0.00075017 7.15151e-05 0.00104482 -0.000122599 0.000480889 -0.000447586 0.000308978 -0.00246324 -0.00714286 0.000714132 -0.0124 -0.0167033
internal_weight=100958 64350 14720 49630 8245 41385 14484 26901 10638 1350 410 9288 240 172
internal_count=100958 64350 14720 49630 8245 41385 14484 26901 10638 1350 410 9288 240 172
is_linear=0
shrinkage=0.05


Tree=394
num_leaves=15
num_cat=0
split_feature=25 46 56 47 24 13 4 4 53 20 45 24 28 16
split_gain=2.10777 3.51572 2.94235 4.78281 5.93924 6.96368 4.98849 4.06263 3.80539 3.2561 2.89245 3.22298 4.18571 4.15786
threshold=7.8500001430511483 64.350002288818374 55.549999237060554 11.016227722167971 5.5000000000000009 94.201488494873061 53.350000381469734 53.350000381469734 0.80290535092353832 4.4500000476837167 4.7353985309600839 10.500000000000002 45.500000000000007 25.750000000000004
decision_type=2 2 2 2 2 2 2 2 2 2 2 2 2 2
left_child=1 -1 7 6 5 8 -4 9 -5 -2 11 12 -8 -13
right_child=2 -3 3 4 -6 -7 10 -9 -10 -11 -12 13 -14 -15
leaf_value=0.00078395752990921368 -0.0021128413244563709 -0.002592524983725347 0.0022363796732271664 -0.0054914489328070169 -0.00044731276930753874 2.973592012961234e-05 0.0046508557302120182 -0.0013188889862034224 -0.021817856985399158 4.1328471518707191e-05 0.0018967397638509497 -0.0027324651134808938 0.00015318999438276526 -0.00026745158819570925
leaf_weight=10329 1609 52 5452 245 1504 244 1883 8283 63 32998 3711 993 21772 12326
leaf_count=10329 1609 52 5452 245 1504 244 1883 8283 63 32998 3711 993 21772 12326
internal_value=7.16442e-05 0.000746319 -5.32404e-06 0.000262743 -0.002091 -0.00647687 0.000368063 -0.000306527 -0.0113522 -6.83188e-05 0.00017754 4.38029e-05 0.000394042 -0.000578063
internal_weight=101464 10381 91083 48193 2056 552 46137 42890 308 34607 40685 36974 23655 13319
internal_count=101464 10381 91083 48193 2056 552 46137 42890 308 34607 40685 36974 23655 13319
is_linear=0
shrinkage=0.05


Tree=395
num_leaves=15
num_cat=0
split_feature=49 19 21 26 37 10 47 37 2 16 53 9 53 28
split_gain=2.33659 2.87079 3.80739 3.32519 5.50916 5.98598 5.36604 5.79219 5.32815 4.22449 3.93055 5.61313 3.8922 3.86166
threshold=17.500000000000004 32.750000000000007 33.500000000000007 0.70045948028564464 93.500000000000014 194.50833129882815 3.8595453500747685 56.500000000000007 76.000000000000014 153.65000152587893 0.98332250118255626 156.25000000000003 0.93469110131263744 90.500000000000014
decision_type=10 2 2 2 2 2 2 2 2 2 2 2 2 2
left_child=1 2 -1 -3 5 6 7 -5 -8 12 11 -10 -7 -14
right_child=-2 3 -4 4 -6 9 8 -9 10 -11 -12 -13 13 -15
leaf_value=-0.0035959382329620714 0.00032703266015365765 -1.1580544715158858e-05 0.0018615137662998942 -0.0033206912857001213 0.0013959907696797374 -0.0080847054222772299 -0.00088956316700539845 0.0011237545316872943 -0.002825198747363953 0.0021406422393009279 0.0017741927376158113 -0.0049847124508580008 0.0038422218227790149 -0.0037343561451448704
leaf_weight=139 36816 45570 4124 420 2137 69 5299 3761 2046 80 301 218 100 216
leaf_count=139 36816 45570 4124 420 2137 69 5299 3761 2046 80 301 218 100 216
internal_value=4.42226e-05 -0.00013723 0.00111514 -0.000226061 -0.000881149 -0.00128195 -0.00106387 0.000382964 -0.00183261 -0.00678947 -0.00369903 -0.00441073 -0.00892405 -0.00619632
internal_weight=101296 64480 4263 60217 14647 12510 12045 4181 7864 465 2565 2264 385 316
internal_count=101296 64480 4263 60217 14647 12510 12045 4181 7864 465 2565 2264 385 316
is_linear=0
shrinkage=0.05


Tree=396
num_leaves=15
num_cat=0
split_feature=21 32 20 13 30 45 57 12 13 44 15 51 13 40
split_gain=2.30665 3.36393 3.65509 2.45024 5.87451 2.2719 2.41215 3.83007 6.90855 4.47704 4.43143 4.28292 4.10517 15.173
threshold=237.50000000000003 -2.5623747110366817 22.650000572204593 74.775592803955092 872.50000000000011 -10.800154209136961 91.049999237060561 83.909027099609389 84.335414886474624 -5.808832883834838 54.049999237060554 -0.7865660786628722 82.396724700927749 990.54998779296886
decision_type=2 2 2 2 10 2 2 2 2 2 2 2 2 2
left_child=5 3 -3 -2 -5 -1 7 8 12 -9 -10 -11 -7 -14
right_child=1 2 -4 4 -6 6 -8 9 10 11 -12 -13 13 -15
leaf_value=0.0015857460400133091 -0.0014259359099436024 0.00085531115056174459 -0.0074246563398188657 -0.00067317062929252939 -0.01030945799473628 -4.2558050566009823e-05 0.00037111012615309249 0.0027983746753103131 -0.0043187139070405937 -0.00021439367326062466 0.0033898057648582753 -0.002441357405213623 0.0010633201442230365 -0.012922467996078275
leaf_weight=2454 116 778 50 85 64 66384 21951 684 105 2440 2653 2794 292 131
leaf_count=2454 116 778 50 85 64 66384 21951 684 105 2440 2653 2794 292 131
internal_value=6.63922e-05 -0.00220762 -0.000608592 -0.007 -0.0110377 9.14935e-05 5.35694e-05 -8.06033e-05 2.33563e-05 -0.00130061 0.0024711 -0.00179825 -7.80488e-05 -0.00493072
internal_weight=100981 1093 828 265 149 99888 97434 75483 69565 5918 2758 5234 66807 423
internal_count=100981 1093 828 265 149 99888 97434 75483 69565 5918 2758 5234 66807 423
is_linear=0
shrinkage=0.05


Tree=397
num_leaves=15
num_cat=0
split_feature=53 23 8 21 1 52 12 55 7 6 14 0 17 32
split_gain=2.70604 2.54925 3.80025 4.79061 3.43122 3.3339 2.951 4.96953 4.30673 3.61823 2.79193 5.12255 4.87875 5.42115
threshold=0.99981042742729198 0.91500002145767223 56.750000000000007 217.50000000000003 164.59999847412112 -0.99763298034667958 160.17708587646487 4.5000000000000009 156.25000000000003 158.09999847412112 38.522804260253913 78.799999237060561 20.94999980926514 -3.2676827907562251
decision_type=2 2 2 2 2 2 2 2 2 2 2 2 2 2
left_child=1 5 4 6 -3 -1 -4 -8 9 -9 11 -7 13 -13
right_child=-2 2 3 -5 -6 10 7 8 -10 -11 -12 12 -14 -15
leaf_value=0.0018261685329898304 0.0036744307050663016 -0.00017978254929136645 0.0021074720582659359 -0.0036530845503315529 -0.0074200622596353009 -1.5886977329656308e-05 0.00091994655695262827 -0.0021957248783203371 -0.0012349834434084528 -0.014859475344555787 0.00053614991661793149 -0.0034166074424679472 -0.00020906640480375106 -0.00095316647394609881
leaf_weight=1986 617 6991 6775 359 52 58190 628 55 284 74 10220 2125 7690 5394
leaf_count=1986 617 6991 6775 359 52 58190 628 55 284 74 10220 2125 7690 5394
internal_value=5.07641e-05 3.0397e-05 0.000626478 0.00135919 -0.000224727 -7.56291e-05 0.00162024 -0.00085157 -0.00504728 -0.0122662 -0.00012382 -0.000231647 -0.00104836 -0.00195311
internal_weight=101440 100823 15218 8175 7043 85605 7816 1041 413 129 83619 73399 15209 7519
internal_count=101440 100823 15218 8175 7043 85605 7816 1041 413 129 83619 73399 15209 7519
is_linear=0
shrinkage=0.05


Tree=398
num_leaves=15
num_cat=0
split_feature=33 33 16 14 36 40 23 30 18 16 38 56 14 55
split_gain=2.20122 2.40318 6.06774 3.32855 6.79211 3.62941 2.7176 3.53301 4.02278 3.35211 4.86427 3.35657 3.09308 4.53305
threshold=35.20000076293946 22.550000190734867 18.050000190734867 11.776316165924074 30.849999427795414 979.04998779296886 0.91500002145767223 162.50000000000003 -24.449999809265133 64.40000152587892 6.3500001430511483 20.650000572204593 25.933835983276371 4.5000000000000009
decision_type=2 2 2 2 2 2 2 8 2 2 2 2 2 2
left_child=1 6 -3 5 -5 -4 -1 -8 -9 11 -11 -10 -12 -14
right_child=-2 2 3 4 -6 -7 7 8 9 10 12 -13 13 -15
leaf_value=2.0256594130634926e-05 0.0047213276058534811 0.0024063964092398277 0.00062422688669700995 -0.0027840948430891055 -0.016239351455063923 -0.0058978546915720367 0.001953804253993188 0.003548423299415464 -0.0074050719348008713 0.0011766804190806472 -0.0011685824132004862 0.00034670848918063235 -0.0010220207678846255 -0.0059866127423683323
leaf_weight=84608 600 586 386 369 58 95 4584 1408 56 403 821 7010 275 180
leaf_count=84608 600 586 386 369 58 95 4584 1408 56 403 821 7010 275 180
internal_value=0.000120208 0.000102083 -0.00188165 -0.00442266 -0.00758581 -0.00151731 0.000132102 0.00075846 0.000237627 -0.000162764 -0.002164 0.00031515 -0.0036703 -0.00693548
internal_weight=101439 100839 1494 908 427 481 99345 14737 10153 8745 1679 7066 1276 455
internal_count=101439 100839 1494 908 427 481 99345 14737 10153 8745 1679 7066 1276 455
is_linear=0
shrinkage=0.05


Tree=399
num_leaves=15
num_cat=0
split_feature=23 30 15 57 55 53 24 24 16 21 14 47 54 6
split_gain=2.29564 2.77286 3.21617 5.02034 3.73889 2.57352 2.77166 2.49243 11.1869 10.8377 6.08078 5.01867 11.1782 4.52234
threshold=0.91500002145767223 132.50000000000003 230.50000000000003 154.83332824707034 5.5000000000000009 -0.96234029531478871 28.500000000000004 8.5000000000000018 72.299999237060561 9.5000000000000018 14.45192861557007 6.5860390663146982 7.5000000000000009 105.79999923706056
decision_type=2 8 2 2 2 2 2 2 2 2 2 2 2 2
left_child=7 5 -3 -4 -5 6 -2 11 -9 -10 -11 13 -13 -1
right_child=1 2 3 4 -6 -7 -8 8 9 10 -12 12 -14 -15
leaf_value=0.0013409087799219402 -0.0033742648950729594 0.00032046950394257694 -0.0061366444730863098 0.00083175328557332862 -0.0071588459630592093 0.0022320155345779773 0.002169847335868775 -0.00014057953505829256 -0.0081966931353552996 -0.010707510890191292 -0.001763219892719253 0.00079116892657972904 -0.0016967612035049329 -0.00015352572017048412
leaf_weight=15691 149 10718 88 303 84 3752 185 44045 119 61 839 8656 7090 9186
leaf_count=15691 149 10718 88 303 84 3752 185 44045 119 61 839 8656 7090 9186
internal_value=6.31835e-05 0.000627576 0.000220031 -0.00376289 -0.00117128 0.00174072 -0.00241279 -3.75157e-05 -0.000293517 -0.00544704 -0.00346154 0.000246475 -0.000451891 0.000688512
internal_weight=100966 15279 11193 475 387 4086 334 85687 45064 1019 900 40623 15746 24877
internal_count=100966 15279 11193 475 387 4086 334 85687 45064 1019 900 40623 15746 24877
is_linear=0
shrinkage=0.05


Tree=400
num_leaves=15
num_cat=0
split_feature=25 53 14 34 27 24 14 38 52 14 54 46 47 13
split_gain=2.14694 3.29072 6.46176 5.93038 4.87521 4.07141 6.96362 6.49355 4.93989 3.89474 6.37277 13.6361 9.05901 8.34065
threshold=7.8500001430511483 -0.02257579285651445 6.8915064334869394 1.5500000119209292 22.94999980926514 8.5000000000000018 30.01005840301514 15.750000000000002 -0.40614700317382807 38.522804260253913 11.500000000000002 1.0000000180025095e-35 6.0020833015441903 137.33451843261722
decision_type=2 2 2 2 2 2 2 2 2 2 2 2 2 2
left_child=-1 -2 3 -3 5 6 8 -7 -4 10 -8 12 -12 -14
right_child=1 2 4 -5 -6 7 9 -9 -10 -11 11 -13 13 -15
leaf_value=0.00068415304685145832 -0.0003053159766782287 -0.0012471043797897179 -0.00018134425630135344 -0.004763346450447261 0.0013412841592033325 -0.0011957143909315021 -0.00023762580045914888 0.0014033428334830438 0.0018584996205770776 0.00019867322718221121 -0.00017120338562847618 -0.010779352718612255 -0.0094954880358634128 0.0043639248705681418
leaf_weight=10325 43524 1514 4140 166 10138 6981 3683 2163 8713 8579 934 98 317 91
leaf_count=10325 43524 1514 4140 166 10138 6981 3683 2163 8713 8579 934 98 317 91
internal_value=4.51785e-05 -3.23443e-05 0.000255329 -0.00278106 0.0003672 9.22738e-05 0.000405609 -0.000817129 0.00124116 -0.0003785 -0.00146795 -0.00427586 -0.00287722 -0.00899521
internal_weight=101366 91041 47517 1680 45837 35699 26555 9144 12853 13702 5123 1440 1342 408
internal_count=101366 91041 47517 1680 45837 35699 26555 9144 12853 13702 5123 1440 1342 408
is_linear=0
shrinkage=0.05


Tree=401
num_leaves=15
num_cat=0
split_feature=49 19 56 8 23 16 16 55 38 0 30 6 30 13
split_gain=2.62959 2.90812 2.75759 3.92436 2.63773 3.13324 5.18778 4.6061 4.37352 4.09158 3.90027 5.23515 6.85788 4.66859
threshold=17.500000000000004 31.750000000000004 17.150000572204593 76.950000762939467 0.13499999791383746 33.000000000000007 34.149999618530281 3.5000000000000004 3.4500000476837163 53.149999618530281 42.500000000000007 73.450000762939467 62.500000000000007 55.167858123779304
decision_type=10 2 2 2 2 2 2 2 2 2 10 2 10 2
left_child=1 2 3 -1 -3 9 -7 -8 -9 -6 -11 13 -13 -12
right_child=-2 4 -4 -5 5 6 7 8 -10 10 11 12 -14 -15
leaf_value=-0.0003432906811058616 0.00036185443089733452 0.0040218596232087902 0.0024446414049484116 -0.0037147310236102394 -0.0002172202171138311 0.0043825274090235926 0.00045329888978252672 -0.0034482556706121148 -0.00041285852913730428 -0.00019981645958802704 -0.0031684987795107459 -0.006655344669624007 -0.0019669016475075624 0.00050420964678096682
leaf_weight=707 36738 651 3203 65 20815 1425 17780 301 13430 2354 1665 242 479 1355
leaf_count=707 36738 651 3203 65 20815 1425 17780 301 13430 2354 1665 242 479 1355
internal_value=9.48431e-05 -9.75464e-05 0.00121079 -0.0014578 -0.000183698 -0.000218357 0.000108663 -2.52211e-05 -0.00071283 -0.000618499 -0.00175676 -0.00275793 -0.00655951 -0.00183168
internal_weight=101210 64472 3975 772 60497 59846 32936 31511 13731 26910 6095 3741 721 3020
internal_count=101210 64472 3975 772 60497 59846 32936 31511 13731 26910 6095 3741 721 3020
is_linear=0
shrinkage=0.05


Tree=402
num_leaves=15
num_cat=0
split_feature=30 25 23 9 40 27 29 0 26 3 57 4 56 57
split_gain=2.6341 2.83509 2.64232 3.1706 2.37822 4.97743 2.68693 2.26038 2.49003 3.82337 4.26998 4.7255 6.77146 4.0863
threshold=25.02689361572266 13.949999809265138 0.82499998807907116 21.050000190734867 979.64999389648449 25.050000190734867 5.7500000000000009 16.849999427795414 0.70791533589363109 212.55000305175784 128.65000152587893 76.950000762939467 80.450000762939467 35.883333206176765
decision_type=8 2 2 2 2 2 2 2 2 2 2 2 2 2
left_child=1 -1 3 -3 5 6 -5 -2 -9 10 11 13 -13 -10
right_child=7 2 -4 4 -6 -7 -8 8 9 -11 -12 12 -14 -15
leaf_value=0.0025513285269901861 0.001792885763927259 -0.0039863924591475126 0.0032962567103489411 -0.016872095075569683 0.00041519790377182844 -0.00035542700867756573 -0.0053470280085212473 0.00011130445483178486 -0.0014389019883941855 -0.0024243124500906359 0.0010804879074292775 -0.0037650582738740198 -0.00043171610120185209 0.00033029805391518121
leaf_weight=1624 2497 83 845 52 7000 498 52 63550 4214 757 3511 1917 3588 11035
leaf_count=1624 2497 83 845 52 7000 498 52 63550 4214 757 3511 1917 3588 11035
internal_value=9.44852e-05 0.00085793 0.000491803 0.000198181 0.000310037 -0.00267974 -0.0121053 9.27785e-06 -3.2625e-05 -0.000455017 -0.000345005 -0.000617896 -0.00187217 -0.000164165
internal_weight=101223 10154 8530 7685 7602 602 104 91069 88572 25022 24265 20754 5505 15249
internal_count=101223 10154 8530 7685 7602 602 104 91069 88572 25022 24265 20754 5505 15249
is_linear=0
shrinkage=0.05


Tree=403
num_leaves=15
num_cat=0
split_feature=19 57 6 4 49 33 49 46 47 53 57 15 13 40
split_gain=2.39744 2.42777 4.16168 3.40726 4.00302 3.64406 3.32357 3.5273 5.07355 6.51411 3.41349 4.60142 3.78382 6.68372
threshold=21.750000000000004 91.883335113525405 82.099998474121108 94.200000762939467 507.50000000000006 7.9500000476837167 47.500000000000007 0.75000000000000011 4.0404546260833749 0.56191161274909984 209.20000457763675 222.35000610351565 113.16339111328126 990.45001220703136
decision_type=2 2 2 2 10 2 10 2 2 2 2 2 2 2
left_child=-1 -2 -3 4 -4 6 7 10 -9 -10 11 12 13 -5
right_child=1 2 3 5 -6 -7 -8 8 9 -11 -12 -13 -14 -15
leaf_value=0.0028619265368464587 -7.682941800662914e-05 0.0018929729628098533 0.0017387592630443841 0.00037851947296127882 -0.0058745168891643678 -0.010021842034529542 0.0012373787774952226 -0.015085049215747458 -0.006799748709709539 0.00027483841116054996 0.0011071500956275748 -0.0014370510957325139 0.0011364624089448669 -0.0029858582439731083
leaf_weight=2072 77091 4920 3976 2310 134 68 2088 57 74 397 1563 2519 3136 1083
leaf_count=2072 77091 4920 3976 2310 134 68 2088 57 74 397 1563 2519 3136 1083
internal_value=7.87209e-05 4.35502e-05 0.000502575 0.000139248 0.00139563 -0.000249906 -0.00018622 -0.000529644 -0.00447955 -0.00258836 -0.000329065 -0.000702142 -7.64457e-07 -0.00115633
internal_weight=101488 99416 22325 17405 4110 13295 13227 11139 528 471 10611 9048 6529 3393
internal_count=101488 99416 22325 17405 4110 13295 13227 11139 528 471 10611 9048 6529 3393
is_linear=0
shrinkage=0.05


Tree=404
num_leaves=15
num_cat=0
split_feature=15 46 15 46 47 37 24 37 33 46 44 23 38 38
split_gain=2.36439 6.24321 5.84805 5.61919 4.18088 5.06859 5.555 5.41001 3.18587 3.38777 8.66504 5.97685 5.64143 5.45612
threshold=43.850000381469734 0.25000000745058065 42.350000381469734 60.899999618530281 6.8093073368072519 41.500000000000007 40.500000000000007 14.500000000000002 1.0000000180025095e-35 1.0000000180025095e-35 2.155601024627686 1.8849999904632571 19.250000000000004 15.750000000000002
decision_type=2 2 2 2 2 2 2 2 2 2 2 2 2 2
left_child=1 2 -1 -3 -4 7 -7 -6 -2 11 12 13 -11 -10
right_child=8 3 4 -5 5 6 -8 -9 9 10 -12 -13 -14 -15
leaf_value=-0.00069294409347456557 0.00029226524157481565 0.0024524634107030499 0.00058990130532232427 -0.003945480428926681 -0.0080621034038569541 -0.0099173930547198554 -0.003658834279564629 -0.00096172909865970501 -0.0018763265925768073 0.001396655572563361 0.0029477188292916898 -0.0078192908580675281 -0.0008538116567020301 0.00010520823699541544
leaf_weight=5103 59236 2325 308 62 56 204 96 459 5509 4261 3044 61 14119 6427
leaf_count=5103 59236 2325 308 62 56 204 96 459 5509 4261 3044 61 14119 6427
internal_value=3.40642e-05 -0.000757857 -0.00159076 0.00141218 -0.00484113 -0.00669697 -0.0117742 -0.00357143 0.000107752 -0.000282522 9.4243e-05 -0.000954859 -0.000315389 -0.000868073
internal_weight=101270 8613 6226 2387 1123 815 300 515 92657 33421 21424 11997 18380 11936
internal_count=101270 8613 6226 2387 1123 815 300 515 92657 33421 21424 11997 18380 11936
is_linear=0
shrinkage=0.05


Tree=405
num_leaves=15
num_cat=0
split_feature=56 50 23 4 38 51 42 13 36 46 22 51 44 42
split_gain=2.26445 5.44235 4.39725 3.70071 3.6007 3.2699 3.55208 4.37009 3.36145 3.92345 3.2577 3.19369 4.68992 3.16025
threshold=30.650000572204593 -0.91597560048103321 0.085000000894069686 28.550000190734867 24.849999427795414 0.12940952181816107 14.550000190734865 48.699405670166023 36.45000076293946 2.0499999523162846 1329.5000000000002 0.37940952181816107 10.841435909271242 4.0499999523162851
decision_type=2 2 2 2 2 2 2 2 2 2 2 2 2 2
left_child=1 4 -3 -2 5 6 7 8 9 10 -1 -4 -13 -7
right_child=3 2 11 -5 -6 13 -8 -9 -10 -11 -12 12 -14 -15
leaf_value=-0.012336725982490974 0.0024804081824254753 -0.0035653572992269929 -0.00042666066811969811 5.5784663773630807e-05 0.0078048632376832823 -0.00443481316769531 0.0025400691332371421 -0.00038132315898516486 -0.0022277542510256106 0.0016049711827143859 -0.005654977896599832 0.0017333960433364355 -0.0065650798529613176 0.0035232297684727461
leaf_weight=609 3587 146 10153 81356 171 54 174 411 326 112 210 3129 50 417
leaf_count=609 3587 146 10153 81356 171 54 174 411 326 112 210 3129 50 417
internal_value=3.34442e-05 -0.000512772 -0.000115658 0.000136134 -0.00265838 -0.00317908 -0.00412527 -0.00483313 -0.0062865 -0.00780553 -0.00899276 -1.79881e-05 0.0013625 0.000530146
internal_weight=100905 15962 13478 84943 2484 2313 1842 1668 1257 931 819 13332 3179 471
internal_count=100905 15962 13478 84943 2484 2313 1842 1668 1257 931 819 13332 3179 471
is_linear=0
shrinkage=0.05


Tree=406
num_leaves=15
num_cat=0
split_feature=53 28 9 8 14 49 45 37 24 28 14 53 41 2
split_gain=2.74232 2.14253 4.99806 3.51998 2.91984 3.05239 4.02699 3.51415 3.46998 2.97073 2.99218 2.93533 2.88943 2.88299
threshold=0.9993295967578889 70.500000000000014 129.69999694824222 183.25000000000003 38.522804260253913 5.0268940925598153 -6.1232340974897155e-17 54.500000000000007 440.00000000000006 59.500000000000007 27.575681686401371 -0.87810534238815297 7.5000000000000009 76.000000000000014
decision_type=2 2 2 2 2 8 2 2 2 2 2 2 2 2
left_child=1 2 4 -4 5 6 11 -7 -9 10 -8 -1 -5 -13
right_child=-2 -3 3 12 -6 7 9 8 -10 -11 -12 13 -14 -15
leaf_value=0.001446815698351543 0.0018472356232039492 -0.00018436887106565252 0.0030503975981925574 0.0014832052254964319 0.0018397229338655342 2.0936155373517862e-05 0.00045251373855328953 0.0016858582127334235 -0.011938285008490472 -0.00086702607316698095 0.0049158238254639781 -0.00078243681523711573 -0.0077665021529763172 -0.0021107175174005888
leaf_weight=1368 1114 46135 2434 85 3700 16869 7295 6536 57 3376 1061 9252 53 1917
leaf_count=1368 1114 46135 2434 85 3700 16869 7295 6536 57 3376 1061 9252 53 1917
internal_value=5.29322e-05 2.53626e-05 0.000239109 0.00238575 0.000131316 2.62879e-05 -0.000366778 0.000432856 0.00141072 0.000298927 0.000804447 -0.000989479 -0.00513513 -0.00125727
internal_weight=101252 100138 54003 2572 51431 47731 24269 23462 6593 11732 8356 12537 138 11169
internal_count=101252 100138 54003 2572 51431 47731 24269 23462 6593 11732 8356 12537 138 11169
is_linear=0
shrinkage=0.05


Tree=407
num_leaves=15
num_cat=0
split_feature=56 53 40 53 45 41 40 45 44 43 56 52 7 5
split_gain=2.52114 3.52366 6.16229 5.15591 6.26611 5.62854 3.62966 4.58257 3.38806 6.89794 3.07328 3.06411 4.39624 6.32855
threshold=28.550000190734867 0.29958851635456091 985.64999389648449 0.60383266210556041 -3.236080408096313 20.500000000000004 971.35000610351574 7.4397291331465282e-16 -15.535802364349363 552.50000000000011 23.550000190734867 -0.8940606117248534 20.44999980926514 26.550000190734867
decision_type=2 2 2 2 2 2 2 2 2 8 2 2 2 2
left_child=1 6 3 4 5 -3 7 10 9 -8 -1 12 13 -10
right_child=-2 2 -4 -5 -6 -7 8 -9 11 -11 -12 -13 -14 -15
leaf_value=-0.0036905392463572207 0.00011248752033103448 -0.0053446459109184972 -0.00082039494104240915 -0.0092679598804557475 0.00055768658755121683 -0.010344167133307446 -0.0089290325730077731 0.0011983577541405711 -0.01735830763898201 0.0012091689525802057 -0.0058673503651654451 0.00031797313897707869 -0.00077141063709216693 -0.0021098942128173355
leaf_weight=53 88396 75 1413 51 157 50 64 118 61 100 80 9473 1390 114
leaf_count=53 88396 75 1413 51 157 50 64 118 61 100 80 9473 1390 114
internal_value=4.20749e-05 -0.000602241 -0.00268793 -0.00870262 -0.00561644 -0.0135185 -0.000282212 -0.00611111 -0.000146272 -0.00706897 -0.0121329 -3.71106e-05 -0.00207936 -0.00932432
internal_weight=101595 13199 1746 333 282 125 11453 251 11202 164 133 11038 1565 175
internal_count=101595 13199 1746 333 282 125 11453 251 11202 164 133 11038 1565 175
is_linear=0
shrinkage=0.05


Tree=408
num_leaves=15
num_cat=0
split_feature=25 52 21 24 40 16 49 40 56 16 53 43 24 2
split_gain=2.50668 3.53662 4.71822 2.65444 2.4459 3.27136 2.21177 2.69915 2.40343 3.02015 5.40069 2.32154 4.29568 4.01769
threshold=46.049999237060554 0.29342973232269293 6.5000000000000009 18.500000000000004 995.54998779296886 94.90000152587892 22.500000000000004 971.04998779296886 119.89999771118165 71.349998474121108 -0.96687281131744374 37.500000000000007 8.5000000000000018 138.05000305175784
decision_type=2 2 2 2 2 2 10 2 2 2 2 10 2 2
left_child=4 3 -3 -2 6 -6 11 -8 9 -9 -11 12 -1 -14
right_child=1 2 -4 -5 5 -7 7 8 -10 10 -12 -13 13 -15
leaf_value=0.00084559229798348906 -0.00019350315441526872 7.0055491024752629e-05 -0.0051500139592076466 -0.0026541116762960068 0.0044267566626008739 -0.0032417036541410441 0.0040619112612220436 0.00031309778870606847 0.0015250611258257865 -0.010324007629615994 -0.0014111347974800051 -0.00025827665930147663 -0.00011379994168252171 -0.0028025916524897802
leaf_weight=12853 2819 193 207 68 847 170 883 29204 2335 64 1176 36887 12762 515
leaf_count=12853 2819 193 207 68 847 170 883 29204 2335 64 1176 36887 12762 515
internal_value=9.27294e-05 -0.00126327 -0.00560976 -0.000643769 0.000138477 0.00256573 0.000112681 0.000439831 0.000365824 0.00024693 -0.00216 -6.2116e-05 0.000298393 -0.000332279
internal_weight=100983 3287 400 2887 97696 1017 96679 33662 32779 30444 1240 63017 26130 13277
internal_count=100983 3287 400 2887 97696 1017 96679 33662 32779 30444 1240 63017 26130 13277
is_linear=0
shrinkage=0.05


Tree=409
num_leaves=15
num_cat=0
split_feature=0 3 21 47 38 37 21 38 38 21 6 7 23 51
split_gain=2.64957 3.71776 3.33053 3.90228 3.25213 3.77424 2.99799 2.9926 3.40104 4.00168 4.14049 3.16352 3.11625 2.95879
threshold=53.149999618530281 21.650000572204593 77.500000000000014 4.2456438541412362 8.1500000953674334 83.500000000000014 27.500000000000004 11.34999990463257 25.349999427795414 82.500000000000014 41.649999618530281 47.750000000000007 1.485000014305115 0.12940952181816107
decision_type=2 2 2 2 2 2 2 2 2 2 2 2 2 2
left_child=2 6 13 -4 -5 -6 -2 -7 9 10 -9 -10 -11 -1
right_child=1 -3 3 4 5 7 -8 8 11 12 -12 -13 -14 -15
leaf_value=5.3626855927680354e-05 0.0034571167455538297 -0.00013502235634423249 0.0018559625466435502 -0.0016692426250885786 0.000283741196384967 0.0070486401372962353 -0.0054311470983467083 -0.001704699479821355 -0.0010196141303419094 -0.0015378847961987001 -0.013368156084709336 0.0050164829363771399 -0.010610108543569838 0.0014156913013547495
leaf_weight=7335 57 52821 3050 3048 18411 253 121 93 957 3569 95 525 55 10772
leaf_count=7335 57 52821 3050 3048 18411 253 121 93 957 3569 95 525 55 10772
internal_value=2.87631e-05 -0.000215152 0.000297158 -2.56101e-05 -0.000217278 -2.12782e-05 -0.00723404 -0.0011634 -0.00141968 -0.00220827 -0.00914141 0.00060992 -0.00182444 0.000832644
internal_weight=101162 52999 48163 30056 27006 23958 178 5547 5294 3812 188 1482 3624 18107
internal_count=101162 52999 48163 30056 27006 23958 178 5547 5294 3812 188 1482 3624 18107
is_linear=0
shrinkage=0.05


Tree=410
num_leaves=15
num_cat=0
split_feature=0 50 53 14 38 24 11 38 23 18 34 26 13 40
split_gain=2.08628 2.19164 2.0748 5.27568 4.70573 4.70798 5.58276 4.70062 6.95377 4.5973 6.06146 4.24108 7.76131 8.70431
threshold=19.849999427795414 0.98296290636062633 -0.048362832516431802 6.9859952926635751 15.750000000000002 4.5000000000000009 83.268749237060561 12.84999990463257 0.34499999880790716 1.6500000357627871 1.5500000119209292 0.65106356143951427 79.94940567016603 978.95001220703136
decision_type=2 2 2 2 2 2 2 2 2 2 2 2 2 2
left_child=-1 2 11 9 5 6 -5 -8 -9 10 -4 -2 -13 -14
right_child=1 -3 3 4 -6 -7 7 8 -10 -11 -12 12 13 -15
leaf_value=0.0013337458982232136 0.00032532219764713549 -0.00089851575433973175 -0.0016202626462074226 0.0022641600545694725 0.0015331146360354256 -0.00035448702844583863 0.00027458579262094429 -0.0090120693981062937 -0.0015279492934607815 0.0012386766792152587 -0.0065620866889827493 -0.00050881434504800407 0.00064357126258505798 -0.0076478172715671172
leaf_weight=4333 23965 3873 1296 7237 8542 16949 11745 117 747 751 114 21588 59 99
leaf_count=4333 23965 3873 1296 7237 8542 16949 11745 117 747 751 114 21588 59 99
internal_value=8.25735e-05 3.46065e-05 8.30841e-05 0.000314474 0.000429687 0.000184078 0.000706588 7.0925e-05 -0.00346682 -0.00209351 -0.00376761 -0.000157367 -0.000662805 -0.011369
internal_weight=101415 97082 93209 47498 45337 36795 19846 12609 864 2161 1410 45711 21746 158
internal_count=101415 97082 93209 47498 45337 36795 19846 12609 864 2161 1410 45711 21746 158
is_linear=0
shrinkage=0.05


Tree=411
num_leaves=15
num_cat=0
split_feature=1 56 51 47 18 13 10 34 55 18 10 24 24 11
split_gain=2.61345 4.89797 4.46626 3.98931 3.45309 3.17221 3.31515 3.83839 3.21269 4.32525 4.65337 3.96827 5.31179 4.59523
threshold=64.849998474121108 60.399999618530281 -0.12940952181816107 9.3377976417541522 37.750000000000007 66.428276062011733 96.341667175292983 3.2500000000000004 3.5000000000000004 11.650000095367433 54.375000000000007 45.500000000000007 1.0000000180025095e-35 88.606250762939467
decision_type=2 2 2 2 2 2 2 2 2 2 2 2 2 2
left_child=1 -1 -3 4 -4 8 -7 -8 -2 10 -10 12 -12 -13
right_child=5 2 3 -5 -6 6 7 -9 9 -11 11 13 -14 -15
leaf_value=2.0415980543938661e-05 -0.00015687517716580124 0.0033931072113878597 0.00099060422996919296 -0.002402267194412536 -0.00625069482154681 0.00064093909693795613 -0.00020741493851357423 -0.0035598916661600459 -0.011559861565772031 -0.0005027383992219428 -0.0084939262005787452 -0.0056322692417970473 -0.00091720274462116105 0.0009011206722771795
leaf_weight=50236 6402 4169 5636 1012 59 9628 17964 321 86 3453 125 415 1601 149
leaf_count=50236 6402 4169 5636 1012 59 9628 17964 321 86 3453 125 415 1601 149
internal_value=2.49839e-05 0.00023085 0.00119236 0.000392288 0.000907099 -0.00028839 5.90929e-06 -0.00038945 -0.00095948 -0.00180767 -0.0034451 -0.00297826 -0.00176843 -0.00658537
internal_weight=101256 61112 10876 6707 5695 40144 27913 18285 12231 5829 2376 2290 1726 564
internal_count=101256 61112 10876 6707 5695 40144 27913 18285 12231 5829 2376 2290 1726 564
is_linear=0
shrinkage=0.05


Tree=412
num_leaves=15
num_cat=0
split_feature=0 56 55 23 36 10 23 52 8 30 55 40 7 57
split_gain=2.31441 3.43713 2.63557 4.16772 3.12364 2.62456 2.46135 3.31575 3.42512 3.43774 3.55195 5.37306 3.02846 3.7131
threshold=22.650000572204593 23.94999980926514 3.5000000000000004 0.60500001907348644 12.84999990463257 19.491666793823246 0.95499998331069957 -0.98214942216873158 37.899999618530281 1057.5000000000002 5.5000000000000009 973.85000610351574 32.049999237060554 53.95000076293946
decision_type=2 2 2 2 2 2 2 2 2 10 2 2 2 2
left_child=1 2 3 4 -1 -5 -2 -8 9 10 -9 -12 -13 -14
right_child=6 -3 -4 5 -6 -7 7 8 -10 -11 11 12 13 -15
leaf_value=-0.0045879197971836405 -4.4175160455234829e-05 0.002554604943696347 0.0013566577691889606 -0.037137167073412657 -0.00038284256993999731 -0.0015342675416279224 -0.0033070774305130261 -0.00086882712817278572 0.0010546699879066973 0.0023213914118765657 0.0024665919899571416 0.00030706728059121184 -0.016162669444591351 -0.0037488166603770676
leaf_weight=67 81116 3395 1433 66 1584 58 246 1471 10817 512 97 52 70 83
leaf_count=67 81116 3395 1433 66 1584 58 246 1471 10817 512 97 52 70 83
internal_value=0.000111153 0.00101542 -0.000158483 -0.00144258 -0.000749548 -0.00992537 4.7844e-05 0.000676748 0.000786303 -0.000969499 -0.00201066 -0.00685897 -0.0112791 -0.0146319
internal_weight=101067 6603 3208 1775 1651 124 94464 13348 13102 2285 1773 302 205 153
internal_count=101067 6603 3208 1775 1651 124 94464 13348 13102 2285 1773 302 205 153
is_linear=0
shrinkage=0.05


Tree=413
num_leaves=15
num_cat=0
split_feature=37 21 57 1 32 29 31 49 0 15 53 26 52 6
split_gain=2.36474 2.17923 2.1376 3.65508 3.79701 5.55833 4.99005 5.6657 3.40627 3.14023 4.45338 4.99758 4.50551 6.05638
threshold=10.500000000000002 237.50000000000003 147.216667175293 179.50000000000003 3.4458376169204716 5.1499998569488534 -2.4704403877258296 -38.124999999999993 103.70000076293947 101.59999847412111 -0.81427544355392445 0.69622549414634716 -0.31799228489398951 51.649999618530281
decision_type=2 2 2 2 2 2 2 8 2 2 2 2 2 2
left_child=-1 2 8 -4 6 -6 7 -5 9 -2 12 -12 13 -11
right_child=1 -3 3 4 5 -7 -8 -9 -10 10 11 -13 -14 -15
leaf_value=-0.0024127654531293239 2.1578777673955342e-05 -0.0016872671136584792 0.0015382453839043577 -0.0043642539123397344 -0.0058287817746969298 4.6910855165011819e-05 0.0011945230448402152 -0.00097279386262424418 -0.0005547590322314554 -0.0098583869873042195 0.0020265091098698824 4.3501218099702295e-05 1.8992960065521549e-05 -0.0015695075158608817
leaf_weight=340 62606 1089 4487 94 57 97 2012 687 12043 131 8852 6682 1644 431
leaf_count=340 62606 1089 4487 94 57 97 2012 687 12043 131 8852 6682 1644 431
internal_value=0.000102803 0.000117021 0.000141386 0.000956475 -0.000410889 -0.00780488 2.31896e-05 -0.00334387 7.57045e-05 0.000193265 0.000780282 0.00107887 -0.00131769 -0.00513986
internal_weight=101252 100912 99823 7434 2947 154 2793 781 92389 80346 17740 15534 2206 562
internal_count=101252 100912 99823 7434 2947 154 2793 781 92389 80346 17740 15534 2206 562
is_linear=0
shrinkage=0.05


Tree=414
num_leaves=15
num_cat=0
split_feature=25 8 1 2 57 44 24 13 15 52 23 15 52 26
split_gain=2.80551 2.92545 3.20772 3.38974 2.25878 3.49226 5.38625 6.49452 4.15861 5.00927 3.82463 3.79746 3.39938 3.277
threshold=46.049999237060554 33.149999618530281 69.049999237060561 68.599998474121108 87.950000762939467 0.91978707909584057 6.5000000000000009 151.07648468017581 97.700000762939467 -0.28519254922866816 0.41499999165534979 222.35000610351565 -0.55657517910003651 0.65106356143951427
decision_type=2 2 2 2 2 2 2 2 2 2 2 2 2 2
left_child=4 -2 -3 -4 13 10 -7 8 9 -8 -6 -9 -12 -1
right_child=1 2 3 -5 5 6 7 11 -10 -11 12 -13 -14 -15
leaf_value=0.00034767794775837337 0.0052222463110087516 0.0073114221615594921 -0.0095718611109901833 -0.0011503435266857858 0.0034151241610116596 0.00048457862859388766 -0.0038324720275001302 -0.0054750115482639656 -5.9304153068531183e-06 0.0027379820156765758 0.0020235813694539843 -0.0011401085757233064 -4.8615415769930936e-05 -0.00026351531462282055
leaf_weight=33190 191 211 51 2849 2962 6514 161 292 1934 122 3592 193 6166 43200
leaf_count=33190 191 211 51 2849 2962 6514 161 292 1934 122 3592 193 6166 43200
internal_value=7.56609e-05 -0.00135568 -0.00172861 -0.00216495 0.000123861 0.000570947 -0.000170171 -0.00204277 -0.000882353 -0.00643345 0.00110762 -0.00722222 0.000628583 -4.58097e-06
internal_weight=101628 3302 3111 2900 98326 21936 9216 2702 2217 283 12720 485 9758 76390
internal_count=101628 3302 3111 2900 98326 21936 9216 2702 2217 283 12720 485 9758 76390
is_linear=0
shrinkage=0.05


Tree=415
num_leaves=15
num_cat=0
split_feature=48 37 1 13 38 11 53 28 7 31 47 32 45 37
split_gain=2.16863 3.22251 3.97123 3.97175 6.57945 7.24028 4.08722 3.86183 5.09517 5.46213 3.61198 3.59197 3.45079 3.41718
threshold=5.6499998569488534 43.500000000000007 61.100000381469734 39.211904525756843 8.1500000953674334 29.454167366027836 -0.26037105917930597 34.500000000000007 19.849999427795414 1.6543233394622805 5.1146428585052499 7.7409889698028573 -4.7011408805847159 57.500000000000007
decision_type=2 2 2 2 2 2 2 2 2 2 2 2 2 2
left_child=1 7 3 4 5 -3 -6 -1 9 -9 -5 -4 -7 -13
right_child=-2 2 11 10 6 12 -8 8 -10 -11 -12 13 -14 -15
leaf_value=4.1500733764372348e-05 0.00054364367993318908 0.0033508758458519849 -0.00017982934091727317 0.0019849857192553735 -0.0010259367688852598 -0.0094135250272912308 0.0015245114739827125 -0.0014071630659200634 -0.001108296097571115 -0.0074011464516728206 0.00038420090599835551 0.0022158998560855092 -0.0081120988549708457 -0.0042420745389839141
leaf_weight=6786 13638 81 33908 6526 5415 52 2469 168 5709 146 25594 192 87 758
leaf_count=6786 13638 81 33908 6526 5415 52 2469 168 5709 146 25594 192 87 758
internal_value=3.93447e-05 -5.17057e-05 7.33768e-05 0.000411841 -0.000576781 -0.00891304 -0.000333164 -0.000784382 -0.00170479 -0.00780864 0.000661376 -0.000317196 -0.0154698 -0.00333333
internal_weight=101529 87891 75082 40224 8104 220 7884 12809 6023 314 32120 34858 139 950
internal_count=101529 87891 75082 40224 8104 220 7884 12809 6023 314 32120 34858 139 950
is_linear=0
shrinkage=0.05


Tree=416
num_leaves=15
num_cat=0
split_feature=20 8 29 17 57 1 27 15 8 34 16 4 45 37
split_gain=2.05503 3.49793 3.06352 2.75255 3.70896 5.18728 2.59607 2.5873 3.58525 3.80433 2.63135 2.10821 1.92962 2.81419
threshold=128.65000152587893 35.95000076293946 6.1499998569488534 15.84999990463257 217.84999847412112 185.55000305175784 6.7500000000000009 168.80000305175784 263.10000610351568 1.0000000180025095e-35 56.95000076293946 36.850000381469734 5.0509080886840829 84.500000000000014
decision_type=2 2 2 2 2 2 2 2 2 2 2 2 2 2
left_child=6 -2 3 4 5 -3 -1 10 -9 -10 -5 -4 -8 -14
right_child=1 2 11 7 -6 -7 12 8 9 -11 -12 -13 13 -15
leaf_value=0.0021362242904110983 0.0044475111107409185 -0.0041800805899766596 -0.0040572158566941959 -0.0013488784806393508 0.00050946180276377343 -0.0058712130448458424 2.6830893842379038e-06 0.0006242450497169306 -0.0043246169381403283 0.0012750558438625846 -0.010569483240947877 0.00068645344883447367 0.001141022533311078 -0.0010168171518150264
leaf_weight=1663 237 181 78 411 114 85 85822 981 50 62 110 1036 8847 1536
leaf_count=1663 237 181 78 411 114 85 85822 981 50 62 110 1036 8847 1536
internal_value=7.6712e-05 -0.00114009 -0.00159076 -0.00275948 -0.00653846 -0.00967391 0.000118413 -0.00183498 -0.00043971 -0.00852459 -0.00469868 0.000507118 8.44465e-05 0.000727894
internal_weight=101213 3345 3108 1994 380 266 97868 1614 1093 112 521 1114 96205 10383
internal_count=101213 3345 3108 1994 380 266 97868 1614 1093 112 521 1114 96205 10383
is_linear=0
shrinkage=0.05


Tree=417
num_leaves=15
num_cat=0
split_feature=18 34 20 33 20 52 20 17 55 52 52 17 38 31
split_gain=2.44225 2.56488 2.50074 2.82301 5.72412 5.13196 3.79382 3.71673 3.57027 2.89085 4.43478 2.5614 5.21172 3.28775
threshold=-29.749999999999996 -2.9500000476837154 15.250000000000002 0.45000000298023229 38.850000381469734 -0.022576250135898587 47.750000000000007 1.1500000357627871 2.5000000000000004 -0.66528618335723866 -0.65234524011611927 -21.249999999999996 3.1499999761581425 -5.3978300094604483
decision_type=2 2 2 2 2 2 2 2 2 2 2 2 2 2
left_child=1 -1 -3 9 -5 6 7 -6 -8 -4 -11 12 -12 -14
right_child=-2 2 3 4 5 -7 8 -9 -10 10 11 -13 13 -15
leaf_value=-0.0015237648464380929 -2.1275178989283958e-05 0.0024849978671546012 0.0031761405041969234 0.0012768093552367969 -0.011930883691627238 0.00047759543717627856 0.003285339292133762 -0.0040299383884869087 -0.005459664419466311 -0.02195732652954056 -0.0044666671337056504 0.0012585184760014164 -0.0030873927024684675 0.00048832329713983989
leaf_weight=821 90047 1729 1429 1055 83 356 100 85 229 71 59 4029 221 1010
leaf_count=821 90047 1729 1429 1055 83 356 100 85 229 71 59 4029 221 1010
internal_value=6.28616e-05 0.00075618 0.000967896 0.000622067 -0.00107404 -0.00409618 -0.00732742 -0.0132584 -0.00399705 0.00109753 0.000564815 0.000740289 -0.00119231 -0.000439162
internal_weight=101324 11277 10456 8727 1908 853 497 168 329 6819 5390 5319 1290 1231
internal_count=101324 11277 10456 8727 1908 853 497 168 329 6819 5390 5319 1290 1231
is_linear=0
shrinkage=0.05


Tree=418
num_leaves=15
num_cat=0
split_feature=18 0 30 4 38 25 52 13 52 33 32 24 43 45
split_gain=2.52157 2.1925 2.10355 2.28047 2.46315 2.15827 2.05935 5.92246 2.04756 5.55826 4.2888 4.05694 3.8646 2.68342
threshold=-29.749999999999996 11.250000000000002 32.500000000000007 94.200000762939467 3.1499999761581425 54.149999618530281 -0.98214942216873158 73.616966247558608 0.99552232027053844 1.1500000357627871 4.3320932388305673 38.500000000000007 87.500000000000014 -10.800154209136961
decision_type=2 2 8 2 2 2 2 2 2 2 2 2 10 2
left_child=2 -2 5 6 -5 -1 7 -4 -3 10 11 -10 -12 -13
right_child=1 8 3 4 -6 -7 -8 -9 9 -11 12 13 -14 -15
leaf_value=0.0025101102026514385 0.0049200249994288611 -2.8914652027929947e-05 0.0012960998175386832 -0.0031184130286148258 -0.00032185557626779207 -0.0021443781119686134 0.0010878553130524991 -0.0051752675839450866 -0.00039487266753192085 0.0024663348679490713 -0.0079771127600158434 0.0061069597896055818 -0.0025144221654614819 -0.0043954509890673267
leaf_weight=1422 708 86514 312 65 2737 63 6508 94 1221 829 89 54 169 327
leaf_count=1422 708 86514 312 65 2737 63 6508 94 1221 829 89 54 169 327
internal_value=3.81719e-05 -4.99881e-05 0.00074525 0.000476044 -0.000725462 0.00249164 0.000963316 -0.00245192 -7.21306e-05 -0.00142831 -0.00294118 -0.00194789 -0.00880597 -0.00638107
internal_weight=101112 89911 11201 9716 2802 1485 6914 406 89203 2689 1860 1602 258 381
internal_count=101112 89911 11201 9716 2802 1485 6914 406 89203 2689 1860 1602 258 381
is_linear=0
shrinkage=0.05


Tree=419
num_leaves=15
num_cat=0
split_feature=50 52 4 16 53 46 40 38 37 19 57 15 57 19
split_gain=3.07847 3.25723 6.00385 5.77251 2.6787 2.90712 4.82445 3.3843 2.6142 3.69358 2.9945 4.9081 3.34999 2.80114
threshold=0.91597560048103344 0.9970000982284547 33.95000076293946 28.349999427795414 -0.94703993201255787 17.150000572204593 977.45001220703136 25.150000572204593 95.500000000000014 152.50000000000003 170.91666412353518 222.35000610351565 154.83332824707034 229.35000610351565
decision_type=2 2 2 2 2 2 2 2 2 2 2 2 2 2
left_child=8 4 -3 -4 -2 -6 7 -7 -1 -10 11 -11 -13 -14
right_child=1 2 3 -5 5 6 -8 -9 9 10 -12 12 13 -15
leaf_value=9.6885990424041817e-05 0.0017778215645247561 0.00061888683722590072 -0.010366274992718055 0.00042858815065914004 -0.00061722124938956655 -0.018610542711854399 0.0025879778420086824 -0.0068368217605493612 0.0040804538438855295 0.00029574129670299656 0.0014471575385355212 -0.0047866652265890798 0.0019365487335507572 -0.0044631587297079504
leaf_weight=84706 1282 158 105 59 10851 55 119 51 1594 546 1319 98 77 50
leaf_count=84706 1282 158 105 59 10851 55 119 51 1594 546 1319 98 77 50
internal_value=7.41988e-05 -0.000654058 -0.00554217 -0.011954 -0.000522315 -0.000773047 -0.0062766 -0.0135345 0.000178733 0.00148078 9.52383e-05 -0.00236236 -0.00840425 -0.00266423
internal_weight=101070 12680 322 164 12358 11076 225 106 88390 3684 2090 771 225 127
internal_count=101070 12680 322 164 12358 11076 225 106 88390 3684 2090 771 225 127
is_linear=0
shrinkage=0.05


Tree=420
num_leaves=15
num_cat=0
split_feature=50 33 13 33 53 47 9 46 13 53 33 52 13 16
split_gain=2.18425 3.45845 4.61305 3.33014 2.67132 2.82998 3.13762 2.73333 4.59652 4.96896 2.57695 9.13465 23.8042 5.14458
threshold=0.91597560048103344 26.750000000000004 52.455356597900398 30.550000190734867 -0.90892156958580006 11.678759574890138 38.45000076293946 15.650000095367433 52.455356597900398 -0.53495380282402027 1.6500000357627871 -0.98214942216873158 73.06577301025392 48.350000381469734
decision_type=2 2 2 2 2 2 2 2 2 2 2 2 2 2
left_child=3 4 -3 10 5 -2 -7 -6 9 -9 -1 12 13 -12
right_child=1 2 -4 -5 7 6 -8 8 -10 -11 11 -13 -14 -15
leaf_value=0.00021553076528226406 0.0021764066951758501 0.00037368681099344815 -0.010552780398009045 0.0044183789821893435 -0.00058590693291956221 0.005329827236214211 -0.011987237870090608 -0.014460881040629696 0.00627280888979869 0.0078981112993441842 -9.6119060275999408e-05 -0.00012135971039855597 -0.0089598152412284637 -0.0088515747874640463
leaf_weight=72380 1509 82 62 820 10755 52 70 96 74 55 606 14641 132 55
leaf_count=72380 1509 82 62 820 10755 52 70 96 74 55 606 14641 132 55
internal_value=7.29299e-05 -0.000538582 -0.00798701 0.000160981 -0.00044727 0.0014351 -0.00560606 -0.000727934 -0.00606383 -0.0108385 0.000131172 -0.000455193 -0.00564757 -0.00163189
internal_weight=101389 12755 144 88634 12611 1631 122 10980 225 151 87814 15434 793 661
internal_count=101389 12755 144 88634 12611 1631 122 10980 225 151 87814 15434 793 661
is_linear=0
shrinkage=0.05


Tree=421
num_leaves=15
num_cat=0
split_feature=0 20 14 57 41 43 48 51 36 26 14 8 48 17
split_gain=2.34573 3.42799 3.42805 3.11033 6.51051 5.45772 3.01529 2.81164 3.62596 3.25605 2.75522 3.74583 2.75199 2.83603
threshold=36.850000381469734 4.4500000476837167 24.880500793457035 66.950000762939467 31.500000000000004 72.500000000000014 -1.0500000119209287 0.37940952181816107 27.050000190734867 0.69868040084838878 4.6377301216125497 27.050000190734867 3.3500000238418584 -20.849999427795407
decision_type=2 2 2 2 2 10 2 2 2 2 2 2 2 2
left_child=1 6 3 7 -5 -6 -1 9 -9 -3 11 -11 13 -8
right_child=-2 2 -4 4 5 -7 12 8 -10 10 -12 -13 -14 -15
leaf_value=-0.00040122406132069716 -7.4763861384097814e-05 0.00064762627152391576 0.0055234303202309175 0.0013435761060707312 0.0026271780108074621 -0.0071879507845963551 0.00020502972764736908 0.00057336207407766978 0.0045984364317683728 -0.0091049339950868297 -0.0006274774982050654 -0.001893252525979207 0.0013249185151399431 -0.0041250389794222821
leaf_weight=1965 76674 9251 1631 775 100 293 153 4359 2177 52 3321 202 90 372
leaf_count=1965 76674 9251 1631 775 100 293 153 4359 2177 52 3321 202 90 372
internal_value=4.36285e-05 0.00046685 0.000667764 0.000491724 -0.0020034 -0.00715881 -0.00125483 0.000643197 0.0014864 0.000212683 -0.00106695 -0.00598485 -0.00428 -0.00565421
internal_weight=101415 24741 22161 20530 1168 393 2580 19362 6536 12826 3575 254 615 525
internal_count=101415 24741 22161 20530 1168 393 2580 19362 6536 12826 3575 254 615 525
is_linear=0
shrinkage=0.05


Tree=422
num_leaves=15
num_cat=0
split_feature=50 44 38 40 12 48 48 38 24 16 21 13 3 52
split_gain=2.04791 3.50265 4.38252 4.41822 6.5086 3.96828 3.65319 3.75091 4.35131 6.64913 5.13019 4.21373 4.53275 3.8749
threshold=0.91597560048103344 -1.7454025745391843 21.250000000000004 979.64999389648449 35.213890075683601 -1.5500000119209287 4.9500000476837167 15.84999990463257 8.5000000000000018 82.549999237060561 13.500000000000002 34.234523773193366 21.650000572204593 -0.022576250135898587
decision_type=2 2 2 2 2 2 2 2 2 2 2 2 2 2
left_child=1 -1 3 4 -3 -5 7 8 11 -10 -11 12 -7 -13
right_child=-2 2 -4 5 -6 6 -8 -9 9 10 -12 13 -14 -15
leaf_value=0.00047068030187077682 -0.0004805206460296109 0.00073275807641159322 0.00087352630206346453 0.0006702727846139068 -0.0023181003411557547 -0.00043142130910968991 0.00031550491783398338 0.00066561600711525495 -0.001472471133283952 -0.0071061278158005454 -0.0026293663796711523 -0.0010485800908148226 -0.0081971827222178037 0.00050975921600701862
leaf_weight=37873 12633 2406 9411 7581 4057 106 8822 2906 4546 60 155 5101 84 5364
leaf_count=37873 12633 2406 9411 7581 4057 106 8822 2906 4546 60 155 5101 84 5364
internal_value=5.85968e-05 0.000143645 -0.000128534 -0.000350988 -0.00155029 -0.000127393 -0.000409884 -0.000812241 -0.00112278 -0.00237791 -0.0107778 -0.000560244 -0.00775 -0.000422434
internal_weight=101105 88472 50599 41188 6463 34725 27144 18322 15416 4761 215 10655 190 10465
internal_count=101105 88472 50599 41188 6463 34725 27144 18322 15416 4761 215 10655 190 10465
is_linear=0
shrinkage=0.05


Tree=423
num_leaves=15
num_cat=0
split_feature=45 7 56 19 8 44 31 8 20 13 13 13 13 10
split_gain=2.18449 2.0717 2.08372 3.31114 3.00642 2.00609 3.0869 2.30485 2.11511 3.17685 2.11906 2.08476 2.66987 1.98193
threshold=-14.369521141052244 11.250000000000002 14.050000190734865 21.750000000000004 76.950000762939467 11.516139984130861 9.7058014869689959 43.850000381469734 76.250000000000014 54.825893402099616 44.922321319580085 35.901191711425788 38.700893402099616 194.50833129882815
decision_type=2 2 2 2 2 2 2 2 2 2 2 2 2 2
left_child=-1 -2 4 -4 -3 13 8 -8 10 -10 11 -7 -13 -5
right_child=1 2 3 5 -6 6 7 -9 9 -11 -12 12 -14 -15
leaf_value=0.0025640980708216969 0.003856876143986358 -0.00098819613347967804 0.0041089721883993385 4.5440008871144479e-05 -0.0040393897974617711 0.0022415600710646603 -0.00040752014711589236 -0.004004331137215154 0.0047111812022570011 -0.0061416434625267838 0.001594759959612497 -0.0076133744192424628 -0.0011155482580539114 -0.00072438551083906834
leaf_weight=809 803 1009 1356 93073 77 186 75 72 57 70 299 67 126 2956
leaf_count=809 803 1009 1356 93073 77 186 75 72 57 70 299 67 126 2956
internal_value=4.72564e-05 2.62383e-05 5.6824e-06 2.98435e-05 -0.00216241 -4.58787e-06 -0.00227651 -0.00869427 -0.00101227 -0.00667883 0.000130814 -0.00232648 -0.00583744 1.81699e-05
internal_weight=101035 100226 99423 98337 1086 96981 952 147 805 127 678 379 193 96029
internal_count=101035 100226 99423 98337 1086 96981 952 147 805 127 678 379 193 96029
is_linear=0
shrinkage=0.05


Tree=424
num_leaves=15
num_cat=0
split_feature=40 16 50 4 28 37 14 13 12 27 55 13 36 12
split_gain=2.07017 2.97117 2.53595 2.20501 2.08532 3.38333 4.47028 4.58911 3.93868 4.1164 3.65146 2.97604 3.77144 4.35099
threshold=995.54998779296886 94.90000152587892 0.37940952181816107 163.6499938964844 26.500000000000004 24.500000000000004 6.2700099945068368 49.951488494873054 35.547916412353523 30.849999427795414 1.0000000180025095e-35 42.051786422729499 33.250000000000007 54.402778625488288
decision_type=2 2 2 2 2 2 2 2 2 2 2 2 2 2
left_child=4 -2 -3 -4 5 6 8 -8 9 -1 -9 12 13 -6
right_child=1 2 3 -5 11 -7 7 10 -10 -11 -12 -13 -14 -15
leaf_value=-0.0036028791486698297 0.0038141271416453067 0.00063772725622635832 0.00025181932379935416 -0.005543446090314698 -0.0007944333927149415 0.0020785241458574177 0.00090430623701867998 -0.0045699734767195056 -0.0071671357700412294 0.0016112819731139223 -0.0017357616933582046 7.0437585812399637e-05 0.0015863506864773561 -0.013643033178241802
leaf_weight=53 908 158 52 64 14631 4034 1997 68 122 234 198 76578 2151 57
leaf_count=53 908 158 52 64 14631 4034 1997 68 122 234 198 76578 2151 57
internal_value=3.42992e-05 0.0021057 -0.00239437 -0.00769841 9.63737e-06 0.000860631 -0.00051827 0.000358557 -0.00526253 -0.00190236 -0.00568841 -5.15374e-05 -0.000653154 -0.000939583
internal_weight=101305 1182 274 116 100123 6706 2672 2263 409 287 266 93417 16839 14688
internal_count=101305 1182 274 116 100123 6706 2672 2263 409 287 266 93417 16839 14688
is_linear=0
shrinkage=0.05


Tree=425
num_leaves=15
num_cat=0
split_feature=48 37 26 28 0 52 49 57 22 54 51 4 27 32
split_gain=2.01258 3.23936 3.80859 3.45836 3.38108 4.28645 4.07212 3.17767 3.72409 3.61498 3.07787 2.97162 2.89896 2.79988
threshold=5.3500001430511483 43.500000000000007 0.30636122822761541 45.500000000000007 11.250000000000002 0.9970000982284547 742.50000000000011 26.383333206176761 2298.0000000000005 3.5000000000000004 1.0000000180025095e-35 21.050000190734867 37.149999618530281 -7.8848578929901114
decision_type=2 2 2 2 2 2 8 2 2 2 2 2 2 2
left_child=1 2 -1 10 -4 7 -7 11 -9 -10 -3 -6 13 -5
right_child=-2 3 4 12 5 6 -8 8 9 -11 -12 -13 -14 -15
leaf_value=0.003127595423424296 0.00046799711007752934 0.0027297996354863603 0.0069330143854254679 0.0013800399737909034 0.00024139349795112162 -0.003105121656982528 -0.0065415461748066315 -0.00026089495194773853 0.0034649403100910948 -0.005498708663369007 4.0662891846746801e-05 -0.0027658377404206104 -0.0062379986850160741 -8.1849293727766416e-05
leaf_weight=787 15096 4922 390 3120 482 331 105 8520 139 358 4740 1283 117 60890
leaf_count=787 15096 4922 390 3120 482 331 105 8520 139 358 4740 1283 117 60890
internal_value=4.88698e-05 -4.44345e-05 -0.000792019 8.12343e-05 -0.00102083 -0.00118098 -0.00598655 -0.000981282 -0.000599867 -0.00476331 0.000962573 -0.00291549 -5.1686e-05 -3.67071e-05
internal_weight=101280 86184 12395 73789 11608 11218 436 10782 9017 497 9662 1765 64127 64010
internal_count=101280 86184 12395 73789 11608 11218 436 10782 9017 497 9662 1765 64127 64010
is_linear=0
shrinkage=0.05


Tree=426
num_leaves=15
num_cat=0
split_feature=57 48 23 9 12 38 15 57 40 23 51 38 45 41
split_gain=2.39737 1.86457 3.31116 2.9395 4.14083 5.85729 3.1539 3.11304 2.84981 2.67858 2.49239 2.32261 4.48148 4.09743
threshold=209.20000457763675 6.4500000476837167 0.38499999046325689 87.65000152587892 66.677085876464858 12.84999990463257 100.50000000000001 57.549999237060554 983.14999389648449 0.17500000447034839 0.12940952181816107 7.7500000000000009 -7.5551869869232169 1.0000000180025095e-35
decision_type=2 2 2 2 2 2 2 2 2 2 2 2 2 2
left_child=1 9 3 4 6 -6 10 -7 -8 -1 -3 12 13 -11
right_child=-2 2 -4 -5 5 7 8 -9 -10 11 -12 -13 -14 -15
leaf_value=0.0011810471365259947 0.001361088347730301 -0.00050995583706481696 0.0013901185519182404 0.0013368384959369793 -0.00054677015995659173 -0.0026037514742037271 -0.010895499973619922 -0.0080942416982277294 -0.0010455450438691817 -0.0052185157005116053 0.0052395595013111328 -7.1024782879716331e-06 -0.00033290838029625833 -0.0006736337618890669
leaf_weight=3634 1794 2349 5544 1454 299 60 63 89 165 640 567 75711 8240 559
leaf_count=3634 1794 2349 5544 1454 299 60 63 89 165 640 567 75711 8240 559
internal_value=6.16737e-05 2.88781e-05 0.000655661 -0.000270965 -0.00103831 -0.00548035 -0.000389981 -0.013239 -0.00592437 -4.59489e-05 6.15176e-05 -0.000102748 -0.000841888 -0.00368486
internal_weight=101168 99374 10590 5046 3592 448 3144 149 228 88784 2916 85150 9439 1199
internal_count=101168 99374 10590 5046 3592 448 3144 149 228 88784 2916 85150 9439 1199
is_linear=0
shrinkage=0.05


Tree=427
num_leaves=15
num_cat=0
split_feature=10 56 13 9 26 53 11 11 45 37 12 15 43 43
split_gain=2.36487 3.87519 4.31603 4.37298 3.88014 3.91313 3.3372 3.06754 3.60065 8.19106 4.64472 6.02751 3.68958 3.17498
threshold=48.658334732055671 55.549999237060554 158.95951843261722 86.700000762939467 0.48961192369461065 -0.99761277437210072 61.699998855590827 96.702083587646499 3.4721724987030034 82.500000000000014 57.259029388427741 56.95000076293946 302.50000000000006 512.50000000000011
decision_type=2 2 2 2 2 2 2 2 2 2 2 2 8 10
left_child=6 2 3 4 5 -2 -1 8 -6 10 11 -10 -12 -9
right_child=1 -3 -4 -5 7 -7 -8 13 9 -11 12 -13 -14 -15
leaf_value=0.0001929620826808656 -0.0027695507445507548 6.6991948826543413e-05 -0.021243522846241022 0.0008418194037040235 -0.00087319715229977753 0.0023898202159524863 0.0020404924510149854 -0.0055900485817850041 -0.0066237994233982319 -0.0056917057405684868 -0.012841445639361264 0.0012090484965116401 -0.002339635601512579 -0.0051031104263659643
leaf_weight=38219 72 45599 88 3211 7080 1499 3097 61 80 302 67 905 509 186
leaf_count=38219 72 45599 88 3211 7080 1499 3097 61 80 302 67 905 509 186
internal_value=5.96625e-05 -0.000141698 -0.000867093 -0.000793162 -0.00127611 0.00101518 0.000350385 -0.00166848 -0.00151178 -0.00346236 -0.00197008 0.000125628 -0.00549488 -0.00706226
internal_weight=100975 59659 14060 13972 10761 1571 41316 9190 8943 1863 1561 985 576 247
internal_count=100975 59659 14060 13972 10761 1571 41316 9190 8943 1863 1561 985 576 247
is_linear=0
shrinkage=0.05


Tree=428
num_leaves=15
num_cat=0
split_feature=1 57 40 40 8 40 16 57 56 4 4 40 15 15
split_gain=2.05462 3.86961 3.41413 2.69236 2.90173 4.71355 4.76366 3.69873 2.69877 2.89453 2.41968 4.2359 3.92858 4.60976
threshold=182.75000000000003 147.216667175293 985.85000610351574 994.14999389648449 188.85000610351565 989.04998779296886 75.549999237060561 120.25000000000001 96.500000000000014 68.599998474121108 103.70000076293947 989.95001220703136 99.799999237060561 81.599998474121108
decision_type=2 2 2 2 2 2 2 2 2 2 2 2 2 2
left_child=1 3 -2 4 10 8 -7 -8 9 -6 12 -12 13 -1
right_child=2 -3 -4 -5 5 6 7 -9 -10 -11 11 -13 -14 -15
leaf_value=9.0546708013852133e-05 -0.003851237568742916 0.0011559383507534899 -0.00045060378461926083 0.0019158154915790014 -0.0018556346808984382 0.0023660747170330819 -0.0088869042442255089 -0.0019075997258534609 -0.0021177456704089899 -0.012647672033055208 3.0349164758323768e-05 -0.0018006898197345574 0.00056466935371802596 -0.00087125488288525765
leaf_weight=46479 88 4834 3996 1931 67 592 51 107 97 95 6030 3664 19395 13670
leaf_count=46479 88 4834 3996 1931 67 592 51 107 97 95 6030 3664 19395 13670
internal_value=1.51328e-05 6.14296e-05 -0.00108207 -1.09557e-05 -5.05776e-05 -0.00270363 -0.000657895 -0.00809524 -0.0083829 -0.0121512 -2.02804e-05 -0.000765663 7.0644e-05 -0.000128908
internal_weight=101096 97012 4084 92178 90247 1009 750 158 259 162 89238 9694 79544 60149
internal_count=101096 97012 4084 92178 90247 1009 750 158 259 162 89238 9694 79544 60149
is_linear=0
shrinkage=0.05


Tree=429
num_leaves=15
num_cat=0
split_feature=17 35 17 45 48 40 22 15 52 49 26 7 42 27
split_gain=2.24355 2.88508 2.73067 3.23928 3.55936 3.05736 2.9045 5.21561 2.88711 3.74051 2.75237 2.47567 3.19428 2.88879
threshold=6.5499999523162851 21.500000000000004 -31.650000572204586 -3.4053983688354488 -5.9500000476837149 990.04998779296886 2160.0000000000005 192.09999847412112 0.5986820161342622 -1497.4999999999998 0.69379320740699779 32.45000076293946 6.1499998569488534 30.550000190734867
decision_type=2 2 2 2 2 2 2 2 2 10 2 2 2 2
left_child=1 2 3 4 5 -1 -5 -8 -7 -10 -9 -4 13 -13
right_child=-2 -3 11 6 -6 8 7 10 9 -11 -12 12 -14 -15
leaf_value=-0.0005059808261812926 0.00034501876410536838 -0.00060222686323896629 0.00052856951081443556 0.0023081117067668723 0.0011234319912752722 -0.0014586628692094656 -0.0036548184932211391 -0.0020051597373076584 -0.0010497747070771937 -0.020417351481765801 0.00078972062445994767 -0.00040454770797259938 9.9914407720984015e-05 -0.0019009121327541905
leaf_weight=748 36857 16217 9171 5668 1213 360 190 52 59 51 850 10476 16543 3156
leaf_count=748 36857 16217 9171 5668 1213 360 190 52 59 51 850 10476 16543 3156
internal_value=5.71242e-05 -0.000120128 7.28162e-05 0.000848278 -0.000714871 -0.00261401 0.00141064 -0.000943738 -0.00572917 -0.0125 0.00066886 -0.000108497 -0.000327149 -0.000893564
internal_weight=101611 64754 48537 9191 2431 1218 6760 1092 470 110 902 39346 30175 13632
internal_count=101611 64754 48537 9191 2431 1218 6760 1092 470 110 902 39346 30175 13632
is_linear=0
shrinkage=0.05


Tree=430
num_leaves=15
num_cat=0
split_feature=0 47 13 56 23 44 28 41 42 31 16 57 56 0
split_gain=2.63731 4.14175 4.12201 3.67456 2.79704 5.54981 4.37716 2.86295 2.34916 2.8655 2.78955 5.19404 2.77106 2.24953
threshold=204.19999694824222 6.4204165935516366 144.49970245361331 194.85000610351565 0.50499999523162853 -1.2880276441574094 94.500000000000014 51.500000000000007 4.1499998569488534 3.0978757143020634 71.349998474121108 164.466667175293 187.44999694824222 43.250000000000007
decision_type=2 2 2 2 2 2 2 2 2 2 2 2 2 2
left_child=3 4 -3 13 5 -2 7 -7 9 10 11 -6 -11 -1
right_child=1 2 -4 -5 8 6 -8 -9 -10 12 -12 -13 -14 -15
leaf_value=0.00029427489701093756 0.00053271471379047724 0.0018506064503911318 -0.0033781896590282788 0.002091603385856193 0.002570925724552977 0.001940887727921412 -0.0045328732738033227 -0.0040232081365009246 0.0015599592548339548 -0.0024324835994244502 0.00030976336482692953 -0.005241952690502056 -0.00076730798965421974 -0.00011262547638024915
leaf_weight=34323 305 72 109 1724 60 115 111 77 952 90 685 68 81 62359
leaf_count=34323 305 72 109 1724 60 115 111 77 952 90 685 68 81 62359
internal_value=2.32845e-05 -0.00150823 -0.00861257 6.58431e-05 -0.000971026 -0.00389968 -0.00857827 -0.00366337 -3.5971e-05 -0.00174044 -0.000467801 -0.00695652 -0.00743094 2.49247e-05
internal_weight=101131 2725 181 98406 2544 608 303 192 1936 984 813 128 171 96682
internal_count=101131 2725 181 98406 2544 608 303 192 1936 984 813 128 171 96682
is_linear=0
shrinkage=0.05


Tree=431
num_leaves=15
num_cat=0
split_feature=16 57 13 41 46 8 3 11 53 19 12 12 33 23
split_gain=2.08459 3.83887 4.59948 6.04232 4.97291 4.39525 4.6482 3.61391 3.18211 4.44699 4.39555 4.50955 4.75634 4.28922
threshold=64.15000152587892 81.683330535888686 55.424108505249031 99.500000000000014 0.65000000596046459 79.500000000000014 212.55000305175784 74.270835876464858 0.92843842506408703 257.50000000000006 162.45346832275393 103.39791870117189 9.3499999046325701 0.60500001907348644
decision_type=2 2 2 2 2 2 2 2 2 2 2 2 2 2
left_child=1 -1 3 -3 -5 6 -4 -2 10 -10 11 12 13 -7
right_child=7 2 5 4 -6 8 -8 -9 9 -11 -12 -13 -14 -15
leaf_value=3.5538523352135526e-07 -0.0051014193006368794 -0.00078316171490103767 0.0022685764489185113 -0.0027123696839898613 -0.0058655314938467424 -0.0014397774081227528 -0.0028264621021176009 -0.0003081201524167235 0.0020585639547530516 -0.0058561600353401614 -0.013536446472410877 0.0013241626091706465 -0.0041823080992212719 0.0015613618036441341
leaf_weight=71926 53 720 6493 92 69 2691 100 13445 1875 52 70 2404 78 1203
leaf_count=71926 53 720 6493 92 69 2691 100 13445 1875 52 70 2404 78 1203
internal_value=6.66958e-05 0.000155668 0.000859873 -0.00263187 -0.0110819 0.00106704 0.00203165 -0.000511549 0.000305977 0.00208312 -0.000227695 -8.14279e-05 -0.00111502 -0.000852971
internal_weight=101271 87773 15847 881 161 14966 6593 13498 8373 1927 6446 6376 3972 3894
internal_count=101271 87773 15847 881 161 14966 6593 13498 8373 1927 6446 6376 3972 3894
is_linear=0
shrinkage=0.05


Tree=432
num_leaves=15
num_cat=0
split_feature=23 52 52 51 45 43 40 8 11 43 12 51 47 42
split_gain=2.10315 3.46502 3.84761 3.28462 3.09873 4.1492 3.04983 3.69007 3.71414 4.41235 4.74119 3.49203 2.89427 3.07331
threshold=0.95499998331069957 -0.98214942216873158 -0.72696319222450245 -0.37940952181816096 -3.6127644777297969 1027.5000000000002 975.35000610351574 100.90000152587892 47.604166030883796 452.50000000000006 47.831945419311531 0.37940952181816107 6.5613248348236093 7.8500001430511483
decision_type=2 2 2 2 2 10 2 2 2 8 2 2 2 2
left_child=-1 12 -3 4 -4 -6 -5 8 -8 -10 -11 -12 -2 -14
right_child=1 2 3 6 5 -7 7 -9 9 10 11 -13 13 -15
leaf_value=-3.7999733634285422e-05 0.00016151576781777799 0.0026223191056503354 0.0027233959697731229 0.0021304751351633538 -0.0021470004991480511 0.0013010080348739047 0.0032701970478357864 0.0017067575425477194 -0.00090070130262163853 0.017508807310671424 -0.0048739383129377707 -0.0087972042548722235 -0.0071730363100266552 -0.0024382220198265084
leaf_weight=87959 111 2601 643 2890 2371 937 532 1359 1638 66 181 92 58 57
leaf_count=87959 111 2601 643 2890 2371 937 532 1359 1638 66 181 92 58 57
internal_value=4.6057e-05 0.000626015 0.000731982 0.000312063 -0.00083186 -0.00144967 0.000981088 6.18878e-05 -0.00107384 -0.00207096 -0.00717765 -0.0100177 -0.00538136 -0.0106
internal_weight=101495 13536 13310 10709 3951 3308 6758 3868 2509 1977 339 273 226 115
internal_count=101495 13536 13310 10709 3951 3308 6758 3868 2509 1977 339 273 226 115
is_linear=0
shrinkage=0.05


Tree=433
num_leaves=15
num_cat=0
split_feature=36 56 12 55 46 36 43 50 20 8 38 52 52 45
split_gain=2.2476 3.678 4.31989 3.26813 6.19179 9.30513 4.6223 4.584 4.03968 3.73198 3.4939 3.22477 5.65605 3.85039
threshold=31.94999980926514 70.65000152587892 91.495140075683608 1.0000000180025095e-35 0.84999999403953563 34.649999618530281 57.500000000000007 -0.6035533845424651 4.4500000476837167 49.049999237060554 12.750000000000002 -0.86976337432861317 -0.87812310457229603 -0.75076737999916066
decision_type=2 2 2 2 2 2 8 2 2 2 2 2 2 2
left_child=-1 3 -3 4 8 -6 7 9 10 -5 -2 12 13 -8
right_child=1 2 -4 6 5 -7 11 -9 -10 -11 -12 -13 -14 -15
leaf_value=-5.0857986996035809e-05 -0.0064892247523387226 0.0037937991972112279 -0.0072590848836497262 -0.0017201194709438471 -0.0019472050804515096 -0.0096979043377659994 0.0013786871297465991 0.0030965238716595764 0.00029352722342836676 -0.0081042575040518022 -0.0010641981372468087 0.0011397052887947153 -0.0065188431265653032 -0.001198086573742389
leaf_weight=83284 64 1531 100 98 250 53 882 117 1930 143 99 11395 94 1429
leaf_count=83284 64 1531 100 98 250 53 882 117 1930 143 99 11395 94 1429
internal_value=4.47878e-05 0.000548228 0.00280622 0.000324197 -0.00137988 -0.0079393 0.000613354 -0.00491848 -0.000397052 -0.00874502 -0.00771676 0.000760319 -0.000900621 -0.000385609
internal_weight=101469 18185 1631 16554 2396 303 14158 358 2093 241 163 13800 2405 2311
internal_count=101469 18185 1631 16554 2396 303 14158 358 2093 241 163 13800 2405 2311
is_linear=0
shrinkage=0.05


Tree=434
num_leaves=15
num_cat=0
split_feature=36 25 10 32 14 47 26 23 55 52 26 14 13 20
split_gain=2.13477 7.18659 3.57028 3.55387 3.51585 3.21184 5.16846 3.29802 4.04766 4.76189 4.79936 4.00583 5.93841 3.526
threshold=14.449999809265138 4.4500000476837167 135.59999847412112 2.5095602273941044 73.10135650634767 5.6510870456695566 0.70154631137847911 0.31499999761581426 3.5000000000000004 -0.54220184683799733 0.6903880536556245 14.112707614898683 79.94940567016603 6.7500000000000009
decision_type=2 2 2 2 2 2 2 2 2 2 2 2 2 2
left_child=1 -1 5 4 -4 -3 7 -7 9 10 -9 12 13 -10
right_child=-2 2 3 -5 -6 6 -8 8 11 -11 -12 -13 -14 -15
leaf_value=-0.003760034833113093 -4.8486045407650963e-05 0.0022767282151967593 0.00022380710005534218 -0.0017299349333604658 -0.0027484182078386442 0.0034629419593305458 -0.0023144440340994855 0.00010998127030466759 -0.0032828070496663214 0.002673111149316999 -0.0074498200877123463 5.0471880347080917e-05 -0.0059785794105033548 0.00046864365507000809
leaf_weight=115 84259 4369 5584 711 199 1773 1185 124 50 1612 66 986 147 269
leaf_count=115 84259 4369 5584 711 199 1773 1185 124 50 1612 66 986 147 269
internal_value=3.88829e-05 0.000546512 0.000633597 -0.000289053 0.000123425 0.0011996 0.000467695 0.00116835 0.000220588 0.00179912 -0.0055 -0.00173735 -0.0055042 -0.00153495
internal_weight=101449 17190 17075 6494 5783 10581 6212 5027 3254 1802 190 1452 466 319
internal_count=101449 17190 17075 6494 5783 10581 6212 5027 3254 1802 190 1452 466 319
is_linear=0
shrinkage=0.05


Tree=435
num_leaves=15
num_cat=0
split_feature=33 24 47 38 33 45 49 37 26 16 31 52 38 31
split_gain=2.26672 2.09687 4.66237 4.38104 7.71229 5.19897 4.48888 4.51935 6.93651 4.58663 4.35686 7.41171 4.26861 4.21245
threshold=35.20000076293946 4.5000000000000009 10.821825027465822 15.750000000000002 15.650000095367433 1.2413497567176821 10.625000000000002 94.500000000000014 0.97697535157203685 72.299999237060561 -0.34380599856376642 -0.79384350776672352 8.7500000000000018 6.8536422252655038
decision_type=2 2 2 2 2 2 8 2 2 2 2 2 2 2
left_child=1 2 13 4 5 6 7 8 9 12 -11 -12 -3 -1
right_child=-2 3 -4 -5 -6 -7 -8 -9 -10 10 11 -13 -14 -15
leaf_value=0.0002987633717662988 0.0039539781495693434 -0.0029765470112202569 -0.0017715848198398719 0.00024468266263258083 -0.0050691660665844436 0.00067478492672188803 -0.0001367156426340669 0.0024212841659205981 -0.0041946000697032906 -0.0015020512496606775 -0.0083960494909998892 -0.0025460662405837331 -0.00067538804457909852 0.00286209206288218
leaf_weight=27740 592 2011 1594 37115 275 6498 14244 852 193 309 51 203 6721 2958
leaf_count=27740 592 2011 1594 37115 275 6498 14244 852 193 309 51 203 6721 2958
internal_value=0.000113746 9.54613e-05 0.000427528 -6.11838e-05 -0.000496222 -0.000421008 -0.000753436 -0.00154589 -0.00185934 -0.00165771 -0.00599476 -0.0107197 -0.00137154 0.000564674
internal_weight=101356 100764 32292 68472 31357 31082 24584 10340 9488 9295 563 254 8732 30698
internal_count=101356 100764 32292 68472 31357 31082 24584 10340 9488 9295 563 254 8732 30698
is_linear=0
shrinkage=0.05


Tree=436
num_leaves=15
num_cat=0
split_feature=10 57 56 13 31 32 31 57 43 29 56 37 14 12
split_gain=1.9494 3.2944 2.76362 2.41125 3.49082 3.5972 4.66323 2.27415 3.4582 2.43977 2.59452 2.3233 2.01559 3.45024
threshold=194.50833129882815 191.93333435058597 123.15000152587892 134.99732208251956 -4.4957938194274893 3.4458376169204716 0.5560993254184724 228.8666687011719 25.02689361572266 1.4499999880790713 199.05000305175784 93.500000000000014 50.162443161010749 160.17708587646487
decision_type=2 2 2 2 2 2 2 2 8 2 2 2 2 2
left_child=1 12 -2 -4 -5 7 -7 8 9 -6 -11 -12 13 -1
right_child=2 -3 3 4 5 6 -8 -9 -10 10 11 -13 -14 -15
leaf_value=5.0747705005418099e-05 -0.0029470572833124199 0.0029857422704202435 0.0014883111085462319 -0.0035210183902468807 0.0011041763502443601 0.00048878657669244397 -0.005993378310305799 0.0014837201940278257 -2.6717000725013199e-06 -0.0037885459283939662 -0.0038674011646393602 0.00070866521731644634 0.0014083655090778803 -0.0013350414582870283
leaf_weight=93514 239 1431 620 183 63 67 57 607 932 85 65 81 2266 1187
leaf_count=93514 239 1431 620 183 63 67 57 607 932 85 65 81 2266 1187
internal_value=5.55683e-05 9.3895e-05 -0.00119807 -0.000740072 -0.00153488 -0.000897305 -0.00880597 -0.000317417 -0.0015534 -0.00618421 -0.00848548 -0.00397436 5.86223e-05 2.32815e-05
internal_weight=101397 98398 2999 2760 2140 1957 124 1833 1226 294 231 146 96967 94701
internal_count=101397 98398 2999 2760 2140 1957 124 1833 1226 294 231 146 96967 94701
is_linear=0
shrinkage=0.05


Tree=437
num_leaves=15
num_cat=0
split_feature=6 57 13 8 57 36 18 51 44 33 53 44 16 38
split_gain=2.38724 3.51683 3.44512 3.92978 3.67423 3.74485 3.38501 3.18056 5.31024 3.37446 4.45917 4.07343 3.16592 4.7767
threshold=63.449998855590827 90.283336639404311 67.070831298828139 21.650000572204593 31.116666793823246 23.750000000000004 -22.650000572204586 -0.7865660786628722 -6.0919892787933341 2.6499999761581425 -0.80417042970657338 -3.2890467643737789 75.099998474121108 11.34999990463257
decision_type=2 2 2 2 2 2 2 2 2 2 2 2 2 2
left_child=2 6 -1 -4 5 -5 -2 9 -9 -8 11 -11 -10 -14
right_child=1 -3 3 4 -6 -7 7 8 12 10 -12 -13 13 -15
leaf_value=5.2560244220069635e-05 0.00010220864658658722 0.00012992071512955348 -0.0078477641420477071 -0.0046755173643640568 0.0015280114666885898 0.00095411628476670606 0.00041071583562158579 0.00045663895235538687 -0.0016684725394580744 -0.0076599591264670504 0.0030869918035619191 0.0011767302479421878 0.00071291682315935715 -0.0072579128968128029
leaf_weight=51010 6970 20537 82 112 8048 109 3512 2119 8187 102 166 56 135 206
leaf_count=51010 6970 20537 82 112 8048 109 3512 2119 8187 102 166 56 135 206
internal_value=9.91524e-06 -0.000278571 0.000213994 0.00115477 0.00126767 -0.00495671 -0.000726133 -0.0011616 -0.00160599 7.28031e-05 -0.00473054 -0.0104762 -0.0021621 -0.00682336
internal_weight=101351 41990 59361 8351 8269 221 21453 14483 10647 3836 324 158 8528 341
internal_count=101351 41990 59361 8351 8269 221 21453 14483 10647 3836 324 158 8528 341
is_linear=0
shrinkage=0.05


Tree=438
num_leaves=15
num_cat=0
split_feature=21 20 30 40 30 44 45 48 23 33 19 1 9 15
split_gain=2.48934 2.58733 2.58322 2.5095 4.30253 2.70269 2.35568 2.12639 2.59464 3.11396 3.59846 2.73805 2.62296 3.78899
threshold=236.50000000000003 24.94999980926514 797.50000000000011 989.64999389648449 872.50000000000011 -2.1285291910171504 -0.70641773939132679 6.3500001430511483 0.38499999046325689 3.4500000476837163 57.549999237060554 46.750000000000007 87.65000152587892 100.50000000000001
decision_type=2 2 8 2 10 2 2 2 2 2 2 2 2 2
left_child=7 2 -2 5 6 -4 -5 -1 9 12 -11 -10 13 -9
right_child=1 -3 3 4 -6 -7 -8 8 11 10 -12 -13 -14 -15
leaf_value=2.8395590869997525e-06 0.0031428573853356221 -0.0067431527206043632 0.0026926181082128331 0.0015560147669770802 -0.014246130536778912 -0.0037351137539055838 -0.0016426543288584759 0.00013550551338077163 0.004657437874695 0.0003847606692971657 -0.0094927977450305762 0.00074579171594112744 0.0017457216180318425 -0.002710608573854802
leaf_weight=89184 212 59 316 123 61 303 59 3041 1305 69 74 4442 1469 601
leaf_count=89184 212 59 316 123 61 303 59 3041 1305 69 74 4442 1469 601
internal_value=5.86217e-05 -0.00226159 -0.00164207 -0.0028555 -0.00705534 -0.00112083 -0.0028125 8.50843e-05 0.000740623 -6.26898e-05 -0.0070915 0.00147386 0.000147432 -0.000572289
internal_weight=101318 1133 1074 862 243 619 182 100185 11001 5254 143 5747 5111 3642
internal_count=101318 1133 1074 862 243 619 182 100185 11001 5254 143 5747 5111 3642
is_linear=0
shrinkage=0.05


Tree=439
num_leaves=15
num_cat=0
split_feature=56 4 33 52 36 36 33 29 15 43 45 52 36 23
split_gain=2.3628 4.26292 3.74355 7.58446 3.99665 3.82475 3.76843 3.55053 5.76257 7.92662 3.99358 5.46779 6.40554 4.73698
threshold=54.549999237060554 53.350000381469734 3.0499999523162846 -0.98214942216873158 36.149999618530281 32.049999237060554 3.6499999761581425 7.8500001430511483 80.90000152587892 72.500000000000014 -0.57605877518653859 -0.13398594409227368 36.750000000000007 0.56499999761581432
decision_type=2 2 2 2 2 2 2 2 2 8 2 2 2 2
left_child=7 -2 5 -4 6 -3 -5 8 -1 -10 -11 12 13 -12
right_child=1 2 3 4 -6 -7 -8 -9 9 10 11 -13 -14 -15
leaf_value=-0.00010227180224424259 0.0016714153495466747 5.7691715434573082e-05 -0.0082616261778997412 -0.0022733756467750751 -0.0099015336241747923 0.0019210084600842304 -0.00019159951733365376 0.00022917662175800141 -0.0049017375712444213 1.6714772881039936e-05 -0.0032586139630873868 0.00031855795877962516 -0.0064389627552479808 -0.0008266660485472696
leaf_weight=20924 6544 38405 159 252 52 2903 2772 21254 941 3780 1110 1217 89 1170
leaf_count=20924 6544 38405 159 252 52 2903 2772 21254 941 3780 1110 1217 89 1170
internal_value=2.22482e-05 0.000261953 8.67508e-05 -0.00154854 -0.000978613 0.000215161 -0.000718523 -0.000220319 -0.000577784 -0.00169111 -0.00113476 -0.00232759 -0.00372215 -0.00316594
internal_weight=101572 51087 44543 3235 3076 41308 3024 50485 29231 8307 7366 3586 2369 2280
internal_count=101572 51087 44543 3235 3076 41308 3024 50485 29231 8307 7366 3586 2369 2280
is_linear=0
shrinkage=0.05


Tree=440
num_leaves=15
num_cat=0
split_feature=37 28 13 16 38 11 52 13 46 30 37 21 7 41
split_gain=1.76316 1.86658 2.62078 3.76912 4.59988 8.82351 6.95948 6.46802 4.74162 4.73654 5.03455 5.09551 4.03326 4.08455
threshold=9.5000000000000018 28.500000000000004 39.675596237182624 32.049999237060554 25.849999427795414 35.764583587646491 -0.57780906558036793 34.768154144287116 1.0000000180025095e-35 987.50000000000011 41.500000000000007 144.50000000000003 58.649999618530281 22.500000000000004
decision_type=2 2 2 2 2 2 2 2 2 10 2 2 2 2
left_child=-1 -2 3 4 8 -6 7 -7 9 12 -11 -12 -3 -14
right_child=1 2 -4 -5 5 6 -8 -9 -10 10 11 -13 13 -15
leaf_value=-0.0021167590475697699 0.00090515600195796889 -0.00057987993177290194 9.7141907020215537e-05 0.001999052401088637 0.0021647068982969466 0.0014270553205010406 0.0025718400081019767 -0.01029511438224056 0.0008176323502204672 -0.0068065845981564429 -0.0063609246208674256 -0.00033908498638140003 -0.00097798896401745305 -0.0067641544134433469
leaf_weight=243 7710 5836 80010 1224 336 66 97 258 4314 100 120 355 221 155
leaf_count=243 7710 5836 80010 1224 336 66 97 258 4314 100 120 355 221 155
internal_value=7.7928e-05 8.83825e-05 2.64228e-05 -0.000629392 -0.000902426 -0.00464798 -0.00938515 -0.0128144 -0.000643056 -0.00146609 -0.00576923 -0.00345361 -0.00105914 -0.00601036
internal_weight=101045 100802 93092 13082 11858 757 421 324 11101 6787 575 475 6212 376
internal_count=101045 100802 93092 13082 11858 757 421 324 11101 6787 575 475 6212 376
is_linear=0
shrinkage=0.05


Tree=441
num_leaves=15
num_cat=0
split_feature=38 46 40 53 37 24 16 55 15 57 13 12 37 19
split_gain=1.94985 5.31692 2.25386 5.11583 10.3489 7.78816 6.75716 4.00454 4.80563 4.84409 9.57046 8.8495 6.4257 7.21413
threshold=26.849999427795414 26.349999427795414 979.85000610351574 -0.24372464418411252 87.500000000000014 17.500000000000004 56.049999237060554 1.0000000180025095e-35 147.85000610351565 60.983333587646491 53.340179443359382 44.04930496215821 53.500000000000007 99.799999237060561
decision_type=2 2 2 2 2 2 2 2 2 2 2 2 2 2
left_child=2 -2 3 7 6 -6 -5 8 9 10 -1 -12 13 -13
right_child=1 -3 -4 4 5 -7 -8 -9 -10 -11 11 12 -14 -15
leaf_value=-0.00051148404605676331 0.0023321748077204606 -0.039711803594797701 0.00017802122382860929 -0.00035396839447702637 -0.010509654913604713 0.0026065137234159833 -0.011885453585557216 0.00011138927287026356 -0.01140140578220921 0.0019242454712327106 -0.014059475181869528 -0.002831872597487265 -0.0012291506498964379 -0.0087069186013609742
leaf_weight=2545 1551 53 64579 1990 218 94 75 28176 63 1145 71 212 611 126
leaf_count=2545 1551 53 64579 1990 218 94 75 28176 63 1145 71 212 611 126
internal_value=8.51567e-05 0.00180917 5.72989e-05 -0.000263753 -0.00249895 -0.0108385 -0.00119277 -0.000101793 -0.00143947 -0.00123941 -0.00214685 -0.00621359 -0.00480188 -0.0102299
internal_weight=101509 1604 99905 35326 2377 312 2065 32949 4773 4710 3565 1020 949 338
internal_count=101509 1604 99905 35326 2377 312 2065 32949 4773 4710 3565 1020 949 338
is_linear=0
shrinkage=0.05


Tree=442
num_leaves=15
num_cat=0
split_feature=49 23 56 33 33 21 6 56 13 15 6 25 28 47
split_gain=2.24081 2.54548 2.93898 2.36132 2.6747 2.71248 2.35312 2.28294 3.08495 4.6271 4.0425 2.63666 2.5087 4.8805
threshold=17.500000000000004 0.14500000327825549 12.150000095367433 28.050000190734867 22.550000190734867 141.50000000000003 64.849998474121108 118.59999847412111 158.95951843261722 162.75000000000003 122.70000076293947 21.150000572204593 71.500000000000014 6.5146427154541025
decision_type=10 2 2 2 2 2 2 2 2 2 2 2 2 2
left_child=1 2 -1 4 7 6 -6 8 12 10 -10 -11 -2 -14
right_child=3 -3 -4 -5 5 -7 -8 -9 9 11 -12 -13 13 -15
leaf_value=-0.0025948720708021344 0.00065281485472768548 -0.00017407552613364684 0.004451715629945791 0.0036902664220989675 0.00034409134799154176 -0.012603398731315038 -0.006554179889386634 0.0012468490560200271 -0.0011337693025374599 -0.0080449906853139585 -0.010629990795336518 0.0012887505168321725 0.00060196576154158651 -0.0010343880661377075
leaf_weight=150 16769 63316 1163 611 234 52 65 3460 88 71 61 307 7919 7160
leaf_count=150 16769 63316 1163 611 234 52 65 3460 88 71 61 307 7919 7160
internal_value=2.09986e-05 -0.00015633 0.00201436 0.00033241 0.000279865 -0.00400277 -0.00195793 0.000322918 0.000192219 -0.00356611 -0.0107233 -0.000541237 0.000255509 -0.000212406
internal_weight=101426 64629 1313 36797 36186 351 299 35835 32375 527 149 378 31848 15079
internal_count=101426 64629 1313 36797 36186 351 299 35835 32375 527 149 378 31848 15079
is_linear=0
shrinkage=0.05


Tree=443
num_leaves=15
num_cat=0
split_feature=47 43 0 4 56 22 53 43 56 53 47 38 11 51
split_gain=2.13716 2.36276 2.22872 4.05475 3.53731 3.50343 2.90554 2.24505 3.67128 2.96262 6.00188 7.43024 4.06698 4.02891
threshold=2.61213231086731 2807.5000000000005 108.40000152587892 35.250000000000007 144.1499938964844 2995.5000000000005 0.99445194005966198 57.500000000000007 175.80000305175784 0.99349221587181102 6.4674241542816171 9.9499998092651385 143.00000000000003 -0.37940952181816096
decision_type=2 8 2 2 2 2 2 8 2 2 2 2 2 2
left_child=1 -1 4 5 6 -4 -2 9 -9 -5 11 13 -13 -11
right_child=2 -3 3 7 -6 -7 -8 8 -10 10 -12 12 -14 -15
leaf_value=0.0016188753090969359 5.6319453888430517e-05 -0.0053470048059190154 0.00016594499257598712 -0.00048306623144562307 0.0030793104406957226 -0.0065570640575789976 0.0048988159287678213 -0.00024236296555825207 0.0020271582884450498 -0.0064970332848791447 -0.0056310760539003664 -0.0012789977219582257 -0.0054236980964778789 0.00035690339508908053
leaf_weight=3089 80580 61 54 5255 1373 65 571 7483 1645 52 50 57 73 638
leaf_count=3089 80580 61 54 5255 1373 65 571 7483 1645 52 50 57 73 638
internal_value=8.09454e-05 0.00136076 3.963e-05 -0.000512937 0.000142608 -0.00934108 9.98634e-05 -0.000437987 5.90941e-05 -0.00117767 -0.00386364 -0.00271084 -0.0132143 -0.000571428
internal_weight=101046 3150 97896 15372 82524 119 81151 15253 9128 6125 870 820 130 690
internal_count=101046 3150 97896 15372 82524 119 81151 15253 9128 6125 870 820 130 690
is_linear=0
shrinkage=0.05


Tree=444
num_leaves=15
num_cat=0
split_feature=48 23 37 38 48 0 53 40 16 56 16 1 23 23
split_gain=2.00469 3.30906 2.84733 3.9792 3.7748 3.37643 3.15372 4.00278 3.87665 3.07767 3.34581 3.02103 3.69795 3.0008
threshold=5.0499999523162851 0.19500000029802325 43.500000000000007 10.949999809265138 -1.0000000180025095e-35 22.150000572204593 -0.91595870256423939 973.25000000000011 22.250000000000004 26.250000000000004 18.94999980926514 19.650000572204593 0.51499998569488536 0.36500000953674322
decision_type=2 2 2 2 2 2 2 2 2 2 2 2 2 2
left_child=1 -1 3 6 -5 -4 7 -3 -9 10 -6 12 -7 -12
right_child=-2 2 5 4 9 11 -8 8 -10 -11 13 -13 -14 -15
leaf_value=0.0011603458621730332 0.00042060090481440323 0.0025588661585873806 0.0019483284454914025 0.0012807127105235305 -0.00057679433232037927 0.002368974657782158 -0.0015374449591113674 -0.0025906213789757423 -0.0074694878550510511 -0.00029691106525215217 -0.0077126425059138668 -5.7325351594076564e-05 -0.0082320989572989747 -0.0022518837668638503
leaf_weight=4708 16428 56 2698 2782 285 95 4219 105 66 3100 99 66182 108 139
leaf_count=4708 16428 56 2698 2782 285 95 4219 105 66 3100 99 66182 108 139
internal_value=3.85835e-05 -5.95377e-05 -0.00013547 -0.00088804 -8.96335e-05 -1.71506e-05 -0.00203546 -0.00765823 -0.0112983 -0.00115194 -0.00466229 -8.77323e-05 -0.00603286 -0.00891129
internal_weight=101070 84642 79934 10851 6405 69083 4446 227 171 3623 523 66385 203 238
internal_count=101070 84642 79934 10851 6405 69083 4446 227 171 3623 523 66385 203 238
is_linear=0
shrinkage=0.05


Tree=445
num_leaves=15
num_cat=0
split_feature=18 6 56 16 6 57 44 57 4 16 52 16 51 9
split_gain=2.15988 2.25823 3.02454 2.29461 2.07251 3.00824 2.42754 2.74946 4.25634 3.1372 10.1784 4.06198 3.10533 3.11244
threshold=-29.749999999999996 186.05000305175784 194.85000610351565 48.350000381469734 64.40000152587892 72.183330535888686 -7.0062232017517081 99.950000762939467 136.19999694824222 73.700000762939467 -0.8337765336036681 82.549999237060561 -0.6035533845424651 62.050001144409187
decision_type=2 2 2 2 2 2 2 2 2 2 2 2 2 2
left_child=-1 2 4 -3 5 -2 -6 9 -9 12 -11 -12 13 -8
right_child=1 3 -4 -5 6 -7 7 8 -10 10 11 -13 -14 -15
leaf_value=0.00054478268600781355 3.2064895223023719e-05 -0.005307625590682789 0.0016870699300589678 -0.00074555246520024326 0.00070724889762077713 0.001345214362881415 -0.0010457592093635012 0.0010691977048589525 -0.00065155022246657184 -0.013541712922738133 -0.004928151991905487 0.0017618629769459203 -0.0011040123372909004 0.0011490046701394892
leaf_weight=11306 52794 52 1628 2001 3274 6518 1890 4599 3750 91 463 353 9655 2981
leaf_count=11306 52794 52 1628 2001 3274 6518 1890 4599 3750 91 463 353 9655 2981
internal_value=7.62099e-05 -5.60725e-06 3.27252e-05 -0.00164081 -7.64065e-06 0.000157783 -0.000370206 -0.000545982 0.000184831 -0.000941203 -0.00377863 -0.00190073 -0.000761557 0.000267363
internal_weight=101355 90049 87996 2053 86368 59312 27056 23782 8349 15433 907 816 14526 4871
internal_count=101355 90049 87996 2053 86368 59312 27056 23782 8349 15433 907 816 14526 4871
is_linear=0
shrinkage=0.05


Tree=446
num_leaves=15
num_cat=0
split_feature=45 27 10 42 3 34 53 31 15 15 53 47 0 36
split_gain=2.03613 1.89124 1.95582 3.77387 3.40743 4.86392 2.41566 2.33933 1.96457 3.71494 2.19749 1.94116 1.79796 2.69198
threshold=-14.369521141052244 6.7500000000000009 214.98332977294925 1.2500000000000002 217.94999694824222 1.0000000180025095e-35 0.9993295967578889 -5.0515515804290763 304.05000305175787 298.05000305175787 0.99445194005966198 3.7431677579879765 11.250000000000002 15.250000000000002
decision_type=2 2 2 2 2 2 2 2 2 2 2 2 2 2
left_child=-1 -2 6 -4 5 -5 8 -6 9 12 -11 -9 13 -3
right_child=1 2 3 4 7 -7 -8 11 -10 10 -12 -13 -14 -15
leaf_value=0.0028840745811842105 0.0011777338290485328 -0.0032957742581220966 -0.0045386243508275447 -0.0044674371230680769 -0.0032679681737417562 0.0016942180451071888 0.0021903845542671028 -0.0010087004872378718 0.0031364994664708243 -0.00035021018176308109 -0.0085343660724269844 0.001863669859832768 -3.8727662943320117e-05 0.0079197837659402814
leaf_weight=824 2001 107 92 57 83 53 948 438 446 69 67 610 94669 725
leaf_count=824 2001 107 92 57 83 53 948 438 446 69 67 610 94669 725
internal_value=2.16901e-05 1.24552e-06 -2.97841e-05 -0.0019248 -0.00115508 -0.00916667 -3.55501e-06 -0.000302366 -2.84618e-05 -4.40681e-05 -0.0080137 0.00036862 -3.1881e-05 0.00226841
internal_weight=101189 100365 98364 1333 1241 110 97031 1131 96083 95637 136 1048 95501 832
internal_count=101189 100365 98364 1333 1241 110 97031 1131 96083 95637 136 1048 95501 832
is_linear=0
shrinkage=0.05


Tree=447
num_leaves=15
num_cat=0
split_feature=50 33 33 15 36 47 53 0 15 4 38 0 5 18
split_gain=2.03315 2.3989 2.84999 5.44285 3.97971 2.76926 2.72165 3.76609 2.42291 4.24478 4.31374 4.02309 3.19245 3.96179
threshold=0.98296290636062633 30.550000190734867 22.550000190734867 76.950000762939467 26.849999427795414 6.706904649734498 -0.70900321006774891 25.750000000000004 43.850000381469734 33.95000076293946 11.150000095367433 43.250000000000007 38.250000000000007 -3.9500000476837154
decision_type=2 2 2 2 2 2 2 2 2 2 2 2 2 2
left_child=1 2 8 5 -5 6 -4 -8 9 12 -11 -10 -1 -14
right_child=-2 -3 3 4 -6 -7 7 -9 11 10 -12 -13 13 -15
leaf_value=0.00011460069287314473 -0.00072389521441917903 0.0034511395891316217 0.00027159978403225982 -0.0012765943813520259 -0.006426141553631963 0.0027202384906910154 0.00075236995082594664 -0.0082166078075312787 0.00069322907564218128 -0.0048461163569889845 -0.00074439326218904282 -3.3618745777073434e-05 0.0025216961961553874 -0.0053526608732420849
leaf_weight=5676 4209 926 183 150 117 495 68 89 23635 440 1135 63925 107 263
leaf_count=5676 4209 926 183 150 117 495 68 89 23635 440 1135 63925 107 263
internal_value=3.04651e-05 7.70942e-05 5.26001e-05 -0.00246403 -0.00853791 -0.000443787 -0.00385714 -0.00847305 8.19932e-05 -0.000772507 -0.00307571 0.000156446 -0.000168428 -0.00460526
internal_weight=101418 97209 96283 1102 267 835 340 157 95181 7621 1575 87560 6046 370
internal_count=101418 97209 96283 1102 267 835 340 157 95181 7621 1575 87560 6046 370
is_linear=0
shrinkage=0.05


Tree=448
num_leaves=15
num_cat=0
split_feature=47 43 23 8 30 13 50 21 4 15 57 53 36 17
split_gain=2.02381 2.42317 2.14457 3.51478 4.32509 3.76149 5.00423 3.59773 3.39592 4.4781 3.6085 3.3808 5.84249 3.30003
threshold=2.5255435705184941 2567.5000000000005 0.91500002145767223 37.899999618530281 1057.5000000000002 37.22589302062989 1.0000000180025095e-35 216.50000000000003 33.95000076293946 39.149999618530281 35.31666564941407 -0.26867066323757166 26.050000190734867 -16.249999999999996
decision_type=2 8 2 2 10 2 2 2 2 2 2 2 2 2
left_child=1 -1 8 4 11 6 -5 -7 -2 10 -10 12 -4 -11
right_child=2 -3 3 5 -6 7 -8 -9 9 13 -12 -13 -14 -15
leaf_value=0.001113967797509783 0.00044312994967525348 -0.0051063695876263342 -0.0074318589745948757 0.0020309802605577064 0.0022816274474811746 0.00108990975413686 -0.011961842786448323 -0.0015832860951928663 -0.001463651690958298 0.00023232156432748146 -0.005515010334065402 0.0082855843480875366 -0.0014139656820529112 -0.00039791598447517829
leaf_weight=2680 19181 60 325 97 614 11668 62 645 298 19740 107 280 1582 43835
leaf_count=2680 19181 60 325 97 614 11668 62 645 298 19740 107 280 1582 43835
internal_value=7.61008e-06 0.00134545 -2.97629e-05 0.000514624 -0.00108324 0.000874059 -0.00653846 0.000975006 -0.000129793 -0.000304735 -0.00548193 -0.00212335 -0.00287689 -0.000270897
internal_weight=101174 2740 98434 15273 2801 12472 159 12313 83161 63980 405 2187 1907 63575
internal_count=101174 2740 98434 15273 2801 12472 159 12313 83161 63980 405 2187 1907 63575
is_linear=0
shrinkage=0.05


Tree=449
num_leaves=15
num_cat=0
split_feature=38 27 14 26 47 52 51 16 36 9 16 18 47 43
split_gain=2.40917 2.14164 2.06696 2.65928 2.1744 2.92347 1.95023 3.11625 3.78929 2.93839 2.55824 3.37865 4.64746 3.3494
threshold=26.349999427795414 6.7500000000000009 31.33574199676514 0.69379320740699779 6.6581139564514169 0.27694219350814825 1.0000000180025095e-35 56.049999237060554 29.849999427795414 28.150000572204593 29.550000190734867 3.8500000238418584 4.5489132404327401 562.50000000000011
decision_type=2 2 2 2 2 2 2 2 2 2 2 2 2 10
left_child=1 2 -1 -4 -5 -6 9 -8 -9 -2 11 -11 -13 -14
right_child=6 -3 3 4 5 -7 7 8 -10 10 -12 12 13 -15
leaf_value=0.0044897658790527097 -0.0044813016846352166 -1.7496091891173005e-05 -0.0027261677038717472 0.0010515257566733472 -0.0038474698674191409 0.00082709780956665606 0.0039812631559434999 -0.0057833680269821315 0.0061652294040120785 0.0019839441185485643 0.0021269920192646757 0.0057331947323100386 -0.020641872465281007 -0.0026400192956638415
leaf_weight=815 149 95531 72 980 65 59 1669 59 69 311 1244 63 71 87
leaf_count=815 149 95531 72 980 65 59 1669 59 69 311 1244 63 71 87
internal_value=5.55042e-05 7.7925e-06 0.00162669 0.000278246 0.00091562 -0.00507463 0.00130225 0.00248201 -0.00478261 0.000193799 0.000772677 -0.00210332 -0.00668831 -0.0110714
internal_weight=101244 97522 1991 1176 1104 124 3722 1797 128 1925 1776 532 221 158
internal_count=101244 97522 1991 1176 1104 124 3722 1797 128 1925 1776 532 221 158
is_linear=0
shrinkage=0.05


Tree=450
num_leaves=15
num_cat=0
split_feature=47 24 42 20 15 45 41 32 26 27 55 53 44 10
split_gain=2.05235 3.84148 3.86659 4.69121 3.51185 3.2385 3.20891 3.52429 3.12028 5.05689 5.30798 8.27983 4.53863 3.75918
threshold=4.2127718925476083 1.5000000000000002 3.7500000000000004 23.94999980926514 132.94999694824222 -0.68538996577262867 10.500000000000002 3.3210797309875493 0.70791533589363109 25.150000572204593 3.5000000000000004 0.94909128546714794 -3.9974585771560665 68.791667938232436
decision_type=2 2 2 2 2 2 2 2 2 2 2 2 2 2
left_child=1 4 3 -3 -1 6 7 -5 -2 10 11 12 -10 -14
right_child=8 2 -4 5 -6 -7 -8 -9 9 -11 -12 -13 13 -15
leaf_value=0.00692910163938424 9.5164225428431739e-05 0.0012139615404373502 0.00090196432985334494 -0.0023094919551796397 0.0006945575083158865 -0.00037093121508318462 -0.00023699507006477157 -0.0056628099637357409 -0.00034377552753499853 0.00025831112985545956 -1.078118906560689e-05 0.001296454205670026 -0.002338314281995919 -0.0045249369340273835
leaf_weight=1357 66262 2088 5749 1309 2221 3073 911 55 1118 8230 4181 1158 2002 1463
leaf_count=1357 66262 2088 5749 1309 2221 3073 911 55 1118 8230 4181 1158 2002 1463
internal_value=6.21129e-05 0.000567281 0.000172414 -0.000580177 0.00201784 -0.00136431 -0.00278993 -0.00431587 -3.82591e-05 -0.000618874 -0.00137837 -0.00236394 -0.003317 -0.00420863
internal_weight=101177 16763 13185 7436 3578 5348 2275 1364 84414 18152 9922 5741 4583 3465
internal_count=101177 16763 13185 7436 3578 5348 2275 1364 84414 18152 9922 5741 4583 3465
is_linear=0
shrinkage=0.05


Tree=451
num_leaves=15
num_cat=0
split_feature=48 23 36 37 44 38 14 23 21 36 15 42 22 16
split_gain=2.33016 3.123 4.66375 2.43398 3.5817 2.68627 3.19903 2.66341 3.69425 3.01862 2.63745 3.41764 2.61791 2.63074
threshold=5.1499998569488534 0.22500000149011615 21.94999980926514 42.500000000000007 -4.5930628776550284 7.9500000476837167 5.4390187263488778 0.28499999642372137 141.50000000000003 33.45000076293946 125.05000305175783 3.6499999761581425 223.50000000000003 28.150000572204593
decision_type=2 2 2 2 2 2 2 2 2 2 2 2 2 2
left_child=3 2 -2 4 5 -1 -7 8 12 -9 -11 -12 -5 -14
right_child=1 -3 -4 7 -6 6 -8 9 -10 10 11 -13 13 -15
leaf_value=-0.0034049702691797325 0.0023288380831720163 0.00073902783181539755 -0.0019724152109245724 -0.0026788984108545096 -0.00099566255650721728 -0.0038658695777674481 0.0021233619271178966 -0.00016427779352280392 0.0040705075960023049 0.0016363961356414499 -0.0064469794181598525 0.00018053629944750002 0.0013545657957107909 -0.00033147579369693063
leaf_weight=246 751 13471 1909 148 9228 76 1862 60493 1866 3085 50 149 4467 3467
leaf_count=246 751 13471 1909 148 9228 76 1862 60493 1866 3085 50 149 4467 3467
internal_value=8.88829e-07 0.000551701 -0.00101124 -0.000103527 -0.0007827 0.00103464 0.00166324 1.69545e-06 0.000762201 -0.00011703 0.00135701 -0.00409091 0.000297825 0.00042422
internal_weight=101268 16131 2660 85137 11412 2184 1938 73725 9948 63777 3284 199 8082 7934
internal_count=101268 16131 2660 85137 11412 2184 1938 73725 9948 63777 3284 199 8082 7934
is_linear=0
shrinkage=0.05


Tree=452
num_leaves=15
num_cat=0
split_feature=57 10 16 13 8 8 8 47 27 40 16 32 47 16
split_gain=2.24899 2.46771 3.43452 5.149 3.4722 3.70466 3.86818 3.74438 3.72784 2.25499 2.91346 2.08094 2.73071 5.97728
threshold=209.20000457763675 194.50833129882815 110.95000076293947 111.29196548461915 183.25000000000003 152.05000305175784 87.90000152587892 3.7054092884063725 7.2500000000000009 995.75000000000011 94.90000152587892 3.6157579421997075 14.530217170715334 18.94999980926514
decision_type=2 2 2 2 2 2 2 2 2 2 2 2 2 2
left_child=1 9 3 -3 5 6 7 -5 -7 11 -11 -1 -13 -14
right_child=-2 2 -4 4 -6 8 -8 -9 -10 10 -12 12 13 -15
leaf_value=-5.3187172965333121e-05 0.0013760600903863635 0.0019534699983623977 0.0017111780807276115 -0.0055467672067108171 -0.00093222220923535465 -0.00037691208098367005 -0.00109612724484633 -0.00096510587921651075 -0.0054550865105365467 0.0049367661253796134 -0.003584497539349891 0.00055159516250109948 -0.0061384345095584492 -0.0001160372445125792
leaf_weight=79492 1798 266 494 53 389 60 356 54 147 690 128 16798 121 564
leaf_count=79492 1798 266 494 53 389 60 356 54 147 690 128 16798 121 564
internal_value=4.43701e-05 1.2648e-05 -0.001807 -0.00312734 -0.00468195 -0.00683823 -0.00419662 -0.012094 -0.0122811 4.66756e-05 0.00264493 2.44885e-05 0.000518207 -0.00255396
internal_weight=101410 99612 1819 1325 1059 670 463 107 207 97793 818 96975 17483 685
internal_count=101410 99612 1819 1325 1059 670 463 107 207 97793 818 96975 17483 685
is_linear=0
shrinkage=0.05


Tree=453
num_leaves=15
num_cat=0
split_feature=0 4 53 34 14 11 43 56 52 16 14 26 14 52
split_gain=2.32348 4.18953 3.07549 2.38576 2.25744 2.32115 5.8716 5.37564 4.7213 4.9563 4.77207 5.74991 7.45203 4.47713
threshold=108.40000152587892 35.250000000000007 0.99530133605003368 4.1499998569488534 39.784385681152351 84.052082061767592 25.02689361572266 89.049999237060561 -0.55657517910003651 33.45000076293946 13.90645742416382 0.69622549414634716 29.432770729064945 -0.61237984895706166
decision_type=2 2 2 2 2 2 10 2 2 2 2 2 2 2
left_child=2 -2 4 -3 5 7 -7 -1 10 -10 -8 -12 13 -13
right_child=1 3 -4 -5 -6 6 8 -9 9 -11 11 12 -14 -15
leaf_value=5.4757488902240487e-05 -0.0056693608094185756 -0.00019790925482079439 0.0044766792827061162 -0.0061894806700252105 0.001834950819872502 0.0022030459900608283 -0.0059473165784911068 0.0026297077150643027 -0.01414603212348866 -0.0019732469295559111 0.0019890852675492044 -0.0075553791452594339 0.00044172738904347777 0.014953691374736773
leaf_weight=69107 133 17003 762 89 3020 1459 110 3623 108 3182 1747 222 412 57
leaf_count=69107 133 17003 762 89 3020 1459 110 3623 108 3182 1747 222 412 57
internal_value=6.6011e-05 -0.000462721 0.000174722 -0.000391182 0.000145503 9.47689e-05 -0.000754756 0.000180094 -0.00146375 -0.00271212 0.000152463 0.000629085 -0.00320257 -0.00935986
internal_weight=101034 17225 83809 17092 83047 80027 7297 72730 5838 3290 2548 2438 691 279
internal_count=101034 17225 83809 17092 83047 80027 7297 72730 5838 3290 2548 2438 691 279
is_linear=0
shrinkage=0.05


Tree=454
num_leaves=15
num_cat=0
split_feature=18 23 4 33 40 31 7 57 16 34 13 7 17 5
split_gain=2.28597 2.59635 3.62016 4.57762 3.54038 3.28115 4.30389 3.72484 3.15611 2.96979 2.73177 4.29999 2.68147 2.66723
threshold=-23.249999999999996 0.91500002145767223 128.30000305175784 0.35000000894069677 975.04998779296886 2.9013901948928837 119.4499969482422 102.14999771118165 48.350000381469734 2.2500000000000004 173.62678527832034 171.1499938964844 -40.749999999999993 26.150000572204593
decision_type=2 2 2 2 2 2 2 2 2 2 2 2 2 2
left_child=1 2 3 -1 -5 -6 -7 -8 12 -10 13 -12 -4 -3
right_child=-2 10 8 4 5 6 7 -9 9 -11 11 -13 -14 -15
leaf_value=0.0011147733143324662 -1.9136386663423388e-05 -0.0054751583319047458 -0.0022808363474430696 0.0036752537013327647 -0.00077169973660153827 -0.002753775828048333 -0.0083337445247285927 -0.003369756972837137 -0.00024257028384920285 -0.0049823435114471288 -0.0099396969610371384 0.0003485662398314336 -0.010469598174769036 0.0031781527698332133
leaf_weight=7670 86222 55 125 463 2180 187 54 50 1563 123 87 261 57 2147
leaf_count=7670 86222 55 125 463 2180 187 54 50 1563 123 87 261 57 2147
internal_value=7.03184e-05 0.000639303 0.000341292 0.000699077 -0.000978261 -0.00173116 -0.00662791 -0.0142982 -0.00168264 -0.00098467 0.00208984 -0.00198324 -0.00776042 0.0027396
internal_weight=101244 15022 12472 10604 2934 2471 291 104 1868 1686 2550 348 182 2202
internal_count=101244 15022 12472 10604 2934 2471 291 104 1868 1686 2550 348 182 2202
is_linear=0
shrinkage=0.05


Tree=455
num_leaves=15
num_cat=0
split_feature=38 40 32 53 37 15 33 38 51 44 57 26 53 38
split_gain=2.30305 2.16708 3.46109 5.43187 5.36235 5.49915 4.51654 6.06757 5.49495 4.44256 4.23764 4.20896 3.8734 3.89792
threshold=26.849999427795414 980.25000000000011 2.4749940633773808 -0.30164489150047297 87.500000000000014 99.099998474121108 1.7500000000000002 17.150000572204593 -0.37940952181816096 -2.711922168731689 48.383333206176765 0.68696025013923656 0.029024410061538223 12.750000000000002
decision_type=2 2 2 2 2 2 2 2 2 2 2 2 2 2
left_child=1 2 3 -1 6 10 7 9 -8 -5 -6 -10 13 -11
right_child=-2 -3 -4 4 5 -7 8 -9 11 12 -12 -13 -14 -15
leaf_value=-0.00033907580374311009 0.0014865949246690032 0.00012295382687863693 0.00019247290386334857 -0.00042294575125022618 -0.002325782439735029 0.0059889151987459928 0.00062612810751393503 0.00080009534956780592 -0.0025196485976096395 -0.0019520016886431764 -0.011887101534105072 -0.010476749964627791 0.0024027034941806872 -0.015025922351664903
leaf_weight=20566 1550 62613 14194 237 62 72 95 1296 78 100 126 77 51 103
leaf_count=20566 1550 62613 14194 237 62 72 95 1296 78 100 126 77 51 103
internal_value=1.67936e-05 -1.30415e-05 -0.000316049 -0.000696673 -0.0029974 -0.00962963 -0.00210796 -0.00120479 -0.00826923 -0.00587824 -0.0139394 -0.0137879 -0.0103409 -0.0133099
internal_weight=101220 99670 37057 22863 2297 260 2037 1787 250 491 188 155 254 203
internal_count=101220 99670 37057 22863 2297 260 2037 1787 250 491 188 155 254 203
is_linear=0
shrinkage=0.05


Tree=456
num_leaves=15
num_cat=0
split_feature=33 56 1 0 17 21 0 9 12 17 26 16 33 16
split_gain=1.81509 1.82456 4.50023 3.5135 4.22217 3.75986 3.25269 3.68068 4.83708 2.90659 3.26492 3.51517 2.76704 4.98586
threshold=39.049999237060554 55.250000000000007 61.100000381469734 50.95000076293946 -0.65000000596046437 77.500000000000014 53.149999618530281 34.649999618530281 61.720140457153327 -4.9500000476837149 0.80262345075607311 42.549999237060554 23.300000190734867 25.44999980926514
decision_type=2 2 2 2 2 2 2 2 2 2 2 2 2 2
left_child=1 3 -3 5 6 -1 -5 8 -8 10 -9 -12 -7 -14
right_child=-2 2 -4 4 -6 12 7 9 -10 -11 11 -13 13 -15
leaf_value=0.00065313311276648015 0.0055021880231695157 0.0011268706392033089 -3.5633085052222404e-06 -3.2545967188415465e-05 -0.00044905358685584488 -0.00016228914840935344 -0.0023162948521069974 0.00090666111063957369 -0.015676016824067576 -0.0056434307917755814 -0.00083151495486558666 -0.016637828289689911 -1.4821145603346507e-05 -0.013588812883892788
leaf_weight=14608 442 12744 37308 565 12020 22080 127 424 65 303 153 76 315 183
leaf_count=14608 442 12744 37308 565 12020 22080 127 424 65 303 153 76 315 183
internal_value=6.8673e-05 5.45154e-05 0.000268867 -0.000156198 -0.000839336 9.62471e-05 -0.00315438 -0.00467185 -0.0108416 -0.00333333 -0.00141026 -0.00608787 -0.000308128 -0.00395669
internal_weight=101413 100971 50052 50919 13733 37186 1713 1148 192 956 653 229 22578 498
internal_count=101413 100971 50052 50919 13733 37186 1713 1148 192 956 653 229 22578 498
is_linear=0
shrinkage=0.05


Tree=457
num_leaves=15
num_cat=0
split_feature=56 13 42 0 33 27 36 28 15 14 13 33 12 56
split_gain=1.80756 3.88611 5.25345 2.95918 1.85103 1.70591 3.76291 4.19913 4.43628 5.92059 4.06312 4.88296 4.50755 3.8572
threshold=14.050000190734865 57.044345855712898 7.9500000476837167 11.250000000000002 38.149999618530281 29.250000000000004 29.94999980926514 72.500000000000014 70.90000152587892 8.9756994247436541 66.099998474121108 10.449999809265138 56.240970611572273 77.90000152587892
decision_type=2 2 2 2 2 2 2 2 2 2 2 2 2 2
left_child=1 -1 -3 -2 5 -5 7 -7 -9 -10 12 -12 -8 -14
right_child=3 2 -4 4 -6 6 10 8 9 -11 11 -13 13 -15
leaf_value=-0.0006747927846314282 0.01009296062502702 -0.0068100721720930346 0.00048564952847006751 0.00014518333062368249 0.004890555429600766 -0.00045620436550527311 0.00037389242738367599 -0.00063692340288535394 -0.008168072839305018 -0.0024588042156426511 0.002549714228569879 -0.0066126430555556188 -0.0016085374653853871 0.002148322547603687
leaf_weight=1079 475 81 63 69224 399 10915 10413 995 128 934 2605 130 3250 562
leaf_count=1079 475 81 63 69224 399 10915 10413 995 128 934 2605 130 3250 562
internal_value=4.95247e-05 -0.0018532 -0.00928571 7.2971e-05 5.3985e-05 4.01349e-05 -0.000275199 -0.000915883 -0.00298258 -0.00521455 0.000215086 0.00197632 -0.000124692 -0.00159341
internal_weight=101253 1223 144 100030 99555 99156 29932 12972 2057 1062 16960 2735 14225 3812
internal_count=101253 1223 144 100030 99555 99156 29932 12972 2057 1062 16960 2735 14225 3812
is_linear=0
shrinkage=0.05


Tree=458
num_leaves=15
num_cat=0
split_feature=43 30 12 49 47 38 50 0 50 12 0 13 21 9
split_gain=1.86354 3.39322 6.76297 3.23637 4.27885 5.93253 4.65158 4.23998 2.87842 3.74769 2.75659 3.16712 6.7309 4.10008
threshold=342.50000000000006 12.500000000000002 59.219444274902351 31.875000000000004 12.170294284820558 10.949999809265138 -0.6035533845424651 161.85000610351565 0.12940952181816109 204.38958740234378 19.849999427795414 28.759820938110355 147.50000000000003 36.850000381469734
decision_type=10 10 2 10 2 2 2 2 2 2 2 2 2 2
left_child=3 2 -2 7 -5 6 -6 10 -9 -10 -1 12 -12 -14
right_child=1 -3 -4 4 5 -7 -8 8 9 -11 11 -13 13 -15
leaf_value=0.0022098148788645467 -0.008824552125691382 -0.0001839007894450565 -0.00045432709565862802 0.0011473198947303659 -0.018933622839972505 0.00021432215123175542 -0.00086517846936701767 -0.00021596809917951801 -0.002132690373915011 0.0016128445816246271 -0.00030409640870671453 9.715293648875458e-05 -0.0031384683013027945 -0.0086758264980990197
leaf_weight=2619 100 30246 238 10368 62 281 56 2527 1456 295 964 51936 244 53
leaf_count=2619 100 30246 238 10368 62 281 56 2527 1456 295 964 51936 244 53
internal_value=3.42518e-05 -0.000291887 -0.00520115 0.000175037 0.000972905 -0.00404645 -0.0129687 3.19448e-05 -0.00148321 -0.00303521 0.000148318 7.01977e-05 -0.00239575 -0.00884365
internal_weight=101445 30584 338 70861 10767 399 118 60094 4278 1751 55816 53197 1261 297
internal_count=101445 30584 338 70861 10767 399 118 60094 4278 1751 55816 53197 1261 297
is_linear=0
shrinkage=0.05


Tree=459
num_leaves=15
num_cat=0
split_feature=49 43 42 0 29 43 36 20 23 44 41 50 51 0
split_gain=2.01281 2.70623 3.49747 2.61002 2.28799 3.91392 2.60778 2.49781 2.68364 2.31457 5.68174 4.07179 3.43252 2.41534
threshold=17.500000000000004 1502.5000000000002 3.9500000476837163 34.95000076293946 3.6499999761581425 17.500000000000004 30.250000000000004 1.0000000180025095e-35 0.13499999791383746 11.516139984130861 2.5000000000000004 0.37940952181816107 -0.12940952181816107 62.050001144409187
decision_type=10 10 2 2 2 8 2 2 2 2 2 2 2 2
left_child=1 4 3 -3 -1 6 -6 -7 -9 13 11 12 -11 -10
right_child=-2 2 -4 -5 5 7 -8 8 9 10 -12 -13 -14 -15
leaf_value=-0.00054215939304846006 0.0002891861030006367 -0.0042013381495262349 -0.00083678168320768821 -0.0049771895563861766 0.0025702729718776948 -0.0032760604716188394 -0.0034628296423734315 0.0049759637043524452 0.00020023004319405987 -0.0066361655083533649 0.00019242451603861387 -0.0072372231796278474 0.0068414168827977953 -0.00044496579427345806
leaf_weight=12067 36580 79 729 83 2598 108 97 718 31634 103 371 69 65 15694
leaf_count=12067 36580 79 729 83 2598 108 97 718 31634 103 371 69 65 15694
internal_value=6.46009e-05 -0.000103609 -0.00282464 -0.00924419 -6.50044e-05 8.03429e-05 0.00193161 -2.23487e-05 -4.7261e-06 -5.04733e-05 -0.00309061 -0.00896761 -0.00426966 -1.07734e-05
internal_weight=100995 64415 891 162 63524 51457 2695 48762 48654 47936 608 237 168 47328
internal_count=100995 64415 891 162 63524 51457 2695 48762 48654 47936 608 237 168 47328
is_linear=0
shrinkage=0.05


Tree=460
num_leaves=15
num_cat=0
split_feature=48 51 26 51 41 53 27 51 47 57 48 51 49 46
split_gain=2.04904 2.56591 3.43358 2.47689 2.59239 5.20466 2.75739 2.46549 2.46448 2.33653 2.21107 5.20705 3.31869 3.35395
threshold=5.0499999523162851 0.12940952181816107 0.99557632207870495 -0.6035533845424651 2.5000000000000004 -0.80417042970657338 28.050000190734867 -0.12940952181816107 9.1755952835083026 29.44999980926514 2.8500000238418584 1.0000000180025095e-35 -98.124999999999986 0.65000000596046459
decision_type=2 2 2 2 2 2 2 2 2 2 2 2 8 2
left_child=10 2 3 8 5 6 -5 -7 -2 -9 -1 12 -12 -14
right_child=1 -3 -4 4 -6 7 -8 9 -10 -11 11 -13 13 -15
leaf_value=0.00010566440878118681 0.00048212765362046445 0.0022724365696131315 -0.0043526159184434383 -0.007488143526926525 0.00037848108343730498 -0.0017654070532760161 -0.0032830133425266559 -0.0043470030589228513 0.0037073338495082122 0.0025897225043287281 -0.0056623007486521285 0.0004561839172232626 -0.0016095729220880408 0.00030133747576688421
leaf_weight=71783 6282 3103 205 78 3702 1347 115 136 945 587 108 6233 5075 1745
leaf_count=71783 6282 3103 205 78 3702 1347 115 136 945 587 108 6233 5075 1745
internal_value=0.00012932 0.000639007 0.000338256 0.000440085 -0.000313807 -0.0016432 -0.00928571 -0.000889423 0.0010619 0.00145293 3.02519e-05 -0.000565257 -0.00150764 -0.00136164
internal_weight=101444 16500 13397 13192 5965 2263 193 2070 7227 723 84944 13161 6928 6820
internal_count=101444 16500 13397 13192 5965 2263 193 2070 7227 723 84944 13161 6928 6820
is_linear=0
shrinkage=0.05


Tree=461
num_leaves=15
num_cat=0
split_feature=0 16 53 4 14 12 37 44 53 12 53 16 14 57
split_gain=2.65585 3.2478 3.91181 3.69849 5.53908 6.35019 6.42255 10.9881 6.15801 4.65096 4.5183 3.31863 3.14521 3.89666
threshold=33.45000076293946 33.000000000000007 0.91159215569496166 75.549999237060561 31.055734634399418 91.495140075683608 87.500000000000014 1.4121844768524172 -0.78324955701827992 59.513195037841804 0.41202506422996527 34.149999618530281 24.880500793457035 66.950000762939467
decision_type=2 2 2 2 2 2 2 2 2 2 2 2 2 2
left_child=12 2 3 -2 5 6 -5 10 9 -6 -8 -3 13 -1
right_child=1 11 -4 4 8 -7 7 -9 -10 -11 -12 -13 -14 -15
leaf_value=0.00052776981829259903 -0.00030452157879500019 0.0023986205862940486 0.002702558918447704 -0.0014575621854058815 -0.0053923632141351626 -0.014537225153113101 -0.0097558410698784098 -0.010294885774233783 0.0011884068941386701 -0.010813859506431029 0.0098788596971802981 5.7280064823360859e-05 0.0055347880805772381 -0.0023105952017220591
leaf_weight=17526 24321 2384 949 1591 127 99 103 69 1411 60 94 50183 1215 930
leaf_count=17526 24321 2384 949 1591 127 99 103 69 1411 60 94 50183 1215 930
internal_value=6.58938e-05 -6.01342e-05 -0.000486578 -0.000594405 -0.00209877 -0.00387589 -0.00316818 -0.0102174 8.70649e-05 -0.00819797 -0.00369565 0.000173745 0.000587115 0.000424023
internal_weight=101062 81391 28824 27875 3554 1956 1857 266 1598 187 197 52567 19671 18456
internal_count=101062 81391 28824 27875 3554 1956 1857 266 1598 187 197 52567 19671 18456
is_linear=0
shrinkage=0.05


Tree=462
num_leaves=15
num_cat=0
split_feature=40 26 24 47 22 27 27 22 47 50 9 12 8 24
split_gain=2.43775 2.16742 3.11793 5.56383 4.33266 4.32061 3.70387 4.34203 3.69025 3.79343 4.53085 4.066 3.44953 4.44365
threshold=995.54998779296886 0.70791533589363109 1.5000000000000002 5.7288689613342294 3784.5000000000005 23.750000000000004 30.750000000000004 412.50000000000006 6.3979167938232431 0.91597560048103344 119.89999771118165 71.775695800781264 22.150000572204593 4.5000000000000009
decision_type=2 2 2 2 2 2 2 2 2 2 2 2 2 2
left_child=1 -1 3 -3 -5 8 -7 -8 12 -10 11 -11 13 -4
right_child=-2 2 5 4 -6 6 7 -9 9 10 -12 -13 -14 -15
leaf_value=0.00010637925957381401 0.0016328447224080449 0.0017724476134629774 -0.0084687160249459093 -0.00085207731662662652 -0.0092747044275756745 0.00078939931651934034 -0.0059677833648205079 -0.00067127838067572616 -0.0016801554912036177 -0.0050913797331159534 0.0036105417268116665 -0.0090840658856609965 -0.00049505145461415962 0.0028514374195025747
leaf_weight=70408 1258 4028 65 2317 52 7250 151 3105 1916 83 65 70 10609 74
leaf_count=70408 1258 4028 65 2317 52 7250 151 3105 1916 83 65 70 10609 74
internal_value=2.17327e-05 -5.83796e-06 -0.000363316 0.000614172 -0.00130517 -0.000630823 0.000121719 -0.00127679 -0.00124418 -0.00313899 -0.00925439 -0.0137117 -0.000865402 -0.00842282
internal_weight=101451 100193 29785 6397 2369 23388 10506 3256 12882 2134 218 153 10748 139
internal_count=101451 100193 29785 6397 2369 23388 10506 3256 12882 2134 218 153 10748 139
is_linear=0
shrinkage=0.05


Tree=463
num_leaves=15
num_cat=0
split_feature=17 0 22 1 0 14 0 41 8 43 23 57 52 23
split_gain=1.81085 2.97597 3.89657 3.56668 2.62949 2.49501 3.11458 4.50802 4.01314 3.23501 3.74206 3.93381 3.20164 5.55949
threshold=15.84999990463257 204.19999694824222 3295.5000000000005 200.44999694824222 50.549999237060554 48.855709075927741 78.799999237060561 40.500000000000007 217.94999694824222 41.875000000000007 0.48499999940395361 49.45000076293946 -0.57078385353088368 0.33500000834465032
decision_type=2 2 2 2 2 2 2 2 2 8 2 2 2 2
left_child=1 5 -3 -4 -2 6 8 12 9 10 -1 -12 13 -8
right_child=4 2 3 -5 -6 -7 7 -9 -10 -11 11 -13 -14 -15
leaf_value=0.002144571191616746 0.0026335183191032101 -0.0024134966419405166 -0.0054116647289801575 0.00055094395311146489 0.00020953117636794461 0.0011707643553500037 -0.0033566887067578337 0.00039228767165418177 -0.010656638443622126 -3.5422327528633488e-05 -0.0030148332564671151 0.00064343885105795564 -0.0016950018446729147 0.00015618472052453361
leaf_weight=5008 2606 259 54 406 21619 2556 379 4238 122 53215 673 2260 4460 3345
leaf_count=5008 2606 259 54 406 21619 2556 379 4238 122 53215 673 2260 4460 3345
internal_value=6.76812e-05 -5.09838e-05 -0.00323045 -0.000425532 0.000444605 -2.05857e-05 -7.39382e-05 -0.000795527 7.2445e-05 9.12273e-05 0.00103195 -0.000385661 -0.00148035 -0.000396358
internal_weight=101200 76975 719 460 24225 76256 73700 12422 61278 61156 7941 2933 8184 3724
internal_count=101200 76975 719 460 24225 76256 73700 12422 61278 61156 7941 2933 8184 3724
is_linear=0
shrinkage=0.05


Tree=464
num_leaves=15
num_cat=0
split_feature=33 26 17 22 49 31 27 42 53 40 16 57 47 50
split_gain=1.7837 1.86201 3.30379 4.03924 3.70759 5.27485 5.58894 3.60351 3.41148 5.30846 4.46723 4.74793 4.03464 5.43781
threshold=39.049999237060554 0.70791533589363109 19.349999427795414 6651.0000000000009 447.50000000000006 1.4337099790573122 23.94999980926514 1.0500000119209292 -0.67168185114860524 974.04998779296886 46.95000076293946 73.216663360595717 5.7020833492279062 0.91597560048103344
decision_type=2 2 2 2 10 2 2 2 2 2 2 2 2 2
left_child=1 -1 4 -4 8 -6 -7 -5 10 -10 -3 -12 -11 -14
right_child=-2 2 3 7 5 6 -8 -9 9 12 11 -13 13 -15
leaf_value=0.0001036112058259675 0.0054020264020052545 0.0020452669455376985 0.00063584263488510636 -0.0052614535511676837 -0.0005851837860832306 -0.0078749898607198259 -0.0010404903025889908 -0.0014576929744455911 -0.0079631296393313424 -6.4777743461263127e-05 -0.0066528384300697033 0.00022246879035896111 -0.00091544973457385328 -0.0053651045450790608
leaf_weight=70631 431 2885 8467 58 1521 438 447 358 55 10541 145 218 4301 707
leaf_count=70631 431 2885 8467 58 1521 438 447 358 55 10541 145 218 4301 707
internal_value=1.29926e-05 -8.9283e-07 -0.00032984 0.000479591 -0.00066814 -0.00251242 -0.00555866 -0.0042723 -0.000431555 -0.00073844 0.00104052 -0.00411528 -0.000678385 -0.00184536
internal_weight=101203 100772 30141 8883 21258 2406 885 416 18852 15604 3248 363 15549 5008
internal_count=101203 100772 30141 8883 21258 2406 885 416 18852 15604 3248 363 15549 5008
is_linear=0
shrinkage=0.05


Tree=465
num_leaves=15
num_cat=0
split_feature=40 36 42 38 55 15 15 11 15 41 57 45 43 0
split_gain=1.84437 5.52258 6.75928 6.99141 7.46352 5.21058 5.27676 6.29968 5.42135 9.21116 4.9908 4.44106 4.40764 3.59253
threshold=979.85000610351574 27.44999980926514 8.8499999046325701 24.849999427795414 3.5000000000000004 47.199998855590827 125.05000305175783 79.837497711181655 61.350000381469734 21.500000000000004 23.683333396911625 -1.7778090238571165 62.500000000000007 37.549999237060554
decision_type=2 2 2 2 2 2 2 2 2 2 2 2 10 2
left_child=1 2 3 4 10 11 7 8 9 -7 -1 -6 -10 -3
right_child=-2 13 -4 -5 5 6 -8 -9 12 -11 -12 -13 -14 -15
leaf_value=-0.023842137106514154 0.00016166533418808518 0.0010217896150285161 0.00058357600658836032 0.00044528575402373377 -0.0047491090870630907 -0.011970517464717993 0.010028228280115507 -0.0071666778077039339 -0.0013839371787461188 -0.0084718482613515417 -0.00095574495380630934 0.0083025149033545548 -0.0082980227409937581 -0.00018885138315469176
leaf_weight=78 64367 7687 2855 1372 116 217 103 66 469 133 2284 225 540 20509
leaf_count=78 64367 7687 2855 1372 116 217 103 66 469 133 2284 225 540 20509
internal_value=4.36007e-05 -0.000239472 -0.00135923 -0.00236683 -0.00337067 -0.00572379 -0.00696359 -0.00775261 -0.0069065 -0.0122222 -0.00149241 -0.000128205 -0.00496075 9.67881e-05
internal_weight=101021 36654 8458 5603 4231 1869 1528 1425 1359 350 2362 341 1009 28196
internal_count=101021 36654 8458 5603 4231 1869 1528 1425 1359 350 2362 341 1009 28196
is_linear=0
shrinkage=0.05


Tree=466
num_leaves=15
num_cat=0
split_feature=57 43 0 9 15 34 11 56 6 28 52 15 34 24
split_gain=2.72312 3.13911 3.08278 4.24529 3.40528 4.84191 4.33993 5.97361 4.19297 5.68273 3.82841 3.64706 3.55611 4.23142
threshold=91.883335113525405 1232.5000000000002 61.600000381469734 47.049999237060554 92.099998474121108 -1.3499999642372129 93.441665649414077 57.649999618530281 59.350000381469734 59.500000000000007 -0.88622298836708058 71.599998474121108 1.1500000357627871 34.500000000000007
decision_type=2 10 2 2 2 2 2 2 2 2 2 2 2 2
left_child=2 -2 -1 4 8 -6 -7 -8 -4 11 -9 -10 13 -11
right_child=1 -3 3 -5 5 6 7 10 9 12 -12 -13 -14 -15
leaf_value=0.00011784686442071026 0.00046293442432459187 -0.0036427357483331557 -0.0014437441226591088 -0.00010031821251642736 -0.0058936466961284247 0.001295479254773562 -0.0063528384666394948 -0.0048055491818965561 -0.0081169787920087385 -0.0041316498384706083 0.00084916831657126397 0.0010226187900328556 -0.0055519777648913651 0.00012339608206601605
leaf_weight=55196 22095 128 1601 17877 555 2452 52 155 50 345 389 302 132 181
leaf_count=55196 22095 128 1601 17877 555 2452 52 155 50 345 389 302 132 181
internal_value=7.38773e-05 0.000562902 -6.32431e-05 -0.00053504 -0.0016597 -0.000660116 0.000127535 -0.00366337 -0.00303129 -0.00553922 -0.00194946 -0.00038674 -0.0082485 -0.00619403
internal_weight=101510 22223 79287 24091 6214 3603 3048 596 2611 1010 544 352 658 526
internal_count=101510 22223 79287 24091 6214 3603 3048 596 2611 1010 544 352 658 526
is_linear=0
shrinkage=0.05


Tree=467
num_leaves=15
num_cat=0
split_feature=49 37 28 50 51 51 46 12 9 14 13 55 53 13
split_gain=1.93706 2.69615 2.93954 4.10115 8.58738 3.56611 5.43136 4.78807 6.26255 4.6706 4.40558 5.21356 5.4631 4.86978
threshold=17.500000000000004 53.500000000000007 45.500000000000007 1.0000000180025095e-35 -0.12940952181816107 1.0000000180025095e-35 7.3500001430511483 162.45346832275393 109.54999923706056 18.328217506408695 46.099107742309577 1.5000000000000002 0.063390085473656668 53.511013031005866
decision_type=10 2 2 2 2 2 2 2 2 2 2 2 2 2
left_child=1 -1 -3 4 -4 6 7 -5 -9 10 -8 -12 13 -13
right_child=-2 2 3 5 -6 -7 9 8 -10 -11 11 12 -14 -15
leaf_value=-0.00057931925486994439 0.00029167420309882743 0.0010427239859565544 -0.0025412352703216377 0.0009214101326906381 0.00079721452312954346 -0.00069081222381142074 0.00048466045251171558 0.0014605239056442881 -0.003873230149990864 0.0025514358048147352 0.0015696379396342216 -0.016354774861810212 0.0091360540389858486 -0.0031270408617495946
leaf_weight=14736 36670 6476 1922 7940 15294 16273 284 289 373 180 147 181 67 245
leaf_count=14736 36670 6476 1922 7940 15294 16273 284 289 373 180 147 181 67 245
internal_value=7.25614e-05 -9.25996e-05 8.36338e-05 -6.53858e-05 0.000532916 -0.000461926 0.000296418 0.000721087 -0.00333333 -0.00298923 -0.00442184 -0.00669231 -0.00911531 -0.0111697
internal_weight=101077 64407 49671 43195 17216 25979 9706 8602 662 1104 924 640 493 426
internal_count=101077 64407 49671 43195 17216 25979 9706 8602 662 1104 924 640 493 426
is_linear=0
shrinkage=0.05


Tree=468
num_leaves=15
num_cat=0
split_feature=33 46 53 44 14 50 57 53 42 0 13 12 52 52
split_gain=2.04044 3.86577 6.83029 6.07424 4.98744 4.87726 6.63902 5.26306 4.92229 4.83064 4.41897 5.66223 5.56756 8.47033
threshold=1.0000000180025095e-35 1.0000000180025095e-35 -0.93543598055839527 -0.72541993856430043 9.6876568794250506 -0.91597560048103321 27.816666603088382 -0.72102889418601979 5.7500000000000009 48.350000381469734 57.346725463867195 43.849998474121101 -0.65234524011611927 -0.67803022265434254
decision_type=2 2 2 2 2 2 2 2 2 2 2 2 2 2
left_child=-1 2 -2 4 -3 6 8 9 -4 -8 11 12 13 -6
right_child=1 3 5 -5 10 -7 7 -9 -10 -11 -12 -13 -14 -15
leaf_value=0.00019661235955418054 0.0016735567120036818 0.00062780572455961646 -0.028952310953122402 0.001547942445419228 -0.00096384640875109458 -0.00062173880363594874 0.0036099053946779223 -0.0010824189449128387 -0.0064235778642746134 -0.0089031659819726831 0.00020783703388734074 -0.0024465051371399243 0.0031482241795288491 -0.020098865716716013
leaf_weight=64451 1963 6974 50 6111 1090 10366 53 1022 123 120 3595 4295 1431 91
leaf_count=64451 1963 6974 50 6111 1090 10366 53 1022 123 120 3595 4295 1431 91
internal_value=7.1011e-05 -0.00022336 -0.00089115 0.00016464 -0.000309962 -0.00134792 -0.00414369 -0.00275934 -0.0130328 -0.0105738 -0.000997907 -0.00173702 9.91611e-05 -0.00243073
internal_weight=101735 37284 13697 23587 17476 11734 1368 1195 173 173 10502 6907 2612 1181
internal_count=101735 37284 13697 23587 17476 11734 1368 1195 173 173 10502 6907 2612 1181
is_linear=0
shrinkage=0.05


Tree=469
num_leaves=15
num_cat=0
split_feature=12 12 34 26 13 41 19 57 37 55 53 44 13 34
split_gain=2.12455 3.17644 3.684 4.55111 5.4557 8.821 2.3442 3.22364 5.63025 4.00048 3.3303 2.63931 2.26569 2.23214
threshold=19.704860687255863 23.331944465637211 2.2500000000000004 0.96447712182998668 25.024106979370121 90.500000000000014 51.049999237060554 31.116666793823246 16.500000000000004 1.0000000180025095e-35 0.50370931625366222 -9.7075901031494123 54.99702453613282 2.2500000000000004
decision_type=2 2 2 2 2 2 2 2 2 2 2 2 2 2
left_child=-1 2 3 4 5 -2 7 10 9 -9 -3 -10 -12 -8
right_child=1 6 -4 -5 -6 -7 13 8 11 -11 12 -13 -14 -15
leaf_value=0.0051121354273481528 -0.0046840752958297246 -6.9629544645003841e-05 0.0025974440687167965 -0.013970040207749102 0.0034459432072029765 0.0014863194702013898 6.0386324765914933e-05 -0.0068631179768942722 -0.0010168265384953689 -0.0028118445775485424 -0.0057283553982218046 0.0015539851814775291 -0.00043084030871097718 -0.00062302060803042685
leaf_weight=405 132 5476 206 118 255 104 74113 53 1051 106 105 11817 166 6956
leaf_count=405 132 5476 206 118 255 104 74113 53 1051 106 105 11817 166 6956
internal_value=0.000104529 8.98003e-05 -0.003 -0.00493538 -0.00268463 -0.00800813 0.00011532 0.000618612 0.00105354 -0.00801775 -0.000367379 0.00117177 -0.00567616 -1.29485e-06
internal_weight=101063 100658 815 609 491 236 99843 18774 13027 159 5747 12868 271 81069
internal_count=101063 100658 815 609 491 236 99843 18774 13027 159 5747 12868 271 81069
is_linear=0
shrinkage=0.05


Tree=470
num_leaves=15
num_cat=0
split_feature=17 47 18 27 4 16 56 41 31 34 3 43 27 27
split_gain=1.68812 2.26387 2.97535 3.65005 2.17845 3.38717 2.38679 2.51863 3.39687 3.6466 3.15349 2.90461 2.36188 2.19123
threshold=-92.84999847412108 6.4914855957031259 -11.15000009536743 19.650000572204593 204.19999694824222 133.15000152587893 229.80000305175784 1.0000000180025095e-35 -2.3248234987258907 0.25000000745058065 186.05000305175784 47.500000000000007 10.650000095367433 8.5500001907348651
decision_type=2 2 2 2 2 2 2 2 2 2 2 10 2 2
left_child=1 -1 3 -3 13 6 7 -6 9 -9 11 -10 -12 -2
right_child=4 2 -4 -5 5 -7 -8 8 10 -11 12 -13 -14 -15
leaf_value=0.0024062806550718689 0.00094340818018380274 0.0013557856918277201 0.001606369448358681 -0.0071072312530844495 -0.00022323226320463205 0.0029335775875326056 -3.4082125625411925e-05 -0.0012826543215905099 -0.0052479967123651664 -0.0044648923756932576 0.00068998981317735597 -0.00046358257032592942 -0.0032739631840633283 -2.1826207263382602e-05
leaf_weight=1305 3078 53 209 68 389 283 647 85 60 82 240 53 90 94891
leaf_count=1305 3078 53 209 68 389 283 647 85 60 82 240 53 90 94891
internal_value=7.04154e-06 0.00159574 -0.00205882 -0.0079771 -1.91174e-05 -0.0016787 -0.00254831 -0.00406838 -0.00604839 -0.0119492 -0.00360927 -0.0104472 -0.00102941 1.37276e-05
internal_weight=101533 1635 330 121 99898 1929 1646 999 610 167 443 113 330 97969
internal_count=101533 1635 330 121 99898 1929 1646 999 610 167 443 113 330 97969
is_linear=0
shrinkage=0.05


Tree=471
num_leaves=15
num_cat=0
split_feature=25 53 44 40 18 30 4 22 31 18 8 9 5 31
split_gain=1.82651 4.72929 4.23968 3.89313 2.95287 2.75073 2.3655 2.54715 2.53625 4.44048 2.34112 2.20048 4.35832 5.66273
threshold=30.250000000000004 -0.67168185114860524 -16.970002174377438 974.64999389648449 19.349999427795414 22.500000000000004 37.899999618530281 5130.5000000000009 6.1529304981231698 72.750000000000014 21.050000190734867 32.750000000000007 141.80000305175784 0.5560993254184724
decision_type=2 2 2 2 2 8 2 2 2 2 2 2 2 2
left_child=5 3 -3 -2 -5 -1 7 -4 10 -10 -8 12 13 -12
right_child=1 2 6 4 -6 -7 8 -9 9 -11 11 -13 -14 -15
leaf_value=0.0011722250880522251 0.0057189891545591839 -0.0057223197277876253 -0.00057379344009071307 0.00015554844885232335 -0.0069695671578639193 6.0453603691559292e-05 0.006360999759582678 -0.0058407092804315395 0.0049244024635120382 -0.0039206627067292516 -0.0010261689184096535 -0.00016933500354564441 0.00070487253483217643 -0.0048758876228311397
leaf_weight=4442 53 57 367 55 140 84412 224 61 828 62 175 9930 218 160
leaf_count=4442 53 57 367 55 140 84412 224 61 828 62 175 9930 218 160
internal_value=5.94899e-05 -0.000510535 -0.000367185 -0.0072093 -0.0103659 0.000138639 -0.00029705 -0.00390411 -0.000160679 0.00238889 -0.000374638 -0.000484609 -0.00352575 -0.00702899
internal_weight=101184 12330 12082 248 195 88854 12025 428 11597 890 10707 10483 553 335
internal_count=101184 12330 12082 248 195 88854 12025 428 11597 890 10707 10483 553 335
is_linear=0
shrinkage=0.05


Tree=472
num_leaves=15
num_cat=0
split_feature=20 38 27 21 0 31 38 21 55 24 9 30 9 26
split_gain=2.38462 2.76944 2.85916 4.16389 2.62645 2.46096 2.75408 2.38353 2.19156 2.19572 4.23082 3.51489 2.1163 2.072
threshold=4.2500000000000009 11.250000000000002 33.750000000000007 185.50000000000003 13.750000000000002 7.6000432968139657 3.9500000476837163 194.50000000000003 1.0000000180025095e-35 18.500000000000004 29.750000000000004 312.50000000000006 21.050000190734867 0.65388292074203502
decision_type=2 2 2 2 2 2 2 2 2 2 2 8 2 2
left_child=1 5 3 -3 -2 6 -1 -5 -8 10 -10 -12 -11 -4
right_child=4 2 13 7 -6 -7 8 -9 9 12 11 -13 -14 -15
leaf_value=0.0015638795411883598 0.0069494951236791936 -0.00050659509966354183 0.0011590381952546428 -0.0050237382724936733 5.2324263254995984e-05 0.00014457239495601601 -0.0040361719715322616 -0.0031869532935581524 0.0015524141906550729 -0.0055827294587709759 -0.0024646710570461923 -0.0089367886993667808 0.0018268152927786965 -0.0051321725002005658
leaf_weight=81 877 537 1518 103 97271 288 62 74 62 86 81 55 164 143
leaf_count=81 877 537 1518 103 97271 288 62 74 62 86 81 55 164 143
internal_value=4.89096e-05 -0.00128064 -0.00038784 -0.00301105 9.31154e-05 -0.00366142 -0.00548253 -0.0094385 -0.00682692 -0.00537118 -0.00918269 -0.0138356 -0.00211538 0.000751047
internal_weight=101402 3254 2375 714 98148 879 591 177 510 448 198 136 250 1661
internal_count=101402 3254 2375 714 98148 879 591 177 510 448 198 136 250 1661
is_linear=0
shrinkage=0.05


Tree=473
num_leaves=15
num_cat=0
split_feature=38 40 26 55 33 4 38 21 54 33 33 20 37 47
split_gain=2.13256 2.31772 3.70019 4.3712 4.2178 4.04968 4.61707 4.17591 3.97707 8.01575 8.32631 6.15355 4.59376 5.89262
threshold=26.849999427795414 979.85000610351574 0.65106356143951427 1.0000000180025095e-35 1.0500000119209292 40.649999618530281 18.150000572204593 30.500000000000004 8.5000000000000018 1.7500000000000002 4.3500001430511483 25.849999427795414 87.500000000000014 6.9685854911804208
decision_type=2 2 2 2 2 2 2 2 2 2 2 2 2 2
left_child=1 2 5 4 -4 -1 7 -7 -5 12 11 -11 -10 -14
right_child=-2 -3 3 8 -6 6 -8 -9 9 10 -12 -13 13 -15
leaf_value=0.0012133394433073109 0.0016188463086420379 0.00017358602217575921 -0.00091228717505453707 -5.2632617441639565e-05 -0.0050197329243365446 -0.0066458238850735044 0.00016222901551346712 -0.0013512296309021311 0.00012095703875557487 -0.0044874611413058367 -0.001489001956622537 -0.012629979093103589 -0.00073709542523391492 -0.011939747050906975
leaf_weight=6481 1569 64476 1367 10779 941 159 10130 2514 1923 148 460 109 166 80
leaf_count=6481 1569 64476 1367 10779 941 159 10130 2514 1923 148 460 109 166 80
internal_value=7.36341e-05 4.47652e-05 -0.000281141 -0.000843709 -0.0028516 0.000185032 -0.000330523 -0.0021748 -0.000502742 -0.00214779 -0.00669188 -0.0137266 -0.000621845 -0.00691406
internal_weight=101302 99733 35257 15973 2308 19284 12803 2673 13665 2886 717 257 2169 246
internal_count=101302 99733 35257 15973 2308 19284 12803 2673 13665 2886 717 257 2169 246
is_linear=0
shrinkage=0.05


Tree=474
num_leaves=15
num_cat=0
split_feature=49 37 42 1 15 26 43 29 37 10 57 55 16 21
split_gain=2.39314 2.69327 2.05168 2.03725 4.04306 3.30906 4.19083 3.38608 3.38408 5.21325 3.68826 3.25797 3.00588 2.93075
threshold=5.0268940925598153 11.500000000000002 7.8500001430511483 58.500000000000007 101.59999847412111 0.70001143217086803 25.02689361572266 3.0499999523162846 93.500000000000014 194.50833129882815 128.65000152587893 5.5000000000000009 44.549999237060554 10.500000000000002
decision_type=10 2 2 2 2 2 8 2 2 2 2 2 2 2
left_child=1 2 -1 4 -3 6 7 11 9 10 12 -5 -7 -11
right_child=-2 3 -4 5 -6 8 -8 -9 -10 13 -12 -13 -14 -15
leaf_value=0.00042341763725731245 0.00031652232043744716 -5.9393843683387508e-05 -0.0062367563921529295 -0.00028838537738825985 0.0016455199780400994 -0.00097770138056261341 -0.00034675759733242463 0.0021563063545695159 0.00080150587177586709 -0.0035665694882751732 0.00057232557333528489 -0.010487511074663877 -0.0029574743610958059 -0.0022743742989157615
leaf_weight=59 39638 32204 90 542 4045 3256 13252 3250 1554 134 1782 78 1249 264
leaf_count=59 39638 32204 90 542 4045 3256 13252 3250 1554 134 1782 78 1249 264
internal_value=5.85267e-05 -0.000136071 -0.00663522 -0.000119279 0.000121211 -0.00046293 -6.6542e-05 0.00137887 -0.00128561 -0.00177371 -0.00141575 -0.00198413 -0.00217608 -0.0072549
internal_weight=101397 61759 149 61610 36249 25361 17122 3870 8239 6685 6287 620 4505 398
internal_count=101397 61759 149 61610 36249 25361 17122 3870 8239 6685 6287 620 4505 398
is_linear=0
shrinkage=0.05


Tree=475
num_leaves=15
num_cat=0
split_feature=18 23 6 36 21 34 42 41 6 43 26 47 28 23
split_gain=2.13551 2.25595 2.22705 3.76437 3.28238 3.30527 3.46001 3.44855 4.21359 2.73948 2.62442 2.87547 3.47598 9.33023
threshold=-29.749999999999996 0.91500002145767223 47.049999237060554 16.050000190734867 79.500000000000014 2.7500000000000004 6.6499998569488534 9.5000000000000018 33.45000076293946 41.875000000000007 0.42884531617164617 6.6581139564514169 82.500000000000014 0.45499999821186071
decision_type=2 2 2 2 2 2 2 2 2 10 2 2 2 2
left_child=1 -1 3 9 5 -5 7 8 -7 -2 -4 -12 -13 -14
right_child=2 -3 10 4 -6 6 -8 -9 -10 -11 11 12 13 -15
leaf_value=0.00026948721622435066 0.0046558385380573823 0.0017955010056163166 0.0010250651385147207 0.00084809482117836226 -0.00016001701558139193 -0.0014535607353564179 0.00052705931408924818 -0.0002015220700489648 -0.0081683272885712619 0.0002713385311320153 4.3760276110615687e-06 -0.00031877942604947352 -0.004500008531808675 -0.00062438378741898619
leaf_weight=9248 1973 2000 3227 13185 22753 79 416 156 113 1431 28615 13577 908 3695
leaf_count=9248 1973 2000 3227 13185 22753 79 416 156 113 1431 28615 13577 908 3695
internal_value=9.597e-05 0.000745248 1.48663e-05 0.000292402 0.00014464 0.000748263 -0.00242894 -0.00603352 -0.0103465 0.00188049 -0.000207667 -0.000302852 -0.000794392 -0.00198027
internal_weight=101376 11248 90128 40106 36702 13949 764 348 192 3404 50022 46795 18180 4603
internal_count=101376 11248 90128 40106 36702 13949 764 348 192 3404 50022 46795 18180 4603
is_linear=0
shrinkage=0.05


Tree=476
num_leaves=15
num_cat=0
split_feature=57 22 11 9 52 13 13 29 37 25 40 43 38 30
split_gain=1.87174 2.66231 2.97084 4.51255 2.67135 2.51831 3.47592 4.97715 3.30609 2.89832 2.76953 2.63942 2.58055 2.48393
threshold=209.20000457763675 2242.5000000000005 172.62500000000003 73.000000000000014 -0.99275806546211232 55.633632659912116 48.345237731933601 3.3500000238418584 64.500000000000014 58.549999237060554 974.35000610351574 52.500000000000007 8.4499998092651385 22.500000000000004
decision_type=2 2 2 2 2 2 2 2 2 2 2 10 2 8
left_child=1 2 13 -4 -3 6 11 8 -8 -7 -9 12 -6 -1
right_child=-2 4 3 -5 5 9 7 10 -10 -11 -12 -13 -14 -15
leaf_value=0.001421204005753119 0.00089342877220116882 0.0030463876332205847 0.0017686440659076118 -0.0031852472537379703 0.0077318625340129917 -0.00015045061115598788 -0.005371840187603661 0.0041084792456856671 -0.0021838617962031152 -0.0013749767010284115 -0.0019425197574180647 0.0010255551068833223 -0.0050536917760831248 0.00011790040259129149
leaf_weight=2616 1831 419 225 418 72 13366 133 153 160 441 608 996 260 79556
leaf_count=2616 1831 419 225 418 72 13366 133 153 160 441 608 996 260 79556
internal_value=7.96929e-05 5.04362e-05 0.000166315 -0.00319296 -0.000527139 -0.000629977 -0.00212793 -0.00425752 -0.00968647 -0.000370196 -0.00206874 -0.000418535 -0.00421053 0.000192986
internal_weight=101254 99423 82815 643 16608 16189 2382 1054 293 13807 761 1328 332 82172
internal_count=101254 99423 82815 643 16608 16189 2382 1054 293 13807 761 1328 332 82172
is_linear=0
shrinkage=0.05


Tree=477
num_leaves=15
num_cat=0
split_feature=30 9 45 22 53 1 56 32 23 33 16 16 51 37
split_gain=2.12269 3.31696 5.44454 2.70323 2.11211 2.19939 3.59953 4.25127 2.91078 3.96238 4.36619 5.86576 4.08767 6.84893
threshold=25.02689361572266 23.750000000000004 -1.7778090238571165 1603.5000000000002 0.99988442659378063 64.849998474121108 79.750000000000014 8.4053010940551776 0.63499999046325695 1.8499999642372134 20.150000572204593 17.250000000000004 -0.91597560048103321 79.500000000000014
decision_type=8 2 2 2 2 2 2 2 2 2 2 2 2 2
left_child=1 2 -1 -3 5 6 8 -8 -2 10 11 -10 13 -11
right_child=4 3 -4 -5 -6 -7 7 -9 9 12 -12 -13 -14 -15
leaf_value=-0.0053072152701042676 -0.00017423205442071074 0.002117533364005868 0.0026736010682852016 0.00023450448839566174 0.004578881318877126 -0.0003078326076713842 0.0025258608365811312 -0.0039117421091583622 0.0048442962314698369 -0.0014929042263384954 0.0015032752672840283 -0.0041210725516424912 8.3842052018011495e-05 -0.01171925774851872
leaf_weight=86 37626 2409 99 7527 285 31747 3472 72 199 943 9554 343 6960 115
leaf_count=86 37626 2409 99 7527 285 31747 3472 72 199 943 9554 343 6960 115
internal_value=4.78101e-06 0.000691442 -0.00576923 0.000817414 -7.13924e-05 -8.50714e-05 9.47821e-05 0.00163759 -3.58726e-06 0.000516994 0.00117554 -0.00315217 -0.000312656 -0.00319288
internal_weight=101437 10121 185 9936 91316 91031 59284 3544 55740 18114 10096 542 8018 1058
internal_count=101437 10121 185 9936 91316 91031 59284 3544 55740 18114 10096 542 8018 1058
is_linear=0
shrinkage=0.05


Tree=478
num_leaves=15
num_cat=0
split_feature=34 24 37 53 12 42 47 16 38 16 17 32 0 16
split_gain=1.62375 2.25231 1.52056 3.51359 5.08792 1.90275 1.62588 2.57679 3.35035 2.33061 2.6912 3.424 1.89164 4.28653
threshold=6.3500001430511483 21.500000000000004 11.500000000000002 -0.36648371815681452 29.134722709655765 11.34999990463257 2.5255435705184941 41.149999618530281 10.449999809265138 44.149999618530281 -14.449999809265135 -0.54382425546646107 123.65000152587892 48.350000381469734
decision_type=2 2 2 2 2 2 2 2 2 2 2 2 2 2
left_child=2 -2 3 4 -1 -6 7 -4 -9 -10 11 -11 -8 -14
right_child=1 -3 6 -5 5 -7 12 8 9 10 -12 -13 13 -15
leaf_value=0.002255704828717378 0.0042686936792679315 -0.0036613474255997058 0.0044293121295091711 0.0027662555453434544 -0.0026560650256523279 -0.0091513889493199888 7.7893536581148703e-05 0.00095900908088514714 -0.0041713729001084474 -0.001385159542368679 0.00026931831610444812 -0.0053470565232583431 -0.0018819030214144768 -7.3815449483415193e-05
leaf_weight=137 67 110 1144 198 97 57 85882 1002 63 86 374 57 2073 9804
leaf_count=137 67 110 1144 198 97 57 85882 1002 63 86 374 57 2073 9804
internal_value=2.9211e-05 -0.00462567 3.7828e-05 -0.00271543 -0.00612957 -0.0120732 5.14953e-05 0.00125366 -5.65325e-05 -0.00305085 -0.00183112 -0.0074183 1.78484e-05 -0.000573315
internal_weight=101151 177 100974 489 291 154 100485 2726 1582 580 517 143 97759 11877
internal_count=101151 177 100974 489 291 154 100485 2726 1582 580 517 143 97759 11877
is_linear=0
shrinkage=0.05


Tree=479
num_leaves=15
num_cat=0
split_feature=48 51 23 9 23 20 25 18 30 52 4 52 13 9
split_gain=2.23565 2.44432 3.05438 3.51849 2.16326 2.33785 1.9076 2.40253 2.77601 2.30287 2.43947 2.97456 2.04245 4.69294
threshold=5.0499999523162851 0.12940952181816107 0.20499999821186068 32.45000076293946 0.18500000238418582 1.0000000180025095e-35 31.750000000000004 -5.4500000476837149 1262.5000000000002 0.89017060399055492 18.44999980926514 0.98802474141120922 86.120830535888686 90.90000152587892
decision_type=2 2 2 2 2 2 2 2 8 2 2 2 2 2
left_child=4 2 3 -2 5 -1 7 8 9 12 -11 -12 -7 -14
right_child=1 -3 -4 -5 -6 6 -8 -9 -10 10 11 -13 13 -15
leaf_value=-0.0026628117682928869 -0.0037156105704324767 0.0021431786662477375 0.00046329540435958712 -0.00073664352243228248 -7.6733183514101104e-05 0.0011294551194286806 -0.0026176645431469116 0.0028607951193061489 0.0050958194859074624 0.0011246734867935463 -0.0073722164630406206 0.0010419161033392945 -0.0035125596411408667 0.0020826707119016119
leaf_weight=139 229 3080 11731 1410 80905 717 56 1977 461 98 126 56 97 197
leaf_count=139 229 3080 11731 1410 80905 717 56 1977 461 98 126 56 97 197
internal_value=4.38845e-05 0.000577157 0.000284006 -0.00173135 -5.95833e-05 0.00108541 0.00132411 0.00146964 0.000119183 -0.00107225 -0.005 -0.00828125 5.38689e-05 -0.00338816
internal_weight=101279 16450 13370 1639 84829 3924 3785 3729 1752 1291 280 182 1011 294
internal_count=101279 16450 13370 1639 84829 3924 3785 3729 1752 1291 280 182 1011 294
is_linear=0
shrinkage=0.05


Tree=480
num_leaves=15
num_cat=0
split_feature=17 30 40 13 23 33 19 52 21 23 52 28 52 40
split_gain=1.79124 2.82965 2.28251 3.59029 2.9501 2.82474 6.62109 6.89278 5.58561 2.88152 2.70571 2.6384 2.50868 2.53065
threshold=5.6499998569488534 67.500000000000014 981.75000000000011 34.234523773193366 0.9350000023841859 1.5500000119209292 84.65000152587892 -0.92923668026924122 61.500000000000007 0.76499998569488536 -0.80418667197227467 93.500000000000014 0.9470459818840028 972.75000000000011
decision_type=2 10 2 2 2 2 2 2 2 2 2 2 2 2
left_child=-1 2 3 12 -4 11 -7 -8 9 10 -9 -5 13 -2
right_child=1 -3 4 5 -6 6 7 8 -10 -11 -12 -13 -14 -15
leaf_value=-8.5032854236766198e-05 -0.0014707868992038658 0.00076722528324072435 8.3547685394039651e-05 -0.00049503708264858723 0.0033169623826378933 0.0015313856222845684 -0.01179469093173841 0.00046747069504360128 -0.010421612079491455 0.0026865179389212093 -0.0055638578921124691 -0.0093480320714318665 -0.0032774741271789087 0.0044729114862485956
leaf_weight=63133 89 15601 15149 4409 1020 321 61 75 100 204 144 81 147 928
leaf_count=63133 89 15601 15149 4409 1020 321 61 75 100 204 144 81 147 928
internal_value=4.19822e-05 0.000311563 -4.44188e-05 -0.000830415 0.000274739 -0.00137373 -0.0039071 -0.00703704 -0.00494371 -0.00227483 -0.00613537 -0.000855555 0.00167802 0.00256573
internal_weight=101462 38329 22728 6559 16169 5395 905 584 523 423 219 4490 1164 1017
internal_count=101462 38329 22728 6559 16169 5395 905 584 523 423 219 4490 1164 1017
is_linear=0
shrinkage=0.05


Tree=481
num_leaves=15
num_cat=0
split_feature=52 46 52 13 11 40 2 13 37 40 45 45 26 41
split_gain=2.007 3.21975 3.01602 8.15465 8.51573 9.02521 6.96584 5.33779 5.29325 5.08367 4.42754 4.37229 4.32964 4.11881
threshold=-0.99763298034667958 10.650000095367433 -0.98214942216873158 63.773214340209968 70.04791641235353 985.54998779296886 25.750000000000004 81.694049835205092 35.500000000000007 978.95001220703136 -2.9127216339111324 -0.72666779160499562 0.64104178547859203 5.5000000000000009
decision_type=2 2 2 2 2 2 2 2 2 2 2 2 2 2
left_child=1 -1 3 8 5 6 -5 10 11 -6 -8 -2 -7 -10
right_child=2 -3 -4 4 9 12 7 -9 13 -11 -12 -13 -14 -15
leaf_value=0.001508470457546035 0.0012499614105144219 -0.006454910532443312 8.5732922462321493e-05 -0.0010057362625905458 -0.011297252968650511 0.0025581741819405033 -0.0033563152892349731 -0.000239612525251621 0.0020834039481526542 0.00024971396018210466 -0.01268362602077123 -0.0077675210412647307 -0.0058905349785268075 -0.0013409826831339965
leaf_weight=2098 50 51 94932 108 51 205 99 55 1742 875 228 53 57 689
leaf_count=2098 50 51 94932 108 51 205 99 55 1742 875 228 53 57 689
internal_value=8.75099e-05 0.00159565 5.46626e-05 -0.00125296 -0.0039455 -0.00786089 -0.0118 -0.014898 0.000538522 -0.000715812 -0.0172552 -0.0100442 -0.000330882 0.00102622
internal_weight=101293 2149 99144 4212 1678 752 490 382 2534 926 327 103 262 2431
internal_count=101293 2149 99144 4212 1678 752 490 382 2534 926 327 103 262 2431
is_linear=0
shrinkage=0.05


Tree=482
num_leaves=15
num_cat=0
split_feature=36 51 16 50 37 12 34 38 13 16 43 18 45 38
split_gain=2.42368 4.51373 5.20459 5.19263 4.61047 5.76794 5.97985 4.26672 4.81969 10.3795 4.32565 4.23911 3.68324 3.4636
threshold=14.449999809265138 -0.37940952181816096 94.299999237060561 0.37940952181816107 85.500000000000014 78.097221374511733 -0.15000000223517415 5.8500001430511483 107.85089111328126 67.40000152587892 67.500000000000014 -28.999999999999996 -2.5225141048431392 8.3499999046325701
decision_type=2 2 2 2 2 2 2 2 2 2 8 2 2 2
left_child=1 2 -1 -3 5 -5 -7 -8 10 11 -9 -10 -4 -14
right_child=-2 3 12 4 -6 6 7 8 9 -11 -12 -13 13 -15
leaf_value=0.00405048736853688 -6.8515956730216146e-05 0.00083999913837849076 0.0042063454963513379 -4.2873239785736617e-05 0.00011492366028802914 -0.00059650606455904052 -0.0011332647727123329 -0.0062463010964473216 -0.0058949757160408336 0.00011510230266092285 0.0035970905218831654 -0.021442116408872391 -0.0027577169394131327 8.6119662750057328e-05
leaf_weight=2306 83994 6362 283 1381 4749 571 244 222 50 72 83 116 327 482
leaf_count=2306 83994 6362 283 1381 4749 571 244 222 50 72 83 116 327 482
internal_value=-1.3825e-06 0.000538301 0.00216843 0.000137085 -0.000754868 -0.0023845 -0.00468567 -0.00748432 -0.00991863 -0.0151613 -0.00547619 -0.0217045 -0.000671506 -0.00238706
internal_weight=101242 17248 3398 13850 7488 2739 1358 787 543 238 305 166 1092 809
internal_count=101242 17248 3398 13850 7488 2739 1358 787 543 238 305 166 1092 809
is_linear=0
shrinkage=0.05


Tree=483
num_leaves=15
num_cat=0
split_feature=25 52 7 53 14 15 34 1 13 13 52 52 45 15
split_gain=1.85325 2.65743 3.46634 2.42299 3.99422 4.36423 4.14361 5.64712 3.38928 6.64287 5.02805 9.45141 5.53171 4.784
threshold=8.2500000000000018 -0.99763298034667958 20.44999980926514 1.0000000180025095e-35 6.8915064334869394 61.350000381469734 1.6500000357627871 27.849999427795414 55.633632659912116 62.652976989746101 -0.97509795427322377 -0.98523971438407887 2.0595314502716069 105.34999847412111
decision_type=2 2 2 2 2 2 2 2 2 2 2 2 2 2
left_child=-1 2 -2 -3 6 -6 -5 -8 13 -10 11 -11 -13 -7
right_child=1 3 -4 4 5 8 7 -9 9 10 -12 12 -14 -15
leaf_value=0.00054532434151161491 -0.0047165858212338645 -0.00030228068285940339 0.0019100537249470027 -0.0012873947802595409 0.0020564722929465552 -0.00036557046581789241 0.000516312213214808 -0.0068780020546711299 0.0041044742111716551 -0.00069455336153322609 0.0001514855731076317 -0.0025981094084089411 -0.0088085722765846863 -0.0035987371089505264
leaf_weight=12699 92 41416 1898 1398 2605 4549 53 61 2044 708 33134 114 82 525
leaf_count=12699 92 41416 1898 1398 2605 4549 53 61 2044 708 33134 114 82 525
internal_value=2.89977e-05 -5.19228e-05 0.00175 -9.34842e-05 0.000159331 0.000246853 -0.00235874 -0.011129 0.000120974 0.0002912 0.00012453 -0.00353392 -0.0129612 -0.00108773
internal_weight=101378 88679 1990 86689 45273 43761 1512 114 41156 36082 34038 904 196 5074
internal_count=101378 88679 1990 86689 45273 43761 1512 114 41156 36082 34038 904 196 5074
is_linear=0
shrinkage=0.05


Tree=484
num_leaves=15
num_cat=0
split_feature=18 6 16 44 47 20 56 56 35 9 24 31 47 52
split_gain=2.04621 3.44885 3.34161 7.23829 4.81728 4.77837 3.21241 2.86643 2.77854 2.69247 2.14879 4.33161 3.78379 6.25757
threshold=-43.749999999999993 186.05000305175784 66.950000762939467 1.4854021668434145 6.305131435394288 54.850000381469734 223.75000000000003 175.80000305175784 17.500000000000004 44.45000076293946 10.500000000000002 -4.9812779426574698 6.4674241542816171 -0.099819734692573533
decision_type=2 2 2 2 2 2 2 2 2 2 2 2 2 2
left_child=-1 10 3 -3 5 7 8 -4 -6 -7 12 -12 -2 -14
right_child=1 2 4 -5 6 9 -8 -9 -10 -11 11 -13 13 -15
leaf_value=0.0007821954022654439 0.00061644118850449393 -0.00091872457677154296 -0.0049876867182351049 -0.0048185357060150855 -0.001580798073653341 -0.0027982823552255781 0.00021080622997613808 -0.00082350944492242642 -0.0047253506614419521 0.00057918899512309754 0.00051715160771349182 -0.00038035054140086967 -0.0010412379865259781 0.00069840962149914998
leaf_weight=6133 24858 203 66 88 57 93 80 200 79 1536 13424 34828 9907 9385
leaf_count=6133 24858 203 66 88 57 93 80 200 79 1536 13424 34828 9907 9385
internal_value=6.22606e-05 4.95726e-06 -0.00186153 -0.00679402 -0.00115276 -0.000328084 -0.0080531 -0.00641304 -0.0124658 0.000698597 5.36729e-05 -0.000176951 0.000305707 -0.000219666
internal_weight=100937 94804 2402 291 2111 1895 216 266 136 1629 92402 48252 44150 19292
internal_count=100937 94804 2402 291 2111 1895 216 266 136 1629 92402 48252 44150 19292
is_linear=0
shrinkage=0.05


Tree=485
num_leaves=15
num_cat=0
split_feature=36 40 2 57 6 25 40 4 38 56 45 36 4 43
split_gain=2.18447 2.20031 2.30013 2.929 3.2133 3.34171 2.46502 2.02615 2.00992 2.73333 4.25694 2.74179 1.94382 4.65674
threshold=10.449999809265138 984.85000610351574 154.85000610351565 154.83332824707034 107.00000000000001 31.94999980926514 992.95001220703136 166.00000000000003 3.4500000476837163 89.750000000000014 -0.70641773939132679 6.7500000000000009 186.05000305175784 47.500000000000007
decision_type=2 2 2 2 2 2 2 2 2 2 2 2 2 10
left_child=1 -1 8 4 -4 7 -7 -6 9 -3 11 -11 -2 -14
right_child=12 2 3 -5 5 6 -8 -9 -10 10 -12 -13 13 -15
leaf_value=-0.0050900033188973287 1.2777206878401098e-05 0.0007344318808157964 0.001106191165464662 0.00044491020361746536 0.0028136492131235237 -0.0055790528933243773 -0.00066861717984449665 -0.0019313933938483144 0.0017853169211013585 0.0013161359457858374 -0.0052664159610583908 -0.0023251538088495337 -0.0018940752394109709 0.00044710625759286665
leaf_weight=59 91394 460 249 2217 98 97 52 120 4233 107 54 105 847 1080
leaf_count=59 91394 460 249 2217 98 97 52 120 4233 107 54 105 847 1080
internal_value=5.24799e-05 0.000852945 0.000930531 -0.000205768 -0.00322684 -0.00614058 -0.0116667 -0.00201754 0.00157879 -0.000842391 -0.00478261 -0.00130631 -1.49466e-05 -0.00158234
internal_weight=101172 7851 7792 2833 616 367 149 218 4959 726 266 212 93321 1927
internal_count=101172 7851 7792 2833 616 367 149 218 4959 726 266 212 93321 1927
is_linear=0
shrinkage=0.05


Tree=486
num_leaves=15
num_cat=0
split_feature=38 15 15 46 51 42 57 52 16 17 42 52 33 9
split_gain=1.82768 2.36776 4.24655 5.31566 4.37409 2.81166 2.44608 2.99245 4.8008 1.88261 3.26046 2.99818 4.71069 3.2088
threshold=26.250000000000004 58.649999618530281 58.350000381469734 12.449999809265138 1.0000000180025095e-35 7.2500000000000009 55.416667938232429 -0.5917624533176421 22.44999980926514 5.4500000476837167 3.7500000000000004 -0.9413962960243224 3.4500000476837163 37.899999618530281
decision_type=2 2 2 2 2 2 2 2 2 2 2 2 2 2
left_child=9 2 3 6 5 -5 7 8 -2 -1 11 12 -11 -13
right_child=1 -3 -4 4 -6 -7 -8 -9 -10 10 -12 13 -14 -15
leaf_value=-0.00012056693210722059 0.0037582909526894699 0.0014607505742434866 -0.012269773227854245 -0.037314153607747334 0.0061088438506758996 -0.0054830314934577254 -0.0057309448075707689 0.0039450924530157671 -0.0061741994788072456 -0.00094355488741390016 0.00046195866070276073 -0.0024112075287811827 -0.0064212373581073933 8.7576074706074243e-05
leaf_weight=59837 77 3288 87 51 50 50 85 628 55 882 28547 775 90 6643
leaf_count=59837 77 3288 87 51 50 50 85 628 55 882 28547 775 90 6643
internal_value=2.94105e-05 0.0010283 -0.00099268 -1.98805e-05 -0.00835404 -0.0139189 0.00154971 0.00246753 -0.00415493 -1.58082e-05 0.000264839 -0.00060119 -0.00319756 -0.000257135
internal_weight=101145 4371 1083 996 151 101 845 760 132 96774 36937 8390 972 7418
internal_count=101145 4371 1083 996 151 101 845 760 132 96774 36937 8390 972 7418
is_linear=0
shrinkage=0.05


Tree=487
num_leaves=15
num_cat=0
split_feature=0 20 25 25 45 38 6 53 11 53 0 53 55 10
split_gain=1.94269 3.2473 3.19134 2.92004 3.14526 2.89214 2.64669 5.09794 2.51584 3.15384 2.57247 2.89513 4.21577 4.31839
threshold=43.250000000000007 4.4500000476837167 11.650000095367433 5.3500001430511483 -1.8336876630783079 11.150000095367433 41.049999237060554 -0.56369942426681507 108.90625000000001 0.74298545718193065 13.750000000000002 -0.63257205486297596 1.5000000000000002 25.341667175292972
decision_type=2 2 2 2 2 2 2 2 2 2 2 2 2 2
left_child=1 2 5 4 -2 -1 -7 -8 9 10 -3 12 13 -12
right_child=3 8 -4 -5 -6 6 7 -9 -10 -11 11 -13 -14 -15
leaf_value=-0.002193929947164159 0.0020086281166544514 0.0078859463757360183 -0.0043201159438124373 -0.0001009865105968311 -0.008896810387370363 0.0010958107765637454 0.00097396842991471708 -0.006908585529525055 -0.0033346146200866102 0.0039458088322074812 -0.0029024356184418703 -6.4913171390973428e-05 0.0018868296014796307 0.00028218984868937737
leaf_weight=856 51 830 356 66842 53 1445 216 77 62 1259 509 18698 7364 2763
leaf_count=856 51 830 356 66842 53 1445 216 77 62 1259 509 18698 7364 2763
internal_value=-5.37504e-06 0.000299753 -0.00128378 -0.000162345 -0.00815789 -0.000664362 0.000509153 -0.00374587 0.000448484 0.000469729 0.000366872 0.000288645 0.000946835 -0.000545399
internal_weight=101381 34435 2950 66946 104 2594 1738 293 31485 31423 30164 29334 10636 3272
internal_count=101381 34435 2950 66946 104 2594 1738 293 31485 31423 30164 29334 10636 3272
is_linear=0
shrinkage=0.05


Tree=488
num_leaves=15
num_cat=0
split_feature=57 4 7 16 53 38 56 15 23 37 38 42 16 52
split_gain=1.89502 2.46786 3.19951 3.68073 2.95706 5.37575 2.89852 2.73881 2.88311 3.32548 3.6737 3.45764 2.39095 5.5891
threshold=209.20000457763675 186.05000305175784 77.40000152587892 107.70000076293947 0.96633976697921764 6.5499999523162851 173.00000000000003 281.75000000000006 0.39499999582767492 80.500000000000014 10.449999809265138 6.0499999523162851 75.099998474121108 -0.81429189443588246
decision_type=2 2 2 2 2 2 2 2 2 2 2 2 2 2
left_child=1 6 -3 4 5 -4 12 8 -7 10 -10 -11 -1 -14
right_child=-2 2 3 -5 -6 7 -8 -9 9 11 -12 -13 13 -15
leaf_value=8.510408389028715e-05 0.00088046318086991361 0.001637428292452712 -0.0052805420150552548 0.00044059336687706527 -0.0013073515377217862 0.00077646660248128444 0.0017402483897971822 0.0017641556192990065 -0.0049562759726202851 -0.0047029148299822217 0.0017244425130040282 -0.001477650411042042 -0.0052389157844564931 -0.00029281212392882303
leaf_weight=89961 1796 635 63 628 784 89 1709 125 65 140 116 114 452 4533
leaf_count=89961 1796 635 63 628 784 89 1709 125 65 140 116 114 452 4533
internal_value=7.26143e-05 4.34505e-05 -0.00142831 -0.00235708 -0.00369854 -0.00601108 8.56051e-05 -0.00448407 -0.00604869 -0.00769663 -0.00232984 -0.0112879 4.87596e-05 -0.00101602
internal_weight=101210 99414 2759 2124 1496 712 96655 649 524 435 181 254 94946 4985
internal_count=101210 99414 2759 2124 1496 712 96655 649 524 435 181 254 94946 4985
is_linear=0
shrinkage=0.05


Tree=489
num_leaves=15
num_cat=0
split_feature=52 52 13 4 43 22 18 24 20 40 23 4 14 43
split_gain=1.92498 4.13688 8.98822 5.01394 4.14147 3.53017 4.10058 3.62234 4.86334 4.92146 4.43215 5.95942 6.87997 5.46834
threshold=0.73865729570388805 0.76140651106834423 65.314880371093764 61.600000381469734 92.500000000000014 5130.5000000000009 17.650000572204593 15.500000000000002 83.450000762939467 984.54998779296886 0.54500001668930065 33.95000076293946 10.053816795349123 77.500000000000014
decision_type=2 2 2 2 10 2 2 2 2 2 2 2 2 10
left_child=-1 2 3 -2 -5 7 -7 -3 10 -10 11 -9 13 -13
right_child=1 5 -4 4 -6 6 -8 8 9 -11 -12 12 -14 -15
leaf_value=9.8350459358064748e-05 -0.0021445544588401481 0.00053565182133118335 0.0027452243809109982 -0.0096780162041750269 -0.0035791023022886726 -0.01217974106933296 -0.00061635320921305924 0.0001266347135793272 -0.0052982602689443173 0.000220046221015282 0.00054303410491648974 -0.0020487918381648005 -0.00088094617767678915 -0.0063594976128921515
leaf_weight=78295 437 10912 373 155 99 66 104 3341 134 108 3674 933 2294 516
leaf_count=78295 437 10912 373 155 99 66 104 3341 134 108 3674 933 2294 516
internal_value=4.48511e-06 -0.000396009 -0.00342644 -0.0067689 -0.0122348 -0.000248506 -0.00722222 -0.000191132 -0.000831062 -0.00769841 -0.000669576 -0.00139977 -0.00276712 -0.00545236
internal_weight=101441 23146 1064 691 254 22082 170 21912 11000 242 10758 7084 3743 1449
internal_count=101441 23146 1064 691 254 22082 170 21912 11000 242 10758 7084 3743 1449
is_linear=0
shrinkage=0.05


Tree=490
num_leaves=15
num_cat=0
split_feature=26 32 53 28 8 40 13 13 51 21 9 33 19 36
split_gain=2.17844 2.86324 3.73789 2.83263 3.09041 5.03857 4.35889 5.79656 3.02076 3.67069 3.34663 2.71566 4.87556 5.08468
threshold=0.81891629099845897 -4.0139276981353751 -0.73284119367599476 51.500000000000007 28.550000190734867 987.45001220703136 49.055356979370124 49.438392639160163 0.78656607866287243 49.500000000000007 69.500000000000014 0.45000000298023229 112.59999847412111 13.650000095367433
decision_type=2 2 2 2 2 2 2 2 2 2 2 2 2 2
left_child=-1 2 -2 -3 5 8 -6 -8 9 10 -5 -9 -13 -14
right_child=1 3 -4 4 6 -7 7 11 -10 -11 -12 12 13 -15
leaf_value=0.00014151802692785741 0.0045978163914485691 0.0016379610770509306 -0.0015793228653895352 -0.0041716352919095616 0.0015423410531255062 -0.007160734607022429 -0.0069588734349747619 -7.6965479226092721e-05 0.0020382954490039051 -0.000792728288532151 -0.015306295893407221 -0.00084321946684392472 0.0017934226470237202 -0.0070136968945178181
leaf_weight=75750 295 3208 3429 170 2648 82 103 11774 273 692 60 2179 103 216
leaf_count=75750 295 3208 3429 170 2648 82 103 11774 273 692 60 2179 103 216
internal_value=5.20835e-05 -0.00035021 -0.00162828 -0.000128265 -0.000368651 -0.00273116 -0.000189925 -0.000533542 -0.00184647 -0.00320815 -0.00854167 -0.000443915 -0.0019378 -0.00761398
internal_weight=100982 25232 3724 21508 18300 1277 17023 14375 1195 922 230 14272 2498 319
internal_count=100982 25232 3724 21508 18300 1277 17023 14375 1195 922 230 14272 2498 319
is_linear=0
shrinkage=0.05


Tree=491
num_leaves=15
num_cat=0
split_feature=47 29 6 8 53 14 53 31 8 0 18 0 40 14
split_gain=1.95823 2.49621 1.98285 3.16239 5.21297 3.93153 3.38551 3.10573 3.95984 2.81089 2.73797 3.70194 3.34352 2.61123
threshold=2.61213231086731 1.3499999642372134 186.05000305175784 146.90000152587893 0.9974811077117921 40.231615066528327 0.94066718220710765 0.5560993254184724 168.35000610351565 200.00000000000003 -0.94999998807907093 227.44999694824222 988.54998779296886 40.231615066528327
decision_type=2 2 2 2 2 2 2 2 2 2 2 2 2 2
left_child=1 -1 13 -4 6 -6 7 9 -9 -5 -8 -12 -13 -2
right_child=2 -3 3 4 5 -7 10 8 -10 -11 11 12 -14 -15
leaf_value=-0.00081352649561371572 -1.2069024431879319e-05 0.0018135939453229923 0.0010296857732008953 0.00090012196608469242 0.00032783758535743623 -0.0056947587239998577 0.00095014957029406161 -0.0041671306736682425 -0.001189641943732726 -0.002883672513742649 -0.0028241052104902285 -0.0031297138744760819 0.0018373974439416401 0.00084936623918888642
leaf_weight=790 88458 2494 990 283 98 189 1143 108 140 116 198 60 246 6255
leaf_count=790 88458 2494 990 283 98 189 1143 108 140 116 198 60 246 6255
internal_value=5.15862e-05 0.00125076 1.13946e-05 -0.00114354 -0.00206291 -0.00829966 -0.00125 -0.00428463 -0.00856589 -0.00147922 -3.92273e-05 -0.00307393 0.000411393 5.50555e-05
internal_weight=101568 3284 98284 3571 2581 287 2294 647 248 399 1647 504 306 94713
internal_count=101568 3284 98284 3571 2581 287 2294 647 248 399 1647 504 306 94713
is_linear=0
shrinkage=0.05


Tree=492
num_leaves=15
num_cat=0
split_feature=49 37 16 28 41 50 51 43 51 42 16 53 43 57
split_gain=1.83267 4.5553 4.91433 2.74423 2.62262 2.37118 4.79332 4.97358 4.20835 7.44451 3.96506 4.48844 5.06847 3.78985
threshold=17.500000000000004 28.500000000000004 21.150000572204593 26.500000000000004 1.0000000180025095e-35 1.0000000180025095e-35 1.0000000180025095e-35 162.50000000000003 0.37940952181816107 1.7500000000000002 84.299999237060561 0.99349221587181102 32.500000000000007 39.616666793823249
decision_type=8 2 2 2 2 2 2 10 2 2 2 2 10 2
left_child=1 2 -1 -3 -4 8 7 10 9 13 -7 -12 -13 -5
right_child=-2 3 4 5 -6 6 -8 -9 -10 -11 11 12 -14 -15
leaf_value=-0.00044782054584123514 0.00019604932291325094 0.0017249268962107427 -0.0062661555884801455 -0.011760633066306661 -0.0019214965356978862 0.0022443223146680381 -0.00074576357723167585 -0.00044833350707598112 0.00068982978881969097 -0.00022108711206906336 8.7578222097151834e-05 -0.0076136583653120416 -0.00069197288091386096 -0.0035212013287266352
leaf_weight=1067 49105 2456 259 57 248 4658 17929 7007 12678 4670 381 51 65 554
leaf_count=1067 49105 2456 259 57 248 4658 17929 7007 12678 4670 381 51 65 554
internal_value=5.01509e-05 -0.00015646 -0.00279672 -7.36398e-05 -0.00679884 -0.000157095 -0.000428391 0.00033766 0.000297457 -0.000887356 0.001515 -0.00269231 -0.010873 -0.0060306
internal_weight=101185 52080 1574 50506 507 48050 30091 12162 17959 5281 5155 497 116 611
internal_count=101185 52080 1574 50506 507 48050 30091 12162 17959 5281 5155 497 116 611
is_linear=0
shrinkage=0.05


Tree=493
num_leaves=15
num_cat=0
split_feature=55 43 52 11 52 44 45 14 11 11 14 47 6 43
split_gain=2.22943 3.7007 5.36053 5.5832 3.49382 7.02111 4.31433 3.31789 3.27824 4.90174 8.96532 4.23242 4.0992 3.94103
threshold=4.5000000000000009 317.50000000000006 -0.99866804480552662 49.447917938232429 0.99628883600234996 1.0164568479410201e-15 6.1654975414276132 16.222956657409672 125.56041717529298 114.81666946411134 35.213279724121101 4.2127718925476083 188.85000610351565 67.500000000000014
decision_type=2 8 2 2 2 2 2 2 2 2 2 2 2 10
left_child=-1 7 3 -3 6 -6 -4 -2 9 -9 11 -11 -10 -13
right_child=1 2 4 -5 5 -7 -8 8 12 10 -12 13 -14 -15
leaf_value=0.00014864856056798095 0.00093679779317980922 -0.0056309852608280994 -0.00074497672709044097 0.00053002187711114986 -0.0069898350875735142 0.00087625485049803813 0.0014916098848876541 -0.00057763284202584663 0.0021404096586647762 -0.0076989480487304127 0.00046129944660658524 -0.0081438901144087767 -0.00065569590314569709 -0.0053928196010901899
leaf_weight=72025 7330 84 10720 60 202 202 1192 5991 1622 74 289 96 958 53
leaf_count=72025 7330 84 10720 60 202 202 1192 5991 1622 74 289 96 958 53
internal_value=3.40906e-05 -0.000337049 -0.000986367 -0.0102597 -0.000869706 -0.00538647 -0.000712129 0.000156184 -0.000482239 -0.00108015 -0.00572797 -0.0130258 0.00102317 -0.0176415
internal_weight=100898 28873 12460 144 12316 404 11912 16413 9083 6503 512 223 2580 149
internal_count=100898 28873 12460 144 12316 404 11912 16413 9083 6503 512 223 2580 149
is_linear=0
shrinkage=0.05


Tree=494
num_leaves=15
num_cat=0
split_feature=23 45 0 14 15 16 16 38 15 24 32 42 50 25
split_gain=1.98446 3.52172 3.35607 3.22956 2.65611 4.27946 10.7629 7.8238 5.14063 5.41074 3.56613 3.32034 3.20105 3.19666
threshold=0.90500000119209301 -5.7877082824707022 109.54999923706056 39.784385681152351 192.09999847412112 75.549999237060561 84.299999237060561 13.949999809265138 190.69999694824222 1.5000000000000002 0.34380599856376654 5.8500001430511483 -1.0000000180025095e-35 28.750000000000004
decision_type=2 2 2 2 2 2 2 2 2 2 2 2 2 2
left_child=2 -2 3 -1 5 8 7 13 -4 -10 -11 12 -8 -7
right_child=1 -3 4 -5 -6 6 11 -9 9 10 -12 -13 -14 -15
leaf_value=1.9368504605086839e-05 0.0031963735068556323 0.00025815264373498615 -0.00051367281576609948 0.0018852880704249707 -8.9281321870841206e-06 -0.0088020965349340161 0.0023614421172210801 -0.0078111264910615558 -0.0093000637676450629 0.0011665609455652809 -0.0030069088442418799 0.0046103367817762761 -0.0044337873617798914 0.00012886793444672934
leaf_weight=68764 1669 14326 6045 3031 6550 136 123 82 91 136 68 257 161 102
leaf_count=68764 1669 14326 6045 3031 6550 136 123 82 91 136 68 257 161 102
internal_value=5.9133e-05 0.000570135 -3.64672e-05 0.00010062 -0.000751762 -0.00141381 -0.00470149 -0.0118182 -0.00096063 -0.00729508 -0.00247664 -0.000353902 -0.00401361 -0.00669355
internal_weight=101541 15995 85546 71795 13751 7201 861 320 6340 295 204 541 284 238
internal_count=101541 15995 85546 71795 13751 7201 861 320 6340 295 204 541 284 238
is_linear=0
shrinkage=0.05


Tree=495
num_leaves=15
num_cat=0
split_feature=53 33 47 32 15 15 41 53 32 13 6 4 53 8
split_gain=1.62658 1.47429 1.48019 1.77838 3.56723 3.28368 4.33414 2.91705 2.81415 2.63995 2.84238 6.37353 3.44477 3.94212
threshold=0.99988442659378063 35.20000076293946 2.5255435705184941 3.6157579421997075 270.55000305175787 31.300000190734867 20.500000000000004 -0.99465739727020253 5.3786752223968515 49.951488494873054 39.149999618530281 119.09999847412111 -0.99052476882934559 70.40000152587892
decision_type=2 2 2 2 2 2 2 2 2 2 2 2 2 2
left_child=1 2 -1 7 5 6 -5 -4 -6 -7 11 -11 13 -12
right_child=-2 -3 3 4 8 9 -8 -9 -10 10 12 -13 -14 -15
leaf_value=0.00092482040439471739 0.0030653508992073103 0.0030523103486030014 0.0020297061633137523 -0.0072043103333498592 -0.003663365914927566 0.0013582624497961626 0.00088577478212112327 -7.4722227010038934e-05 0.0016789123103688958 -0.0010211860323154961 -0.0034090231025565216 -0.0085535052291097393 0.00071955724127203047 0.0038357375758064764
leaf_weight=2731 333 614 1835 59 99 6976 91 78015 56 1415 683 70 7875 290
leaf_count=2731 333 614 1835 59 99 6976 91 78015 56 1415 683 70 7875 290
internal_value=0.000104892 9.3187e-05 7.80901e-05 4.58586e-05 0.000500454 0.000569294 -0.0065625 -5.44701e-05 -0.00681818 0.000634852 0.000127139 -0.00188963 0.000467374 -0.00232452
internal_weight=101142 100809 100195 97464 17614 17459 150 79850 155 17309 10333 1485 8848 973
internal_count=101142 100809 100195 97464 17614 17459 150 79850 155 17309 10333 1485 8848 973
is_linear=0
shrinkage=0.05


Tree=496
num_leaves=15
num_cat=0
split_feature=36 57 16 13 5 53 46 55 30 21 13 24 33 8
split_gain=1.77551 2.44698 4.46063 4.60265 5.40667 6.48385 3.44159 3.33062 3.09708 2.32102 2.50854 3.23246 5.24266 3.43242
threshold=33.250000000000007 91.883335113525405 71.349998474121108 84.971427917480483 125.50000000000001 0.50370931625366222 0.84999999403953563 1.0000000180025095e-35 12.500000000000002 14.500000000000002 67.930953979492202 5.5000000000000009 0.65000000596046459 109.54999923706056
decision_type=2 2 2 2 2 2 2 2 8 2 2 2 2 2
left_child=1 2 -1 4 5 6 -4 -5 -9 10 -3 12 -12 -13
right_child=-2 9 3 7 -6 -7 -8 8 -10 -11 11 13 -14 -15
leaf_value=-8.5604089274434229e-05 0.0004642311046865665 0.0037817172753673045 0.00020625349556256846 -0.009000380121106993 0.0015605747253862184 -0.011085221209137431 -0.0079692037142139564 -0.0044280190163708925 0.00055640851049284558 0.00054791578474488675 0.00015738160651112247 0.00080170911493297921 -0.0031887136655396049 -0.0027111231206004304
leaf_weight=65026 13187 347 92 86 73 65 78 53 730 17552 3030 372 116 731
leaf_count=65026 13187 347 92 86 73 65 78 53 730 17552 3030 372 116 731
internal_value=5.65252e-05 -2.42752e-05 -0.000176476 -0.00321398 -0.00836478 -0.0119388 -0.00611111 -0.00131399 -0.000233291 0.000430544 -0.000568823 -0.000905142 -8.55511e-05 -0.00322102
internal_weight=101538 88351 66203 1177 308 235 170 869 783 22148 4596 4249 3146 1103
internal_count=101538 88351 66203 1177 308 235 170 869 783 22148 4596 4249 3146 1103
is_linear=0
shrinkage=0.05


Tree=497
num_leaves=15
num_cat=0
split_feature=19 44 39 57 16 11 16 52 23 12 38 15 1 16
split_gain=1.81145 2.27524 2.1375 1.96144 2.73285 4.42507 3.93558 3.44706 2.95205 2.52152 3.3621 4.65426 2.87088 3.26523
threshold=21.750000000000004 2.5364398956298833 1.7500000000000002 38.849998474121101 10.550000190734865 29.670832633972172 9.7500000000000018 0.96904698014259349 0.19500000029802325 43.849998474121101 8.7500000000000018 87.40000152587892 25.050000190734867 25.750000000000004
decision_type=2 2 2 2 2 2 2 2 2 2 2 2 2 2
left_child=1 2 -1 -2 5 -5 7 -7 -6 10 11 -10 -11 -14
right_child=3 -3 -4 4 8 6 -8 -9 9 12 -12 -13 13 -15
leaf_value=0.0065789940429079406 -0.00029061570436557572 -0.00073990691234330358 -0.0041165850325887042 0.0019277860458616709 0.001348559239675815 0.0051193032360850009 -0.009864626105891984 -0.0091731915245365052 -0.00030979920888494665 0.0039847859140774251 0.0012203839637037119 -0.009596088554169678 -0.00094987579140537795 3.7288471527956552e-05
leaf_weight=1410 22662 586 64 215 3451 98 124 101 354 919 7242 75 5878 58053
leaf_count=1410 22662 586 64 215 3451 98 124 101 354 919 7242 75 5878 58053
internal_value=3.36819e-05 0.00149758 0.00254043 3.12575e-06 0.000124151 -0.00339416 -0.00701201 -0.00241627 0.000149509 8.14136e-05 0.000938029 -0.00331435 -2.0043e-05 -6.01334e-05
internal_weight=101232 2060 1474 99172 76510 538 323 199 75972 72521 7671 429 64850 63931
internal_count=101232 2060 1474 99172 76510 538 323 199 75972 72521 7671 429 64850 63931
is_linear=0
shrinkage=0.05


Tree=498
num_leaves=15
num_cat=0
split_feature=36 45 25 51 19 45 49 38 13 11 13 24 47 13
split_gain=2.21871 3.86598 3.5769 2.94181 3.34218 2.62849 3.63911 2.59983 5.0403 3.30671 5.69944 3.79948 4.88886 7.2977
threshold=14.449999809265138 12.223523616790773 4.8500001430511483 -0.37940952181816096 167.85000610351565 -2.5225141048431392 -4.8655297756195059 15.750000000000002 86.710418701171889 54.918748855590827 39.211904525756843 7.5000000000000009 5.8297059535980233 58.51964187622071
decision_type=2 2 2 2 2 2 10 2 2 2 2 2 2 2
left_child=1 2 -1 4 -4 -6 -7 -2 9 10 -9 12 -12 -14
right_child=7 -3 3 -5 5 6 -8 8 -10 -11 11 -13 13 -15
leaf_value=-0.0026307296072691682 -0.00033990171376057894 -0.002994575593506472 0.0039497761956504753 0.00018091730488459484 0.0029144046251851417 -0.0015919566556442961 0.0011842329590271126 -0.00071194479732326606 0.003390073509242772 -0.00035431261710717999 0.0020981000570197599 0.0013326342362042325 -8.3862854469058583e-05 -0.0046517493459552178
leaf_weight=144 37066 52 2045 13566 351 544 400 6522 1677 19355 2252 12667 3280 795
leaf_count=144 37066 52 2045 13566 351 544 400 6522 1677 19355 2252 12667 3280 795
internal_value=1.07223e-05 0.000529453 0.000574443 0.000643178 0.00197015 -1.91569e-05 -0.00139413 -9.5427e-05 0.000153357 5.24723e-05 0.000426232 0.000864029 -0.0001365 -0.00116891
internal_weight=100716 17102 17050 16906 3340 1295 944 83614 46548 44871 25516 18994 6327 4075
internal_count=100716 17102 17050 16906 3340 1295 944 83614 46548 44871 25516 18994 6327 4075
is_linear=0
shrinkage=0.05


Tree=499
num_leaves=15
num_cat=0
split_feature=50 44 15 53 42 41 43 42 10 19 16 38 47 44
split_gain=1.98248 1.78649 3.07294 5.76986 2.29895 1.8414 1.7207 1.83773 2.06031 1.68915 4.07383 5.15098 3.56115 3.93707
threshold=0.98296290636062633 -4.4668128490447989 67.65000152587892 -0.099822327494621263 6.5499999523162851 84.500000000000014 57.500000000000007 8.2500000000000018 34.274999618530281 68.349998474121108 32.649999618530281 27.550000190734867 2.6897368431091313 -3.736929059028625
decision_type=2 2 2 2 2 2 10 2 2 2 2 2 2 2
left_child=9 2 3 6 -4 -6 -2 8 -8 -1 11 12 -11 -14
right_child=1 -3 4 -5 5 -7 7 -9 -10 10 -12 -13 13 -15
leaf_value=0.00029215973706577723 0.0015903984041364715 -0.00017913377073144903 -0.0027483995535774264 -0.0074574428761415958 0.0027668880128685555 -0.0034991181729963254 -0.0088333592742191793 -0.00088914672893282464 -0.011684227397034591 0.0047195409100095932 0.0001225730319147508 -0.031424740845885688 0.0002221788054445543 -0.0011301349636512544
leaf_weight=35146 117 2746 294 92 486 162 78 215 74 498 45128 56 5167 10788
leaf_count=35146 117 2746 294 92 486 162 78 215 74 498 45128 56 5167 10788
internal_value=2.90432e-05 -0.0010248 -0.00239529 -0.00523891 -0.000619748 0.00104863 -0.00289474 -0.00454907 -0.00858025 7.55738e-05 -8.21611e-05 -0.00075398 -0.000697625 -0.000828374
internal_weight=101047 4264 1518 576 942 648 484 367 152 96783 61637 16509 16453 15955
internal_count=101047 4264 1518 576 942 648 484 367 152 96783 61637 16509 16453 15955
is_linear=0
shrinkage=0.05


end of trees

feature_importances:
wind_mean_h=286
doy_sin=279
pm25_now=268
doy_cos=264
dew_point_2m_tgt=258
pm25_mean168=223
pm25_min24=218
boundary_layer_height_tgt=218
pm_coarse_ratio=207
snaive_1d=198
aerosol_optical_depth_now=183
relative_humidity_2m_tgt=171
snaive_3d_mean=165
precip_sum24=157
surface_pressure_tgt=157
dust_now=150
precip_cum_h=149
pm25_max24=145
wind_u_tgt=143
pm25_trend6=141
temperature_2m_tgt=139
pm10_now=133
blh_diff_tgt=128
hour_cos=126
hour_sin=125
pm25_mean72=123
pm25_std24=119
temp_diff_tgt=112
wind_v_tgt=111
pm25_lag1=108
pm25_lag6=107
dayofweek=92
ozone_now=91
nitrogen_dioxide_now=88
wind_u_now=85
pm25_lag168=84
pm25_mean24=82
pm25_lag72=79
pm25_trend24=78
relative_humidity_2m_now=77
cloud_cover_tgt=77
wind_speed_10m_tgt=76
pm25_lag24=75
sulphur_dioxide_now=75
temp_change24=74
pm25_mean6=72
wind_v_now=70
boundary_layer_height_now=59
carbon_monoxide_now=57
pm25_lag48=55
temperature_2m_now=52
wind_speed_10m_now=44
pm25_lag2=32
pm25_lag12=28
month=27
horizon=26
pm25_lag3=18
precipitation_tgt=16

parameters:
[boosting: gbdt]
[objective: quantile]
[metric: quantile]
[tree_learner: serial]
[device_type: cpu]
[data_sample_strategy: bagging]
[data: ]
[valid: ]
[num_iterations: 500]
[learning_rate: 0.05]
[num_leaves: 15]
[num_threads: 8]
[seed: 42]
[deterministic: 0]
[force_col_wise: 0]
[force_row_wise: 0]
[histogram_pool_size: -1]
[max_depth: -1]
[min_data_in_leaf: 50]
[min_sum_hessian_in_leaf: 0.001]
[bagging_fraction: 0.7]
[pos_bagging_fraction: 1]
[neg_bagging_fraction: 1]
[bagging_freq: 1]
[bagging_seed: 400]
[bagging_by_query: 0]
[feature_fraction: 0.7]
[feature_fraction_bynode: 1]
[feature_fraction_seed: 30056]
[extra_trees: 0]
[extra_seed: 12879]
[early_stopping_round: 0]
[early_stopping_min_delta: 0]
[first_metric_only: 0]
[max_delta_step: 0]
[lambda_l1: 0]
[lambda_l2: 10]
[linear_lambda: 0]
[min_gain_to_split: 0]
[drop_rate: 0.1]
[max_drop: 50]
[skip_drop: 0.5]
[xgboost_dart_mode: 0]
[uniform_drop: 0]
[drop_seed: 17869]
[top_rate: 0.2]
[other_rate: 0.1]
[min_data_per_group: 100]
[max_cat_threshold: 32]
[cat_l2: 10]
[cat_smooth: 10]
[max_cat_to_onehot: 4]
[top_k: 20]
[monotone_constraints: ]
[monotone_constraints_method: basic]
[monotone_penalty: 0]
[feature_contri: ]
[forcedsplits_filename: ]
[refit_decay_rate: 0.9]
[cegb_tradeoff: 1]
[cegb_penalty_split: 0]
[cegb_penalty_feature_lazy: ]
[cegb_penalty_feature_coupled: ]
[path_smooth: 0]
[interaction_constraints: ]
[verbosity: -1]
[saved_feature_importance_type: 0]
[use_quantized_grad: 0]
[num_grad_quant_bins: 4]
[quant_train_renew_leaf: 0]
[stochastic_rounding: 1]
[linear_tree: 0]
[max_bin: 255]
[max_bin_by_feature: ]
[min_data_in_bin: 3]
[bin_construct_sample_cnt: 200000]
[data_random_seed: 175]
[is_enable_sparse: 1]
[enable_bundle: 1]
[use_missing: 1]
[zero_as_missing: 0]
[feature_pre_filter: 1]
[pre_partition: 0]
[two_round: 0]
[header: 0]
[label_column: ]
[weight_column: ]
[group_column: ]
[ignore_column: ]
[categorical_feature: ]
[forcedbins_filename: ]
[precise_float_parser: 0]
[parser_config_file: ]
[objective_seed: 16083]
[num_class: 1]
[is_unbalance: 0]
[scale_pos_weight: 1]
[sigmoid: 1]
[boost_from_average: 1]
[reg_sqrt: 0]
[alpha: 0.1]
[fair_c: 1]
[poisson_max_delta_step: 0.7]
[tweedie_variance_power: 1.5]
[lambdarank_truncation_level: 30]
[lambdarank_norm: 1]
[label_gain: ]
[lambdarank_position_bias_regularization: 0]
[eval_at: ]
[multi_error_top_k: 1]
[auc_mu_weights: ]
[num_machines: 1]
[local_listen_port: 12400]
[time_out: 120]
[machine_list_filename: ]
[machines: ]
[gpu_platform_id: -1]
[gpu_device_id: -1]
[gpu_device_id_list: ]
[gpu_use_dp: 0]
[num_gpu: 1]

end of parameters

pandas_categorical:[]
