tree
version=v4
num_class=1
num_tree_per_iteration=1
label_index=0
max_feature_idx=57
objective=quantile
feature_names=pm25_now pm25_lag1 pm25_lag2 pm25_lag3 pm25_lag6 pm25_lag12 pm25_lag24 pm25_lag48 pm25_lag72 pm25_lag168 pm25_mean6 pm25_mean24 pm25_mean72 pm25_mean168 pm25_std24 pm25_max24 pm25_min24 pm25_trend6 pm25_trend24 pm10_now nitrogen_dioxide_now ozone_now carbon_monoxide_now aerosol_optical_depth_now dust_now sulphur_dioxide_now pm_coarse_ratio temperature_2m_now relative_humidity_2m_now wind_speed_10m_now boundary_layer_height_now wind_u_now wind_v_now precip_sum24 temp_change24 horizon temperature_2m_tgt relative_humidity_2m_tgt dew_point_2m_tgt precipitation_tgt surface_pressure_tgt cloud_cover_tgt wind_speed_10m_tgt boundary_layer_height_tgt wind_u_tgt wind_v_tgt precip_cum_h wind_mean_h temp_diff_tgt blh_diff_tgt hour_sin hour_cos doy_sin doy_cos month dayofweek snaive_1d snaive_3d_mean
feature_infos=[0.60000002384185791:362.29998779296875] [0.5:358.60000610351562] [0.5:365.10000610351562] [0.60000002384185791:362.29998779296875] [0.60000002384185791:362.29998779296875] [0.60000002384185791:362.29998779296875] [0.60000002384185791:362.29998779296875] [0.60000002384185791:362.29998779296875] [0.60000002384185791:362.29998779296875] [0.60000002384185791:362.29998779296875] [0.61666667461395264:355.14999389648438] [0.66250002384185791:292.8416748046875] [9.0597219467163086:247.875] [20.088094711303711:220.05357360839844] [0.062409352511167526:86.876152038574219] [0.80000001192092896:365.10000610351562] [0.5:191.39999389648438] [-215.60000610351562:176] [-185.30000305175781:227.60000610351562] [0.80000001192092896:840.0999755859375] [0:317.70001220703125] [0:332] [59:12844] [0.029999999329447746:3.1700000762939453] [0:1287] [0.10000000149011612:97.900001525878906] [0.14162816107273102:1] [1.3999999761581421:46.099998474121094] [5:100] [0:35] [10:5205] [-30.195400238037109:26.683734893798828] [-32.10614013671875:29.681682586669922] [0:93.900001525878906] [-15.100000381469727:13.699999809265137] [25:48] [1.1000000238418579:46.5] [5:100] [-9.8999996185302734:28.700000762939453] [0:19.899999618530273] [965.4000244140625:1001.5] [0:100] [0:37.200000762939453] [10:5250] [-30.195400238037109:36.426445007324219] [-34.567955017089844:30.310888290405273] [0:120.30000305175781] [1.1684210300445557:24.507999420166016] [-20.700000762939453:21.100000381469727] [-5195:5230] [-1:1] [-1:1] [-0.99999940395355225:0.99998557567596436] [-0.99997919797897339:0.99999076128005981] [1:12] [0:6] [0.5:365.10000610351562] [0.66666668653488159:307.63333129882812]
tree_sizes=1559 1565 1560 1565 1574 1568 1571 1561 1573 1567 1568 1566 1571 1574 1572 1573 1581 1579 1570 1577 1566 1580 1575 1586 1575 1574 1577 1569 1581 1574 1584 1581 1580 1572 1577 1573 1572 1581 1586 1577 1564 1574 1572 1574 1573 1582 1568 1582 1584 1569 1583 1581 1568 1596 1587 1587 1577 1580 1575 1588 1575 1579 1593 1586 1575 1591 1593 1579 1586 1589 1579 1583 1578 1584 1576 1579 1570 1576 1597 1576 1581 1580 1595 1586 1575 1577 1598 1584 1593 1591 1581 1573 1593 1577 1590 1589 1592 1590 1585 1585 1577 1588 1586 1595 1596 1585 1579 1593 1569 1576 1578 1603 1602 1586 1599 1588 1600 1596 1586 1582 1577 1588 1585 1579 1582 1578 1582 1578 1586 1563 1586 1572 1593 1584 1584 1591 1586 1596 1585 1594 1597 1593 1580 1586 1582 1577 1579 1583 1588 1583 1580 1575 1570 1581 1586 1589 1580 1587 1593 1580 1577 1574 1590 1567 1566 1573 1597 1570 1596 1565 1583 1592 1574 1578 1586 1579 1585 1585 1581 1584 1574 1571 1574 1582 1578 1587 1564 1576 1568 1581 1558 1570 1595 1566 1542 1570 1579 1570 1588 1577 1580 1577 1575 1591 1602 1588 1553 1574 1572 1578 1571 1578 1572 1595 1558 1565 1573 1581 1572 1555 1582 1558 1549 1586 1562 1587 1565 1586 1579 1579 1587 1571 1565 1578 1555 1585 1558 1569 1576 1588 1585 1556 1554 1564 1554 1562 1572 1540 1573 1596 1555 1570 1564 1573 1550 1593 1583 1577 1554 1586 1561 1577 1605 1553 1552 1554 1576 1570 1571 1558 1557 1572 1554 1584 1563 1581 1577 1561 1574 1542 1582 1574 1543 1575 1557 1574 1575 1573 1568 1558 1530 1567 1558 1550 1545 1552 1557 1528 1588 1580 1536 1537 1540 1571 1533 1571 1549 1576 1521 1560 1564 1557 1565 1574 1550 1560 1556 1580 1573 1538 1557 1525 1560 1570 1559 1567 1591 1558 1576 1577 1542 1577 1535 1588 1587 1527 1578 1528 1522 1564 1557 1526 1547 1534 1524 1551 1559 1561 1528 1576 1557 1562 1523 1535 1559 1563 1545 1569 1536 1565 1577 1556 1523 1547 1540 1583 1547 1530 1574 1558 1558 1564 1579 1548 1531 1535 1570 1562 1551 1550 1533 1536 1566 1544 1556 1528 1570 1530 1568 1572 1549 1538 1567 1530 1547 1554 1557 1549 1557 1530 1557 1553 1559 1561 1579 1558 1575 1523 1560 1565 1577 1554 1527 1536 1563 1531 1565 1593 1583 1523 1556 1568 1554 1535 1558 1560 1572 1564 1563 1576 1537 1533 1549 1530 1555 1561 1565 1533 1559 1577 1540 1550 1578 1555 1573 1528 1546 1536 1570 1530 1580 1550 1580 1551 1535 1556 1548 1537 1509 1540 1565 1562 1555 1566 1566 1584 1518 1546 1520 1559 1565 1567 1545 1529 1589 1532 1561 1561 1565 1552 1524 1521 1565 1531 1559 1499 1571 1555 1548 1571 1557 1525 1542 1513 1572 1528 1504 1522 1576 1558

Tree=0
num_leaves=15
num_cat=0
split_feature=49 0 19 49 0 47 37 0 46 17 47 0 19 37
split_gain=6670.71 2738.19 1508.11 648.703 535.053 530.99 387.119 273.01 329.012 256.199 315.39 240.159 222.186 214.836
threshold=1.0000000180025095e-35 45.350000381469734 89.299999237060561 92.500000000000014 26.550000190734867 7.9479582309722909 36.500000000000007 31.349999427795414 1.5500000119209292 24.050000190734867 7.396609067916871 74.599998474121108 177.6499938964844 43.500000000000007
decision_type=8 2 2 10 2 2 2 2 2 2 2 2 2 2
left_child=2 4 7 9 -2 12 -6 -1 13 10 -3 -5 -4 -9
right_child=1 3 5 11 6 -7 -8 8 -10 -11 -12 -13 -14 -15
leaf_value=0.02776766031747684 0.01138865858083591 -0.0041608093888498843 0.0043171992874704301 -0.018075269612018018 -0.013948393019381911 -0.013123554515186698 -0.00033439617836847867 -0.0011097496026195586 0.0021408481872640557 -0.017819890531245622 -0.018443087639752775 -0.033872788550797853 -0.0057419484131969508 0.018914738891180605
leaf_weight=18194 9767 14374 21529 20380 8031 7958 18135 2767 10784 12324 7793 20973 6995 22478
leaf_count=18194 9767 14374 21529 20380 8031 7958 18135 2767 10784 12324 7793 20973 6995 22478
internal_value=-0.00338051 -0.0115555 0.00669338 -0.0169415 -0.00018658 -0.0011676 -0.00391542 0.011981 0.00945269 -0.0118743 -0.00865732 -0.0211647 0.00201859 0.0125751
internal_weight=202482 111777 90705 75844 35933 36482 26166 54223 36029 34491 22167 41353 28524 25245
internal_count=202482 111777 90705 75844 35933 36482 26166 54223 36029 34491 22167 41353 28524 25245
is_linear=0
shrinkage=1


Tree=1
num_leaves=15
num_cat=0
split_feature=0 43 43 0 19 17 43 37 47 13 21 21 57 37
split_gain=4802.4 3339.74 1768.16 891.352 736.373 697.675 470.026 439.758 307.93 276.545 272.041 235.303 213.945 189.543
threshold=49.45000076293946 62.500000000000007 167.50000000000003 28.44999980926514 128.75000000000003 21.44999980926514 242.50000000000003 31.500000000000004 8.0706601142883319 52.330654144287116 38.500000000000007 48.500000000000007 41.483333587646491 23.500000000000004
decision_type=2 8 8 2 2 2 10 2 2 2 2 2 2 2
left_child=2 4 -1 13 9 6 8 -5 10 -2 -3 -6 -9 -4
right_child=1 5 3 7 11 -7 -8 12 -10 -11 -12 -13 -14 -15
leaf_value=0.024297678245347926 0.00018699885171372441 -0.0097402704058913523 0.0020564698131056501 -0.013884077362599785 -0.0044453254825202754 -0.025309365719440393 -0.015366234753164463 -0.0025395668222336098 -0.014261169984820299 0.017982409641263075 0.0022596109221922236 0.0069880982191534713 0.0052253217977704484 0.017761228874442168
leaf_weight=32840 3756 6659 3293 7093 12533 24893 26507 14113 7838 15701 13261 5135 15220 13490
leaf_count=32840 3756 6659 3293 7093 12533 24893 26507 14113 7838 15701 13261 5135 15220 13490
internal_value=-3.90428e-05 -0.00666528 0.0089151 0.00328313 0.00570688 -0.0124678 -0.00928558 -0.00111017 -0.00473567 0.0124146 -0.00143001 -0.00168288 0.00159237 0.0128134
internal_weight=202332 116283 86049 53209 37125 79158 54265 36426 27758 19457 19920 17668 29333 16783
internal_count=202332 116283 86049 53209 37125 79158 54265 36426 27758 19457 19920 17668 29333 16783
is_linear=0
shrinkage=0.05


Tree=2
num_leaves=15
num_cat=0
split_feature=49 19 0 19 42 42 49 0 57 36 19 0 0 57
split_gain=5925.03 1890.27 1514.61 474.291 482.246 382.352 313.965 247.738 230.477 214.497 234.377 208.221 190.425 250.101
threshold=5.0537879467010507 76.250000000000014 52.350000381469734 268.70001220703131 8.4499998092651385 9.1500000953674334 97.500000000000014 29.349999427795414 37.983333587646491 12.449999809265138 126.89999771118165 24.94999980926514 29.349999427795414 41.783332824707038
decision_type=10 2 2 2 2 2 10 2 2 2 2 2 2 2
left_child=1 5 7 4 9 12 -4 -2 -9 -3 -11 -7 -1 -14
right_child=2 3 6 -5 -6 11 -8 8 -10 10 -12 -13 13 -15
leaf_value=0.030162276377639505 0.0081115874589595474 0.010353835199231982 -0.010192575199791463 -0.014421193019748899 -0.0062285441321146204 0.018749314671120374 -0.022757979403977516 -0.0086641136783000543 0.00082439698022475491 0.005964638042933075 -0.0023291915700829123 0.0017867444164294283 0.00517247821946512 0.01970025039298344
leaf_weight=15328 7041 11520 19285 3697 13871 3875 35032 10398 12573 20356 11686 8802 6902 21984
leaf_count=15328 7041 11520 19285 3697 13871 3875 35032 10398 12573 20356 11686 8802 6902 21984
internal_value=1.48251e-06 0.00723348 -0.0101196 0.00112856 0.00224701 0.0137919 -0.0150998 -0.00110419 -0.00361929 0.00483223 0.00272682 0.00613029 0.0159868 0.0135867
internal_weight=202350 118021 84329 61130 57433 56891 54317 30012 22971 43562 32042 12677 44214 28886
internal_count=202350 118021 84329 61130 57433 56891 54317 30012 22971 43562 32042 12677 44214 28886
is_linear=0
shrinkage=0.05


Tree=3
num_leaves=15
num_cat=0
split_feature=49 0 19 49 43 43 0 0 37 0 47 0 47 36
split_gain=5567.76 2123.25 1194.04 605.858 536.799 522.851 428.071 391.35 365.153 301.683 262.863 257.36 233.243 216.603
threshold=-4.9731059074401847 45.350000381469734 92.099998474121108 57.500000000000007 37.500000000000007 81.250000000000014 23.750000000000004 37.549999237060554 25.500000000000004 73.450000762939467 7.396609067916871 158.09999847412112 8.2524404525756854 12.250000000000002
decision_type=8 2 2 10 10 10 2 2 2 2 2 2 2 2
left_child=2 6 5 10 -4 -1 -2 -7 -8 -5 11 13 -6 -3
right_child=1 3 4 9 12 7 8 -9 -10 -11 -12 -13 -14 -15
leaf_value=0.025655409464270636 0.016754403267551971 0.0079965287997460117 0.0094608998326250002 -0.011218162584717927 3.9700372023798902e-05 0.015827651224577858 -0.012888941671715294 0.0016917735440263638 0.0024492561487896515 -0.02554988185827824 -0.015240149329688575 -0.0094482814822506051 -0.012697835613849748 -0.0032450270520450438
leaf_weight=28573 6634 4039 12819 21495 14828 14610 4956 11557 24592 24805 9649 6075 5143 12433
leaf_count=28573 6634 4039 12819 21495 14828 14610 4956 11557 24592 24805 9649 6075 5143 12433
internal_value=2.12642e-05 -0.007227 0.00951736 -0.0118456 0.00197104 0.0140365 0.00279344 0.00892482 0.000214832 -0.0155085 -0.00657486 -0.00361639 -0.00315425 -0.000370101
internal_weight=202208 114678 87530 78496 32790 54740 36182 26167 29548 46300 32196 22547 19971 16472
internal_count=202208 114678 87530 78496 32790 54740 36182 26167 29548 46300 32196 22547 19971 16472
is_linear=0
shrinkage=0.05


Tree=4
num_leaves=15
num_cat=0
split_feature=49 0 0 43 49 0 37 21 43 0 47 47 21 0
split_gain=5178.88 1998.63 1035.61 756.503 500.43 396.783 326.735 317.397 285.206 280.098 245.564 227.327 246.386 188.618
threshold=1.0000000180025095e-35 45.350000381469734 42.899999618530281 62.500000000000007 102.50000000000001 26.150000572204593 25.500000000000004 39.500000000000007 162.50000000000003 76.250000000000014 6.2738611698150644 7.3121583461761483 29.500000000000004 73.000000000000014
decision_type=8 2 2 10 10 2 2 2 10 2 2 2 2 2
left_child=2 5 8 7 11 -2 -7 -4 -1 -6 -5 12 -3 -12
right_child=1 4 3 10 9 6 -8 -9 -10 -11 13 -13 -14 -15
leaf_value=0.025965364571638568 0.012252903309004541 -0.0085922517520486876 0.0035839022578993901 0.0039562046619498149 -0.011686235081204222 -0.014357011822882416 0.0016201309078598286 0.015344022398478631 0.0093298765643948702 -0.026447158514072724 -0.0024718895467837139 -0.015145621504380908 0.00064519519188666887 -0.017800814264595174
leaf_weight=22882 9430 12928 12955 8997 20580 4242 22315 18773 12610 19678 10400 11326 11309 3792
leaf_count=22882 9430 12928 12955 8997 20580 4242 22315 18773 12610 19678 10400 11326 11309 3792
internal_value=4.8584e-05 -0.00714643 0.00894641 0.00464298 -0.0117515 0.00255646 -0.000573079 0.00965877 0.0156019 -0.0155694 -0.002221 -0.00742628 -0.00469027 -0.00631601
internal_weight=202217 111808 90409 54917 75821 35987 26557 31728 35492 40258 23189 35563 24237 14192
internal_count=202217 111808 90409 54917 75821 35987 26557 31728 35492 40258 23189 35563 24237 14192
is_linear=0
shrinkage=0.05


Tree=5
num_leaves=15
num_cat=0
split_feature=49 0 19 49 43 0 43 0 57 0 47 47 0 36
split_gain=4825.87 1805.12 1089.99 555.893 502.196 436.225 430.75 300.173 290.441 251.181 235.423 203.62 202.614 203.816
threshold=-4.9731059074401847 48.149999618530281 82.549999237060561 47.500000000000007 41.875000000000007 28.750000000000004 81.250000000000014 29.349999427795414 33.916667938232429 72.500000000000014 7.2844097614288339 8.3784747123718279 158.09999847412112 12.84999990463257
decision_type=8 2 2 10 10 2 10 2 2 2 2 2 2 2
left_child=2 5 6 10 -4 -2 -1 -8 -7 -5 12 -6 13 -3
right_child=1 3 4 9 11 8 7 -9 -10 -11 -12 -13 -14 -15
leaf_value=0.024937700629407339 0.010102988041000788 0.0073342277638556441 0.0093363038790582383 -0.010381902037568631 0.00045333385032906139 -0.0079037261352611354 0.019979706673844067 0.0045180139374853641 0.0020828926191990378 -0.022652647282361705 -0.014393818089124932 -0.010897736214789865 -0.0080940431448824051 -0.0033415500134523868
leaf_weight=25106 12477 4359 16412 19096 16526 10255 8658 15197 17658 26510 8786 5494 5785 10168
leaf_count=25106 12477 4359 16412 19096 16526 10255 8658 15197 17658 26510 8786 5494 5785 10168
internal_value=9.02483e-05 -0.00663574 0.00894792 -0.0112395 0.00264424 0.00187995 0.0138944 0.0090771 -0.00159456 -0.0146845 -0.00583688 -0.00229006 -0.00287619 0.00027688
internal_weight=202487 115094 87393 74704 38432 40390 48961 23855 27913 45606 29098 22020 20312 14527
internal_count=202487 115094 87393 74704 38432 40390 48961 23855 27913 45606 29098 22020 20312 14527
is_linear=0
shrinkage=0.05


Tree=6
num_leaves=15
num_cat=0
split_feature=49 0 19 49 43 43 20 37 0 0 47 17 47 48
split_gain=4427.49 1633.45 954.463 602.753 474.82 379.332 319.944 318.58 279.758 262.474 258.165 281.465 205.885 171.179
threshold=-7.4999999999999991 42.199998855590827 80.90000152587892 102.50000000000001 37.500000000000007 102.50000000000001 54.850000381469734 25.500000000000004 23.750000000000004 32.750000000000007 8.0094490051269549 28.650000572204593 8.7031755447387713 -3.7499999999999996
decision_type=8 2 2 10 10 10 2 2 2 2 2 2 2 2
left_child=2 7 5 10 -4 -1 -5 -2 -9 -7 11 13 -6 -3
right_child=1 3 4 6 12 9 -8 8 -10 -11 -12 -13 -14 -15
leaf_value=0.022923688559526575 -0.0071159485640269783 0.009496503822503239 0.01067587170959779 -0.0098388165572428563 0.00090740170763127449 0.015528019767172435 -0.022556631994733695 0.018615485367403501 0.0031798090645495242 0.0023138935531161523 -0.014364766599132345 -0.0087781107637362136 -0.010832270753446782 -0.001590846223997122
leaf_weight=27082 6045 2782 13609 21731 19176 9621 21357 4997 20630 10129 10266 11294 4786 18728
leaf_count=27082 6045 2782 13609 21731 19176 9621 21357 4997 20630 10129 10266 11294 4786 18728
internal_value=8.59115e-05 -0.00617532 0.00882654 -0.00974434 0.00288909 0.0135882 -0.0139252 0.00353355 0.00596891 0.00831225 -0.00555942 -0.00339184 -0.00134741 -3.48513e-05
internal_weight=202233 117830 84403 86158 37571 46832 43088 31672 25627 19750 43070 32804 23962 21510
internal_count=202233 117830 84403 86158 37571 46832 43088 31672 25627 19750 43070 32804 23962 21510
is_linear=0
shrinkage=0.05


Tree=7
num_leaves=15
num_cat=0
split_feature=49 19 1 47 43 19 43 1 37 49 21 17 21 51
split_gain=4159.98 1474.46 1070.85 710.159 481.907 396.379 305.934 263.179 254.265 227.248 213.194 183.545 149.457 147.61
threshold=11.250000000000002 71.599998474121108 53.149999618530281 8.0094490051269549 97.500000000000014 193.94999694824222 37.500000000000007 24.150000572204593 37.500000000000007 235.62500000000003 47.500000000000007 1.4499999880790713 45.500000000000007 0.37940952181816107
decision_type=10 2 2 2 8 2 8 2 2 10 2 2 2 2
left_child=1 4 8 5 -1 6 12 -6 -2 -4 -8 -10 -3 -7
right_child=2 3 9 -5 7 13 10 -9 11 -11 -12 -13 -14 -15
leaf_value=0.023381566545816489 -0.0095432215579870135 0.0063572953170654535 -0.0099302685987404139 -0.0079407196984174321 0.018781238091599796 -0.0077214426985765102 -0.0043296398295415168 0.0048322411908019577 0.0044201251082584183 -0.020078471369574968 0.0049573255567939671 -0.003031837221540708 0.018307224183223451 0.0011009484600257432
leaf_weight=23498 8711 7894 25111 18351 7864 4776 6494 21093 12724 25810 18497 9449 7048 4929
leaf_count=23498 8711 7894 25111 18351 7864 4776 6494 21093 12724 25810 18497 9449 7048 4929
internal_value=4.16545e-05 0.00595123 -0.00865886 0.00109156 0.0122486 0.00419856 0.006401 0.00792712 -0.00131255 -0.0131133 0.00301488 0.00153158 0.0120586 -0.00486104
internal_weight=202249 120444 81805 67989 52455 49638 39933 28957 30884 50921 24991 22173 14942 9705
internal_count=202249 120444 81805 67989 52455 49638 39933 28957 30884 50921 24991 22173 14942 9705
is_linear=0
shrinkage=0.05


Tree=8
num_leaves=15
num_cat=0
split_feature=49 0 0 43 48 0 37 43 47 47 17 25 0 17
split_gain=3843.94 1510.81 894.09 605.51 414.98 392.707 337.297 295.595 259.059 254.304 248.98 176.518 173.018 171.256
threshold=1.0000000180025095e-35 53.350000381469734 44.750000000000007 47.500000000000007 3.9500000476837163 29.750000000000004 41.500000000000007 202.50000000000003 5.8835270404815683 6.1450805664062509 19.94999980926514 15.449999809265138 73.000000000000014 23.550000190734867
decision_type=8 2 2 10 2 2 2 10 2 2 2 2 2 2
left_child=2 5 7 10 9 -2 -7 -1 -5 13 -4 -6 -10 -3
right_child=1 4 3 8 11 6 -8 -9 12 -11 -12 -13 -14 -15
leaf_value=0.020408984241845431 0.0081524118508173402 0.00065177325541036855 0.013041041231550424 0.0044258900756224467 -0.010892315037491161 -0.0098029450043426794 0.0011470657810954067 0.0063171551050614401 -0.0016107196916513092 -0.012925592836659795 0.0012105980883557188 -0.022533565235525944 -0.013916428429820743 -0.0078105443357116685
leaf_weight=26836 13585 10398 17868 9161 8957 11198 22150 11366 12315 19881 7272 16889 5468 8405
leaf_count=26836 13585 10398 17868 9161 8957 11198 22150 11366 12315 19881 7272 16889 5468 8405
internal_value=8.04177e-05 -0.00613086 0.00774841 0.00348601 -0.0110947 0.000694992 -0.00222435 0.0135573 -0.00172145 -0.00781387 0.00906561 -0.0160002 -0.00523942 -0.00364243
internal_weight=201749 111463 90286 52084 64530 46933 33348 38202 26944 38684 25140 25846 17783 18803
internal_count=201749 111463 90286 52084 64530 46933 33348 38202 26944 38684 25140 25846 17783 18803
is_linear=0
shrinkage=0.05


Tree=9
num_leaves=15
num_cat=0
split_feature=0 43 43 0 17 21 57 57 0 36 17 46 48 42
split_gain=2925.01 1890.13 1460.24 639.672 535.098 401.75 321.479 297.517 197.286 210.309 181.127 178.267 169.649 164.743
threshold=53.750000000000007 57.500000000000007 132.50000000000003 28.750000000000004 21.44999980926514 28.500000000000004 33.916667938232429 64.716663360595717 75.099998474121108 11.84999990463257 4.1499998569488534 1.0000000180025095e-35 7.9500000476837167 9.8499999046325701
decision_type=2 8 8 2 2 2 2 2 2 2 2 2 2 2
left_child=2 5 10 12 7 -2 -5 -3 -9 -10 -1 -7 -4 -8
right_child=1 4 3 6 -6 11 13 8 9 -11 -12 -13 -14 -15
leaf_value=0.020197952607527318 -0.0017918177038521478 -0.011454485110497193 0.011893808417442467 -0.0076004339624642873 -0.01900704463362702 0.011816735574343099 0.002941394302449728 0.0022169292358997241 0.0017100636577469985 -0.010032076917827454 0.0080683052192479787 -0.00062738152154757226 -0.0052687439741269486 -0.0041555504300318418
leaf_weight=26009 13792 20895 16843 13265 24963 14417 23369 9214 4764 12853 7688 3614 1596 9055
leaf_count=26009 13792 20895 16843 13265 24963 14417 23369 9214 4764 12853 7688 3614 1596 9055
internal_value=2.3351e-05 -0.00579256 0.00623678 0.00180782 -0.0102412 0.00436889 -0.00136491 -0.00713612 -0.0036502 -0.00674959 0.0146624 0.00928025 0.00966584 0.00131806
internal_weight=202337 104512 97825 64128 72689 31823 45689 47726 26831 17617 33697 18031 18439 32424
internal_count=202337 104512 97825 64128 72689 31823 45689 47726 26831 17617 33697 18031 18439 32424
is_linear=0
shrinkage=0.05


Tree=10
num_leaves=15
num_cat=0
split_feature=49 0 0 47 17 43 43 20 38 21 0 49 0 43
split_gain=3347.44 1067.72 943.975 858.129 444.381 418.693 329.47 273.463 238.551 204.536 171.287 170.914 153.66 149.317
threshold=17.500000000000004 37.549999237060554 71.349998474121108 7.9479582309722909 19.94999980926514 57.500000000000007 242.50000000000003 33.149999618530281 13.650000095367433 27.500000000000004 22.349999427795414 267.50000000000006 67.40000152587892 317.50000000000006
decision_type=10 2 2 2 2 8 8 2 2 2 2 10 2 10
left_child=1 6 7 4 5 9 -1 8 -2 -3 -8 -4 -5 -9
right_child=2 3 11 12 -6 -7 10 13 -10 -11 -12 -13 -14 -15
leaf_value=0.020858978657228813 -0.0079965171058027345 0.0023030290480713397 -0.011295349315459762 -0.0034214464092310586 -0.0022523185403525883 0.0025328910525068298 0.017589287739965154 -0.0021813534505349549 0.0026761862131663133 0.015104741381046661 0.0038983394810001935 -0.021792616311583871 -0.014731414121617631 -0.010830369876894399
leaf_weight=20617 7457 4818 17877 14589 14300 26046 4607 7488 18015 18434 12620 15984 6975 12593
leaf_count=20617 7457 4818 17877 14589 14300 26046 4607 7488 18015 18434 12620 15984 6975 12593
internal_value=3.30979e-05 0.00519932 -0.00796862 0.00209341 0.00501588 0.00726657 0.0121863 -0.00326745 0.000172671 0.0121421 0.00707635 -0.0142902 -0.00652406 -0.00762904
internal_weight=202420 123006 79414 85162 63598 49298 37844 45553 25472 23252 17227 33861 21564 20081
internal_count=202420 123006 79414 85162 63598 49298 37844 45553 25472 23252 17227 33861 21564 20081
is_linear=0
shrinkage=0.05


Tree=11
num_leaves=15
num_cat=0
split_feature=0 43 43 0 57 0 37 47 46 48 0 57 37 44
split_gain=2504.59 1617.39 1411.59 603.249 522.947 412.613 398.889 303.655 247.391 238.425 222.053 206.31 196.376 188.504
threshold=56.549999237060554 41.875000000000007 132.50000000000003 29.349999427795414 63.250000000000007 139.00000000000003 35.500000000000007 8.6640510559082049 7.7500000000000009 -4.1499998569488517 80.450000762939467 39.150001525878913 89.500000000000014 4.512068748474122
decision_type=2 8 8 2 2 2 2 2 2 2 2 2 2 2
left_child=2 9 -1 -4 10 7 -5 13 11 -2 -3 -8 -7 -6
right_child=1 4 3 6 5 12 8 -9 -10 -11 -12 -13 -14 -15
leaf_value=0.015394871280455366 0.015096587717578819 -0.010877292332381642 0.009303491092429601 -0.010786235840523285 0.0015219444138633556 -0.018577412371775223 -0.0023371997726092243 -0.013888823575929672 -0.0056863099129075044 0.0022934295197247563 -0.023203006953676792 0.0048469399170075998 -0.0036179955359529428 -0.0088227310899357623
leaf_weight=36198 6542 19437 19689 10294 20853 8079 9936 5490 9178 16808 11245 19039 4206 5616
leaf_count=36198 6542 19437 19689 10294 20853 8079 9936 5490 9178 16808 11245 19039 4206 5616
internal_value=6.76143e-05 -0.00566001 0.0054627 0.00122311 -0.00924055 -0.00575993 -0.00177632 -0.0027644 0.00058106 0.00582834 -0.0142562 0.00284716 -0.0135441 -0.000542883
internal_weight=202610 98276 104334 68136 74926 44244 48447 31959 38153 23350 30682 28975 12285 26469
internal_count=202610 98276 104334 68136 74926 44244 48447 31959 38153 23350 30682 28975 12285 26469
is_linear=0
shrinkage=0.05


Tree=12
num_leaves=15
num_cat=0
split_feature=17 43 0 43 19 0 1 48 42 19 42 13 48 38
split_gain=2390.94 1381.46 1129.61 687.008 458.368 330.028 314.34 311.589 255.978 247.64 185.526 157.667 128.951 112.917
threshold=10.050000190734865 62.500000000000007 43.250000000000007 62.500000000000007 112.09999847412111 22.849999427795414 63.449998855590827 6.6499998569488534 9.1500000953674334 158.55000305175784 6.6499998569488534 45.059822082519538 5.4500000476837167 8.3499999046325701
decision_type=2 8 2 8 2 2 2 2 2 2 2 2 2 2
left_child=1 4 5 9 -1 13 12 10 11 -2 -4 -7 -5 -3
right_child=3 2 7 6 -6 8 -8 -9 -10 -11 -12 -13 -14 -15
leaf_value=0.019337896430887316 0.003997960798905127 0.005305436190273698 0.00063218095973378461 -0.0043516410390394382 0.0030647255786791739 0.0021950504850448793 -0.016757952277284226 -0.012974704496274093 -0.0016380713456971561 -0.0057513403951018009 -0.0054877456798500457 0.0093787538855594488 -0.015527139009433762 0.019856432146090161
leaf_weight=24735 11809 2298 21886 15046 10657 12001 24351 9670 12368 6885 22781 14727 4634 8582
leaf_count=24735 11809 2298 21886 15046 10657 12001 24351 9670 12368 6885 22781 14727 4634 8582
internal_value=4.84094e-05 0.00368948 0.00079297 -0.00806049 0.0122239 0.00621774 -0.0114694 -0.00419664 0.00407227 -2.94055e-05 -0.00243358 0.00682362 -0.00676486 0.0139164
internal_weight=202430 139705 104313 62725 35392 49976 44031 54337 39096 18694 44667 26728 19680 10880
internal_count=202430 139705 104313 62725 35392 49976 44031 54337 39096 18694 44667 26728 19680 10880
is_linear=0
shrinkage=0.05


Tree=13
num_leaves=15
num_cat=0
split_feature=49 1 19 37 43 43 37 1 13 0 19 31 57 48
split_gain=2808.91 950.897 704.446 545.967 497.475 368.093 334.467 237.32 242.322 219.737 205.04 184.605 175.806 172.581
threshold=-22.499999999999996 48.600000381469734 54.850000381469734 49.500000000000007 47.500000000000007 47.500000000000007 33.500000000000007 107.20000076293947 67.046726226806655 23.750000000000004 141.35000610351565 -0.16134067624807355 47.31666564941407 5.4500000476837167
decision_type=8 2 2 2 10 10 2 2 2 2 2 2 2 2
left_child=2 6 -1 -3 11 -5 13 8 -7 -8 -6 -4 -11 -2
right_child=1 3 4 5 10 7 9 -9 -10 12 -12 -13 -14 -15
leaf_value=0.017637475786531073 -0.0001784958579087434 -0.017285113611289621 0.0042214496986217927 -0.0001282032618081938 0.0023854480761051687 -0.0083144328523171648 0.016412132812823482 -0.014545316999679142 0.00018917860350507328 -0.0004524797909146339 -0.0067268467792894748 0.0151922228100224 0.0072052350018748422 -0.013154808708329635
leaf_weight=24207 6074 19165 7429 21028 27010 17739 4331 12722 10658 18639 6506 11774 9493 5411
leaf_count=24207 6074 19165 7429 21028 27010 17739 4331 12722 10658 18639 6506 11774 9493 5411
internal_value=-3.70927e-06 -0.00462202 0.00751599 -0.00782445 0.00427232 -0.00554765 0.00130352 -0.00829889 -0.00575298 0.00389785 0.000595061 0.0106868 0.00228129 -0.00602653
internal_weight=202186 125260 76926 81312 52719 62147 43948 41119 28397 32463 33516 19203 28132 11485
internal_count=202186 125260 76926 81312 52719 62147 43948 41119 28397 32463 33516 19203 28132 11485
is_linear=0
shrinkage=0.05


Tree=14
num_leaves=15
num_cat=0
split_feature=0 43 43 0 57 37 46 1 53 0 47 47 44 13
split_gain=2052.66 1283.03 1229.85 524.31 417.546 335.247 263.789 258.264 388.066 247.513 222.834 217.926 191.714 241.247
threshold=58.149999618530281 57.500000000000007 132.50000000000003 30.250000000000004 58.31666564941407 35.500000000000007 7.7500000000000009 108.40000152587892 0.36447542905807501 139.00000000000003 9.1964898109436053 5.7952933311462411 3.6052567958831792 66.088394165039077
decision_type=2 8 8 2 2 2 2 2 2 2 2 2 2 2
left_child=2 7 11 -4 -3 -5 -7 8 -2 10 12 -1 13 -6
right_child=1 4 3 5 9 6 -8 -9 -10 -11 -12 -13 -14 -15
leaf_value=0.019199702159858528 -0.0025812869963702414 -0.01569013170692064 0.0077218473822451257 -0.010122366880677407 -0.0069018822430358786 0.0019583210632023564 -0.0062351368135845943 -0.0017141222461972271 0.012337415520932454 -0.012226473190528192 -0.014874093882812987 0.0094876422403046695 -0.009430472248146006 0.0037168043234536482
leaf_weight=14754 6023 22938 20837 10212 5960 29909 9390 12545 11301 11110 4403 23039 6737 13286
leaf_count=14754 6023 22938 20837 10212 5960 29909 9390 12545 11301 11110 4403 23039 6737 13286
internal_value=5.65561e-05 -0.00533463 0.00475793 0.000849228 -0.00930498 -0.00195119 0.000146913 0.00323053 0.0071853 -0.00630993 -0.00397256 0.0120315 -0.00220733 0.000334961
internal_weight=202444 94303 108141 70348 64434 49511 39299 29869 17324 41496 30386 37793 25983 19246
internal_count=202444 94303 108141 70348 64434 49511 39299 29869 17324 41496 30386 37793 25983 19246
is_linear=0
shrinkage=0.05


Tree=15
num_leaves=15
num_cat=0
split_feature=17 43 0 48 19 43 0 45 48 46 44 1 43 43
split_gain=2057.72 1234.17 853.846 591.913 443.503 310.054 281.775 260.192 249.737 262.673 249.809 167.904 150.701 144.332
threshold=10.34999990463257 72.500000000000014 42.899999618530281 3.8500000238418584 88.599998474121108 47.500000000000007 20.349999427795414 -3.7473986148834224 8.1500000953674334 5.7500000000000009 4.7354149818420419 63.449998855590827 32.500000000000007 322.50000000000006
decision_type=2 8 2 2 2 8 2 2 2 2 2 2 10 10
left_child=1 4 6 5 -1 -2 -3 -8 9 10 -4 -7 -6 -9
right_child=3 2 8 -5 12 11 7 13 -10 -11 -12 -13 -14 -15
leaf_value=0.018248873091139307 0.0018970426136188379 0.018523489331677846 0.0010221932691789352 -0.016429313650506882 0.0084994036709778766 -0.0029462682631520862 -0.0021657953678493116 0.0087017732832625223 -0.013722762878290646 -0.010022820196638237 -0.0086218503059005674 -0.010002848665130272 0.00053605134820043643 0.001995127704554474
leaf_weight=23075 12965 7166 30014 18452 7965 14230 12134 14848 6778 8935 7016 16163 9603 13237
leaf_count=23075 12965 7166 30014 18452 7965 14230 12134 14848 6778 8935 7016 16163 9603 13237
internal_value=8.23087e-05 0.00342145 0.000438395 -0.00752184 0.0107686 -0.00432808 0.0053091 0.00367956 -0.00393769 -0.00261501 -0.000757289 -0.00708894 0.0047787 0.0063223
internal_weight=202581 140771 100128 61810 40643 43358 47385 40219 52743 45965 37030 30393 17568 28085
internal_count=202581 140771 100128 61810 40643 43358 47385 40219 52743 45965 37030 30393 17568 28085
is_linear=0
shrinkage=0.05


Tree=16
num_leaves=15
num_cat=0
split_feature=49 19 21 47 19 53 25 47 45 26 57 49 36 19
split_gain=2306.07 963.835 665.408 576.713 352.173 313.27 266.103 228.78 189.278 174.523 161.838 144.873 144.643 135.268
threshold=17.500000000000004 54.850000381469734 53.500000000000007 8.1302680969238299 147.85000610351565 0.42763730883598333 17.849999427795414 5.9957890510559091 -0.72666779160499562 0.69573572278022777 44.083332061767585 217.50000000000003 11.250000000000002 149.25000000000003
decision_type=10 2 2 2 2 2 2 2 2 2 2 10 2 2
left_child=1 7 6 4 5 9 10 -1 -4 -3 -2 -8 -6 -5
right_child=2 3 8 13 12 -7 11 -9 -10 -11 -12 -13 -14 -15
leaf_value=0.022499672459619917 -0.011105743070128175 0.0043056828737693007 -0.0052016260964404155 -0.0032690266544656539 0.0025147889783202933 0.01139491889490383 -0.010508058109455591 0.0092114924346591662 0.0015191831948264624 -0.003668224039964205 -0.0029686683330270372 -0.02065777169025584 -0.0041652151516324174 -0.015029289154167276
leaf_weight=10606 10283 22945 15510 20981 7316 19077 10899 22107 19517 6069 12758 10464 10848 3673
leaf_count=10606 10283 22945 15510 20981 7316 19077 10899 22107 19517 6069 12758 10464 10848 3673
internal_value=8.01475e-05 0.00435122 -0.00656682 0.00170234 0.00413152 0.00637149 -0.0106307 0.0117097 -0.00141351 0.00309744 -0.00689883 -0.0146505 -0.00179927 -0.00482485
internal_weight=203053 123622 79431 90909 66255 48091 44404 32713 35027 29014 23041 21363 18164 24654
internal_count=203053 123622 79431 90909 66255 48091 44404 32713 35027 29014 23041 21363 18164 24654
is_linear=0
shrinkage=0.05


Tree=17
num_leaves=15
num_cat=0
split_feature=49 17 19 46 1 37 43 37 37 46 19 1 47 51
split_gain=2142.11 766.638 577.785 463.535 344.308 319.723 309.586 263.307 246.575 238.452 200.611 180.434 149.354 139.315
threshold=-22.499999999999996 15.449999809265138 49.049999237060554 0.15000000223517421 48.600000381469734 45.500000000000007 157.50000000000003 58.500000000000007 25.500000000000004 5.7500000000000009 116.50000000000001 75.099998474121108 3.1086336374282841 0.37940952181816107
decision_type=8 2 2 2 2 2 10 2 2 2 2 2 2 2
left_child=2 4 -1 7 8 -6 12 -4 -2 -7 -9 13 -3 -5
right_child=1 6 3 11 5 9 -8 10 -10 -11 -12 -13 -14 -15
leaf_value=0.017191053894750098 -0.0069996118635141606 0.0048700558150558187 0.00039053713366239695 -0.0025128085083049381 -0.012112727397613869 -0.00031159511100515192 -0.015657540947343087 0.013739626369064449 0.0036038836209066911 -0.011573500741057424 0.0032162840696416759 -0.011645622187775841 -0.0062610208417523284 0.0042374489061897313
leaf_weight=19477 6101 2238 8457 10044 8848 31126 18766 16839 32410 5511 7386 4299 20492 11022
leaf_count=19477 6101 2238 8457 10044 8848 31126 18766 16839 32410 5511 7386 4299 20492 11022
internal_value=9.85096e-05 -0.00393818 0.00663257 0.00413085 -0.00119099 -0.00413617 -0.00949742 0.00806619 0.00228771 -0.00207452 0.0107169 -0.000940887 -0.00556948 0.000965553
internal_weight=203016 125492 77524 58047 83996 45485 41496 32682 38511 36637 24225 25365 22730 21066
internal_count=203016 125492 77524 58047 83996 45485 41496 32682 38511 36637 24225 25365 22730 21066
is_linear=0
shrinkage=0.05


Tree=18
num_leaves=15
num_cat=0
split_feature=49 47 2 21 43 45 2 21 57 23 53 57 31 47
split_gain=1985.88 609.166 570.488 499.764 366.653 300.574 297.387 178.735 174.134 173.385 165.818 164.227 155.357 137.381
threshold=5.0537879467010507 8.1302680969238299 78.099998474121108 53.500000000000007 77.500000000000014 -2.8733866214752193 46.850000381469734 53.500000000000007 57.95000076293946 0.28499999642372137 0.42763730883598333 47.616666793823249 1.1009659767150881 3.422361016273499
decision_type=10 2 2 2 10 2 2 2 2 2 2 2 2 2
left_child=1 3 5 9 12 -2 -3 11 -4 10 -1 -7 -5 -10
right_child=2 6 8 4 -6 7 -8 -9 13 -11 -12 -13 -14 -15
leaf_value=-0.0022043386402198022 -0.0083471925904203912 0.0022876206167300379 -0.018300028182904785 0.0080426186377017539 0.0039783929526711051 -0.0077827114172822655 -0.0072654006024260578 0.0022178746057530166 0.00048369828566203479 -0.0013125413095706738 0.013862238652370171 0.0016018001533487211 0.017645835523186 -0.010274471430000098
leaf_weight=2719 15926 21470 8431 15109 25266 9460 13874 21058 3303 19213 4509 7444 16260 18888
leaf_count=2719 15926 21470 8431 15109 25266 9460 13874 21058 3303 19213 4509 7444 16260 18888
internal_value=8.62324e-05 0.00426454 -0.00576846 0.0066034 0.0092528 -0.00267079 -0.00123324 -0.000251501 -0.011217 0.000927186 0.0075228 -0.00407946 0.0128629 -0.00888586
internal_weight=202930 118420 84510 83076 56635 53888 35344 37962 30622 26441 7228 16904 31369 22191
internal_count=202930 118420 84510 83076 56635 53888 35344 37962 30622 26441 7228 16904 31369 22191
is_linear=0
shrinkage=0.05


Tree=19
num_leaves=15
num_cat=0
split_feature=49 0 19 57 46 42 46 44 43 0 36 0 52 0
split_gain=1857.2 685.45 507.029 489.795 441.532 301.169 281.883 356.313 229.455 222.313 228.209 174.03 168.116 157.055
threshold=-28.124999999999996 60.649999618530281 49.049999237060554 55.250000000000007 0.15000000223517421 9.1500000953674334 0.25000000745058065 3.2724828720092778 37.500000000000007 158.09999847412112 17.050000190734867 67.40000152587892 0.92273071408271801 26.150000572204593
decision_type=8 2 2 2 2 2 2 2 10 2 2 2 2 2
left_child=2 5 -1 -3 8 12 7 9 -4 10 -5 -6 -2 -7
right_child=1 3 4 6 11 13 -8 -9 -10 -11 -12 -13 -14 -15
leaf_value=0.016118027563165223 0.0034269941368109333 -0.013965729982202078 0.013239438537159587 0.0079116790588708071 0.00093941733337299556 0.0040946868586969141 -0.012151805254153448 -0.0096173327250913959 0.0039349735567336301 -0.0046912049682011365 -0.00072725934155330881 -0.009632732492585571 -0.004607835964537915 -0.0069218096360547854
leaf_weight=19130 33065 18075 12271 7699 19429 4067 11229 10897 18785 7752 10973 5521 7450 16114
leaf_count=19130 33065 18075 12271 7699 19429 4067 11229 10897 18785 7752 10973 5521 7450 16114
internal_value=5.56881e-05 -0.00362304 0.00628909 -0.00712426 0.00388728 0.000220736 -0.0045068 -0.00241555 0.00786551 0.000722554 0.00367734 -0.00106571 0.00270635 -0.00476821
internal_weight=202457 127321 75136 66625 56006 60696 48550 37321 31056 26424 18672 24950 40515 20181
internal_count=202457 127321 75136 66625 56006 60696 48550 37321 31056 26424 18672 24950 40515 20181
is_linear=0
shrinkage=0.05


Tree=20
num_leaves=15
num_cat=0
split_feature=49 19 0 43 37 19 43 48 0 37 53 46 45 20
split_gain=1696.98 768.08 597.587 417.075 264.231 258.339 256.192 210.597 208.031 205.54 200.88 194.856 203.958 179.715
threshold=17.500000000000004 57.250000000000007 71.799999237060561 37.500000000000007 25.500000000000004 147.85000610351565 47.500000000000007 5.6499998569488534 21.349999427795414 47.500000000000007 0.44312302768230444 7.6499998569488534 -0.40378719568252558 33.149999618530281
decision_type=10 2 2 8 2 2 8 2 2 2 2 2 2 2
left_child=1 6 4 5 -2 10 -1 11 -8 -4 -3 12 -5 -6
right_child=2 3 9 7 13 -7 8 -9 -10 -11 -12 -13 -14 -15
leaf_value=0.024092254121026384 -0.013224237166044312 0.003725552855254337 -0.01932466454167002 -0.0017548575074267229 0.0019364559948654879 -0.00035924945100435546 0.019087379288645186 -0.0101354738106874 0.0045147595112447012 -0.0083345758631127864 0.01437809870013624 -0.0066702306728312916 0.0036597213151666266 -0.0036110670193661223
leaf_weight=8121 5879 7428 7937 27389 21984 8194 6876 4376 20561 25493 9159 7784 23380 17858
leaf_count=8121 5879 7428 7937 27389 21984 8194 6876 4376 20561 25493 9159 7784 23380 17858
internal_value=8.53386e-05 0.00375371 -0.00562746 0.00124031 -0.00191172 0.00673329 0.00995136 -0.000923513 0.00763745 -0.0107072 0.0103196 -0.000131909 0.000997952 -0.000450417
internal_weight=202419 123268 79151 87710 45721 24781 35558 62929 27437 33430 16587 58553 50769 39842
internal_count=202419 123268 79151 87710 45721 24781 35558 62929 27437 33430 16587 58553 50769 39842
is_linear=0
shrinkage=0.05


Tree=21
num_leaves=15
num_cat=0
split_feature=49 17 19 45 31 49 24 37 0 36 19 1 51 1
split_gain=1605.7 649.69 437.656 334.776 299.92 275.138 219.338 201.351 198.411 173.913 166.707 157.895 126.073 107.988
threshold=-37.499999999999993 15.449999809265138 43.350000381469734 -0.72666779160499562 1.1009659767150881 227.50000000000003 12.500000000000002 41.500000000000007 36.250000000000007 13.449999809265138 215.35000610351565 57.800001144409187 0.37940952181816107 84.40000152587892
decision_type=8 2 2 2 2 10 2 2 2 2 2 2 2 2
left_child=2 3 -1 7 10 -3 -6 -2 -5 -10 12 -9 -4 -11
right_child=1 5 4 8 6 -7 -8 11 9 13 -12 -13 -14 -15
leaf_value=0.017637491747085468 -0.0083929724191441849 -0.0047027666656380591 -0.0010035053614168993 0.0078938402978539421 0.013918169717764335 -0.014821958981880257 0.0027735064525156736 0.0018396008177418391 0.0078247705338085338 0.0006664295650621291 -0.011499524246087758 -0.0044028061482887688 0.0044479501059304745 -0.0054748600521250627
leaf_weight=14025 13429 28769 14302 10130 12250 14197 11262 15523 3976 22482 2541 16450 17079 6133
leaf_count=14025 13429 28769 14302 10130 12250 14197 11262 15523 3976 22482 2541 16450 17079 6133
internal_value=0.000103921 -0.0031829 0.00613308 -0.000724757 0.004198 -0.00822319 0.00853669 -0.00371378 0.00245197 0.000551363 0.00118914 -0.00155473 0.00218773 -0.000811354
internal_weight=202548 131089 71459 88123 57434 42966 23512 45402 42721 32591 33922 31973 31381 28615
internal_count=202548 131089 71459 88123 57434 42966 23512 45402 42721 32591 33922 31973 31381 28615
is_linear=0
shrinkage=0.05


Tree=22
num_leaves=15
num_cat=0
split_feature=49 19 21 47 19 13 47 38 1 46 49 36 19 44
split_gain=1503.54 666.501 493.829 441.102 326.81 345.254 225.841 191.141 183.289 169.186 160.236 157.033 139.068 123.829
threshold=22.500000000000004 53.95000076293946 39.500000000000007 8.6640510559082049 117.90000152587892 52.330654144287116 5.2563300132751474 10.84999990463257 47.350000381469734 1.0000000180025095e-35 235.62500000000003 11.84999990463257 32.300001144409187 1.4337099790573122
decision_type=10 2 2 2 2 2 2 2 2 2 10 2 2 2
left_child=1 6 10 4 5 -3 -1 -4 -9 13 -2 -6 -8 -7
right_child=2 3 7 -5 11 9 12 8 -10 -11 -12 -13 -14 -15
leaf_value=0.021638605268769012 -0.0062169114334348066 -2.8492576438382892e-06 -0.0090442703710824374 -0.0053197469481150372 0.0029401519755536728 0.013933567684266766 0.018512955665855386 0.0030555169801327192 -0.0027851957572528766 0.0032633275579098038 -0.013724161745579942 -0.0028581310077703875 0.004723083125422068 0.0061587303319982772
leaf_weight=6929 15529 16534 9439 19332 10537 10986 6307 15315 19424 9424 17510 19374 18335 7709
leaf_count=6929 15529 16534 9439 19332 10537 10986 6307 15315 19424 9424 17510 19374 18335 7709
internal_value=9.37374e-06 0.00338767 -0.00547963 0.00127415 0.00301915 0.0057279 0.00967116 -0.00202091 -0.000305764 0.00909826 -0.0101024 -0.0010252 0.00742333 0.0118511
internal_weight=202684 125467 77217 93896 74564 44653 31571 44178 34739 28119 33039 29911 24642 18695
internal_count=202684 125467 77217 93896 74564 44653 31571 44178 34739 28119 33039 29911 24642 18695
is_linear=0
shrinkage=0.05


Tree=23
num_leaves=15
num_cat=0
split_feature=21 43 43 19 20 37 46 19 46 25 45 43 45 31
split_gain=1396.28 854.826 613.786 301.212 284.505 213.606 217.031 193.056 188.372 177.095 175.519 154.019 148.887 138.595
threshold=56.500000000000007 92.500000000000014 262.50000000000006 55.350000381469734 54.850000381469734 24.500000000000004 7.6499998569488534 41.500000000000007 1.0000000180025095e-35 20.050000190734867 -1.4598052501678465 41.875000000000007 -2.8864159584045406 -0.16134067624807355
decision_type=2 8 10 2 2 2 2 2 2 2 2 8 2 2
left_child=2 7 4 12 11 -5 10 -2 -6 -4 -7 -1 -3 -9
right_child=1 3 9 5 8 6 -8 13 -10 -11 -12 -13 -14 -15
leaf_value=0.0088366387349046952 0.024145074619527748 0.00031751481141925202 -0.0078186317746437445 -0.013429284554054647 -0.0021419837797220344 -0.0026287424365401112 -0.0065184326043083709 0.0042751515246172113 -0.010347512104594571 -0.016831479533842657 0.0027332866591300211 1.3148743539573294e-05 0.0073564152442957623 0.010950148607240015
leaf_weight=6172 6125 10040 18163 3703 27373 15922 8757 13971 9277 8779 25030 16961 16636 15724
leaf_count=6172 6125 10040 18163 3703 27373 15922 8757 13971 9277 8779 25030 16961 16636 15724
internal_value=9.65985e-05 0.00368666 -0.00470139 0.000814627 -0.00187689 -0.00135244 -0.000488244 0.0101061 -0.00461675 -0.0109658 0.00103999 0.00246403 0.00515251 0.00843377
internal_weight=202633 115908 86725 80088 59783 53412 49709 35820 36650 26942 40952 23133 26676 29695
internal_count=202633 115908 86725 80088 59783 53412 49709 35820 36650 26942 40952 23133 26676 29695
is_linear=0
shrinkage=0.05


Tree=24
num_leaves=15
num_cat=0
split_feature=20 48 43 43 0 0 47 47 46 44 46 19 53 19
split_gain=1287.98 784.352 712.791 490.574 260.906 258.391 208.33 205.915 199.629 251.669 172.71 161.215 210.595 159.955
threshold=23.349999427795414 6.6499998569488534 107.50000000000001 41.875000000000007 73.000000000000014 29.750000000000004 6.9427051544189462 8.7430500984191912 0.25000000745058065 2.8517501354217534 9.3499999046325701 249.15000152587893 0.13185577094554904 105.59999847412111
decision_type=2 2 8 10 2 2 2 2 2 2 2 2 2 2
left_child=2 3 6 11 10 -4 -1 -7 9 -6 -5 12 -2 -14
right_child=1 -3 5 4 8 7 -8 -9 -10 -11 -12 -13 13 -15
leaf_value=0.014981996430174628 -0.0018331583410468679 -0.012666421942731874 0.0064850395184134577 0.00051576986148977948 -7.9739688158433913e-05 0.0013311326672201082 0.0055141563664516157 -0.0055029351480690783 -0.013536720767516459 -0.011040788580586885 -0.0074203031531528928 -0.0041076464074300701 0.011739619604362936 0.0027354314948148046
leaf_weight=17951 8648 19880 18231 27295 11625 28213 9546 12578 9359 7337 6305 3217 8075 13866
leaf_count=17951 8648 19880 18231 27295 11625 28213 9546 12578 9359 7337 6305 3217 8075 13866
internal_value=0.000104385 -0.00334834 0.00471778 -0.00147096 -0.00411547 0.00161946 0.0113653 -0.00059251 -0.00764975 -0.00469639 -0.00113508 0.00337266 0.00449279 0.00709649
internal_weight=202126 115607 86519 95727 61921 59022 27497 40791 28321 18962 33600 33806 30589 21941
internal_count=202126 115607 86519 95727 61921 59022 27497 40791 28321 18962 33600 33806 30589 21941
is_linear=0
shrinkage=0.05


Tree=25
num_leaves=15
num_cat=0
split_feature=17 43 1 43 37 37 17 1 1 47 1 53 57 47
split_gain=1264.37 712.159 463.277 364.477 254.786 248.073 200.906 185.925 184.965 182.43 180.298 174.073 172.54 142.764
threshold=6.7500000000000009 47.500000000000007 47.350000381469734 142.50000000000003 33.500000000000007 43.500000000000007 29.250000000000004 65.799999237060561 108.40000152587892 8.6640510559082049 24.150000572204593 0.36447542905807501 49.483333587646491 3.213563203811646
decision_type=2 8 2 8 2 2 2 2 2 2 2 2 2 2
left_child=1 7 4 8 -3 -4 -5 -1 11 -7 -6 -2 -12 -10
right_child=3 2 5 6 10 9 -8 -9 13 -11 12 -13 -14 -15
leaf_value=0.015417782782110407 -0.0017437789365707477 -0.0021886703442228011 -0.0097955090279894814 -0.0052150671062926876 0.014110206589764996 0.00061960716643315924 -0.012915114428794769 0.0049727028339010913 0.0028635313823085796 -0.0075517103048631656 0.0012589093834080034 0.0060652279355311563 0.0077751588367104361 -0.0075001784978562906
leaf_weight=13996 13872 10597 7441 26030 8530 34937 13729 11154 2185 7871 21260 8385 13849 8532
leaf_count=13996 13872 10597 7441 26030 8530 34937 13729 11154 2185 7871 21260 8385 13849 8532
internal_value=3.03887e-05 0.00299067 0.00117207 -0.00524552 0.00437636 -0.00228666 -0.00846828 0.0105425 -0.00135823 -0.000820916 0.00606486 0.00124063 0.00447835 -0.00675165
internal_weight=202368 129635 104485 72733 54236 50249 39759 25150 32974 42808 43639 22257 35109 10717
internal_count=202368 129635 104485 72733 54236 50249 39759 25150 32974 42808 43639 22257 35109 10717
is_linear=0
shrinkage=0.05


Tree=26
num_leaves=15
num_cat=0
split_feature=0 43 57 0 37 46 44 37 47 0 57 19 13 46
split_gain=1021.11 691.955 593.721 472.509 415.003 325.743 269.01 237.461 230.922 209.476 217.451 180.646 225.153 166.142
threshold=53.350000381469734 41.875000000000007 49.483333587646491 19.750000000000004 43.500000000000007 5.7500000000000009 4.3315978050231942 25.500000000000004 6.0607919692993173 187.44999694824222 73.816669464111342 122.70000076293947 52.127677917480476 7.6499998569488534
decision_type=2 8 2 2 2 2 2 2 2 2 2 2 2 2
left_child=2 11 3 -1 -3 6 9 -5 -4 10 -6 12 -2 -9
right_child=1 4 8 7 5 -7 -8 13 -10 -11 -12 -13 -14 -15
leaf_value=0.015932828196891107 -0.0057458847320611128 -0.014300966041758956 0.013880575927868934 -0.0081483135021807682 -0.0029052693121704165 -0.012049788492571926 -0.0087929560488689777 0.0015732374483548826 0.0052103488324729145 -0.0088348185197253681 0.0030579619789492876 9.6776560135975874e-05 0.010417264213872443 -0.0040583078318828991
leaf_weight=7150 1775 12526 13113 7277 20818 10037 12213 37165 23274 3824 21453 13594 9196 9062
leaf_count=7150 1775 12526 13113 7277 20818 10037 12213 37165 23274 3824 21453 13594 9196 9062
internal_value=1.02476e-05 -0.00339605 0.00371119 0.000681623 -0.00562833 -0.0040937 -0.00266041 -0.000932466 0.00875965 -0.000911506 0.000103474 0.00395219 0.00872188 0.000389839
internal_weight=202477 105436 97041 60654 80871 68345 58308 53504 36387 46095 42271 24565 10971 46227
internal_count=202477 105436 97041 60654 80871 68345 58308 53504 36387 46095 42271 24565 10971 46227
is_linear=0
shrinkage=0.05


Tree=27
num_leaves=15
num_cat=0
split_feature=20 48 46 42 44 51 53 1 0 53 1 0 37 0
split_gain=1104.71 617.76 517.785 461.243 257.559 248.455 218.713 295.694 208.346 227.278 172.8 159.015 149.606 165.733
threshold=28.349999427795414 5.4500000476837167 0.55000001192092907 6.6499998569488534 3.2724828720092778 0.37940952181816107 0.36447542905807501 108.40000152587892 22.349999427795414 0.34840355813503271 73.90000152587892 63.899999618530281 47.500000000000007 105.79999923706056
decision_type=2 2 2 2 2 2 2 2 2 2 2 2 2 2
left_child=3 2 4 8 6 -5 10 -8 -1 11 -2 -10 -3 -14
right_child=1 12 -4 5 -6 -7 7 -9 9 -11 -12 -13 13 -15
leaf_value=0.021315799078214029 0.0018951525201095687 -0.014023941702456331 -0.0071286482519546035 -0.0021823529205276106 -0.003905553413083403 0.0045649895322820285 0.010947970345391996 0.00065208695666180573 0.0038928145196818497 0.011606231652026107 -0.0060548834968685711 -0.0054504980630299474 -0.00061687526322246891 -0.011339499567983531
leaf_weight=5632 12267 12770 22213 30340 15856 18785 11271 12691 28055 13118 5369 3448 5960 5064
leaf_count=5632 12267 12770 22213 30340 15856 18785 11271 12691 28055 13118 5369 3448 5960 5064
internal_value=9.13241e-05 -0.0035249 -0.00141289 0.0038561 0.00109373 0.000410603 0.00316045 0.00626981 0.0072235 0.00607705 -0.0010654 0.00377225 -0.0105928 -0.00631684
internal_weight=202839 103461 79667 99378 57454 49125 41598 23962 50253 44621 17636 31503 23794 11024
internal_count=202839 103461 79667 99378 57454 49125 41598 23962 50253 44621 17636 31503 23794 11024
is_linear=0
shrinkage=0.05


Tree=28
num_leaves=15
num_cat=0
split_feature=17 43 0 48 37 46 48 46 45 45 45 17 0 0
split_gain=1054.31 625.702 412.227 393.785 285.639 251.211 215.864 200.154 194.623 177.967 161.208 113.15 108.108 95.8293
threshold=6.7500000000000009 57.500000000000007 32.750000000000007 5.6499998569488534 41.500000000000007 1.2500000000000002 -3.8500000238418575 7.6499998569488534 -0.40378719568252558 -1.4598052501678465 -3.9851181507110591 31.44999980926514 64.40000152587892 18.349999427795414
decision_type=2 8 2 2 2 2 2 2 2 2 2 2 2 2
left_child=1 6 10 5 -4 9 -1 8 -6 -2 -3 -7 -8 -12
right_child=3 2 4 -5 7 11 12 -9 -10 -11 13 -13 -14 -15
leaf_value=0.014496114416246909 -0.0043258088066494976 0.00059676423254306603 -0.0079144062343274955 -0.012162051976335554 -0.0014257888408389958 -0.0047906911192426719 0.0084596482819371318 -0.0051959708156528051 0.0035713434972054095 0.0014735726333605476 0.021277864020128406 -0.015191071128994458 0.00085493249995943754 0.0062942276243346225
leaf_weight=13990 17749 9400 11364 14626 23839 12188 8188 10499 25185 24162 3342 3730 8268 15559
leaf_count=13990 17749 9400 11364 14626 23839 12188 8188 10499 25185 24162 3342 3730 8268 15559
internal_value=7.73136e-05 0.00277722 0.000852336 -0.00475298 -0.00118446 -0.00289813 0.00904584 0.000202829 0.00154485 -0.000866511 0.00595263 -0.00824335 0.00515912 0.00861271
internal_weight=202089 129634 99188 72455 70887 57829 30446 59523 49024 41911 28301 15918 16456 18901
internal_count=202089 129634 99188 72455 70887 57829 30446 59523 49024 41911 28301 15918 16456 18901
is_linear=0
shrinkage=0.05


Tree=29
num_leaves=15
num_cat=0
split_feature=17 43 0 43 1 45 13 47 17 19 46 57 45 20
split_gain=1004.04 503.604 395.552 350.43 240.631 235.422 225.198 192.363 186.93 173.407 146.177 134.093 133.163 114.412
threshold=1.4499999880790713 47.500000000000007 29.750000000000004 267.50000000000006 73.90000152587892 -1.4598052501678465 53.288095474243171 3.213563203811646 31.44999980926514 88.599998474121108 7.6499998569488534 37.983333587646491 -2.5449984073638912 33.149999618530281
decision_type=2 8 2 10 2 2 2 2 2 2 2 2 2 2
left_child=1 9 11 4 6 -4 12 -6 -5 -1 13 -3 -2 -7
right_child=3 2 5 8 7 10 -8 -9 -10 -11 -12 -13 -14 -15
leaf_value=0.015145619014004134 -0.0063053232180624282 0.0038874303032316601 -0.003311276253457408 -0.0050390203086880568 0.0035006557810315906 0.0042140009133379728 0.0052439586418980191 -0.0057821138270378342 -0.013934293594911766 0.004057374325800416 -0.0035960914637205772 0.012298506725060339 0.00097067234706178578 -0.00073942484891253166
leaf_weight=12481 8731 12213 28489 23262 3530 22583 13063 22463 8120 9694 6158 8717 13052 10008
leaf_count=12481 8731 12213 28489 23262 3530 22583 13063 22463 8120 9694 6158 8717 13052 10008
internal_value=4.49219e-05 0.00326294 0.00156842 -0.00380539 -0.00159123 -0.000300381 0.00112463 -0.00523113 -0.00809601 0.00999662 0.00223625 0.00756925 -0.00198802 0.00357121
internal_weight=202564 110343 88168 92221 60839 67238 34846 25993 31382 22175 38749 20930 21783 32591
internal_count=202564 110343 88168 92221 60839 67238 34846 25993 31382 22175 38749 20930 21783 32591
is_linear=0
shrinkage=0.05


Tree=30
num_leaves=15
num_cat=0
split_feature=21 43 43 45 47 20 46 37 26 46 19 47 19 19
split_gain=935.254 600.358 404.076 247.137 240.718 212.649 179.125 168.313 161.424 151.877 151.199 143.264 125.338 117.933
threshold=53.500000000000007 92.500000000000014 262.50000000000006 -0.40378719568252558 4.9132456779479989 54.850000381469734 7.6499998569488534 25.500000000000004 0.78938215970993053 1.0000000180025095e-35 41.500000000000007 7.7441518306732187 49.049999237060554 69.950000762939467
decision_type=2 8 10 2 2 2 2 2 2 2 2 2 2 2
left_child=2 4 5 7 -2 11 13 -3 -4 -7 -6 -1 -9 -5
right_child=1 3 8 6 10 9 -8 12 -10 -11 -12 -13 -14 -15
leaf_value=0.004613725247648289 0.013355042008981959 -0.009127688555881034 -0.0054325925431833542 0.0070385264015193601 0.016374266406960641 -0.0016826623253345229 -0.0024396346098857664 0.0034959421967417528 -0.016386477269149092 -0.0088350168706886213 0.0033586672313084794 -0.0037076784098321936 -0.0022534481087020655 0.0016875749012837359
leaf_weight=14358 11109 5741 16279 14765 4270 26932 8476 9362 8972 9037 22010 6729 25930 18828
leaf_count=14358 11109 5741 16279 14765 4270 26932 8476 9362 8972 9037 22010 6729 25930 18828
internal_value=0.000138308 0.00294458 -0.00396971 0.000576932 0.00820543 -0.00163845 0.00326945 -0.00218369 -0.00923459 -0.00397524 0.00559338 0.00234749 -0.000890884 0.00490804
internal_weight=202798 120491 82307 83102 37389 57056 42069 41033 25251 35969 26280 21087 35292 33593
internal_count=202798 120491 82307 83102 37389 57056 42069 41033 25251 35969 26280 21087 35292 33593
is_linear=0
shrinkage=0.05


Tree=31
num_leaves=15
num_cat=0
split_feature=20 48 43 46 1 23 23 38 13 17 17 45 46 21
split_gain=896.536 545.978 502.247 370.814 244.925 200.949 194.457 172.44 163.167 129.674 127.296 130.512 122.134 120.974
threshold=23.349999427795414 6.6499998569488534 147.50000000000003 1.0000000180025095e-35 76.500000000000014 0.32500000298023229 0.2950000017881394 15.34999990463257 52.585714340209968 8.9499998092651385 -62.450000762939446 -0.71604838967323292 11.250000000000002 29.500000000000004
decision_type=2 2 8 2 2 2 2 2 2 2 2 2 2 2
left_child=2 3 6 5 12 8 -1 -3 -2 -4 -8 -12 -5 -7
right_child=1 7 9 4 -6 13 10 -9 -10 -11 11 -13 -14 -15
leaf_value=0.021833041529179736 -0.00047451741166292254 -0.012902902359749205 0.0014979850969147196 -0.00024455209030875834 -0.010210175791211111 -0.0031948316073785207 0.017121149729732901 -0.0020168666972833101 0.0079328608829469689 -0.0052284667444106453 0.0018334245576735173 0.0080205293247808049 -0.007212799709041701 0.0012179210960861749
leaf_weight=5484 7021 14417 48137 19115 11907 16065 2998 5635 11872 5750 11710 12685 6287 23512
leaf_count=5484 7021 14417 48137 19115 11907 16065 2998 5635 11872 5750 11710 12685 6287 23512
internal_value=0.000108215 -0.00277039 0.00395107 -0.00119925 -0.00509325 0.00128591 0.00882035 -0.0102707 0.0055269 0.000979183 0.00709503 0.00589531 -0.0023178 -0.00073951
internal_weight=202595 115831 86764 95779 37309 58470 32877 20052 18893 53887 27393 24395 25402 39577
internal_count=202595 115831 86764 95779 37309 58470 32877 20052 18893 53887 27393 24395 25402 39577
is_linear=0
shrinkage=0.05


Tree=32
num_leaves=15
num_cat=0
split_feature=21 43 37 44 31 20 46 31 45 46 2 44 38 13
split_gain=841.345 522.478 386.26 286.317 261.68 224.546 224.508 168.695 164.145 162.309 149.127 135.783 124.157 110.325
threshold=53.500000000000007 67.500000000000014 45.500000000000007 5.0409667491912851 5.0408828258514413 54.850000381469734 7.6499998569488534 1.1009659767150881 -1.4352163672447202 1.7500000000000002 41.95000076293946 2.8941457271575932 21.44999980926514 66.394943237304702
decision_type=2 8 2 2 2 2 2 2 2 2 2 2 2 2
left_child=2 7 -1 6 5 -4 8 -2 -3 11 -10 -7 -5 -12
right_child=1 3 4 12 -6 9 -8 -9 10 -11 13 -13 -14 -15
leaf_value=-0.011247277952513865 0.0042616793441128424 0.00034403449894926299 0.00053647572066905928 -0.0056484507560825405 0.0047209878233840609 -0.0017005687812272291 -0.0027313255649566329 0.012336816506962488 0.0082839889513038247 -0.012135954266165894 8.6848973894410042e-05 -0.0084373391219180523 0.0043535222678420518 0.0055095438009407673
leaf_weight=14007 15013 24203 20974 14141 10319 21786 14640 14681 14234 6539 12940 8271 1872 8736
leaf_count=14007 15013 24203 20974 14141 10319 21786 14640 14681 14234 6539 12940 8271 1872 8736
internal_value=0.000125021 0.00278327 -0.00378483 0.000899467 -0.00222426 -0.00353856 0.00219928 0.00853925 0.00355147 -0.00590204 0.00569599 -0.00434613 -0.00516601 0.00308263
internal_weight=202356 120460 81896 90766 67889 57570 74753 29694 60113 36596 35910 30057 16013 21676
internal_count=202356 120460 81896 90766 67889 57570 74753 29694 60113 36596 35910 30057 16013 21676
is_linear=0
shrinkage=0.05


Tree=33
num_leaves=15
num_cat=0
split_feature=17 48 48 46 44 47 2 0 47 20 0 57 46 37
split_gain=778.905 519.302 371.204 342.341 255.438 218.911 191.5 172.464 155.833 141.956 132.205 125.371 116.95 114.721
threshold=1.4499999880790713 -3.2499999999999996 6.7500000000000009 1.0000000180025095e-35 4.3315978050231942 6.2949359416961679 80.200000762939467 46.350000381469734 7.0467376708984384 92.350002288818374 34.649999618530281 54.083332061767585 0.25000000745058065 64.500000000000014
decision_type=2 2 2 2 2 2 2 2 2 2 2 2 2 2
left_child=1 3 5 8 7 9 -7 11 -1 -2 -5 -3 13 -9
right_child=2 4 -4 10 -6 6 -8 12 -10 -11 -12 -13 -14 -15
leaf_value=0.014207527946521435 0.0022126164534817076 0.0025704874331541729 -0.010992307878455676 0.0068684365861515946 -0.0044456521125054646 -0.002372928844760102 -0.010404964261316669 -0.0019084322748999143 0.0061097743368721397 -0.002751942705892481 -0.0016742734740759118 0.010578745476147474 -0.00404922342017863 0.0036260742823240018
leaf_weight=13676 25275 20441 13623 5333 16196 32509 8862 8303 8815 11625 9369 5566 11360 11247
leaf_count=13676 25275 20441 13623 5333 16196 32509 8862 8303 8815 11625 9369 5566 11360 11247
internal_value=1.31052e-05 0.00284546 -0.00338669 0.00765462 0.000398301 -0.00206021 -0.00455704 0.0019749 0.0115317 0.000739637 0.00171968 0.00497463 -0.000549806 0.00179448
internal_weight=202200 110306 91894 37193 73113 78271 41371 56917 22491 36900 14702 26007 30910 19550
internal_count=202200 110306 91894 37193 73113 78271 41371 56917 22491 36900 14702 26007 30910 19550
is_linear=0
shrinkage=0.05


Tree=34
num_leaves=15
num_cat=0
split_feature=0 37 37 46 46 13 0 44 38 1 53 53 0 1
split_gain=771.042 504.108 485.27 465.575 443.158 305.918 323.335 207.958 192.877 190.474 262.708 176.344 164.869 160.356
threshold=66.500000000000014 64.500000000000014 36.500000000000007 0.25000000745058065 7.6499998569488534 47.204463958740241 28.750000000000004 2.8941457271575932 12.449999809265138 182.75000000000003 0.41202506422996527 -0.97874867916107167 14.750000000000002 107.20000076293947
decision_type=2 2 2 2 2 2 2 2 2 2 2 2 2 2
left_child=2 13 8 7 5 6 -4 9 12 10 -3 -8 -1 -2
right_child=1 3 4 -5 -6 -7 11 -9 -10 -11 -12 -13 -14 -15
leaf_value=0.014655885100297384 -0.0060109373057231387 -0.0023953441828232988 0.0092221180988040184 -0.0086023257706760465 -0.0021363014425047808 0.0069641648793879359 0.0088465365100301261 -0.0034886281959813688 0.0020897224695502481 -0.0032420551007215099 0.0063641143613904884 -0.0021335666939002805 -0.0079485339826374252 -0.013863899432805497
leaf_weight=1159 18146 5404 9968 13642 19746 48396 1963 10169 6860 4487 17605 21346 14563 8745
leaf_count=1159 18146 5404 9968 13642 19746 48396 1963 10169 6860 4487 17605 21346 14563 8745
internal_value=7.23262e-05 -0.00381547 0.00252417 -0.000908568 0.00400009 0.0056251 0.00193394 0.0019582 -0.00410322 0.00421726 0.00605478 -0.00128972 -0.00715421 -0.00935932
internal_weight=202199 78198 124001 51307 101419 81673 33277 37665 22582 27496 23009 23309 15722 26891
internal_count=202199 78198 124001 51307 101419 81673 33277 37665 22582 27496 23009 23309 15722 26891
is_linear=0
shrinkage=0.05


Tree=35
num_leaves=15
num_cat=0
split_feature=21 47 0 49 37 47 18 37 0 57 31 25 47 57
split_gain=688.091 417.768 332.382 319.437 260.689 214.049 190.227 180.39 134.994 156.374 133.502 129.178 126.746 117.421
threshold=53.500000000000007 5.1784749031066903 21.349999427795414 197.50000000000003 53.500000000000007 8.8225402832031268 8.5500001907348651 39.500000000000007 79.500000000000014 73.816669464111342 5.0408828258514413 22.750000000000004 4.9132456779479989 38.883333206176765
decision_type=2 2 2 10 2 2 2 2 2 2 2 2 2 2
left_child=3 4 -3 6 -2 7 10 -4 9 -9 -1 13 -8 -5
right_child=1 2 5 11 -6 -7 12 8 -10 -11 -12 -13 -14 -15
leaf_value=-0.00040290010032542622 -0.00054031546011639104 0.01126095087923832 -0.003929355263117211 -0.0091570133894616473 0.0090518714266500586 -0.0033005927052841308 0.00015098810616250718 0.0016398363898825624 -0.0026945897443205764 0.00855481865655041 0.0066274261522664525 -0.012794780959400998 -0.0066204579562523713 -0.0020829608226922121
leaf_weight=25844 6125 8833 9983 7443 19556 24701 8862 33391 7694 10283 6773 6972 16077 10405
leaf_count=25844 6125 8833 9983 7443 19556 24701 8862 33391 7694 10283 6773 6972 16077 10405
internal_value=0.000102734 0.00250921 0.00097766 -0.00341927 0.00816531 2.90488e-05 -0.00137407 0.00161137 0.00280665 0.00388243 0.00113939 -0.00815948 -0.00466051 -0.00589932
internal_weight=202942 120566 94885 82376 25681 86052 57556 61351 51368 43674 32617 24820 24939 17848
internal_count=202942 120566 94885 82376 25681 86052 57556 61351 51368 43674 32617 24820 24939 17848
is_linear=0
shrinkage=0.05


Tree=36
num_leaves=15
num_cat=0
split_feature=17 43 45 39 0 48 48 19 0 47 47 13 1 0
split_gain=666.006 508.557 364.802 257.476 232.28 212.292 197.902 176.441 170.993 168.941 130.48 105.712 129.371 121.524
threshold=20.44999980926514 41.875000000000007 -0.72666779160499562 1.0000000180025095e-35 38.45000076293946 3.8500000238418584 7.5499999523162851 57.549999237060554 28.44999980926514 5.0962250232696542 9.0901222229003924 66.394943237304702 84.40000152587892 63.449998855590827
decision_type=2 8 2 2 2 2 2 2 2 2 2 2 2 2
left_child=1 7 6 4 -4 9 8 -1 -3 -2 11 13 -13 -6
right_child=5 2 3 -5 10 -7 -8 -9 -10 -11 -12 12 -14 -15
leaf_value=0.016563701014921984 0.0013721947108236848 0.0038651864741062305 0.0074684039557318107 -0.0049712152093996063 0.0020328597959790268 -0.0099056511554705493 -0.0085199123340681977 0.0044094427641527337 -0.0022086004319844367 -0.0055900334463741611 -0.0043583655666134483 0.0085434605575624711 0.00091736619658627089 -0.0044742278717951672
leaf_weight=7167 9974 11499 19440 7611 15930 12687 8851 19798 46576 18524 5476 6989 6459 5490
leaf_count=7167 9974 11499 19440 7611 15930 12687 8851 19798 46576 18524 5476 6989 6459 5490
internal_value=1.98784e-05 0.00146904 0.00021086 0.00280728 0.00391009 -0.00565421 -0.00240379 0.00773401 -0.00134157 -0.00325698 0.0017458 0.00287287 0.00634567 0.000690621
internal_weight=202471 161286 134321 67395 59784 41185 66926 26965 58075 28498 40344 34868 13448 21420
internal_count=202471 161286 134321 67395 59784 41185 66926 26965 58075 28498 40344 34868 13448 21420
is_linear=0
shrinkage=0.05


Tree=37
num_leaves=15
num_cat=0
split_feature=0 57 57 1 0 37 24 37 53 57 53 0 52 44
split_gain=631.049 489.168 450.616 353.507 334.167 265.991 248.058 212.037 172.886 168.387 145.359 142.866 140.039 131.175
threshold=58.149999618530281 55.250000000000007 64.716663360595717 108.40000152587892 19.250000000000004 85.500000000000014 4.5000000000000009 20.500000000000004 -0.73284119367599476 38.31666564941407 0.34840355813503271 99.799999237060561 0.21022171527147296 5.1857576370239267
decision_type=2 2 2 2 2 2 2 2 2 2 2 2 2 2
left_child=1 4 11 6 -1 -5 -4 -6 -9 -10 -3 -2 -8 -12
right_child=2 10 3 5 7 -7 12 8 9 -11 13 -13 -14 -15
leaf_value=0.013318638611521383 -0.0050568872717601989 0.0045839641567832047 0.0076173367254934636 -0.0070614251068324089 -0.0092031142290780518 0.00055084948717604653 0.0017041217331267818 0.0028666434755422834 -0.0037170669655689995 0.0013511742962566201 0.015797368301598964 -0.013106980690643203 -0.0061024608557419553 0.0019532476449371861
leaf_weight=6812 26122 21328 12094 15673 5023 12876 14832 20349 22355 21208 8591 6532 5958 2592
leaf_count=6812 26122 21328 12094 15673 5023 12876 14832 20349 22355 21208 8591 6532 5958 2592
internal_value=5.89311e-05 0.00266191 -0.00293607 -0.000412984 0.000459693 -0.00448283 0.00312063 -0.000584887 0.000193204 -0.00158412 0.00779112 -0.00768124 -0.000192308 0.0124073
internal_weight=202345 108258 94087 61433 75747 28549 32884 68935 63912 43563 32511 32654 20790 11183
internal_count=202345 108258 94087 61433 75747 28549 32884 68935 63912 43563 32511 32654 20790 11183
is_linear=0
shrinkage=0.05


Tree=38
num_leaves=15
num_cat=0
split_feature=51 1 36 0 45 43 1 46 0 40 36 57 36 46
split_gain=585.822 358.936 482.402 312.463 305.023 288.519 204.688 189.664 189.552 182.372 153.514 144.285 142.456 122.33
threshold=0.37940952181816107 109.54999923706056 17.250000000000004 37.549999237060554 -2.8733866214752193 37.500000000000007 77.65000152587892 19.44999980926514 38.45000076293946 984.25000000000011 15.650000095367433 37.983333587646491 28.250000000000004 1.0000000180025095e-35
decision_type=2 2 2 2 2 10 2 2 2 2 2 2 2 2
left_child=1 2 13 -2 -4 9 12 8 -6 -5 -3 -10 -7 -1
right_child=3 10 4 5 7 6 -8 -9 11 -11 -12 -13 -14 -15
leaf_value=0.010370000445323673 0.0087648146940948642 -0.0022452242396239449 -0.0053705145460715645 -0.0011585324380463441 0.0039223393870825504 -0.0010740866665791731 -0.0057276342327015426 -0.0079103741213111655 -0.0051472939137943933 0.0071110396992304439 -0.01053593493513438 0.00021456266470823717 0.0049958768268150745 -0.00024512497317938641
leaf_weight=10343 19415 9470 28702 5975 18459 15024 11570 4407 9678 16108 10946 31181 7939 3415
leaf_count=10343 19415 9470 28702 5975 18459 15024 11570 4407 9678 16108 10946 31181 7939 3415
internal_value=9.00603e-05 -0.00199331 -0.000825604 0.00355894 -0.00212604 0.00168121 -0.00117318 -0.000198086 0.000546117 0.00614335 -0.00806325 -0.00135372 0.00155944 0.00790601
internal_weight=202632 126601 106185 76031 92427 56616 34533 63725 59318 22083 20416 40859 22963 13758
internal_count=202632 126601 106185 76031 92427 56616 34533 63725 59318 22083 20416 40859 22963 13758
is_linear=0
shrinkage=0.05


Tree=39
num_leaves=15
num_cat=0
split_feature=17 43 44 46 45 37 0 48 46 0 48 37 0 24
split_gain=576.782 449.113 386.073 286.939 224.172 191.571 175.766 149.621 138.308 119.463 113.743 104.768 150.926 103.876
threshold=24.050000190734867 41.875000000000007 4.7354149818420419 6.8500001430511483 -1.4598052501678465 43.500000000000007 33.95000076293946 -4.2499999999999991 0.25000000745058065 37.549999237060554 -2.8500000238418575 33.500000000000007 64.40000152587892 12.500000000000002
decision_type=2 8 2 2 2 2 2 2 2 2 2 2 2 2
left_child=1 7 3 4 10 -2 -6 13 -7 -5 -3 -4 -13 -1
right_child=5 2 11 9 6 8 -8 -9 -10 -11 -12 12 -14 -15
leaf_value=0.014356164335214259 -0.013318852171076884 0.003244223622305786 -0.008665368427885279 0.00093359397667566464 0.0098901963106977474 -0.0015661632674963503 0.0023845861181509631 0.0032776834149945942 -0.008583611153551619 -0.005240116759520178 -0.0018570167787216978 -0.00010536910832613655 -0.0082423061188071408 0.0038455163309297521
leaf_weight=7650 5507 11872 7292 7610 11253 21582 41606 16586 8496 13811 25052 12873 7028 3621
leaf_count=7650 5507 11872 7292 7610 11253 21582 41606 16586 8496 13811 25052 12873 7028 3621
internal_value=4.59502e-05 0.0012826 0.000116504 0.00142248 0.00266307 -0.00573044 0.00475089 0.00707378 -0.0041578 -0.00377607 -0.000326258 -0.00522277 -0.00334112 0.0115172
internal_weight=201839 166254 138397 111204 89783 35585 52859 27857 30078 21421 36924 27193 19901 11271
internal_count=201839 166254 138397 111204 89783 35585 52859 27857 30078 21421 36924 27193 19901 11271
is_linear=0
shrinkage=0.05


Tree=40
num_leaves=15
num_cat=0
split_feature=0 57 0 36 42 47 1 37 46 56 0 47 37 56
split_gain=539.767 467.785 379.695 373.433 277.455 191.745 191.635 179.2 191.385 178.3 177.635 156.349 120.838 113.9
threshold=72.500000000000014 64.716663360595717 23.750000000000004 13.050000190734865 9.1500000953674334 6.2092328071594247 152.50000000000003 40.500000000000007 0.25000000745058065 28.050000190734867 187.44999694824222 5.1784749031066903 86.500000000000014 101.59999847412111
decision_type=2 2 2 2 2 2 2 2 2 2 2 2 2 2
left_child=1 2 -1 5 9 6 12 -5 10 -4 13 -3 -2 -9
right_child=3 11 4 7 -6 -7 -8 8 -10 -11 -12 -13 -14 -15
leaf_value=0.0085511782213449072 0.0007701104144572674 0.013083368889950396 -0.0043043921575689403 -0.013664191629200396 -0.00467610851594321 -0.0070463637132677989 -0.00050419637612069139 -0.0029904326741656516 -0.0092257653091063537 0.001459060130841937 -0.01103277771917102 0.0048101014545431971 0.010403624670383735 0.0016514375070311644
leaf_weight=14409 2517 6848 10229 5342 24315 4677 7536 17452 12803 53740 2468 24352 5490 10177
leaf_count=14409 2517 6848 10229 5342 24315 4677 7536 17452 12803 53740 2468 24352 5490 10177
internal_value=0.000112544 0.00195907 0.000329835 -0.00349851 -0.000898702 0.00220465 0.00487527 -0.00588888 -0.00481123 0.000829569 -0.00263145 0.00731977 0.0102563 -0.0014807
internal_weight=202355 133893 102693 68462 88284 20220 15543 48242 42900 63969 30097 31200 8007 27629
internal_count=202355 133893 102693 68462 88284 20220 15543 48242 42900 63969 30097 31200 8007 27629
is_linear=0
shrinkage=0.05


Tree=41
num_leaves=15
num_cat=0
split_feature=45 0 36 48 0 57 0 0 57 47 26 0 40 18
split_gain=524.159 351.504 330.92 300.386 233.213 200.302 195.488 179.08 152.565 148.198 136.398 135.988 128.333 170.553
threshold=-1.4598052501678465 40.45000076293946 14.250000000000002 5.4500000476837167 102.54999923706056 71.816669464111342 28.44999980926514 158.09999847412112 47.016666412353523 5.5752775669097909 0.69974538683891307 19.250000000000004 986.95001220703136 28.650000572204593
decision_type=2 2 2 2 2 2 2 2 2 2 2 2 2 2
left_child=3 8 7 6 5 -4 -1 -3 11 -8 12 -2 -11 -14
right_child=1 2 4 -5 -6 -7 9 -9 -10 10 -12 -13 13 -15
leaf_value=0.0044864711582716611 0.017716031311819563 0.0099183335985471768 -0.00089691044038147565 -0.0079758055986606288 -0.0057537047216304153 0.0043772891057481641 0.0011110180178310629 -0.00014431406783759986 0.010565240927235695 -0.0047570504946426832 -0.0099304898435884619 0.0018631016756499707 0.002303040184699387 -0.011431707490005275
leaf_weight=11122 2956 9124 42916 16505 11395 14315 16985 4766 11804 19602 7682 17648 13442 1953
leaf_count=11122 2956 9124 42916 16505 11395 14315 16985 4766 11804 19602 7682 17648 13442 1953
internal_value=0.000105452 0.00232394 0.000590723 -0.00281526 -0.00083411 0.000466886 -0.00139838 0.0076259 0.00673546 -0.00253293 -0.00410469 0.00413554 -0.00277873 0.00063778
internal_weight=202215 114924 82516 87291 68626 57231 70786 13890 32408 59664 42679 20604 34997 15395
internal_count=202215 114924 82516 87291 68626 57231 70786 13890 32408 59664 42679 20604 34997 15395
is_linear=0
shrinkage=0.05


Tree=42
num_leaves=15
num_cat=0
split_feature=20 37 47 43 46 44 1 1 40 19 46 0 1 0
split_gain=498.746 357.416 331.575 261.99 260.048 265.521 193.184 181.519 207.93 144.914 135.758 133.55 133.106 123.124
threshold=23.349999427795414 42.500000000000007 8.7031755447387713 157.50000000000003 1.0000000180025095e-35 2.8941457271575932 109.54999923706056 182.75000000000003 986.64999389648449 34.649999618530281 19.349999427795414 64.40000152587892 83.000000000000014 29.750000000000004
decision_type=2 2 2 10 2 2 2 2 2 2 2 2 2 2
left_child=2 11 3 9 5 7 10 8 -3 -1 -6 -2 -7 -4
right_child=1 4 13 -5 6 12 -8 -9 -10 -11 -12 -13 -14 -15
leaf_value=0.019558132329015255 -0.0043938887152546267 1.1236349466856033e-05 0.0024281234807308955 0.0010589035939310993 -0.0010107912174393719 0.00048066852540839085 -0.012816040454072752 -0.0032873223242535689 0.0060111505778939409 0.0053838608011219057 -0.0086122074750558421 -0.011929898147944292 -0.0064486635619428858 -0.0039832081548238363
leaf_weight=4533 12585 13844 9024 29568 27800 9465 5621 4760 21389 28464 3823 6828 9606 15149
leaf_count=4533 12585 13844 9024 29568 27800 9465 5621 4760 21389 28464 3823 6828 9606 15149
internal_value=9.17424e-05 -0.00205671 0.00295799 0.00487934 -0.000808779 0.00125436 -0.0040801 0.00356911 0.00480734 0.0079415 -0.00255983 -0.00824409 -0.00359913 -0.00201485
internal_weight=202459 115721 86738 62565 96308 59064 37244 39993 35233 32997 31623 19413 19071 24173
internal_count=202459 115721 86738 62565 96308 59064 37244 39993 35233 32997 31623 19413 19071 24173
is_linear=0
shrinkage=0.05


Tree=43
num_leaves=15
num_cat=0
split_feature=1 57 57 1 19 37 56 1 19 13 46 45 57 1
split_gain=476.7 407.446 326.455 250.144 234.669 179.229 177.948 152.8 150.562 120.966 118.159 121.238 109.253 111.967
threshold=66.250000000000014 56.116666793823249 73.816669464111342 24.150000572204593 234.44999694824222 94.500000000000014 26.050000190734867 110.95000076293947 49.049999237060554 51.698215484619148 15.750000000000002 -3.6108697652816768 37.983333587646491 110.95000076293947
decision_type=2 2 2 2 2 2 2 2 2 2 2 2 2 2
left_child=1 3 12 -1 5 7 -5 -4 -3 -10 11 -8 -2 -14
right_child=2 8 4 6 -6 -7 10 -9 9 -11 -12 -13 13 -15
leaf_value=0.0062820986524072982 -0.013209876165739032 0.013229336385630876 0.0020485381392168003 -0.0057887453965589702 -0.0057508055409596836 0.0070928179409207913 -0.0026897256240023533 -0.0030794252212245211 -0.00095284568841886371 0.0050410316576368699 -0.0048434730630766967 0.0015191682653055323 -0.0033371345976090927 -0.010066861516665322
leaf_weight=14068 4661 7449 19401 11239 8248 5866 14467 14573 6812 25223 5752 38843 20177 4850
leaf_count=14068 4661 7449 19401 11239 8248 5866 14467 14573 6812 25223 5752 38843 20177 4850
internal_value=6.78192e-05 0.00199434 -0.0029999 3.22948e-05 -0.000454281 0.00113551 -0.0011858 -0.000258945 0.00618575 0.00469418 -8.80282e-05 0.000647037 -0.00712169 -0.0058084
internal_weight=201629 123853 77776 84369 48088 39840 70301 33974 39484 32035 59062 53310 29688 25027
internal_count=201629 123853 77776 84369 48088 39840 70301 33974 39484 32035 59062 53310 29688 25027
is_linear=0
shrinkage=0.05


Tree=44
num_leaves=15
num_cat=0
split_feature=44 46 20 36 1 37 1 40 1 37 38 37 38 45
split_gain=489.007 415.36 333.739 228.095 202.423 198.824 201.269 221.178 153.414 190.559 148.349 122.617 112.61 106.957
threshold=4.6685342788696298 3.0499999523162846 23.349999427795414 17.050000190734867 64.40000152587892 47.500000000000007 108.40000152587892 987.95001220703136 56.649999618530281 43.500000000000007 12.050000190734865 85.500000000000014 25.650000572204593 -0.72666779160499562
decision_type=2 2 2 2 2 2 2 2 2 2 2 2 2 2
left_child=1 2 3 -1 12 10 7 -7 9 -2 -4 -8 -3 -5
right_child=8 4 5 13 -6 6 11 -9 -10 -11 -12 -13 -14 -15
leaf_value=0.014176283610182285 -0.0057386236693358385 -0.0027486694511842818 -0.0085624185405500496 0.0012054455333712771 -0.010128015645200548 0.00084039389815185263 -0.0040010911531921031 0.0077587334563168856 -0.0076064956631737516 0.001867504635236969 0.00032964313311641959 0.0012933655525481412 0.0022990392426163325 0.0050587530613858643
leaf_weight=7514 9918 19612 7959 18719 8494 25960 11792 13875 17623 10689 7841 10110 7606 24657
leaf_count=7514 9918 19612 7959 18719 8494 25960 11792 13875 17623 10689 7841 10110 7606 24657
internal_value=3.32297e-05 0.00121947 0.0025458 0.00569155 -0.00354963 0.000480676 0.00176162 0.00387815 -0.00505884 -0.0021281 -0.00452245 -0.0020879 -0.0014452 0.00429632
internal_weight=202369 164139 128427 50890 35712 77537 61737 39835 38230 20607 15800 21902 27218 43376
internal_count=202369 164139 128427 50890 35712 77537 61737 39835 38230 20607 15800 21902 27218 43376
is_linear=0
shrinkage=0.05


Tree=45
num_leaves=15
num_cat=0
split_feature=51 42 19 0 53 45 44 0 53 0 53 38 46 48
split_gain=446.001 286.725 273.823 267.869 236.483 179.089 176.863 148.681 147.057 180.43 133.821 103.221 140.774 96.6148
threshold=0.37940952181816107 8.0500001907348651 41.500000000000007 136.19999694824222 0.36447542905807501 -2.5225141048431392 2.3411397933959965 65.799999237060561 0.94066718220710765 67.90000152587892 -0.73284119367599476 11.750000000000002 7.2500000000000009 2.3500000238418584
decision_type=2 2 2 2 2 2 2 2 2 2 2 2 2 2
left_child=1 3 -2 4 7 -4 -6 10 9 -7 -1 13 -13 -3
right_child=2 11 5 -5 6 8 -8 -9 -10 -11 -12 12 -14 -15
leaf_value=0.003153142302446578 0.011612731180130587 -0.0036242380219996964 -0.0013992335518332511 -0.0049191310809701327 0.007034912876519442 0.0043356478500613414 1.7764410295104117e-05 -0.0046542032235768905 0.0088606906610579732 -0.0012828982263650979 -0.0013157180216308952 -0.0008832656088037568 -0.009174325793802179 -0.011728902988300068
leaf_weight=13545 8926 5742 23309 11489 14909 24975 10845 10628 4951 13735 25222 19694 6709 7996
leaf_count=13545 8926 5742 23309 11489 14909 24975 10845 10628 4951 13735 25222 19694 6709 7996
internal_value=0.000100279 -0.00171446 0.0031315 -9.57899e-05 0.000991565 0.00203419 0.00487502 -0.0010338 0.00392308 0.00288352 0.000402945 -0.00520722 -0.00337618 -0.00872127
internal_weight=202675 126779 75896 86638 75149 66970 25754 49395 43661 38710 38767 40141 26403 13738
internal_count=202675 126779 75896 86638 75149 66970 25754 49395 43661 38710 38767 40141 26403 13738
is_linear=0
shrinkage=0.05


Tree=46
num_leaves=15
num_cat=0
split_feature=0 52 13 47 0 36 0 0 13 47 0 45 44 36
split_gain=428 334.135 297.037 243.506 246.635 258.837 199.747 158.158 206.267 142.493 139.633 116.301 113.536 111.986
threshold=42.199998855590827 0.57077592611312877 46.063095092773445 8.6640510559082049 187.44999694824222 13.050000190734865 14.750000000000002 104.90000152587892 55.283332824707038 3.6103807687759404 78.799999237060561 0.75206986069679271 2.8517501354217534 19.050000190734867
decision_type=2 2 2 2 2 2 2 2 2 2 2 2 2 2
left_child=2 3 6 4 5 9 -1 8 -7 -2 -3 -8 13 -10
right_child=1 10 -4 -5 -6 7 11 -9 12 -11 -12 -13 -14 -15
leaf_value=0.018577907748763545 0.010519698185157141 -0.00381919040625595 0.0063744902574028707 -0.0055402920796293331 -0.0053727711525553973 -0.0015717411805142537 -0.0021422177571897546 -0.0034050200247938314 0.00979146807397413 0.0033956567702117524 -0.010565670007113108 0.0026295436855280027 -0.00058674605123493 0.0027902581179683385
leaf_weight=2481 3808 21146 28275 12977 7568 23322 22625 14073 4530 13060 8444 11939 9340 18715
leaf_count=2481 3808 21146 28275 12977 7568 23322 22625 14073 4530 13060 8444 11939 9340 18715
internal_value=0.00010244 -0.00148566 0.00343257 -0.000189241 0.000693665 0.00144834 0.000486439 0.000107873 0.00130059 0.00700616 -0.00618919 -0.00049893 0.00386946 0.00573963
internal_weight=202303 136983 65320 107393 94416 86848 37045 69980 55907 16868 29590 34564 32585 23245
internal_count=202303 136983 65320 107393 94416 86848 37045 69980 55907 16868 29590 34564 32585 23245
is_linear=0
shrinkage=0.05


Tree=47
num_leaves=15
num_cat=0
split_feature=44 46 45 0 19 36 39 36 0 37 37 19 38 0
split_gain=433.466 367.865 264.717 228.877 209.948 174.828 161.381 157.063 152.461 194.227 142.542 153.897 111.738 106.77
threshold=4.3315978050231942 1.0500000119209292 -1.4235659241676328 70.40000152587892 76.700000762939467 19.349999427795414 1.0000000180025095e-35 13.650000095367433 82.549999237060561 47.500000000000007 63.500000000000007 157.1499938964844 25.650000572204593 105.79999923706056
decision_type=2 2 2 2 2 2 2 2 2 2 2 2 2 2
left_child=1 2 10 6 5 -4 12 -6 9 -2 -1 -12 -3 -9
right_child=8 3 4 -5 7 -7 -8 13 -10 -11 11 -13 -14 -15
leaf_value=-0.0025264469505396569 -0.0056329397568117279 -0.00045665613397300972 0.017393141222491647 -0.008389792578516183 0.0059332972783419733 0.0054907448229003552 -0.0050029888822655747 0.0018660992898668059 -0.0089664937879393846 0.0009277917665373004 0.0046390825357115863 -0.0022775295095154684 0.0038685617947339353 -0.0026498907661348953
leaf_weight=22622 14461 22262 4560 10518 8900 19927 9573 23888 10813 15895 15499 7176 8051 8174
leaf_count=22622 14461 22262 4560 10518 8900 19927 9573 23888 10813 15895 15499 7176 8051 8174
internal_value=9.47714e-05 0.00126458 0.00287614 -0.00227615 0.00490956 0.00857146 -0.000545167 0.00271893 -0.00448347 -0.00266581 -6.23524e-05 0.00273859 0.00124246 0.00108662
internal_weight=202319 161150 110746 50404 65449 24487 39886 40962 41169 30356 45297 22675 30313 32062
internal_count=202319 161150 110746 50404 65449 24487 39886 40962 41169 30356 45297 22675 30313 32062
is_linear=0
shrinkage=0.05


Tree=48
num_leaves=15
num_cat=0
split_feature=0 52 47 0 53 44 0 57 46 53 13 0 56 56
split_gain=414.274 360.102 283.183 295.449 345.955 388.794 180.987 176.7 163.848 140.649 154.154 136.863 133.996 126.068
threshold=32.750000000000007 0.65233618021011364 8.1023530960083026 136.19999694824222 0.36447542905807501 1.4546316862106325 86.250000000000014 41.483333587646491 7.2500000000000009 -0.94703993201255787 39.635417938232429 14.750000000000002 125.50000000000001 30.44999980926514
decision_type=2 2 2 2 2 2 2 2 2 2 2 2 2 2
left_child=7 2 3 4 6 -6 9 11 -4 -2 -11 -1 -5 -3
right_child=1 13 8 12 5 -7 -8 -9 -10 10 -12 -13 -14 -15
leaf_value=0.017137172506376183 0.0044720993411788744 -0.011260797806700432 -0.0014838349242309466 -0.007499523358910215 0.0091360296541582696 0.00088856677961597912 -0.0057182473741217215 0.0086236648008259555 -0.0093981195395745412 -0.0059935343486251539 0.00071811306348642948 0.00064160541851735408 -0.00084613116188757363 -0.0035359560700044253
leaf_weight=2573 9964 6584 17910 6137 16856 15639 6069 14090 7063 4802 31742 20915 13244 28658
leaf_count=2573 9964 6584 17910 6137 16856 15639 6069 14090 7063 4802 31742 20915 13244 28658
internal_value=0.000118909 -0.000962181 0.000258043 0.00140169 0.00267095 0.00672589 0.000164014 0.00485527 -0.00452408 0.00122426 -0.000212015 0.00219806 -0.00416817 -0.00544224
internal_weight=202246 164668 129426 104453 85072 32495 52577 37578 24973 46508 36544 23488 19381 35242
internal_count=202246 164668 129426 104453 85072 32495 52577 37578 24973 46508 36544 23488 19381 35242
is_linear=0
shrinkage=0.05


Tree=49
num_leaves=15
num_cat=0
split_feature=45 43 43 0 19 37 19 53 37 36 1 0 1 37
split_gain=403.117 255.185 243.357 208.625 182.056 147.775 140.406 193.309 136.76 112.371 159.616 111.234 109.82 109.675
threshold=-0.72666779160499562 222.50000000000003 62.500000000000007 104.90000152587892 39.850000381469734 25.500000000000004 68.349998474121108 0.13185577094554904 71.500000000000014 13.650000095367433 73.90000152587892 123.15000152587892 84.40000152587892 63.500000000000007
decision_type=2 10 10 2 2 2 2 2 2 2 2 2 2 2
left_child=2 4 6 5 -2 -4 7 -1 12 11 -11 -6 -3 -8
right_child=1 8 3 -5 9 -7 13 -9 -10 10 -12 -13 -14 -15
leaf_value=3.6102185267622432e-05 0.013984500071451661 0.0019078123329392947 -0.010420511548849343 -0.010175253843339194 0.011911615335422603 -0.0015378511496949494 -0.005736718738230377 0.010621689057250907 -0.0038605869736887907 0.0032957263101807579 -0.0016278607405734759 0.0020302351480169785 -0.0039130293252837567 0.00027931455034857776
leaf_weight=9061 5409 24434 5375 9861 4927 42461 6845 5825 12376 30896 12364 5570 5901 21351
leaf_count=9061 5409 24434 5375 9861 4927 42461 6845 5825 12376 30896 12364 5570 5901 21351
internal_value=0.000100658 0.0023185 -0.00214135 -0.00426421 0.00444437 -0.00289784 0.000701986 0.00462876 -0.000626741 0.00356306 0.00243587 0.00820168 0.00118059 -0.00137205
internal_weight=202656 101877 100779 57697 59166 47836 43082 14886 42711 53757 43260 10497 30335 28196
internal_count=202656 101877 100779 57697 59166 47836 43082 14886 42711 53757 43260 10497 30335 28196
is_linear=0
shrinkage=0.05


Tree=50
num_leaves=15
num_cat=0
split_feature=0 37 46 1 13 44 37 13 0 47 26 14 27 52
split_gain=361.362 372.327 311.319 271.068 305.821 250.94 202.266 167.826 157.051 132.873 178.026 121.125 118.473 111.4
threshold=32.750000000000007 42.500000000000007 5.7500000000000009 107.20000076293947 68.262199401855483 1.4546316862106325 85.500000000000014 45.426189422607429 13.750000000000002 4.9132456779479989 0.69614434242248546 15.712870597839357 23.650000572204593 -0.70291268825530995
decision_type=2 2 2 2 2 2 2 2 2 2 2 2 2 2
left_child=7 12 3 4 9 -6 13 8 -1 -3 -11 -4 -2 -5
right_child=1 2 11 6 5 -7 -8 -9 -10 10 -12 -13 -14 -15
leaf_value=0.021805955944799445 -0.01050583283853939 0.0036566807517520259 -0.002000889346837933 0.00024210781232668138 0.0078740666030849525 0.0010949061629228374 0.0011356806504151371 0.0081526890210973941 0.00053454614369637804 0.0003988773082299644 -0.0061813466309102562 -0.0089011830029605468 -0.0032932912161162484 -0.0067064916640127321
leaf_weight=1953 9130 10231 15015 4443 19024 14537 12797 13956 21622 34558 8238 7690 15673 13124
leaf_count=1953 9130 10231 15015 4443 19024 14537 12797 13956 21622 34558 8238 7690 15673 13124
internal_value=8.00739e-05 -0.000930261 7.24939e-05 0.00111275 0.00253816 0.00627253 -0.00295154 0.00450641 0.00193237 0.000173935 -0.00105009 -0.00528395 -0.00657417 -0.00643312
internal_weight=201991 164460 139657 116952 86588 33561 30364 37531 23575 53027 42796 22705 24803 17567
internal_count=201991 164460 139657 116952 86588 33561 30364 37531 23575 53027 42796 22705 24803 17567
is_linear=0
shrinkage=0.05


Tree=51
num_leaves=15
num_cat=0
split_feature=18 43 37 1 47 26 47 1 24 27 13 54 53 49
split_gain=336.29 342.382 213.362 239.629 200.283 156.211 179.551 144.398 138.249 126.912 122.077 107.347 104.101 102.922
threshold=29.250000000000004 37.500000000000007 30.500000000000004 27.849999427795414 8.1606602668762225 0.70897960662841808 4.7173163890838632 96.500000000000014 12.500000000000002 23.94999980926514 39.147619247436531 7.5000000000000009 -0.97874867916107167 -422.49999999999994
decision_type=2 8 2 2 2 2 2 2 2 2 2 2 2 10
left_child=1 8 9 -4 5 10 7 -7 13 -3 -5 -6 -8 -1
right_child=-2 2 3 4 11 6 12 -9 -10 -11 -12 -13 -14 -15
leaf_value=0.014705112872079136 -0.0048011404236702254 -0.014094077463270982 0.0057195754879281113 -0.0027694672368821791 -0.0014478440749621389 0.0049063462072353363 0.0083144623874213015 -0.003052838698622413 0.00011423485335892922 -0.002594742796304542 0.0023511288070542031 -0.0063183929455256473 -0.0051130199030601613 0.0047466332662785705
leaf_weight=3807 21218 3615 16633 6367 24604 8965 1178 5467 7250 13222 49891 9593 15687 15516
leaf_count=3807 21218 3615 16633 6367 24604 8965 1178 5467 7250 13222 49891 9593 15687 15516
internal_value=7.37601e-05 0.000769093 -0.000128839 0.000517902 -0.00025131 0.0010161 -0.00181509 0.00227808 0.0060123 -0.00544162 0.00259117 -0.00349563 -0.00531704 0.0082204
internal_weight=203013 181795 155222 138385 121752 87555 31297 14432 26573 16837 56258 34197 16865 19323
internal_count=203013 181795 155222 138385 121752 87555 31297 14432 26573 16837 56258 34197 16865 19323
is_linear=0
shrinkage=0.05


Tree=52
num_leaves=15
num_cat=0
split_feature=45 39 0 17 13 0 0 48 0 57 19 37 57 18
split_gain=353.364 243.832 249.209 205.933 187.332 202.347 127.442 125.17 101.641 113.513 94.7302 91.7777 87.9295 83.1672
threshold=-1.4496933221817014 1.0000000180025095e-35 40.45000076293946 -6.4500000476837149 66.394943237304702 123.15000152587892 63.449998855590827 7.0499999523162851 18.349999427795414 53.783332824707038 41.500000000000007 68.500000000000014 152.18333435058597 28.650000572204593
decision_type=2 2 2 2 2 2 2 2 2 2 2 2 2 2
left_child=3 2 8 10 6 11 -4 13 -2 -10 -1 -6 -7 -5
right_child=1 -3 4 7 5 12 -8 -9 9 -11 -12 -13 -14 -15
leaf_value=0.006097205941184577 0.018739086662064884 -0.004573416334733911 0.00076501130019512452 -0.0018629940428657983 0.00247178640349624 -0.0029272004318996393 -0.0034402866276566631 -0.0089034620965676766 0.0026903274445821239 0.0094469499526102455 -0.00046097447377511859 0.0071829565104469337 0.002303283214609739 -0.0068410745844876197
leaf_weight=6228 2884 9838 24822 38332 10148 7654 16268 8752 18588 7291 28559 11957 5157 6149
leaf_count=6228 2884 9838 24822 38332 10148 7654 16268 8752 18588 7291 28559 11957 5157 6149
internal_value=3.66419e-05 0.00186643 0.00257327 -0.00234579 0.0010728 0.0037651 -0.00121533 -0.00430057 0.00653651 0.00554 0.000645889 0.00666177 -0.0012343 -0.00322369
internal_weight=202627 114607 104769 88020 76006 34916 41090 53233 28763 25879 34787 22105 12811 44481
internal_count=202627 114607 104769 88020 76006 34916 41090 53233 28763 25879 34787 22105 12811 44481
is_linear=0
shrinkage=0.05


Tree=53
num_leaves=15
num_cat=0
split_feature=44 31 19 47 20 36 26 37 26 24 41 53 19 53
split_gain=338.885 337.436 184.699 209.171 186.985 176.997 149.938 139.597 137.007 148.528 127.37 124.498 115.982 115.091
threshold=4.3315978050231942 4.6710188388824472 215.35000610351565 3.7862852811813359 33.149999618530281 18.849999427795414 0.78938215970993053 64.500000000000014 0.70897960662841808 17.500000000000004 30.500000000000004 -0.50557503104209889 118.84999847412111 0.42763730883598333
decision_type=2 2 2 2 2 2 2 2 2 2 2 2 2 2
left_child=1 2 3 7 10 -3 13 -1 9 12 -5 -11 -2 -6
right_child=8 5 -4 4 6 -7 -8 -9 -10 11 -12 -13 -14 -15
leaf_value=-0.00080590642058574408 0.0024742712536500754 0.0097291439527200166 -0.0040323642049608114 0.0026004100854462088 -0.0017507463557879786 0.0023561927316962023 -0.0059257297642391592 0.0063112547498694717 -0.0084414426224166568 -0.00094169910316414189 -0.00099988950698317453 -0.0098655286673874354 -0.0040414213332105944 0.003476718654118477
leaf_weight=4230 11902 9948 12133 39499 23329 16437 13792 10026 9478 6137 24192 6920 6503 7649
leaf_count=4230 11902 9948 12133 39499 23329 16437 13792 10026 9478 6137 24192 6920 6503 7649
internal_value=9.60754e-05 0.00112763 0.000115676 0.000697687 -5.09353e-05 0.00629759 -0.0025268 0.00638932 -0.00396581 -0.00237672 0.00168953 -0.00645328 0.000517241 -0.000595392
internal_weight=202175 161235 134850 122717 108461 26385 44770 14256 40940 31462 63691 13057 18405 30978
internal_count=202175 161235 134850 122717 108461 26385 44770 14256 40940 31462 63691 13057 18405 30978
is_linear=0
shrinkage=0.05


Tree=54
num_leaves=15
num_cat=0
split_feature=42 26 31 20 18 47 36 47 26 53 47 57 10 53
split_gain=320.123 208.985 198.248 150.533 149.922 149.911 139.719 124.997 184.523 103.662 94.3523 89.3153 87.5207 83.8055
threshold=6.6499998569488534 0.87611177563667308 5.0572082996368417 23.349999427795414 40.149999618530281 9.5202274322509783 20.050000190734867 3.1086336374282841 0.75628590583801281 -0.94703993201255787 4.9132456779479989 34.516666412353523 62.716667175292976 0.36447542905807501
decision_type=2 2 2 2 2 2 2 2 2 2 2 2 2 2
left_child=2 4 3 10 5 9 -4 -5 13 -2 -1 -11 -10 -9
right_child=1 -3 6 7 -6 -7 -8 8 12 11 -12 -13 -14 -15
leaf_value=0.0061070194802377966 0.0044575755502983278 -0.0096500413177405108 0.010372778271947698 0.0040344062878120424 -0.0091585958164146723 -0.0035619479954556196 0.0021071899404669298 -0.00061924540237768416 -0.00050407133343816914 -0.0035517950067492383 0.0014546895044640963 0.00063437955294908227 -0.0052849919925971921 0.0030065167491111558
leaf_weight=9257 7114 10322 7641 6626 3951 20551 8768 18007 7803 10459 26218 40423 14241 10987
leaf_count=9257 7114 10322 7641 6626 3951 20551 8768 18007 7803 10459 26218 40423 14241 10987
internal_value=7.58482e-05 -0.00208446 0.0019063 0.00101316 -0.00124473 -0.000766004 0.00697211 -0.000563512 -0.0014026 0.000534427 0.00357545 -0.000256425 -0.00484946 0.0012188
internal_weight=202368 92820 109548 93139 82498 78547 16409 57664 51038 57996 35475 50882 22044 28994
internal_count=202368 92820 109548 93139 82498 78547 16409 57664 51038 57996 35475 50882 22044 28994
is_linear=0
shrinkage=0.05


Tree=55
num_leaves=15
num_cat=0
split_feature=51 47 1 36 38 1 46 28 26 47 13 49 1 53
split_gain=338.487 211.985 200.999 295.994 205.726 197.308 185.718 120.291 109.48 145.247 98.8714 97.8602 93.3632 92.5517
threshold=0.37940952181816107 4.8485281467437753 109.54999923706056 17.250000000000004 9.1500000953674334 49.750000000000007 19.349999427795414 36.500000000000007 0.75628590583801281 8.7430500984191912 41.716072082519538 -66.874999999999986 48.600000381469734 0.75438815355300914
decision_type=2 2 2 2 2 2 2 2 2 2 2 10 2 2
left_child=2 11 3 -1 13 -3 7 -6 9 -7 -9 -2 -12 -5
right_child=1 5 -4 4 6 8 -8 10 -10 -11 12 -13 -14 -15
leaf_value=0.0054460069477924094 0.0088861431487984727 0.0037830341453022002 -0.0042972500942162649 -0.0099945957985668448 0.0037072313774320245 0.0015204800022886186 -0.0073734150504972205 -0.003406882334035505 -0.0062664526071977509 -0.006042225392197835 0.0020018382453796091 0.0027580922622182018 -0.0011604933649808969 0.00087717134616629999
leaf_weight=13799 7258 28811 20477 8956 11456 19554 5673 13783 5542 5644 18980 8892 31201 2453
leaf_count=13799 7258 28811 20477 8956 11456 19554 5673 13783 5542 5644 18980 8892 31201 2453
internal_value=8.50663e-05 0.00273045 -0.00149462 -0.000620585 -0.00163979 0.00135198 -0.000754904 -9.81042e-05 -0.00143415 -3.37195e-05 -0.000943352 0.00780941 8.7167e-05 -0.0079232
internal_weight=202479 75701 126778 106301 92502 59551 81093 75420 30740 25198 63964 16150 50181 11409
internal_count=202479 75701 126778 106301 92502 59551 81093 75420 30740 25198 63964 16150 50181 11409
is_linear=0
shrinkage=0.05


Tree=56
num_leaves=15
num_cat=0
split_feature=45 46 17 36 1 0 19 0 57 44 43 0 43 53
split_gain=313.914 222.023 202.337 172.035 189.686 187.062 109.16 108.941 117.81 102.573 78.2442 76.1888 73.8756 69.7154
threshold=-0.72666779160499562 5.3500001430511483 -6.4500000476837149 16.849999427795414 73.90000152587892 102.54999923706056 36.95000076293946 22.349999427795414 71.816669464111342 5.1857576370239267 37.500000000000007 70.90000152587892 77.500000000000014 -0.97874867916107167
decision_type=2 2 2 2 2 2 2 2 2 2 10 2 10 2
left_child=2 3 6 5 7 -2 -1 -5 13 12 -8 -3 -4 -9
right_child=1 11 9 4 -6 -7 10 8 -10 -11 -12 -13 -14 -15
leaf_value=0.0077605391105330102 0.011778928013419454 -0.0010354585457972825 -0.00037191172572066737 0.012307572230047976 -0.0018078891264553644 0.0017455538836141393 0.0027625978225808995 0.0049976828905902984 0.0065588216831116075 -0.0065335739167240092 -0.0014168733966252569 -0.0092815419616508466 -0.0037047200722794106 0.00071287823512182632
leaf_weight=5433 7216 14915 22944 4223 16931 8946 10092 4677 7406 13314 24374 3140 24758 34149
leaf_count=5433 7216 14915 22944 4223 16931 8946 10092 4677 7406 13314 24374 3140 24758 34149
internal_value=9.92455e-05 0.00206101 -0.0018759 0.00314751 0.00203573 0.00777888 0.000892656 0.00357228 0.0028686 -0.00368613 -0.000146479 -0.00296568 -0.00260207 0.00176511
internal_weight=202518 101603 100915 83548 67386 16162 39899 50455 46232 61016 34466 18055 47702 38826
internal_count=202518 101603 100915 83548 67386 16162 39899 50455 46232 61016 34466 18055 47702 38826
is_linear=0
shrinkage=0.05


Tree=57
num_leaves=15
num_cat=0
split_feature=51 43 42 3 26 40 3 36 36 48 17 33 37 52
split_gain=302.845 223.245 187.049 155.581 151.275 141.171 114.732 168.295 111.202 94.6649 92.5478 97.3617 118.18 91.3771
threshold=0.37940952181816107 25.02689361572266 5.1499998569488534 73.200000762939467 0.75628590583801281 984.45001220703136 139.00000000000003 20.050000190734867 27.650000572204593 7.1499998569488534 36.250000000000007 1.1500000357627871 20.500000000000004 0.99168354272842418
decision_type=2 10 2 2 2 2 2 2 2 2 2 2 2 2
left_child=2 5 6 8 10 -2 7 -1 -3 -6 11 12 -4 -14
right_child=1 3 4 -5 9 -7 -8 -9 -10 -11 -12 -13 13 -15
leaf_value=0.0053187059024539796 0.0012696776128353544 0.0003807866257542758 -0.0068925439924412777 -0.0026413118459171925 -0.0052019025117743898 0.0074049491464641048 -0.0029779151499364832 5.112346738687379e-05 0.0044870875348156092 -0.014680015631873862 -0.0062663968864143981 -0.00396774954216001 0.00079476060247005782 -0.0076625848878496749
leaf_weight=10798 8334 23601 4098 16433 12128 13948 7446 30520 13633 3382 5104 13018 38152 1693
leaf_count=10798 8334 23601 4098 16433 12128 13948 7446 30520 13633 3382 5104 13018 38152 1693
internal_value=1.45824e-05 0.00250958 -0.00148537 0.000762431 -0.00301057 0.00671541 0.000941075 0.00197082 0.00255075 -0.0074259 -0.00190616 -0.00132743 -0.00020192 0.00063041
internal_weight=202288 75949 126339 53667 77575 22282 48764 41318 37234 15510 62065 56961 43943 39845
internal_count=202288 75949 126339 53667 77575 22282 48764 41318 37234 15510 62065 56961 43943 39845
is_linear=0
shrinkage=0.05


Tree=58
num_leaves=15
num_cat=0
split_feature=19 52 47 46 37 1 57 1 26 19 1 37 57 40
split_gain=294.344 274.297 209.877 208.907 195.402 176.714 160.591 167.386 145.188 123.362 117.091 119.5 109.907 107.611
threshold=60.899999618530281 0.57077592611312877 5.2563300132751474 7.6499998569488534 54.500000000000007 182.75000000000003 154.68333435058597 91.599998474121108 0.69904670119285595 21.550000190734867 74.40000152587892 44.500000000000007 73.816669464111342 987.75000000000011
decision_type=2 2 2 2 2 2 2 2 2 2 2 2 2 2
left_child=2 3 4 5 -1 6 7 12 13 -10 11 -3 -2 -4
right_child=1 10 8 -5 -6 -7 -8 -9 9 -11 -12 -13 -14 -15
leaf_value=-0.00059958085119459772 0.00061424785433588649 -0.0067975385712045651 0.0017724279255870779 -0.0044095599525883393 0.010584867720101141 -0.0039156967647468715 0.0055872307943901686 -0.0018154155468699086 0.010022208290172752 -0.0034698952769363026 -0.0086265901001549138 -0.000217072431935025 0.0042567361298954569 0.0095955007216966624
leaf_weight=3779 40047 10062 26126 12299 8780 8104 7805 23937 2230 13842 9162 14572 17551 4293
leaf_count=3779 40047 10062 26126 12299 8780 8104 7805 23937 2230 13842 9162 14572 17551 4293
internal_value=0.000149433 -0.00107298 0.00312056 0.000140087 0.00885313 0.000915304 0.0015568 0.000900423 0.0015704 -0.00227273 -0.00501094 -0.00321376 0.00236078 0.00360101
internal_weight=202589 143539 59050 109743 12559 97444 89340 81535 46491 16072 33796 24634 57598 30419
internal_count=202589 143539 59050 109743 12559 97444 89340 81535 46491 16072 33796 24634 57598 30419
is_linear=0
shrinkage=0.05


Tree=59
num_leaves=15
num_cat=0
split_feature=44 31 17 53 0 13 10 37 54 26 52 24 14 10
split_gain=278.343 261.642 161.101 154.663 146.401 135.367 129.375 119.778 134.152 114.482 103.572 98.1013 91.9249 91.7346
threshold=4.3315978050231942 4.6710188388824472 -28.150000572204586 0.67007490992546093 38.45000076293946 54.235713958740241 71.14166641235353 56.500000000000007 8.5000000000000018 0.72713336348533641 0.52766072750091564 12.500000000000002 16.064064979553226 214.6166687011719
decision_type=2 2 2 2 2 2 2 2 2 2 2 2 2 2
left_child=1 2 -1 -3 -4 12 -7 9 -9 11 13 -2 -6 -8
right_child=7 3 4 -5 5 6 10 8 -10 -11 -12 -13 -14 -15
leaf_value=0.0036390539039186324 0.00041468639451053421 0.0022112940503562495 0.0021170791653720824 0.0090684406951162533 -0.001768394748169394 0.0020079988316160833 -0.00011832249190908383 0.0024293660133681847 -0.004095320944927843 -0.012042378530535223 -0.0070717261615784637 -0.0055733699375454977 -0.0065201132955851841 -0.0074061029625876297
leaf_weight=17763 6600 17741 28353 8669 23397 22483 26962 9812 9446 4794 4145 10444 9504 1957
leaf_count=17763 6600 17741 28353 8669 23397 22483 26962 9812 9446 4794 4145 10444 9504 1957
internal_value=0.000130146 0.00106781 0.000174625 0.00561696 -0.000500167 -0.00150241 3.14992e-06 -0.00354206 -0.000666909 -0.00607607 -0.00198645 -0.00415152 -0.00404348 -0.000925542
internal_weight=202070 160974 134564 26410 116801 88448 55547 41096 19258 21838 33064 17044 32901 28919
internal_count=202070 160974 134564 26410 116801 88448 55547 41096 19258 21838 33064 17044 32901 28919
is_linear=0
shrinkage=0.05


Tree=60
num_leaves=15
num_cat=0
split_feature=0 37 47 53 53 0 53 0 0 26 26 47 53 37
split_gain=278.187 265.914 253.78 207.874 199.716 154.353 178.274 154.048 131.009 128.63 123.968 142.005 138.4 118.276
threshold=42.199998855590827 38.500000000000007 7.0467376708984384 0.36447542905807501 -0.73284119367599476 197.6499938964844 0.94636487960815441 13.750000000000002 105.79999923706056 0.82851165533065807 0.75628590583801281 4.5558481216430673 0.33222858607769018 36.500000000000007
decision_type=2 2 2 2 2 2 2 2 2 2 2 2 2 2
left_child=3 -2 5 4 -1 6 10 -6 -8 -4 12 -12 -3 -9
right_child=1 2 9 -5 7 -7 8 13 -10 -11 11 -13 -14 -15
leaf_value=0.0042807023832491745 -0.0068705058272819676 0.00010080837061994648 -0.0021756090575315648 0.009578316890557494 0.016446447629934854 -0.0040075642345224543 0.011302513125472159 -0.0054583383033953575 0.0022782511307188683 -0.01235319611897249 0.00078618654262067671 -0.0051279447086144993 0.004727466098351325 0.00028969339299448059
leaf_weight=18543 13268 23885 39650 8510 1764 5820 4186 8122 9487 3044 13922 11124 13044 28144
leaf_count=18543 13268 23885 39650 8510 1764 5820 4186 8122 9487 3044 13922 11124 13044 28144
internal_value=4.38222e-05 -0.00123145 -0.000512193 0.00273647 0.00163963 0.00112423 0.00172817 -0.000435068 0.00689359 -0.00363432 0.000587642 -0.00212723 0.002429 -0.00113849
internal_weight=202513 137430 124162 65083 56573 81468 75648 38030 13673 42694 61975 25046 36929 36266
internal_count=202513 137430 124162 65083 56573 81468 75648 38030 13673 42694 61975 25046 36929 36266
is_linear=0
shrinkage=0.05


Tree=61
num_leaves=15
num_cat=0
split_feature=51 43 0 42 0 36 53 28 47 36 47 56 53 56
split_gain=269.155 201.494 178.935 168.41 157.026 192.337 150.461 111.818 111.581 119.886 93.862 86.4174 98.4882 82.4587
threshold=0.37940952181816107 25.02689361572266 81.15000152587892 8.0500001907348651 82.549999237060561 17.650000572204593 0.11478523537516595 63.500000000000007 5.1784749031066903 26.94999980926514 3.3209429979324345 35.649999618530281 -0.50557503104209889 47.750000000000007
decision_type=2 10 2 2 2 2 2 2 2 2 2 2 2 2
left_child=3 6 8 4 5 -1 -2 -5 -3 -10 -4 12 -7 -6
right_child=1 2 10 7 13 11 -8 -9 9 -11 -12 -13 -14 -15
leaf_value=0.0077469077429162649 0.00079718970241761649 0.0060265183696538412 0.0046762204756264627 -0.0011685902937059762 -0.0083889938068062945 0.001487600812061618 0.0066765952787612012 -0.0053882748078589535 -0.0010040194307695761 0.0034266022267098041 -0.0044548145722181996 0.0013027936389601676 -0.0041356489566259898 -0.0015256189051393631
leaf_weight=7624 8004 7101 1207 20897 3039 7652 14391 19087 18848 14245 12118 32627 11426 24138
leaf_count=7624 8004 7101 1207 20897 3039 7652 14391 19087 18848 14245 12118 32627 11426 24138
internal_value=0.000104983 0.00245838 0.000791627 -0.00130751 -6.70396e-05 0.00137473 0.00643941 -0.0039906 0.00245622 0.00123478 -0.0042276 0.000280866 -0.00239155 -0.00321385
internal_weight=202404 75914 53519 126490 86506 59329 22395 39984 40194 33093 13325 51705 19078 27177
internal_count=202404 75914 53519 126490 86506 59329 22395 39984 40194 33093 13325 51705 19078 27177
is_linear=0
shrinkage=0.05


Tree=62
num_leaves=15
num_cat=0
split_feature=0 37 46 0 13 44 13 0 37 38 53 53 11 13
split_gain=261.709 254.547 207.653 163.606 240.048 176.192 158.95 146.675 132.325 125.62 103.604 100.009 119.842 89.9305
threshold=37.549999237060554 40.500000000000007 5.7500000000000009 104.90000152587892 69.218452453613295 1.4546316862106325 45.240177154541023 13.750000000000002 85.500000000000014 12.449999809265138 -0.50557503104209889 -0.21022038161754605 84.862499237060561 44.479465484619148
decision_type=2 2 2 2 2 2 2 2 2 2 2 2 2 2
left_child=6 9 3 4 13 -6 7 -1 -5 -2 -9 12 -4 -3
right_child=1 2 11 8 5 -7 -8 10 -10 -11 -12 -13 -14 -15
leaf_value=0.018389208443028372 -0.0093056492599203466 -0.003308363627547994 -0.0012617461996182397 -0.0037070735171772355 0.0064863776588556903 0.00077987087573393741 0.0053251696351728356 0.0023156832038683912 0.00077819811657429516 -0.0011821466746567589 -0.0023338735107255788 -0.0087309589583942967 -0.022998673281999261 0.00061474835068797001
leaf_weight=1900 10705 11948 14362 19210 17071 13652 21545 11994 13448 7802 16310 4926 834 36568
leaf_count=1900 10705 11948 14362 19210 17071 13652 21545 11994 13448 7802 16310 4926 834 36568
internal_value=5.17834e-05 -0.00100275 -0.000232714 0.000608318 0.00183567 0.00529317 0.00311878 0.000777785 -0.00236929 -0.00649268 -0.000127146 -0.00490761 -0.00289688 -0.000354449
internal_weight=202275 150526 132019 111897 79239 30723 51749 30204 32658 18507 28304 20122 15196 48516
internal_count=202275 150526 132019 111897 79239 30723 51749 30204 32658 18507 28304 20122 15196 48516
is_linear=0
shrinkage=0.05


Tree=63
num_leaves=15
num_cat=0
split_feature=45 0 40 37 28 0 41 48 52 0 47 24 38 53
split_gain=256.409 199.374 169.989 136.145 187.928 134.657 124.371 119.333 118.662 77.4058 97.7158 76.8043 75.2426 71.2572
threshold=-1.4496933221817014 23.750000000000004 986.85000610351574 35.500000000000007 60.500000000000007 86.950000762939467 28.500000000000004 -4.2499999999999991 -0.71504372358322132 197.6499938964844 7.9788675308227548 17.500000000000004 8.6500000953674334 -0.69676771759986866
decision_type=2 2 2 2 2 2 2 2 2 2 2 2 2 2
left_child=3 -2 5 12 11 6 13 -4 -8 10 -6 -5 -1 -3
right_child=1 2 7 4 9 -7 8 -9 -10 -11 -12 -13 -14 -15
leaf_value=-0.010061114873734157 0.0095241379348103353 0.0028395431937389471 0.0078850167085572406 0.0044006706215578345 -0.00066156947448745224 -0.004269537164917553 -0.0080520541148345736 0.0018157089175350515 -0.00043810925213305792 -0.0075336085232978025 -0.0048212307460775115 -0.00047814237518223183 -0.0021598723212531996 0.0002695088401861244
leaf_weight=7070 7710 19049 6590 13841 32498 9107 4450 24698 17854 2749 12866 11012 8070 24923
leaf_count=7070 7710 19049 6590 13841 32498 9107 4450 24698 17854 2749 12866 11012 8070 24923
internal_value=9.61743e-05 0.00165769 0.00109602 -0.00193098 -0.00103527 -0.000190004 0.00059364 0.00419356 -0.00244689 -0.00285882 -0.00236369 0.00249467 -0.00624422 0.0021361
internal_weight=202487 114381 106671 88106 72966 75383 66276 31288 22304 48113 45364 24853 15140 43972
internal_count=202487 114381 106671 88106 72966 75383 66276 31288 22304 48113 45364 24853 15140 43972
is_linear=0
shrinkage=0.05


Tree=64
num_leaves=15
num_cat=0
split_feature=42 19 28 37 47 26 37 31 47 26 50 19 40 48
split_gain=244.836 197.747 193.131 160.54 152.969 150.656 142.293 120.166 118.202 142.407 90.8912 90.3329 89.5418 87.9463
threshold=6.6499998569488534 30.550000190734867 49.500000000000007 20.500000000000004 8.5161728858947772 0.74785310029983532 44.500000000000007 5.0572082996368417 3.5630033016204838 0.69974538683891307 0.91597560048103344 237.25000000000003 988.85000610351574 -1.8499999642372129
decision_type=2 2 2 2 2 2 2 2 2 2 2 2 2 2
left_child=1 -1 3 -2 5 11 -3 8 13 10 -10 -4 -9 -8
right_child=2 6 4 -5 -6 -7 7 12 9 -11 -12 -13 -14 -15
leaf_value=0.011905711993534785 -0.0062582467582256805 -0.0025283101949727079 0.00045695800766489339 0.0026500813671521228 -0.0053032765375917298 -0.0068547731975894368 0.0075041563823287629 0.0019348329819842303 0.002048983054113487 -0.001936754507418019 -0.002556545722768604 -0.0071902384717736608 0.0083706395693892884 0.0014563059515396992
leaf_weight=5320 4533 15537 31498 24689 20352 9565 4604 6355 34583 23083 6097 2319 5490 8125
leaf_count=5320 4533 15537 31498 24689 20352 9565 4604 6355 34583 23083 6097 2319 5490 8125
internal_value=9.91789e-05 0.00170461 -0.00178667 0.00157875 -0.00332973 -0.00165123 0.00122252 0.00199865 0.00127252 0.000393976 0.00217375 -8.35132e-05 0.00668283 0.0056696
internal_weight=202150 109194 92956 29222 63734 43382 103874 88337 76492 63763 40680 33817 11845 12729
internal_count=202150 109194 92956 29222 63734 43382 103874 88337 76492 63763 40680 33817 11845 12729
is_linear=0
shrinkage=0.05


Tree=65
num_leaves=15
num_cat=0
split_feature=0 52 13 13 0 44 0 53 41 15 52 52 52 37
split_gain=235.375 207.616 188.632 169.134 247.025 195.227 147.814 131.611 109.652 113.649 97.5562 96.5501 95.5752 89.1468
threshold=45.350000381469734 0.57077592611312877 46.063095092773445 68.262199401855483 136.19999694824222 1.4546316862106325 11.250000000000002 -0.60555642843246449 68.500000000000014 80.90000152587892 0.40614137053489691 -0.10837695002555846 0.039769539609551437 29.500000000000004
decision_type=2 2 2 2 2 2 2 2 2 2 2 2 2 2
left_child=2 3 6 8 5 -5 -1 10 9 -2 -8 -7 -11 -9
right_child=1 -3 -4 4 -6 11 7 13 -10 12 -12 -13 -14 -15
leaf_value=0.024196651853723532 0.0012718544797426568 -0.0046270937912241293 0.0039234763106069468 0.0047612199340018651 -0.001961115588339904 -0.0022032134399420258 -0.00027665098551175882 -0.0079918769126682623 -0.0056830122669633588 -0.0015319887388508336 0.0058642792738009021 0.003865363791514051 -0.0085954652832561842 -0.0011486394603612738
leaf_weight=1262 14696 26213 34987 21655 19139 11293 8197 4261 8124 16850 6139 5693 3197 20452
leaf_count=1262 14696 26213 34987 21655 19139 11293 8197 4261 8124 16850 6139 5693 3197 20452
internal_value=4.97111e-05 -0.00126468 0.00226404 -0.000232224 0.00153314 0.00383367 -6.75826e-05 -0.000613815 -0.00261154 -0.00138765 0.00319601 -0.000179454 -0.00383532 -0.00282429
internal_weight=202158 126860 75298 100647 57780 38641 40311 39049 42867 34743 14336 16986 20047 24713
internal_count=202158 126860 75298 100647 57780 38641 40311 39049 42867 34743 14336 16986 20047 24713
is_linear=0
shrinkage=0.05


Tree=66
num_leaves=15
num_cat=0
split_feature=45 40 44 10 39 49 23 13 2 48 40 26 24 53
split_gain=232.409 168.399 156.384 134.497 122.807 109.547 97.7369 94.9042 118.186 92.0955 85.9152 70.5332 86.4655 67.6265
threshold=-0.40378719568252558 986.85000610351574 5.8001849651336679 56.591665267944343 1.0000000180025095e-35 -277.49999999999994 0.37500000000000006 46.063095092773445 99.799999237060561 -0.94999998807907093 988.75000000000011 0.70897960662841808 17.500000000000004 0.13185577094554904
decision_type=2 2 2 2 2 10 2 2 2 2 2 2 2 2
left_child=2 3 5 4 -2 6 13 -7 10 -3 -9 12 -4 -1
right_child=1 9 11 -5 -6 7 -8 8 -10 -11 -12 -13 -14 -15
leaf_value=0.0017404691676799146 0.0024376077123576673 0.0066817146927199899 -0.0007627867092485993 -0.0015280712010825536 -0.0035554004373080511 -0.0045423247301683541 -0.00010605936546281003 -0.00070878418604982925 -0.0033717148642931406 0.0019990986693706261 0.0040091216564408991 -0.011032348468971094 -0.0071814903807442439 0.0090087771151484333
leaf_weight=4914 39375 10165 8919 26388 5742 13337 20407 20168 15431 14609 9456 3401 6004 4269
leaf_count=4914 39375 10165 8919 26388 5742 13337 20407 20168 15431 14609 9456 3401 6004 4269
internal_value=5.54061e-05 0.00183484 -0.00155621 0.000603719 0.00226195 -0.000680744 0.0017973 -0.00193658 -0.000839343 0.00538654 0.00100898 -0.00575706 -0.00427074 0.00607799
internal_weight=202585 96279 106306 71505 45117 87982 29590 58392 45055 24774 29624 18324 14923 9183
internal_count=202585 96279 106306 71505 45117 87982 29590 58392 45055 24774 29624 18324 14923 9183
is_linear=0
shrinkage=0.05


Tree=67
num_leaves=15
num_cat=0
split_feature=18 47 45 47 26 24 26 28 49 1 13 38 18 49
split_gain=216.219 161.743 145.608 128.706 148.935 125.681 108.667 103.21 102.486 94.4805 107.378 88.8912 87.7134 82.2218
threshold=7.6499998569488534 9.5802173614501971 -0.71604838967323292 4.9132456779479989 0.78148934245109569 11.500000000000002 0.69974538683891307 52.500000000000007 -247.49999999999997 23.349999427795414 69.218452453613295 17.44999980926514 51.549999237060554 357.50000000000006
decision_type=2 2 2 2 2 2 2 2 10 2 2 2 2 10
left_child=1 2 5 13 12 6 -1 -3 -8 -4 -11 -7 -5 -2
right_child=3 7 9 4 -6 11 8 -9 -10 10 -12 -13 -14 -15
leaf_value=0.0035005958772437091 0.0018030523669444361 0.0010403632426045258 0.010870750669342871 -0.0012919735561806507 -0.0088774312833939176 -0.0041267317927426717 0.0065520263450297494 -0.0041732396636877398 -0.0023583392573230861 0.0010734139247906532 0.0045373374373190159 0.001044814204549338 -0.0079951129823483593 -0.0044651727663122644
leaf_weight=17053 15656 8534 4692 37807 7803 15164 2833 11758 12371 35935 16906 7819 3837 3440
leaf_count=17053 15656 8534 4692 37807 7803 15164 2833 11758 12371 35935 16906 7819 3837 3440
internal_value=5.92705e-05 0.00123445 0.00197392 -0.002222 -0.00356825 0.000140271 0.00215313 -0.0028741 -0.000920205 0.00373416 0.00312908 -0.00268451 -0.00237912 0.001264
internal_weight=201608 133065 112773 68543 49447 55240 32257 20292 15204 57533 52841 22983 41644 19096
internal_count=201608 133065 112773 68543 49447 55240 32257 20292 15204 57533 52841 22983 41644 19096
is_linear=0
shrinkage=0.05


Tree=68
num_leaves=15
num_cat=0
split_feature=51 50 50 46 38 51 51 47 47 43 43 1 36 0
split_gain=232.51 210.538 158.051 204.857 162.357 146.68 102.696 99.6932 97.2906 76.0419 75.8149 81.9783 73.9995 73.4231
threshold=0.37940952181816107 0.12940952181816109 1.0000000180025095e-35 1.0500000119209292 11.650000095367433 1.0000000180025095e-35 0.12940952181816107 4.8485281467437753 8.0094490051269549 327.50000000000006 25.02689361572266 76.500000000000014 33.049999237060554 28.44999980926514
decision_type=2 2 2 2 2 2 2 2 2 8 10 2 2 2
left_child=2 8 4 5 6 9 -1 -3 10 -4 -2 -12 -6 -9
right_child=1 7 3 -5 12 -7 -8 13 -10 -11 11 -13 -14 -15
leaf_value=-0.0062476478642659056 0.0067105474966916469 0.0030365874377778629 0.0046632400670621691 -0.0030233379042048187 -0.0021294116914339438 -0.0018328445130969069 0.0015199939181228873 0.003616169321179254 0.00067851918907217007 0.0011739105599676558 0.0047553746483939147 -0.00011976750886888572 0.0012075100904338837 -0.002460284361626586
leaf_weight=18973 8636 7208 16732 18764 24165 12293 2942 3912 12115 19802 14989 6469 12856 22484
leaf_count=18973 8636 7208 16732 18764 24165 12293 2942 3912 12115 19802 14989 6469 12856 22484
internal_value=7.9318e-05 0.00226877 -0.00123264 0.000417523 -0.00312489 0.0021239 -0.00653478 -0.000684239 0.00461937 0.00371333 0.00614204 0.0045463 -0.00110516 -0.00210748
internal_weight=202340 75813 126527 67591 58936 48827 21915 33604 42209 36534 30094 21458 37021 26396
internal_count=202340 75813 126527 67591 58936 48827 21915 33604 42209 36534 30094 21458 37021 26396
is_linear=0
shrinkage=0.05


Tree=69
num_leaves=15
num_cat=0
split_feature=51 50 50 26 47 37 47 52 53 43 44 53 53 0
split_gain=214.758 207.808 151.843 154.659 138.349 125.175 99.9365 91.9343 91.1716 89.8169 102.226 75.151 72.2251 88.8926
threshold=0.37940952181816107 0.12940952181816109 1.0000000180025095e-35 0.72713336348533641 4.9132456779479989 78.500000000000014 6.6341784000396737 0.84773966670036327 -0.70900321006774891 25.02689361572266 5.1857576370239267 0.11478523537516595 0.65720760822296154 84.200000762939467
decision_type=2 2 2 2 2 2 2 2 2 10 2 2 2 2
left_child=2 9 3 7 -4 -6 -3 -1 -5 11 -11 -2 -7 -14
right_child=1 6 4 8 5 12 -8 -9 -10 10 -12 -13 13 -15
leaf_value=-0.00012979092267345737 0.0021946243448314751 0.0014190389169963153 0.0031062612665271501 0.0013480009063809183 0.0007701300099816358 -0.0046146033008453852 -0.0027777188248861162 -0.005228801228984413 -0.0071592236274296952 0.0031857382865517871 -0.0026898753431198715 0.0074167829088091393 0.008221625569357011 -0.0030602634597962555
leaf_weight=34039 4481 17357 15280 2505 33639 13429 16503 7943 14597 25356 4423 8143 1918 3094
leaf_count=34039 4481 17357 15280 2505 33639 13429 16503 7943 14597 25356 4423 8143 1918 3094
internal_value=9.31101e-05 0.00218852 -0.00117078 -0.00302061 0.000451982 -0.000775581 -0.000732211 -0.00138717 -0.00702723 0.00452043 0.00302041 0.00805366 -0.00408514 0.00103544
internal_weight=202707 76263 126444 59084 67360 52080 33860 41982 17102 42403 29779 12624 18441 5012
internal_count=202707 76263 126444 59084 67360 52080 33860 41982 17102 42403 29779 12624 18441 5012
is_linear=0
shrinkage=0.05


Tree=70
num_leaves=15
num_cat=0
split_feature=44 46 19 19 52 2 53 52 41 33 26 15 48 37
split_gain=204.367 222.513 151.771 129.674 112.852 116.717 186.969 112.533 114.115 108.111 104.332 100.904 86.5221 84.1806
threshold=4.3315978050231942 3.0499999523162846 36.95000076293946 173.44999694824222 0.73865729570388805 112.59999847412111 0.36447542905807501 -0.77245554327964772 3.5000000000000004 0.15000000223517421 0.70897960662841808 70.90000152587892 -2.6499999761581416 65.500000000000014
decision_type=2 2 2 2 2 2 2 2 2 2 2 2 2 2
left_child=1 2 12 7 5 6 11 8 -3 -8 -2 -4 -1 -12
right_child=10 3 4 -5 -6 -7 9 -9 -10 -11 13 -13 -14 -15
leaf_value=0.012994743787529212 -0.0012136693965509677 0.0032543595411925075 0.0030473859687291239 -0.012478796696020963 -0.0013468528964395987 -0.00053693644061316651 0.006018425842529024 2.9792111414238267e-05 -0.0081394397745995911 -0.0037920762764379863 -0.0093347040032348266 -0.00029142053329781761 0.0034369493842293292 -0.00073461006067170606
leaf_weight=4546 31588 2128 17962 2902 24406 23130 20853 23894 6285 1904 6236 27645 5255 3226
leaf_count=4546 31588 2128 17962 2902 24406 23130 20853 23894 6285 1904 6236 27645 5255 3226
internal_value=9.20929e-05 0.000895476 0.00187951 -0.0026172 0.00137391 0.00217969 0.00321833 -0.00170576 -0.00667518 0.00691901 -0.0030565 0.00137065 0.00785088 -0.00765942
internal_weight=201960 160910 125701 35209 115900 91494 68364 32307 8413 22757 41050 45607 9801 9462
internal_count=201960 160910 125701 35209 115900 91494 68364 32307 8413 22757 41050 45607 9801 9462
is_linear=0
shrinkage=0.05


Tree=71
num_leaves=15
num_cat=0
split_feature=0 53 52 24 53 19 53 0 38 0 56 0 55 51
split_gain=219.534 240.703 212.392 168.933 153.181 123.586 132.934 113.39 125.539 91.4968 109.377 87.7392 76.1181 76.1088
threshold=58.149999618530281 0.36447542905807501 0.57077592611312877 15.500000000000002 -0.73284119367599476 294.75000000000006 0.98174098134040844 13.750000000000002 4.4500000476837167 163.6499938964844 142.25000000000003 134.80000305175784 1.0000000180025095e-35 0.37940952181816107
decision_type=2 2 2 2 2 2 2 2 2 2 2 2 2 2
left_child=1 4 5 -3 12 6 9 -6 -9 10 -2 -8 -1 -10
right_child=2 3 -4 -5 7 -7 11 8 13 -11 -12 -13 -14 -15
leaf_value=-0.0019119025286921895 -0.00082208590510575723 0.0078678807569561426 -0.0060391956355571822 -0.0019321015925513607 0.01309534082004303 -0.006076202268332007 0.0075429572506878961 -0.016045461529270361 -0.0017939525594536628 -0.004739832033128024 0.0039282369352843542 0.0008031135441596525 0.0029071676369288955 0.0011980012229633854
leaf_weight=4612 52231 13828 16727 3936 1720 3945 4091 1622 34177 5202 6177 5959 28118 20439
leaf_count=4612 52231 13828 16727 3936 1720 3945 4091 1622 34177 5202 6177 5959 28118 20439
internal_value=6.26251e-05 0.00159687 -0.00170126 0.00691741 0.000554036 -0.000599433 -0.000137098 -0.000990201 -0.00137783 -0.00098161 -0.000415112 0.00520378 0.00328803 -0.000969319
internal_weight=202784 108452 94332 17764 90688 77605 73660 57958 56238 63610 58408 10050 32730 54616
internal_count=202784 108452 94332 17764 90688 77605 73660 57958 56238 63610 58408 10050 32730 54616
is_linear=0
shrinkage=0.05


Tree=72
num_leaves=15
num_cat=0
split_feature=44 46 31 19 47 26 19 52 15 26 37 19 50 15
split_gain=204.236 202.645 144.745 113.033 104.76 119.284 116.539 99.282 94.6689 93.0546 83.5014 81.7374 81.5207 76.0088
threshold=4.6685342788696298 3.0499999523162846 5.7740752696990976 173.44999694824222 3.0484359264373784 0.75628590583801281 74.15000152587892 -0.77245554327964772 104.65000152587892 0.72713336348533641 66.500000000000014 30.550000190734867 0.91597560048103344 80.90000152587892
decision_type=2 2 2 2 2 2 2 2 2 2 2 2 2 2
left_child=1 2 4 7 -1 12 -7 8 13 -2 -8 -9 -6 -3
right_child=9 3 -4 -5 5 6 10 11 -10 -11 -12 -13 -14 -15
leaf_value=0.0041529982289965368 -0.0014764747548304793 -0.0045275117439267367 0.0046881145586276122 -0.01174864612092384 0.0017555699686746561 0.0011733361614359062 -0.0077379199666555102 0.010461729729898195 0.0066877648109415645 -0.0065484629622131864 -0.0014031595405345348 -0.00044320476982924185 -0.0017448908145188263 -0.01264753561373394
leaf_weight=7623 29842 6323 17434 2933 63601 13757 5769 1325 822 8234 10494 22915 10185 1400
leaf_count=7623 29842 6323 17434 2933 63601 13757 5769 1325 822 8234 10494 22915 10185 1400
internal_value=0.000105469 0.000868972 0.00179266 -0.00246305 0.00112954 0.000713763 -0.00194306 -0.00161991 -0.00625073 -0.00319409 -0.00480704 1.4433e-05 0.00179481 -0.00796909
internal_weight=202657 164581 128863 35718 111429 103806 30020 32785 8545 38076 16263 24240 73786 7723
internal_count=202657 164581 128863 35718 111429 103806 30020 32785 8545 38076 16263 24240 73786 7723
is_linear=0
shrinkage=0.05


Tree=73
num_leaves=15
num_cat=0
split_feature=0 47 0 56 47 37 31 24 45 48 57 47 0 54
split_gain=204.474 194.948 154.915 163.655 181.017 101.242 97.1442 135.822 98.6385 97.0914 95.2719 91.2614 78.9926 75.7016
threshold=32.750000000000007 3.5630033016204838 123.15000152587892 31.849999427795414 9.4637627601623553 44.500000000000007 3.9974585771560673 12.500000000000002 0.85877841711044323 5.8500001430511483 154.68333435058597 5.3341186046600351 197.6499938964844 8.5000000000000018
decision_type=2 2 2 2 2 2 2 2 2 2 2 2 2 2
left_child=5 9 3 -3 6 -1 8 -8 -5 -2 -4 -7 -12 -13
right_child=1 2 10 4 -6 11 7 -9 -10 -11 12 13 -14 -15
leaf_value=2.3457232239616768e-05 0.003858981929556274 -0.0044165601267159129 -0.0057606932980559401 -0.0011487939654536068 -0.0037794923082233368 0.011321525328729216 0.0049382448385662152 -0.0010192198987969837 0.0014985764664540548 -0.0032146246891291974 0.0021287996299493568 0.0046451525517667543 -0.004944867737848602 -0.0015654775738046579
leaf_weight=14094 12655 15417 13159 44089 16075 4198 13867 8301 31295 2522 4542 15099 2565 4347
leaf_count=14094 12655 15417 13159 44089 16075 4198 13867 8301 31295 2522 4542 15099 2565 4347
internal_value=6.4158e-05 -0.000697429 -0.00124632 -0.000607885 4.81797e-05 0.00338296 0.000858428 0.00376725 2.65273e-06 0.00469974 -0.00530923 0.00538175 -0.000642827 0.00393452
internal_weight=202225 164487 149310 129044 113627 37738 97552 22168 75384 15177 20266 23644 7107 19446
internal_count=202225 164487 149310 129044 113627 37738 97552 22168 75384 15177 20266 23644 7107 19446
is_linear=0
shrinkage=0.05


Tree=74
num_leaves=15
num_cat=0
split_feature=45 19 46 36 1 1 18 24 26 47 13 44 13 13
split_gain=194.188 159.563 135.35 114.148 147.191 137.3 100.111 96.8478 96.4496 83.3904 105.806 82.3759 84.682 81.3245
threshold=-2.9127216339111324 30.550000190734867 5.3500001430511483 15.84999990463257 97.450000762939467 73.90000152587892 22.44999980926514 12.500000000000002 0.77394255995750438 9.6395044326782244 41.716072082519538 4.311202049255372 69.218452453613295 35.491369247436531
decision_type=2 2 2 2 2 2 2 2 2 2 2 2 2 2
left_child=6 -2 3 4 -3 11 7 13 -7 10 -4 12 -5 -1
right_child=1 2 9 5 -6 8 -8 -9 -10 -11 -12 -13 -14 -15
leaf_value=-0.0062424662885340225 0.0093409034286142025 0.0071060017287606029 -0.005849847861922523 0.0013933738910123243 0.00066039984284788685 -8.9944112952772886e-05 -0.0059081650177904401 -0.0030238469381799228 -0.0048471947310200648 -0.0058092672103225614 0.00048862770904721379 -0.0012317681659308412 0.0052184206764472165 0.0010440529973879985
leaf_weight=2734 6503 9558 3030 43026 13780 15830 9125 24698 9127 5209 13686 12147 7393 26874
leaf_count=2734 6503 9558 3030 43026 13780 15830 9125 24698 9127 5209 13686 12147 7393 26874
internal_value=7.79362e-05 0.00112223 0.000747387 0.00145732 0.00456356 0.00062862 -0.00221505 -0.00140014 -0.00250631 -0.00284135 -0.00111802 0.00187931 0.00276974 0.000528395
internal_weight=202720 139289 132786 110861 23338 87523 63431 54306 24957 21925 16716 62566 50419 29608
internal_count=202720 139289 132786 110861 23338 87523 63431 54306 24957 21925 16716 62566 50419 29608
is_linear=0
shrinkage=0.05


Tree=75
num_leaves=15
num_cat=0
split_feature=0 53 53 0 57 0 13 12 33 16 47 44 44 53
split_gain=187.372 214.051 153.725 129.262 125.637 124.526 127.124 137.394 137.438 128.938 123.455 110.23 106.995 98.5359
threshold=63.449998855590827 0.6174544394016267 0.97263759374618541 134.80000305175784 39.150001525878913 18.349999427795414 46.671726226806648 51.229167938232429 0.65000000596046459 19.650000572204593 9.6395044326782244 2.544998407363892 1.4546316862106325 -0.56369942426681507
decision_type=2 2 2 2 2 2 2 2 2 2 2 2 2 2
left_child=1 5 4 -4 -2 -1 7 8 9 13 12 -3 -6 -7
right_child=2 11 3 -5 10 6 -8 -9 -10 -11 -12 -13 -14 -15
leaf_value=0.0076475900614872694 -0.0077154912938317893 0.010854496107357371 0.0063569958815133335 -0.00033456968972115264 0.00012110728712627223 0.0022764392216163957 0.0013814437931028531 -0.0096419779044456828 -0.0032750256548271339 0.0027619812717823767 -0.0085871532462845519 0.0020889673554142815 -0.0032666455241783022 -0.0047684762283919423
leaf_weight=6059 5799 6212 4823 8854 37384 4804 50963 3422 14091 17675 5367 6274 21737 9128
leaf_count=6059 5799 6212 4823 8854 37384 4804 50963 3422 14091 17675 5367 6274 21737 9128
internal_value=2.93679e-05 0.0013086 -0.00177793 0.00307043 -0.00272167 0.000579829 0.000158103 -0.00165683 -0.000932003 0.000899042 -0.00208689 0.0074984 -0.00142692 -0.00269689
internal_weight=202592 118628 83964 13677 70287 106142 100083 49120 45698 31607 64488 12486 59121 13932
internal_count=202592 118628 83964 13677 70287 106142 100083 49120 45698 31607 64488 12486 59121 13932
is_linear=0
shrinkage=0.05


Tree=76
num_leaves=15
num_cat=0
split_feature=0 47 26 47 43 17 45 36 0 47 40 19 0 39
split_gain=179.126 146.731 197.262 155.465 108.687 89.45 84.4344 81.9916 78.6589 76.115 70.5971 70.5506 67.8908 67.1313
threshold=45.350000381469734 3.6103807687759404 0.75628590583801281 9.0901222229003924 41.875000000000007 -41.149999618530266 -3.7473986148834224 14.650000095367433 16.849999427795414 4.8807072639465341 986.14999389648449 60.899999618530281 187.44999694824222 1.0000000180025095e-35
decision_type=2 2 2 2 8 2 2 2 2 2 2 2 2 2
left_child=4 7 3 5 10 -3 -6 -2 -8 11 -1 -4 -9 -10
right_child=1 2 9 -5 6 -7 8 12 13 -11 -12 -13 -14 -15
leaf_value=0.0033673489941593751 0.0040647443938011431 0.0046833307359164956 0.0054468884596513452 -0.0041176737082351872 -0.0010706180335537275 -7.3567923893335182e-06 0.01202479561028031 0.0010220283177454577 0.0019337712677182151 -0.0063514364922882252 0.01150323648730698 -0.0027074483728028046 -0.0092927980602014234 -0.0025112406441668922
leaf_weight=6034 6836 5405 1732 14605 20203 63904 2705 7179 38253 16062 2973 10886 661 5024
leaf_count=6034 6836 5405 1732 14605 20203 63904 2705 7179 38253 16062 2973 10886 661 5024
internal_value=5.45754e-05 -0.00108854 -0.00170154 -0.000477813 0.00198931 0.000510322 0.00128748 0.00361228 0.00247108 -0.00528059 0.00713929 -0.00237171 0.000121019 0.00195266
internal_weight=202462 127270 112594 83914 75192 69309 66185 14676 45982 28680 9007 12618 7840 43277
internal_count=202462 127270 112594 83914 75192 69309 66185 14676 45982 28680 9007 12618 7840 43277
is_linear=0
shrinkage=0.05


Tree=77
num_leaves=15
num_cat=0
split_feature=42 0 53 28 44 53 37 37 25 52 53 24 47 53
split_gain=170.054 139 217.603 133.076 132.979 130.235 110.78 103.688 93.3383 91.6738 93.6103 88.6143 86.105 91.3174
threshold=8.0500001907348651 80.450000762939467 0.36447542905807501 49.500000000000007 2.222289085388184 -0.54940786957740773 20.500000000000004 84.500000000000014 10.050000190734865 -0.70291268825530995 0.34840355813503271 4.5000000000000009 9.5802173614501971 -0.97874867916107167
decision_type=2 2 2 2 2 2 2 2 2 2 2 2 2 2
left_child=1 2 5 6 -4 8 -2 9 -1 10 -3 -11 13 -5
right_child=3 7 4 12 -6 -7 -8 -9 -10 11 -12 -13 -14 -15
leaf_value=0.0044321891962239793 -0.0055188329572878718 -0.0032746085182123147 0.007686710436533151 0.0041313191080359591 0.0017047236734760386 -0.00096523357057717038 0.0022990388974820984 0.0011074979799664984 0.00060522327354841721 -0.0013538461563652308 0.0039723404226233048 -0.0066873855318810935 -0.0056875007012103301 -0.002600941398409648
leaf_weight=13253 3819 3688 12371 2839 9937 36594 17891 16620 21990 11460 4311 8722 10619 28212
leaf_count=13253 3819 3688 12371 2839 9937 36594 17891 16620 21990 11460 4311 8722 10619 28212
internal_value=5.18939e-05 0.0010309 0.00212177 -0.00209418 0.00643427 0.00078187 0.00107965 -0.00126141 0.00295081 -0.00310826 0.00142028 -0.00490293 -0.0037476 -0.00241702
internal_weight=202326 138946 94145 63380 22308 71837 21710 44801 35243 28181 7999 20182 41670 31051
internal_count=202326 138946 94145 63380 22308 71837 21710 44801 35243 28181 7999 20182 41670 31051
is_linear=0
shrinkage=0.05


Tree=78
num_leaves=15
num_cat=0
split_feature=0 40 44 37 28 46 44 46 13 0 46 26 14 55
split_gain=165.342 202.594 157.098 139.366 154.555 128.977 114.391 105.129 99.7241 130.265 88.9195 87.0516 84.4126 76.7557
threshold=104.90000152587892 988.75000000000011 2.5136026144027714 20.500000000000004 28.500000000000004 0.25000000745058065 1.4546316862106325 19.849999427795414 45.240177154541023 45.350000381469734 1.0000000180025095e-35 0.69874015450477611 11.752765178680422 1.5000000000000002
decision_type=2 2 2 2 2 2 2 2 2 2 2 2 2 2
left_child=1 3 10 -1 -5 6 -2 8 12 -10 -3 -8 -6 -4
right_child=5 2 13 4 7 -7 11 -9 9 -11 -12 -13 -14 -15
leaf_value=-0.0056433594317719139 0.00062990297981839753 0.0073170398565193216 0.0046249121362612168 0.0047424415045449961 -0.00010229018328759555 -0.0091564730698091429 -0.0005398327319160387 -0.004070259318880015 0.0030459552415648544 -0.00014096924200679846 0.0010789400183946003 -0.0064562419232798238 -0.0039092883342974451 -0.0011330636272091855
leaf_weight=7148 17543 11796 3925 11372 22561 6482 6072 8362 24529 49314 3840 6568 12919 10221
leaf_count=7148 17543 11796 3925 11372 22561 6482 6072 8362 24529 49314 3840 6568 12919 10221
internal_value=0.000105101 0.000776369 0.00451128 -4.05609e-05 0.000336066 -0.0029332 -0.00155748 -0.000202005 0.00021151 0.00125824 0.0079637 -0.00518182 -0.00196675 0.000692286
internal_weight=202652 165987 29782 136205 129057 36665 30183 117685 109323 73843 15636 12640 35480 14146
internal_count=202652 165987 29782 136205 129057 36665 30183 117685 109323 73843 15636 12640 35480 14146
is_linear=0
shrinkage=0.05


Tree=79
num_leaves=15
num_cat=0
split_feature=37 28 47 44 1 1 52 13 47 52 19 36 50 1
split_gain=162.365 235.395 209.719 138.177 135.025 113.269 109.252 104.436 91.1345 86.114 82.6293 79.7012 92.9796 81.3207
threshold=40.500000000000007 41.500000000000007 6.5630033016204843 -2.136533141136169 109.54999923706056 51.549999237060554 -0.4218058288097381 44.90089416503907 9.6395044326782244 -0.66528618335723866 21.550000190734867 14.650000095367433 0.60355338454246532 152.50000000000003
decision_type=2 2 2 2 2 2 2 2 2 2 2 2 2 2
left_child=3 -2 5 -1 8 7 -6 10 9 -4 -3 12 13 -7
right_child=1 2 4 -5 6 11 -8 -9 -10 -11 -12 -13 -14 -15
leaf_value=0.0019548490498283639 0.005040502462492197 0.025265565206178162 -0.0023575072139735451 -0.0038729829801729138 -0.00082909756353351661 0.0057554663379777576 -0.012842331019626441 0.004979786173356553 -0.0033033964417039973 0.00098867589161164568 -0.00063883829969468972 -0.0006388890099068901 -0.00052869563420244493 0.00062048144002063504
leaf_weight=8737 17661 511 16229 25646 2598 6545 3602 16410 15109 30109 8385 36321 9250 5388
leaf_count=8737 17661 511 16229 25646 2598 6545 3602 16410 15109 30109 8385 36321 9250 5388
internal_value=2.34555e-06 0.000642665 1.49534e-06 -0.00312782 -0.00206372 0.0016886 -0.00909018 0.00447543 -0.00135339 -0.000253517 0.000112284 0.000461627 0.00289836 0.00581303
internal_weight=202501 168118 150457 34383 67647 82810 6200 25306 61447 46338 8896 57504 21183 11933
internal_count=202501 168118 150457 34383 67647 82810 6200 25306 61447 46338 8896 57504 21183 11933
is_linear=0
shrinkage=0.05


Tree=80
num_leaves=15
num_cat=0
split_feature=0 13 0 53 53 53 47 38 53 54 47 47 12 0
split_gain=164.823 149.95 172.51 131.544 126.663 116.309 99.9209 99.9113 108.587 101.571 99.8772 98.5171 91.1463 90.0452
threshold=37.549999237060554 54.016071319580085 104.90000152587892 0.98174098134040844 0.36447542905807501 -0.50557503104209889 8.1023530960083026 15.050000190734865 0.73136293888092052 6.5000000000000009 6.3838274478912362 8.3784747123718279 50.609027862548835 86.250000000000014
decision_type=2 2 2 2 2 2 2 2 2 2 2 2 2 2
left_child=4 7 3 6 5 -1 -3 8 12 13 -4 -11 -2 -9
right_child=1 2 10 -5 -6 -7 -8 9 -10 11 -12 -13 -14 -15
leaf_value=0.0030874142724015407 -0.0042228471280994356 0.0016907321393487109 -0.00058604032741012421 0.0090975768732803833 0.0084391969684883463 -0.00056972754396184173 -0.0016444041565800501 0.0031701297215950761 0.017434906592925681 -0.0013396731868772585 -0.0058512644255802604 -0.0068329637819219387 -0.013578719779550658 -0.0080156111851207214
leaf_weight=21232 11926 48336 26564 2730 6420 24012 15194 9537 434 19790 8189 3449 2832 1246
leaf_count=21232 11926 48336 26564 2730 6420 24012 15194 9537 434 19790 8189 3449 2832 1246
internal_value=0.000103145 -0.000734673 0.000367986 0.00186434 0.00253899 0.00160538 0.00140148 -0.00299752 -0.00636758 -0.00149124 -0.00248468 -0.00335176 -0.00709642 0.00251784
internal_weight=201891 150227 101013 66260 51664 45244 63530 49214 15192 34022 34753 23239 14758 10783
internal_count=201891 150227 101013 66260 51664 45244 63530 49214 15192 34022 34753 23239 14758 10783
is_linear=0
shrinkage=0.05


Tree=81
num_leaves=15
num_cat=0
split_feature=45 37 28 39 0 38 0 47 26 37 53 0 0 53
split_gain=159.121 110.236 123.548 109.259 95.9869 86.1497 81.3502 92.661 91.5945 79.2625 72.1813 84.0571 73.5235 66.2838
threshold=-0.37603493034839625 36.500000000000007 48.500000000000007 1.0000000180025095e-35 23.750000000000004 1.0000000180025095e-35 197.6499938964844 5.5036375522613534 0.74785310029983532 66.500000000000014 0.26659387350082403 123.15000152587892 91.15000152587892 0.13185577094554904
decision_type=2 2 2 2 2 2 2 2 2 2 2 2 2 2
left_child=1 5 13 4 -2 -1 7 9 -9 -4 12 -12 -6 -3
right_child=3 2 6 -5 10 -7 -8 8 -10 -11 11 -13 -14 -15
leaf_value=-0.019837096639056463 0.0078103559985271027 0.0004731789386706476 -0.0021401151079097611 -0.0026828347549979442 0.00077846715194147267 -0.0031113939307632109 -0.0056709341512503264 -0.00093751001057001688 -0.0061110806437443205 0.0021871132510506699 0.0040243548626623191 4.4524066510404087e-05 -0.0040192524038760403 0.0056059492356466427
leaf_weight=954 5719 9266 7416 8663 49895 16816 3603 38670 8485 14910 16751 9685 4420 7056
leaf_count=954 5719 9266 7416 8663 49895 16816 3603 38670 8485 14910 16751 9685 4420 7056
internal_value=6.01772e-05 -0.00126089 -0.000545764 0.00154846 0.00208488 -0.00485658 -0.00142419 -0.00104366 -0.0022999 0.00160951 0.00164095 0.00378318 0.000597791 0.00338599
internal_weight=202309 107176 89406 95133 86470 17770 73084 69481 47155 22326 80751 26436 54315 16322
internal_count=202309 107176 89406 95133 86470 17770 73084 69481 47155 22326 80751 26436 54315 16322
is_linear=0
shrinkage=0.05


Tree=82
num_leaves=15
num_cat=0
split_feature=51 50 46 0 52 13 0 47 53 11 24 38 49 15
split_gain=152.079 124.338 114.047 111.986 123.924 94.5889 112.194 87.775 83.9122 91.8218 91.1378 73.582 84.9876 62.9587
threshold=0.60355338454246532 -1.0000000180025095e-35 19.349999427795414 123.15000152587892 0.99552232027053844 66.672622680664077 36.250000000000007 4.8485281467437753 -0.91595870256423939 95.693748474121108 1.5000000000000002 15.250000000000002 1.0000000180025095e-35 80.90000152587892
decision_type=2 2 2 2 2 2 2 2 2 2 2 2 8 2
left_child=2 -2 3 4 5 6 -1 -3 9 -7 -10 -8 -13 -14
right_child=1 7 -4 -5 -6 8 11 -9 10 -11 -12 12 13 -15
leaf_value=0.0015327770469252739 0.0034407940652064887 0.0033975821230439332 -0.0048597769797529503 -0.0026425443421431759 -0.0068236485927761856 0.0079291956219950457 -0.004055738180327402 -0.00085777532728292805 0.0051466482070068494 -0.0093540574591586701 0.00036754970184787187 -0.0025999174521137043 0.0021746683003791229 -0.0012598504017403258
leaf_weight=26594 25315 7187 7009 18872 3992 2661 14954 26619 6360 304 26151 12925 12998 10119
leaf_count=26594 25315 7187 7009 18872 3992 2661 14954 26619 6360 304 26151 12925 12998 10119
internal_value=4.8498e-05 0.00218117 -0.000833689 -0.000512726 6.36382e-05 0.000369663 -0.000608247 0.000196652 0.00250803 0.0105462 0.00177193 -0.00198114 -0.00075724 0.00105829
internal_weight=202060 59121 142939 135930 117058 113066 77590 33806 35476 2965 32511 50996 36042 23117
internal_count=202060 59121 142939 135930 117058 113066 77590 33806 35476 2965 32511 50996 36042 23117
is_linear=0
shrinkage=0.05


Tree=83
num_leaves=15
num_cat=0
split_feature=0 57 0 40 44 46 36 52 13 28 44 0 36 46
split_gain=142.862 123.148 111.054 169.305 107.94 102.489 89.8382 93.3241 91.7815 86.177 84.3385 78.6312 76.0017 69.4824
threshold=25.44999980926514 38.31666564941407 104.90000152587892 988.75000000000011 2.3411397933959965 0.65000000596046459 28.349999427795414 0.22700754553079608 46.671726226806648 29.500000000000004 0.87751522660255443 58.149999618530281 20.349999427795414 1.0000000180025095e-35
decision_type=2 2 2 2 2 2 2 2 2 2 2 2 2 2
left_child=12 9 3 6 13 10 8 -8 -3 -2 -4 -11 -1 -5
right_child=1 2 5 4 -6 -7 7 -9 -10 11 -12 -13 -14 -15
leaf_value=0.011468717979626711 0.003006823042911159 -0.0040769197234324884 0.00082489803400433007 0.006656069502323789 0.0010061688686458722 -0.0088258010232307622 0.0019569220643536043 -0.0019673440399988543 -6.8201157869106357e-05 -0.0017783334631096424 -0.0026874064175042567 -0.0066105108482266547 0.0023685263572142666 0.0010486229190305007
leaf_weight=3414 4459 12700 16275 10201 12222 4961 29706 9281 35566 23900 14166 6958 15728 3142
leaf_count=3414 4459 12700 16275 10201 12222 4961 29706 9281 35566 23900 14166 6958 15728 3142
internal_value=0.000120011 -0.000308776 0.000323484 0.00109015 0.00466764 -0.00211934 4.15411e-05 0.00182642 -0.00140028 -0.00296162 -0.00103199 -0.00390048 0.00422932 0.00777541
internal_weight=202679 183537 148220 112818 25565 35402 87253 38987 48266 35317 30441 30858 19142 13343
internal_count=202679 183537 148220 112818 25565 35402 87253 38987 48266 35317 30441 30858 19142 13343
is_linear=0
shrinkage=0.05


Tree=84
num_leaves=15
num_cat=0
split_feature=45 40 0 0 40 52 0 33 57 0 19 52 46 28
split_gain=139.812 105.271 103.978 95.2897 112.515 82.2326 77.9894 73.407 71.4432 74.3571 70.8715 79.208 65.8706 64.7311
threshold=-0.37603493034839625 986.85000610351574 123.15000152587892 80.450000762939467 988.75000000000011 0.57077592611312877 15.84999990463257 8.1500000953674334 21.316666603088382 22.849999427795414 273.34999084472662 -0.19337636232376096 0.65000000596046459 48.500000000000007
decision_type=2 2 2 2 2 2 2 2 2 2 2 2 2 2
left_child=3 2 6 4 8 10 -2 -6 -1 -10 11 -5 -13 -3
right_child=1 13 -4 5 7 -7 -8 -9 9 -11 -12 12 -14 -15
leaf_value=-0.0060266174902464673 0.013608195716594135 0.0081071056508783962 -0.0068590567445524055 -0.0029558613726235424 0.0034049985208035511 -0.0092738639838399421 0.00042760641867814475 -0.0065774222697017022 0.0039930286443095762 -0.0010207379196557121 -0.006769296481218743 0.0020696019154163693 -0.0061155729940136462 0.0021351237646164201
leaf_weight=3231 1334 3497 2300 14670 14980 4586 67534 1044 6282 48976 2651 8688 1891 20908
leaf_count=3231 1334 3497 2300 14670 14980 4586 67534 1044 6282 48976 2651 8688 1891 20908
internal_value=0.000103415 0.0014932 0.000521228 -0.00113799 -0.000152637 -0.00339734 0.000871105 0.00355806 -0.00116968 -0.000746363 -0.00237549 -0.00155687 0.00174001 0.00432623
internal_weight=202572 95573 71168 106999 74513 32486 68868 16024 58489 55258 27900 25249 10579 24405
internal_count=202572 95573 71168 106999 74513 32486 68868 16024 58489 55258 27900 25249 10579 24405
is_linear=0
shrinkage=0.05


Tree=85
num_leaves=15
num_cat=0
split_feature=47 0 37 0 46 16 19 33 52 47 52 18 38 41
split_gain=139.721 153.969 119.642 123.587 116.938 109.983 89.5934 87.2866 116.645 112.365 83.7026 81.5708 78.6933 73.0544
threshold=3.5630033016204838 79.500000000000014 29.500000000000004 16.849999427795414 19.650000572204593 32.750000000000007 99.549999237060561 1.1500000357627871 0.99761915206909191 5.9267480373382577 -0.78326541185379017 77.599998474121108 12.449999809265138 37.500000000000007
decision_type=2 2 2 2 2 2 2 2 2 2 2 2 2 2
left_child=6 2 12 -4 7 -3 -1 8 -5 -9 -6 -7 -2 -8
right_child=1 5 3 4 10 11 13 9 -10 -11 -12 -13 -14 -15
leaf_value=0.0061782211104525588 -0.0044743471924219699 -0.0077734779686883569 0.011481522897191355 0.0016123125108912465 -0.011230506265607671 -0.0010134881164084314 -0.0011325186712381559 0.0021842198230586128 -0.0073939308465251043 -0.0025897929811673653 -0.0012251753672230692 -0.010210832840608303 0.0020192639871813023 0.0035773458072645408
leaf_weight=6253 12397 6014 3650 79800 2148 40537 5653 9627 1830 20237 5594 1579 3244 4057
leaf_count=6253 12397 6014 3650 79800 2148 40537 5653 9627 1830 20237 5594 1579 3244 4057
internal_value=1.77664e-05 -0.000366294 0.000480197 0.00100451 0.000726649 -0.00280224 0.00450604 0.00113942 0.00198555 -0.00117326 -0.00521156 -0.00189788 -0.00363715 0.00149691
internal_weight=202620 186657 138527 122886 119236 48130 15963 111494 81630 29864 7742 42116 15641 9710
internal_count=202620 186657 138527 122886 119236 48130 15963 111494 81630 29864 7742 42116 15641 9710
is_linear=0
shrinkage=0.05


Tree=86
num_leaves=15
num_cat=0
split_feature=45 39 38 1 36 52 38 40 1 28 41 50 51 49
split_gain=130.647 109.868 85.1816 77.4109 94.6007 84.0389 76.8119 73.6153 85.1435 69.6812 61.9056 58.4299 85.6288 51.4422
threshold=-5.6333752571939751e-16 1.0000000180025095e-35 1.0000000180025095e-35 77.200000762939467 19.349999427795414 0.57077592611312877 11.949999809265138 987.04998779296886 64.849998474121108 50.500000000000007 34.500000000000007 -0.7865660786628722 0.12940952181816107 -7.4999999999999991
decision_type=2 2 2 2 2 2 2 2 2 2 2 2 2 10
left_child=2 7 -1 4 9 10 -6 8 -2 -4 -5 12 -9 -10
right_child=1 -3 3 5 6 -7 -8 11 13 -11 -12 -13 -14 -15
leaf_value=-0.015766021888712518 0.0015595307164055329 -0.0028423669210269915 0.0064054114651158874 -0.0024137682911103651 -0.0035624460726710219 -0.0078907206804562924 3.2282552954238096e-05 -0.0048113171059534186 -0.0035220445732748462 0.00088897351521681912 0.00089595945087946266 0.003800635442440547 0.0038402285267048527 0.00016498979835314343
leaf_weight=1171 43589 8450 5377 21454 15281 5181 39895 1751 6162 14478 9794 17152 1436 11153
leaf_count=1171 43589 8450 5377 21454 15281 5181 39895 1751 6162 14478 9794 17152 1436 11153
internal_value=3.36078e-05 0.00145731 -0.00110018 -0.000958554 -4.03113e-05 -0.00284928 -0.00110535 0.00202177 0.00115162 0.00291845 -0.00186992 0.00462553 -0.00158743 -0.00181385
internal_weight=202324 89693 112631 111460 75031 36429 55176 81243 60904 19855 31248 20339 3187 17315
internal_count=202324 89693 112631 111460 75031 36429 55176 81243 60904 19855 31248 20339 3187 17315
is_linear=0
shrinkage=0.05


Tree=87
num_leaves=15
num_cat=0
split_feature=44 19 53 1 1 53 33 38 43 43 26 47 26 47
split_gain=146.313 113.135 108.058 134.821 110.114 112.906 105.742 94.1782 104.4 83.2201 72.1407 68.2814 167.974 66.2731
threshold=5.1857576370239267 21.550000190734867 0.36447542905807501 108.40000152587892 76.500000000000014 -0.72102889418601979 0.15000000223517421 21.050000190734867 62.500000000000007 1202.5000000000002 0.68673557043075573 3.8689272403717045 0.70897960662841808 5.5505321025848398
decision_type=2 2 2 2 2 2 2 2 10 8 2 2 2 2
left_child=1 -1 4 6 5 9 11 8 -2 -3 -7 -4 13 -13
right_child=7 2 3 -5 -6 10 -8 -9 -10 -11 -12 12 -14 -15
leaf_value=0.010240636202185772 -0.00043620247325426023 0.0006354809226355577 0.0064304305736317263 -0.0003644431839187473 -0.0035056002989835942 4.887963518292113e-05 -0.0021145437533645096 0.0030519317539823474 -0.0050369655506909972 0.0044586171760219373 -0.0029343349234188217 0.0097771722268690294 -0.0013483645602289593 0.0037157502514796044
leaf_weight=3562 13156 28661 6095 25184 14866 36412 4541 3316 16089 8068 19565 3047 7895 12030
leaf_count=3562 13156 28661 6095 25184 14866 36412 4541 3316 16089 8068 19565 3047 7895 12030
internal_value=5.56798e-05 0.000644066 0.000454999 0.0021785 -0.00048707 0.000153695 0.0042507 -0.00301418 -0.00391984 0.00230749 -0.00125967 0.00535905 0.00410756 0.00719991
internal_weight=202487 169926 166364 58792 107572 92706 33608 32561 29245 36729 55977 29067 22972 15077
internal_count=202487 169926 166364 58792 107572 92706 33608 32561 29245 36729 55977 29067 22972 15077
is_linear=0
shrinkage=0.05


Tree=88
num_leaves=15
num_cat=0
split_feature=44 31 51 33 47 38 28 43 52 38 57 53 0 12
split_gain=129.868 127.332 101.629 80.9427 76.5216 69.9604 71.0099 64.0991 91.5356 83.3364 62.7512 74.3449 65.3209 62.3636
threshold=5.771780490875245 5.7740752696990976 0.60355338454246532 1.0000000180025095e-35 3.5630033016204838 3.6499999761581425 29.500000000000004 57.500000000000007 -0.0053757284767925731 18.349999427795414 42.549999237060554 -0.79382744431495655 197.6499938964844 43.503471374511726
decision_type=2 2 2 2 2 2 2 8 2 2 2 2 2 2
left_child=1 2 5 -3 -4 -1 -7 8 -2 -9 11 13 -12 -8
right_child=7 3 4 -5 -6 6 10 9 -10 -11 12 -13 -14 -15
leaf_value=-0.0086285059891789834 -0.0022706647512629628 0.0040577877539201479 0.0044853109595315776 -0.0020049552830896616 0.00099194909959438309 0.0038093136494401951 0.0035217393818989225 -0.0042833489578395804 0.0086878359902326646 0.0017169119276583295 0.00020455919516993646 -0.0029047451202000169 -0.0035387509746838963 -0.0017461566930943872
leaf_weight=1830 2998 17466 4384 3373 41089 6178 4269 19210 1564 3363 65850 23298 3815 3632
leaf_count=1830 2998 17466 4384 3373 41089 6178 4269 19210 1564 3363 65850 23298 3815 3632
internal_value=5.81973e-05 0.000556811 6.13845e-05 0.00422442 0.00204637 -0.000767804 -0.000601577 -0.00315988 0.00224191 -0.00425209 -0.000920455 -0.00278365 -8.57553e-05 0.00140627
internal_weight=202319 175184 154345 20839 45473 108872 107042 27135 4562 22573 100864 31199 69665 7901
internal_count=202319 175184 154345 20839 45473 108872 107042 27135 4562 22573 100864 31199 69665 7901
is_linear=0
shrinkage=0.05


Tree=89
num_leaves=15
num_cat=0
split_feature=51 43 46 1 40 53 36 47 53 19 15 15 6 53
split_gain=122.74 108.928 90.6361 97.6809 97.8741 88.4216 71.9192 98.1913 70.9749 71.2575 70.9069 60.2611 59.8114 59.2632
threshold=0.60355338454246532 25.02689361572266 19.349999427795414 110.95000076293947 991.25000000000011 0.029024410061538223 25.44999980926514 6.1870265007019052 -0.94137725234031666 21.550000190734867 63.199998855590827 102.29999923706056 48.750000000000007 -0.56369942426681507
decision_type=2 10 2 2 2 2 2 2 2 2 2 2 2 2
left_child=2 5 3 4 8 12 7 -3 -1 -10 -7 13 -2 -11
right_child=1 6 -4 -5 -6 10 -8 -9 9 11 -12 -13 -14 -15
leaf_value=0.0019939154493017991 0.0023972577767828306 0.0019082101773898491 -0.0043403621116011775 -0.0022138058547967743 0.0033188151404344615 0.013185728150826838 0.0017906942366518353 -0.003376337448940342 0.0087303277561004266 0.00016390396303072111 0.0038919008576990921 0.00095084793142303787 -0.0078679260165704749 -0.0022343183106562892
leaf_weight=13571 4224 8991 7008 22343 11045 1515 20262 12076 2372 22683 10255 20521 1413 43850
leaf_count=13571 4224 8991 7008 22343 11045 1515 20262 12076 2372 22683 10255 20521 1413 43850
internal_value=1.05126e-05 0.00193545 -0.000778052 -0.00049287 9.9516e-05 0.00525205 0.000537628 -0.00150757 -0.000380314 -0.000891699 0.00771647 -0.00112503 0.000101824 -0.00185557
internal_weight=202129 58736 143393 136385 114042 17407 41329 21067 102997 89426 11770 87054 5637 66533
internal_count=202129 58736 143393 136385 114042 17407 41329 21067 102997 89426 11770 87054 5637 66533
is_linear=0
shrinkage=0.05


Tree=90
num_leaves=15
num_cat=0
split_feature=44 46 38 26 24 54 53 37 28 52 23 15 27 2
split_gain=123.012 150.305 106.107 101.918 158.16 114.252 104.95 91.797 82.2241 81.5177 134.741 74.5362 67.0846 63.1305
threshold=2.6879194974899296 0.84999999403953563 25.650000572204593 0.72713336348533641 11.500000000000002 10.500000000000002 -0.50557503104209889 65.500000000000014 46.500000000000007 0.89404821395874035 0.28499999642372137 90.450000762939467 25.250000000000004 200.00000000000003
decision_type=2 2 2 2 2 2 2 2 2 2 2 2 2 2
left_child=1 9 8 4 5 -2 -6 12 11 10 -1 -3 -5 -12
right_child=3 2 -4 7 6 -7 -8 -9 -10 -11 13 -13 -14 -15
leaf_value=0.0051979007962841472 0.0034020203205821138 0.0053738194914828312 0.0015326284135310675 -0.0087835333322605416 0.00026081385966818162 -0.0020369271784388687 -0.0051710231285771674 -0.0005579695308526089 -0.0027968323250695845 -0.0011183475919363153 0.0013484469236699076 -0.0045585785038135046 -0.00078946735578669109 -0.0023727646359260847
leaf_weight=13619 14507 3912 12306 7135 9630 6753 12461 6798 31716 14329 60986 1659 2595 3678
leaf_count=13619 14507 3912 12306 7135 9630 6753 12461 6798 31716 14329 60986 1659 2595 3678
internal_value=3.11736e-05 0.000831663 -0.00138953 -0.00186971 -0.000595581 0.00248237 -0.00355753 -0.00520922 -0.00271805 0.00202112 0.00265573 0.00288031 -0.00832136 0.00170316
internal_weight=202084 142205 49593 59879 43351 21260 22091 16528 37287 92612 78283 5571 9730 64664
internal_count=202084 142205 49593 59879 43351 21260 22091 16528 37287 92612 78283 5571 9730 64664
is_linear=0
shrinkage=0.05


Tree=91
num_leaves=15
num_cat=0
split_feature=18 38 40 1 43 47 38 46 15 46 52 31 1 57
split_gain=128.787 103.361 123.948 94.834 85.8325 71.7148 74.8629 69.3299 64.6378 64.1248 57.3377 56.7989 56.5207 91.3586
threshold=7.6499998569488534 25.650000572204593 991.04998779296886 33.350000381469734 41.875000000000007 4.9132456779479989 13.34999990463257 3.0499999523162846 129.69999694824222 15.650000095367433 0.66527691483497631 4.3170235157012948 90.90000152587892 170.78333282470706
decision_type=2 2 2 2 8 2 2 2 2 2 2 2 2 2
left_child=1 2 3 4 -1 -2 11 -8 -9 10 -5 -7 -4 -14
right_child=5 -3 12 9 -6 6 7 8 -10 -11 -12 -13 13 -15
leaf_value=0.008671492386273072 0.00055935103954177223 0.0031473214486874563 0.0050749346585612729 6.9830798431957039e-05 0.00083983677533381717 -0.0054094485055453728 0.00025511627352314755 -0.0024656864197598171 -0.017124849764624538 -0.0048972094088227981 -0.0025677082275066985 -0.00032678695519040293 -0.0012942504727101872 0.0051801376269072115
leaf_weight=3768 19243 11444 9138 51572 28064 14213 21638 8405 759 4064 17154 4875 5576 2728
leaf_count=3768 19243 11444 9138 51572 28064 14213 21638 8405 759 4064 17154 4875 5576 2728
internal_value=5.6131e-05 0.000963166 0.000536969 -0.000113732 0.00216224 -0.0016954 -0.00269539 -0.00117 -0.00481251 -0.0011092 -0.000747789 -0.00515499 0.00443789 0.00144936
internal_weight=202641 133508 122064 104622 31832 69133 49890 30802 9164 72790 68726 19088 17442 8304
internal_count=202641 133508 122064 104622 31832 69133 49890 30802 9164 72790 68726 19088 17442 8304
is_linear=0
shrinkage=0.05


Tree=92
num_leaves=15
num_cat=0
split_feature=0 47 37 50 26 47 24 33 53 36 53 50 47 13
split_gain=135.177 114.459 125.337 117.773 104.343 137.263 91.2851 90.0736 87.6762 79.5928 88.82 77.2759 75.6379 66.3652
threshold=32.750000000000007 9.5202274322509783 38.500000000000007 0.91597560048103344 0.69974538683891307 5.0064172744750985 1.5000000000000002 1.0000000180025095e-35 -0.99052476882934559 19.44999980926514 -0.52765738964080799 -0.6035533845424651 5.3826293945312509 79.992263793945327
decision_type=2 2 2 2 2 2 2 2 2 2 2 2 2 2
left_child=9 2 -2 4 7 6 -6 -4 -7 12 -11 -8 -1 -3
right_child=1 13 3 -5 5 8 11 -9 -10 10 -12 -13 -14 -15
leaf_value=0.019344075848910354 -0.0032651393081465337 -0.0042825597147031092 0.0023536486406821552 -0.0024125907510733104 0.0042572989786847804 0.0083930473673756566 -0.0032720191888724274 -4.6056161980322433e-05 -0.0041366835537371511 0.0033022709558678878 -0.00049833492079239406 0.0012935161876028028 0.0045287990208121524 0.0013084825839145874
leaf_weight=1067 15823 15336 44144 18124 5391 939 5860 27046 15760 14460 17384 12991 4830 3540
leaf_count=1067 15823 15336 44144 18124 5391 939 5860 27046 15760 14460 17384 12991 4830 3540
internal_value=5.78427e-05 -0.000559819 -8.62494e-05 0.000424327 0.00102884 -0.000982271 0.0014205 0.00218539 -0.00446915 0.00275688 0.00176744 -0.000221356 0.00808786 -0.0042227
internal_weight=202695 164954 146078 130255 112131 40941 24242 71190 16699 37741 31844 18851 5897 18876
internal_count=202695 164954 146078 130255 112131 40941 24242 71190 16699 37741 31844 18851 5897 18876
is_linear=0
shrinkage=0.05


Tree=93
num_leaves=15
num_cat=0
split_feature=0 53 53 0 38 26 47 47 47 13 10 44 51 53
split_gain=118.275 145.762 114.211 107.883 108.179 89.4513 115.82 88.0132 86.3555 83.9873 79.6211 79.0687 76.1904 73.5794
threshold=64.40000152587892 0.6174544394016267 0.97263759374618541 11.250000000000002 1.7500000000000002 0.75628590583801281 4.7173163890838632 9.6966090202331561 6.5402126312255868 79.992263793945327 141.89166259765628 2.222289085388184 0.37940952181816107 0.93469110131263744
decision_type=2 2 2 2 2 2 2 2 2 2 2 2 2 2
left_child=1 3 5 -1 -5 7 13 -2 10 -9 -4 -3 -6 -7
right_child=2 11 8 4 12 6 -8 9 -10 -11 -12 -13 -14 -15
leaf_value=0.016327940394116787 -0.00010435372259979259 0.0080673430809813772 0.0056567286935182166 -0.014851686726905906 -0.00042876838826082513 -0.0022090039711110915 -0.0077089737598583065 -0.012244688322207343 -0.0063690530996215111 0.00010262963211768728 0.00042550453280847355 0.001794198887100107 0.0015966030843160646 0.0031758604213829537
leaf_weight=1381 39719 6018 4963 1200 65480 11976 8992 2893 1167 2171 7694 6793 39435 2456
leaf_count=1381 39719 6018 4963 1200 65480 11976 8992 2893 1167 2171 7694 6793 39435 2456
internal_value=2.10034e-05 0.00101918 -0.00144288 0.000418116 0.000236749 -0.00228279 -0.00478578 -0.000972808 0.00269987 -0.00717383 0.00390187 0.00605842 0.000408149 -0.00200803
internal_weight=202338 120307 82031 107496 106115 68207 23424 44783 13824 5064 12657 12811 104915 14432
internal_count=202338 120307 82031 107496 106115 68207 23424 44783 13824 5064 12657 12811 104915 14432
is_linear=0
shrinkage=0.05


Tree=94
num_leaves=15
num_cat=0
split_feature=0 37 53 47 0 38 53 55 33 26 54 47 26 53
split_gain=125.596 109.36 109.257 109.166 110.245 93.6118 86.0656 88.498 82.0519 80.2774 76.8346 80.4494 72.8844 88.5737
threshold=37.549999237060554 38.500000000000007 0.36447542905807501 6.5402126312255868 134.80000305175784 10.250000000000002 -0.50557503104209889 1.5000000000000002 7.0499999523162851 0.78148934245109569 1.5000000000000002 10.096916675567629 0.73870155215263378 0.42763730883598333
decision_type=2 2 2 2 2 2 2 2 2 2 2 2 2 2
left_child=2 5 6 12 8 -2 7 -1 9 10 -5 -12 13 -3
right_child=1 3 -4 4 -6 -7 -8 -9 -10 -11 11 -13 -14 -15
leaf_value=-0.0010008213023526898 -0.0080153438732526259 0.00028344390925073485 0.0069245819681711916 0.0066458362389075348 -0.0085224529565238079 -0.00092262038967564535 -0.00056165773155690828 0.0040410593757783386 -0.0061279751345832594 -0.0055620324299061833 0.00031843551226902055 -0.0035821465295184695 -0.00038001989804475889 0.0031618063397977681
leaf_weight=6283 7122 22718 6418 2207 3579 8826 24072 15076 4801 4026 35962 8316 36175 16801
leaf_count=6283 7122 22718 6418 2207 3579 8826 24072 15076 4801 4026 35962 8316 36175 16801
internal_value=2.93984e-05 -0.000701627 0.00215151 -0.000237565 -0.00185184 -0.00461524 0.00128793 0.0035975 -0.00130057 -0.000706142 -0.00011883 -0.000573519 0.00101844 0.00250259
internal_weight=202382 150533 51849 134585 58891 15948 45431 21359 55312 50511 46485 44278 75694 39519
internal_count=202382 150533 51849 134585 58891 15948 45431 21359 55312 50511 46485 44278 75694 39519
is_linear=0
shrinkage=0.05


Tree=95
num_leaves=15
num_cat=0
split_feature=0 17 37 38 50 47 28 3 37 46 0 52 38 47
split_gain=107.685 105.02 97.9608 107.819 107.569 83.9465 94.029 78.9749 71.3784 71.7489 69.7684 74.9957 69.6756 68.0037
threshold=18.349999427795414 -65.749999999999986 40.500000000000007 10.34999990463257 0.91597560048103344 6.5630033016204843 46.500000000000007 186.50000000000003 63.500000000000007 0.25000000745058065 134.80000305175784 -0.4218058288097381 16.150000572204593 9.6966090202331561
decision_type=2 2 2 2 2 2 2 2 2 2 2 2 2 2
left_child=-1 -2 3 -3 5 7 -7 8 12 -10 13 -12 -4 -8
right_child=1 2 4 -5 -6 6 10 -9 9 -11 11 -13 -14 -15
leaf_value=0.0065671243613046023 0.0039794679543141863 -0.0052965364242010789 -0.002370604179214612 -0.00013676335834701542 -0.0021609962548448593 0.0028616284405444509 -5.4420184207447728e-05 -0.0021888749877055609 0.0030525749421639529 0.00051664947048047955 0.00083716431066862347 -0.012359400744536318 0.0016018519474595317 -0.0028621172834346451
leaf_weight=6724 7123 14164 9750 16780 22909 10903 38352 5107 27910 16108 1090 1752 12509 11266
leaf_count=6724 7123 14164 9750 16780 22909 10903 38352 5107 27910 16108 1090 1752 12509 11266
internal_value=8.70555e-05 -0.000126831 -0.000352049 -0.00292369 0.000152855 0.00069143 -0.000633156 0.0018671 0.00232889 0.0034955 -0.00151134 -0.00911641 2.13301e-05 -0.00107399
internal_weight=202447 195723 188600 30944 157656 134747 63363 71384 66277 44018 52460 2842 22259 49618
internal_count=202447 195723 188600 30944 157656 134747 63363 71384 66277 44018 52460 2842 22259 49618
is_linear=0
shrinkage=0.05


Tree=96
num_leaves=15
num_cat=0
split_feature=45 46 44 19 53 26 40 49 16 38 40 53 40 38
split_gain=105.211 83.6238 83.4377 71.2674 108.704 80.9911 85.1012 71.8152 65.4088 64.8533 64.0513 63.8063 62.0365 61.4508
threshold=0.85877841711044323 1.1500000357627871 5.771780490875245 237.25000000000003 0.94636487960815441 0.69874015450477611 986.64999389648449 -482.49999999999994 70.65000152587892 8.3499999046325701 981.25000000000011 -0.21022038161754605 975.95001220703136 17.750000000000004
decision_type=2 2 2 2 2 2 2 8 2 2 2 2 2 2
left_child=2 10 3 4 5 6 12 -7 -6 -9 -2 -3 -1 -4
right_child=1 11 13 -5 8 7 -8 9 -10 -11 -12 -13 -14 -15
leaf_value=0.0020555654366634156 0.00066891027337357691 0.00023752755995584132 -0.0036165187199880713 -0.003347597467211411 0.0059895586933742502 0.0026058133681945515 0.0025549680518336935 -0.0063694553950151365 0.0004814594727693786 -0.0015647719969487592 0.0030101393843339989 -0.0048370202387500779 -0.0011902972701206428 0.0023568182374161533
leaf_weight=8770 25727 18502 19365 6283 5234 4105 17930 5783 5171 24035 23405 4410 31318 2041
leaf_count=8770 25727 18502 19365 6283 5234 4105 17930 5783 5171 24035 23405 4410 31318 2041
internal_value=1.27419e-05 0.00154537 -0.000836441 -0.000274073 4.34757e-05 -0.000504888 0.000629868 -0.00244526 0.00488478 -0.00329891 0.00270848 -0.00094887 -0.000650905 -0.00368883
internal_weight=202079 72044 130035 108629 102346 91941 58018 33923 10405 29818 49132 22912 40088 21406
internal_count=202079 72044 130035 108629 102346 91941 58018 33923 10405 29818 49132 22912 40088 21406
is_linear=0
shrinkage=0.05


Tree=97
num_leaves=15
num_cat=0
split_feature=0 47 50 56 0 47 57 49 56 57 28 12 3 0
split_gain=110.848 98.4178 99.5319 99.8139 86.6195 81.7704 71.4386 68.4374 70.7306 66.8804 64.8663 80.6635 62.5921 59.9085
threshold=28.150000572204593 3.0484359264373784 0.91597560048103344 26.050000190734867 105.79999923706056 8.0094490051269549 154.68333435058597 -1.0000000180025095e-35 142.25000000000003 42.283332824707038 49.500000000000007 74.152084350585952 196.25000000000003 11.250000000000002
decision_type=2 2 2 2 2 2 2 8 2 2 2 2 2 2
left_child=9 -2 3 -3 5 7 -6 8 -5 13 -7 -12 -8 -1
right_child=1 2 -4 4 6 10 12 -9 -10 -11 11 -13 -14 -15
leaf_value=0.016692108020867839 0.0030650265019212188 -0.0040287716069704414 -0.0027504674520452041 -0.00023685915578968952 -0.0027760677666483105 0.0013243008317508798 0.0026013002195507009 0.0020194455031633612 0.0056515170738926203 0.0058608279031800358 -0.0029970021944128265 0.0017990626933461929 -0.0025695931597609903 0.00037192962828839219
leaf_weight=1342 7834 9546 21110 35638 19131 11561 5209 40137 1693 8205 17245 5440 2805 16121
leaf_count=1342 7834 9546 21110 35638 19131 11561 5209 40137 1693 8205 17245 5440 2805 16121
internal_value=-1.60077e-06 -0.000446129 -0.000699454 -0.000242395 9.7754e-05 0.000713365 -0.00243509 0.00161272 7.16371e-05 0.00306877 -0.00132094 -0.00287398 0.00152667 0.00131775
internal_weight=203017 177349 169515 148405 138859 111714 27145 77468 37331 25668 34246 22685 8014 17463
internal_count=203017 177349 169515 148405 138859 111714 27145 77468 37331 25668 34246 22685 8014 17463
is_linear=0
shrinkage=0.05


Tree=98
num_leaves=15
num_cat=0
split_feature=19 36 37 47 26 47 52 1 47 36 19 15 52 52
split_gain=101.343 111.129 92.455 87.1835 82.3266 149.576 99.5771 83.6256 83.5193 75.2436 88.1357 105.754 112.542 101.035
threshold=60.899999618530281 19.250000000000004 23.500000000000004 4.1043014526367196 0.78148934245109569 3.9468418359756474 -0.4218058288097381 197.19999694824222 6.4946656227111825 28.750000000000004 158.55000305175784 101.15000152587892 -0.18492533266544339 -0.42957681417465204
decision_type=2 2 2 2 2 2 2 2 2 2 2 2 2 2
left_child=1 3 -2 -1 8 6 -6 -8 -4 10 11 12 -10 -12
right_child=2 -3 4 -5 5 -7 7 -9 9 -11 13 -13 -14 -15
leaf_value=0.01307183679218884 -0.0063016960737406541 0.00052923256680432811 0.0011782492289189178 0.0038764551434177759 -0.0018420705187685766 -0.0044611983796417594 0.0045592752923919013 -0.0023095640188740864 -0.0052018860301356945 0.00095398501715192774 3.6009344313728266e-05 0.0020530966295990243 -0.00021742344518481187 -0.008707115649246297
leaf_weight=1399 4623 48045 42746 9273 6794 18986 6044 1840 8553 20353 3128 11625 14444 4782
leaf_count=1399 4623 48045 42746 9273 6794 18986 6044 1840 8553 20353 3128 11625 14444 4782
internal_value=1.66547e-05 0.00176707 -0.000697571 0.00637989 -0.000466423 -0.00261923 0.00117102 0.00499113 0.000219848 -0.000939264 -0.00213554 -0.00104672 -0.00301104 -0.00689394
internal_weight=202635 58717 143918 10672 139295 33664 14678 7884 105631 62885 42532 34622 22997 7910
internal_count=202635 58717 143918 10672 139295 33664 14678 7884 105631 62885 42532 34622 22997 7910
is_linear=0
shrinkage=0.05


Tree=99
num_leaves=15
num_cat=0
split_feature=0 53 13 44 38 0 19 13 53 46 13 24 38 52
split_gain=105.063 128.218 102.783 88.5884 86.5851 81.2151 76.1359 70.8739 66.4444 84.6639 78.8287 96.7763 110.032 58.782
threshold=58.149999618530281 0.68274390697479259 54.016071319580085 0.87751522660255443 1.7500000000000002 11.250000000000002 226.05000305175784 68.262199401855483 -0.72102889418601979 19.250000000000004 33.926784515380866 14.500000000000002 23.349999427795414 0.52766072750091564
decision_type=2 2 2 2 2 2 2 2 2 2 2 2 2 2
left_child=1 4 -2 6 -1 -6 7 -4 -7 10 -10 12 -12 -9
right_child=2 -3 3 -5 5 8 -8 13 9 -11 11 -13 -14 -15
leaf_value=-0.011787140034857996 -0.0035696712214156215 0.0054461152212367031 -0.00085346741794340916 -0.0017073289677457318 0.015422747411625779 0.0015686810409718606 -0.0022785879751634022 0.0026977801012568387 -0.0030049948907461448 -0.0059353808151287489 0.0034600824839072747 -0.0010078695460486338 -0.0021928360491198676 -0.0015582465551391409
leaf_weight=1303 17168 8814 11034 33318 1172 33196 6802 22018 11000 3357 20119 23742 5387 3830
leaf_count=1303 17168 8814 11034 33318 1172 33196 6802 22018 11000 3357 20119 23742 5387 3830
internal_value=-2.47194e-07 0.00106337 -0.00122107 -0.00044084 0.000549926 0.000720788 0.00104019 0.00193673 0.000561661 -0.000384736 4.64669e-05 0.000901376 0.00303927 0.0033684
internal_weight=202260 108090 94170 77002 99276 97973 43684 36882 96801 63605 60248 49248 25506 25848
internal_count=202260 108090 94170 77002 99276 97973 43684 36882 96801 63605 60248 49248 25506 25848
is_linear=0
shrinkage=0.05


Tree=100
num_leaves=15
num_cat=0
split_feature=0 56 50 36 37 47 49 26 53 55 47 47 40 53
split_gain=98.8142 92.6511 84.6709 74.7825 73.4572 117.507 105.06 79.7585 72.2542 73.6152 65.7302 60.2758 58.603 57.1347
threshold=32.750000000000007 36.049999237060554 0.91597560048103344 19.44999980926514 61.500000000000007 9.2485280036926287 102.50000000000001 0.96962493658065807 -0.52765738964080799 2.5000000000000004 5.3084220886230478 5.0962250232696542 986.45001220703136 -0.86974579095840443
decision_type=2 2 2 2 2 2 10 2 2 2 2 2 2 2
left_child=3 13 4 10 6 -6 -3 -8 9 -5 -1 -4 -7 -2
right_child=1 2 11 8 5 12 7 -9 -10 -11 -12 -13 -14 -15
leaf_value=0.017545388881855747 0.0012864106494104939 -0.0025854539893596126 0.00067424605374085127 0.00019378541519621817 0.0012972121433167353 -0.0047369631185196744 0.0015625967540529502 -0.0052093427739314333 -0.00070042719694883853 0.0054304975817770496 0.0040954128335221746 -0.0037732147721415091 0.0014404216927847687 -0.0033658407266173303
leaf_weight=983 4316 21535 5382 6989 70269 6063 19543 2475 17385 7474 4825 13216 2409 19917
leaf_count=983 4316 21535 5382 6989 70269 6063 19543 2475 17385 7474 4825 13216 2409 19917
internal_value=-3.834e-05 -0.000565446 -7.4165e-05 0.00227261 0.000403912 0.00131522 -0.0012436 0.00118486 0.00131992 0.00392973 0.00748539 -0.00321636 -0.00424428 -0.00342058
internal_weight=202781 165125 140892 37656 122294 78741 43553 22018 31848 14463 5808 18598 8472 24233
internal_count=202781 165125 140892 37656 122294 78741 43553 22018 31848 14463 5808 18598 8472 24233
is_linear=0
shrinkage=0.05


Tree=101
num_leaves=15
num_cat=0
split_feature=38 1 47 13 12 53 52 2 15 53 28 14 53 33
split_gain=94.9615 97.5444 92.1078 81.451 74.0763 64.7035 64.6552 80.3052 65.6501 61.8737 61.7741 62.1957 77.7638 54.1733
threshold=1.0000000180025095e-35 64.849998474121108 4.4252660274505624 55.56488227844239 69.86875152587892 -0.96687281131744374 0.57077592611312877 179.50000000000003 139.00000000000003 0.99530133605003368 28.500000000000004 12.518079280853273 0.7074720859527589 0.55000001192092907
decision_type=2 2 2 2 2 2 2 2 2 2 2 2 2 2
left_child=-1 2 -2 -3 10 -6 7 9 -8 -5 -4 12 13 -12
right_child=1 3 4 6 5 -7 8 -9 -10 -11 11 -13 -14 -15
leaf_value=-0.01417942617973857 0.0036032891902753718 -0.0036989879053788478 0.0026425881231758653 0.00022727734925494098 0.0089425908277148223 0.0022808308711884454 -0.00055765414047584394 -0.0023980886160848945 -0.007248902362751739 0.0043789622662105347 0.0012419422058089699 -0.0016123140040008453 0.0099922263211825093 -0.00095658144459106651
leaf_weight=1380 11150 13543 13074 45347 1014 12601 5023 8672 3888 3795 27126 30090 1628 24054
leaf_count=1380 11150 13543 13074 45347 1014 12601 5023 8672 3888 3795 27126 30090 1628 24054
internal_value=7.4236e-05 0.000164291 0.00106235 -0.0011865 0.000621595 0.00407156 -0.000468645 0.000142674 -0.00443056 0.0009257 0.000131796 -0.000372099 0.000661706 0.000318422
internal_weight=202385 201005 120737 80268 109587 13615 66725 57814 8911 49142 95972 82898 52808 51180
internal_count=202385 201005 120737 80268 109587 13615 66725 57814 8911 49142 95972 82898 52808 51180
is_linear=0
shrinkage=0.05


Tree=102
num_leaves=15
num_cat=0
split_feature=45 37 23 41 52 52 12 19 19 57 24 38 15 43
split_gain=100.481 86.6366 96.1534 70.6486 99.9382 67.7991 66.9326 63.7029 60.5513 57.4242 86.6031 69.8884 96.6574 65.9643
threshold=0.85877841711044323 36.500000000000007 0.27500000596046453 4.5000000000000009 -0.71504372358322132 0.90892735123634349 47.371528625488288 286.34999084472662 41.500000000000007 174.55000305175784 5.5000000000000009 15.050000190734865 149.25000000000003 1097.5000000000002
decision_type=2 2 2 2 2 2 2 2 2 2 2 2 2 8
left_child=1 5 8 -2 -5 6 -1 9 -3 11 -11 -4 13 -13
right_child=3 2 7 4 -6 -7 -8 -9 -10 10 -12 12 -14 -15
leaf_value=0.001067233325765997 0.0022368335841855881 0.0076494217525990621 -0.0017357148917888914 -0.0028868678948615195 0.00094434078823528726 -0.0072522040752175457 -0.004348979082538622 -0.0047405075198285246 0.0010873203184042946 0.0047736798996640796 -0.0046786372562312665 -0.00070749082131628122 0.0061625779356613728 0.0028212108398441363
leaf_weight=7102 31891 4047 41430 9779 30443 6168 6557 3173 13837 4125 1544 33513 2367 6621
leaf_count=7102 31891 4047 41430 9779 30443 6168 6557 3173 13837 4125 1544 33513 2367 6621
internal_value=2.83801e-06 -0.000824942 -0.000279442 0.00150056 0.00010688 -0.00386777 -0.00190029 -0.000926624 0.00307645 -0.000679612 0.00418648 -0.00100874 0.000415775 -0.000164408
internal_weight=202597 130484 110657 72113 40222 19827 13659 92773 17884 89600 5669 83931 42501 40134
internal_count=202597 130484 110657 72113 40222 19827 13659 92773 17884 89600 5669 83931 42501 40134
is_linear=0
shrinkage=0.05


Tree=103
num_leaves=15
num_cat=0
split_feature=45 0 47 24 53 26 53 37 47 40 0 44 26 41
split_gain=93.126 74.3128 124.227 74.1459 123.094 129.428 115.15 73.8003 73.6316 67.494 79.3989 63.5523 60.8164 56.6245
threshold=0.85877841711044323 82.549999237060561 3.7440588474273686 11.500000000000002 -0.013976481743156908 0.87611177563667308 -0.54940786957740773 84.500000000000014 6.1663119792938241 986.45001220703136 128.30000305175784 2.6879194974899296 0.69874015450477611 34.500000000000007
decision_type=2 2 2 2 2 2 2 2 2 2 2 2 2 2
left_child=1 2 -1 4 -4 -6 -5 12 -9 10 13 -8 -3 -2
right_child=9 7 3 6 5 -7 11 8 -10 -11 -12 -13 -14 -15
leaf_value=0.005500123714239225 0.0013011730712083282 -0.0011907027844770659 -0.0013574013773933358 0.00072401611442722666 0.0046797732571934956 -0.0013389206019033166 -0.0014328371989562772 0.0012190388091247646 -0.0047877037977727124 0.0026897805502693831 -0.0085048264652165251 -0.0050845719795733907 -0.0046923956164648265 -0.0011089428806994657
leaf_weight=4508 38417 11947 17697 19793 14780 7488 15647 11119 3252 15441 1327 11121 12903 17170
leaf_count=4508 38417 11947 17697 19793 14780 7488 15647 11119 3252 15441 1327 11121 12903 17170
internal_value=1.11045e-05 -0.000787817 -3.8443e-06 -0.000425834 0.00115385 0.0036269 -0.00178169 -0.00260699 0.000245115 0.00144925 0.000653503 -0.00391926 -0.00425583 0.000942947
internal_weight=202610 130255 91034 86526 39965 22268 46561 39221 14371 72355 56914 26768 24850 55587
internal_count=202610 130255 91034 86526 39965 22268 46561 39221 14371 72355 56914 26768 24850 55587
is_linear=0
shrinkage=0.05


Tree=104
num_leaves=15
num_cat=0
split_feature=0 37 38 28 44 13 15 24 52 23 40 38 36 26
split_gain=100.324 76.2552 111.12 104.247 107.077 87.8394 122.766 73.8221 106.124 89.0936 73.7817 66.4059 74.2445 65.3246
threshold=23.750000000000004 44.500000000000007 10.949999809265138 48.500000000000007 -9.7065343856811506 41.716072082519538 66.500000000000014 1.5000000000000002 -0.039770090952515595 0.27500000596046453 973.04998779296886 25.44999980926514 20.650000572204593 0.75628590583801281
decision_type=2 2 2 2 2 2 2 2 2 2 2 2 2 2
left_child=11 2 -2 -3 -5 -6 -7 8 9 -8 -9 12 -1 -12
right_child=1 3 -4 4 5 6 7 10 -10 -11 13 -13 -14 -15
leaf_value=0.0099036640892986756 -0.0043471864335229661 0.0025064169883074212 0.00011229483051365952 -0.0043533323782821241 -0.0024236100368055071 0.0027484318143697647 0.0042578113212324298 0.0030254299520668763 0.0052987799361536381 -0.0023058762978769715 -0.00011026946142855126 0.012224780668530253 0.00093474197624933701 -0.0022143942209437275
leaf_weight=2846 16292 20996 19225 8843 14038 18211 2585 4883 5937 6203 45458 964 11620 24180
leaf_count=2846 16292 20996 19225 8843 14038 18211 2585 4883 5937 6203 45458 964 11620 24180
internal_value=1.56952e-05 -0.000304371 -0.00238903 0.000185009 -0.000341777 4.50599e-05 0.000531093 -0.000232477 0.00300136 -0.000488747 -0.000871785 0.00388925 0.00303606 -0.00128862
internal_weight=202281 186851 35517 151334 130338 121495 107457 89246 14725 8788 74521 15430 14466 69638
internal_count=202281 186851 35517 151334 130338 121495 107457 89246 14725 8788 74521 15430 14466 69638
is_linear=0
shrinkage=0.05


Tree=105
num_leaves=15
num_cat=0
split_feature=0 13 19 57 47 26 34 53 35 24 13 13 36 53
split_gain=98.5526 80.3008 93.8663 77.9043 89.9437 98.753 76.2117 69.4404 67.936 66.6697 63.5864 62.0956 85.0704 75.7297
threshold=45.350000381469734 45.426189422607429 11.650000095367433 37.983333587646491 6.1870265007019052 0.78938215970993053 -5.5499999523162833 -0.50557503104209889 28.500000000000004 1.5000000000000002 36.123809814453132 86.756546020507827 28.750000000000004 0.63089349865913402
decision_type=2 2 2 2 2 2 2 2 2 2 2 2 2 2
left_child=1 2 -1 -2 9 6 -6 10 -3 -5 -4 12 -8 -13
right_child=3 8 7 4 5 -7 11 -9 -10 -11 -12 13 -14 -15
leaf_value=0.034479644284897464 -0.0030116219551959283 -0.0011417550866571202 0.0043311413660737262 0.0026878416833420156 -0.01534654489269164 -0.0067541004710125301 -0.0027557730826568028 -0.0017485081137561644 0.0030671698009219154 0.00013689765341550058 -0.00030194170709247698 0.0058333077582795479 0.00075474298606188349 -8.8831824832225081e-05
leaf_weight=527 13329 6075 7003 10513 825 5310 23214 22045 29907 47769 9918 3212 14357 8735
leaf_count=527 13329 6075 7003 10513 825 5310 23214 22045 29907 47769 9918 3212 14357 8735
internal_value=8.05183e-05 0.00151189 -4.49333e-05 -0.000768421 -0.000345123 -0.0017826 -0.00109775 -0.000330973 0.00322016 0.00102759 0.00207755 -0.000844977 -0.00184335 0.00229364
internal_weight=202739 75475 39493 127264 113935 55653 50343 38966 35982 58282 16921 49518 37571 11947
internal_count=202739 75475 39493 127264 113935 55653 50343 38966 35982 58282 16921 49518 37571 11947
is_linear=0
shrinkage=0.05


Tree=106
num_leaves=15
num_cat=0
split_feature=0 47 26 40 33 53 47 53 36 36 18 47 7 48
split_gain=93.5468 76.9782 107.656 86.0538 87.8018 81.672 99.9942 119.86 81.282 73.4033 67.979 71.5521 85.6791 65.1827
threshold=27.44999980926514 3.0484359264373784 0.78148934245109569 986.45001220703136 8.1500000953674334 -0.70900321006774891 5.1521286964416513 0.99249574542045604 26.94999980926514 19.44999980926514 -13.249999999999998 5.3084220886230478 69.299999237060561 6.2500000000000009
decision_type=2 2 2 2 2 2 2 2 2 2 2 2 2 2
left_child=9 -2 3 8 10 -4 13 -8 -3 -1 -5 12 -12 -7
right_child=1 2 5 4 -6 6 7 -9 -10 -11 11 -13 -14 -15
leaf_value=0.0087259949549555425 0.0024935160465316929 -0.0021804060089660768 0.0015753224288395928 0.0035328562730754056 -0.0078085623223685622 -0.00014817159443857101 -0.0064462354798571824 0.0075440337029851756 0.00015407927283850876 0.0013778850227472051 0.0080886774907880151 -0.0001656740375530673 0.00090218078263019301 -0.0057666563807550813
leaf_weight=3500 7842 27868 6191 11718 1357 17679 14243 810 57846 20215 2059 22931 4679 3601
leaf_count=3500 7842 27868 6191 11718 1357 17679 14243 810 57846 20215 2059 22931 4679 3601
internal_value=-2.38214e-05 -0.00041519 -0.000637457 8.44568e-05 0.00191678 -0.00281775 -0.00372217 -0.00683961 -0.000829406 0.00292624 0.00232807 0.00105378 0.00557943 -0.0015148
internal_weight=202539 178824 170982 128458 42744 42524 36333 15053 85714 23715 41387 29669 6738 21280
internal_count=202539 178824 170982 128458 42744 42524 36333 15053 85714 23715 41387 29669 6738 21280
is_linear=0
shrinkage=0.05


Tree=107
num_leaves=15
num_cat=0
split_feature=44 19 0 40 21 47 49 0 56 26 28 41 24 26
split_gain=86.4103 85.4613 66.6932 99.0434 64.5483 72.6109 76.0708 71.9405 62.9007 62.7038 60.1508 83.966 57.7054 55.4092
threshold=6.5973026752471933 11.650000095367433 136.19999694824222 991.75000000000011 4.5000000000000009 3.7440588474273686 1.0000000180025095e-35 22.349999427795414 17.150000572204593 0.70897960662841808 58.500000000000007 99.500000000000014 16.500000000000004 0.69821891188621532
decision_type=2 2 2 2 2 2 8 2 2 2 2 2 2 2
left_child=1 -1 3 4 -3 -6 7 -7 -8 12 -10 -12 -2 -9
right_child=9 2 -4 -5 5 6 8 13 10 -11 11 -13 -14 -15
leaf_value=0.034057319539604773 0.00055895383572572707 -0.0040079597796261529 -0.0013194447874716271 0.0032155109249090682 0.0028565619388830087 0.0035469727400619881 -0.0053451378712105237 -0.00047920558940168226 0.0028040347648164011 -0.0083134906459483987 0.00093382296633480162 -0.0035775263332344393 -0.0037082660104435119 -0.0028170828557618878
leaf_weight=735 9354 4059 20072 13144 8990 6103 2596 45119 22801 2778 37563 6206 7741 15103
leaf_count=735 9354 4059 20072 13144 8990 6103 2596 45119 22801 2778 37563 6206 7741 15103
internal_value=4.07661e-05 0.000381779 0.00031249 0.000649993 0.000281723 0.000456603 0.000167711 -0.00104206 0.00132777 -0.00308932 0.00162586 0.000540784 -0.00195411 -0.00156644
internal_weight=202364 182491 181756 161684 148540 144481 135491 66325 69166 19873 66570 43769 17095 60222
internal_count=202364 182491 181756 161684 148540 144481 135491 66325 69166 19873 66570 43769 17095 60222
is_linear=0
shrinkage=0.05


Tree=108
num_leaves=15
num_cat=0
split_feature=0 12 57 24 49 57 37 0 0 40 24 13 49 28
split_gain=83.0686 96.4306 73.1165 77.9476 73.9122 91.3632 67.3392 74.3556 59.8445 56.0977 73.5784 52.856 57.5902 87.8567
threshold=64.40000152587892 69.86875152587892 174.55000305175784 6.5000000000000009 -7.4999999999999991 37.983333587646491 20.500000000000004 17.650000572204593 166.44999694824222 973.54998779296886 18.500000000000004 28.755059242248539 -1.0000000180025095e-35 51.500000000000007
decision_type=2 2 2 2 10 2 2 2 2 2 2 2 8 2
left_child=1 6 4 -4 -2 -6 -1 -8 -7 -3 -11 -9 -13 -14
right_child=2 9 3 -5 5 8 7 11 -10 10 -12 12 13 -15
leaf_value=-0.003540873373317838 -0.0023112637672753652 0.0081784913125340225 0.0032052874239194146 -0.0047384421393077301 -0.0054804485006896171 0.00068143214128482124 0.006866451834420118 -0.0039405436155568142 -0.0028693425971681574 0.0040930566327856297 -0.0014309411899950748 -0.00054904544276327197 0.0037910094181517586 0.00020898034772744088
leaf_weight=6531 28187 1112 6675 1820 4477 35636 4854 3097 5462 11063 4218 43498 13935 31965
leaf_count=6531 28187 1112 6675 1820 4477 35636 4854 3097 5462 11063 4218 43498 13935 31965
internal_value=0 0.0008374 -0.00122437 0.00316578 -0.00173033 -0.000485357 0.00027481 0.000604721 0.000254208 0.00440011 0.00360506 0.000287822 0.000510581 0.00174581
internal_weight=202530 120273 82257 8495 73762 45575 103880 97349 41098 16393 15281 92495 89398 45900
internal_count=202530 120273 82257 8495 73762 45575 103880 97349 41098 16393 15281 92495 89398 45900
is_linear=0
shrinkage=0.05


Tree=109
num_leaves=15
num_cat=0
split_feature=38 55 0 46 44 13 0 53 10 52 38 38 43 54
split_gain=81.7591 96.8925 81.1914 69.0486 74.2705 73.6093 124.393 75.7206 82.015 69.6507 64.3555 64.0733 68.2101 63.3114
threshold=4.0499999523162851 2.5000000000000004 20.849999427795414 23.349999427795414 2.6879194974899296 69.218452453613295 79.500000000000014 0.67007490992546093 56.591665267944343 -0.98214942216873158 24.150000572204593 21.150000572204593 37.500000000000007 3.5000000000000004
decision_type=2 2 2 2 2 2 2 2 2 2 2 2 8 2
left_child=1 -1 -2 4 5 7 9 8 -4 -7 -5 12 13 -6
right_child=2 -3 3 10 11 6 -8 -9 -10 -11 -12 -13 -14 -15
leaf_value=0.0015545216449660282 0.0045809926801029244 -0.0089996981887200539 0.00054089628370495647 -0.0082244400891013612 0.0086745489973611405 -0.0081376047935317955 0.00035073185907844587 0.006595455348380479 -0.0017729436317256543 0.0045860040830432497 -0.00079163262674540472 0.0016564872867333167 -0.0018972372677723726 0.00031334237314058493
leaf_weight=2521 9238 3885 55124 2286 1110 1079 29205 2072 25791 14341 3945 7606 40434 3941
leaf_count=2521 9238 3885 55124 2286 1110 1079 29205 2072 25791 14341 3945 7606 40434 3941
internal_value=6.78717e-05 -0.00548628 0.000249513 2.3269e-05 0.000201839 0.000855652 0.002493 -2.50009e-05 -0.000267223 0.00612443 -0.00514741 -0.00136956 -0.0020799 0.0033936
internal_weight=202578 6406 196172 186934 180703 127612 44625 82987 80915 15420 6231 53091 45485 5051
internal_count=202578 6406 196172 186934 180703 127612 44625 82987 80915 15420 6231 53091 45485 5051
is_linear=0
shrinkage=0.05


Tree=110
num_leaves=15
num_cat=0
split_feature=45 40 44 31 16 33 46 14 51 52 12 13 36 36
split_gain=82.3603 61.3791 61.3666 68.6676 61.1277 53.254 51.3431 53.594 51.0043 97.1583 47.9184 46.4646 45.502 44.3754
threshold=0.85877841711044323 981.14999389648449 6.5973026752471933 5.8134348392486581 49.850000381469734 1.0000000180025095e-35 1.7500000000000002 14.151337146759035 0.12940952181816107 -0.62588816881179798 86.419445037841811 25.014286041259769 27.650000572204593 33.649999618530281
decision_type=2 2 2 2 2 2 2 2 2 2 2 2 2 2
left_child=2 4 3 11 8 -5 -3 -8 9 -2 -6 -1 -10 -11
right_child=1 6 -4 5 10 -7 7 -9 12 13 -12 -13 -14 -15
leaf_value=-0.0072576276695016668 -0.0033706865699701634 0.0025893269133791148 -0.0026446028700004283 0.0030647394319745181 -0.0017718121199026826 -0.002688500779430095 0.0024921559946431055 -0.0050182602708628279 -0.0002660343861303857 -0.00062110393545516853 -0.011001842942967206 -0.00043365442456898967 0.0028355883333451462 0.0035391241146334948
leaf_weight=1063 7426 24559 15594 11753 4093 2071 2227 2450 7057 6698 778 99564 11355 5709
leaf_count=1063 7426 24559 15594 11753 4093 2071 2227 2450 7057 6698 778 99564 11355 5709
internal_value=4.0883e-05 0.001393 -0.00071143 -0.000310368 0.000193619 0.00299263 0.00316112 -0.00163751 0.0008659 -0.000893262 -0.0050758 -0.000764381 0.00276029 0.00181405
internal_weight=202397 72352 130045 114451 43116 13824 29236 4677 38245 19833 4871 100627 18412 12407
internal_count=202397 72352 130045 114451 43116 13824 29236 4677 38245 19833 4871 100627 18412 12407
is_linear=0
shrinkage=0.05


Tree=111
num_leaves=15
num_cat=0
split_feature=37 44 28 50 44 25 13 15 44 46 40 45 41 38
split_gain=82.0112 122.15 120.343 108.028 102.268 70.5288 65.8559 95.0258 63.9951 120.422 68.1622 67.9849 66.8705 50.3258
threshold=44.500000000000007 -3.5867660045623775 38.500000000000007 0.91597560048103344 -9.7065343856811506 8.2500000000000018 40.861606597900398 66.500000000000014 1.4546316862106325 1.0000000180025095e-35 973.14999389648449 1.4396128058433535 1.0000000180025095e-35 1.0000000180025095e-35
decision_type=2 2 2 2 2 2 2 2 2 2 2 2 2 2
left_child=1 -1 -2 4 -4 -6 -7 -8 9 -9 -11 12 -10 -3
right_child=2 13 3 -5 5 6 7 8 11 10 -12 -13 -14 -15
leaf_value=0.0026764646111864993 0.0046291736791335527 -0.013729481316296054 -0.0032356264890718469 -0.0022002169688857703 0.0035250333641563174 -0.001982783963812526 0.0030130783727681781 0.0021375026935036181 -0.0032099797331799035 0.0032096384805616884 -0.0016976107272716101 0.0022258699974525772 0.00032119501214542548 -0.0020853803872144835
leaf_weight=8600 11591 1033 8751 21239 11753 10682 15049 28727 14421 3259 18860 5668 10499 32460
leaf_count=8600 11591 1033 8751 21239 11753 10682 15049 28727 14421 3259 18860 5668 10499 32460
internal_value=2.54193e-05 -0.0019387 0.000540624 0.000158476 0.00070783 0.00109184 0.00068836 0.00110086 0.00042606 0.0015131 -0.00125966 -0.00138081 -0.00250501 -0.00330344
internal_weight=202592 42093 160499 148908 127669 118918 107165 96483 81434 50846 22119 30588 24920 33493
internal_count=202592 42093 160499 148908 127669 118918 107165 96483 81434 50846 22119 30588 24920 33493
is_linear=0
shrinkage=0.05


Tree=112
num_leaves=15
num_cat=0
split_feature=51 52 55 28 49 56 37 51 50 50 43 45 25 44
split_gain=79.4869 67.2763 88.3358 72.2381 81.3765 90.5527 58.5468 58.4713 147.949 77.0248 56.8504 54.4271 54.111 53.983
threshold=0.78656607866287243 0.9970000982284547 2.5000000000000004 48.500000000000007 1.0000000180025095e-35 35.649999618530281 53.500000000000007 0.12940952181816107 0.60355338454246532 0.12940952181816109 22.500000000000004 -2.8864159584045406 34.750000000000007 -9.7065343856811506
decision_type=2 2 2 2 10 2 2 2 2 2 10 2 2 2
left_child=1 3 -3 6 7 -6 -1 9 -9 -5 -2 -12 13 -7
right_child=10 2 -4 4 5 12 -8 8 -10 -11 11 -13 -14 -15
leaf_value=0.00014336765818764863 0.0035162172177365617 0.0016288965409841289 -0.0099528011578978465 -0.0045946516746670678 -0.0021157735694246143 -0.0032841813604177492 0.0032054584710536683 0.0018213145852133046 -0.0028538151210488194 -0.0012104793001855214 -0.0018756741161842757 0.0014798189556010479 -0.0017250930548605376 0.0016711027133074043
leaf_weight=25097 10681 1589 2199 10384 14675 3270 12597 12856 13237 17069 8957 22527 7340 39465
leaf_count=25097 10681 1589 2199 10384 14675 3270 12597 12856 13237 17069 8957 22527 7340 39465
internal_value=2.83482e-05 -0.000481263 -0.00705635 -0.000321154 -0.000928524 0.000264052 0.00158471 -0.00237042 -0.00067521 -0.00398081 0.0019591 0.000889058 0.00127633 0.00195754
internal_weight=201943 159778 3788 155990 118296 64750 37694 53546 26093 27453 42165 31484 50075 42735
internal_count=201943 159778 3788 155990 118296 64750 37694 53546 26093 27453 42165 31484 50075 42735
is_linear=0
shrinkage=0.05


Tree=113
num_leaves=15
num_cat=0
split_feature=0 53 53 38 0 0 13 30 52 38 37 13 52 11
split_gain=76.559 92.4906 77.8904 76.8254 67.2398 60.877 62.5929 69.4026 80.6011 77.8542 76.598 59.5135 70.961 84.1761
threshold=64.40000152587892 0.6174544394016267 0.97263759374618541 4.2500000000000009 197.6499938964844 11.250000000000002 28.755059242248539 52.500000000000007 0.99761915206909191 25.650000572204593 86.500000000000014 55.756547927856452 -0.70291268825530995 116.15833282470705
decision_type=2 2 2 2 2 2 2 10 2 2 2 2 2 2
left_child=1 3 4 -1 11 -5 -7 8 -8 10 -9 -2 13 -13
right_child=2 -3 -4 5 -6 6 7 9 -10 -11 -12 12 -14 -15
leaf_value=-0.0069011963950903659 -0.0031631103098197473 0.0036415275236313608 0.0013745512982409752 0.013876517072319711 -0.0056243771080108085 -0.0035386979041416005 0.0027231817540351285 7.2118613406794288e-05 -0.0054646369828436686 0.0020582302596705766 -0.0030879938668659707 0.000126415871531174 -0.0012985249823110542 0.0061382889459077831
leaf_weight=3004 14194 12835 13665 1061 2717 4313 20515 54190 1287 12181 10983 13844 34643 3235
leaf_count=3004 14194 12835 13665 1061 2717 4313 20515 54190 1287 12181 10983 13844 34643 3235
internal_value=3.07139e-05 0.00083424 -0.00114448 0.000355203 -0.00183085 0.000582074 0.000459272 0.000715971 0.00320695 1.35722e-05 -0.000672338 -0.0015123 -0.00072489 0.00191205
internal_weight=202667 120369 82298 107534 68633 104530 103469 99156 21802 77354 65173 65916 51722 17079
internal_count=202667 120369 82298 107534 68633 104530 103469 99156 21802 77354 65173 65916 51722 17079
is_linear=0
shrinkage=0.05


Tree=114
num_leaves=15
num_cat=0
split_feature=38 1 36 46 47 38 46 26 15 52 37 24 38 15
split_gain=73.7617 70.4093 105.388 76.9514 75.27 69.0476 92.3535 84.5084 78.9726 92.4415 83.5679 85.2056 100.976 110.577
threshold=1.7500000000000002 107.20000076293947 10.250000000000002 0.65000000596046459 3.7440588474273686 25.650000572204593 23.050000190734867 0.70009732246398937 149.25000000000003 -0.4218058288097381 86.500000000000014 13.500000000000002 14.150000095367433 83.500000000000014
decision_type=2 2 2 2 2 2 2 2 2 2 2 2 2 2
left_child=-1 2 -2 -3 -4 6 7 8 10 -10 11 -6 -13 -14
right_child=1 3 4 -5 5 -7 -8 -9 9 -11 -12 12 13 -15
leaf_value=-0.0080146963447054326 0.0052702782574907299 -0.00055442217261745814 0.0029216121994336875 -0.0069796428137403948 0.0018999584203713506 0.0017804552656375792 -0.0054849910804399896 -0.0017966566449218362 0.0085010415819844476 2.9890720911078528e-05 -0.002566472574880688 -0.0025761623471604548 0.0021435242364057855 -0.0017631717571233649
leaf_weight=2469 5720 29147 8955 4733 33307 15910 4777 29931 2617 2701 11015 17770 21542 12162
leaf_count=2469 5720 29147 8955 4733 33307 15910 4777 29931 2617 2701 11015 17770 21542 12162
internal_value=5.03043e-05 0.000156393 0.000579418 -0.00192092 0.000341792 7.87521e-05 -0.000286383 -3.71981e-05 0.000653653 0.00657845 0.000324092 0.000856518 -0.000418577 0.00118942
internal_weight=202756 200287 166407 33880 160687 151732 135822 131045 101114 5318 95796 84781 51474 33704
internal_count=202756 200287 166407 33880 160687 151732 135822 131045 101114 5318 95796 84781 51474 33704
is_linear=0
shrinkage=0.05


Tree=115
num_leaves=15
num_cat=0
split_feature=0 17 3 54 38 12 37 13 10 53 16 26 44 13
split_gain=76.0843 65.7147 65.6463 97.5211 105.387 103.986 70.6664 65.3573 68.4008 60.3958 58.7916 58.2485 62.5096 52.7161
threshold=32.750000000000007 -62.450000762939446 196.25000000000003 1.5000000000000002 5.0499999523162851 117.38611221313478 84.500000000000014 131.20982360839847 80.174999237060561 0.36447542905807501 14.050000190734865 0.69751134514808666 1.0000000180025095e-35 69.218452453613295
decision_type=2 2 2 2 2 2 2 2 2 2 2 2 2 2
left_child=9 -2 3 5 -5 -3 -7 8 10 -1 -6 -9 -13 -12
right_child=1 2 -4 4 7 6 -8 11 -10 -11 13 12 -14 -15
leaf_value=0.00090854712762422629 0.0027165590847982798 0.0065003308494376022 -0.00351763420407754 -0.0079938397578813332 -0.0051165072310577807 -0.0037399034426609879 0.001748652842882436 0.0065729652880696602 -0.0019418556912582652 0.0070077921267888647 -0.00034862761187030232 0.006530941212273423 -0.0033402985428444771 0.0016829906419732997
leaf_weight=33274 7413 4614 5167 4092 3560 2429 4502 2319 31691 4390 77072 1189 2118 18262
leaf_count=33274 7413 4614 5167 4092 3560 2429 4502 2319 31691 4390 77072 1189 2118 18262
internal_value=1.31122e-05 -0.000451234 -0.000668524 -0.000479724 -0.000843293 0.00393553 6.12304e-05 -0.00060545 -0.000832919 0.00203987 -0.000185028 0.00466643 0.000399457 5.08684e-05
internal_weight=202092 164428 157015 151848 140303 11545 6931 136211 130585 37664 98894 5626 3307 95334
internal_count=202092 164428 157015 151848 140303 11545 6931 136211 130585 37664 98894 5626 3307 95334
is_linear=0
shrinkage=0.05


Tree=116
num_leaves=15
num_cat=0
split_feature=51 52 28 49 56 36 50 33 53 18 21 8 51 50
split_gain=72.2087 68.5626 67.4587 70.7995 77.7236 65.4517 57.4864 55.338 54.1296 49.9737 45.7596 44.1387 43.3435 120.95
threshold=0.78656607866287243 0.9970000982284547 48.500000000000007 -1.0000000180025095e-35 35.649999618530281 7.8500001430511483 -1.0000000180025095e-35 8.5500001907348651 0.36447542905807501 47.45000076293946 9.5000000000000018 33.95000076293946 0.12940952181816107 0.60355338454246532
decision_type=2 2 2 10 2 2 2 2 2 2 2 2 2 2
left_child=1 2 8 12 10 -2 -7 -3 11 -6 -5 -1 -4 -14
right_child=5 7 3 4 9 6 -8 -9 -10 -11 -12 -13 13 -15
leaf_value=0.0019366401276586917 0.0061601085322667976 -0.0062211630088680192 -0.0023231186768292501 -0.0072209224118571008 0.0010477305090420351 0.0025370506992456136 -6.031141592909573e-05 0.0071770116898099328 0.0035686209304463326 -0.0027204459909726461 -0.0014170556686954987 -0.00080150454117874611 0.0016254797581849766 -0.0027792852840679175
leaf_weight=13520 1776 3480 26675 1290 47236 16490 24191 386 8086 4750 13556 16312 12454 12746
leaf_count=13520 1776 3480 26675 1290 47236 16490 24191 386 8086 4750 13556 16312 12454 12746
internal_value=2.38966e-05 -0.000461212 -0.000298624 -0.000885088 0.000190748 0.00185732 0.00144565 -0.00703044 0.00153712 0.00110201 -0.00299879 0.000552912 -0.00227089 -0.000783419
internal_weight=202948 160491 156625 118707 66832 42457 40681 3866 37918 51986 14846 29832 51875 25200
internal_count=202948 160491 156625 118707 66832 42457 40681 3866 37918 51986 14846 29832 51875 25200
is_linear=0
shrinkage=0.05


Tree=117
num_leaves=15
num_cat=0
split_feature=51 50 52 46 0 54 49 38 19 55 57 49 51 36
split_gain=67.4407 101.067 66.7579 63.8354 67.1969 56.1511 58.3305 78.4371 58.0144 55.4193 53.9711 47.8343 46.4239 43.0002
threshold=0.60355338454246532 0.12940952181816109 0.9970000982284547 19.44999980926514 126.89999771118165 1.5000000000000002 1.0000000180025095e-35 5.0499999523162851 34.649999618530281 2.5000000000000004 61.416667938232429 -1.0000000180025095e-35 -0.6035533845424651 10.250000000000002
decision_type=2 2 2 2 2 2 8 2 2 2 2 10 2 2
left_child=2 13 3 4 5 -1 8 -8 -7 -4 -6 -12 -13 -2
right_child=1 -3 9 -5 10 6 7 -9 -10 -11 11 12 -14 -15
leaf_value=0.0038782657708479832 0.0059415163250538866 -0.00068262986441991859 -1.0505008526345838e-05 -0.0033157675228122439 -0.0070805935847829578 0.0033652194351969089 -0.0063778868757054302 0.00088577171101435973 -0.0013483044380022777 -0.0091587350860640147 -0.0024752435761764384 0.0027511014785912835 -0.0019060225299962459 0.001869295108122726
leaf_weight=4950 2424 25132 1449 6879 2149 4339 2836 64836 38097 1981 5663 4581 5394 31147
leaf_count=4950 2424 25132 1449 6879 2149 4339 2836 64836 38097 1981 5663 4581 5394 31147
internal_value=1.00314e-05 0.00143708 -0.000575214 -0.000405771 -0.000162395 0.000279835 4.54058e-05 0.00095668 -0.00140767 -0.0074564 -0.00302158 -0.00199706 8.76314e-05 0.00323174
internal_weight=201857 58703 143154 139724 132845 115058 110108 67672 42436 3430 17787 15638 9975 33571
internal_count=201857 58703 143154 139724 132845 115058 110108 67672 42436 3430 17787 15638 9975 33571
is_linear=0
shrinkage=0.05


Tree=118
num_leaves=15
num_cat=0
split_feature=37 44 23 47 26 53 37 19 52 55 12 38 26 55
split_gain=68.795 114.104 94.2097 78.8644 92.4597 121.241 72.9332 65.4951 62.4618 59.106 61.7637 73.5205 68.9761 57.8972
threshold=44.500000000000007 -3.5867660045623775 0.19500000029802325 5.9505317211151132 0.69821891188621532 -0.94137725234031666 83.500000000000014 61.350000381469734 -0.97113886475563038 1.5000000000000002 52.816667556762702 25.349999427795414 0.66164091229438793 1.5000000000000002
decision_type=2 2 2 2 2 2 2 2 2 2 2 2 2 2
left_child=1 -1 -2 7 6 13 9 -4 -8 -5 -11 12 -12 -6
right_child=2 -3 3 4 5 -7 8 -9 -10 10 11 -13 -14 -15
leaf_value=0.0027329872167875138 0.003868092753841517 -0.0022127969939874726 0.0031678152024988944 0.0023624848327755813 -0.0062851903360807678 -0.0042305013531277903 -0.010494604325541237 0.00042551313984439749 -0.0011418153463499474 0.0016207214532409865 -0.0039296609206035393 0.0030222648432365589 8.165865141048779e-05 0.009237183349940347
leaf_weight=8630 8938 33385 13399 14078 594 14340 1608 49911 17654 15771 9673 2559 10103 1628
leaf_count=8630 8938 33385 13399 14078 594 14340 1608 49911 17654 15771 9673 2559 10103 1628
internal_value=5.22788e-05 -0.00174836 0.000524441 0.000229634 -0.000738485 -0.00410331 4.19839e-05 0.00157533 -0.00258665 0.00101257 -1.04943e-05 -0.00170172 -0.00273426 0.00674283
internal_weight=202271 42015 160256 151318 88008 16562 71446 63310 19262 52184 38106 22335 19776 2222
internal_count=202271 42015 160256 151318 88008 16562 71446 63310 19262 52184 38106 22335 19776 2222
is_linear=0
shrinkage=0.05


Tree=119
num_leaves=15
num_cat=0
split_feature=0 54 33 47 25 46 45 37 48 46 36 36 1 47
split_gain=70.3521 104.534 89.9503 73.6467 54.6672 56.3414 59.0766 47.9052 46.101 42.9668 42.7546 42.1791 40.9161 40.6473
threshold=105.79999923706056 1.5000000000000002 1.0000000180025095e-35 3.7440588474273686 8.2500000000000018 29.849999427795414 1.0811830759048464 37.500000000000007 8.7500000000000018 0.65000000596046459 19.050000190734867 36.250000000000007 42.649999618530281 7.1231663227081308
decision_type=2 2 2 2 2 2 2 2 2 2 2 2 2 2
left_child=1 -1 8 10 13 6 7 -6 9 -2 12 -9 -3 -5
right_child=2 3 -4 4 5 -7 -8 11 -10 -11 -12 -13 -14 -15
leaf_value=0.0050577386762092769 0.00015459259171747843 0.013794047522257387 -0.0064652397814380785 0.0037487073050346724 -0.0027459152752567135 -0.0049628004801261444 0.00075773666277832448 -0.00039436514771801819 -0.0048047205783647426 -0.0056888340817175809 0.0016977988863544542 0.0048893167685271077 0.0033964393078227198 0.00053082639775038913
leaf_weight=5408 25641 651 4040 8224 14306 3088 46967 62765 3064 3345 5706 787 2135 16421
leaf_count=5408 25641 651 4040 8224 14306 3088 46967 62765 3064 3345 5706 787 2135 16421
internal_value=7.15844e-05 0.000505503 -0.00192936 0.000275674 2.32683e-05 -0.000392228 -0.0002269 -0.00107169 -0.0010418 -0.000424196 0.00480475 -0.000482993 0.00987124 0.00217907
internal_weight=202548 166458 36090 161050 152558 127913 124825 77858 32050 28986 8492 63552 2786 24645
internal_count=202548 166458 36090 161050 152558 127913 124825 77858 32050 28986 8492 63552 2786 24645
is_linear=0
shrinkage=0.05


Tree=120
num_leaves=15
num_cat=0
split_feature=0 16 53 53 55 43 53 24 52 27 14 57 13 25
split_gain=70.4403 62.8032 60.34 64.6093 88.3325 55.4909 55.2252 54.922 107.909 90.477 80.5102 63.4302 49.8171 49.3787
threshold=37.549999237060554 17.550000190734867 0.36447542905807501 -0.50557503104209889 1.5000000000000002 32.500000000000007 0.94353348016738903 4.5000000000000009 -0.2102246284484863 16.050000190734867 29.723573684692386 191.76666259765628 37.368154525756843 10.050000190734865
decision_type=2 2 2 2 2 10 2 2 2 2 2 2 2 2
left_child=2 6 3 4 -1 -4 -2 8 12 -9 -10 -12 -3 -6
right_child=1 7 5 -5 13 -7 -8 9 10 -11 11 -13 -14 -15
leaf_value=-0.0014565854709908733 -0.0044487361023594187 -0.0068971462454941734 0.0094204037050086321 -0.0006118245142458762 0.0051270931373112163 0.0022980115198546923 0.01408547660229665 -0.0032141197122187329 0.0041295587231631571 -0.00026796856750350707 -0.00050420291305906318 0.0042243944382633711 -0.0004786528143565866 0.00068987597380368998
leaf_weight=6297 7801 1586 2298 24005 9358 4085 236 12425 10934 82667 11296 3072 21020 5645
leaf_count=6297 7801 1586 2298 24005 9358 4085 236 12425 10934 82667 11296 3072 21020 5645
internal_value=-1.27013e-05 -0.000557939 0.00158033 0.000938431 0.00294228 0.0061278 -0.00485585 -0.000316062 0.00106432 -0.00101155 0.00330673 0.000845041 -0.00144588 0.00502731
internal_weight=202725 151037 51688 45305 21300 6383 8037 143000 47908 95092 25302 14368 22606 15003
internal_count=202725 151037 51688 45305 21300 6383 8037 143000 47908 95092 25302 14368 22606 15003
is_linear=0
shrinkage=0.05


Tree=121
num_leaves=15
num_cat=0
split_feature=19 38 55 0 36 38 33 52 50 30 46 36 0 52
split_gain=67.9068 63.9344 61.6442 59.7816 80.6904 60.1082 73.5813 61.1147 56.6125 57.7601 56.0908 89.9102 52.9032 55.1383
threshold=24.849999427795414 1.7500000000000002 1.5000000000000002 197.6499938964844 10.250000000000002 8.8499999046325701 1.0000000180025095e-35 -0.32614396512508387 0.91597560048103344 32.500000000000007 1.0000000180025095e-35 23.849999427795414 82.099998474121108 -0.22701068967580793
decision_type=2 2 2 2 2 2 2 2 2 8 2 2 2 2
left_child=-1 2 -2 4 12 6 7 -6 9 -7 11 -9 -3 -14
right_child=1 3 -4 -5 5 8 -8 10 -10 -11 -12 -13 13 -15
leaf_value=0.0053207978661277446 0.0023812620993952957 0.0066969337292103861 -0.013332262926317196 -0.0025739726381092329 -0.0046408675039139539 0.0022627138880133668 -0.0065749347683800091 0.0032524849965066163 -0.0017115583456190021 0.00011879071500613464 -0.0071525768805491196 -0.0030577125092580981 -0.0044615171725226653 0.001810319190056959
leaf_weight=5664 718 3531 1409 6140 2882 15425 4038 8318 18721 120610 1810 5029 978 7170
leaf_count=5664 718 3531 1409 6140 2882 15425 4038 8318 18721 120610 1810 5029 978 7170
internal_value=1.79054e-05 -0.000137584 -0.00873889 -4.31517e-05 0.000115106 -0.00015084 -0.00259089 -0.00122306 0.000197395 0.000552207 4.78011e-05 0.0011698 0.00413851 0.00191836
internal_weight=202443 196779 2127 194652 188512 176833 22077 18039 154756 136035 15157 13347 11679 8148
internal_count=202443 196779 2127 194652 188512 176833 22077 18039 154756 136035 15157 13347 11679 8148
is_linear=0
shrinkage=0.05


Tree=122
num_leaves=15
num_cat=0
split_feature=47 26 53 42 33 24 44 43 20 20 18 42 53 11
split_gain=63.4389 93.4928 81.3865 74.7539 64.3139 66.274 92.7034 61.0101 53.8557 51.353 50.7931 50.7573 45.9693 54.0996
threshold=3.0484359264373784 0.80370578169822704 -0.74443665146827687 9.9499998092651385 1.0000000180025095e-35 16.500000000000004 -0.19943831861019132 2732.5000000000005 15.84999990463257 52.549999237060554 55.600000381469734 5.1499998569488534 -0.69676771759986866 66.685417175292983
decision_type=2 2 2 2 2 2 2 8 2 2 2 2 2 2
left_child=-1 4 -3 8 5 9 12 11 -4 -2 -6 -8 13 -7
right_child=1 2 3 -5 10 6 7 -9 -10 -11 -12 -13 -14 -15
leaf_value=0.002480974746588416 0.0024287679822426493 0.0022704695223702723 0.0015446482545496965 -0.010177969006139161 -0.00038257356201763516 0.0052430765937505168 -0.00026959735060137958 0.00066751775216473551 -0.0021576906033208402 0.00040839745865345057 -0.010550843056324801 -0.0051956754527518554 6.7673989499030931e-05 -0.001962060437222809
leaf_weight=7941 29636 5967 5581 3005 58900 5934 3710 5774 30077 23703 820 7221 12544 1865
leaf_count=7941 29636 5967 5581 3005 58900 5934 3710 5774 30077 23703 820 7221 12544 1865
internal_value=6.51247e-05 -0.000113609 -0.00212254 -0.00296137 0.000483789 0.00132499 -0.00029953 -0.00305863 -0.00232141 0.00245319 -0.000789386 -0.00525318 0.00196654 0.00497823
internal_weight=202678 194737 44630 38663 150107 90387 37048 16705 35658 53339 59720 10931 20343 7799
internal_count=202678 194737 44630 38663 150107 90387 37048 16705 35658 53339 59720 10931 20343 7799
is_linear=0
shrinkage=0.05


Tree=123
num_leaves=15
num_cat=0
split_feature=0 53 15 53 38 19 15 47 4 24 51 50 49 0
split_gain=67.7758 77.2567 68.3185 66.2517 63.2017 59.7093 57.2121 56.6545 58.0831 54.5806 52.8476 113.528 62.5021 52.1043
threshold=64.40000152587892 0.69521084427833568 63.199998855590827 0.97263759374618541 1.7500000000000002 11.650000095367433 149.25000000000003 6.5402126312255868 101.59999847412111 8.5000000000000018 0.12940952181816107 0.12940952181816109 1.0000000180025095e-35 187.44999694824222
decision_type=2 2 2 2 2 2 2 2 2 2 2 2 8 2
left_child=1 4 -3 13 -1 -6 10 8 -5 -4 -7 12 -12 -2
right_child=3 2 9 7 5 6 -8 -9 -10 -11 11 -13 -14 -15
leaf_value=-0.0092029462773155976 -0.00090960858002047502 0.012256997793633234 0.0035746140359976478 0.0062031177096954467 0.025653217256182262 -0.00045709577922878889 0.0091252768451980278 -0.004557982899599267 0.00077789739422670678 -0.0024964766399424598 0.0012629577787033248 -0.00078862318589051133 0.0054239354970586585 -0.0042169311323410133
leaf_weight=1430 64721 1708 7023 2397 447 57632 1135 1183 10023 2146 17736 22229 8767 3590
leaf_count=1430 64721 1708 7023 2397 447 57632 1135 1183 10023 2146 17736 22229 8767 3590
internal_value=1.54568e-05 0.000771019 0.00478782 -0.0010937 0.000371163 0.00050993 0.00043322 0.00209175 0.0030893 0.00306951 0.000313516 0.00152538 0.00373496 -0.00172824
internal_weight=202167 120253 10877 81914 109376 107946 107499 13603 12420 9169 106364 48732 26503 68311
internal_count=202167 120253 10877 81914 109376 107946 107499 13603 12420 9169 106364 48732 26503 68311
is_linear=0
shrinkage=0.05


Tree=124
num_leaves=15
num_cat=0
split_feature=19 45 26 47 16 53 53 40 16 37 55 13 19 23
split_gain=64.7939 55.6318 55.6907 114.79 88.6294 87.3518 54.8646 54.5652 58.1732 54.0152 53.7029 55.051 61.9247 53.3238
threshold=29.550000190734867 1.0811830759048464 0.70052310824394237 3.9468418359756474 41.149999618530281 0.8930937945842744 0.71952396631240856 986.85000610351574 75.549999237060561 75.500000000000014 5.5000000000000009 85.041961669921889 212.09999847412112 0.19500000029802325
decision_type=2 2 2 2 2 2 2 2 2 2 2 2 2 2
left_child=-1 2 10 4 6 -6 -4 8 -3 -5 11 -2 -13 -12
right_child=1 7 3 9 5 -7 -8 -9 -10 -11 13 12 -14 -15
leaf_value=0.0036371121282620269 -0.00020856165104392242 0.00029266548340877374 0.00099021097822443011 -0.0044070272680052326 -0.0040779289217707541 0.0015544721432768237 0.0061497961883287865 0.0022394648384482228 -0.012252251087490973 -0.0011118727927327543 0.0078433621020580109 0.0031084332463535203 -0.00085293381811099404 -0.0027634346351938441
leaf_weight=8977 55838 52822 3914 16666 3868 4408 2664 12847 600 11035 613 12317 4598 11574
leaf_count=8977 55838 52822 3914 16666 3868 4408 2664 12847 600 11035 613 12317 4598 11574
internal_value=-8.26136e-06 -0.000200749 -0.000811537 -0.00228768 0.00125807 -0.00218441 0.00558591 0.00097429 0.000270437 -0.00418877 -7.18069e-05 0.000442876 0.00294092 -0.00314217
internal_weight=202741 193764 127495 42555 14854 8276 6578 66269 53422 27701 84940 72753 16915 12187
internal_count=202741 193764 127495 42555 14854 8276 6578 66269 53422 27701 84940 72753 16915 12187
is_linear=0
shrinkage=0.05


Tree=125
num_leaves=15
num_cat=0
split_feature=0 37 52 47 44 38 16 16 49 18 51 13 13 16
split_gain=61.5819 61.2017 70.697 73.3198 62.6352 53.4012 51.9945 61.7531 50.3917 61.4946 56.0913 60.6024 46.2354 74.9993
threshold=45.350000381469734 44.500000000000007 -0.48314717411994929 8.0706601142883319 -4.0064909458160392 14.84999990463257 17.550000190734867 4.3000000715255746 -1.0000000180025095e-35 45.850000381469734 0.60355338454246532 117.51011657714845 44.695833206176765 10.550000190734865
decision_type=2 2 2 2 2 2 2 2 10 2 2 2 2 2
left_child=1 4 3 12 5 -1 7 -2 10 -10 -8 -12 13 -3
right_child=6 2 -4 -5 -6 -7 8 -9 9 -11 11 -13 -14 -15
leaf_value=0.0011462858163663215 0.018582121497425576 0.012507094497939953 0.0028102447419436562 -0.0033256502170603748 -0.0014683321835486885 0.013419601441428414 -0.0016316808435210073 -0.0049753557246605129 0.00070951498601609935 -0.0026599819044284879 -0.0005074602995146976 0.0033173846200730116 0.0026049620609040758 -0.0019822851954522081
leaf_weight=3633 190 516 28856 4917 19286 1119 34951 5399 56483 6871 18763 4606 10949 5979
leaf_count=3633 190 516 28856 4917 19286 1119 34951 5399 56483 6871 18763 4606 10949 5979
internal_value=6.36949e-05 0.00119744 0.00217415 6.36985e-05 -0.000883649 0.00425241 -0.000606767 -0.00531791 -0.000389944 0.000586295 -0.00145037 0.000445913 0.00158416 -0.00175634
internal_weight=202518 75255 51217 22361 24038 4752 127263 5589 121674 63354 58320 23369 17444 6495
internal_count=202518 75255 51217 22361 24038 4752 127263 5589 121674 63354 58320 23369 17444 6495
is_linear=0
shrinkage=0.05


Tree=126
num_leaves=15
num_cat=0
split_feature=52 55 28 47 37 38 49 29 50 24 8 0 52 37
split_gain=59.4811 94.9805 64.5238 64.3636 82.4148 75.8088 80.6206 75.9868 70.3622 56.6527 54.5523 53.9938 53.6682 52.2379
threshold=0.9970000982284547 2.5000000000000004 36.500000000000007 8.0706601142883319 58.500000000000007 13.550000190734865 67.500000000000014 5.8500001430511483 0.91597560048103344 8.5000000000000018 57.549999237060554 20.849999427795414 0.96687895059585582 42.500000000000007
decision_type=2 2 2 2 2 2 8 2 2 2 2 2 2 2
left_child=2 -2 13 4 5 7 -7 -4 11 -9 12 -6 -5 -1
right_child=1 -3 3 10 8 6 -8 9 -10 -11 -12 -13 -14 -15
leaf_value=0.00046972612895254326 0.0024975394772444367 -0.0073050495953032512 -0.0055692000977973308 -0.0028532113008078704 0.010058686597684552 -0.0030449077570997964 0.0016344315526319348 0.0018057813570121206 -0.0012448297542451859 -0.0045675886512758198 0.00012235911014819024 0.00098566000109160637 0.0035356127761460385 0.0043009779849152996
leaf_weight=15104 1984 2847 8917 20892 1651 5579 13950 4757 15527 2812 18105 77206 2252 10389
leaf_count=15104 1984 2847 8917 20892 1651 5579 13950 4757 15527 2812 18105 77206 2252 10389
internal_value=6.85705e-05 -0.00540694 0.000203017 -0.000145638 0.000398937 -0.00163567 0.000472133 -0.0041313 0.00117539 -0.000445309 -0.00186687 0.00178116 -0.00347456 0.0025497
internal_weight=201972 4831 197141 171648 130399 36015 19529 16486 94384 7569 41249 78857 23144 25493
internal_count=201972 4831 197141 171648 130399 36015 19529 16486 94384 7569 41249 78857 23144 25493
is_linear=0
shrinkage=0.05


Tree=127
num_leaves=15
num_cat=0
split_feature=42 26 0 49 37 38 54 24 28 13 0 57 47 38
split_gain=59.8189 64.0825 60.9634 63.5131 79.4565 56.0712 62.8897 58.6108 78.187 55.7569 69.872 60.084 51.491 50.2894
threshold=10.050000190734865 0.87611177563667308 23.750000000000004 1.0000000180025095e-35 47.500000000000007 16.44999980926514 10.500000000000002 4.5000000000000009 70.500000000000014 41.716072082519538 54.049999237060554 132.51666259765628 3.5169047117233281 3.3500000238418584
decision_type=2 2 2 8 2 2 2 2 2 2 2 2 2 2
left_child=2 13 -1 4 -4 7 -7 -5 -9 -6 12 -12 -11 -2
right_child=1 -3 3 5 9 6 -8 8 -10 10 11 -13 -14 -15
leaf_value=0.0032586123795860485 -0.010250327072910027 -0.0088280879990683021 -0.00438935914039523 0.0012031067359069417 -0.0030617080177297164 0.0014241114303213233 0.010826407398913414 0.00052859106562713342 -0.0031527770502930014 0.007605834937609946 -0.0016872932582235878 0.0012552758832216988 0.001006484497047988 -0.00058754109096527537
leaf_weight=11882 932 2777 7104 22521 7172 32527 1209 15469 11736 1393 24908 9291 23583 29824
leaf_count=11882 932 2777 7104 22521 7172 32527 1209 15469 11736 1393 24908 9291 23583 29824
internal_value=1.23556e-05 -0.0019162 0.000395575 0.000133983 -0.000938253 0.00107761 0.00265068 1.00531e-05 -0.00155153 -0.000399732 0.000105179 -0.00136295 0.00211518 -0.00125788
internal_weight=202328 33533 168795 156913 73451 83462 33736 49726 27205 66347 59175 34199 24976 30756
internal_count=202328 33533 168795 156913 73451 83462 33736 49726 27205 66347 59175 34199 24976 30756
is_linear=0
shrinkage=0.05


Tree=128
num_leaves=15
num_cat=0
split_feature=0 54 52 47 38 30 38 14 0 52 46 33 0 23
split_gain=59.1713 95.6872 66.7868 64.1601 60.0565 48.8834 65.1922 56.2784 54.3785 51.6915 50.6029 48.2434 51.7928 51.1226
threshold=105.79999923706056 1.5000000000000002 0.54219430685043346 3.7440588474273686 1.0000000180025095e-35 47.500000000000007 25.650000572204593 46.867082595825202 23.250000000000004 0.99761915206909191 23.050000190734867 1.0000000180025095e-35 197.6499938964844 1.4550000429153445
decision_type=2 2 2 2 2 10 2 2 2 2 2 2 2 2
left_child=1 -1 11 -3 -5 9 7 10 -8 -6 -7 12 13 -2
right_child=2 3 -4 4 5 6 8 -9 -10 -11 -12 -13 -14 -15
leaf_value=0.0048547581621363571 0.00018133295694207284 0.0026844753233173872 -0.0058428923471933042 -0.01084773006129165 0.0013485272904321529 -0.00054436025308474687 0.011008951335351937 0.006251017859237179 0.0010412829425715101 -0.0048998495102671865 -0.0047112609855681775 -0.0046368008715721391 -0.002327123476475533 0.0079869139436340997
leaf_weight=5468 21358 8507 4009 1209 36815 92421 695 1329 14170 1445 4429 3603 5988 891
leaf_count=5468 21358 8507 4009 1209 36815 92421 695 1329 14170 1445 4429 3603 5988 891
internal_value=5.96747e-05 0.000456462 -0.00178268 0.00023536 -4.91729e-07 8.85576e-05 -0.000434306 -0.000901578 0.00265042 0.00163313 -0.00104223 -0.0010157 -0.000319503 0.000791815
internal_weight=202337 166488 35849 161020 152513 151304 113044 98179 14865 38260 96850 31840 28237 22249
internal_count=202337 166488 35849 161020 152513 151304 113044 98179 14865 38260 96850 31840 28237 22249
is_linear=0
shrinkage=0.05


Tree=129
num_leaves=15
num_cat=0
split_feature=0 36 47 53 47 11 38 24 12 13 55 34 16 0
split_gain=56.1143 77.7946 60.6957 60.3527 62.0565 60.8745 57.1128 75.4748 62.9463 55.8955 57.1475 54.0562 53.6923 66.3214
threshold=63.449998855590827 15.050000190734865 5.2563300132751474 0.97263759374618541 6.4731237888336191 114.8833351135254 10.949999809265138 18.500000000000004 49.894443511962898 180.56636810302737 2.5000000000000004 -4.6499998569488517 88.599998474121108 158.09999847412112
decision_type=2 2 2 2 2 2 2 2 2 2 2 2 2 2
left_child=1 2 -1 9 5 -5 7 -3 -9 11 -11 -2 13 -13
right_child=3 6 -4 4 -6 -7 -8 8 -10 10 -12 12 -14 -15
leaf_value=0.0079309854942748986 -0.01329345956303859 0.00032185431893324017 0.0018116998961033148 0.006399092999243669 -0.0050113872299001275 0.00091523436810272973 0.00057414464214360506 -0.0024319780893489124 -0.010102539672056311 0.00028103128407234464 -0.016293527117133434 -0.00078688437715305711 0.0019541656191528192 -0.00427043425031779
leaf_weight=2356 893 12241 7391 1944 1246 10509 88652 6140 2166 592 853 58490 5208 4189
leaf_count=2356 893 12241 7391 1944 1246 10509 88652 6140 2166 592 853 58490 5208 4189
internal_value=-7.88644e-06 0.000690591 0.00496823 -0.000997808 0.00203698 0.00310319 0.000308354 -0.00206621 -0.00574194 -0.00159002 -0.0112887 -0.00138465 -0.00122281 -0.00162828
internal_weight=202870 118946 9747 83924 13699 12453 109199 20547 8306 70225 1445 68780 67887 62679
internal_count=202870 118946 9747 83924 13699 12453 109199 20547 8306 70225 1445 68780 67887 62679
is_linear=0
shrinkage=0.05


Tree=130
num_leaves=15
num_cat=0
split_feature=0 38 55 40 0 47 26 40 33 52 37 38 46 12
split_gain=59.2104 53.6285 95.9203 54.1994 51.6695 63.0177 81.9049 75.9346 74.3122 61.2453 55.7277 61.512 78.772 78.9101
threshold=16.849999427795414 3.6499999761581425 2.5000000000000004 995.95001220703136 174.85000610351565 3.701041698455811 0.75628590583801281 986.85000610351574 8.1500000953674334 -0.44504626095294947 86.500000000000014 17.349999427795414 7.6499998569488534 86.419445037841811
decision_type=2 2 2 2 2 2 2 2 2 2 2 2 2 2
left_child=-1 2 -2 4 5 9 7 10 -9 -3 11 -7 13 -13
right_child=1 3 -4 -5 -6 6 -8 8 -10 -11 -12 12 -14 -15
leaf_value=0.0053296003559687782 0.0024983803467353658 0.00011168077633046287 -0.0085435648006403804 0.0047797411899298684 -0.0019693761193188054 -0.0010050161958145927 -0.0016735960483165637 0.0017896753845658975 -0.0068492222675155942 0.0039905927230619006 -0.0022169707346644304 0.0016894047978272932 -0.001642138245215942 -0.0048949361202861646
leaf_weight=5163 1849 7341 2903 1600 9191 36768 35658 33927 1342 6616 13930 35819 8441 1889
leaf_count=5163 1849 7341 2903 1600 9191 36768 35658 33927 1342 6616 13930 35819 8441 1889
internal_value=-2.72911e-05 -0.000165751 -0.00540739 -3.60979e-05 -0.000113129 7.1943e-05 -0.000196681 0.000377291 0.0023633 0.00329885 -0.000346129 0.00014561 0.00136106 0.00233841
internal_weight=202437 197274 4752 192522 190922 181731 167774 132116 35269 13957 96847 82917 46149 37708
internal_count=202437 197274 4752 192522 190922 181731 167774 132116 35269 13957 96847 82917 46149 37708
is_linear=0
shrinkage=0.05


Tree=131
num_leaves=15
num_cat=0
split_feature=0 36 19 38 15 47 52 47 13 12 52 23 52 12
split_gain=56.3386 74.0016 57.0043 60.8276 60.9362 54.6447 53.3236 64.218 65.8083 76.3253 78.1792 52.6568 51.5575 51.338
threshold=81.15000152587892 14.449999809265138 11.650000095367433 9.8499999046325701 149.25000000000003 5.3084220886230478 -0.78326541185379017 7.2844097614288339 39.385715484619148 56.456945419311531 -0.81429189443588246 0.88499999046325695 0.95502296090126049 67.888195037841811
decision_type=2 2 2 2 2 2 2 2 2 2 2 2 2 2
left_child=1 5 -3 12 6 -1 7 8 -5 10 -10 -9 -4 -13
right_child=-2 2 3 4 -6 -7 -8 11 9 -11 -12 13 -14 -15
leaf_value=0.0062439604545185051 -0.00084221886999674006 0.023906773882814238 -0.00078495810469954438 -0.0030722829837670773 0.0056466923567174117 0.0014546028965527924 0.00072784677951442532 -0.0045218463891146948 0.0034563773446378262 -0.0014397133564338959 -0.01141002217536006 -0.0026522103293232535 -0.0060330085747928065 0.008372186622171738
leaf_weight=3338 56925 647 13644 4977 2618 8921 77805 7428 10372 9258 347 1022 4598 696
leaf_count=3338 56925 647 13644 4977 2618 8921 77805 7428 10372 9258 347 1022 4598 696
internal_value=7.15675e-06 0.000528381 0.000186626 0.000113915 0.00054111 0.00424444 0.000364339 -0.00128408 3.00433e-05 0.0013121 0.00418259 -0.00486566 -0.00256684 0.00300926
internal_weight=202596 145671 133412 132765 114523 12259 111905 34100 24954 19977 10719 9146 18242 1718
internal_count=202596 145671 133412 132765 114523 12259 111905 34100 24954 19977 10719 9146 18242 1718
is_linear=0
shrinkage=0.05


Tree=132
num_leaves=15
num_cat=0
split_feature=51 50 50 38 46 50 43 44 50 47 15 37 56 37
split_gain=55.062 209.809 142.34 96.4991 84.199 63.0984 114.887 55.5623 49.758 49.6829 48.7734 60.3444 51.3971 48.7495
threshold=0.12940952181816107 0.12940952181816109 -0.37940952181816096 15.750000000000002 19.349999427795414 0.98296290636062633 317.50000000000006 -2.4722931385040279 0.91597560048103344 5.3084220886230478 60.399999618530281 64.500000000000014 42.899999618530281 81.500000000000014
decision_type=2 2 2 2 2 2 8 2 2 2 2 2 2 2
left_child=2 10 3 7 5 6 8 -1 -4 -3 -2 12 -12 -8
right_child=1 9 4 -5 -6 -7 13 -9 -10 -11 11 -13 -14 -15
leaf_value=-0.00018335756504457291 0.0043016499178498693 0.00066220516665336203 0.0043786228305845651 -0.00019003974553217785 -0.004957838009074126 -0.0023138289995111487 0.00033713739175380566 -0.0042842352580313506 0.00073115548231686162 -0.0019967470142715884 0.006539588522547074 0.0020803207124061836 -0.0013705353603684579 -0.0034639891033071109
leaf_weight=4803 12355 11563 13650 18281 3394 8036 33275 19060 6538 30511 1837 26047 10345 2695
leaf_count=4803 12355 11563 13650 18281 3394 8036 33275 19060 6538 30511 1837 26047 10345 2695
internal_value=7.41107e-06 0.000904843 -0.000750396 -0.00303055 0.000671618 0.00107781 0.00167088 -0.00512399 0.00468858 -0.00170374 0.00307448 0.00219083 -0.000713583 -2.36242e-05
internal_weight=202390 92658 109732 42144 67588 64194 56158 23863 20188 42074 50584 38229 12182 35970
internal_count=202390 92658 109732 42144 67588 64194 56158 23863 20188 42074 50584 38229 12182 35970
is_linear=0
shrinkage=0.05


Tree=133
num_leaves=15
num_cat=0
split_feature=42 19 28 38 49 37 1 36 38 53 57 44 16 28
split_gain=51.2161 62.7973 58.8259 72.1901 57.2077 53.6243 44.6735 60.0363 56.2861 65.9184 43.1542 41.6251 45.8702 40.2075
threshold=10.150000095367433 24.849999427795414 50.500000000000007 15.150000095367433 1.0000000180025095e-35 47.500000000000007 127.34999847412111 17.750000000000004 16.44999980926514 0.44312302768230444 61.783332824707038 5.7384941577911386 117.90000152587892 38.500000000000007
decision_type=2 2 2 2 8 2 2 2 2 2 2 2 2 2
left_child=1 -1 3 -2 5 -3 7 -6 -9 -10 -8 -12 -13 -7
right_child=2 4 -4 -5 6 13 10 8 9 -11 11 12 -14 -15
leaf_value=0.0057108318699663485 -0.0014955214987518479 -0.0031814965119068201 -0.0024250656936602947 0.0049656616537352349 0.0031122941240794249 0.0026469594929104169 -0.0049134586352206633 -0.00049237635798831357 0.0011961223823183924 0.0079598402559797523 0.00031095432432845223 -0.0087496204887320822 0.0092980828438214997 -0.00041267280640328588
leaf_weight=4761 8241 8825 19598 4501 11618 5915 1723 26834 31864 1244 12276 1371 160 63036
leaf_count=4761 8241 8825 19598 4501 11618 5915 1723 26834 31864 1244 12276 1371 160 63036
internal_value=1.79476e-05 0.000365634 -0.00180526 0.000839084 0.00020197 -0.00078356 0.00108209 0.00160961 0.000971611 0.00235069 -0.00134813 -0.000414345 -0.00816029 -0.000313583
internal_weight=201967 169627 32340 12742 164866 77776 87090 71560 59942 33108 15530 13807 1531 68951
internal_count=201967 169627 32340 12742 164866 77776 87090 71560 59942 33108 15530 13807 1531 68951
is_linear=0
shrinkage=0.05


Tree=134
num_leaves=15
num_cat=0
split_feature=0 13 34 56 49 57 11 0 13 52 41 13 8 42
split_gain=52.3857 54.0706 51.7103 48.7468 71.5008 58.4082 48.6949 48.3641 46.3794 46.0481 49.8925 46.1144 43.7706 40.4328
threshold=45.350000381469734 28.755059242248539 -4.7499999999999991 37.549999237060554 -1.0000000180025095e-35 154.68333435058597 63.462499618530281 66.950000762939467 177.52320861816409 -0.71504372358322132 96.500000000000014 65.286308288574233 184.1499938964844 5.5499999523162851
decision_type=2 2 2 2 10 2 2 2 2 2 2 2 2 2
left_child=1 -1 6 -4 5 7 -2 -5 -7 10 -3 -11 13 -6
right_child=2 9 3 4 12 8 -8 -9 -10 11 -12 -13 -14 -15
leaf_value=-0.0028632752718058675 -0.00022611546397558054 0.00014451015959276309 -0.0023208598198187838 -0.00027166940910190035 0.0020040546268729077 0.0023425573836451997 -0.01313833648438064 -0.0022108072929582722 -0.0029359197462517209 0.0011231667607160046 -0.0078533387659541383 0.0042740906177861637 -0.0021273815439831686 0.0002432954210822333
leaf_weight=4252 952 16666 13500 23977 21243 6320 1035 24091 1470 45397 2150 6671 4802 29708
leaf_count=4252 952 16666 13500 23977 21243 6320 1035 24091 1470 45397 2150 6671 4802 29708
internal_value=7.41678e-07 0.00104729 -0.000617978 -0.000490525 -0.00014715 -0.00141136 -0.0086004 -0.00206227 0.00260256 0.001376 -0.000743652 0.00214198 0.00111947 0.00154971
internal_weight=202234 75136 127098 125111 111611 55858 1987 48068 7790 70884 18816 52068 55753 50951
internal_count=202234 75136 127098 125111 111611 55858 1987 48068 7790 70884 18816 52068 55753 50951
is_linear=0
shrinkage=0.05


Tree=135
num_leaves=15
num_cat=0
split_feature=25 46 45 37 26 52 24 0 12 24 38 0 44 43
split_gain=51.153 51.5136 48.9535 46.7251 80.7097 57.0867 53.417 70.7219 50.5088 50.2854 75.3182 45.7072 41.7924 40.699
threshold=8.2500000000000018 29.849999427795414 1.2888796329498293 64.500000000000014 0.69974538683891307 -0.099819734692573533 2.5000000000000004 89.500000000000014 204.55208587646487 13.500000000000002 15.050000190734865 92.799999237060561 -5.1924204826354972 41.875000000000007
decision_type=2 2 2 2 2 2 2 2 2 2 2 2 2 10
left_child=-1 2 3 4 9 8 -7 -8 -5 12 -11 13 -2 -6
right_child=1 -3 -4 5 11 6 7 -9 -10 10 -12 -13 -14 -15
leaf_value=0.0015463620334919008 -0.0034800120751774786 -0.0043562957365471987 0.00065508634162058104 -0.00055632118351229274 -0.0069044702762079552 0.0030531886681876758 0.001910395957482644 -0.0019764951666899192 -0.010876625155098957 -0.0036847122746107991 0.00074440498029430542 -0.0059650228273132773 0.0018340603455110434 -0.001541971475721593
leaf_weight=25414 2043 3382 56219 36785 1224 8268 12140 7664 638 10221 9335 4679 13071 11527
leaf_count=25414 2043 3382 56219 36785 1224 8268 12140 7664 638 10221 9335 4679 13071 11527
internal_value=2.07285e-05 -0.000280182 -0.000161082 -0.000741252 -0.00185857 0.000147699 0.00185172 0.000441607 -0.00113069 -0.000462803 -0.00213636 -0.00463303 0.00170259 -0.00307774
internal_weight=202610 177196 173814 117595 52100 65495 28072 19804 37423 34670 19556 17430 15114 12751
internal_count=202610 177196 173814 117595 52100 65495 28072 19804 37423 34670 19556 17430 15114 12751
is_linear=0
shrinkage=0.05


Tree=136
num_leaves=15
num_cat=0
split_feature=44 19 49 28 16 47 53 53 16 1 57 54 37 26
split_gain=55.0497 59.6884 53.1061 66.3408 58.8547 57.0091 52.365 50.7009 57.84 55.4974 70.2686 48.1762 46.4656 42.3725
threshold=6.5973026752471933 11.650000095367433 -1.0000000180025095e-35 70.500000000000014 14.449999809265138 8.1606602668762225 -0.30982844531536097 0.93769648671150219 35.649999618530281 49.750000000000007 57.349998474121101 11.500000000000002 60.500000000000007 0.70052310824394237
decision_type=2 2 8 2 2 2 2 2 2 2 2 2 2 2
left_child=1 -1 7 4 6 -5 -4 9 -9 10 -3 12 -2 -11
right_child=11 2 3 5 -6 -7 -8 8 -10 13 -12 -13 -14 -15
leaf_value=0.02745607107157538 -0.0022655898253477165 -0.00095270185609010465 0.0017940022679580278 0.00035525127983549734 0.0020693911991150776 -0.0023031420882045684 -0.005558523847868921 0.0086644220244669508 0.00075642793999468674 -0.0010002215474725837 0.0019610730389856865 -0.0065230499377414604 0.0015059460922741963 -0.0030414083201622949
leaf_weight=724 12396 26864 2411 46347 37970 10711 2629 1105 7116 22752 13709 2085 5527 10235
leaf_count=724 12396 26864 2411 46347 37970 10711 2629 1105 7116 22752 13709 2085 5527 10235
internal_value=-6.10837e-05 0.000211821 0.000154378 0.000926777 0.00240934 -0.000191 -0.00266337 -0.000790735 0.00293099 -0.00120701 3.14171e-05 -0.0025502 -0.00171053 -0.00272979
internal_weight=202581 182573 181849 100068 43010 57058 5040 81781 8221 73560 40573 20008 17923 32987
internal_count=202581 182573 181849 100068 43010 57058 5040 81781 8221 73560 40573 20008 17923 32987
is_linear=0
shrinkage=0.05


Tree=137
num_leaves=15
num_cat=0
split_feature=38 43 28 50 57 52 19 47 15 24 10 26 52 33
split_gain=52.4196 59.6129 57.0751 54.1694 59.0113 75.751 57.7761 51.0519 53.1353 51.6365 64.0832 57.3595 53.6562 51.362
threshold=4.2500000000000009 757.50000000000011 29.500000000000004 0.91597560048103344 37.683334350585945 -0.99763298034667958 11.650000095367433 8.6640510559082049 70.90000152587892 1.5000000000000002 96.875000000000014 0.69904670119285595 -0.039770090952515595 1.0000000180025095e-35
decision_type=2 10 2 2 2 2 2 2 2 2 2 2 2 2
left_child=1 -1 -2 4 5 -4 -7 8 -6 10 -10 13 -12 -11
right_child=2 -3 3 -5 7 6 -8 -9 9 11 12 -13 -14 -15
leaf_value=-0.0011250170181281922 0.0023774242609505255 -0.010309644797402717 0.0060099181967253031 -0.0016522524158693746 0.0022593912637348182 0.046090920675105229 -0.0015277737231133516 -0.00096780879404644623 0.0047074267645332126 0.0015317488272955336 -0.0021067060982758973 -0.0011394127256797392 0.0030024871738915191 -0.00070514072655623893
leaf_weight=5526 15391 1636 1066 22155 21804 336 30459 21035 6055 28700 3621 27062 3125 14878
leaf_count=5526 15391 1636 1066 22155 21804 336 30459 21035 6055 28700 3621 27062 3125 14878
internal_value=3.63553e-05 -0.00416202 0.000190218 -5.93436e-05 0.000265095 -0.00165746 -0.00211248 0.000750257 0.00119971 0.000625217 0.00354578 9.55414e-05 0.000192422 0.00121823
internal_weight=202849 7162 195687 180296 158141 31861 30795 126280 105245 83441 12801 70640 6746 43578
internal_count=202849 7162 195687 180296 158141 31861 30795 126280 105245 83441 12801 70640 6746 43578
is_linear=0
shrinkage=0.05


Tree=138
num_leaves=15
num_cat=0
split_feature=0 57 46 49 0 43 8 57 51 47 24 51 49 57
split_gain=48.8417 72.8354 68.6932 50.8022 55.5299 59.1822 47.9482 48.0861 46.5725 46.365 44.2249 42.9898 70.6139 50.8325
threshold=78.799999237060561 79.183330535888686 5.7500000000000009 -1.0000000180025095e-35 23.750000000000004 157.50000000000003 15.750000000000002 39.150001525878913 0.12940952181816107 9.3524403572082537 1.5000000000000002 -0.6035533845424651 2172.5000000000005 182.63333129882815
decision_type=2 2 2 8 2 10 2 2 2 2 2 2 8 2
left_child=1 3 6 4 5 -1 -2 -8 -5 -10 -3 12 -9 -13
right_child=2 10 -4 8 -6 -7 7 11 9 -11 -12 13 -14 -15
leaf_value=0.0050658707267037311 0.0079093553763086577 0.0061905552659559104 -0.0060888883408514293 8.5125616802571308e-05 -0.0011847205600433411 -0.0019236543789752092 -0.0056477471756658827 0.0019515912261439631 0.0034647370985349465 -0.00041306538183454451 0.0015237632959115345 -0.0013279195811590832 -0.0031225276237720344 0.0015925587910626344
leaf_weight=4937 424 2465 3777 49692 45618 3508 2828 12780 13174 6116 16865 32414 1559 5926
leaf_count=4937 424 2465 3777 49692 45618 3508 2828 12780 13174 6116 16865 32414 1559 5926
internal_value=-1.29891e-05 0.000490396 -0.0012132 4.20544e-05 -0.00110545 0.00261679 -0.000771795 -0.000901075 0.000941413 0.00302591 0.00334281 -0.000559415 0.00177539 -0.00143286
internal_weight=202083 142375 59708 123045 54063 8445 55931 55507 68982 19290 19330 52679 14339 38340
internal_count=202083 142375 59708 123045 54063 8445 55931 55507 68982 19290 19330 52679 14339 38340
is_linear=0
shrinkage=0.05


Tree=139
num_leaves=15
num_cat=0
split_feature=47 26 50 53 17 43 52 37 24 38 15 12 44 34
split_gain=45.187 82.1143 79.2452 63.4863 60.2031 59.9787 52.6405 52.0113 55.2042 109.966 92.9294 86.0458 65.2066 61.902
threshold=3.5169047117233281 0.81173244118690502 -0.6035533845424651 -0.70900321006774891 -42.54999923706054 382.50000000000006 -0.95754238963127125 86.500000000000014 16.500000000000004 14.150000095367433 83.500000000000014 49.894443511962898 -5.3467433452606192 -4.7499999999999991
decision_type=2 2 2 2 2 10 2 2 2 2 2 2 2 2
left_child=2 4 -1 -3 -2 -5 -7 8 12 11 -11 -10 -6 -12
right_child=1 3 -4 5 7 6 -8 -9 9 10 13 -13 -14 -15
leaf_value=-0.0015792745203343649 0.0028114001098636988 0.001826563759096584 0.0027878837635460407 -0.0013006483908171329 -0.0011338419858026028 0.0022892937304270565 -0.0068662909339117133 -0.0012455937050495525 -0.0010389180331061615 0.0017361678856769869 -0.010872394732672671 -0.0067371279673562245 0.0017491832566420896 -0.00074004379892687487
leaf_weight=4340 8609 5836 10772 24083 11503 1030 7492 24712 13698 26610 811 5593 40588 16714
leaf_count=4340 8609 5836 10772 24083 11503 1030 7492 24712 13698 26610 811 5593 40588 16714
internal_value=1.27223e-05 -0.000199558 0.00264185 -0.00225937 0.000332554 -0.00311896 -0.00672175 8.32507e-05 0.000528664 -0.000461883 0.0009146 -0.00360992 0.00173461 -0.00191189
internal_weight=202391 187279 15112 38441 148838 32605 8522 140229 115517 63426 44135 19291 52091 17525
internal_count=202391 187279 15112 38441 148838 32605 8522 140229 115517 63426 44135 19291 52091 17525
is_linear=0
shrinkage=0.05


Tree=140
num_leaves=15
num_cat=0
split_feature=0 36 46 52 49 37 50 36 12 16 19 52 56 47
split_gain=47.5585 60.4211 52.1532 46.2367 47.3905 50.9968 53.9875 52.435 51.0599 53.0035 49.7144 86.3806 45.8907 45.1266
threshold=32.049999237060554 19.44999980926514 1.0000000180025095e-35 0.99466374516487133 -1.0000000180025095e-35 58.500000000000007 1.0000000180025095e-35 10.250000000000002 46.401390075683601 17.94999980926514 145.55000305175784 -0.34235668182373041 42.45000076293946 5.2563300132751474
decision_type=2 2 2 2 10 2 2 2 2 2 2 2 2 2
left_child=1 2 -1 4 5 8 7 -7 9 -2 11 -8 -6 -13
right_child=3 -3 -4 -5 12 6 10 -9 -10 -11 -12 13 -14 -15
leaf_value=0.0089766493954868444 -0.004573908054439693 0.00055293200805883182 0.00018977511777781747 -0.0037309743379714891 -0.00086335495056115159 0.0039594160008842643 -0.0021488529438422424 0.00038275134871951677 -0.0034546186568833737 0.001858534080429375 -0.0028043544752201638 0.003855898193207025 0.00092655522761688901 0.00020008429975797577
leaf_weight=3455 2197 30269 2106 3231 22831 2359 14355 25063 11971 5145 8387 4309 56389 10362
leaf_count=3455 2197 30269 2106 3231 22831 2359 14355 25063 11971 5145 8387 4309 56389 10362
internal_value=2.87741e-05 0.00168108 0.00646652 -0.000326663 -0.000209331 -0.00103555 -0.000363559 0.00132145 -0.00329012 -6.80087e-06 -0.00159862 -0.000618198 0.000668307 0.00207922
internal_weight=202429 35830 5561 166599 163368 84148 64835 27422 19313 7342 37413 29026 79220 14671
internal_count=202429 35830 5561 166599 163368 84148 64835 27422 19313 7342 37413 29026 79220 14671
is_linear=0
shrinkage=0.05


Tree=141
num_leaves=15
num_cat=0
split_feature=23 38 55 28 13 47 13 0 0 53 24 38 52 25
split_gain=47.3065 51.0863 69.8167 62.0795 58.947 56.6677 78.2726 64.0741 61.1964 53.1503 50.2139 96.4188 64.6748 58.3298
threshold=0.14500000327825549 4.0499999523162851 2.5000000000000004 28.500000000000004 44.316965103149421 9.4637627601623553 78.475296020507827 63.000000000000007 105.79999923706056 -0.97874867916107167 11.500000000000002 21.150000572204593 -0.099819734692573533 11.84999990463257
decision_type=2 2 2 2 2 2 2 2 2 2 2 2 2 2
left_child=-1 2 -2 -3 9 8 7 -7 10 -5 12 -12 -6 -13
right_child=1 3 -4 4 5 6 -8 -9 -10 -11 11 13 -14 -15
leaf_value=0.0044863299277187411 0.0014449433098132362 0.0023586553073547015 -0.0065055872001761302 0.0039761294039607391 0.00065108164274698332 -0.0015248751922791804 0.0018645371199493611 -0.0096625382633409237 -0.00074408480816215569 -0.0016741762000293898 -0.0016617912216567998 0.003111839580443876 0.003229475165710695 0.00010793734961880298
leaf_weight=4035 2276 14149 3659 2030 29325 8542 3606 2478 32532 36092 20621 10209 16774 16051
leaf_count=4035 2276 14149 3659 2030 29325 8542 3606 2478 32532 36092 20621 10209 16774 16051
internal_value=-3.14987e-05 -0.000140658 -0.00470563 3.89774e-07 -0.000252707 0.000221552 -0.00272274 -0.00481414 0.000564841 -0.0019957 0.00121787 6.55776e-05 0.00238945 0.00207461
internal_weight=202379 198344 5935 192409 178260 140138 14626 11020 125512 38122 92980 46881 46099 26260
internal_count=202379 198344 5935 192409 178260 140138 14626 11020 125512 38122 92980 46881 46099 26260
is_linear=0
shrinkage=0.05


Tree=142
num_leaves=15
num_cat=0
split_feature=44 46 14 49 41 51 50 52 43 48 13 49 9 54
split_gain=47.3999 66.6031 77.7834 66.5524 59.4038 59.0681 84.2405 56.1743 55.4331 54.0401 53.9199 84.6146 54.0444 52.7413
threshold=2.6879194974899296 3.0499999523162846 33.393220901489265 5.0537879467010507 9.5000000000000018 0.37940952181816107 0.12940952181816109 0.92922380566596996 22.500000000000004 -2.8500000238418575 39.147619247436531 1987.5000000000002 55.850000381469734 10.500000000000002
decision_type=2 2 2 10 2 2 2 2 8 2 2 8 2 2
left_child=1 3 10 5 8 9 -7 -6 -2 -1 11 12 -3 -10
right_child=4 2 -4 -5 7 6 -8 -9 13 -11 -12 -13 -14 -15
leaf_value=0.00072729085436914337 0.0051203628924193665 -0.0056150334954942456 -0.0097558174225666344 0.0017481149821467216 0.0014689913884073391 0.0023479246530100661 -0.0007842311853241816 -0.0031918194818832905 -0.0009740947376427533 -0.0017746807642705098 3.5679828621643098e-05 0.017035433871117358 0.0035452692761114208 -0.0041061032648022867
leaf_weight=13886 1446 4355 1460 42670 16981 18794 15315 4093 27328 18743 26439 337 716 9872
leaf_count=13886 1446 4355 1460 42670 16981 18794 15315 4093 27328 18743 26439 337 716 9872
internal_value=8.85426e-05 0.000583465 -0.00137392 0.00117942 -0.00109409 0.000193264 0.00164791 0.00104107 -0.00225838 -0.0013274 -0.0008546 -0.00539867 -0.00702126 -0.00263236
internal_weight=202435 142715 33307 109408 59720 66738 34109 21074 38646 32629 31847 5408 5071 37200
internal_count=202435 142715 33307 109408 59720 66738 34109 21074 38646 32629 31847 5408 5071 37200
is_linear=0
shrinkage=0.05


Tree=143
num_leaves=15
num_cat=0
split_feature=47 50 51 29 19 36 51 53 19 53 14 38 36 52
split_gain=46.906 70.5193 80.4403 51.0666 50.4776 43.6188 51.5351 53.4932 45.6542 47.9931 44.8491 41.5655 37.6707 52.8542
threshold=4.8807072639465341 -0.6035533845424651 0.12940952181816107 4.4500000476837167 30.550000190734867 27.650000572204593 0.12940952181816107 0.54759982228279125 286.34999084472662 0.99530133605003368 3.4522347450256352 8.2500000000000018 33.250000000000007 -0.86114627122879017
decision_type=2 2 2 2 2 2 2 2 2 2 2 2 2 2
left_child=1 2 -1 -2 -3 8 7 11 9 10 -5 -7 -13 -14
right_child=3 4 -4 5 -6 6 -8 -9 -10 -11 -12 12 13 -15
leaf_value=-0.0031283485755347548 -0.0014979097207057147 0.010227403790687001 0.0013691240082140317 0.0093470377182746402 0.0013804763343867365 -0.0045549876114167115 0.0022094868171743192 0.013571606781837839 -0.0064314904267568224 0.0060993096819345373 -0.00064070213756825534 -0.00060199833890681317 -0.0027421934027492103 0.0023084475701345905
leaf_weight=7435 31433 1244 5509 998 30549 2957 16313 403 1464 1289 69743 19675 2033 11397
leaf_count=7435 31433 1244 5509 998 30549 2957 16313 403 1464 1289 69743 19675 2033 11397
internal_value=-9.13797e-06 0.00141965 -0.0016906 -0.000414514 0.00268607 3.44467e-05 0.00113094 8.56751e-05 -0.00075302 -0.000574681 -0.000749459 -0.000119206 0.000388797 0.00242932
internal_weight=202442 44737 12944 157705 31793 126272 52778 36465 73494 72030 70741 36062 33105 13430
internal_count=202442 44737 12944 157705 31793 126272 52778 36465 73494 72030 70741 36062 33105 13430
is_linear=0
shrinkage=0.05


Tree=144
num_leaves=15
num_cat=0
split_feature=23 38 55 28 47 50 51 50 32 52 31 52 53 13
split_gain=43.993 51.7841 53.8154 49.1434 50.1277 59.501 56.9537 49.185 39.3711 37.436 36.4524 46.3048 58.9045 63.482
threshold=0.14500000327825549 4.2500000000000009 2.5000000000000004 17.500000000000004 4.8807072639465341 -0.6035533845424651 0.12940952181816107 0.91597560048103344 3.4419139623641972 0.49812944233417517 -4.7040352821350089 -0.44504626095294947 0.79773375391960155 177.52320861816409
decision_type=2 2 2 2 2 2 2 2 2 2 2 2 2 2
left_child=-1 2 -2 -3 5 6 -5 8 -6 -4 -7 12 13 -12
right_child=1 3 9 4 7 10 -8 -9 -10 -11 11 -13 -14 -15
leaf_value=0.0043323600907881404 0.00082330598085621199 0.0046302509039032342 -0.0012074323921058728 -0.002603531796770038 -0.00042104629904110851 0.0051693264603029651 0.0011242096126582596 -0.002059758495589867 0.00096471204110440585 -0.010487557191823899 0.0012087116307688253 0.0022512263789393862 -0.0045760813546481685 -0.016572233471580312
leaf_weight=3951 2608 3836 1547 7080 98395 2836 5302 18137 29349 2459 9152 15687 1958 296
leaf_count=3951 2608 3836 1547 7080 98395 2836 5302 18137 29349 2459 9152 15687 1958 296
internal_value=2.72701e-05 -7.67674e-05 -0.00442331 7.31626e-05 -4.11792e-05 0.00147385 -0.00144045 -0.000480667 -0.000134634 -0.00805528 0.00267962 0.00211323 -0.000310967 0.00132692
internal_weight=202593 198642 6614 192028 188192 42311 12382 145881 127744 4006 29929 27093 11406 9448
internal_count=202593 198642 6614 192028 188192 42311 12382 145881 127744 4006 29929 27093 11406 9448
is_linear=0
shrinkage=0.05


Tree=145
num_leaves=15
num_cat=0
split_feature=17 4 9 24 53 13 44 6 52 4 0 56 53 26
split_gain=45.7755 63.2455 54.9648 51.0337 48.963 56.5534 47.8866 40.1011 36.5962 42.3393 35.8466 43.6226 34.8499 34.7996
threshold=-28.849999427795407 63.449998855590827 86.000000000000014 4.5000000000000009 0.73136293888092052 113.4520835876465 1.4337099790573122 22.849999427795414 -0.22701068967580793 146.90000152587893 11.250000000000002 28.050000190734867 0.60383266210556041 0.69801148772239696
decision_type=2 2 2 2 2 2 2 2 2 2 2 2 2 2
left_child=13 2 10 8 5 -5 -6 -4 -3 12 -2 -12 -10 -1
right_child=1 3 7 4 6 -7 -8 -9 9 -11 11 -13 -14 -15
leaf_value=0.0021683511793850882 0.0092578284086812911 -0.0014179644827908935 0.031282799399083919 -0.0015907728049937163 -0.0010756577187028161 0.00492969956908469 -0.0076104042402516947 0.0016508127310728546 -0.0033364864605325978 -0.0012307163233044192 -0.0014978752991849033 0.0002437793523922191 0.0025182064376430393 -0.00012846308920934913
leaf_weight=15835 1332 9656 364 26685 3092 1511 3750 15922 1294 4324 20177 78600 8698 11684
leaf_count=15835 1332 9656 364 26685 3092 1511 3750 15922 1294 4324 20177 78600 8698 11684
internal_value=-9.36265e-06 -0.000306844 0.000369185 -0.00164012 -0.00285608 -0.00193399 -0.00664769 0.0030621 0.000137603 0.00174159 -6.91677e-05 -0.000179426 0.00352929 0.00188619
internal_weight=202924 175405 116395 59010 35038 28196 6842 16286 23972 14316 100109 98777 9992 27519
internal_count=202924 175405 116395 59010 35038 28196 6842 16286 23972 14316 100109 98777 9992 27519
is_linear=0
shrinkage=0.05


Tree=146
num_leaves=15
num_cat=0
split_feature=0 36 13 3 54 11 52 24 52 24 57 30 38 53
split_gain=47.1232 54.6194 49.6992 59.7263 58.1603 52.1269 51.4682 60.0229 47.0486 64.738 61.4523 45.8316 47.7564 47.0516
threshold=37.549999237060554 14.84999990463257 54.016071319580085 139.00000000000003 1.5000000000000002 55.437500000000007 -0.99763298034667958 142.50000000000003 -0.70291268825530995 5.5000000000000009 196.05000305175784 32.500000000000007 15.550000190734865 -0.80417042970657338
decision_type=2 2 2 2 2 2 2 2 2 2 2 10 2 2
left_child=1 -1 5 4 -4 11 -7 -8 -5 10 -10 12 -2 -13
right_child=2 -3 3 8 -6 6 7 -9 9 -11 -12 13 -14 -15
leaf_value=0.0065276998748424525 -0.0004626526616591433 0.00066846373913664328 0.0029571741493292602 0.0026241906705298888 0.00023406083552147128 0.0042976784632695886 -0.004724212469330925 0.00093513874859686296 -0.0015426898636487108 -0.0055721901419983292 0.0028983354782934068 0.00062178233427178276 0.0042848774778436296 -0.0024227015606838494
leaf_weight=2790 5556 48881 8181 2367 73184 828 9293 2850 10741 4173 2633 10290 3592 16920
leaf_count=2790 5556 48881 8181 2367 73184 828 9293 2850 10741 4173 2633 10290 3592 16920
internal_value=4.8322e-05 0.00135108 -0.000398691 0.000235218 0.000835945 -0.00169997 -0.00441992 -0.00524356 -0.00221843 -0.00311129 -0.00141213 -0.000728663 0.0023313 -0.0017579
internal_weight=202279 51671 150608 101279 81365 49329 12971 12143 19914 17547 13374 36358 9148 27210
internal_count=202279 51671 150608 101279 81365 49329 12971 12143 19914 17547 13374 36358 9148 27210
is_linear=0
shrinkage=0.05


Tree=147
num_leaves=15
num_cat=0
split_feature=0 57 0 15 54 47 14 53 12 13 15 15 33 37
split_gain=41.7897 50.5504 44.1407 69.3633 64.1863 98.0537 80.7226 80.3538 75.0586 70.725 67.8737 60.6667 56.5803 54.6737
threshold=215.35000610351565 182.63333129882815 89.500000000000014 102.29999923706056 8.5000000000000018 5.7316429615020761 16.064064979553226 0.7074720859527589 70.627777099609389 53.035118103027351 83.500000000000014 108.15000152587892 0.45000000298023229 44.500000000000007
decision_type=2 2 2 2 2 2 2 2 2 2 2 2 2 2
left_child=1 2 3 4 7 6 -6 8 10 -8 13 -5 -13 -1
right_child=-2 -3 -4 11 5 -7 9 -9 -10 -11 -12 12 -14 -15
leaf_value=-0.00095103153965946932 -0.0025785588233305972 0.0027452774407823429 -0.00091579600309666396 0.0044469322805308908 0.0027395096164876155 -0.0030157274634436074 -0.0072465713852508384 0.00553557473041651 0.0041051016603545097 0.0015868115585184164 -0.002041976581991171 0.0017504809110986551 -0.002375908328570109 0.00091568677967072899
leaf_weight=26093 4305 5334 39206 4325 7782 18041 1987 4181 3858 1667 12634 20236 4751 48170
leaf_count=26093 4305 5334 39206 4325 7782 18041 1987 4181 3858 1667 12634 20236 4751 48170
internal_value=1.85112e-05 0.000124448 -8.42226e-06 0.000373532 -0.000142056 -0.00217977 0.00144155 0.000490805 0.000178207 -0.00468068 -0.000125134 0.00256122 0.00161319 0.000451375
internal_weight=202570 198265 192931 153725 124413 29477 11436 94936 90755 3654 86897 29312 24987 74263
internal_count=202570 198265 192931 153725 124413 29477 11436 94936 90755 3654 86897 29312 24987 74263
is_linear=0
shrinkage=0.05


Tree=148
num_leaves=15
num_cat=0
split_feature=47 26 53 16 53 47 53 37 2 7 54 43 37 15
split_gain=44.981 75.7953 80.2137 60.9903 88.6888 54.7845 54.4143 51.8629 51.9408 49.0849 49.6381 76.0525 52.3971 47.6741
threshold=3.701041698455811 0.75628590583801281 -0.70900321006774891 40.250000000000007 0.39629089832305914 10.16823720932007 -0.94703993201255787 85.500000000000014 59.699998855590827 8.9000000953674334 3.5000000000000004 57.500000000000007 86.500000000000014 149.25000000000003
decision_type=2 2 2 2 2 2 2 2 2 2 2 8 2 2
left_child=3 5 -3 4 -1 9 -7 8 -4 -2 11 -11 13 -12
right_child=1 2 7 -5 -6 6 -8 -9 -10 10 12 -13 -14 -15
leaf_value=-0.00023741011843494836 0.015083303356489199 0.0018457276336712328 -0.0013522776863408748 -5.2734437760462022e-05 0.0055177878713613075 -0.0044079805143424451 -0.00071634039168535005 0.00050632123421259225 -0.0044689069059051971 0.0055054906790956912 0.00017767770779457301 0.0007889749200100882 -0.0014729757297577287 0.0029252537700889107
leaf_weight=3420 617 6946 13509 10636 4401 3017 15548 6871 13824 4716 75701 18239 17536 7378
leaf_count=3420 617 6946 13509 10636 4401 3017 15548 6871 13824 4716 75701 18239 17536 7378
internal_value=-9.01818e-06 -0.000245226 -0.00213557 0.00234337 0.00569212 0.0002998 -0.00223284 -0.0031303 -0.00410617 0.000678559 0.000607704 0.0027052 0.000128944 0.000653215
internal_weight=202359 183902 41150 18457 7821 142752 18565 34204 27333 124187 123570 22955 100615 83079
internal_count=202359 183902 41150 18457 7821 142752 18565 34204 27333 124187 123570 22955 100615 83079
is_linear=0
shrinkage=0.05


Tree=149
num_leaves=15
num_cat=0
split_feature=51 50 50 36 40 41 26 52 50 43 41 43 44 55
split_gain=45.464 200.427 115.621 86.0833 78.7101 64.7716 60.3447 57.1601 52.5922 70.2301 52.1532 43.9964 55.6517 42.7024
threshold=0.12940952181816107 0.37940952181816107 -0.37940952181816096 33.250000000000007 981.14999389648449 96.500000000000014 0.75628590583801281 0.9970000982284547 0.98296290636062633 452.50000000000006 2.5000000000000004 12.500000000000002 -1.4316409230232237 2.5000000000000004
decision_type=2 2 2 2 2 2 2 2 2 8 2 10 2 2
left_child=2 11 3 6 5 -4 -1 8 9 -6 -5 -2 -13 -9
right_child=1 -3 4 10 7 -7 -8 13 -10 -11 -12 12 -14 -15
leaf_value=-0.0017089467000987409 0.0037387717945794674 -0.0014573286045134971 -0.00029622310469216013 -0.004261829237198228 0.0032356410960463853 -0.0056272046213182462 -0.0054930702269806236 0.0016019071371588534 -0.0018178648203740961 0.00031420543753082376 0.001265543633588208 0.0021883159092121714 0.00016189652109757646 -0.0095145507427635868
leaf_weight=19759 8510 33599 20444 2231 19506 4042 9744 679 4823 17133 10434 26043 24457 892
leaf_count=19759 8510 33599 20444 2231 19506 4042 9744 679 4823 17133 10434 26043 24457 892
internal_value=2.9658e-06 0.000818677 -0.000685753 -0.00273958 0.000597151 -0.00166558 -0.00421933 0.00188474 0.00224007 0.00288616 0.000708087 0.0025737 0.00201247 -0.00744782
internal_weight=202296 92609 109687 42168 67519 24486 29503 43033 41462 36639 12665 59010 50500 1571
internal_count=202296 92609 109687 42168 67519 24486 29503 43033 41462 36639 12665 59010 50500 1571
is_linear=0
shrinkage=0.05


Tree=150
num_leaves=15
num_cat=0
split_feature=0 53 15 23 44 49 57 57 13 38 30 38 38 0
split_gain=47.9422 56.4796 61.6444 57.0345 49.8383 48.5077 61.8014 53.9983 49.5214 43.2905 54.6264 53.4882 49.0249 47.9092
threshold=64.40000152587892 0.7074720859527589 149.25000000000003 0.33500000834465032 6.8768715858459482 -7.4999999999999991 140.65000152587893 39.150001525878913 177.52320861816409 25.650000572204593 52.500000000000007 15.550000190734865 8.9499998092651385 23.750000000000004
decision_type=2 2 2 2 2 10 2 2 2 2 10 2 2 2
left_child=1 2 9 4 -3 6 -2 -7 -8 10 11 -1 -12 -11
right_child=5 3 -4 -5 -6 7 8 -9 -10 13 12 -13 -14 -15
leaf_value=7.4452722172493882e-05 -0.0023322384560892141 0.0059915001398825364 0.0084723755726093704 -0.00055056044032051959 -0.0037443646652071368 -0.0033038429971382235 0.0013742753343707424 0.00039512807248548725 -0.0038798247410720592 0.0095656667135206111 -0.0042271371322427009 0.0030766107141457812 -0.00031751568398147301 0.0011130714991808045
leaf_weight=16547 23385 5904 1257 3840 800 4964 8012 44230 1469 759 6414 8720 63911 12248
leaf_count=16547 23385 5904 1257 3840 800 4964 8012 44230 1469 759 6414 8720 63911 12248
internal_value=2.22255e-06 0.000637406 0.000301731 0.00413114 0.00691093 -0.000929694 -0.00241666 6.40192e-05 0.000987778 0.000173789 -0.000194557 0.00179907 -0.000910997 0.00287893
internal_weight=202460 120400 109856 10544 6704 82060 32866 49194 9481 108599 95592 25267 70325 13007
internal_count=202460 120400 109856 10544 6704 82060 32866 49194 9481 108599 95592 25267 70325 13007
is_linear=0
shrinkage=0.05


Tree=151
num_leaves=15
num_cat=0
split_feature=13 55 52 47 37 19 42 13 29 52 51 37 38 28
split_gain=42.8596 81.9386 57.9237 47.8887 69.1794 51.3857 47.3309 45.445 43.6047 48.3534 38.7613 37.6727 35.6847 36.8188
threshold=180.56636810302737 2.5000000000000004 -0.091260667890310274 4.7173163890838632 57.500000000000007 44.750000000000007 3.9500000476837163 186.95178985595706 4.7500000000000009 -0.99763298034667958 -0.6035533845424651 86.500000000000014 25.44999980926514 17.500000000000004
decision_type=2 2 2 2 2 2 2 2 2 2 2 2 2 2
left_child=3 2 -2 4 -1 -6 10 -4 9 -5 -7 -12 13 -10
right_child=1 -3 7 8 5 6 -8 -9 12 -11 11 -13 -14 -15
leaf_value=-0.0013766262209373493 -0.015579177291782216 -0.0094072150666575372 -0.0034605188499186122 0.0049639403298195163 0.0061747544080202445 0.0025850149672229541 0.0025174315696791516 0.0075074051816031665 0.0038270418619546585 -0.0013959256346108657 -0.0017734894180735429 0.0011047305572616905 0.0015027790935493294 -0.00019444024715102872
leaf_weight=9803 217 1563 312 1153 2744 3459 11525 965 3724 36108 6862 5031 12619 106261
leaf_count=9803 217 1563 312 1153 2744 3459 11525 965 3724 36108 6862 5031 12619 106261
internal_value=-1.13661e-05 -0.00587708 0.00249335 7.89015e-05 0.00163945 0.00284415 0.0021767 0.00658508 -0.00030602 -0.00180368 0.000358026 -0.000997648 0.000149249 -0.000139779
internal_weight=202346 3057 1494 199289 39424 29621 26877 1277 159865 37261 15352 11893 122604 109985
internal_count=202346 3057 1494 199289 39424 29621 26877 1277 159865 37261 15352 11893 122604 109985
is_linear=0
shrinkage=0.05


Tree=152
num_leaves=15
num_cat=0
split_feature=38 55 42 47 0 49 28 42 51 50 40 44 36 15
split_gain=40.92 51.6558 46.5395 61.7227 46.3915 49.2835 49.4662 53.3694 46.178 63.5691 41.3133 44.0278 45.5868 40.1928
threshold=4.2500000000000009 2.5000000000000004 11.250000000000002 7.2563300132751474 16.849999427795414 -1.0000000180025095e-35 60.500000000000007 7.2500000000000009 0.37940952181816107 0.12940952181816109 986.95001220703136 -2.9967030286788936 25.150000572204593 76.500000000000014
decision_type=2 2 2 2 2 8 2 2 2 2 2 2 2 2
left_child=1 2 3 -1 -2 8 10 -8 -6 -10 11 12 -7 -14
right_child=4 -3 -4 -5 5 6 7 -9 9 -11 -12 -13 13 -15
leaf_value=-0.0010805150644252332 0.0051120870444065882 -0.0050258955876502425 -0.0065228270715948639 0.011303414040514305 -0.001382058452607321 -0.0014876067802641461 0.00068594469872348962 -0.0010992689376628187 0.0011243816326621425 -0.0011652931868567239 0.0038235133216947791 -2.1568244146985551e-05 0.0076651083730191394 0.0010700345078706543
leaf_weight=1483 4492 4195 477 948 38307 2367 46019 29037 24608 19358 6444 16988 4696 2865
leaf_count=1483 4492 4195 477 948 38307 2367 46019 29037 24608 19358 6444 16988 4696 2865
internal_value=4.52312e-05 -0.00367988 0.00143934 0.00425031 0.000180977 6.25331e-05 0.000762732 5.06221e-05 -0.000860141 0.000245589 0.0023644 0.00150227 0.0041457 0.00603949
internal_weight=202284 7103 2908 2431 195181 190689 108416 75056 82273 43966 33360 26916 9928 7561
internal_count=202284 7103 2908 2431 195181 190689 108416 75056 82273 43966 33360 26916 9928 7561
is_linear=0
shrinkage=0.05


Tree=153
num_leaves=15
num_cat=0
split_feature=13 53 57 26 0 54 52 30 24 40 0 35 6 44
split_gain=42.654 59.3151 51.1941 47.0315 46.2304 68.6613 57.6011 47.6208 44.2225 42.8968 42.5829 43.9462 47.2079 41.3061
threshold=180.56636810302737 0.93469110131263744 196.05000305175784 0.69396883249282848 105.79999923706056 1.5000000000000002 -0.70291268825530995 47.500000000000007 5.5000000000000009 995.04998779296886 42.199998855590827 28.500000000000004 86.950000762939467 -0.92531913518905629
decision_type=2 2 2 2 2 2 2 8 2 2 2 2 2 2
left_child=2 -2 4 -3 5 -1 -6 -7 -4 13 11 -9 -13 -8
right_child=1 3 8 -5 6 7 9 10 -10 -11 -12 12 -14 -15
leaf_value=0.0039049695363354954 -0.013746560761378741 -0.014232182941173767 0.0043273374919264628 0.00049834678906656165 0.0014296043956761582 0.0015408570658954443 -0.00040393520592648947 -0.0014519552513039037 -0.0014665823635917155 0.0020832264824121776 -0.00063072983566980637 0.000790912349389376 0.0088561183533432536 -0.0030220425805222192
leaf_weight=4935 774 285 2471 2003 6682 20307 8414 10472 1044 1815 77844 51326 1096 13543
leaf_count=4935 774 285 2471 2003 6682 20307 8414 10472 1044 1815 77844 51326 1096 13543
internal_value=-1.24371e-05 -0.00585938 7.73909e-05 -0.00178416 -2.97795e-05 0.000298813 -0.00182018 0.000120611 0.00604965 -0.00297284 -0.000206042 0.000761478 0.00135223 -0.00358378
internal_weight=203011 3062 199949 2288 196434 165980 30454 161045 3515 23772 140738 62894 52422 21957
internal_count=203011 3062 199949 2288 196434 165980 30454 161045 3515 23772 140738 62894 52422 21957
is_linear=0
shrinkage=0.05


Tree=154
num_leaves=15
num_cat=0
split_feature=38 55 0 36 47 49 43 6 56 52 37 0 0 56
split_gain=40.6983 46.8633 40.192 67.8485 53.0326 48.7786 61.0016 57.3264 55.3462 48.6134 46.2965 44.0382 40.0607 39.74
threshold=1.7500000000000002 1.5000000000000002 136.19999694824222 10.250000000000002 6.3838274478912362 1.0000000180025095e-35 382.50000000000006 45.699998855590827 142.25000000000003 -0.4218058288097381 62.500000000000007 14.750000000000002 63.449998855590827 37.549999237060554
decision_type=2 2 2 2 2 10 10 2 2 2 2 2 2 2
left_child=1 -1 3 -2 -4 6 7 11 10 -6 -9 -5 -12 -7
right_child=2 -3 4 5 9 13 -8 8 -10 -11 12 -13 -14 -15
leaf_value=0.002558360828485005 0.0029121219842827813 -0.010126785754462943 -0.00036406392770463455 0.0086167758258273962 4.4718811742670146e-05 -0.00036734698453084748 -0.0028158747244600691 -0.0029457517355917784 0.0028787471696901457 -0.0087518192418415634 0.000465369945785904 0.00052061223745339532 -0.0018005611134277089 0.0012526900619683674
leaf_weight=828 7508 1639 17487 1780 1477 24066 10036 11295 3136 2556 16151 41690 14437 48472
leaf_count=828 7508 1639 17487 1780 1477 24066 10036 11295 3136 2556 16151 41690 14437 48472
internal_value=-1.9006e-05 -0.00638878 5.98448e-05 0.000305884 -0.00198096 0.000101565 -0.000622875 -0.000203675 -0.00145406 -0.00714197 -0.00193409 0.00109131 -0.000923263 0.00108549
internal_weight=202558 2467 200091 178571 21520 171063 98525 88489 45019 4033 41883 43470 30588 72538
internal_count=202558 2467 200091 178571 21520 171063 98525 88489 45019 4033 41883 43470 30588 72538
is_linear=0
shrinkage=0.05


Tree=155
num_leaves=15
num_cat=0
split_feature=17 3 57 49 52 19 13 0 0 52 42 13 56 30
split_gain=40.4322 50.0313 40.78 38.0301 52.543 41.4864 46.5866 45.9391 37.3992 42.4592 36.0067 34.4824 33.4225 34.8495
threshold=-65.749999999999986 196.25000000000003 182.63333129882815 1.0000000180025095e-35 0.99552232027053844 32.300001144409187 43.880655288696296 54.049999237060554 123.15000152587892 0.57077592611312877 8.0500001907348651 120.43690490722658 54.850000381469734 67.500000000000014
decision_type=2 2 2 8 2 2 2 2 2 2 2 2 2 8
left_child=-1 2 3 5 8 -2 -7 -8 10 12 -5 -9 -10 -14
right_child=1 -3 -4 4 -6 6 7 11 9 -11 -12 -13 13 -15
leaf_value=0.002238153138808081 0.0024480726734360803 -0.0026272990760256203 0.002794738802649601 0.0012344138110452721 -0.003401174218371559 -0.0025913401703918956 0.00050202226258127538 -0.0016204172733258139 -0.0069030493054038251 -0.0062657582306385965 -5.3279317297719175e-05 0.001358057533899118 0.0011860395808752395 -0.0018349603981254001
leaf_weight=7360 6803 5267 3810 51641 3623 14544 29117 27581 958 1764 35717 3859 7664 2751
leaf_count=7360 6803 5267 3810 51641 3623 14544 29117 27581 958 1764 35717 3859 7664 2751
internal_value=7.77897e-06 -0.000129543 3.95065e-06 -0.000101058 0.000532998 -0.000907049 -0.00124582 -0.000635247 0.00074648 -0.00173994 0.00112055 -0.00196025 -0.000617148 0.000208633
internal_weight=202459 195099 189832 186022 104118 81904 75101 60557 100495 13137 87358 31440 11373 10415
internal_count=202459 195099 189832 186022 104118 81904 75101 60557 100495 13137 87358 31440 11373 10415
is_linear=0
shrinkage=0.05


Tree=156
num_leaves=15
num_cat=0
split_feature=17 10 13 13 51 50 9 36 50 40 38 13 38 11
split_gain=43.1814 47.2273 48.077 42.0658 39.3453 81.33 37.9763 37.9357 57.0945 52.5413 41.9527 41.882 40.2207 36.9787
threshold=-28.849999427795407 56.591665267944343 52.127677917480476 28.755059242248539 0.12940952181816107 -1.0000000180025095e-35 115.40000152587892 33.350000381469734 0.37940952181816107 981.25000000000011 12.449999809265138 49.89464187622071 20.650000572204593 53.066667556762702
decision_type=2 2 2 2 2 2 2 2 2 2 2 2 2 2
left_child=-1 3 13 -2 6 -6 7 8 -5 -10 -9 -12 -13 -3
right_child=1 2 -4 4 5 -7 -8 10 9 -11 11 12 -14 -15
leaf_value=0.001141581350818133 -0.0028688010546421994 -0.00062437825577194158 -0.00039451481192759043 -0.0022081501272999461 0.0028281016954421925 -0.00015997205518302195 0.004542290608249705 -0.0017283425155490393 -0.0014051750577300515 0.0022660017243993158 0.0038386167664773911 -0.0036289711890220319 0.0018842081173136205 -0.0045314860572881034
leaf_weight=27362 4478 5788 64091 18279 19367 23241 2201 3936 8317 8614 4802 1362 2842 7185
leaf_count=27362 4478 5788 64091 18279 19367 23241 2201 3936 8317 8614 4802 1362 2842 7185
internal_value=-1.42415e-05 -0.000303846 -0.00122869 0.00042766 0.00065585 0.0017739 -0.000290392 -0.000584486 -0.00143526 0.000656691 0.00172946 0.00361025 -3.55956e-05 -0.00400331
internal_weight=201865 174503 77064 97439 92961 42608 50353 48152 35210 16931 12942 9006 4204 12973
internal_count=201865 174503 77064 97439 92961 42608 50353 48152 35210 16931 12942 9006 4204 12973
is_linear=0
shrinkage=0.05


Tree=157
num_leaves=15
num_cat=0
split_feature=53 38 33 52 18 0 0 55 44 50 54 43 15 23
split_gain=40.0731 40.1385 57.5469 87.339 55.6939 53.8739 52.9521 52.0315 46.768 78.6976 51.9559 63.3489 55.975 48.8419
threshold=0.99981042742729198 25.650000572204593 1.0000000180025095e-35 0.99552232027053844 -0.74999999999999989 92.799999237060561 197.6499938964844 2.5000000000000004 -1.2344850301742551 0.91597560048103344 3.5000000000000004 1047.5000000000002 64.40000152587892 1.3849999904632571
decision_type=2 2 2 2 2 2 2 2 2 2 2 10 2 2
left_child=1 2 3 6 -3 -4 8 -5 9 -1 11 12 -10 -12
right_child=-2 4 5 7 -6 -7 -8 -9 10 -11 13 -13 -14 -15
leaf_value=0.0018322386572272469 0.005235919809952156 0.0028060272960030151 -0.00075808635487752411 0.00030540368448546824 -0.00019668953749082398 -0.0047858794637528406 -0.0021494470230090379 -0.0082265436420797533 0.0061312043698447012 -0.0019516862100575239 -0.00079053898123043753 -0.0044692930191993002 0.0011431683445771363 0.0099977286318905494
leaf_weight=39853 1224 8012 53547 1278 9236 5237 5837 2185 2640 7363 47597 1960 15537 585
leaf_count=39853 1224 8012 53547 1278 9236 5237 5837 2185 2640 7363 47597 1960 15537 585
internal_value=-6.86538e-05 -0.000123832 -0.000340496 0.000266931 0.0021816 -0.00163027 0.0004906 -0.00755111 0.000725475 0.00193537 -0.000110861 0.00202139 0.00294304 -0.00100224
internal_weight=202091 200867 183619 124835 17248 58784 121372 3463 115535 47216 68319 20137 18177 48182
internal_count=202091 200867 183619 124835 17248 58784 121372 3463 115535 47216 68319 20137 18177 48182
is_linear=0
shrinkage=0.05


Tree=158
num_leaves=15
num_cat=0
split_feature=0 53 21 13 30 0 35 53 13 38 47 13 0 14
split_gain=40.9043 46.7361 46.0479 43.4651 42.2982 43.3589 50.9475 46.2735 44.3743 69.6434 55.9842 50.6074 50.5941 44.3463
threshold=215.35000610351565 0.98174098134040844 1.0000000180025095e-35 175.55238342285159 32.500000000000007 54.049999237060554 31.500000000000004 0.74298545718193065 85.041961669921889 15.750000000000002 10.096916675567629 94.291069030761733 92.799999237060561 13.272426605224611
decision_type=2 2 2 2 8 2 2 2 2 2 2 2 2 2
left_child=1 2 -1 4 -4 6 -6 -8 10 11 12 -10 -7 -11
right_child=-2 -3 3 -5 5 8 7 -9 9 13 -12 -13 -14 -15
leaf_value=-0.0032864851909220438 -0.0025060168130098081 0.001831845829758841 0.0014936956010430742 -0.0051674937706094048 -0.00082832507592225588 -0.00043168577186778644 0.00059813335614621044 0.0045931089450581501 0.0029456975058659049 -0.0097819865995922035 -0.0056849734096241613 -0.00077905909245817861 -0.0035289898431747793 0.0057811045577707224
leaf_weight=4308 4281 9916 17919 1647 27918 36152 63879 3806 3441 185 3896 15587 7433 2217
leaf_count=4308 4281 9916 17919 1647 27918 36152 63879 3806 3441 185 3896 15587 7433 2217
internal_value=-5.83677e-05 4.6139e-05 -0.000130044 -1.0321e-05 6.28964e-05 -0.000188422 0.000500716 0.00124197 -0.00114443 0.000743937 -0.00199669 -0.000270512 -0.00148239 0.00874793
internal_weight=202585 198304 188388 184080 182433 164514 95603 67685 68911 21430 47481 19028 43585 2402
internal_count=202585 198304 188388 184080 182433 164514 95603 67685 68911 21430 47481 19028 43585 2402
is_linear=0
shrinkage=0.05


Tree=159
num_leaves=15
num_cat=0
split_feature=49 37 38 53 54 41 19 43 36 26 37 57 13 42
split_gain=41.2971 52.0479 47.4907 58.7671 53.7214 62.3798 45.9116 52.9165 44.2597 42.6294 61.7993 52.4763 42.6149 41.6384
threshold=-1.0000000180025095e-35 29.500000000000004 15.250000000000002 0.44312302768230444 5.5000000000000009 99.500000000000014 30.550000190734867 32.500000000000007 19.44999980926514 0.70052310824394237 66.500000000000014 122.04999923706056 54.016071319580085 11.050000190734865
decision_type=8 2 2 2 2 2 2 10 2 2 2 2 2 2
left_child=1 -1 13 4 12 -6 7 -3 -5 11 -11 -8 -4 -2
right_child=2 6 3 8 5 -7 9 -9 -10 10 -12 -13 -14 -15
leaf_value=-0.0050562475014382536 0.00019358394912201982 0.013666393059366117 0.0060272640358507773 -0.0012470813528413227 0.00081263487351512667 -0.0039258070628786172 -0.00034819631730539284 0.0015301017774266403 0.0065890841087118332 -0.0043593170509410601 -0.0006740875760010784 0.0030589356553576475 -0.00091061513641642897 -0.0021023425424142347
leaf_weight=3516 54068 859 5129 849 36085 4278 50782 4452 2768 5304 18123 4633 1621 10017
leaf_count=3516 54068 859 5129 849 36085 4278 50782 4452 2768 5304 18123 4633 1621 10017
internal_value=6.12364e-05 -0.000755882 0.000685173 0.00182795 0.0013555 0.000664429 -0.000506458 0.00398891 0.00796112 -0.000809745 -0.00259739 -5.36761e-05 0.00548077 -0.000219596
internal_weight=202484 87669 114815 50730 47113 40363 84153 5311 3617 78842 23427 55415 6750 64085
internal_count=202484 87669 114815 50730 47113 40363 84153 5311 3617 78842 23427 55415 6750 64085
is_linear=0
shrinkage=0.05


Tree=160
num_leaves=15
num_cat=0
split_feature=6 56 0 53 47 26 53 52 19 17 37 52 16 53
split_gain=39.997 39.2702 37.0487 33.4618 33.2604 74.7856 71.9001 53.6018 61.5224 51.3253 46.9727 70.2221 46.4732 47.6214
threshold=9.0500001907348651 17.150000572204593 17.650000572204593 -0.13398942351341245 3.9468418359756474 0.72713336348533641 -0.70900321006774891 -0.44504626095294947 145.55000305175784 -42.54999923706054 83.500000000000014 -0.2102246284484863 41.149999618530281 0.39629089832305914
decision_type=2 2 2 2 2 2 2 2 2 2 2 2 2 2
left_child=3 -2 -3 -1 7 9 -7 12 -9 -6 -11 -12 13 -4
right_child=1 2 4 -5 5 6 -8 8 -10 10 11 -13 -14 -15
leaf_value=-0.0025792864502706876 -0.0033901093183724808 0.0044340733256518798 -0.0010796848773402228 0.023519582264190982 0.0025939990369845014 0.0015094729798280895 -0.0023334263955445802 0.003797374263150988 0.00012872975210626305 0.0003371599180758023 -0.002203611742703099 0.00073605218979765909 -0.0028250393762972829 0.0035940012596398455
leaf_weight=303 4609 3994 3191 572 7721 7063 29857 6603 6436 96893 17763 11349 4266 2264
leaf_count=303 4609 3994 3191 572 7721 7063 29857 6603 6436 96893 17763 11349 4266 2264
internal_value=-1.3061e-05 -5.95241e-05 4.71101e-05 0.0105932 -5.14435e-05 -0.000290936 -0.0022827 0.00174352 0.00383746 0.000259093 1.64663e-05 -0.00174439 -0.00106618 0.00198994
internal_weight=202884 202009 197400 875 193406 170646 36920 22760 13039 133726 126005 29112 9721 5455
internal_count=202884 202009 197400 875 193406 170646 36920 22760 13039 133726 126005 29112 9721 5455
is_linear=0
shrinkage=0.05


Tree=161
num_leaves=15
num_cat=0
split_feature=47 37 12 2 52 15 15 54 46 52 14 52 12 11
split_gain=36.5032 91.4285 68.6678 57.4194 63.3259 61.0795 49.8044 137.572 59.9932 125.158 51.0022 50.2771 49.4222 85.5228
threshold=5.9051954746246347 52.500000000000007 32.909721374511726 112.59999847412111 -0.4218058288097381 304.05000305175787 100.90000152587892 8.5000000000000018 1.7500000000000002 -0.91597726941108693 3.4522347450256352 -0.94705909490585316 70.627777099609389 61.649999618530281
decision_type=2 2 2 2 2 2 2 2 2 2 2 2 2 2
left_child=1 -1 -3 6 -5 -6 7 12 9 -9 -11 -8 13 -2
right_child=3 2 -4 4 5 -7 11 8 -10 10 -12 -13 -14 -15
leaf_value=-0.0015506525785544845 0.00021030534860464606 0.0069120296127997138 0.00078936181511016711 0.00059355580147080764 -0.0062676459314721768 0.008788256420180024 0.0043077890370246119 0.00041441646975419748 -0.007216981103014334 0.14009129908068241 -0.0069464705136936603 0.0006462362561649893 0.0034402556547315083 -0.0040369076411359232
leaf_weight=16963 63879 2334 58070 3737 5566 239 2491 7992 4647 192 3965 22845 4516 4623
leaf_count=16963 63879 2334 58070 3737 5566 239 2491 7992 4647 192 3965 22845 4516 4623
internal_value=-1.11348e-06 0.000851997 0.00176284 -0.000530465 -0.00425565 -0.00751935 -0.000221431 -0.000773735 -0.00485243 -0.00299984 -0.0100252 0.00173597 0.000165005 -0.000169313
internal_weight=202059 77367 60404 124692 9542 5805 115150 89814 16796 12149 4157 25336 73018 68502
internal_count=202059 77367 60404 124692 9542 5805 115150 89814 16796 12149 4157 25336 73018 68502
is_linear=0
shrinkage=0.05


Tree=162
num_leaves=15
num_cat=0
split_feature=38 28 47 37 43 38 22 31 8 4 8 55 9 41
split_gain=40.7969 35.2051 42.4394 59.9543 43.8077 43.2721 46.8863 40.6169 38.8369 36.5329 40.0939 36.6977 40.1178 48.0731
threshold=1.0000000180025095e-35 28.500000000000004 8.9505810737609881 47.500000000000007 1192.5000000000002 21.150000572204593 1598.5000000000002 -4.2737829685211173 65.799999237060561 53.850000381469734 9.0500001907348651 4.5000000000000009 114.20000076293947 13.500000000000002
decision_type=2 2 2 2 10 2 2 2 2 2 2 2 2 2
left_child=-1 -2 3 7 5 6 -4 -3 -7 -5 -11 -12 -13 -14
right_child=1 2 4 9 -6 8 -8 -9 -10 10 11 12 13 -15
leaf_value=-0.0069048129287805037 0.0017319449614142516 0.0012173190514863049 -5.5252507621920273e-05 0.0010653854583573513 0.0026134156580778114 -0.0042363887728179284 -0.0051706834607143891 -0.0019398258362075885 0.00017899248630429549 0.0073473326563177959 0.00034526941009144463 -0.00026036118472238384 -0.0064563550276111733 -0.00040794474785974812
leaf_weight=1378 15284 5818 16564 51361 2298 6591 2532 21756 2364 349 54074 15777 3294 3425
leaf_count=1378 15284 5818 16564 51361 2298 6591 2532 21756 2364 349 54074 15777 3294 3425
internal_value=5.29883e-06 6.41449e-05 -0.00012526 0.000207874 -0.00183553 -0.00237964 -0.00103371 -0.0019069 -0.0052454 0.000662561 -2.69729e-05 -0.000105119 -0.00180174 -0.00503418
internal_weight=202865 201487 186203 155854 30349 28051 19096 27574 8955 128280 76919 76570 22496 6719
internal_count=202865 201487 186203 155854 30349 28051 19096 27574 8955 128280 76919 76570 22496 6719
is_linear=0
shrinkage=0.05


Tree=163
num_leaves=15
num_cat=0
split_feature=45 36 12 55 13 54 37 53 52 55 12 40 30 55
split_gain=34.8737 46.1246 45.0657 41.9661 61.106 66.9047 63.9818 45.8299 43.4796 58.1047 51.9656 51.2613 50.7632 43.6203
threshold=1.2888796329498293 43.149999618530281 25.368750572204593 5.5000000000000009 177.52320861816409 4.5000000000000009 42.500000000000007 -0.99273797869682301 0.93845596909523021 2.5000000000000004 24.274999618530277 986.25000000000011 3590.0000000000005 4.5000000000000009
decision_type=2 2 2 2 2 2 2 2 2 2 2 2 8 2
left_child=3 2 -2 8 5 6 -5 -7 10 11 -1 -10 -11 -14
right_child=1 -3 -4 4 -6 7 -8 -9 9 12 -12 -13 13 -15
leaf_value=0.010115670947799655 0.010461555616503854 -0.0081863330469472313 0.00048908276819595591 -0.0045556508778893451 -0.0094678051650153097 0.0088506758760778653 0.003045269967266279 -0.0030176254995568559 -0.0016073143878628559 -0.0054579897209689884 9.2735929690221386e-05 0.0058344319763937481 -0.0028282869396903834 0.0073209649159032778
leaf_weight=1003 1143 261 64248 1749 609 285 5279 11970 5138 5352 101451 1712 1363 713
leaf_count=1003 1143 261 64248 1749 609 285 5279 11970 5138 5352 101451 1712 1363 713
internal_value=-1.03813e-05 0.000936615 0.00102177 -0.000465477 -0.00258768 -0.00209014 0.00179739 -0.0043192 -0.000103647 -0.00268757 0.000256676 0.000634111 -0.00574751 0.000886865
internal_weight=202276 65652 65391 136624 19892 19283 7028 12255 116732 14278 102454 6850 7428 2076
internal_count=202276 65652 65391 136624 19892 19283 7028 12255 116732 14278 102454 6850 7428 2076
is_linear=0
shrinkage=0.05


Tree=164
num_leaves=15
num_cat=0
split_feature=13 55 52 57 15 0 30 34 35 13 56 51 14 50
split_gain=33.7914 69.7294 56.2525 43.7123 44.9362 35.1226 44.9816 44.3442 40.1559 47.5879 39.053 57.6285 42.0912 39.2855
threshold=180.56636810302737 1.5000000000000002 -0.091260667890310274 191.76666259765628 316.15000915527349 63.449998855590827 72.500000000000014 -4.6499998569488517 29.500000000000004 140.08660888671878 47.750000000000007 -0.6035533845424651 15.963905811309816 1.0000000180025095e-35
decision_type=2 2 2 2 2 2 8 2 2 2 2 2 2 2
left_child=3 2 -2 5 -5 8 10 -8 -1 -10 12 13 -7 -12
right_child=1 -3 -4 4 -6 6 7 -9 9 -11 11 -13 -14 -15
leaf_value=-0.00081964933135134403 -0.013763666440071111 -0.0071914788291808571 0.0063036763259744812 0.0033923717935858051 -0.0041490732625890231 0.0018756204301295654 -0.011303341805777401 -0.0011500000399178756 0.00059157431048224786 0.011211055958251111 2.6014043714772672e-05 -9.9395752937059278e-05 -0.0036369122095569195 0.0043107035303618065
leaf_weight=24670 201 1916 879 3635 519 1651 829 34322 93041 699 3185 26201 5203 5578
leaf_count=24670 201 1916 879 3635 519 1651 829 34322 93041 699 3185 26201 5203 5578
internal_value=3.88814e-05 -0.00522289 0.00490826 0.000118145 0.00518732 1.0108e-05 -0.000821328 -0.00213944 0.000550583 0.00102293 0.000286889 0.000963573 -0.00316142 0.0044711
internal_weight=202529 2996 1080 199533 4154 195379 76969 35151 118410 93740 41818 34964 6854 8763
internal_count=202529 2996 1080 199533 4154 195379 76969 35151 118410 93740 41818 34964 6854 8763
is_linear=0
shrinkage=0.05


Tree=165
num_leaves=15
num_cat=0
split_feature=19 13 18 40 24 28 49 48 13 42 16 26 47 13
split_gain=39.535 45.3957 36.3976 42.6878 53.9819 38.2226 52.933 61.7358 50.3126 49.3141 38.2178 37.5772 36.832 44.0815
threshold=11.650000095367433 57.779762268066413 -29.749999999999996 974.64999389648449 11.500000000000002 58.500000000000007 1.0000000180025095e-35 -1.2499999999999998 28.755059242248539 6.5499999523162851 51.649999618530281 0.75628590583801281 8.9930629730224627 78.475296020507827
decision_type=2 2 2 2 2 2 8 2 2 2 2 2 2 2
left_child=1 -1 3 -2 -5 6 7 -4 -8 -7 -6 12 -11 -14
right_child=2 -3 5 4 10 9 8 -9 -10 11 -12 -13 13 -15
leaf_value=0.025383866949176093 0.0057555136266366439 -0.052370112442762351 0.00018206643383166245 0.0017918990023126009 -0.00031898462768433362 4.68124239297249e-05 -0.0023732174553429564 -0.0034905443695784633 0.0018862100923763463 -0.00031165467400201682 -0.0068299605464907098 -0.003849379413950688 -0.0035913716449280349 0.0018448477743364445
leaf_weight=717 1777 123 31459 14682 4338 62616 2958 6207 28546 28314 1512 8861 8508 1741
leaf_count=717 1777 123 31459 14682 4338 62616 2958 6207 28546 28314 1512 8861 8508 1741
internal_value=4.07671e-06 0.0107647 -4.13092e-05 0.00186276 0.00121702 -0.000278429 0.000642527 -0.000622412 0.0021546 -0.000857338 -0.0028413 -0.00207341 -0.001398 -0.00396481
internal_weight=202359 840 201519 22309 20532 179210 69170 37666 31504 110040 5850 47424 38563 10249
internal_count=202359 840 201519 22309 20532 179210 69170 37666 31504 110040 5850 47424 38563 10249
is_linear=0
shrinkage=0.05


Tree=166
num_leaves=15
num_cat=0
split_feature=51 50 50 36 40 31 26 45 43 50 11 37 40 42
split_gain=36.4785 158.247 88.9192 69.7121 60.1779 52.161 48.6604 45.5084 45.0274 78.8109 42.5097 39.955 49.1194 39.4914
threshold=0.12940952181816107 -1.0000000180025095e-35 -0.37940952181816096 33.049999237060554 981.14999389648449 -1.4465710520744322 0.75628590583801281 -2.9127216339111324 607.50000000000011 0.91597560048103344 165.03125000000003 69.500000000000014 978.25000000000011 3.5499999523162846
decision_type=2 2 2 2 2 2 2 2 8 2 2 2 2 2
left_child=2 13 3 6 11 -5 -1 -3 9 -6 -10 12 -4 -2
right_child=1 7 4 5 8 -7 -8 -9 10 -11 -12 -13 -14 -15
leaf_value=-0.0014389440956442817 -0.00020638324756263872 -0.0022525429752875041 0.0016432618810863027 0.0020419049792688797 0.0031155015926320317 -0.0015473933947760116 -0.0047655391635024538 -7.0258861806296591e-05 4.7069038041434863e-05 -0.00067628130429577828 -0.006255705413275559 -0.0023818823839851207 -0.0019583260152223115 0.0023494114455002283
leaf_weight=19366 7103 17388 8206 6806 17890 6525 9579 33174 15252 8879 696 10813 5687 35152
leaf_count=19366 7103 17388 8206 6806 17890 6525 9579 33174 15252 8879 696 10813 5687 35152
internal_value=-1.28379e-05 0.000716656 -0.000630076 -0.00242752 0.00049716 0.000564051 -0.00380504 -0.00117061 0.00163304 0.00288566 -0.000469984 -0.00146666 0.000307488 0.00297468
internal_weight=202516 92817 109699 42276 67423 13331 28945 50562 42717 26769 15948 24706 13893 42255
internal_count=202516 92817 109699 42276 67423 13331 28945 50562 42717 26769 15948 24706 13893 42255
is_linear=0
shrinkage=0.05


Tree=167
num_leaves=15
num_cat=0
split_feature=1 47 26 40 52 40 33 12 18 28 15 12 16 37
split_gain=34.7804 36.826 67.4614 59.5004 48.632 46.045 57.8444 45.7378 47.0714 47.2824 45.4591 43.524 47.2542 42.5331
threshold=259.34999084472662 3.701041698455811 0.75628590583801281 974.85000610351574 -0.44504626095294947 986.85000610351574 8.0500001907348651 28.474306106567386 -13.249999999999998 78.500000000000014 196.25000000000003 136.01596832275393 41.149999618530281 84.500000000000014
decision_type=2 2 2 2 2 2 2 2 2 2 2 2 2 2
left_child=1 4 5 -4 10 -3 7 -7 -9 -10 11 12 -1 -5
right_child=-2 2 3 13 -6 6 -8 8 9 -11 -12 -13 -14 -15
leaf_value=0.0013089423657951416 -0.0048958403434657093 -0.00016891735725903177 0.0031191387833545965 -0.0024438590090836449 0.0022898368493182233 0.024226371705535533 -0.005770796201987935 0.0027683596007409108 0.0016043147233841086 -0.001019110695593175 -0.011805114654667256 0.0086791662590454902 -0.0027830732803429447 0.00027551489799003821
leaf_weight=4586 1273 101508 3268 28521 9800 302 1464 11263 17244 11086 435 478 2503 8864
leaf_count=4586 1273 101508 3268 28521 9800 302 1464 11263 17244 11086 435 478 2503 8864
internal_value=-3.61541e-05 1.61425e-05 -0.000194519 -0.00199137 0.00218673 0.000316881 0.00172291 0.00208182 0.00193104 0.000843331 -0.000705192 0.000207866 -0.000785322 -0.00255716
internal_weight=202595 201322 183520 40653 17802 142867 41359 39895 39593 28330 8002 7567 7089 37385
internal_count=202595 201322 183520 40653 17802 142867 41359 39895 39593 28330 8002 7567 7089 37385
is_linear=0
shrinkage=0.05


Tree=168
num_leaves=15
num_cat=0
split_feature=25 46 8 52 56 6 40 26 46 38 24 54 12 57
split_gain=35.1576 33.749 36.7096 32.9546 38.6903 35.2631 40.5304 38.1488 35.5268 35.1597 46.3772 58.2728 58.3049 56.5269
threshold=8.2500000000000018 29.250000000000004 9.0500001907348651 -0.99763298034667958 25.650000572204593 45.699998855590827 980.45001220703136 0.57688084244728099 0.25000000745058065 26.050000190734867 4.5000000000000009 2.5000000000000004 114.12847137451173 191.76666259765628
decision_type=2 2 2 2 2 2 2 2 2 2 2 2 2 2
left_child=-1 2 -2 -4 -5 6 7 8 -6 10 11 12 -7 -13
right_child=1 -3 3 4 5 9 -8 -9 -10 -11 -12 13 -14 -15
leaf_value=0.0011852109126225835 0.0061941490525645182 -0.0036916541794937696 0.0027455212870900279 -0.0022274405086331328 -0.00054082327622237555 0.003601170072555478 0.0017731829386277384 -0.0011645724923517204 0.0030777679695375014 0.001782157020189848 -0.0010177509103361502 -0.00088127082990560742 4.7639307442420845e-06 0.0050081719452738337
leaf_weight=25345 635 3509 3919 11799 4575 7219 23046 14777 4192 5422 64370 24300 7805 1399
leaf_count=25345 635 3509 3919 11799 4575 7219 23046 14777 4192 5422 64370 24300 7805 1399
internal_value=-1.08738e-05 -0.000260345 -0.00016199 -0.000206413 -0.000311697 -0.000104223 0.00104936 -0.000409697 0.00220178 -0.00059059 -0.000793269 0.000527214 0.00299987 -0.000918939
internal_weight=202312 176967 173458 172823 168904 157105 46590 23544 8767 110515 105093 40723 15024 25699
internal_count=202312 176967 173458 172823 168904 157105 46590 23544 8767 110515 105093 40723 15024 25699
is_linear=0
shrinkage=0.05


Tree=169
num_leaves=15
num_cat=0
split_feature=38 0 36 34 4 13 15 52 15 15 53 13 23 13
split_gain=35.192 36.0034 37.6916 36.417 40.7799 33.9887 51.284 62.032 67.5869 61.7755 47.3718 43.6997 38.3568 48.5626
threshold=1.0000000180025095e-35 37.549999237060554 14.84999990463257 -4.7499999999999991 71.599998474121108 55.56488227844239 84.200000762939467 -0.99763298034667958 152.94999694824222 136.19999694824222 -0.97874867916107167 36.564582824707038 1.0850000381469729 67.908332824707045
decision_type=2 2 2 2 2 2 2 2 2 2 2 2 2 2
left_child=-1 2 -2 4 -3 6 -5 -8 9 11 12 -9 -7 -14
right_child=1 3 -4 5 -6 10 7 8 -10 -11 -12 -13 13 -15
leaf_value=-0.0066823733142397403 0.0053051073325512225 -0.0014463879164241635 0.0005651047646147659 -0.00019270992661540241 -0.013563833843220664 0.0094365333452174419 0.0039615974826615044 0.013427011890833502 0.0079724088306748261 -0.012054657921187146 5.5459784392102729e-05 -0.0029660233656052014 -0.005810430885784249 0.0035649400765971452
leaf_weight=1369 2736 1872 48372 37074 783 1213 1096 561 500 1141 91800 12279 556 1191
leaf_count=1369 2736 1872 48372 37074 783 1213 1096 561 500 1141 91800 12279 556 1191
internal_value=-3.46823e-05 1.98823e-05 0.00116593 -0.000370479 -0.00616323 -0.000265736 -0.00128416 -0.00369058 -0.00455973 -0.00520871 0.0003002 -0.00421012 0.00651515 0.00175014
internal_weight=202543 201174 51108 150066 2655 147411 52651 15577 14481 13981 94760 12840 2960 1747
internal_count=202543 201174 51108 150066 2655 147411 52651 15577 14481 13981 94760 12840 2960 1747
is_linear=0
shrinkage=0.05


Tree=170
num_leaves=15
num_cat=0
split_feature=3 54 12 37 38 16 19 12 0 52 27 43 49 16
split_gain=34.7051 42.5188 82.2128 69.2102 61.1585 59.8878 56.1609 55.3955 55.9501 61.5086 50.9443 45.6721 41.7906 41.5805
threshold=196.25000000000003 1.5000000000000002 115.92013931274415 80.500000000000014 5.5499999523162851 27.44999980926514 11.650000095367433 126.22916793823244 89.500000000000014 -0.77245554327964772 22.250000000000004 152.50000000000003 -1.0000000180025095e-35 64.15000152587892
decision_type=2 2 2 2 2 2 2 2 2 2 2 10 8 2
left_child=1 2 -1 -4 5 11 -6 8 12 10 -10 -3 -8 -11
right_child=-2 4 3 -5 6 -7 7 -9 9 13 -12 -13 -14 -15
leaf_value=0.0048866035071361965 -0.0019084081332328496 0.0035056299199365025 -0.0037783895601444795 0.0012677766553116671 0.026970759841088855 -0.0060611751180332657 -0.0004507023465976812 0.0024382193784542486 0.0040266343742314109 -0.0018777462479259517 -0.0012060244126666231 -0.0055484108972288868 0.00065711360663941283 -0.0056872555879915222
leaf_weight=4890 6372 2719 2405 5827 626 3555 66679 8319 3287 14024 4817 2072 74412 2705
leaf_count=4890 6372 2719 2405 5827 626 3555 66679 8319 3287 14024 4817 2072 74412 2705
internal_value=-1.44288e-05 0.000103516 0.00285181 -0.000200194 -9.34643e-05 -0.00427238 0.000106216 5.20794e-05 -0.000147649 -0.00233567 0.0012386 -0.000619663 0.000237596 -0.00406685
internal_weight=202709 196337 13122 8232 183215 8346 174869 174243 165924 24833 8104 4791 141091 16729
internal_count=202709 196337 13122 8232 183215 8346 174869 174243 165924 24833 8104 4791 141091 16729
is_linear=0
shrinkage=0.05


Tree=171
num_leaves=15
num_cat=0
split_feature=23 38 55 37 17 38 15 46 44 50 46 15 52 26
split_gain=37.1033 41.479 44.3391 39.0915 37.8593 36.8068 53.0039 42.0479 41.3027 55.3109 48.8151 52.1529 46.4842 44.2116
threshold=0.14500000327825549 4.2500000000000009 2.5000000000000004 80.500000000000014 -69.549999237060533 25.44999980926514 135.25000000000003 23.349999427795414 0.37468813359737402 0.91597560048103344 0.84999999403953563 54.549999237060554 -0.82415616512298573 0.72713336348533641
decision_type=2 2 2 2 2 2 2 2 2 2 2 2 2 2
left_child=-1 2 -2 -4 -3 7 -7 8 9 10 -6 -12 -13 -10
right_child=1 4 3 -5 5 6 -8 -9 13 -11 11 12 -14 -15
leaf_value=0.0039237557238542484 0.0009071613174451668 0.0024447117422790529 -0.0066041101648003312 0.0021210163923550351 0.0011843821450772535 0.0011983908706771286 -0.0087502696075361357 -0.0037043939579478966 -0.00017738663258618157 -0.0016200266617085624 0.0024688339222745494 -0.0050891911664998086 -0.00046011172480995015 -0.0018120607858804344
leaf_weight=4017 2623 6212 3478 561 52391 19620 435 4640 51404 13187 4771 4136 13982 21110
leaf_count=4017 2623 6212 3478 561 52391 19620 435 4640 51404 13187 4771 4136 13982 21110
internal_value=2.2584e-05 -7.37812e-05 -0.00394934 -0.00723018 6.09699e-05 -6.75872e-05 0.0019549 -0.000312592 -0.000177184 0.000547883 0.00107119 -0.000854841 -0.00207966 -0.00106172
internal_weight=202567 198550 6662 4039 191888 185676 20055 165621 160981 88467 75280 22889 18118 72514
internal_count=202567 198550 6662 4039 191888 185676 20055 165621 160981 88467 75280 22889 18118 72514
is_linear=0
shrinkage=0.05


Tree=172
num_leaves=15
num_cat=0
split_feature=17 3 47 26 53 23 18 30 24 13 5 53 27 47
split_gain=32.1746 42.4375 40.7917 50.6984 57.2055 44.8408 50.6995 41.6001 40.58 44.3342 37.9861 36.1466 41.834 36.053
threshold=-69.549999237060533 196.25000000000003 3.8689272403717045 0.81173244118690502 -0.95752304792404164 0.12499999627470972 -51.04999923706054 32.500000000000007 1.5000000000000002 38.667560577392585 97.000000000000014 0.99249574542045604 20.849999427795414 4.492403745651246
decision_type=2 2 2 2 2 2 2 8 2 2 2 2 2 2
left_child=-1 2 8 5 -5 6 -4 -7 10 -10 -2 12 -6 -14
right_child=1 -3 3 4 11 7 -8 -9 9 -11 -12 -13 13 -15
leaf_value=0.0020317844261876438 0.0056429937733488596 -0.0024270695955905842 -0.050886446485634354 0.0058285875734938528 -0.0033283121127210117 0.0017660359960306989 0.012538261160728396 -0.00010094865920091123 -0.012674892183435704 0.00082392360065573636 0.00049701413218014166 0.0033712586073000928 0.0027159569206672203 -0.0015698751930998491
leaf_weight=6528 2250 5274 136 1572 13050 13352 910 127579 322 12936 1688 1291 2571 12672
leaf_count=6528 2250 5274 136 1572 13050 13352 910 127579 322 12936 1688 1291 2571 12672
internal_value=2.16433e-05 -9.36799e-05 2.90272e-05 -0.000201712 -0.00202785 0.000199138 0.010464 0.000122214 0.00235092 0.00102502 0.00680091 -0.00252247 -0.00289634 -0.00111617
internal_weight=202131 195603 190329 173133 31156 141977 1046 140931 17196 13258 3938 29584 28293 15243
internal_count=202131 195603 190329 173133 31156 141977 1046 140931 17196 13258 3938 29584 28293 15243
is_linear=0
shrinkage=0.05


Tree=173
num_leaves=15
num_cat=0
split_feature=49 51 50 50 19 43 53 57 56 38 28 9 54 47
split_gain=34.7018 64.5573 80.4616 79.7317 57.429 48.491 43.1815 84.6887 58.6109 38.632 45.3182 49.2274 41.4696 39.367
threshold=-7.4999999999999991 0.12940952181816107 0.37940952181816107 0.12940952181816109 145.55000305175784 17.500000000000004 0.029024410061538223 44.083332061767585 57.649999618530281 4.4500000476837167 70.500000000000014 34.95000076293946 1.5000000000000002 6.1450805664062509
decision_type=10 2 2 2 2 10 2 2 2 2 2 2 2 2
left_child=1 3 5 -1 -5 6 7 -3 -8 12 -11 -12 -2 -13
right_child=9 2 -4 4 -6 -7 8 -9 -10 10 11 13 -14 -15
leaf_value=-0.0027067587312962441 0.0039724508690917801 0.0059150460069380198 -0.001218498395191664 0.00044280791227276631 -0.0032419765148678434 0.00044142115896710218 0.0096027217159067348 -0.0058761954396282547 0.0020885805465428509 0.0015433412590905582 -0.0027088010791739923 0.0011156181205231386 -0.0056541290579799376 -0.0006221426963432114
leaf_weight=17733 730 2842 23891 22101 3982 30844 1688 1403 4921 34019 5642 26986 2401 23455
leaf_count=17733 730 2842 23891 22101 3982 30844 1688 1403 4921 34019 5642 26986 2401 23455
internal_value=3.84904e-05 -0.000565507 0.000427217 -0.00205129 -0.000292224 0.00175266 0.00462537 0.000687427 0.00714987 0.000747241 0.000937167 6.37334e-05 -0.00470392 0.000559454
internal_weight=202638 109405 65589 43816 26083 41698 10854 4245 6609 93233 90102 56083 3131 50441
internal_count=202638 109405 65589 43816 26083 41698 10854 4245 6609 93233 90102 56083 3131 50441
is_linear=0
shrinkage=0.05


Tree=174
num_leaves=15
num_cat=0
split_feature=18 0 40 24 52 13 38 28 9 14 47 46 52 47
split_gain=32.3321 48.9448 35.6068 35.7033 36.4986 38.9505 34.3225 34.588 46.4022 49.1459 62.9598 44.0656 45.2975 53.3119
threshold=-30.55000019073486 9.0500001907348651 973.45001220703136 16.500000000000004 -0.11692013591527937 161.83869171142581 1.7500000000000002 58.500000000000007 32.549999237060554 31.374035835266117 8.9930629730224627 0.65000000596046459 -0.72696319222450245 6.3838274478912362
decision_type=2 2 2 2 2 2 2 2 2 2 2 2 2 2
left_child=2 -2 -1 4 5 -4 -3 -8 -9 10 -10 12 -11 -14
right_child=1 6 3 -5 -6 -7 7 8 9 11 -12 -13 13 -15
leaf_value=0.0056023689275612716 0.019982629391338769 -0.0047757748157501254 0.00049328340053056419 -0.0018478191881628647 0.0029126704249327995 -0.0082381964912133909 0.00044710033582271992 -0.0021897323508129384 0.00048777169284824066 0.0028753736471519354 -0.0019489762193911451 -0.0070543217654745671 -0.00071747833690649914 -0.00633505634286696
leaf_weight=1232 699 1951 7309 4242 8352 503 67678 12781 65353 2183 11116 2502 13802 2355
leaf_count=1232 699 1951 7309 4242 8352 503 67678 12781 65353 2183 11116 2502 13802 2355
internal_value=-2.20223e-05 -0.000241091 0.00180386 0.0013029 0.00237418 -8.3099e-05 -0.000292799 -0.000220216 -0.000767016 -0.000394827 0.000191883 -0.00254652 -0.00169482 -0.00260871
internal_weight=202058 180420 21638 20406 16164 7812 179721 177770 110092 97311 76469 20842 18340 16157
internal_count=202058 180420 21638 20406 16164 7812 179721 177770 110092 97311 76469 20842 18340 16157
is_linear=0
shrinkage=0.05


Tree=175
num_leaves=15
num_cat=0
split_feature=6 18 6 56 49 37 57 51 8 26 15 52 53 51
split_gain=33.6847 34.9702 44.3772 51.872 44.2901 52.6121 40.9506 40.8223 35.5557 35.1821 36.7655 34.7682 32.2076 30.8347
threshold=9.0500001907348651 -22.55000019073486 45.000000000000007 31.44999980926514 -1.0000000180025095e-35 64.500000000000014 44.349998474121101 -0.6035533845424651 186.94999694824222 0.69660553336143505 102.29999923706056 -0.99763298034667958 0.96407344937324535 0.12940952181816107
decision_type=2 2 2 2 10 2 2 2 2 2 2 2 2 2
left_child=12 -2 3 11 5 9 -6 -8 -9 10 -4 -3 -1 -13
right_child=1 2 4 -5 6 -7 7 8 -10 -11 -12 13 -14 -15
leaf_value=0.0013870159495741831 0.00091839085576628514 0.008201396178738633 -0.0034623312962810287 0.0010467115901025114 -0.0015795246728167124 -0.00065370463930627682 0.001742369005001871 2.8237769575091208e-05 -0.003895398239126888 -0.005696868341540884 0.00081664257819672207 -0.0015633191506035926 0.12777350808750343 0.00095055933604082106
leaf_weight=505 31021 507 6824 47073 11737 34808 14782 22266 1791 2508 2722 17699 340 7577
leaf_count=505 31021 507 6824 47073 11737 34808 14782 22266 1791 2508 2722 17699 340 7577
internal_value=8.9034e-06 -3.31553e-05 -0.000314438 0.000618944 -0.00101233 -0.0021196 1.38378e-05 0.000796031 -0.000474716 -0.00496519 -0.00357367 -0.00118346 0.00991228 -0.00144546
internal_weight=202160 201315 170294 72856 97438 46862 50576 38839 24057 12054 9546 25783 845 25276
internal_count=202160 201315 170294 72856 97438 46862 50576 38839 24057 12054 9546 25783 845 25276
is_linear=0
shrinkage=0.05


Tree=176
num_leaves=15
num_cat=0
split_feature=53 0 13 53 53 38 52 52 44 52 14 10 31 51
split_gain=34.8821 36.7694 45.2289 59.8826 62.3197 52.0359 47.644 67.7085 57.7119 48.3424 47.5815 40.5385 60.9269 47.8225
threshold=0.99981042742729198 133.40000152587893 85.041961669921889 0.96407344937324535 0.9543682634830476 15.750000000000002 -0.85227432847022999 -0.091260667890310274 0.87751522660255443 -0.93545487523078907 19.017000198364261 56.591665267944343 -0.85402169823646534 0.12940952181816107
decision_type=2 2 2 2 2 2 2 2 2 2 2 2 2 2
left_child=1 2 3 4 11 6 9 8 -8 -4 -7 13 -13 -1
right_child=-2 -3 5 -5 -6 10 7 -9 -10 -11 -12 12 -14 -15
leaf_value=-0.00039158543006138083 0.0045946711047493271 -0.0010158344232394649 -0.0018574182654492871 0.010910143328284234 -0.030406359366520232 -0.0011921658806908712 0.0014063134505518328 0.0019832053957982211 -0.0025144868191445085 0.012827323899610006 0.0077140153713945005 4.2890245995368116e-05 -0.0021138913186613483 0.0010901356325110968
leaf_weight=53744 1215 21834 412 750 508 710 4551 12963 7456 669 1654 30079 20477 45334
leaf_count=53744 1215 21834 412 750 508 710 4551 12963 7456 669 1654 30079 20477 45334
internal_value=-2.39665e-05 -7.51923e-05 0.000160749 -0.000183894 -0.000254742 0.00199033 0.00134396 0.000896717 -0.00180786 0.011572 0.00907751 -0.000194796 -0.00134675 0.000393085
internal_weight=202356 201141 179307 150892 150142 28415 26051 24970 12007 1081 2364 149634 50556 99078
internal_count=202356 201141 179307 150892 150142 28415 26051 24970 12007 1081 2364 149634 50556 99078
is_linear=0
shrinkage=0.05


Tree=177
num_leaves=15
num_cat=0
split_feature=32 47 37 26 53 13 53 55 52 13 6 19 53 14
split_gain=33.5262 41.817 68.6919 63.2376 70.4795 72.4945 49.047 47.7308 51.7585 46.5411 71.6145 45.978 43.6545 56.1651
threshold=3.6157579421997075 5.3084220886230478 58.500000000000007 0.78938215970993053 0.99249574542045604 81.082141876220717 -0.95242238044738758 5.5000000000000009 0.9470459818840028 84.409820556640639 44.750000000000007 30.550000190734867 0.63089349865913402 8.9742503166198748
decision_type=2 2 2 2 2 2 2 2 2 2 2 2 2 2
left_child=1 2 -1 7 5 6 -5 9 -9 10 -3 -4 13 -11
right_child=-2 3 11 4 -6 -7 -8 8 -10 12 -12 -13 -14 -15
leaf_value=-0.0012470429409411629 0.00091420135129986779 0.00077794190442730332 0.0083316618977608559 0.005911344600779681 0.0074147450849714625 -0.0067770425259237113 -0.0022826513545452674 -0.0027181324883031421 0.0038837256524406646 -0.014709239899013023 -0.0012947170614817844 0.00088360918064521736 0.00057863309162038419 0.0057439449708748718
leaf_weight=14172 35600 34670 1342 1067 631 4326 11862 11572 1777 210 33633 36970 10777 3586
leaf_count=14172 35600 34670 1342 1067 631 4326 11862 11572 1777 210 33633 36970 10777 3586
internal_value=2.97965e-05 -0.000267849 0.000900103 -0.000805067 -0.00353431 -0.00413698 -0.00225868 -0.000297449 -0.00307096 0.000149603 -0.000397801 0.00200016 0.00271378 0.00731739
internal_weight=202195 166595 52484 114111 17886 17255 12929 96225 13349 82876 68303 38312 14573 3796
internal_count=202195 166595 52484 114111 17886 17255 12929 96225 13349 82876 68303 38312 14573 3796
is_linear=0
shrinkage=0.05


Tree=178
num_leaves=15
num_cat=0
split_feature=49 43 19 38 28 47 0 25 37 38 12 26 37 54
split_gain=37.3598 51.1171 47.0211 38.9186 37.0429 41.9529 40.4914 39.3279 43.7352 63.6808 46.8721 36.8089 52.8541 35.1217
threshold=1.0000000180025095e-35 342.50000000000006 31.349999427795414 4.4500000476837167 70.500000000000014 6.1450805664062509 129.69999694824222 69.799999237060561 75.500000000000014 15.84999990463257 101.40833282470705 0.69974538683891307 65.500000000000014 1.5000000000000002
decision_type=10 10 2 2 2 2 2 2 2 2 2 2 2 2
left_child=1 2 -1 13 -5 7 -7 8 9 -6 -11 -4 -13 -2
right_child=3 -3 11 4 5 6 -8 -9 -10 10 -12 12 -14 -15
leaf_value=0.0034108840223453841 0.0040519823755517277 -0.0023596694887653594 2.3781051955379515e-06 0.0014650328172399849 -0.0019836332626599375 -0.00044839606172976946 -0.0043352756602301704 -0.01001058827505525 0.002613910604138125 0.0012182550102647878 0.0098735106076632169 -0.0040801530975766121 -0.00055725971478829404 -0.0053276010359201475
leaf_weight=6509 602 11724 73147 32529 7732 22721 2730 351 10112 7855 442 4908 18907 2284
leaf_count=6509 602 11724 73147 32529 7732 22721 2730 351 10112 7855 442 4908 18907 2284
internal_value=-3.51742e-05 -0.000626492 -0.000271789 0.000744552 0.000939845 0.000111158 -0.00133832 0.00150366 0.00172938 0.000104433 0.00314494 -0.000548096 -0.00225498 -0.00495511
internal_weight=202553 115195 103471 87358 84472 51943 25451 26492 26141 16029 8297 96962 23815 2886
internal_count=202553 115195 103471 87358 84472 51943 25451 26492 26141 16029 8297 96962 23815 2886
is_linear=0
shrinkage=0.05


Tree=179
num_leaves=15
num_cat=0
split_feature=23 17 22 32 45 12 38 17 16 18 52 53 16 46
split_gain=32.9982 34.7477 32.4301 31.3408 27.4237 38.0165 33.6329 31.4397 44.3391 35.9902 28.6754 28.7981 31.6425 26.6346
threshold=0.14500000327825549 -28.849999427795407 1164.5000000000002 3.6750426292419438 -5.7550272941589347 25.368750572204593 15.050000190734865 9.7500000000000018 51.250000000000007 -56.04999923706054 0.94138324260711681 -0.36648371815681452 12.949999809265138 28.849999427795414
decision_type=2 2 2 2 2 2 2 2 2 2 2 2 2 2
left_child=-1 2 -2 4 6 10 -3 8 -7 -9 11 12 -6 -5
right_child=1 3 -4 13 5 7 -8 9 -10 -11 -12 -13 -14 -15
leaf_value=0.0036448429674002208 0.0017816680258831829 -0.0023018565620704658 -0.00035315989763354261 0.00086041911752891007 0.010721581148588613 -0.00035134562292949285 0.00086174678848596753 0.0047292440536981888 -0.0019733975891562134 0.00018357081099407146 -0.0017597019025634667 0.012611247638548507 -0.0026182934192824233 -0.005367695884420689
leaf_weight=4017 17088 16357 10227 30352 680 58874 5169 1552 13328 42139 706 478 458 986
leaf_count=4017 17088 16357 10227 30352 680 58874 5169 1552 13328 42139 706 478 458 986
internal_value=-4.81669e-06 -9.57642e-05 0.00155993 -0.000360193 -0.000680675 -0.000381687 -0.00232169 -0.000508831 -0.00114939 0.000549759 0.00593911 0.0095941 0.00518293 0.00106865
internal_weight=202411 198394 27315 171079 139741 118215 21526 115893 72202 43691 2322 1616 1138 31338
internal_count=202411 198394 27315 171079 139741 118215 21526 115893 72202 43691 2322 1616 1138 31338
is_linear=0
shrinkage=0.05


Tree=180
num_leaves=15
num_cat=0
split_feature=49 23 38 54 12 28 9 25 37 12 28 53 40 13
split_gain=30.2305 34.4083 33.2856 48.9464 41.4119 35.4179 45.2138 34.1517 32.8973 53.2561 47.9952 42.4162 60.2961 66.6193
threshold=1.0000000180025095e-35 0.15500000119209292 5.6499998569488534 1.5000000000000002 115.92013931274415 70.500000000000014 33.250000000000007 65.90000152587892 53.500000000000007 46.401390075683601 38.500000000000007 -0.60555642843246449 973.64999389648449 38.906845092773445
decision_type=10 2 2 2 2 2 2 2 2 2 2 2 2 2
left_child=1 -1 3 4 -2 -4 -7 -8 9 11 -10 12 -3 -14
right_child=2 8 5 -5 -6 6 7 -9 10 -11 -12 -13 13 -15
leaf_value=0.0030142772697087624 0.0093265123816782432 -0.0028845124434624171 0.0014508274199182061 -0.0045348628144725621 -0.0025551474260844514 -0.0027584343533472752 0.00048422790636440258 -0.0071460888011685153 0.0025303844273874762 -0.0029886157000411917 -0.00034246011130187396 -0.001989558558809472 0.005957990489920721 -0.0014789459215695405
leaf_weight=3710 547 1671 31459 3638 503 4636 45800 585 7222 11058 77578 8757 3567 1972
leaf_count=3710 547 1671 31459 3638 503 4636 45800 585 7222 11058 77578 8757 3567 1972
internal_value=6.53633e-06 -0.000523822 0.000709468 -0.00338442 0.00608491 0.000942538 0.000128843 0.000599741 -0.000681137 -0.00219993 -0.000196911 -0.000352069 0.00248615 0.0049964
internal_weight=202703 115535 87168 4688 1050 82480 51021 46385 111825 27025 84800 15967 7210 5539
internal_count=202703 115535 87168 4688 1050 82480 51021 46385 111825 27025 84800 15967 7210 5539
is_linear=0
shrinkage=0.05


Tree=181
num_leaves=15
num_cat=0
split_feature=49 51 28 43 53 11 13 46 36 53 53 40 18 9
split_gain=31.781 47.8015 49.0439 37.9232 66.9424 48.0142 44.0931 44.518 37.1625 35.7011 59.7959 32.0951 30.3789 29.6961
threshold=1.0000000180025095e-35 0.60355338454246532 63.500000000000007 22.500000000000004 0.029024410061538223 43.735416412353523 35.866964340209968 0.25000000745058065 16.650000572204593 -0.96234029531478871 -0.60555642843246449 971.35000610351574 42.149999618530281 38.850000381469734
decision_type=10 2 2 10 2 2 2 2 2 2 2 2 2 2
left_child=1 2 8 4 6 -6 7 9 -1 -3 -11 -8 13 -2
right_child=12 3 -4 -5 5 -7 11 -9 -10 10 -12 -13 -14 -15
leaf_value=0.0020255560982811562 -0.00057363765580626671 -0.01072444044576658 -0.0016033752801430851 -0.00020898661332265645 0.0087845752801298804 0.0021483823737340176 0.0043106550932608574 0.013224465855428504 -0.00051157036234600751 0.013300791055798162 -0.0045590556032113821 -0.0055337888854987893 -0.0015343287363840498 0.00092410722237112094
leaf_weight=6103 16671 200 30753 30528 1123 8305 257 558 33469 481 1040 2295 7822 62930
leaf_count=6103 16671 200 30753 30528 1123 8305 257 558 33469 481 1040 2295 7822 62930
internal_value=-3.27088e-05 -0.000578517 -0.00139155 0.000698149 0.00282606 0.00527654 -0.00195724 0.00309087 -0.000227376 -0.000909879 0.00174722 -0.0064598 0.000685954 0.000978194
internal_weight=202535 115112 70325 44787 14259 9428 4831 2279 39572 1721 1521 2552 87423 79601
internal_count=202535 115112 70325 44787 14259 9428 4831 2279 39572 1721 1521 2552 87423 79601
is_linear=0
shrinkage=0.05


Tree=182
num_leaves=15
num_cat=0
split_feature=53 0 15 14 12 52 38 15 12 12 33 53 57 33
split_gain=28.2084 30.4239 46.1805 58.6425 59.9844 62.9344 66.269 49.2496 52.0649 47.72 44.0708 46.2961 40.887 41.0226
threshold=0.99981042742729198 112.09999847412111 100.90000152587892 16.064064979553226 75.215972900390639 -0.8337765336036681 8.4499998092651385 108.15000152587892 64.557640075683608 46.902084350585945 1.0000000180025095e-35 0.9783238172531129 126.8833351135254 0.35000000894069677
decision_type=2 2 2 2 2 2 2 2 2 2 2 2 2 2
left_child=1 2 3 -1 5 -5 -7 8 -4 -9 -3 -12 13 -11
right_child=-2 10 7 4 -6 6 -8 9 -10 12 11 -13 -14 -15
leaf_value=0.00019262831965403718 0.004502473378209043 -0.00039243788777597322 0.00067954855421591825 -0.0045896965183641726 0.0045853499505538985 -0.0079895979136907196 0.00014569308645776338 0.016757260635749543 0.0049464362852305 0.00048559830982048969 -0.0078959300799396077 0.0011818709174003733 0.0025705954077759304 -0.0027990820984476667
leaf_weight=99638 1207 28414 4024 7581 1730 2978 13566 450 4138 24257 2403 884 5796 5556
leaf_count=99638 1207 28414 4024 7581 1730 2978 13566 450 4138 24257 2403 884 5796 5556
internal_value=3.18311e-05 -1.40251e-05 0.000251585 -0.000238042 -0.00235937 -0.00300497 -0.00127462 0.00164082 0.00514562 0.000846295 -0.00143562 -0.00690779 0.000639406 -0.000108138
internal_weight=202622 201415 169714 125493 25855 24125 16544 44221 8162 36059 31701 3287 35609 29813
internal_count=202622 201415 169714 125493 25855 24125 16544 44221 8162 36059 31701 3287 35609 29813
is_linear=0
shrinkage=0.05


Tree=183
num_leaves=15
num_cat=0
split_feature=49 51 50 50 19 43 53 12 11 44 27 38 16 32
split_gain=29.7815 46.9545 88.1637 63.4009 46.8219 40.7563 40.4304 59.8301 59.0262 35.577 31.9381 38.2267 31.4877 30.4112
threshold=-1.0000000180025095e-35 0.12940952181816107 0.37940952181816107 0.37940952181816107 140.40000152587893 17.500000000000004 0.029024410061538223 39.411111831665046 43.735416412353523 -3.2270883321762081 6.6499998569488534 5.6499998569488534 20.349999427795414 3.2269843816757207
decision_type=10 2 2 2 2 10 2 2 2 2 2 2 2 2
left_child=1 3 5 13 9 6 7 12 -8 -5 -2 -12 -3 -1
right_child=10 2 -4 4 -6 -7 8 -9 -10 -11 11 -13 -14 -15
leaf_value=-0.0027807302946557155 0.004339414062505445 0.00061696458394593925 -0.0012767983587410445 -0.0011093614640319716 -0.0027773704528758244 0.00042343593183363087 0.010572294767802044 -0.0051616186494425065 0.0022825369004130613 0.0016153179771777018 -0.0028283677148365884 0.00050016263292546948 0.011585043549251923 -7.4440116222623814e-06
leaf_weight=16432 1374 1841 24954 7639 4221 31796 1001 1383 5892 12250 4571 84174 942 4131
leaf_count=16432 1374 1841 24954 7639 4221 31796 1001 1383 5892 12250 4571 84174 942 4131
internal_value=-1.34494e-05 -0.00055604 0.000273154 -0.00181445 -7.46269e-05 0.00164878 0.0042619 0.000371169 0.00660945 0.000941002 0.000663771 0.000546166 0.00459184 -0.00385335
internal_weight=202601 112482 67809 44673 24110 42855 11059 4166 6893 19889 90119 88745 2783 20563
internal_count=202601 112482 67809 44673 24110 42855 11059 4166 6893 19889 90119 88745 2783 20563
is_linear=0
shrinkage=0.05


Tree=184
num_leaves=15
num_cat=0
split_feature=28 37 31 36 47 24 16 36 31 3 47 53 44 50
split_gain=29.1911 38.7427 45.1235 48.7341 43.151 55.3319 54.3612 52.7351 52.5139 48.5486 41.7133 38.7057 45.0019 38.5027
threshold=29.500000000000004 37.500000000000007 -2.4704403877258296 28.349999427795414 6.2949359416961679 1.5000000000000002 36.750000000000007 19.050000190734867 -5.932713270187377 134.80000305175784 5.5752775669097909 0.097680736333131804 -3.5867660045623775 1.0000000180025095e-35
decision_type=2 2 2 2 2 2 2 2 2 2 2 2 2 2
left_child=11 2 3 -2 5 6 7 -3 -7 13 -9 12 -1 -6
right_child=1 4 -4 -5 9 8 -8 10 -10 -11 -12 -13 -14 -15
leaf_value=0.0044315680027067787 -0.0046017428317127245 0.0066212131506861787 -0.0026516077471714569 0.0023513361273797941 0.0004701910896459105 0.0024908404470917675 0.00045539093280589293 0.003931102802333864 -0.00013464167922264125 -0.0037824079396758998 -0.002576622792738814 0.0049841419557259238 -0.00069591184562616676 -0.00093535527963135943
leaf_weight=4972 1347 2531 12115 5226 37483 7332 8004 3179 59095 4444 1369 2492 9508 43326
leaf_count=4972 1347 2531 12115 5226 37483 7332 8004 3179 59095 4444 1369 2492 9508 43326
internal_value=2.6799e-05 -0.000154884 -0.00231308 0.00102157 8.70944e-05 0.000909593 0.00364242 0.00683101 0.000288619 -0.000699307 0.00359807 0.00201095 0.00101794 -0.000419146
internal_weight=202423 185451 18688 6573 166763 81510 15083 7079 66427 85253 4548 16972 14480 80809
internal_count=202423 185451 18688 6573 166763 81510 15083 7079 66427 85253 4548 16972 14480 80809
is_linear=0
shrinkage=0.05


Tree=185
num_leaves=15
num_cat=0
split_feature=25 33 52 15 24 38 51 43 31 11 47 55 46 52
split_gain=31.4463 35.4628 51.7206 50.555 64.8729 46.5496 42.8705 70.5981 42.8555 42.7161 44.5535 38.3282 43.0525 44.7767
threshold=8.9499998092651385 1.0000000180025095e-35 0.99552232027053844 113.84999847412111 1.5000000000000002 10.150000095367433 -0.6035533845424651 467.50000000000006 -4.7040352821350089 74.299999237060561 7.0974020957946786 2.5000000000000004 0.15000000223517421 0.82414472103118908
decision_type=2 2 2 2 2 2 2 8 2 2 2 2 2 2
left_child=-1 2 6 5 -5 -3 7 -2 -9 10 -7 -12 13 -13
right_child=1 3 -4 4 -6 9 -8 8 -10 -11 11 12 -14 -15
leaf_value=0.00094975513229601381 0.0034184252726380624 -0.0046790665500874825 -0.0048464419120331287 0.0060495135369027508 -0.0035718017634935929 0.0004782048191022445 -0.00012743664341766659 0.0030185770905858792 -0.00033456735427872568 0.0033175159536135285 -0.0040794774188750967 -0.0069545481953774179 0.00040951099866524894 0.0022622177982612973
leaf_weight=33864 9686 2990 2184 683 9245 25160 77670 3940 18576 1851 5785 1336 8702 713
leaf_count=33864 9686 2990 2184 683 9245 25160 77670 3940 18576 1851 5785 1336 8702 713
internal_value=5.052e-05 -0.00022889 0.000285992 -0.00125055 -0.00448782 -0.000559112 0.000437742 0.00197132 0.000435053 -0.000144064 -0.000474752 -0.00249003 -0.000722516 -0.00722438
internal_weight=202385 168521 112056 56465 9928 46537 109872 32202 22516 43547 41696 16536 10751 2049
internal_count=202385 168521 112056 56465 9928 46537 109872 32202 22516 43547 41696 16536 10751 2049
is_linear=0
shrinkage=0.05


Tree=186
num_leaves=15
num_cat=0
split_feature=7 9 38 55 0 15 55 13 47 23 57 15 46 23
split_gain=28.294 29.8747 29.1403 34.0695 26.9455 43.3898 41.7621 52.6039 67.6349 46.6262 49.3107 39.2256 36.9286 35.5055
threshold=11.250000000000002 46.500000000000007 1.0000000180025095e-35 1.5000000000000002 81.15000152587892 102.29999923706056 4.5000000000000009 169.63987731933597 5.8171920776367196 1.7649999856948855 191.76666259765628 108.15000152587892 1.3499999642372134 0.44499999284744268
decision_type=2 2 2 2 2 2 2 2 2 2 2 2 2 2
left_child=1 -1 3 -2 5 -4 9 8 12 10 -6 -7 13 -8
right_child=2 -3 4 -5 6 11 7 -9 -10 -11 -12 -13 -14 -15
leaf_value=0.0014165357941731901 0.0034469100338677758 0.012123492631447356 -1.3651199423686534e-05 -0.009723089351353421 -0.00050794891662938604 0.0037599944490782967 -0.0013128510163023244 -0.0064040827675083817 -0.0039562405647599079 0.0086590117804810057 0.0024422057178927837 0.00090037359185901058 -0.012043471084456036 0.0024254451912431338
leaf_weight=1138 410 538 118011 920 36661 3863 2665 1786 6224 642 3628 20909 438 4511
leaf_count=1138 410 538 118011 920 36661 3863 2665 1786 6224 642 3628 20909 438 4511
internal_value=1.48255e-05 0.00646501 -3.93665e-05 -0.00738806 1.00327e-05 0.000375894 -0.000913551 -0.00311181 -0.00206528 -7.38868e-05 -0.000288469 0.00227786 0.00109523 0.00196215
internal_weight=202344 1676 200668 1330 199338 142783 56555 15624 13838 40931 40289 24772 7614 7176
internal_count=202344 1676 200668 1330 199338 142783 56555 15624 13838 40931 40289 24772 7614 7176
is_linear=0
shrinkage=0.05


Tree=187
num_leaves=15
num_cat=0
split_feature=50 43 36 13 52 38 52 37 44 38 29 12 53 11
split_gain=30.7139 27.952 58.7893 52.7028 40.1201 64.9083 44.6178 36.1073 53.1343 46.3016 44.6479 42.8955 38.1317 36.0293
threshold=0.98296290636062633 377.50000000000006 32.850000381469734 46.671726226806648 -0.5917624533176421 11.449999809265138 -0.95754238963127125 58.500000000000007 -5.7662031650543204 12.84999990463257 5.4500000476837167 29.114583015441898 -0.099822327494621263 66.991664886474624
decision_type=2 10 2 2 2 2 2 2 2 2 2 2 2 2
left_child=1 7 3 4 6 -6 -3 8 9 -1 -10 12 -9 -11
right_child=-2 2 -4 -5 5 -7 -8 11 10 13 -12 -13 -14 -15
leaf_value=-0.0012308354899801131 -0.0020232069883668715 0.00092091424794140124 0.00074857550820043868 -0.00045777324009428757 -0.0084348776524999138 0.00054104153296773399 -0.0072036074119942815 0.0029804328947794115 -0.0030279295664774296 0.0076136511976613586 -0.00021935232267218004 0.00051820592556614043 0.018510239901517428 -0.0011585478904291764
leaf_weight=2360 8401 756 21187 25796 1912 4550 3395 1809 9183 2381 21410 97826 587 656
leaf_count=2360 8401 756 21187 25796 1912 4550 3395 1809 9183 2381 21410 97826 587 656
internal_value=6.58939e-05 0.000194254 -0.000729091 -0.00194747 -0.00491151 -0.00244129 -0.00874189 0.000584707 -0.000773611 0.00379601 -0.00158073 0.00107251 0.00766833 0.0078684
internal_weight=202209 193808 57596 36409 10613 6462 4151 136212 35990 5397 30593 100222 2396 3037
internal_count=202209 193808 57596 36409 10613 6462 4151 136212 35990 5397 30593 100222 2396 3037
is_linear=0
shrinkage=0.05


Tree=188
num_leaves=15
num_cat=0
split_feature=0 56 0 52 52 16 49 52 16 28 25 44 55 38
split_gain=30.65 34.4319 38.0878 34.6979 34.9052 34.1714 32.4673 34.0422 33.0063 31.5287 35.5503 29.3391 28.557 28.3044
threshold=11.250000000000002 28.050000190734867 38.45000076293946 -0.99763298034667958 -0.30983471870422358 10.050000190734865 1.0000000180025095e-35 0.98932364583015453 23.650000572204593 70.500000000000014 65.90000152587892 -7.9575929641723624 5.5000000000000009 15.750000000000002
decision_type=2 2 2 2 2 2 10 2 2 2 2 2 2 2
left_child=-1 3 -3 12 5 -5 -4 9 -9 -8 11 -11 -2 -6
right_child=1 2 6 4 13 -7 7 8 -10 10 -12 -13 -14 -15
leaf_value=0.0072532247612080054 0.0082002453140892946 0.0011240006387183289 -0.00050200895396404911 0.0027187033945681701 -0.001186607275978835 -0.0036205770134573215 0.0014512952854373229 0.0041026513179094502 -0.0067144763146542276 -0.0022677181789361005 -0.0071149513160918276 0.00038908507169571269 -0.018222088129293917 0.0028300154216898939
leaf_weight=1667 431 36532 74251 690 13825 5714 22602 485 1040 4962 655 36813 52 3050
leaf_count=1667 431 36532 74251 690 13825 5714 22602 485 1040 4962 655 36813 52 3050
internal_value=2.15752e-05 -3.45579e-05 0.000204962 -0.00182147 -0.00209863 -0.00523854 -0.000168302 0.000633572 -0.00672638 0.000807171 3.5344e-06 0.000186072 0.0113083 -0.000904649
internal_weight=202769 201102 177340 23762 23279 6404 140808 66557 1525 65032 42430 41775 483 16875
internal_count=202769 201102 177340 23762 23279 6404 140808 66557 1525 65032 42430 41775 483 16875
is_linear=0
shrinkage=0.05


Tree=189
num_leaves=15
num_cat=0
split_feature=53 38 53 24 52 52 44 11 13 13 52 13 12 53
split_gain=28.4067 28.4975 86.1296 77.2455 67.5664 56.7395 69.6574 61.3486 73.8157 105.825 69.4615 57.4552 70.661 50.2121
threshold=0.99981042742729198 15.150000095367433 0.44312302768230444 9.5000000000000018 0.3744682669639588 -0.31799228489398951 -4.6635701656341544 90.843750000000014 66.672622680664077 49.89464187622071 0.52766072750091564 37.946428298950202 56.456945419311531 0.73136293888092052
decision_type=2 2 2 2 2 2 2 2 2 2 2 2 2 2
left_child=1 3 5 -1 -5 6 -3 8 9 -7 -10 -8 -13 -4
right_child=-2 2 13 4 -6 7 11 -9 10 -11 -12 12 -14 -15
leaf_value=0.0002428052969788184 0.0042509070896278476 -0.0020639891173791537 0.0037484809125301294 -0.0040934781054369944 -0.0010096186935724157 0.0026749530749507556 -0.0030194941187952824 -0.005724948033211978 0.0071402683834246861 -0.0012180230915877959 -0.001956794138695689 0.0018362621461034318 -0.00091400739729001696 -0.01038839905464083
leaf_weight=63492 1232 18762 6306 6492 32947 16850 4220 1544 3187 13065 1033 18721 14508 297
leaf_count=63492 1232 18762 6306 6492 32947 16850 4220 1544 3187 13065 1033 18721 14508 297
internal_value=-5.05758e-05 -9.70541e-05 0.000510898 -0.000678787 -0.00241641 0.000114255 -0.000875563 0.00167348 0.00211524 0.0012406 0.00829787 0.000370405 0.00106877 0.00602223
internal_weight=202656 201424 98493 102931 39439 91890 56211 35679 34135 29915 4220 37449 33229 6603
internal_count=202656 201424 98493 102931 39439 91890 56211 35679 34135 29915 4220 37449 33229 6603
is_linear=0
shrinkage=0.05


Tree=190
num_leaves=15
num_cat=0
split_feature=38 0 15 53 53 43 53 38 28 24 37 11 52 13
split_gain=27.6104 44.1164 39.5131 35.0324 32.61 34.0301 31.9301 67.5984 66.635 64.3269 45.2805 45.1626 43.6533 55.8191
threshold=25.550000190734867 23.750000000000004 135.25000000000003 -0.99983122944831837 -0.99938741326332081 1277.5000000000002 0.34840355813503271 16.150000572204593 66.500000000000014 5.5000000000000009 66.500000000000014 33.018751144409187 -0.87812310457229603 84.409820556640639
decision_type=2 2 2 2 2 10 2 2 2 2 2 2 2 2
left_child=3 -2 4 -1 -3 -6 -5 8 11 -10 -9 -8 13 -13
right_child=1 2 -4 6 5 -7 7 10 9 -11 -12 12 -14 -15
leaf_value=0.0075391757745311679 0.0083442144587493553 -0.0056891419685783607 -0.0081080890906601293 -0.0005062279982277311 0.00079121995280223188 0.0057839766458423923 0.012362378528384546 0.0065005190371372791 0.0001221694208857968 -0.0024671429567520056 0.0011944254439613885 -0.0025081519370746849 0.00080139899984805476 0.011583953960314482
leaf_weight=818 861 612 432 106920 15979 750 650 2348 30132 14401 4175 444 23117 788
leaf_count=818 861 612 432 106920 15979 750 650 2348 30132 14401 4175 444 23117 788
internal_value=9.01515e-06 0.00184242 0.00130321 -0.000176956 0.00167858 0.00209541 -0.000223379 0.000559719 0.000102816 -0.00105684 0.00542247 0.00216822 0.0018176 0.0109501
internal_weight=202427 18634 17773 183793 17341 16729 182975 76055 69532 44533 6523 24999 24349 1232
internal_count=202427 18634 17773 183793 17341 16729 182975 76055 69532 44533 6523 24999 24349 1232
is_linear=0
shrinkage=0.05


Tree=191
num_leaves=15
num_cat=0
split_feature=18 19 40 53 6 56 32 13 13 49 13 33 19 13
split_gain=28.711 55.3402 47.9776 35.5582 34.6325 40.4327 35.1632 35.9913 32.7689 31.315 41.3309 39.411 32.4561 31.1125
threshold=-22.55000019073486 11.650000095367433 973.45001220703136 0.9800505042076112 45.000000000000007 31.44999980926514 -0.69145217537879933 46.86101150512696 50.693450927734382 -7.4999999999999991 56.26488113403321 8.7500000000000018 29.550000190734867 180.56636810302737
decision_type=2 2 2 2 2 2 2 2 2 8 2 2 2 2
left_child=2 -2 8 13 5 -3 7 -6 -1 10 -7 -11 -12 -4
right_child=1 4 3 -5 6 9 -8 -9 -10 11 12 -13 -14 -15
leaf_value=-0.0016829237406072843 0.023828157109099236 -0.00070584363072291882 0.00036772069490677924 0.0031165748456057915 -0.0035615413594334345 -0.00066096515819816237 -4.2875767188479966e-05 -0.00085964694953456983 0.0064713234723177389 0.0023503081476277058 0.0098721118812870549 -0.0032201782623945325 0.00148107054535459 -0.00608684636423505
leaf_weight=404 639 25805 24702 3410 5731 19310 53115 38948 1490 18125 563 1880 7662 1071
leaf_count=404 639 25805 24702 3410 5731 19310 53115 38948 1490 18125 563 1880 7662 1071
internal_value=-2.87137e-05 -0.000281743 0.00136954 0.000867502 -0.000336987 0.000484289 -0.000952926 -0.00198651 0.00905987 0.00134911 0.000255037 0.00285411 0.00322101 0.000231742
internal_weight=202855 171778 31077 29183 171139 73345 97794 44679 1894 47540 27535 20005 8225 25773
internal_count=202855 171778 31077 29183 171139 73345 97794 44679 1894 47540 27535 20005 8225 25773
is_linear=0
shrinkage=0.05


Tree=192
num_leaves=15
num_cat=0
split_feature=0 53 8 40 6 21 30 54 34 32 53 55 25 23
split_gain=29.476 35.8183 33.8584 34.2935 30.2528 29.4347 30.8336 35.2916 29.7846 30.4821 28.5061 64.4467 51.0015 38.0727
threshold=42.199998855590827 0.7074720859527589 14.650000095367433 995.04998779296886 86.950000762939467 1.0000000180025095e-35 32.500000000000007 11.500000000000002 -5.1499998569488517 3.6157579421997075 -0.50557503104209889 1.5000000000000002 11.150000095367433 0.44499999284744268
decision_type=2 2 2 2 2 2 8 2 2 2 2 2 2 2
left_child=1 4 -2 5 10 -4 7 -7 -8 -10 11 13 -13 -1
right_child=2 -3 3 -5 -6 6 8 -9 9 -11 -12 12 -14 -15
leaf_value=-0.0041090259671651792 0.0050924895887201563 0.0049318566974437227 -0.0027004204021446074 0.0022415889664730185 0.0063314895138379991 0.001479184531095243 -0.0053780020427469767 -0.0015898459985644979 -0.00062270158597688835 0.00065327407017762512 -0.00030238142274524664 0.0032597470316404011 -0.00020769375490202609 0.00039887901402676108
leaf_weight=2996 777 3202 5610 3505 1084 15522 1757 4172 85927 20008 33782 13056 6282 5057
leaf_count=2996 777 3202 5610 3505 1084 15522 1757 4172 85927 20008 33782 13056 6282 5057
internal_value=1.78794e-05 0.00089088 -0.000398432 -0.000458022 0.00062513 -0.000586816 -0.000430547 0.00138804 -0.000763217 -0.000655765 0.000477665 0.00167603 0.00324065 -0.00208049
internal_weight=202737 65459 137278 136501 62257 132996 127386 19694 107692 105935 61173 27391 19338 8053
internal_count=202737 65459 137278 136501 62257 132996 127386 19694 107692 105935 61173 27391 19338 8053
is_linear=0
shrinkage=0.05


Tree=193
num_leaves=15
num_cat=0
split_feature=0 52 13 52 57 38 15 16 12 12 16 15 52 30
split_gain=28.5616 31.7881 29.643 69.728 61.7746 70.3937 46.1785 40.7761 37.4854 34.2229 42.7007 44.158 35.572 51.5897
threshold=16.849999427795414 0.9524284601211549 43.880655288696296 -0.5917624533176421 64.350002288818374 15.050000190734865 104.65000152587892 10.050000190734865 25.368750572204593 49.505554199218757 14.050000190734865 43.850000381469734 0.94138324260711681 17.500000000000004
decision_type=2 2 2 2 2 2 2 2 2 2 2 2 2 10
left_child=1 -1 3 7 5 6 9 -2 -4 10 12 -12 13 -5
right_child=2 -3 8 4 -6 -7 -8 -9 -10 -11 11 -13 -14 -15
leaf_value=0.0064937848933114724 0.0040005943559856001 -0.0016494267928808025 0.021306462078174673 -0.0053450464748363881 -0.006664028182446948 0.0025123779753621709 0.012899849223123851 -0.0031626753013564799 0.00010825960191913897 -0.0062564114278140445 -0.0022644963863198073 0.0013870834322992826 -0.0062842010567781652 0.0033977500333478628
leaf_weight=3365 536 1741 202 905 1152 10647 311 10733 151732 1307 5460 10635 2442 1352
leaf_count=3365 536 1741 202 905 1152 10647 311 10733 151732 1307 5460 10635 2442 1352
internal_value=-2.34533e-05 0.00366497 -0.000119033 -0.00123873 -0.000114696 0.000283498 -0.00130675 -0.00464802 0.000216198 -0.00157953 -0.00108393 0.00014126 -0.00527182 -0.000738862
internal_weight=202520 5106 197414 45480 34211 33059 22412 11269 151934 22101 20794 16095 4699 2257
internal_count=202520 5106 197414 45480 34211 33059 22412 11269 151934 22101 20794 16095 4699 2257
is_linear=0
shrinkage=0.05


Tree=194
num_leaves=15
num_cat=0
split_feature=2 54 16 38 16 24 37 16 6 42 53 53 47 13
split_gain=27.4298 42.4474 50.4998 39.2048 49.4799 37.2929 37.2635 37.1403 34.141 33.9434 40.0838 33.9166 40.5113 33.2493
threshold=200.00000000000003 1.5000000000000002 36.149999618530281 5.5499999523162851 27.44999980926514 5.5000000000000009 28.500000000000004 4.3000000715255746 19.050000190734867 10.550000190734865 0.9543682634830476 -0.42958799004554743 11.112633228302004 138.76190185546878
decision_type=2 2 2 2 2 2 2 2 2 2 2 2 2 2
left_child=1 2 -1 4 6 -2 11 8 -5 10 -8 -3 -13 -9
right_child=5 3 -4 7 -6 -7 9 13 -10 -11 -12 12 -14 -15
leaf_value=0.00726877265922358 -0.00057164157992840999 0.0046956505592594582 0.0009487083253479589 0.023929197503880818 -0.0049491027337394524 -0.0064935390268670932 0.0081028438689857065 -4.1891801199370197e-05 -0.0073907163206909602 -0.0064980955746047064 -0.010417959757925236 -0.0062943925716704031 0.022174908781690972 0.0024082703758513402
leaf_weight=1349 4400 681 12201 434 3569 1320 1428 169535 175 271 320 1910 155 4835
leaf_count=1349 4400 681 12201 434 3569 1320 1428 169535 175 271 320 1910 155 4835
internal_value=3.31946e-05 0.000132446 0.00283186 -6.72311e-05 -0.00341563 -0.00337696 -7.8534e-05 9.24344e-05 0.0123183 0.00506407 0.0076223 -0.0038643 -0.00704819 4.90309e-05
internal_weight=202583 196863 13550 183313 8334 5720 4765 174979 609 2019 1748 2746 2065 174370
internal_count=202583 196863 13550 183313 8334 5720 4765 174979 609 2019 1748 2746 2065 174370
is_linear=0
shrinkage=0.05


Tree=195
num_leaves=15
num_cat=0
split_feature=25 33 12 13 55 19 40 6 11 29 37 38 43 2
split_gain=28.5591 34.671 34.6139 69.3239 43.2906 27.8014 27.7611 26.6049 29.3144 25.7851 26.8744 33.2475 30.7126 25.5738
threshold=8.9499998092651385 9.8499999046325701 58.254859924316413 46.063095092773445 2.5000000000000004 331.55000305175787 996.54998779296886 9.0500001907348651 46.327083587646491 6.1499998569488534 53.500000000000007 12.250000000000002 102.50000000000001 57.350000381469734
decision_type=2 2 2 2 2 2 2 2 2 2 2 2 8 2
left_child=5 6 3 -3 -4 7 9 -1 -9 10 11 -2 -13 -12
right_child=1 2 4 -5 -6 -7 -8 8 -10 -11 13 12 -14 -15
leaf_value=0.11142965622366224 -0.0030782874368961185 -0.003875106637713845 0.00030823964082087458 0.0018538141302331349 -0.011539508521107238 -0.019787272380254337 0.0038424784088773541 0.00021261139067760837 0.0022579088515197994 0.00034606810552382448 0.00074300340282736565 -0.0040719539755474151 0.00036176786601601897 -0.00049946028481887982
leaf_weight=349 10231 3334 714 3988 1221 154 986 23645 9586 74046 20213 1710 10281 41638
leaf_count=349 10231 3334 714 3988 1221 154 986 23645 9586 74046 20213 1710 10281 41638
internal_value=4.45311e-06 -0.000261623 -0.0032346 -0.00165712 -0.00916452 0.00133209 -8.8458e-05 0.00143197 0.00128531 -0.000140866 -0.000740043 -0.00223102 -0.000443713 -0.000204087
internal_weight=202096 168362 9257 7322 1935 33734 159105 33580 33231 158119 84073 22222 11991 61851
internal_count=202096 168362 9257 7322 1935 33734 159105 33580 33231 158119 84073 22222 11991 61851
is_linear=0
shrinkage=0.05


Tree=196
num_leaves=15
num_cat=0
split_feature=0 27 38 55 55 28 13 0 16 47 16 33 15 27
split_gain=28.0321 42.3716 28.2039 27.1493 26.7134 24.9321 26.8592 24.3426 41.5735 34.0172 30.2376 27.6716 56.0754 44.5623
threshold=215.35000610351565 7.6499998569488534 1.0000000180025095e-35 1.5000000000000002 5.5000000000000009 17.500000000000004 28.755059242248539 42.199998855590827 17.550000190734867 2.9838918447494511 6.6499998569488534 1.0000000180025095e-35 134.35000610351565 26.250000000000004
decision_type=2 2 2 2 2 2 2 2 2 2 2 2 2 2
left_child=1 -1 3 -3 -2 -4 -7 9 10 -8 -9 -10 -13 -14
right_child=4 2 5 -5 -6 6 7 8 11 -11 -12 12 13 -15
leaf_value=0.0021211612130667078 -0.0010365376772210812 0.003434426970488957 0.0028364701191309714 -0.0092699440922702128 -0.0075078463260163375 -0.0025538357093254516 0.008440505045697223 0.007460998955687065 0.00021656362726550499 0.00046801591247743471 -0.0039920172660367495 -0.00028110306360098206 -0.0020945084050248892 -0.009529249021018725
leaf_weight=4363 3665 400 4336 900 645 4024 522 215 79160 56472 5495 36335 4158 1433
leaf_count=4363 3665 400 4336 900 645 4024 522 215 79160 56472 5495 36335 4158 1433
internal_value=-3.1786e-05 5.52261e-05 -5.47917e-05 -0.00736641 -0.0040162 -4.9438e-06 -9.15751e-05 -2.99238e-06 -0.000388783 0.000855203 -0.0045542 -0.000191996 -0.00123045 -0.00588734
internal_weight=202123 197813 193450 1300 4310 192150 187814 183790 126796 56994 5710 121086 41926 5591
internal_count=202123 197813 193450 1300 4310 192150 187814 183790 126796 56994 5710 121086 41926 5591
is_linear=0
shrinkage=0.05


Tree=197
num_leaves=15
num_cat=0
split_feature=49 43 0 13 43 8 53 16 12 14 47 27 57 26
split_gain=35.173 34.615 47.2484 52.2735 36.3333 30.8894 29.8237 29.331 27.4206 26.9363 41.2836 66.7906 38.4762 33.7212
threshold=1.0000000180025095e-35 342.50000000000006 28.150000572204593 43.880655288696296 37.500000000000007 15.750000000000002 -0.43733099102973932 26.650000572204593 46.401390075683601 33.113794326782234 6.1450805664062509 13.550000190734865 61.783332824707038 0.69059729576110851
decision_type=8 8 2 2 10 2 2 2 2 2 2 2 2 2
left_child=1 2 4 6 -1 -5 7 -4 -9 -2 12 -12 -11 -13
right_child=9 -3 3 5 -6 -7 -8 8 -10 10 11 13 -14 -15
leaf_value=0.0066921802673414969 0.00052668908344737227 -0.0020297817482647115 -0.0036205581788366276 0.0074341981100257502 0.00085874053355663874 -0.00025890887798036069 -0.0045323439829935922 0.0043864771726916246 -0.0035109509879364164 -0.0033188886750115665 -0.0072484390502621579 0.0025535793683464864 0.00082025735220511925 -0.0032002264600328404
leaf_weight=2363 92484 11606 2487 298 8729 58104 4880 1410 510 2373 1930 1696 11050 2002
leaf_count=2363 92484 11606 2487 298 8729 58104 4880 1410 510 2373 1930 1696 11050 2002
internal_value=-7.2054e-05 -0.00080506 -0.0004293 -0.000925051 0.00259413 -0.000370643 -0.00440734 -0.00142065 0.00321244 0.000521987 -0.0011896 -0.00478006 0.000318246 -0.00083603
internal_weight=201922 90387 78781 67689 11092 58402 9287 4407 1920 111535 19051 5628 13423 3698
internal_count=201922 90387 78781 67689 11092 58402 9287 4407 1920 111535 19051 5628 13423 3698
is_linear=0
shrinkage=0.05


Tree=198
num_leaves=15
num_cat=0
split_feature=49 43 6 37 18 53 53 15 27 19 53 26 18 10
split_gain=31.5565 37.7123 36.5024 48.8314 33.3727 31.3978 32.0007 32.0543 30.3312 30.0593 32.8725 29.4628 28.2077 28.1053
threshold=1.0000000180025095e-35 367.50000000000006 45.699998855590827 61.500000000000007 8.5500001907348651 -0.99864786863327015 -0.63257205486297596 95.349998474121108 5.5499999523162851 23.250000000000004 0.39629089832305914 0.69573572278022777 42.149999618530281 193.6499938964844
decision_type=10 10 2 2 2 2 2 2 2 2 2 2 2 2
left_child=1 2 9 -4 5 -5 -7 -8 -2 10 -1 -11 -10 -9
right_child=8 -3 3 4 -6 6 7 13 12 11 -12 -13 -14 -15
leaf_value=0.0027671257881588503 0.004900711154282829 -0.0019303532372789913 -0.0023873201760317925 -0.0068637145331540738 -0.0012224072675060484 0.0021473928406974068 -0.0015623461987089261 0.00091109836030300049 0.00060644940418038036 0.00082924113351303503 0.015042878607223793 -0.0011239937333943494 -0.0013116525089782423 -0.0023188612402600187
leaf_weight=2185 598 10790 11562 446 13325 6556 8846 17646 78924 33140 576 9084 7736 1187
leaf_count=2185 598 10790 11562 446 13325 6556 8846 17646 78924 33140 576 9084 7736 1187
internal_value=7.78586e-05 -0.000464877 -0.000174297 -0.000986102 -0.000283239 0.000534 0.000707403 -3.70183e-05 0.000795251 0.000900656 0.00594551 0.000569446 0.000717088 0.00112907
internal_weight=202601 115343 104553 59568 48006 34681 34235 27679 87258 44985 2761 42224 86660 18833
internal_count=202601 115343 104553 59568 48006 34681 34235 27679 87258 44985 2761 42224 86660 18833
is_linear=0
shrinkage=0.05


Tree=199
num_leaves=15
num_cat=0
split_feature=17 3 27 30 52 52 47 44 53 24 5 46 12 56
split_gain=28.7296 30.1372 41.6012 34.1329 33.793 44.5829 54.3847 42.599 36.7161 41.4616 41.1875 34.0591 33.3847 47.631
threshold=-65.749999999999986 139.00000000000003 8.8499999046325701 32.500000000000007 -0.31799228489398951 -0.29343378543853754 10.16823720932007 -9.5481181144714338 0.80798786878585827 10.500000000000002 144.59999847412112 1.5500000119209292 31.71805572509766 37.549999237060554
decision_type=2 2 2 8 2 2 2 2 2 2 2 2 2 2
left_child=-1 2 -2 -4 7 6 -6 -5 10 11 12 -10 -9 -14
right_child=1 -3 3 4 5 -7 -8 8 9 -11 -12 -13 13 -15
leaf_value=0.0018020393448537871 0.0030671861221729297 -0.0010567011441170533 0.0012848287838538531 -0.0046000590241135888 0.010700621708788429 0.0001487791393922494 -0.0037651286956962684 0.0032594021370061115 -0.002373263614625293 -0.010055267797992434 0.0049042044244089998 0.0084125752847167314 -0.0020582408526620814 -1.916536608460584e-05
leaf_weight=7358 3573 17457 17190 4875 1040 89120 237 2524 4029 515 1064 504 11658 41241
leaf_count=7358 3573 17457 17190 4875 1040 89120 237 2524 4029 515 1064 504 11658 41241
internal_value=9.26406e-06 -0.000106518 8.84109e-05 -2.14072e-05 -0.000253321 0.000375801 0.00961538 -0.00110961 -0.000752701 -0.00483393 -0.000387189 -0.00328527 -0.000575018 -0.000843429
internal_weight=202385 195027 177570 173997 156807 90397 1277 66410 61535 5048 56487 4533 55423 52899
internal_count=202385 195027 177570 173997 156807 90397 1277 66410 61535 5048 56487 4533 55423 52899
is_linear=0
shrinkage=0.05


Tree=200
num_leaves=15
num_cat=0
split_feature=49 37 0 43 57 13 12 15 54 12 37 38 44 29
split_gain=26.4168 33.5234 45.442 43.5598 39.7084 37.4518 31.9015 40.2718 30.9352 58.1477 65.0555 46.494 31.359 43.4037
threshold=1.0000000180025095e-35 44.500000000000007 63.449998855590827 17.500000000000004 144.88333129882815 43.658332824707038 46.401390075683601 109.54999923706056 1.5000000000000002 111.73263931274415 72.500000000000014 9.1500000953674334 0.54727211594581615 7.6499998569488534
decision_type=10 2 2 10 2 2 2 2 2 2 2 2 2 2
left_child=1 6 3 -3 -4 -5 7 -1 9 -2 -11 12 -10 -14
right_child=8 2 4 5 -6 -7 -8 -9 11 10 -12 -13 13 -15
leaf_value=-0.00082323934022687827 0.0059972763360917562 0.0020548986640610335 -0.0014643064030288172 -0.0014402133113969014 0.00058627991223478238 0.00046560726529663589 -0.0032056158361431913 0.014523961710035671 0.0013229475946009721 -0.0059911113192620885 0.0024156129856809181 0.00051013577193698254 -0.004058129411466097 0.00083008286629736479
leaf_weight=12968 2235 11647 26586 11910 9876 35745 6311 222 3024 1208 2909 68545 6412 2868
leaf_count=12968 2235 11647 26586 11910 9876 35745 6311 222 3024 1208 2909 68545 6412 2868
internal_value=-5.25988e-05 -0.000549339 -0.00016445 0.000689574 -0.00155325 1.94063e-05 -0.00243837 -0.00103788 0.000603995 0.00396102 0.000430094 0.000339789 -0.00248904 -0.00392896
internal_weight=202466 115265 95764 59302 36462 47655 19501 13190 87201 6352 4117 80849 12304 9280
internal_count=202466 115265 95764 59302 36462 47655 19501 13190 87201 6352 4117 80849 12304 9280
is_linear=0
shrinkage=0.05


Tree=201
num_leaves=15
num_cat=0
split_feature=0 57 24 55 9 53 32 0 40 53 15 12 11 38
split_gain=26.9232 34.9274 33.7495 32.1038 24.0639 23.986 25.3994 41.5769 32.7086 40.5744 57.8579 39.2989 39.2939 38.9949
threshold=174.85000610351565 182.63333129882815 9.5000000000000018 5.5000000000000009 71.099998474121108 0.99958848953247081 -0.69145217537879933 33.45000076293946 980.95001220703136 -0.63257205486297596 135.25000000000003 55.220832824707038 87.750000000000014 5.6499998569488534
decision_type=2 2 2 2 2 2 2 2 2 2 2 2 2 2
left_child=1 5 -3 -2 -5 6 7 -1 9 10 11 -8 -13 -10
right_child=3 2 -4 4 -6 -7 8 -9 13 -11 -12 12 -14 -15
leaf_value=0.00080412936464917544 -0.00055866621880920619 0.0031203547520907379 -0.0031664600390452382 0.0040904097777977131 -0.005978985559113862 0.0042154374555645807 -8.9022494649589059e-05 -0.00073755812982377882 -0.00244032241274485 -0.0014387847485227835 -0.0067240825442238588 0.0021761520167782209 -0.0046575349178719638 0.0012862619339359894
leaf_weight=24045 8530 3255 509 215 1384 1185 22179 70791 2721 16432 1451 11510 599 37705
leaf_count=24045 8530 3255 509 215 1384 1185 22179 70791 2721 16432 1451 11510 599 37705
internal_value=-6.29564e-06 0.000126045 0.00488871 -0.00251751 -0.00899627 3.07484e-05 -1.4271e-05 -0.000589376 0.000574741 -0.000252487 0.000693026 0.00110794 0.00339756 0.0016421
internal_weight=202511 192382 3764 10129 1599 188618 187433 94836 92597 52171 35739 34288 12109 40426
internal_count=202511 192382 3764 10129 1599 188618 187433 94836 92597 52171 35739 34288 12109 40426
is_linear=0
shrinkage=0.05


Tree=202
num_leaves=15
num_cat=0
split_feature=50 47 53 8 52 52 37 11 52 52 41 15 16 52
split_gain=31.1485 26.5866 38.203 41.035 58.7346 98.7032 29.9356 46.3745 34.8182 70.8226 61.798 52.1427 57.9525 50.3409
threshold=0.98296290636062633 10.16823720932007 0.92191100120544445 57.549999237060554 0.32613943517208105 0.46800856292247778 29.500000000000004 18.804166793823246 -0.31799228489398951 -0.29343378543853754 96.500000000000014 244.44999694824222 88.599998474121108 -0.52032786607742298
decision_type=2 2 2 2 2 2 2 2 2 2 2 2 2 2
left_child=1 6 3 4 -3 -6 -1 -8 10 -10 11 12 13 -9
right_child=-2 2 -4 -5 5 -7 7 8 9 -11 -12 -13 -14 -15
leaf_value=-0.0013174377777758119 -0.0020742590070521316 -0.0038788896983106003 -0.14227711234704876 0.0010903228596682885 0.014679696767234785 -0.0013085052693087974 0.011801224379408327 0.00040563561732584463 0.0086213578317091751 0.00058371372790754221 -0.0029548687511112277 -0.0055402037565303354 0.0055361835284421079 -0.0016949445133558325
leaf_weight=14499 8321 4157 324 6375 552 7472 943 55333 1296 82259 8109 1107 1766 9742
leaf_count=14499 8321 4157 324 6375 552 7472 943 55333 1296 82259 8109 1107 1766 9742
internal_value=1.854e-06 0.00013045 -0.00165167 -0.00134924 -0.00304938 -0.000547672 0.000322739 0.00051926 0.000453572 0.00115808 -0.000320441 0.000172165 0.000351154 0.000107936
internal_weight=202255 193934 18880 18556 12181 8024 175054 160555 159612 83555 76057 67948 66841 65075
internal_count=202255 193934 18880 18556 12181 8024 175054 160555 159612 83555 76057 67948 66841 65075
is_linear=0
shrinkage=0.05


Tree=203
num_leaves=15
num_cat=0
split_feature=47 26 37 50 24 54 47 15 36 31 55 37 32 8
split_gain=30.7784 73.6181 41.6761 41.6457 40.9683 66.122 88.1633 80.9021 55.3765 56.511 49.3755 51.2984 40.3582 40.518
threshold=4.7173163890838632 0.81173244118690502 86.500000000000014 -0.6035533845424651 15.500000000000002 3.5000000000000004 8.0094490051269549 134.35000610351565 25.150000572204593 -0.85402169823646534 1.5000000000000002 58.500000000000007 4.3300583362579355 31.44999980926514
decision_type=2 2 2 2 2 2 2 2 2 2 2 2 2 2
left_child=3 2 4 -1 5 7 -7 -2 10 -10 11 -6 13 -11
right_child=1 -3 -4 -5 8 6 -8 -9 9 12 -12 -13 -14 -15
leaf_value=-0.00063866951974431228 0.0044350649947960093 -0.0019380329138607316 -0.0010487556280363367 0.0012031674304094895 -0.0048472297390487534 0.0014043430821477469 -0.001669248434914017 -0.00076059532722342899 0.0012671951608502208 0.00063085731265126184 -0.0031540023920649477 0.0037368373049469234 0.0014457159703571588 -0.0025162192426542332
leaf_weight=11820 8877 24418 23451 28943 1135 24922 13967 4051 25967 5698 11155 2761 4484 10929
leaf_count=11820 8877 24418 23451 28943 1135 24922 13967 4051 25967 5698 11155 2761 4484 10929
internal_value=-1.67828e-05 -0.000326124 0.000123538 0.00121097 0.000518621 0.00155662 0.000526363 0.00465296 -0.000347205 0.000496942 -0.00298619 0.00185612 -0.00142394 -0.00255906
internal_weight=202578 161815 137397 40763 113946 51817 38889 12928 62129 47078 15051 3896 21111 16627
internal_count=202578 161815 137397 40763 113946 51817 38889 12928 62129 47078 15051 3896 21111 16627
is_linear=0
shrinkage=0.05


Tree=204
num_leaves=15
num_cat=0
split_feature=28 42 52 49 0 57 52 48 26 24 47 37 26 46
split_gain=25.7876 45.3925 44.5131 38.1199 37.8983 37.3617 41.874 38.2433 45.0462 39.2296 38.7906 36.4214 34.3029 33.1669
threshold=58.500000000000007 10.150000095367433 0.9970000982284547 1.0000000180025095e-35 16.849999427795414 37.683334350585945 -0.99763298034667958 -0.94999998807907093 0.78148934245109569 1.0000000180025095e-35 5.1521286964416513 28.500000000000004 0.98976448178291332 0.25000000745058065
decision_type=2 2 2 8 2 2 2 2 2 2 2 2 2 2
left_child=2 4 3 11 -2 6 -6 10 -9 -10 -7 -1 -3 -8
right_child=1 12 -4 -5 5 7 13 8 9 -11 -12 -13 -14 -15
leaf_value=-0.0040016415440084167 0.0088109504691417078 -0.0016085214283672454 -0.0039665501122636325 0.0014900274323208307 0.0049979302743376379 0.00066790185978961997 -0.0035007679466727299 0.0011186081682028983 0.0034255454075559025 -0.00089495197385061696 -0.0014478801172842254 0.00025928457376640156 -0.012804935983499272 -0.000446265260949158
leaf_weight=2824 1188 16052 2656 32299 804 11180 7050 40018 1839 19494 21540 35862 538 9199
leaf_count=2824 1188 16052 2656 32299 804 11180 7050 40018 1839 19494 21540 35862 538 9199
internal_value=2.65363e-05 -0.000399885 0.000772902 0.00101099 -3.91731e-05 -0.000134522 -0.00228711 0.000255897 0.00099208 -0.000863281 -0.00112435 -4.78086e-05 -0.00284036 -0.00283997
internal_weight=202543 128902 73641 70985 112312 111124 17053 94071 61351 21333 32720 38686 16590 16249
internal_count=202543 128902 73641 70985 112312 111124 17053 94071 61351 21333 32720 38686 16590 16249
is_linear=0
shrinkage=0.05


Tree=205
num_leaves=15
num_cat=0
split_feature=12 47 32 55 47 26 27 53 44 13 13 15 12 55
split_gain=25.3536 33.1356 25.5735 32.7324 51.6748 81.0518 57.3659 82.8075 53.5067 51.2108 48.3878 63.6091 59.4732 70.0813
threshold=19.704860687255863 6.317047357559205 3.4419139623641972 5.5000000000000009 3.9468418359756474 0.72713336348533641 24.849999427795414 0.99249574542045604 -1.0500535964965818 175.55238342285159 83.691070556640639 174.40000152587893 56.456945419311531 1.5000000000000002
decision_type=2 2 2 2 2 2 2 2 2 2 2 2 2 2
left_child=1 -1 3 4 -2 10 7 8 -7 -5 11 12 -6 -14
right_child=2 -3 -4 9 5 6 -8 -9 -10 -11 -12 -13 13 -15
leaf_value=0.014779647477640524 0.0011669396279919766 -0.00026157416884363822 0.0006821823354519745 -0.0010271098842802057 0.00037847358746643107 -0.00078763990934840574 -6.5394579761610117e-05 0.0035517196073371429 -0.0048066302164803155 -0.006460508248639054 0.0015189233458958772 0.0079985106764474297 0.00095330762150013524 -0.002681728033553234
leaf_weight=373 19375 437 37963 22657 48425 4720 12870 1496 11178 714 18306 476 7439 15843
leaf_count=373 19375 437 37963 22657 48425 4720 12870 1496 11178 714 18306 476 7439 15843
internal_value=6.42667e-06 0.00878049 -2.92845e-05 -0.000300748 -1.17741e-05 -0.000396438 -0.00263593 -0.00450758 -0.00556638 -0.00203263 0.000352766 -0.000229593 -0.00035173 -0.00242787
internal_weight=202272 810 201462 163499 140128 120753 30264 17394 15898 23371 90489 72183 71707 23282
internal_count=202272 810 201462 163499 140128 120753 30264 17394 15898 23371 90489 72183 71707 23282
is_linear=0
shrinkage=0.05


Tree=206
num_leaves=15
num_cat=0
split_feature=0 15 24 12 47 13 57 55 52 55 13 30 17 28
split_gain=27.8085 48.6177 50.5687 38.2593 34.4692 47.3125 33.2019 29.6364 31.9866 29.3091 43.9355 37.3492 35.6596 34.7243
threshold=63.449998855590827 100.90000152587892 22.500000000000004 46.902084350585945 9.9609227180480975 79.992263793945327 96.983333587646499 1.5000000000000002 0.48314048349857336 5.5000000000000009 177.52320861816409 72.500000000000014 -136.24999999999997 32.500000000000007
decision_type=2 2 2 2 2 2 2 2 2 2 2 8 2 2
left_child=1 -1 -3 -4 9 -6 -7 8 -8 11 -11 -2 -13 -14
right_child=4 2 3 -5 5 6 7 -9 -10 10 -12 12 13 -15
leaf_value=8.1219263711215892e-05 0.00058789880924488736 0.002932077065375416 0.017159556235236559 -0.0017947723437703783 -0.0076509303675148729 0.0037870976046941842 0.0086782925075221742 -0.0067456837932567126 -0.0025727891655695557 -0.0010649883084529633 -0.0063483695393341481 0.0066987451166379943 0.0052827527348090061 -0.0010353940336718076
leaf_weight=103152 38364 11772 282 3762 2660 820 262 783 339 10531 664 429 817 28253
leaf_count=103152 38364 11772 282 3762 2660 820 262 783 339 10531 664 429 817 28253
internal_value=5.8896e-05 0.000550522 0.00313092 -0.00168969 -0.000638016 -0.00471892 0.00070009 -0.00401722 0.00429624 -0.000386376 -0.00275547 4.78835e-06 -0.00133264 -0.00154574
internal_weight=202890 118968 15816 4044 83922 4864 2204 1384 601 79058 11195 67863 29499 29070
internal_count=202890 118968 15816 4044 83922 4864 2204 1384 601 79058 11195 67863 29499 29070
is_linear=0
shrinkage=0.05


Tree=207
num_leaves=15
num_cat=0
split_feature=32 40 38 52 12 13 24 57 15 40 54 6 52 52
split_gain=23.3722 32.8111 55.0575 70.6483 67.5938 58.686 58.2896 46.8954 62.347 47.3775 46.4797 51.7485 47.7428 43.937
threshold=3.6157579421997075 980.64999389648449 16.44999980926514 -0.8940606117248534 53.195833206176765 39.147619247436531 5.5000000000000009 196.05000305175784 155.30000305175784 992.25000000000011 2.5000000000000004 9.0500001907348651 -0.97113886475563038 -0.92923668026924122
decision_type=2 2 2 2 2 2 2 2 2 2 2 2 2 2
left_child=1 -1 6 4 5 -4 7 8 9 10 -3 -12 -13 -14
right_child=-2 2 3 -5 -6 -7 -8 -9 -10 -11 11 12 13 -15
leaf_value=-0.00070675916279495368 0.00070854695989045694 0.0027954795461226922 -0.0026128801705079712 0.0036044250489137768 -0.0019154882072166591 0.0049551697846356851 -0.0010713126279018063 0.0027770348627725889 -0.00086810893689497765 0.0039736333894480223 0.10731606236279555 0.026788825061752199 -0.0065401586037111686 -0.00021507885226974266
leaf_weight=58688 35580 5957 1284 7920 6410 3993 39927 3404 18965 3871 361 217 662 14950
leaf_count=58688 35580 5957 1284 7920 6410 3993 39927 3404 18965 3871 361 217 662 14950
internal_value=2.26262e-05 -0.000225815 0.000291621 0.00268772 0.000215867 0.00440231 -0.000240591 0.000926194 0.0004973 0.00208621 0.00119263 -0.000197531 -0.000629775 -0.000960184
internal_weight=202189 166609 107921 19607 11687 5277 88314 48387 44983 26018 22147 16190 15829 15612
internal_count=202189 166609 107921 19607 11687 5277 88314 48387 44983 26018 22147 16190 15829 15612
is_linear=0
shrinkage=0.05


Tree=208
num_leaves=15
num_cat=0
split_feature=51 49 45 38 41 57 0 21 51 36 9 45 16 42
split_gain=24.2351 35.0019 31.3986 43.7047 27.0312 26.6582 45.4261 33.2292 31.0051 31.9327 30.6163 27.5097 34.1142 27.9917
threshold=0.78656607866287243 1.0000000180025095e-35 -5.3587367534637442 15.050000190734865 1.0000000180025095e-35 62.883333206176765 123.15000152587892 9.5000000000000018 -0.6035533845424651 27.349999427795414 38.850000381469734 0.68220824003219616 41.149999618530281 10.34999990463257
decision_type=2 10 2 2 2 2 2 2 2 2 2 2 2 2
left_child=1 -1 3 -2 -5 6 7 -3 11 -10 -9 12 -7 -13
right_child=2 5 -4 4 -6 8 -8 10 9 -11 -12 13 -14 -15
leaf_value=-0.0005533710460083642 -0.0029161714924658168 -0.0030909307496531178 0.00097013821239186337 -0.005944197201622506 0.006916814919493342 0.0053703055316612434 -0.0041759869410404327 -0.00098859553537182228 -0.00046742177995475511 0.0028251744444680164 0.0008084241258518505 0.0044926218933434943 5.4389356743552929e-05 -0.0013332586050194288
leaf_weight=83016 4988 2925 35871 432 911 1329 2434 12642 12094 2892 32910 3802 5635 595
leaf_count=83016 4988 2925 35871 432 911 1329 2434 12642 12094 2892 32910 3802 5635 595
internal_value=2.1483e-05 -0.000259227 0.00108737 -0.0021566 0.0058204 0.000506678 -0.000161525 0.000173758 0.00179744 0.000303414 0.000505904 0.00376616 0.00180671 0.00685841
internal_weight=202476 160274 42202 6331 1343 77258 50911 48477 26347 14986 45552 11361 6964 4397
internal_count=202476 160274 42202 6331 1343 77258 50911 48477 26347 14986 45552 11361 6964 4397
is_linear=0
shrinkage=0.05


Tree=209
num_leaves=15
num_cat=0
split_feature=18 40 6 16 16 19 56 52 40 52 56 49 8 13
split_gain=26.15 41.7993 41.7947 38.7716 64.0899 37.7566 38.0618 40.2861 35.9783 32.4521 31.0143 31.187 41.0953 30.2084
threshold=-14.849999904632567 973.45001220703136 56.95000076293946 25.94999980926514 27.44999980926514 11.650000095367433 28.050000190734867 -0.99763298034667958 988.75000000000011 -0.28519254922866816 63.199998855590827 17.500000000000004 186.94999694824222 140.08660888671878
decision_type=2 2 2 2 2 2 2 2 2 2 2 10 2 2
left_child=1 -1 5 -4 -5 -2 7 -7 -3 -9 -6 -12 -13 -8
right_child=2 8 3 4 10 6 13 9 -10 -11 11 12 -14 -15
leaf_value=0.003378613813488902 0.018205577180956469 -0.00025001607645925298 -0.0039044409678492542 0.0065709816837857208 -0.0018956320348721329 0.0065353681653105879 0.00044684274132594792 -0.0028977326004045651 0.0014717078961668933 -0.00039783767397833934 -0.00081862727660532506 0.0013175171665244457 -0.0029247476294885794 0.010800888221932016
leaf_weight=3064 622 27059 4199 1051 12998 431 76551 5108 15658 14445 25540 13785 1910 405
leaf_count=3064 622 27059 4199 1051 12998 431 76551 5108 15658 14445 25540 13785 1910 405
internal_value=6.72957e-05 0.00111867 -0.000239247 -0.00128376 -0.000931385 0.000397655 0.000318205 -0.00162549 0.000713249 -0.00196161 -0.00116928 -0.000497636 0.00125597 0.000823091
internal_weight=202826 45781 157045 59483 55284 97562 96940 19984 42717 19553 54233 41235 15695 76956
internal_count=202826 45781 157045 59483 55284 97562 96940 19984 42717 19553 54233 41235 15695 76956
is_linear=0
shrinkage=0.05


Tree=210
num_leaves=15
num_cat=0
split_feature=18 40 23 6 13 13 43 36 33 13 52 52 36 55
split_gain=22.7554 39.0708 38.8962 33.1708 35.5961 35.5834 30.4603 41.6146 28.692 39.5712 24.6644 27.772 24.5616 27.3992
threshold=-22.55000019073486 973.75000000000011 0.044999999925494201 54.750000000000007 89.780357360839858 45.851190567016609 257.50000000000006 28.849999427795414 0.35000000894069677 37.368154525756843 -0.81429189443588246 0.62587949633598339 10.250000000000002 5.5000000000000009
decision_type=2 2 2 2 2 2 10 2 2 2 2 2 2 2
left_child=1 -1 -2 4 6 -5 -4 -8 -9 -10 -6 -12 -3 -14
right_child=2 12 3 5 10 -7 7 8 9 -11 11 -13 13 -15
leaf_value=0.0040160015016568193 0.12185907188138523 0.0024934282110646079 0.0005544166812258333 -0.0030262367000588337 0.012557860877020538 -0.00037898228506794352 -0.0024139772050644662 0.001008142429646138 -0.0059850617746711951 -0.00023123879233280867 0.0010600312779808884 0.0079893503298440281 0.00057174535113026248 -0.0021064145730629565
leaf_weight=2088 181 3862 58953 5480 225 67454 11425 14554 1644 8282 2485 541 21462 3864
leaf_count=2088 181 3862 58953 5480 225 67454 11425 14554 1644 8282 2485 541 21462 3864
internal_value=5.77749e-05 0.00129771 -0.000168775 -0.000193946 0.000406394 -0.00100145 0.000229793 -0.00091814 0.000244998 -0.00182669 0.00554278 0.00431489 0.000823687 0.000256552
internal_weight=202500 31276 171224 171043 98109 72934 94858 35905 24480 9926 3251 3026 29188 25326
internal_count=202500 31276 171224 171043 98109 72934 94858 35905 24480 9926 3251 3026 29188 25326
is_linear=0
shrinkage=0.05


Tree=211
num_leaves=15
num_cat=0
split_feature=14 14 37 13 29 32 47 44 47 53 57 31 53 15
split_gain=26.5867 28.9775 30.8257 31.3438 30.2218 37.4454 35.9626 37.9154 35.0873 38.1818 41.7339 36.1334 51.9568 34.8373
threshold=2.5345773696899419 5.3625478744506845 37.500000000000007 68.262199401855483 5.7500000000000009 3.6157579421997075 3.701041698455811 -3.2472704648971553 5.9726135730743417 0.9543682634830476 75.950000762939467 -6.120084047317504 0.18281312286853793 80.90000152587892
decision_type=2 2 2 2 2 2 2 2 2 2 2 2 2 2
left_child=-1 2 -2 -4 5 6 7 -3 11 -10 -11 -6 -13 -8
right_child=1 4 3 -5 8 -7 13 -9 9 10 -12 12 -14 -15
leaf_value=0.0095529165065681154 -0.0040726798647451939 0.0035775066354660277 -0.00024952816620353786 -0.0071128973824639763 0.0031644263917455051 0.0017183981268427961 -2.3697562585460467e-06 0.00010616340408712774 0.00018465631602249677 -0.016899084587205543 -0.0011695386519612605 -0.0012479837201013534 0.0018780776362076141 -0.0014520363189103494
leaf_weight=793 2398 2304 7732 385 6484 6675 24858 13259 78239 549 1881 7886 11192 37804
leaf_count=793 2398 2304 7732 385 6484 6675 24858 13259 78239 549 1881 7886 11192 37804
internal_value=-2.01285e-05 -5.6284e-05 -0.00261045 -0.00113511 8.43618e-05 -0.000618891 -0.000925737 0.00122488 0.000646408 0.000134793 -0.00602459 0.00226028 0.00116303 -0.00145998
internal_weight=202439 201646 10515 8117 191131 84900 78225 15563 106231 80669 2430 25562 19078 62662
internal_count=202439 201646 10515 8117 191131 84900 78225 15563 106231 80669 2430 25562 19078 62662
is_linear=0
shrinkage=0.05


Tree=212
num_leaves=15
num_cat=0
split_feature=0 30 0 13 14 57 40 24 52 57 53 24 52 38
split_gain=23.2885 25.4736 33.0531 39.5886 56.5801 39.2718 51.021 42.0129 34.7492 36.3715 42.9487 29.4686 29.4672 29.4088
threshold=275.20001220703131 25.02689361572266 86.950000762939467 84.409820556640639 29.723573684692386 74.916667938232436 972.85000610351574 26.500000000000004 -0.77245554327964772 196.05000305175784 0.94066718220710765 484.00000000000006 -0.99630266427993763 26.150000572204593
decision_type=2 8 2 2 2 2 2 2 2 2 2 2 2 2
left_child=1 -1 5 -4 -5 11 -7 12 -6 -10 -11 -3 -8 -9
right_child=-2 2 3 4 8 6 7 13 9 10 -12 -13 -14 -15
leaf_value=0.0010094890746196511 -0.0045494184455645266 -9.0006787381567707e-05 -0.0023769615154020552 0.0015933844866642959 0.0029040062652660684 0.0048957288844639181 0.0082286239390549076 -0.002181858218444402 -0.0019757064494387321 -0.0073415926945097276 0.0021509762566404092 0.0055158989243025321 0.0014226884658786717 0.0045087779281159446
leaf_weight=19909 868 118707 12406 8020 1507 1475 463 4783 11146 483 2404 386 19493 262
leaf_count=19909 868 118707 12406 8020 1507 1475 463 4783 11146 483 2404 386 19493 262
internal_value=9.58868e-05 0.000131295 -5.49451e-05 -0.00141205 -0.000207891 0.000280432 0.00202182 0.00148635 -0.00196785 -0.00274336 0.00225233 -0.00010684 0.00251678 -0.00258655
internal_weight=202312 201444 181535 35966 23560 145569 26476 25001 15540 14033 2887 119093 19956 5045
internal_count=202312 201444 181535 35966 23560 145569 26476 25001 15540 14033 2887 119093 19956 5045
is_linear=0
shrinkage=0.05


Tree=213
num_leaves=15
num_cat=0
split_feature=49 51 50 50 19 44 26 42 14 13 12 0 44 38
split_gain=29.3774 38.7477 73.639 66.3074 41.9499 34.0708 29.0634 28.7026 26.0826 25.7986 33.5016 24.9895 24.8728 28.1396
threshold=1.0000000180025095e-35 0.12940952181816107 0.12940952181816109 0.37940952181816107 145.55000305175784 -3.2270883321762081 0.69396883249282848 3.5499999523162846 5.2264368534088144 46.671726226806648 44.255554199218757 47.45000076293946 4.6685342788696298 18.349999427795414
decision_type=10 2 2 2 2 2 2 2 2 2 2 2 2 2
left_child=1 3 7 6 5 -5 8 -3 -1 10 -4 -11 -2 -14
right_child=12 2 9 4 -6 -7 -8 -9 -10 11 -12 -13 13 -15
leaf_value=-0.0054235043459268696 0.00065960126621927026 -0.00052838161769774297 -0.0013412162882053386 -0.0010242874814064106 -0.0023487187352653266 0.0015607897947341404 -0.0038802270433021383 0.0014783907998828618 -0.0010867208991077015 0.0011390828175125976 -0.0052568054192622853 -0.00095354263931409194 -0.0013056547204927953 0.001521115806106107
leaf_weight=1338 69699 7357 7648 7823 4045 12706 5416 30375 14275 7025 2391 15130 13761 3578
leaf_count=1338 69699 7357 7648 7823 4045 12706 5416 30375 14275 7025 2391 15130 13761 3578
internal_value=-3.82571e-06 -0.000526446 0.000213052 -0.00166016 0.000103726 0.00102123 -0.00372047 0.00171162 -0.00262274 -0.00154329 -0.00364464 -0.000589894 0.000689849 -0.00100438
internal_weight=202567 115529 69926 45603 24574 20529 21029 37732 15613 32194 10039 22155 87038 17339
internal_count=202567 115529 69926 45603 24574 20529 21029 37732 15613 32194 10039 22155 87038 17339
is_linear=0
shrinkage=0.05


Tree=214
num_leaves=15
num_cat=0
split_feature=18 17 13 8 15 23 8 52 46 55 13 15 16 38
split_gain=22.7086 28.8884 22.9172 21.7848 32.0695 32.535 30.4316 33.7017 60.8986 58.7417 43.2826 47.6565 46.7204 43.0977
threshold=-60.199998855590813 17.250000000000004 52.585714340209968 31.849999427795414 38.250000000000007 0.34499999880790716 57.549999237060554 -0.93545487523078907 0.15000000223517421 1.5000000000000002 78.009819030761733 101.15000152587892 51.95000076293946 15.949999809265138
decision_type=2 2 2 2 2 2 2 2 2 2 2 2 2 2
left_child=1 2 -1 4 5 -2 -5 8 9 -8 11 12 -10 -9
right_child=3 -3 -4 6 -6 -7 7 13 10 -11 -12 -13 -14 -15
leaf_value=0.0089564381830052383 0.0010151874706140263 0.0064307243791800923 0.00036906954040107147 -0.00064401396806489585 0.00098194917082061739 -0.0042302672792030663 0.0035750391286526826 -4.1977544485134749e-05 -0.0065976460124951624 -0.0016865696588650864 -0.022658768755490041 0.0056524913589302258 0.010001971123988748 0.0013451434241268684
leaf_weight=321 1931 1194 4981 71446 30932 1953 2147 54762 2567 4402 683 456 139 24479
leaf_count=321 1931 1194 4981 71446 30932 1953 2147 54762 2567 4402 683 456 139 24479
internal_value=6.80573e-05 0.00297418 0.00138366 -2.84574e-05 0.0011055 -0.00317155 -0.000273603 0.000339952 -0.00233564 0.000598414 -0.00732166 -0.00482346 -0.00734536 0.000691158
internal_weight=202393 6496 5302 195897 34816 3884 161081 89635 10394 6549 3845 3162 2706 79241
internal_count=202393 6496 5302 195897 34816 3884 161081 89635 10394 6549 3845 3162 2706 79241
is_linear=0
shrinkage=0.05


Tree=215
num_leaves=15
num_cat=0
split_feature=53 16 13 12 28 38 53 13 52 18 40 52 47 55
split_gain=23.2951 26.0456 22.102 36.1376 23.9454 34.7901 43.5342 72.3606 29.7918 26.585 38.9704 29.9473 61.2263 39.0665
threshold=0.99981042742729198 48.149999618530281 28.365178108215336 22.095832824707035 36.500000000000007 18.150000572204593 0.11478523537516595 40.861606597900398 0.9787549376487733 -14.849999904632567 973.45001220703136 -0.99763298034667958 7.5112373828887948 5.5000000000000009
decision_type=2 2 2 2 2 2 2 2 2 2 2 2 2 2
left_child=2 -2 -1 -4 5 6 7 8 -5 10 -6 12 13 -11
right_child=1 -3 3 4 9 -7 -8 -9 -10 11 -12 -13 -14 -15
leaf_value=-0.0022294551754640456 0.012431540131160962 0.0013370782755375789 0.0074960884709161018 0.0028129623339156421 0.0032531755210102823 0.0043749622939767479 0.0028939404143751598 -0.0027204725392312116 -0.0035855372843479286 0.0055228195529484414 0.00028741944711829505 -0.00036885255236417114 -0.005110138326817038 -0.011661928279689782
leaf_weight=4011 277 919 913 7678 2669 3168 5183 7015 1167 2638 39183 126628 652 249
leaf_count=4011 277 919 913 7678 2669 3168 5183 7015 1167 2638 39183 126628 652 249
internal_value=3.68156e-05 0.00696517 -4.72251e-06 7.01232e-05 2.36955e-05 0.0014956 0.000758799 -0.000541903 0.00246471 -0.000183545 0.000912522 -0.000536001 0.00399408 0.00711943
internal_weight=202350 1196 201154 197143 196230 24211 21043 15860 8845 172019 41852 130167 3539 2887
internal_count=202350 1196 201154 197143 196230 24211 21043 15860 8845 172019 41852 130167 3539 2887
is_linear=0
shrinkage=0.05


Tree=216
num_leaves=15
num_cat=0
split_feature=49 51 50 50 44 16 26 54 15 47 26 24 55 15
split_gain=24.77 36.0957 61.5262 53.9131 37.0443 33.464 32.4152 32.1042 42.1122 28.9685 56.5696 31.9764 44.4983 36.658
threshold=1.0000000180025095e-35 0.12940952181816107 -1.0000000180025095e-35 0.37940952181816107 -2.8795090913772579 106.04999923706056 0.68506109714508068 3.5000000000000004 65.799999237060561 4.3912405967712411 0.9562889337539674 5.5000000000000009 5.5000000000000009 118.15000152587892
decision_type=10 2 2 2 2 2 2 2 2 2 2 2 2 2
left_child=1 3 -3 6 -5 -6 -1 8 -4 11 -11 13 -13 -2
right_child=9 2 7 4 5 -7 -8 -9 -10 10 -12 12 -14 -15
leaf_value=-0.0012208287537541134 0.005619428506478558 0.001060166512857902 0.003823878491169544 -0.0016415899413408557 0.0012154397328386969 -0.0028375459195169 -0.003368497586722355 -0.0012400091122743901 -0.00017969097738162467 0.00038309082705037523 -0.0028591080763911885 0.0009443020486900489 -0.0073572480667718487 0.0014650086686694526
leaf_weight=13838 1912 31254 2051 9691 14031 771 7102 28872 7470 63975 8210 5932 983 6002
leaf_count=13838 1912 31254 2051 9691 14031 771 7102 28872 7470 63975 8210 5932 983 6002
internal_value=-5.9128e-05 -0.000540447 0.000174785 -0.00163667 -4.38722e-05 0.00152917 -0.00349881 -0.00116592 0.00135086 0.000577427 0.000163793 0.00258946 0.000104693 0.0047577
internal_weight=202094 115080 69647 45433 24493 14802 20940 38393 9521 87014 72185 14829 6915 7914
internal_count=202094 115080 69647 45433 24493 14802 20940 38393 9521 87014 72185 14829 6915 7914
is_linear=0
shrinkage=0.05


Tree=217
num_leaves=15
num_cat=0
split_feature=14 14 8 15 13 15 53 46 15 14 0 15 54 47
split_gain=27.4582 26.5857 27.3115 27.5474 25.5235 69.2625 49.9078 34.6141 40.1274 29.7243 28.6621 40.7421 68.1232 80.9859
threshold=2.5345773696899419 5.1072044372558603 28.550000190734867 152.94999694824222 55.56488227844239 84.200000762939467 -0.99983122944831837 30.150000572204593 62.750000000000007 16.168815612792972 139.00000000000003 95.349998474121108 8.5000000000000018 5.3084220886230478
decision_type=2 2 2 2 2 2 2 2 2 2 2 2 2 2
left_child=-1 -2 3 -3 5 -4 -6 8 -8 -9 11 12 -10 -14
right_child=1 2 4 -5 6 -7 7 9 10 -11 -12 -13 13 -15
leaf_value=0.0094356760226179358 -0.0015494501229643437 0.00091805196394755819 -8.2334083656012549e-06 0.0051213547557214913 0.037107143391398222 -0.0024457458405346688 0.0028413909504868468 -0.017079946714341817 0.00045214259754948423 8.0775377547258334e-05 -0.00073188174657807257 0.00079312024161906636 0.0023303789108487182 -0.0052223772913092582
leaf_weight=798 8975 22875 51858 947 342 14845 5550 676 14802 627 19570 52688 1851 6132
leaf_count=798 8975 22875 51858 947 342 14845 5550 676 14802 627 19570 52688 1851 6132
internal_value=2.14766e-05 -1.53657e-05 0.000108547 0.0016931 -0.000114974 -0.000875766 0.000381426 0.000316468 0.000421707 -0.00774943 0.000180163 0.000622326 -0.00114389 -0.00486363
internal_weight=202536 201738 192763 23822 168941 66703 102238 101896 100593 1303 95043 75473 22785 7983
internal_count=202536 201738 192763 23822 168941 66703 102238 101896 100593 1303 95043 75473 22785 7983
is_linear=0
shrinkage=0.05


Tree=218
num_leaves=15
num_cat=0
split_feature=50 43 15 52 57 25 47 24 54 14 12 57 53 16
split_gain=22.472 23.0146 24.0828 30.9598 34.4991 23.0675 27.6776 34.5107 34.1795 47.3573 36.6969 33.0389 38.3563 37.7198
threshold=0.98296290636062633 382.50000000000006 43.850000381469734 0.94138324260711681 17.316666603088382 8.9499998092651385 8.7828078269958514 1.5000000000000002 3.5000000000000004 25.681696891784672 209.457633972168 128.56667327880862 0.47369650006294256 53.049999237060554
decision_type=2 10 2 2 2 2 2 2 2 2 2 2 2 2
left_child=1 5 3 4 -3 -1 8 -8 9 -7 11 13 -13 -10
right_child=-2 2 -4 -5 -6 6 7 -9 10 -11 -12 12 -14 -15
leaf_value=0.0012495634065177897 -0.0016838609521544453 0.0067986541361738304 -0.00022535533779005011 -0.007866322062937579 -0.0020255225978095233 0.0025183257739295143 -0.006906742828795779 -0.00069033875004120837 7.0169222109672802e-05 0.00010032989096198097 -0.009800582170594839 0.00828465816133034 0.0010036791392749433 -0.0020563492901789736
leaf_weight=22873 8444 330 53102 940 2968 12035 998 16045 51001 15481 419 523 8309 8903
leaf_count=22873 8444 330 53102 940 2968 12035 998 16045 51001 15481 419 523 8309 8903
internal_value=4.53353e-05 0.000155334 -0.000685266 -0.00430791 -0.00201028 0.000508247 0.000216753 -0.00164047 0.000544316 0.00203444 -4.87964e-05 4.21843e-05 0.00289527 -0.000378876
internal_weight=202371 193927 57340 4238 3298 136587 113714 17043 96671 27516 69155 68736 8832 59904
internal_count=202371 193927 57340 4238 3298 136587 113714 17043 96671 27516 69155 68736 8832 59904
is_linear=0
shrinkage=0.05


Tree=219
num_leaves=15
num_cat=0
split_feature=12 47 38 55 28 18 23 0 15 44 36 15 41 38
split_gain=22.6776 31.6214 21.0129 36.1994 26.2012 29.5638 26.9835 25.789 25.8287 25.2641 25.1893 24.8814 24.3486 24.1237
threshold=19.704860687255863 6.2949359416961679 1.7500000000000002 1.5000000000000002 28.500000000000004 -14.849999904632567 0.085000000894069686 13.750000000000002 41.850000381469734 -3.968325018882751 26.349999427795414 101.59999847412111 2.5000000000000004 13.34999990463257
decision_type=2 2 2 2 2 2 2 2 2 2 2 2 2 2
left_child=1 -1 3 -2 9 6 -6 -7 -9 10 -4 12 -11 -12
right_child=2 -3 4 -5 5 7 -8 8 -10 11 13 -13 -14 -15
leaf_value=0.012661273466772425 0.003731450799853642 -0.00029584058952338845 -0.00040818037456377687 -0.0058823102670157341 -0.045826773657524078 0.010365799641029251 0.00064263434038199234 -0.001998730547960756 -0.0001798879773039941 -0.0015653060134786984 0.0016813486656640101 0.0059731668810246615 0.0017097710956050943 0.009954203052268136
leaf_weight=375 719 427 1437 1603 154 626 43208 8243 132537 5081 1346 1042 3828 1904
leaf_count=375 719 427 1437 1603 154 626 43208 8243 132537 5081 1346 1042 3828 1904
internal_value=3.53017e-05 0.00837438 1.73492e-06 -0.00471698 5.69162e-05 -0.00010445 0.00103754 -0.000454687 -0.000500036 0.00209244 0.00511497 0.000665094 -0.000193407 0.00754601
internal_weight=202530 802 201728 2322 199406 184768 43362 141406 140780 14638 4687 9951 8909 3250
internal_count=202530 802 201728 2322 199406 184768 43362 141406 140780 14638 4687 9951 8909 3250
is_linear=0
shrinkage=0.05


Tree=220
num_leaves=15
num_cat=0
split_feature=49 37 29 28 52 47 14 52 37 40 44 41 53 13
split_gain=26.0531 33.871 31.389 27.3479 52.4928 41.3593 42.2695 43.2915 35.5581 28.53 31.2155 31.1903 37.6226 39.8048
threshold=-1.0000000180025095e-35 29.500000000000004 6.1499998569488534 70.500000000000014 0.9970000982284547 6.1450805664062509 33.113794326782234 -0.4218058288097381 37.500000000000007 981.64999389648449 -6.4287915229797354 2.5000000000000004 -0.52765738964080799 37.946428298950202
decision_type=8 2 2 2 2 2 2 2 2 2 2 2 2 2
left_child=1 -1 -3 4 9 8 -7 -8 -5 10 -2 -12 13 -13
right_child=3 2 -4 5 -6 6 7 -9 -10 -11 11 12 -14 -15
leaf_value=-0.004171096473716232 0.0031995988001617213 -0.00086323891846110882 0.00023661258538496544 -0.0038747848582068481 -0.0042673459130860422 -0.00054518382195999082 0.001107103006216112 -0.0061066861546944726 0.00073662577718750237 0.0017815709186633972 -0.0015211290516267983 0.0045331013635163285 -0.0020595935430526625 0.00049237206742537294
leaf_weight=3485 5149 38106 46036 1435 2028 26879 1043 2562 30807 24993 8748 2200 3167 5901
leaf_count=3485 5149 38106 46036 1435 2028 26879 1043 2562 30807 24993 8748 2200 3167 5901
internal_value=3.70281e-07 -0.000648984 -0.000448593 0.000495554 0.0013411 -0.000208015 -0.00152817 -0.00660443 0.00104025 0.00166042 0.000471698 -0.000421951 0.00131672 0.0031223
internal_weight=202539 87627 84142 114912 52186 62726 30484 3605 32242 50158 25165 20016 11268 8101
internal_count=202539 87627 84142 114912 52186 62726 30484 3605 32242 50158 25165 20016 11268 8101
is_linear=0
shrinkage=0.05


Tree=221
num_leaves=15
num_cat=0
split_feature=31 0 47 24 33 13 13 38 8 11 38 37 29 38
split_gain=21.3404 22.1791 21.002 39.7539 41.6118 33.4663 74.5795 83.6884 38.4142 33.1591 34.2749 30.3116 32.4189 40.7819
threshold=-19.575846672058102 65.799999237060561 8.5853552818298358 1.5000000000000002 35.600000381469734 36.753273010253913 28.98124980926514 23.849999427795414 57.549999237060554 16.797916412353519 5.5499999523162851 66.500000000000014 5.7500000000000009 15.84999990463257
decision_type=2 2 2 2 2 2 2 2 2 2 2 2 2 2
left_child=1 -1 9 -4 5 6 -5 -8 -7 10 -2 12 13 -11
right_child=2 -3 3 4 -6 8 7 -9 -10 11 -12 -13 -14 -15
leaf_value=0.0062040381256051836 -0.0055988197365880151 -0.0032445034857634643 -0.0041997798169106718 -0.0024055933389381281 0.0096793020076730799 -0.0017126404654026655 0.0061273836069614847 -0.011544594214241725 0.0003587613081928898 -0.0021863217991433953 0.026925241581990292 0.00044621267266427463 0.00029143022798628975 0.00018439192488140522
leaf_weight=616 195 166 3484 2695 370 17928 5009 439 12866 18983 426 87424 37664 13930
leaf_count=616 195 166 3484 2695 370 17928 5009 439 12866 18983 426 87424 37664 13930
internal_value=1.57019e-05 0.00820707 -1.65075e-05 -0.000999393 -0.00054493 -0.000705446 0.00214338 0.00550568 -0.00145923 0.000248689 0.0116878 0.000202992 -0.000567739 -0.00171385
internal_weight=202195 782 201413 42791 39307 38937 8143 5448 30794 158622 621 158001 70577 32913
internal_count=202195 782 201413 42791 39307 38937 8143 5448 30794 158622 621 158001 70577 32913
is_linear=0
shrinkage=0.05


Tree=222
num_leaves=15
num_cat=0
split_feature=53 0 9 33 52 32 53 53 52 33 13 6 13 13
split_gain=22.7572 23.9593 38.422 35.7022 32.2211 32.7458 32.1154 48.0836 47.5967 38.7054 32.9178 30.44 29.8164 29.0749
threshold=0.99981042742729198 32.049999237060554 102.54999923706056 9.8499999046325701 0.99628883600234996 -0.5011233091354369 -0.50557503104209889 -0.57782411575317372 0.9937499761581422 30.44999980926514 48.078273773193366 76.250000000000014 76.513393402099624 56.26488113403321
decision_type=2 2 2 2 2 2 2 2 2 2 2 2 2 2
left_child=1 2 11 4 5 -3 7 9 -8 10 -5 -1 -12 -11
right_child=-2 3 -4 6 -6 -7 8 -9 -10 13 12 -13 -14 -15
leaf_value=0.00043185525770415693 0.0035339315292682253 -0.00044247891516430941 0.011896884751271661 -0.0049279037144414886 -0.0030060161326623288 0.0003879219276123301 -0.0064078479440901146 0.013304460856584367 0.0066835168926315082 0.0095150055203371119 0.0001267901665568505 0.0083604337838356635 -0.014058894047242379 -0.014620235965915579
leaf_weight=34244 1203 76296 756 1726 2369 77430 2742 372 374 409 3425 629 195 85
leaf_count=34244 1203 76296 756 1726 2369 77430 2742 372 374 409 3425 629 195 85
internal_value=-6.05641e-06 -4.72491e-05 0.00112868 -0.000300575 -0.000120912 -3.15476e-05 -0.00330371 -0.00122147 -0.00743762 -0.00234188 -0.00358476 0.000885102 -0.000867769 0.0109127
internal_weight=202255 201052 35629 165423 156095 153726 9328 6212 3116 5840 5346 34873 3620 494
internal_count=202255 201052 35629 165423 156095 153726 9328 6212 3116 5840 5346 34873 3620 494
is_linear=0
shrinkage=0.05


Tree=223
num_leaves=15
num_cat=0
split_feature=27 47 37 0 0 15 52 52 13 30 10 13 53 5
split_gain=22.6636 22.6822 53.1532 46.4118 41.3521 40.423 65.5776 62.7939 52.8375 47.0373 35.4387 37.5452 57.0321 36.5632
threshold=39.850000381469734 6.1450805664062509 53.500000000000007 20.849999427795414 134.80000305175784 100.90000152587892 -0.65234524011611927 -0.94705909490585316 65.286308288574233 82.500000000000014 80.174999237060561 83.691070556640639 0.90438663959503185 85.549999237060561
decision_type=2 2 2 2 2 2 2 2 2 8 2 2 2 2
left_child=1 2 -1 -4 5 6 8 -7 -3 -8 -9 13 -13 -12
right_child=-2 4 3 -5 -6 7 9 10 -10 -11 11 12 -14 -15
leaf_value=-0.0010969403603533587 0.0029899825100868382 -0.0013938523534028026 0.0072539925006987367 0.00045914253266793933 -0.0031235854727986291 0.0040603258807559352 0.0020192668454768899 0.0015742130059510084 -0.0071015146609599671 -0.00044004138487912099 -0.00084642797154271538 0.002664060590628731 -0.0033684500196704079 -0.0061882698294264378
leaf_weight=20018 3168 17680 1625 64490 4916 2564 9344 11601 3086 51431 3709 4479 1822 2465
leaf_count=20018 3168 17680 1625 64490 4916 2564 9344 11601 3086 51431 3709 4479 1822 2465
internal_value=-8.27536e-05 -0.000149568 0.000461732 0.00114518 -0.000615126 -0.000411079 -0.000963507 0.00127955 -0.00338853 -0.00013449 0.000485759 -0.00136364 0.00135082 -0.00413163
internal_weight=202398 199230 86133 66115 113097 108181 81541 26640 20766 60775 24076 12475 6301 6174
internal_count=202398 199230 86133 66115 113097 108181 81541 26640 20766 60775 24076 12475 6301 6174
is_linear=0
shrinkage=0.05


Tree=224
num_leaves=15
num_cat=0
split_feature=14 36 38 15 57 44 9 19 33 47 47 16 26 44
split_gain=23.7706 28.4405 24.1296 31.3607 33.5977 33.0965 26.7416 24.705 30.5871 27.9317 23.8309 67.0185 40.1628 42.7288
threshold=2.5345773696899419 24.650000572204593 25.650000572204593 135.25000000000003 71.816669464111342 -0.72607526183128346 23.750000000000004 32.300001144409187 0.35000000894069677 4.3912405967712411 2.9073623418807988 35.549999237060554 0.72713336348533641 -1.7854917049407957
decision_type=2 2 2 2 2 2 2 2 2 2 2 2 2 2
left_child=1 -1 10 4 5 6 -4 -8 9 -9 11 -2 -12 -14
right_child=2 -3 3 -5 -6 -7 7 8 -10 -11 12 -13 13 -15
leaf_value=0.023025379130945677 0.0048332065363720532 -0.00085914362249867428 -0.0051514135629483621 -0.0077485665529294064 0.0034052748746249057 0.0032099757008305502 0.0063369393167035937 -0.01022908329008617 -0.00089293445430563506 0.0026207126640406617 6.3427359701724069e-05 -0.00031288497760837162 0.00032750323351590229 -0.0014995544996879802
leaf_weight=432 2006 394 739 385 2115 2821 646 189 7613 2703 130316 4152 16069 31804
leaf_count=432 2006 394 739 385 2115 2821 646 189 7613 2703 130316 4152 16069 31804
internal_value=-4.0515e-05 0.00837321 -7.54088e-05 0.00171448 0.00204027 0.00119048 3.36134e-05 0.000647343 5.94389e-05 0.00442798 -0.0002426 0.00281291 -0.000348347 -0.00158668
internal_weight=202384 826 201558 17211 16826 14711 11890 11151 10505 2892 184347 6158 178189 47873
internal_count=202384 826 201558 17211 16826 14711 11890 11151 10505 2892 184347 6158 178189 47873
is_linear=0
shrinkage=0.05


Tree=225
num_leaves=15
num_cat=0
split_feature=36 17 3 57 24 29 49 44 36 38 23 38 30 55
split_gain=22.9877 20.9704 25.098 25.4778 33.7065 24.1177 27.7671 28.3059 30.1853 26.975 25.2785 24.3187 26.4782 31.4027
threshold=43.149999618530281 -65.749999999999986 196.25000000000003 182.63333129882815 4.5000000000000009 4.6499998569488534 5.0537879467010507 0.74616923928260814 14.84999990463257 8.6500000953674334 0.14500000327825549 25.650000572204593 32.500000000000007 5.5000000000000009
decision_type=2 2 2 2 2 2 10 2 2 2 2 2 8 2
left_child=1 -1 3 5 -5 6 -3 8 -8 -9 -7 12 13 -12
right_child=-2 2 -4 4 -6 10 7 9 -10 -11 11 -13 -14 -15
leaf_value=0.0015859238730642586 -0.0056668388530002646 -0.0011149509818218274 -0.0016712458854324819 0.0030727829369507687 -0.0013010478063936988 0.0039405117790263346 0.0047579090028367858 -0.0035156403887878968 0.00051974249558994767 -0.00023856177556414381 0.0021325495134276585 0.0012029028143598821 -0.00012023891346783917 -0.002608813978188098
leaf_weight=7248 446 25543 5265 2615 1153 3285 1515 2712 13665 9025 7742 12136 108828 1184
leaf_count=7248 446 25543 5265 2615 1153 3285 1515 2712 13665 9025 7742 12136 108828 1184
internal_value=2.94013e-05 5.4723e-05 -4.36618e-05 5.10789e-05 0.00411593 -3.16464e-05 -0.000939585 0.000181045 0.00160632 -0.00166213 0.00032605 0.00021632 -3.39662e-06 0.00261303
internal_weight=202362 201916 194668 189403 3768 185635 52460 26917 15180 11737 133175 129890 117754 8926
internal_count=202362 201916 194668 189403 3768 185635 52460 26917 15180 11737 133175 129890 117754 8926
is_linear=0
shrinkage=0.05


Tree=226
num_leaves=15
num_cat=0
split_feature=38 24 8 6 8 54 15 15 55 47 26 13 13 53
split_gain=22.745 25.173 21.8205 39.6052 35.3432 35.1859 38.5041 58.9585 62.3012 44.426 43.8367 76.3125 69.1272 68.1229
threshold=1.7500000000000002 6.5000000000000009 31.849999427795414 9.0500001907348651 57.549999237060554 8.5000000000000018 101.15000152587892 108.15000152587892 4.5000000000000009 5.4560487270355233 0.90052500367164623 140.08660888671878 180.56636810302737 0.90438663959503185
decision_type=2 2 2 2 2 2 2 2 2 2 2 2 2 2
left_child=1 -1 -2 -4 -5 -6 9 -8 10 -7 13 -12 -13 -9
right_child=2 -3 3 4 5 6 7 8 -10 -11 11 12 -14 -15
leaf_value=0.0011151586984026434 0.0007307772186811866 -0.0058891536847971993 0.10031801815002368 -0.00062518567004900836 0.00069770269934604778 0.0011821378457040441 0.0046046864044871462 0.0030041591950249499 -0.0025076777053705036 -0.0030912965943040668 -0.0021363859664580223 0.0053530943633380915 -0.014154732319456867 -0.0014693164340098435
leaf_weight=911 34582 1533 289 70985 51133 3317 1943 8931 7903 9400 6258 1404 186 3452
leaf_count=911 34582 1533 289 70985 51133 3317 1943 8931 7903 9400 6258 1404 186 3452
internal_value=-2.41054e-05 -0.00480848 3.46609e-05 -0.000204436 -0.000237385 0.000398938 -0.000658817 0.000316582 -0.000266487 -0.00296417 0.00120424 -0.00171799 0.00803125 0.00305616
internal_weight=202227 2444 199783 165201 164912 93927 42794 30077 28134 12717 20231 7848 1590 12383
internal_count=202227 2444 199783 165201 164912 93927 42794 30077 28134 12717 20231 7848 1590 12383
is_linear=0
shrinkage=0.05


Tree=227
num_leaves=15
num_cat=0
split_feature=27 49 37 15 53 46 13 12 49 30 12 30 52 54
split_gain=20.5045 23.7182 33.2302 35.6588 42.831 41.4213 37.7119 31.5417 28.6295 28.5544 28.3544 49.0803 27.4229 25.2782
threshold=39.850000381469734 1.0000000180025095e-35 50.500000000000007 63.199998855590827 0.063390085473656668 0.75000000000000011 43.880655288696296 46.401390075683601 -227.49999999999997 1672.5000000000002 32.554166793823249 1.0000000180025095e-35 0.86975130438804638 1.5000000000000002
decision_type=2 10 2 2 2 2 2 2 10 8 2 10 2 2
left_child=1 2 7 4 -4 8 9 10 -6 -5 12 -12 -1 -3
right_child=-2 13 3 6 5 -7 -8 -9 -10 -11 11 -13 -14 -15
leaf_value=0.00017192146332611349 0.0028922668025726352 0.0021682706796221475 0.00024392983044907031 -0.0039829347380994249 0.0063302658378103175 -0.0015821725737789451 -0.00015307987074957008 -0.0026365764631312212 0.0011113572942867134 0.0014903567735782789 0.0039240242554430598 -0.0017998481262014214 -0.0042865368741161688 0.00022076272193144453
leaf_weight=3558 3235 6332 16564 3937 2886 1209 62265 8735 1733 1205 2729 3769 3854 80785
leaf_count=3558 3235 6332 16564 3937 2886 1209 62265 8735 1733 1205 2729 3769 3854 80785
internal_value=7.12504e-05 7.14032e-06 -0.000472638 -4.09202e-05 0.00168735 0.00536999 -0.000615201 -0.00218384 0.00752322 -0.00472632 -0.000704023 0.00170559 -0.00281595 0.000626384
internal_weight=202796 199561 112444 89799 22392 5828 67407 22645 4619 5142 13910 6498 7412 87117
internal_count=202796 199561 112444 89799 22392 5828 67407 22645 4619 5142 13910 6498 7412 87117
is_linear=0
shrinkage=0.05


Tree=228
num_leaves=15
num_cat=0
split_feature=0 57 24 0 30 12 53 31 33 21 51 43 13 52
split_gain=22.0184 26.8493 31.0452 23.8843 40.4321 40.3118 42.305 45.0635 38.8269 28.8709 28.5617 36.408 28.0383 25.2231
threshold=215.35000610351565 182.63333129882815 6.5000000000000009 73.000000000000014 52.500000000000007 74.649307250976577 -0.97507822513580311 -10.411196231842039 1.3499999642372134 10.500000000000002 -0.6035533845424651 322.50000000000006 93.301189422607436 -0.99467751383781422
decision_type=2 2 2 2 8 2 2 2 2 2 2 8 2 2
left_child=1 3 -3 4 9 12 -7 -8 13 -1 11 -5 -6 -9
right_child=-2 2 -4 10 5 6 7 8 -10 -11 -12 -13 -14 -15
leaf_value=-0.0032259923052297759 -0.0015305737029780318 0.00249577634632458 -0.0014093725234896493 0.0029059600272631604 -0.00018274627750610313 0.0079090577093964658 0.0069087463993479014 0.0085233489655096323 -0.0044981326482180645 0.0022738034848299479 -0.00096225172194710845 -0.00018651966723497588 0.0052441666686585016 0.001015248755130381
leaf_weight=1039 4270 4147 1167 4009 104972 642 1062 385 1585 12141 40728 14137 1059 10921
leaf_count=1039 4270 4147 1167 4009 104972 642 1062 385 1585 12141 40728 14137 1059 10921
internal_value=5.51232e-05 0.000131816 0.00363449 3.50304e-05 0.000404286 0.000116881 0.0025796 0.00199635 0.00117627 0.0030326 -0.000804123 0.000845451 -0.00022232 0.00220484
internal_weight=202264 197994 5314 192680 133806 120626 14595 13953 12891 13180 58874 18146 106031 11306
internal_count=202264 197994 5314 192680 133806 120626 14595 13953 12891 13180 58874 18146 106031 11306
is_linear=0
shrinkage=0.05


Tree=229
num_leaves=15
num_cat=0
split_feature=50 43 37 38 41 13 33 49 31 31 19 51 26 26
split_gain=23.4199 25.3278 46.2449 47.66 32.9921 35.6114 32.413 29.4199 29.363 28.7993 28.5178 34.2682 27.6431 29.1042
threshold=0.98296290636062633 382.50000000000006 69.500000000000014 11.949999809265138 87.500000000000014 131.20982360839847 0.15000000223517421 1.0000000180025095e-35 -4.7040352821350089 1.5735748410224917 118.84999847412111 -0.6035533845424651 0.61107701063156139 0.82851165533065807
decision_type=2 10 2 2 2 2 2 10 2 2 2 2 2 2
left_child=1 7 3 6 -4 -6 8 -1 -3 -5 -9 -12 -10 -14
right_child=-2 2 4 9 5 -7 -8 10 12 -11 11 -13 13 -15
leaf_value=3.911012744647544e-06 -0.0017683459686153912 0.003412544476459388 -0.00073357541174521592 0.0010186204448640287 -0.0059760109524153639 0.01112177275542426 -0.004031094000551 0.0019078926431032317 -0.0062931079961402849 -0.00077123110669082983 0.0028428401106287862 -0.00053602431075721886 0.00094661967363073864 -0.0029691471142083538
leaf_weight=98751 8387 1708 5959 23206 4235 209 2389 20127 1446 8421 3755 14129 4900 4629
leaf_count=98751 8387 1708 5959 23206 4235 209 2389 20127 1446 8421 3755 14129 4900 4629
internal_value=-1.99e-05 9.20701e-05 -0.000792303 -0.000120426 -0.00380534 -0.00706107 -0.00243336 0.000461352 -0.00142401 0.000982236 0.00164317 0.000190008 -0.00237369 -0.00139166
internal_weight=202251 193864 57102 46699 10403 4444 15072 136762 12683 31627 38011 17884 10975 9529
internal_count=202251 193864 57102 46699 10403 4444 15072 136762 12683 31627 38011 17884 10975 9529
is_linear=0
shrinkage=0.05


Tree=230
num_leaves=15
num_cat=0
split_feature=0 35 13 16 19 6 16 16 16 26 49 54 33 23
split_gain=25.6627 39.7109 40.8503 36.1244 30.4224 27.1837 26.0618 29.9151 48.1192 53.187 43.3247 36.3215 29.8796 40.8429
threshold=44.049999237060554 30.500000000000004 45.426189422607429 17.550000190734867 11.650000095367433 21.349999427795414 21.150000572204593 25.750000000000004 27.44999980926514 0.70172464847564708 -2487.4999999999995 8.5000000000000018 1.0000000180025095e-35 0.69499999284744274
decision_type=2 2 2 2 2 2 2 2 2 2 10 2 2 2
left_child=1 -1 4 -2 -3 -4 -5 10 9 11 -8 -9 -10 -14
right_child=3 2 5 6 -6 -7 7 8 12 -11 -12 -13 13 -15
leaf_value=-0.00071317586756810538 -0.0027977577241649638 0.013920659038223149 0.0063480853481447663 0.002268476460062977 -2.8010286976019526e-06 0.0015400196551542495 0.0033923385068161203 -0.0019124716309117274 0.00013546936844123511 0.0073004531824807182 -0.0032340055342660323 0.0060822790945834265 -0.002250968105227714 -0.00020587012130048149
leaf_weight=17915 5883 404 1635 5066 28332 23668 1090 1719 74164 1522 6235 491 11175 23672
leaf_count=17915 5883 404 1635 5066 28332 23668 1090 1719 74164 1522 6235 491 11175 23672
internal_value=4.66792e-05 0.000805264 0.00148153 -0.000369962 0.000191331 0.00294611 -0.000189781 -0.000338114 -0.000136803 0.00543827 -0.00343217 0.000472973 -0.000328148 -0.00153556
internal_weight=202971 71954 54039 131017 28736 25303 125134 120068 112743 3732 7325 2210 109011 34847
internal_count=202971 71954 54039 131017 28736 25303 125134 120068 112743 3732 7325 2210 109011 34847
is_linear=0
shrinkage=0.05


Tree=231
num_leaves=15
num_cat=0
split_feature=14 36 13 14 8 13 12 37 50 0 30 52 53 53
split_gain=21.4273 27.1687 22.2908 31.0685 25.33 29.4714 48.3962 35.0272 27.627 25.9114 35.0965 29.8599 50.49 50.5395
threshold=2.5345773696899419 23.94999980926514 28.365178108215336 15.581367492675783 31.849999427795414 44.479465484619148 52.120140075683601 81.500000000000014 -1.0000000180025095e-35 82.549999237060561 32.500000000000007 -0.98214942216873158 0.16587474942207339 1.0000000180025095e-35
decision_type=2 2 2 2 2 2 2 2 2 2 8 2 2 2
left_child=1 -1 3 -2 -4 6 7 -6 -9 10 -7 12 13 -12
right_child=2 -3 4 -5 5 9 -8 8 -10 -11 11 -13 -14 -15
leaf_value=0.030497286537855176 -0.0037243075969755693 -0.00046206068980257365 0.00083148796498083298 0.0035500188631274023 -0.00015044711035249269 0.002778084093244427 -0.0075324679463835698 0.00052589263735779157 -0.0043335781814873688 -0.0004159375987389219 -0.0054006506240533332 0.00038037029757357797 -0.014305554251349863 0.001680222416757673
leaf_weight=394 3052 434 31868 750 19887 4786 1433 1564 3783 52262 3197 75704 436 3122
leaf_count=394 3052 434 31868 750 19887 4786 1433 1564 3783 52262 3197 75704 436 3122
internal_value=1.65284e-05 0.00799523 -1.65962e-05 -0.00380378 5.62983e-05 -0.000191354 -0.00171402 -0.00120425 -0.00479279 9.98086e-05 0.000627185 0.000385296 -0.00279749 -0.00164718
internal_weight=202672 828 201844 3802 198042 166174 26667 25234 5347 139507 87245 82459 6755 6319
internal_count=202672 828 201844 3802 198042 166174 26667 25234 5347 139507 87245 82459 6755 6319
is_linear=0
shrinkage=0.05


Tree=232
num_leaves=15
num_cat=0
split_feature=36 45 6 30 46 53 53 53 47 26 18 16 16 19
split_gain=21.2299 20.7868 19.0469 34.061 29.4917 34.5837 32.7846 30.334 29.1059 35.418 28.2766 30.9616 44.8588 37.3097
threshold=43.149999618530281 0.37675192952156072 45.699998855590827 82.500000000000014 0.35000000894069677 0.69521084427833568 -0.20180761069059369 -0.25206183642148966 8.4126605987548846 0.61566856503486644 -22.55000019073486 25.750000000000004 27.44999980926514 124.55000305175783
decision_type=2 2 2 10 2 2 2 2 2 2 2 2 2 2
left_child=2 -2 3 4 5 -1 7 -6 -5 -10 -4 -12 13 -13
right_child=1 -3 10 8 6 -7 -8 -9 9 -11 11 12 -14 -15
leaf_value=0.00039487063409633064 0.0013857951787905054 -0.0075483179280260455 0.00056054380162015029 0.0003577060472603089 0.0035195888009099023 0.0064510133327785298 0.0001173134149330929 0.016533678036569289 0.00057234191585328891 -0.0028801723113361377 -0.0019800338630068678 0.0053281151411365552 -0.00035479472921223917 -0.0053932389515458264
leaf_weight=16740 166 278 30419 39406 3484 1204 2219 306 5266 7057 11546 2059 81841 391
leaf_count=16740 166 278 30419 39406 3484 1204 2219 306 5266 7057 11546 2059 81841 391
internal_value=7.16431e-06 -0.010793 3.14437e-05 0.00065859 0.00221696 0.00120029 0.00524589 0.00806579 -6.32985e-05 -0.00218317 -0.000344511 -0.000766065 -0.000433269 0.00621951
internal_weight=202382 444 201938 75682 23953 17944 6009 3790 51729 12323 126256 95837 84291 2450
internal_count=202382 444 201938 75682 23953 17944 6009 3790 51729 12323 126256 95837 84291 2450
is_linear=0
shrinkage=0.05


Tree=233
num_leaves=15
num_cat=0
split_feature=40 25 24 53 40 53 23 53 53 40 53 33 52 40
split_gain=21.369 22.0974 30.0489 31.2176 54.3485 29.1443 61.9722 39.5423 42.4381 43.6658 35.1204 42.5741 46.7102 32.2732
threshold=995.04998779296886 8.2500000000000018 16.500000000000004 -0.20180761069059369 985.04998779296886 -0.99273797869682301 0.74500000476837169 -0.98801845312118519 -0.98212954401969899 975.95001220703136 -0.99864786863327015 0.55000001192092907 0.022575936280190948 979.75000000000011
decision_type=2 2 2 2 2 2 2 2 2 2 2 2 2 2
left_child=1 2 -1 4 -4 6 -3 -7 9 -9 11 12 -8 -10
right_child=-2 5 3 -5 -6 7 10 8 13 -11 -12 -13 -14 -15
leaf_value=0.0020399474917934396 0.0016453754792951601 0.0057676254353500253 0.00025198550580549789 -0.0031237061402143887 0.016202801523571269 -0.0039908222094245062 0.0077615276029551344 0.0077787426027022509 -0.00080557140870526336 -0.003174124024216424 0.0024573810026168636 -0.006430963353934927 -0.009683602121460683 6.0360717287882842e-05
leaf_weight=11736 3692 1604 9803 3317 358 1803 456 1244 49844 445 2604 1223 243 113896
leaf_count=11736 3692 1604 9803 3317 358 1803 456 1244 49844 445 2604 1223 243 113896
internal_value=3.13924e-05 -3.87741e-05 0.00134396 -0.000266904 0.00110854 -0.000239946 0.00314332 -0.000364143 -0.000283639 0.00757799 0.000143298 -0.00496894 0.00483075 -0.000365191
internal_weight=202268 198576 25214 13478 10161 173362 6130 167232 165429 1689 4526 1922 699 163740
internal_count=202268 198576 25214 13478 10161 173362 6130 167232 165429 1689 4526 1922 699 163740
is_linear=0
shrinkage=0.05


Tree=234
num_leaves=15
num_cat=0
split_feature=0 16 33 47 53 16 42 53 52 8 56 32 52 14
split_gain=22.8167 38.0929 35.0554 36.8078 34.8942 33.063 32.5311 29.313 28.979 28.4338 26.3633 24.8036 26.6953 26.6675
threshold=33.149999618530281 14.050000190734865 9.8499999046325701 11.639791965484621 0.96407344937324535 15.750000000000002 6.8500001430511483 -0.41399101912975306 0.9970000982284547 20.750000000000004 17.150000572204593 -0.5011233091354369 0.9837264120578767 12.14787006378174
decision_type=2 2 2 2 2 2 2 2 2 2 2 2 2 2
left_child=4 7 8 5 10 -4 -7 9 11 -2 -1 -3 -13 -14
right_child=1 2 3 -5 -6 6 -8 -9 -10 -11 -12 12 13 -15
leaf_value=-0.0021427343968411796 0.021626274750434198 -0.00029741647625486714 0.0065062355147579923 0.011242740672845327 0.097918930209777641 -0.001230045560686019 -0.0056790024331756228 -0.0055248338187124241 -0.0032206160749026283 -0.0012588943926371084 0.00087591786125118401 0.00036668133423881604 0.012947125443252223 0.0033735276449823634
leaf_weight=3294 205 74082 400 212 282 4877 3165 2724 1690 1263 34880 73900 338 1121
leaf_count=3294 205 74082 400 212 282 4877 3165 2724 1690 1263 34880 73900 338 1121
internal_value=6.29807e-06 -0.000250782 -0.000127194 -0.00322022 0.00110227 -0.00374468 -0.0044461 -0.00495002 5.01188e-05 0.000744249 0.000970302 0.000123954 0.000762581 0.00743703
internal_weight=202433 163977 159785 8654 38456 8442 8042 4192 151131 1468 38174 149441 75359 1459
internal_count=202433 163977 159785 8654 38456 8442 8042 4192 151131 1468 38174 149441 75359 1459
is_linear=0
shrinkage=0.05


Tree=235
num_leaves=15
num_cat=0
split_feature=30 25 29 54 24 32 1 14 53 6 43 43 20 33
split_gain=21.6247 44.4003 29.8239 28.6604 32.7958 26.2805 26.4396 27.2316 33.406 40.5235 28.1801 27.1703 25.535 25.9352
threshold=52.500000000000007 15.84999990463257 8.5500001907348651 2.5000000000000004 1.0000000180025095e-35 3.0738614797592168 231.19999694824222 45.818988800048835 0.9985530972480775 54.750000000000007 262.50000000000006 697.50000000000011 107.54999923706056 1.0500000119209292
decision_type=8 2 2 2 2 2 2 2 2 2 10 10 2 2
left_child=1 -1 3 4 -3 6 7 8 9 10 -2 -10 13 -7
right_child=5 2 -4 -5 -6 12 -8 -9 11 -11 -12 -13 -14 -15
leaf_value=0.0022108612064027006 0.00040702023230345665 0.0079077364894182822 0.002734487978685668 -0.00075687987041140399 0.00071309055159166361 0.00123176448425157 -0.0054504246146511413 0.0015858959985150689 0.0042046017752000895 -0.0010946166954567155 -0.00086067964785813827 -0.012394145160143231 -0.0033550694918415671 -0.00051204071879873967
leaf_weight=12771 44503 467 2941 22373 6780 24305 408 4589 1467 45829 23788 73 1154 10870
leaf_count=12771 44503 467 2941 22373 6780 24305 408 4589 1467 45829 23788 73 1154 10870
internal_value=2.84192e-05 0.000990252 9.9782e-06 -0.000467432 0.00226333 -0.000249369 -0.000604349 -0.000560665 -0.000710642 -0.000809603 -3.77008e-05 0.00658065 0.000929442 0.00117024
internal_weight=202318 45332 32561 29620 7247 156986 120657 120249 115660 114120 68291 1540 36329 35175
internal_count=202318 45332 32561 29620 7247 156986 120657 120249 115660 114120 68291 1540 36329 35175
is_linear=0
shrinkage=0.05


Tree=236
num_leaves=15
num_cat=0
split_feature=8 13 52 16 36 0 43 37 13 13 13 55 52 41
split_gain=19.7614 33.4672 44.3228 51.2197 30.8853 28.0691 31.608 24.7118 27.4978 26.0542 35.5975 31.4236 28.7371 26.8759
threshold=31.849999427795414 44.316965103149421 -0.5917624533176421 10.050000190734865 33.250000000000007 30.250000000000004 72.500000000000014 16.500000000000004 40.861606597900398 33.926784515380866 36.753273010253913 2.5000000000000004 0.99983760714530956 1.5000000000000002
decision_type=2 2 2 2 2 2 10 2 2 2 2 2 2 2
left_child=-1 2 3 -2 -5 6 -3 8 -4 -9 11 -11 13 -12
right_child=1 5 7 4 -6 -7 -8 9 -10 10 12 -13 -14 -15
leaf_value=0.00068651323221395892 0.0052136703582305209 0.0048695455522419469 -0.00025773921686991427 -0.0040777108075780921 0.0021115370318192648 -3.6702107678724534e-05 0.00037385690209169463 -0.0023328039988926674 -0.008058552644717748 -0.0020633293018439492 -0.0015051286204394209 0.0075320663595356751 -0.0091614980290937991 0.0015681838297740532
leaf_weight=35070 486 3340 826 6050 439 130734 6067 4438 651 671 5276 1388 223 6651
leaf_count=35070 486 3340 826 6050 439 130734 6067 4438 651 671 5276 1388 223 6651
internal_value=3.707e-05 -0.000189238 -0.00179737 -0.00522906 -0.00640483 0.000121833 0.00275831 -0.00060594 -0.00680901 -0.000111218 0.00093361 0.00699613 -9.86842e-05 0.000240848
internal_weight=202310 167240 27099 6975 6489 140141 9407 20124 1477 18647 14209 2059 12150 11927
internal_count=202310 167240 27099 6975 6489 140141 9407 20124 1477 18647 14209 2059 12150 11927
is_linear=0
shrinkage=0.05


Tree=237
num_leaves=15
num_cat=0
split_feature=49 51 43 53 13 46 15 40 53 52 48 56 47 26
split_gain=20.7363 30.9793 38.6672 46.5547 57.6278 53.271 46.2261 45.8865 45.4386 77.812 37.5617 35.2309 28.2422 49.4759
threshold=1.0000000180025095e-35 0.12940952181816107 17.500000000000004 0.029024410061538223 34.742559432983406 0.25000000745058065 63.199998855590827 972.04998779296886 -0.96234029531478871 0.79383251070976268 -1.3499999642372129 24.750000000000004 4.2486445903778085 0.9562889337539674
decision_type=10 2 10 2 2 2 2 2 2 2 2 2 2 2
left_child=1 10 3 4 5 8 -5 -6 -3 -10 -1 -11 -2 -14
right_child=12 2 -4 6 7 -7 -8 -9 9 11 -12 -13 13 -15
leaf_value=-5.7339257136414247e-05 0.0014031652283033964 -0.0093918832414830872 -0.00026699283483880846 0.0065115718999753276 0.0038190573809611765 0.0096075758503131811 0.0013186390045916653 -0.0056828839582352929 0.011173992801391655 0.0075417617503114502 -0.0015721789079406277 -0.0053710774862731478 0.00040316597870001527 -0.0024574863047569563
leaf_weight=23725 13560 298 51923 1843 526 830 9410 2942 703 404 21840 1109 64785 8608
leaf_count=23725 13560 298 51923 1843 526 830 9410 2942 703 404 21840 1109 64785 8608
internal_value=-7.40682e-06 -0.000446293 0.000214292 0.00220609 -0.00105541 0.00362254 0.00417961 -0.00556354 -1.98098e-05 0.0024708 -0.00146078 -0.00392318 0.00057582 0.000188344
internal_weight=202506 115553 69988 18065 6812 3344 11253 3468 2514 2216 45565 1513 86953 73393
internal_count=202506 115553 69988 18065 6812 3344 11253 3468 2514 2216 45565 1513 86953 73393
is_linear=0
shrinkage=0.05


Tree=238
num_leaves=15
num_cat=0
split_feature=0 57 52 10 53 49 56 36 53 53 15 23 38 24
split_gain=20.8582 24.4284 31.6361 29.2433 34.7611 31.6271 31.5441 32.8376 31.0926 30.8482 27.3292 26.0173 25.9304 40.8763
threshold=275.20001220703131 86.549999237060561 -0.99467751383781422 56.591665267944343 -0.99983122944831837 5.0537879467010507 39.649999618530281 22.550000190734867 0.7074720859527589 0.34840355813503271 63.199998855590827 0.99500000476837169 13.150000095367433 24.500000000000004
decision_type=2 2 2 2 2 10 2 2 2 2 2 2 2 2
left_child=1 3 -3 8 -5 -6 -7 11 12 -9 -10 -8 13 -1
right_child=-2 2 -4 4 5 6 7 9 10 -11 -12 -13 -14 -15
leaf_value=0.00017728648951223955 -0.0039554194616109343 0.0057332545990037287 0.00046869024805286792 0.02791585039167397 -0.0016348967937060419 -0.0021085073529743203 -0.0017274095596557142 0.00038647045832514995 0.0073212498880790124 0.0032102883400248862 0.0010846243971498269 0.0066873492667688557 0.00038339005041892544 -0.0025118114161438582
leaf_weight=17410 891 811 48128 287 21619 5976 7172 14325 1424 3568 3372 417 66506 10635
leaf_count=17410 891 811 48128 287 21619 5976 7172 14325 1424 3568 3372 417 66506 10635
internal_value=7.12166e-05 0.000105127 0.00107714 -0.000206422 -0.00115037 -0.0012456 -0.000233571 0.000533501 0.000300683 0.00170223 0.00422389 -0.00222069 0.000101257 -0.00117359
internal_weight=202541 201650 48939 152711 53364 53077 31458 25482 99347 17893 4796 7589 94551 28045
internal_count=202541 201650 48939 152711 53364 53077 31458 25482 99347 17893 4796 7589 94551 28045
is_linear=0
shrinkage=0.05


Tree=239
num_leaves=15
num_cat=0
split_feature=49 51 50 50 42 26 19 13 43 38 27 27 13 12
split_gain=21.4608 25.2801 61.2978 53.1907 34.3044 33.1457 32.2214 26.806 26.4269 24.3308 23.6133 21.3739 25.6424 34.6024
threshold=1.0000000180025095e-35 0.12940952181816107 -1.0000000180025095e-35 0.12940952181816109 3.5499999523162846 0.69497546553611766 145.55000305175784 138.76190185546878 17.500000000000004 12.250000000000002 6.6499998569488534 39.850000381469734 43.880655288696296 45.402084350585945
decision_type=10 2 2 2 2 2 2 2 8 2 2 2 2 2
left_child=1 3 4 5 -3 9 7 -5 -4 -1 -2 12 13 -10
right_child=10 2 8 6 -6 -7 -8 -9 11 -11 -12 -13 -14 -15
leaf_value=-0.002754759666818199 0.0033704894342427823 -0.00079973485253273524 0.0015021928813301749 0.00026141959518471286 0.0015438756690799166 -0.0041447547206140021 -0.0019515075988004059 0.0049069986905570127 -0.0018842428715377304 -0.00023433501958286347 0.00029696881179100691 0.003544201768141954 -0.00053163129458076513 -0.0070448577887781043
leaf_weight=5702 1230 6193 3768 21668 25064 4469 4414 900 7662 8100 85915 785 25082 1316
leaf_count=5702 1230 6193 3768 21668 25064 4469 4414 900 7662 8100 85915 785 25082 1316
internal_value=1.70557e-05 -0.000431023 0.000165283 -0.00135155 0.00181101 -0.00343389 5.92768e-05 0.000823811 -0.00116705 -0.00221908 0.000608973 -0.00159733 -0.00178603 -0.00407766
internal_weight=202268 115123 69870 45253 31257 18271 26982 22568 38613 13802 87145 34845 34060 8978
internal_count=202268 115123 69870 45253 31257 18271 26982 22568 38613 13802 87145 34845 34060 8978
is_linear=0
shrinkage=0.05


Tree=240
num_leaves=15
num_cat=0
split_feature=53 16 31 36 47 53 28 24 53 1 16 52 52 12
split_gain=20.0327 26.6661 21.1186 54.1504 85.0125 65.8706 46.1726 43.889 42.1875 41.0883 43.6043 42.649 49.1476 58.3119
threshold=0.99981042742729198 48.149999618530281 -1.4465710520744322 25.44999980926514 5.0064172744750985 0.31595529615879064 35.500000000000007 13.500000000000002 -0.99273797869682301 37.049999237060554 14.449999809265138 -0.17647087574005124 -0.75015330314636219 91.816665649414077
decision_type=2 2 2 2 2 2 2 2 2 2 2 2 2 2
left_child=2 -2 3 4 -1 6 -5 9 -9 -4 -11 12 -12 -14
right_child=1 -3 7 5 -6 -7 -8 8 -10 10 11 -13 13 -15
leaf_value=0.0016081254225244969 0.011398711827389208 0.0010238028516021478 0.0017860742548211719 0.0042758959539321156 -0.0015457438454284822 0.0056396926936252258 0.00035884972036796044 0.0032020243985345768 -0.0012129551995821394 -0.0059668902835815583 0.00073006458726518765 0.00070694420200272947 -0.00019489579272121834 -0.003277712891567525
leaf_weight=7443 279 951 13418 5173 28465 2495 48334 1878 41464 1439 10140 26213 7682 7143
leaf_count=7443 279 951 13418 5173 28465 2495 48334 1878 41464 1439 10140 26213 7682 7143
internal_value=-5.06105e-06 0.00633065 -4.40891e-05 0.000514578 -0.00100089 0.00148629 0.00111507 -0.000513544 -0.00174963 0.000297903 -0.000332054 -8.98648e-05 -0.00156857 -0.00340243
internal_weight=202517 1230 201287 91910 35908 56002 53507 109377 43342 66035 52617 51178 24965 14825
internal_count=202517 1230 201287 91910 35908 56002 53507 109377 43342 66035 52617 51178 24965 14825
is_linear=0
shrinkage=0.05


Tree=241
num_leaves=15
num_cat=0
split_feature=53 56 32 52 53 16 12 47 13 52 46 33 14 31
split_gain=20.121 25.0256 20.4121 30.6221 51.2992 42.1142 69.5577 61.3583 28.3535 43.6697 39.5864 28.3505 28.0932 26.0021
threshold=0.99981042742729198 115.79999923706056 -0.35295300185680384 -0.78326541185379017 -0.61915585398674 39.399999618530281 55.949306488037116 5.480600357055665 43.104465484619148 -0.86976337432861317 19.44999980926514 0.25000000745058065 34.92152404785157 -13.350164890289305
decision_type=2 2 2 2 2 2 2 2 2 2 2 2 2 2
left_child=2 -2 -1 4 -4 6 8 -8 9 -6 11 -10 -13 -9
right_child=1 -3 3 -5 5 -7 7 13 10 -11 -12 12 -14 -15
leaf_value=-0.00026229363947463712 0.0072654158435286279 -3.2700915658327029e-05 -0.0095606292906221923 0.00064201595498069241 -0.0031389945966787142 0.0010340681181577362 0.00086093087529891536 0.0069702490714473424 0.00030658170534701994 0.0039145600191035973 -0.0087086106992867764 0.0063169906931424165 -0.011981501926743713 -0.0084935471849261375
leaf_weight=107320 537 658 398 68044 3576 10142 1257 114 3797 843 501 2000 142 2980
leaf_count=107320 537 658 398 68044 3576 10142 1257 114 3797 843 501 2000 142 2980
internal_value=5.20218e-05 0.00649378 1.34246e-05 0.000552215 -0.000916149 -0.000632837 -0.00229632 -0.00763013 -0.000154108 -0.00323436 0.00196124 0.00310556 0.00769052 -0.0114046
internal_weight=202309 1195 201114 93794 25750 25352 15210 4351 10859 4419 6440 5939 2142 3094
internal_count=202309 1195 201114 93794 25750 25352 15210 4351 10859 4419 6440 5939 2142 3094
is_linear=0
shrinkage=0.05


Tree=242
num_leaves=15
num_cat=0
split_feature=12 37 47 52 52 33 55 30 51 28 13 13 12 10
split_gain=23.0539 20.2303 19.9607 25.0995 19.2852 53.306 44.5273 34.2571 25.6263 24.9536 53.8017 39.9897 43.1874 36.3663
threshold=19.704860687255863 31.500000000000004 15.957678318023683 0.89404821395874035 0.9970000982284547 4.8500001430511483 2.5000000000000004 107.50000000000001 0.12940952181816107 65.500000000000014 40.861606597900398 89.780357360839858 93.800693511962905 57.208333969116218
decision_type=2 2 2 2 2 2 2 10 2 2 2 2 2 2
left_child=1 -1 4 -4 9 6 7 8 -6 11 -11 13 -13 -2
right_child=2 -3 3 -5 5 -7 -8 -9 -10 10 -12 12 -14 -15
leaf_value=-0.00043743337180158771 0.00058911613710841424 0.0088091541681360273 -0.0076561457163418223 0.008766909975313231 -0.0068755566484155406 0.0050507307425105103 -0.0058198762539438701 0.0053117156370183719 0.0036466861027560585 -0.0020699087196210165 -1.0038824053471008e-05 0.0048580545189128247 0.00085486613256646477 -0.00087723807430317507
leaf_weight=331 56498 458 699 128 462 762 2524 568 394 12778 94447 3535 7782 21170
leaf_count=331 56498 458 699 128 462 762 2524 568 394 12778 94447 3535 7782 21170
internal_value=2.96229e-06 0.00847935 -3.06061e-05 -0.00773596 1.49306e-06 -0.00315678 -0.0054952 0.00156904 -0.00473441 7.74641e-05 -0.000436192 0.000696387 0.00347179 0.000291588
internal_weight=202536 789 201747 827 200920 4710 3948 1424 856 196210 107225 88985 11317 77668
internal_count=202536 789 201747 827 200920 4710 3948 1424 856 196210 107225 88985 11317 77668
is_linear=0
shrinkage=0.05


Tree=243
num_leaves=15
num_cat=0
split_feature=0 27 38 31 36 47 53 28 15 0 15 53 37 11
split_gain=20.5919 29.1087 24.0915 20.6607 43.3693 63.6613 60.5592 37.8215 47.0781 38.7133 36.6298 36.529 35.4947 36.68
threshold=215.35000610351565 8.2500000000000018 1.7500000000000002 -1.4465710520744322 25.550000190734867 4.7840454578399667 0.31595529615879064 35.500000000000007 135.25000000000003 31.349999427795414 43.850000381469734 0.85561370849609386 58.500000000000007 21.193749427795414
decision_type=2 2 2 2 2 2 2 2 2 2 2 2 2 2
left_child=1 -1 -3 4 5 11 7 10 -9 -10 -6 -4 -5 -14
right_child=-2 2 3 12 6 -7 -8 8 9 -11 -12 -13 13 -15
leaf_value=0.0015910476957145051 -0.0015221544591943748 -0.003222110000167823 0.0041359507213800531 -0.00097310358044418318 -0.0020966105254229205 -0.0012149181767823201 0.00558098495466552 0.00051883160517470221 0.010685983253494985 -0.0069097658589985294 0.0054356514131418433 -0.00036012075344385962 0.0089368688376795236 0.00010217349725618608
leaf_weight=5847 4311 2256 2694 42429 892 28203 2393 45424 121 1943 3972 1978 464 59246
leaf_count=5847 4311 2256 2694 42429 892 28203 2393 45424 121 1943 3972 1978 464 59246
internal_value=-5.10676e-05 2.35e-05 -8.24111e-05 -2.121e-05 0.000542052 -0.000893264 0.00140398 0.00104752 0.000616868 -0.00675024 0.0052421 0.00450662 -0.00050441 0.000281313
internal_weight=202173 197862 192015 189759 87620 32875 54745 52352 47488 2064 4864 4672 102139 59710
internal_count=202173 197862 192015 189759 87620 32875 54745 52352 47488 2064 4864 4672 102139 59710
is_linear=0
shrinkage=0.05


Tree=244
num_leaves=15
num_cat=0
split_feature=14 40 14 13 0 8 16 35 47 8 12 20 33 55
split_gain=21.7351 24.3765 20.3502 29.7418 27.1014 31.4849 32.5941 30.4817 28.8962 27.0509 24.2231 30.9848 22.0139 36.3321
threshold=2.5345773696899419 985.54998779296886 5.3625478744506845 68.262199401855483 37.549999237060554 14.650000095367433 14.050000190734865 31.500000000000004 2.9838918447494511 61.100000381469734 26.877083778381351 33.95000076293946 9.5500001907348651 1.5000000000000002
decision_type=2 2 2 2 2 2 2 2 2 2 2 2 2 2
left_child=1 -1 3 9 7 -6 10 -4 -9 -2 -7 -12 -8 -14
right_child=2 -3 4 -5 5 6 12 8 -10 -11 11 -13 13 -15
leaf_value=0.0010538173433248935 -0.0015740751654987678 0.088929395346150866 -0.00047751600892705917 -0.0076040973877673562 0.0043550553825944015 0.0015411745768914354 -5.3158032868335857e-06 0.00992983512806489 0.0012367569162709995 0.002492499076563192 0.0006800020409116627 -0.0073960861611270861 0.0018615101964526899 -0.0037751885196970268
leaf_weight=520 8415 280 12723 429 934 688 135910 290 30896 1874 687 1867 1973 4836
leaf_count=520 8415 280 12723 429 934 688 135910 290 30896 1874 687 1867 1973 4836
internal_value=3.58322e-05 0.00820988 2.97719e-06 -0.00211596 0.000122108 -0.000203703 -0.000262552 0.00121189 0.00205315 -0.00157054 -0.00521218 -0.0074493 -0.000149759 -0.00292198
internal_weight=202322 800 201522 10718 190804 146895 145961 43909 31186 10289 3242 2554 142719 6809
internal_count=202322 800 201522 10718 190804 146895 145961 43909 31186 10289 3242 2554 142719 6809
is_linear=0
shrinkage=0.05


Tree=245
num_leaves=15
num_cat=0
split_feature=21 53 30 15 9 55 26 37 34 44 23 51 48 33
split_gain=18.5107 31.2815 27.1223 33.9749 26.9328 52.6174 25.0098 27.2591 23.7014 24.232 23.312 21.6228 39.1419 28.5478
threshold=1.0000000180025095e-35 0.34840355813503271 52.500000000000007 35.350000381469734 139.44999694824222 4.5000000000000009 0.918298900127411 86.500000000000014 -1.7499999999999998 -5.4419946670532218 0.61500000953674328 0.12940952181816107 0.75000000000000011 0.55000001192092907
decision_type=2 2 8 2 2 2 2 2 2 2 2 2 2 2
left_child=1 -1 3 -2 -5 6 -6 -8 10 -10 -7 13 -13 -4
right_child=2 -3 11 4 5 8 7 -9 9 -11 -12 12 -14 -15
leaf_value=-0.0045513608637001712 0.048478136326581239 2.1033486855040474e-05 -7.7049441269896884e-05 0.00098773209649332251 0.0030731103788247285 0.0076529413981359391 -0.0024452090652634776 0.002036968344120134 0.0017968673806255471 -0.0062618729327963973 -0.010496941125877297 -8.1489912722230659e-05 0.001695656484567875 -0.0012774194748703437
leaf_weight=2237 303 3848 58815 32684 1953 226 1902 1102 239 1833 148 57030 14500 25784
leaf_count=2237 303 3848 58815 32684 1953 226 1902 1102 239 1833 148 57030 14500 25784
internal_value=2.46775e-06 -0.00271124 8.66284e-05 0.00124134 0.00111293 -0.00160866 0.00135394 -0.00150962 -0.00759365 -0.00967819 0.00390625 -0.000212151 0.000427733 -0.00075317
internal_weight=202604 6085 196519 40390 40087 7403 4957 3004 2446 2072 374 156129 71530 84599
internal_count=202604 6085 196519 40390 40087 7403 4957 3004 2446 2072 374 156129 71530 84599
is_linear=0
shrinkage=0.05


Tree=246
num_leaves=15
num_cat=0
split_feature=38 51 40 16 44 40 12 16 55 16 53 33 56 12
split_gain=18.8265 33.2775 38.8453 36.2484 28.7535 25.7594 44.9416 42.3046 41.2755 43.0548 41.9039 52.4325 49.0024 38.9708
threshold=26.050000190734867 -0.37940952181816096 976.14999389648449 53.350000381469734 1.9442238807678225 979.64999389648449 85.471530914306655 33.250000000000007 1.0000000180025095e-35 35.649999618530281 -0.50557503104209889 1.0000000180025095e-35 73.700000762939467 34.171527862548835
decision_type=2 2 2 2 2 2 2 2 2 2 2 2 2 2
left_child=5 2 3 4 -2 6 8 -8 9 13 12 -12 -10 -1
right_child=1 -3 -4 -5 -6 -7 7 -9 10 -11 11 -13 -14 -15
leaf_value=0.0012738196978742901 -0.0046871420893159063 0.0021165652941825368 0.0020473953922185264 0.0051659086621805772 0.0033383083754248578 0.000201858484135823 0.007388779949197598 -0.0073701089006117382 0.00073669758664580704 0.0012381919157291499 -0.00019182307845139261 -0.0044879309717189434 -0.0021821830559080957 -0.0056582997403265391
leaf_weight=1156 2157 6942 1569 265 304 130985 166 1367 34627 2312 7299 3602 4843 4649
leaf_count=1156 2157 6942 1569 265 304 130985 166 1367 34627 2312 7299 3602 4843 4649
internal_value=8.14574e-05 0.00206944 -0.00138792 -0.00498904 -0.00688992 -3.55991e-05 -0.000893288 -0.00931627 -0.000670963 -0.00397748 -0.000137453 -0.00288012 0.000620567 -0.00627257
internal_weight=202243 11237 4295 2726 2461 191006 60021 1533 58488 8117 50371 10901 39470 5805
internal_count=202243 11237 4295 2726 2461 191006 60021 1533 58488 8117 50371 10901 39470 5805
is_linear=0
shrinkage=0.05


Tree=247
num_leaves=15
num_cat=0
split_feature=0 57 9 12 54 12 37 46 42 40 46 52 37 41
split_gain=20.6925 19.7124 38.6116 30.7868 35.2693 53.6224 57.0671 39.5509 33.3933 27.6797 25.1889 25.1593 23.2482 23.0743
threshold=275.20001220703131 191.76666259765628 103.70000076293947 165.84236145019534 1.5000000000000002 123.54722213745119 67.500000000000014 1.2500000000000002 3.1499999761581425 989.35000610351574 8.3499999046325701 -0.57078385353088368 94.500000000000014 47.500000000000007
decision_type=2 2 2 2 2 2 2 2 2 2 2 2 2 2
left_child=1 3 -3 4 5 7 -7 8 12 -8 -9 -4 -1 -10
right_child=-2 2 11 -5 -6 6 9 10 13 -11 -12 -13 -14 -15
leaf_value=-0.0018017218648279905 -0.0043031962616132359 0.0042012317415714671 -0.0052645561789579961 -0.0021315802792078726 -5.0231780456636012e-05 -0.0079881785595018167 -0.0055645557925775736 -0.0052862879929589978 0.0037943324157523775 0.00077052699537703698 0.0074633110095602669 0.00068692667351760305 0.0051779244168982611 0.0085095307585287723
leaf_weight=868 858 1712 489 3174 182001 564 316 593 2407 4370 204 3255 277 1283
leaf_count=868 858 1712 489 3174 182001 564 316 593 2407 4370 204 3255 277 1283
internal_value=4.21235e-05 7.53016e-05 0.00303696 -7.26792e-06 7.32271e-05 0.00283694 -0.000798479 0.0062212 0.00792054 0.00102215 -0.00405824 0.000186468 0.000454545 0.0102297
internal_weight=202371 201513 5456 196057 192883 10882 5250 5632 4835 4686 797 3744 1145 3690
internal_count=202371 201513 5456 196057 192883 10882 5250 5632 4835 4686 797 3744 1145 3690
is_linear=0
shrinkage=0.05


Tree=248
num_leaves=15
num_cat=0
split_feature=29 38 40 24 38 13 13 12 47 24 13 15 38 51
split_gain=22.8581 26.0305 24.2398 52.551 40.1181 49.8479 30.7223 41.897 35.9142 29.9823 60.2895 48.6858 35.74 31.0033
threshold=5.5499999523162851 25.349999427795414 980.95001220703136 5.5000000000000009 18.349999427795414 40.57976150512696 50.339879989624031 45.402084350585945 14.54415273666382 11.500000000000002 35.491369247436531 65.799999237060561 9.8499999046325701 -0.6035533845424651
decision_type=2 2 2 2 2 2 2 2 2 2 2 2 2 2
left_child=-1 2 3 -2 5 -5 -6 -8 -9 10 -4 -12 -11 -13
right_child=1 -3 9 4 6 -7 7 8 -10 12 11 13 -14 -15
leaf_value=-0.00035231256589349122 -0.0035663318278646664 0.0013292844546372905 -0.0049959501390351079 0.00053425924472994197 0.0025767362696519276 -0.0029411808558295741 -0.0072607056530204495 0.00079176895974276268 -0.01069907572504118 -0.0029419159597935461 0.0036298267263602082 0.0019939741149839541 0.00026199376107076123 0.00011776170598043825
leaf_weight=83664 6954 12614 1864 7931 6237 6852 668 10242 273 6050 6855 9830 19431 22940
leaf_count=83664 6954 12614 1864 7931 6237 6852 668 10242 273 6050 6855 9830 19431 22940
internal_value=-1.00042e-05 0.000435996 0.000180663 -0.00080744 4.42368e-05 -0.00187082 0.00166954 0.000100509 0.000876485 0.000758435 0.00158739 0.00200139 -0.000591385 0.0011989
internal_weight=202405 118741 106127 39157 32203 14783 17420 11183 10515 66970 41489 39625 25481 32770
internal_count=202405 118741 106127 39157 32203 14783 17420 11183 10515 66970 41489 39625 25481 32770
is_linear=0
shrinkage=0.05


Tree=249
num_leaves=15
num_cat=0
split_feature=50 51 51 50 50 53 43 49 38 43 44 33 50 52
split_gain=21.7392 50.114 37.1203 66.2333 47.662 63.6008 44.8511 42.0966 38.1167 34.2442 33.4181 33.0081 32.5041 35.6465
threshold=0.78656607866287243 1.0000000180025095e-35 0.12940952181816107 -1.0000000180025095e-35 0.12940952181816109 0.36447542905807501 1097.5000000000002 -7.4999999999999991 24.650000572204593 977.50000000000011 -3.4233622550964351 0.55000001192092907 -0.91597560048103321 0.95998215675354015
decision_type=2 2 2 2 2 2 10 8 2 8 2 2 2 2
left_child=2 10 4 7 6 -6 11 -4 -8 -7 -2 -1 -13 -14
right_child=1 -3 3 -5 5 9 8 -9 -10 -11 -12 12 13 -15
leaf_value=-0.0008002454012919491 -0.00094016124448580499 -0.0014498636744321406 0.00057090565916271131 -0.0003479560910633395 -0.00029524072896956331 0.0034454666140133526 -8.8820468694955642e-05 0.002372102690537739 0.003594898287026796 -0.0011246385848320162 0.0018731715390072875 -0.00079118378378766139 -0.0048035734892707049 0.0038496357175340614
leaf_weight=27992 7130 25150 24450 33873 16009 8038 19240 17769 2425 1205 9624 3646 5331 366
leaf_count=27992 7130 25150 24450 33873 16009 8038 19240 17769 2425 1205 9624 3646 5331 366
internal_value=-9.64115e-06 -0.00102352 0.000255372 0.00105582 -0.000467589 0.00134985 -0.00124555 0.00237692 0.000564014 0.00464984 0.00109461 -0.00229549 -0.00486742 -0.00722359
internal_weight=202248 41904 160344 76092 84252 25252 59000 42219 21665 9243 16754 37335 9343 5697
internal_count=202248 41904 160344 76092 84252 25252 59000 42219 21665 9243 16754 37335 9343 5697
is_linear=0
shrinkage=0.05


Tree=250
num_leaves=15
num_cat=0
split_feature=0 13 16 53 12 38 52 0 52 44 44 23 36 53
split_gain=20.8871 23.7253 54.9201 47.7362 45.427 37.7839 34.8352 33.923 38.5282 46.1432 37.8579 33.9332 26.4129 25.0527
threshold=197.6499938964844 131.20982360839847 70.65000152587892 0.97263759374618541 146.67986297607425 15.650000095367433 -0.81429189443588246 102.54999923706056 -0.7386675477027892 2.222289085388184 1.4337099790573122 1.0950000286102297 14.650000095367433 0.36447542905807501
decision_type=2 2 2 2 2 2 2 2 2 2 2 2 2 2
left_child=1 4 3 6 7 12 -3 -1 9 13 -10 -12 -4 -9
right_child=-2 2 5 -5 -6 -7 -8 8 10 -11 11 -13 -14 -15
leaf_value=9.6657335090313129e-05 -0.0010986557661113367 0.0075200282879382494 0.00012060874249876785 0.0056435384658021842 0.0065949731398459478 0.0076442027060843222 0.00048074299582464013 -0.0039978856235966037 -0.00068981842593171527 0.0049287265165352872 -0.0044775463365264714 0.0056613479362299136 -0.0044312170496907414 0.00088450244895735275
leaf_weight=159475 6273 272 7177 2161 662 663 3207 1633 8787 1492 5706 282 1949 2569
leaf_count=159475 6273 272 7177 2161 662 663 3207 1633 8787 1492 5706 282 1949 2569
internal_value=4.05303e-05 0.000131475 0.00201276 0.00593805 -2.9344e-05 -0.000252577 0.00230009 -7.77977e-05 -0.00199351 0.00149895 -0.00333953 -0.00640213 -0.00109457 -0.00118708
internal_weight=202308 196035 15429 5640 180606 9789 3479 179944 20469 5694 14775 5988 9126 4202
internal_count=202308 196035 15429 5640 180606 9789 3479 179944 20469 5694 14775 5988 9126 4202
is_linear=0
shrinkage=0.05


Tree=251
num_leaves=15
num_cat=0
split_feature=0 35 47 6 30 8 53 55 25 47 40 24 23 53
split_gain=19.5816 28.3623 29.6416 30.4653 24.6981 22.8086 21.8764 48.7972 35.74 26.9906 25.5123 27.5955 27.1398 26.9699
threshold=42.199998855590827 27.500000000000004 2.9838918447494511 86.950000762939467 52.500000000000007 14.650000095367433 -0.50557503104209889 1.5000000000000002 11.150000095367433 5.9505317211151132 980.75000000000011 11.500000000000002 0.46500000357627874 -0.17646729946136472
decision_type=2 2 2 2 8 2 2 2 2 2 2 2 2 2
left_child=1 -1 -3 4 -4 -2 7 9 -9 -6 -8 12 13 -12
right_child=5 2 3 -5 6 -7 10 8 -10 -11 11 -13 -14 -15
leaf_value=-0.0012059216217356395 0.0040883426179976505 0.0073043914934723736 0.0039685454526591476 0.0058788429947418969 0.0021018297389782284 -0.00021861434646172908 -0.0020275198660169151 0.0029208611006608432 -9.5789997761291246e-05 -0.0021195465240725904 -0.0045353156741488104 -0.00067404072921345426 0.0041283668340940912 0.0014442694671087887
leaf_weight=8197 769 485 2368 1242 1589 136430 7210 11117 5202 5170 1407 11493 2379 7359
leaf_count=8197 769 485 2368 1242 1589 136430 7210 11117 5202 5170 1407 11493 2379 7359
internal_value=-8.76859e-06 0.000704452 0.00109984 0.000992997 0.000818205 -0.000347827 0.000594114 0.00174983 0.00322892 -0.0018208 -0.000299752 0.000525433 0.00229718 0.00100843
internal_weight=202417 65218 57021 56536 55294 137199 52926 23078 16319 6759 29848 22638 11145 8766
internal_count=202417 65218 57021 56536 55294 137199 52926 23078 16319 6759 29848 22638 11145 8766
is_linear=0
shrinkage=0.05


Tree=252
num_leaves=15
num_cat=0
split_feature=13 55 52 13 57 38 0 14 30 21 44 29 23 30
split_gain=18.2914 55.1393 48.0382 26.4101 23.559 62.4718 26.2857 31.4821 26.651 34.4988 26.2816 23.4646 22.3238 22.3015
threshold=180.56636810302737 2.5000000000000004 -0.091260667890310274 186.95178985595706 122.04999923706056 15.150000095367433 91.15000152587892 48.93590164184571 52.500000000000007 9.5000000000000018 -0.17444433271884915 9.0500001907348651 1.8650000095367434 37.500000000000007
decision_type=2 2 2 2 2 2 2 2 8 2 2 2 2 10
left_child=4 2 -2 -4 6 -6 7 8 9 11 -7 -1 -10 -8
right_child=1 -3 3 -5 5 10 13 -9 12 -11 -12 -13 -14 -15
leaf_value=-0.0034214377173656845 -0.011150887826507548 -0.0058463439886630416 -0.0020640000304314845 0.005929030569974467 0.00029800381640072429 0.0027198753005975296 -7.1622119471408122e-05 0.0061045190328809229 -8.7726025526903284e-05 0.0015184859516741271 0.007011243005824128 0.011956544114907097 -0.0052218230349962346 -0.0018273501228919147
leaf_weight=2070 220 1606 288 945 19847 1591 13323 699 129955 16925 752 133 411 13652
leaf_count=2070 220 1606 288 945 19847 1591 13323 699 129955 16925 752 133 411 13652
internal_value=-2.23537e-05 -0.00385305 0.00319549 0.00705953 3.66157e-05 0.00157207 -0.000155776 0.000102361 5.2507e-05 0.00179486 0.00927539 -0.00407817 -0.000203258 -0.00159255
internal_weight=202417 3059 1453 1233 199358 22190 177168 150193 149494 19128 2343 2203 130366 26975
internal_count=202417 3059 1453 1233 199358 22190 177168 150193 149494 19128 2343 2203 130366 26975
is_linear=0
shrinkage=0.05


Tree=253
num_leaves=15
num_cat=0
split_feature=28 22 8 36 42 36 23 18 17 14 13 15 40 16
split_gain=18.4506 25.5109 19.0659 24.2091 18.8805 43.4721 34.9083 21.3379 26.7775 21.5036 21.8893 27.8765 37.1386 31.0009
threshold=18.500000000000004 1185.5000000000002 34.649999618530281 21.150000572204593 12.050000190734865 19.849999427795414 0.9650000035762788 -60.199998855590813 10.050000190734865 2.5345773696899419 31.419047355651859 62.750000000000007 979.85000610351574 14.050000190734865
decision_type=2 2 2 2 2 2 2 2 2 2 2 2 2 2
left_child=1 2 -1 -4 7 6 -6 8 -2 -9 -11 12 -12 -13
right_child=4 -3 3 -5 5 -7 -8 9 -10 10 11 13 -14 -15
leaf_value=0.0028070182758446558 0.00069117881497612616 0.035956757092006679 0.012460058836648883 -0.0030849558410277478 -0.005224773918650001 -0.00029587299757739762 0.0063986116877270188 0.0091754716528599078 0.0051553000011658363 -0.0018899445866610216 -0.00015956968213087233 -0.0039965554877608445 0.0017966614221197011 -0.00010143625332575956
leaf_weight=4132 4629 227 110 1199 2958 14080 275 683 1521 7334 19013 2313 18603 125511
leaf_count=4132 4629 227 110 1199 2958 14080 275 683 1521 7334 19013 2313 18603 125511
internal_value=7.89741e-06 0.00281789 0.00211429 -0.00312737 -7.31224e-05 -0.00164954 -0.00686864 7.89179e-05 0.00297078 -2.37797e-05 -5.90332e-05 5.95346e-05 0.00125578 -0.000292567
internal_weight=202588 5668 5441 1309 196920 17313 3233 179607 6150 173457 172774 165440 37616 127824
internal_count=202588 5668 5441 1309 196920 17313 3233 179607 6150 173457 172774 165440 37616 127824
is_linear=0
shrinkage=0.05


Tree=254
num_leaves=15
num_cat=0
split_feature=16 16 42 36 37 1 57 36 44 13 47 15 25 12
split_gain=20.8996 36.8084 33.719 28.4902 28.4014 26.2527 31.8954 29.7178 27.971 24.1104 21.2233 30.7858 21.0543 21.9243
threshold=133.15000152587893 122.70000076293947 6.9500000476837167 8.1500000953674334 67.500000000000014 174.40000152587893 134.38333129882815 17.94999980926514 -5.6111919879913321 159.02827453613284 8.625556945800783 152.94999694824222 8.2500000000000018 74.152084350585952
decision_type=2 2 2 2 2 2 2 2 2 2 2 2 2 2
left_child=1 3 -3 4 -1 6 12 -8 -9 -10 11 -6 13 -5
right_child=-2 2 -4 5 10 -7 7 8 9 -11 -12 -13 -14 -15
leaf_value=-0.0060127358817932486 0.0019843215041837332 -0.0037835310666025734 0.0027436911582219628 0.00061622306678534857 0.0060034825926040649 -0.0015231226550700889 0.0007455832932586504 -0.00043160052497487333 0.0082093185477210961 -0.0029924428781516813 -0.0038728753445031027 0.0010812836117553169 -0.00017356331675242865 0.0050578596366863899
leaf_weight=210 1542 1382 303 23821 1349 6290 7871 453 976 152 372 4446 152066 1072
leaf_count=210 1542 1382 303 23821 1349 6290 7871 453 976 152 372 4446 152066 1072
internal_value=5.12814e-05 6.59949e-06 -0.00733038 6.90649e-05 0.00335447 -3.98265e-05 6.74548e-05 0.00289579 0.00912948 0.0133128 0.00397847 0.00472438 -8.37717e-05 0.0012639
internal_weight=202305 200763 1685 199078 6377 192701 186411 9452 1581 1128 6167 5795 176959 24893
internal_count=202305 200763 1685 199078 6377 192701 186411 9452 1581 1128 6167 5795 176959 24893
is_linear=0
shrinkage=0.05


Tree=255
num_leaves=15
num_cat=0
split_feature=38 43 28 44 43 37 31 13 0 50 51 26 52 43
split_gain=20.0887 24.1836 23.4575 21.8377 29.3565 25.9016 39.9661 46.4509 32.1157 29.9756 45.3265 28.3389 38.6293 31.5639
threshold=1.7500000000000002 967.50000000000011 28.500000000000004 -9.7065343856811506 1077.5000000000002 49.500000000000007 -3.6157579421997066 65.286308288574233 16.849999427795414 0.78656607866287243 -0.37940952181816096 0.84533655643463146 -0.17647087574005124 1077.5000000000002
decision_type=2 8 2 2 8 2 2 2 2 2 2 2 2 10
left_child=1 -1 -2 4 -4 6 -5 -8 -7 -10 -11 -9 13 -13
right_child=2 -3 3 5 -6 8 7 11 9 10 -12 12 -14 -15
leaf_value=-0.00028576871075462474 0.0012602445465003554 -0.0057149897716528286 -0.0022105512748974532 0.00088871809916172553 0.0019757217392166676 0.0057351396995572908 -0.0020716225542308829 0.0018797865702249368 0.00034873745765953983 0.0016450396420562641 -0.0012164288230499633 -0.0071541002019813796 0.0016119517344210356 0.0027652885478314823
leaf_weight=1446 14867 1019 10271 10465 2216 1864 18204 4677 100732 6338 26766 1526 1835 449
leaf_count=1446 14867 1019 10271 10465 2216 1864 18204 4677 100732 6338 26766 1526 1835 449
internal_value=-3.81133e-05 -0.00451515 1.7231e-05 -0.000136092 -0.00215452 9.83421e-06 -0.00115966 -0.00218625 0.000330116 0.000239081 -0.00106601 0.000867953 -0.00232984 -0.00716625
internal_weight=202675 2465 200210 185343 12487 172856 37156 26691 135700 133836 33104 8487 3810 1975
internal_count=202675 2465 200210 185343 12487 172856 37156 26691 135700 133836 33104 8487 3810 1975
is_linear=0
shrinkage=0.05


Tree=256
num_leaves=15
num_cat=0
split_feature=49 37 32 38 13 52 47 24 19 0 47 46 15 13
split_gain=19.3913 30.4982 23.2206 23.4057 38.4467 29.1392 23.7045 22.1459 26.8486 21.9947 24.7009 21.8583 21.5307 37.7219
threshold=-7.4999999999999991 28.500000000000004 -0.5011233091354369 16.150000572204593 88.583332061767592 0.77244481444358837 5.5505321025848398 1.5000000000000002 149.25000000000003 33.45000076293946 2.9838918447494511 3.0499999523162846 48.45000076293946 43.880655288696296
decision_type=8 2 2 2 2 2 2 2 2 2 2 2 2 2
left_child=1 -1 3 7 5 6 -5 8 -2 -9 -11 -4 -3 -14
right_child=2 12 11 4 -6 -7 -8 9 -10 10 -12 -13 13 -15
leaf_value=-0.0041291681081351145 0.0021709243918304243 0.0013197794392643064 0.00093823166106341005 0.0017886550273256364 0.0059963109689935672 0.0050108536246164974 -0.00073506145975327924 0.00054430126949691075 -0.0011826845971244148 0.0023892532980977232 -0.0012977621203216689 -0.00038876866568490835 -0.002164568799191996 -0.00010891807457848978
leaf_weight=3091 4872 8875 43835 4405 891 1548 10058 8987 2536 1314 27473 12062 10128 62607
leaf_count=3091 4872 8875 43835 4405 891 1548 10058 8987 2536 1314 27473 12062 10128 62607
internal_value=1.8501e-05 -0.000558664 0.000432872 -0.000232712 0.00135407 0.000788028 8.80951e-05 -0.000826474 0.00167161 -0.00131669 -0.00199066 0.00117204 -0.000373683 -0.000657434
internal_weight=202682 84701 117981 62084 16902 16011 14463 45182 7408 37774 28787 55897 81610 72735
internal_count=202682 84701 117981 62084 16902 16011 14463 45182 7408 37774 28787 55897 81610 72735
is_linear=0
shrinkage=0.05


Tree=257
num_leaves=15
num_cat=0
split_feature=0 27 0 15 23 23 10 15 15 12 26 13 52 15
split_gain=19.9458 18.9754 22.4417 32.7953 39.5604 53.379 39.7351 33.5928 33.0611 44.1479 34.0288 34.5118 35.1124 55.5061
threshold=275.20001220703131 7.6499998569488534 105.79999923706056 100.90000152587892 1.4049999713897707 0.55500000715255748 55.975000381469734 99.299999237060561 109.54999923706056 47.608333587646491 0.60092249512672435 52.849700927734382 -0.75015330314636219 149.25000000000003
decision_type=2 2 2 2 2 2 2 2 2 2 2 2 2 2
left_child=1 -1 3 4 5 6 -3 -7 -5 -10 -11 -12 13 -13
right_child=-2 2 -4 8 -6 7 -8 -9 9 10 11 12 -14 -15
leaf_value=0.0011607800722081064 -0.0039298304733839913 -0.00026493353329646864 -0.00071843348644577525 0.0021928733957641056 -0.003083900943127969 0.00079178218753099018 -0.002166824492765665 -0.002471600032803019 0.0133753626148066 -0.0020364749015014927 -0.0042627896012654353 0.0011607451491783183 0.00018050778926031048 0.0062310385190598311
leaf_weight=5475 817 56750 30708 8981 2780 49724 13042 2126 436 4002 1390 4934 19273 1855
leaf_count=5475 817 56750 30708 8981 2780 49724 13042 2126 436 4002 1390 4934 19273 1855
internal_value=-1.98959e-05 1.19115e-05 -6.92563e-05 0.00016137 -0.000242301 -0.000107273 -0.00101 0.00110779 0.00139001 0.000634796 0.000413171 0.00104144 0.00145175 0.00454111
internal_weight=202293 201476 196001 165293 124422 121642 69792 51850 40871 31890 31454 27452 26062 6789
internal_count=202293 201476 196001 165293 124422 121642 69792 51850 40871 31890 31454 27452 26062 6789
is_linear=0
shrinkage=0.05


Tree=258
num_leaves=15
num_cat=0
split_feature=38 51 44 33 40 12 37 40 53 43 12 52 47 26
split_gain=18.8863 31.4075 33.6069 31.4153 29.7499 22.0077 28.057 21.4942 35.6087 46.9431 45.4614 39.6021 36.7385 72.2485
threshold=26.050000190734867 -0.37940952181816096 -2.1640772819519039 0.35000000894069677 973.95001220703136 40.732639312744148 80.500000000000014 980.64999389648449 -0.39036008715629572 17.500000000000004 57.486110687255866 0.79383251070976268 5.480600357055665 0.68940836191177379
decision_type=2 2 2 2 2 2 2 2 2 10 2 2 2 2
left_child=7 2 3 4 -2 -3 -7 -1 9 10 11 -9 13 -10
right_child=1 5 -4 -5 -6 6 -8 8 12 -11 -12 -13 -14 -15
leaf_value=-0.0005106389496438269 -0.0042639596323989278 0.0064950684725711806 0.0022357090553183426 -0.0042790333668938363 0.0045049127594341768 0.0038491688615336578 0.00014396613459983812 0.0058510406579963944 0.0036149447651869591 0.003274524668323986 -0.014759987900466393 -0.0034200169148344475 -0.00041772548499386319 0.0001417274027638707
leaf_weight=69065 273 1223 1348 2138 670 1823 3931 552 5803 7532 272 822 68275 38598
leaf_count=69065 273 1223 1348 2138 670 1823 3931 552 5803 7532 272 822 68275 38598
internal_value=-5.2759e-05 0.00192274 -0.00136855 -0.0042462 0.00333158 0.00401102 0.00270645 -0.000170875 0.000228533 0.00322159 -0.00440821 -0.000650289 -1.55299e-05 0.00110389
internal_weight=202325 11406 4429 3081 943 6977 5754 190919 121854 9178 1646 1374 112676 44401
internal_count=202325 11406 4429 3081 943 6977 5754 190919 121854 9178 1646 1374 112676 44401
is_linear=0
shrinkage=0.05


Tree=259
num_leaves=15
num_cat=0
split_feature=27 49 53 53 43 37 53 53 15 15 37 56 27 53
split_gain=18.1218 19.7354 28.3861 33.5765 43.3463 29.891 32.9881 39.7816 46.6391 28.1322 30.7609 32.9171 25.7949 22.609
threshold=38.250000000000007 -1.0000000180025095e-35 -0.99864786863327015 -0.99273797869682301 297.50000000000006 53.500000000000007 -0.92921787500381459 -0.86974579095840443 64.40000152587892 62.750000000000007 86.500000000000014 38.95000076293946 6.6499998569488534 -0.98801845312118519
decision_type=2 10 2 2 10 2 2 2 2 2 2 2 2 2
left_child=1 2 -1 4 -4 6 -5 8 -8 10 11 -7 -3 -11
right_child=-2 12 3 5 -6 9 7 -9 -10 13 -12 -13 -14 -15
leaf_value=-0.0036355755591654451 0.0019859034672175925 0.0032745337011124824 0.0053929227411590452 -0.0036001165868390379 -0.0027766885428551721 0.00044363489965830173 0.0070321221164737118 -0.0014277896451943455 -0.0015112048408455791 -0.0046027167282659083 -0.0008457324172535933 0.0033631760775375361 0.00024011611746196373 -0.00026130775487778339
leaf_weight=1652 5702 1347 1437 1947 770 7659 907 19658 717 539 5825 6170 88245 59942
leaf_count=1652 5702 1347 1437 1947 770 7659 907 19658 717 539 5825 6170 88245 59942
internal_value=4.234e-05 -3.82319e-05 -0.000495883 -0.000393774 0.00569463 -0.00052431 -0.00210315 -0.00153109 0.00596695 -6.64421e-05 0.00157648 0.00285967 0.000509475 -0.000600503
internal_weight=202517 196815 107223 105571 2207 103364 23229 21282 1624 80135 19654 13829 89592 60481
internal_count=202517 196815 107223 105571 2207 103364 23229 21282 1624 80135 19654 13829 89592 60481
is_linear=0
shrinkage=0.05


Tree=260
num_leaves=15
num_cat=0
split_feature=8 6 56 9 49 38 57 13 15 53 46 0 14 37
split_gain=20.4975 29.9962 23.559 22.4688 22.37 20.358 20.5428 19.998 55.9894 39.5383 32.5418 41.5036 28.4456 28.2645
threshold=28.550000190734867 9.0500001907348651 18.050000190734867 40.800001144409187 552.50000000000011 24.550000190734867 20.583333969116214 55.56488227844239 84.200000762939467 -0.99983122944831837 30.150000572204593 30.250000000000004 13.272426605224611 92.500000000000014
decision_type=2 2 2 2 8 2 2 2 2 2 2 2 2 2
left_child=3 -2 5 -1 -5 -3 -7 8 13 -9 11 -11 -12 -4
right_child=1 2 7 4 -6 6 -8 9 -10 10 12 -13 -14 -15
leaf_value=0.00013014478225719384 0.078395785684102839 -0.0040537686220005172 0.00015896510282110976 0.0029012096926055667 -0.00019464705947619398 0.0067327823692701072 -0.0023434759443901792 0.036412566206622601 -0.0020816999495602102 0.0034581424366492974 -0.01636032225904686 9.7394262304787221e-05 -0.00077359660864528531 -0.0027164213793230887
leaf_weight=16286 321 2950 51269 7263 3129 223 530 324 14553 3670 550 97712 754 3392
leaf_count=16286 321 2950 51269 7263 3129 223 530 324 14553 3670 550 97712 754 3392
internal_value=3.69575e-05 -0.000158574 -0.000186857 0.00132831 0.00314363 -0.00412739 0.00317824 -0.000101896 -0.00075913 0.00033974 0.000283847 0.000385139 -0.00753425 -2.51504e-05
internal_weight=202926 176248 175927 26678 10392 3703 753 172224 69214 103010 102686 101382 1304 54661
internal_count=202926 176248 175927 26678 10392 3703 753 172224 69214 103010 102686 101382 1304 54661
is_linear=0
shrinkage=0.05


Tree=261
num_leaves=15
num_cat=0
split_feature=40 1 56 9 14 15 47 52 53 14 31 41 52 12
split_gain=18.1519 20.8003 22.2312 21.4613 20.4974 26.3282 19.9016 54.1004 35.8483 25.5026 19.4368 19.0378 58.3344 49.2371
threshold=996.14999389648449 127.34999847412111 68.799999237060561 220.50000000000003 53.451593399047859 269.65000915527349 6.5178174972534189 -0.4218058288097381 0.85561370849609386 33.113794326782234 -19.575846672058102 99.500000000000014 -0.082689788192510591 41.310417175292976
decision_type=2 2 2 2 2 2 2 2 2 2 2 2 2 2
left_child=1 3 -3 4 10 -6 -4 8 -8 -9 -1 -12 13 -13
right_child=-2 2 6 -5 5 -7 7 9 -10 -11 11 12 -14 -15
leaf_value=0.0043388849711549051 0.0022572576083730181 -0.0034322147704620057 -8.9239725179931367e-05 0.0038115225475828574 0.0046054389801319789 -0.0014665414915289443 -1.5561988225137879e-05 -0.00038983259581532872 0.011771326849457248 -0.0077232996454839054 0.00010531537583699166 0.0010644786351192176 0.00053647420593117554 -0.0047677418240429604
leaf_weight=735 1537 2201 17271 1241 1163 589 1443 636 183 1563 152678 2193 12335 6547
leaf_count=735 1537 2201 17271 1241 1163 589 1443 636 183 1563 152678 2193 12335 6547
internal_value=-1.39627e-05 -5.55312e-05 -0.00145986 0.00012888 8.25532e-05 0.00544835 -0.000959443 -0.00421773 0.00268949 -0.00931417 2.83671e-05 -6.18659e-06 -0.00141451 -0.00453714
internal_weight=202315 200778 23297 177481 176240 1752 21096 3825 1626 2199 174488 173753 21075 8740
internal_count=202315 200778 23297 177481 176240 1752 21096 3825 1626 2199 174488 173753 21075 8740
is_linear=0
shrinkage=0.05


Tree=262
num_leaves=15
num_cat=0
split_feature=17 4 27 4 34 17 31 51 50 13 33 13 12 23
split_gain=19.2342 28.3276 20.2149 25.6043 26.6963 24.5772 24.2441 24.0968 50.2091 29.779 27.9158 27.283 26.151 24.1857
threshold=-65.749999999999986 195.80000305175784 7.6499998569488534 58.149999618530281 -4.8500001430511466 -28.150000572204586 -2.7214331626892085 0.37940952181816107 -1.0000000180025095e-35 43.880655288696296 1.3499999642372134 92.176189422607436 44.255554199218757 0.56499999761581432
decision_type=2 2 2 2 2 2 2 2 2 2 2 2 2 2
left_child=-1 2 -2 7 -5 6 -6 10 -9 12 11 13 -10 -4
right_child=1 -3 3 4 5 -7 -8 8 9 -11 -12 -13 -14 -15
leaf_value=0.0013691351208504898 0.001630618109077961 -0.0019055162587179404 -0.00030991298198467703 -0.007380570177785266 0.0021097654533024477 -0.00062804264801205329 -0.00019781296459801397 0.0021734116845721178 -0.00096900914117320491 0.00072192594227682156 -0.0011137120263542079 0.0035739586003474921 -0.0049697824706456352 0.0010769265898633606
leaf_weight=7320 3622 3915 33413 1050 5566 61676 11473 17943 7771 13460 18109 2306 1220 13434
leaf_count=7320 3622 3915 33413 1050 5566 61676 11473 17943 7771 13460 18109 2306 1220 13434
internal_value=-3.83117e-05 -0.000132842 -4.64531e-05 -0.000118043 -0.000796929 -0.000690695 0.000989794 0.000384987 0.00135011 -0.000225947 -0.000194732 0.000423591 -0.00245251 0.000161662
internal_weight=202278 194958 191043 187421 79765 78715 17039 107656 40394 22451 67262 49153 8991 46847
internal_count=202278 194958 191043 187421 79765 78715 17039 107656 40394 22451 67262 49153 8991 46847
is_linear=0
shrinkage=0.05


Tree=263
num_leaves=15
num_cat=0
split_feature=8 9 14 56 56 33 10 16 36 33 15 13 13 47
split_gain=18.4216 24.1404 19.6674 21.3514 19.7219 27.9965 24.2979 20.3183 31.891 22.2387 38.8856 22.3288 31.5053 20.6959
threshold=28.550000190734867 40.800001144409187 2.5345773696899419 25.250000000000004 25.650000572204593 41.149999618530281 30.575000762939457 12.150000095367433 28.750000000000004 22.650000572204593 56.049999237060554 57.47053527832032 45.426189422607429 15.957678318023683
decision_type=2 2 2 2 2 2 2 2 2 2 2 2 2 2
left_child=1 -1 3 -2 6 7 -4 8 -6 13 11 12 -11 -9
right_child=2 -3 4 -5 5 -7 -8 9 -10 10 -12 -13 -14 -15
leaf_value=-5.8377379407621721e-06 0.06694296575831378 0.0018447128640906411 -0.00010796469224508294 -0.0018887726647599965 -0.0057097496362891222 0.0071444722852554883 -0.0027954564251552725 2.2231343868540401e-05 0.0028148514354493256 -0.0020327106407897299 -0.0067505453823252376 -0.01459552416043338 0.0088581588112766115 -0.0058039254582271677
leaf_weight=16239 341 10378 7169 183 1458 307 5824 157206 544 240 1582 107 342 644
leaf_count=16239 341 10378 7169 183 1458 307 5824 157206 544 240 1582 107 342 644
internal_value=-3.23339e-05 0.00119334 -0.000217809 0.0093633 -0.00024696 -9.69589e-05 -0.00212066 -0.000125977 -0.00511928 -6.32295e-05 -0.00496493 0.00489986 0.00878378 7.60167e-06
internal_weight=202564 26617 175947 524 175423 162430 12993 162123 2002 160121 2271 689 582 157850
internal_count=202564 26617 175947 524 175423 162430 12993 162123 2002 160121 2271 689 582 157850
is_linear=0
shrinkage=0.05


Tree=264
num_leaves=15
num_cat=0
split_feature=49 47 26 24 55 12 53 38 54 22 12 52 47 52
split_gain=20.5758 25.7242 38.3389 28.3861 40.7184 36.3769 43.6539 28.1238 27.245 31.729 29.2601 43.8931 26.4471 26.1321
threshold=1.0000000180025095e-35 4.2486445903778085 0.96149727702140819 5.5000000000000009 5.5000000000000009 84.890972137451186 0.90438663959503185 12.750000000000002 1.5000000000000002 1835.5000000000002 109.60763549804689 0.22700754553079608 9.6395044326782244 -0.96235975623130787
decision_type=10 2 2 2 2 2 2 2 2 2 2 2 2 2
left_child=-1 3 8 5 -5 -2 -7 -8 10 -10 -3 -12 -11 -4
right_child=1 2 13 4 -6 6 7 -9 9 12 11 -13 -14 -15
leaf_value=-0.00026799264489736906 0.0044579565649654233 0.0061966775977247432 0.012552361269752545 0.00092638673454480006 -0.0073906822426757033 -0.0023855032995808963 0.002802649049419645 -0.0066859963174691062 0.00060398870074868528 -0.00068132946093821018 0.0043922325734525383 -0.008307121214474229 -0.0063457808206016505 -0.0024988893935232446
leaf_weight=115119 2526 1132 182 5280 887 1801 2976 163 48338 14140 542 383 936 7697
leaf_count=115119 2526 1132 182 5280 887 1801 2976 163 48338 14140 542 383 936 7697
internal_value=-5.07145e-05 0.00052964 0.000158806 0.00252327 1.21418e-05 0.0045947 0.00209091 0.00564465 0.000555505 0.000371311 0.00620464 -0.00040107 -0.00163065 -0.00313411
internal_weight=202102 86983 73350 13633 6167 7466 4940 3139 65471 63414 2057 925 15076 7879
internal_count=202102 86983 73350 13633 6167 7466 4940 3139 65471 63414 2057 925 15076 7879
is_linear=0
shrinkage=0.05


Tree=265
num_leaves=15
num_cat=0
split_feature=28 13 54 46 56 52 55 52 47 15 16 36 57 36
split_gain=16.8116 25.8702 20.0663 18.0108 17.756 27.728 57.0883 31.7053 27.1272 28.4558 28.0047 31.337 26.2469 24.0369
threshold=18.500000000000004 40.861606597900398 2.5000000000000004 0.35000000894069677 35.649999618530281 -0.99763298034667958 5.5000000000000009 -0.99054482579231251 15.957678318023683 62.750000000000007 14.050000190734865 26.150000572204593 27.816666603088382 33.250000000000007
decision_type=2 2 2 2 2 2 2 2 2 2 2 2 2 2
left_child=1 -1 -3 -4 5 6 -2 12 9 -6 11 -11 -7 -9
right_child=4 2 3 -5 8 7 -8 13 -10 10 -12 -13 -14 -15
leaf_value=0.0045139619087642222 0.0060869853447552058 0.013877614282844012 -0.0029995575108110102 0.0093952581699172869 0.0010889232134700221 0.00196935197187535 -0.017015596421489223 -0.00096671366828709332 -0.0066520016696788786 -0.0056914731796082144 1.2775542954840403e-06 0.0065681853874318885 -0.0072447456133108087 0.00074627292072822942
leaf_weight=3646 774 90 1718 213 22699 224 131 31932 616 1216 129055 265 836 8845
leaf_count=3646 774 90 1718 213 22699 224 131 31932 616 1216 129055 265 836 8845
internal_value=-9.39339e-06 0.00267307 -0.00185869 -0.00297527 -8.68501e-05 -0.000988258 0.00762295 -0.00117631 0.000163622 0.000206043 -7.81334e-05 -0.00689135 -0.0096729 -0.000953122
internal_weight=202260 5667 2021 1931 196593 42742 905 41837 153851 153235 130536 1481 1060 40777
internal_count=202260 5667 2021 1931 196593 42742 905 41837 153851 153235 130536 1481 1060 40777
is_linear=0
shrinkage=0.05


Tree=266
num_leaves=15
num_cat=0
split_feature=16 16 36 23 1 14 16 49 37 15 38 31 28 13
split_gain=22.0759 35.6212 24.456 31.9393 24.8145 28.0085 24.4849 24.184 24.9925 30.4128 29.7687 25.6618 24.8011 31.4136
threshold=133.15000152587893 122.70000076293947 7.8500001430511483 0.7150000035762788 174.40000152587893 45.818988800048835 119.4499969482422 -7.4999999999999991 33.500000000000007 52.95000076293946 7.5499999523162851 1.5735748410224917 60.500000000000007 87.643154144287124
decision_type=2 2 2 2 2 2 2 8 2 2 2 2 2 2
left_child=1 2 3 -1 5 7 -6 8 -4 10 -10 -11 13 -9
right_child=-2 -3 4 -5 6 -7 -8 12 9 11 -12 -13 -14 -15
leaf_value=0.0030550298498869186 0.0019074145899440871 -0.0026801571648254908 -0.0030568882638133208 -0.00060843249210055139 -0.0017643013904056815 0.0018492020557384005 0.011108330664133491 0.00065720195829813914 0.0084291111552244006 -9.0767446836538535e-05 0.00089937498928764354 -0.0012660548147465868 -0.00010268425528142181 0.0040158991977710225
leaf_weight=3638 1550 1717 4682 1919 6353 5965 136 34164 443 36624 10740 25069 67292 2085
leaf_count=3638 1550 1717 4682 1919 6353 5965 136 34164 443 36624 10740 25069 67292 2085
internal_value=-2.75462e-05 -7.35671e-05 -1.15508e-05 0.00325579 -0.000105521 0 -0.00314279 -0.000111121 -0.000778672 -0.00055086 0.00184714 -0.000985771 0.000388939 0.00144309
internal_weight=202377 200827 199110 5557 193553 187064 6489 181099 77558 72876 11183 61693 103541 36249
internal_count=202377 200827 199110 5557 193553 187064 6489 181099 77558 72876 11183 61693 103541 36249
is_linear=0
shrinkage=0.05


Tree=267
num_leaves=15
num_cat=0
split_feature=36 27 18 23 40 23 24 32 44 42 33 52 13 13
split_gain=20.2439 18.4679 17.6485 34.7123 28.7269 22.8953 21.8145 24.5076 22.1535 21.6504 19.9526 19.8725 30.8321 19.7837
threshold=43.149999618530281 38.250000000000007 -14.849999904632567 0.044999999925494201 973.45001220703136 0.085000000894069686 16.500000000000004 4.8011481761932382 -3.2890467643737789 12.150000095367433 11.050000190734865 -0.099819734692573533 186.95178985595706 50.693450927734382
decision_type=2 2 2 2 2 2 2 2 2 2 2 2 2 2
left_child=1 2 4 -4 13 -6 9 8 -8 11 -10 12 -7 -1
right_child=-2 -3 3 -5 5 6 7 -9 10 -11 -12 -13 -14 -15
leaf_value=-0.0010497837788165099 -0.0041755424652864344 0.0020280758969361519 0.08333686274756745 -0.00014504448244648111 -0.041855709499713213 0.00042466203297271827 0.00057680462169511367 0.0022950116928208615 -0.0019004172627093891 -0.0022147692450778522 -0.0075648037767161854 0.0017685307649091605 -0.0088180265046745344 0.0039495019467792481
leaf_weight=611 434 5706 167 151349 161 14593 3421 1606 5832 1935 555 13752 272 2123
leaf_count=611 434 5706 167 151349 161 14593 3421 1606 5832 1935 555 13752 272 2123
internal_value=7.91253e-05 0.000102552 2.10044e-05 -0.000236923 0.000892002 0.000568977 0.000643225 -0.00122111 -0.0021593 0.0013399 -0.00389636 0.00168635 0.000418487 0.00584913
internal_weight=202517 202083 196377 151516 44861 42127 41966 11414 9808 30552 6387 28617 14865 2734
internal_count=202517 202083 196377 151516 44861 42127 41966 11414 9808 30552 6387 28617 14865 2734
is_linear=0
shrinkage=0.05


Tree=268
num_leaves=15
num_cat=0
split_feature=17 26 24 38 52 47 55 42 24 14 12 15 26 47
split_gain=17.7352 24.1398 35.5344 22.4169 64.7748 57.9003 57.2132 54.3454 41.066 42.3452 38.789 50.7077 49.8257 43.8327
threshold=-42.54999923706054 0.70399728417396557 3.5000000000000004 17.349999427795414 0.30983042716979986 9.5802173614501971 4.5000000000000009 8.7500000000000018 4.5000000000000009 10.310188770294191 50.609027862548835 100.90000152587892 0.68981757760047924 5.8382666110992441
decision_type=2 2 2 2 2 2 2 2 2 2 2 2 2 2
left_child=1 -1 -3 8 5 -5 7 -6 9 -2 -10 -12 -13 -14
right_child=3 2 -4 4 6 -7 -8 -9 10 -11 11 12 13 -15
leaf_value=0.001958659345480908 0.0036188194217033802 0.0017613257509447146 -0.002183248350538142 0.00029910529238585948 0.0023048056074114476 -0.0021332397949457016 -0.0013990738401038719 0.011907164603435248 -9.001919484254926e-05 2.7616586662521095e-05 -0.0032541889340564874 0.0009231510802967316 -0.00083571995412148881 -0.0056163565792859641
leaf_weight=8411 4672 3112 3999 63149 3230 7335 1946 1792 35078 36113 12867 9689 8284 2827
leaf_count=8411 4672 3112 3999 63149 3230 7335 1946 1792 35078 36113 12867 9689 8284 2827
internal_value=1.1851e-05 0.00163533 -0.000509058 -0.000123 0.000528001 7.30559e-05 0.00512324 0.00793919 -0.000583349 0.000673489 -0.00132899 -0.00254105 -0.00101394 -0.00329781
internal_weight=202504 15522 7111 186982 77452 70484 6968 5022 109530 40785 68745 33667 20800 11111
internal_count=202504 15522 7111 186982 77452 70484 6968 5022 109530 40785 68745 33667 20800 11111
is_linear=0
shrinkage=0.05


Tree=269
num_leaves=15
num_cat=0
split_feature=17 4 9 6 26 24 53 23 53 12 53 55 36 53
split_gain=16.9304 29.2766 30.575 40.6386 24.6184 31.0786 22.9236 55.2264 48.5561 33.1902 25.9942 77.3774 24.4513 20.9826
threshold=-42.54999923706054 64.40000152587892 86.000000000000014 22.849999427795414 0.69660553336143505 5.5000000000000009 -0.99273797869682301 0.74500000476837169 -0.98801845312118519 54.545139312744148 -0.98212954401969899 1.5000000000000002 35.149999618530281 -0.99938741326332081
decision_type=2 2 2 2 2 2 2 2 2 2 2 2 2 2
left_child=4 2 6 -4 -1 -6 7 -2 -8 12 11 -10 13 -9
right_child=1 -3 3 -5 5 -7 8 9 10 -11 -12 -13 -14 -15
leaf_value=0.0022179948558295501 0.0058605708415961875 -0.00052594682048681121 0.019195004171953058 0.0012324957447987506 0.0010222446888309784 -0.0023874197912006068 -0.0048138517083898243 -0.0055483675415511982 -0.011960399724242428 0.0057582090102976354 -6.1012572379042998e-05 0.007899421602067221 0.002979342520925867 -0.00050120164693823394
leaf_weight=7087 1466 66845 399 16231 5239 3173 1495 817 249 943 95286 1197 346 1722
leaf_count=7087 1466 66845 399 16231 5239 3173 1495 817 249 943 95286 1197 346 1722
internal_value=1.64193e-05 -0.000115237 0.000351404 0.00234075 0.00160391 -0.0002256 3.1633e-05 0.00323341 -0.00014124 6.51381e-05 -2.58419e-06 0.00662775 -0.00259931 -0.00430561
internal_weight=202495 186996 120151 16630 15499 8412 103521 5294 98227 3828 96732 1446 2885 2539
internal_count=202495 186996 120151 16630 15499 8412 103521 5294 98227 3828 96732 1446 2885 2539
is_linear=0
shrinkage=0.05


Tree=270
num_leaves=15
num_cat=0
split_feature=49 13 3 57 7 2 12 12 37 12 12 37 13 15
split_gain=18.7411 25.7344 32.6794 35.5682 30.0187 28.275 26.7334 34.9455 26.0633 27.0121 25.5633 25.0433 30.6787 30.4519
threshold=1.0000000180025095e-35 46.671726226806648 57.800001144409187 126.8833351135254 23.250000000000004 179.50000000000003 51.897916793823249 63.181945800781257 86.500000000000014 44.661804199218757 26.390972137451175 34.500000000000007 31.107142448425297 52.95000076293946
decision_type=8 2 2 2 2 2 2 2 2 2 2 2 2 2
left_child=1 6 10 4 -4 -5 8 -8 11 -10 -3 -1 -13 -14
right_child=-2 2 3 5 -6 -7 7 -9 9 -11 -12 12 13 -15
leaf_value=-0.0028626630470478627 0.00023708582616681145 0.02271929126715258 0.0050031347351890097 0.0013830431370085848 -0.0012717116525822665 -0.0012834341184903471 -0.0066100245203190022 0.0053545945021503099 -0.0014117596453403992 -0.0066053913600724549 0.00064744386073067178 -0.0047363967945445729 0.0032635977165996338 -0.0003001007927420946
leaf_weight=3434 111676 159 544 8223 25384 2502 1456 246 4187 951 30732 1514 4074 7401
leaf_count=3434 111676 159 544 8223 25384 2502 1456 246 4187 951 30732 1514 4074 7401
internal_value=9.01266e-06 -0.000524406 -3.03461e-05 -0.00103988 -0.00204141 0.001381 -0.00195828 -0.00797313 -0.00148 -0.0045843 0.00116744 -0.000506603 0.000498115 0.00138224
internal_weight=202483 90807 67544 36653 25928 10725 23263 1702 21561 5138 30891 16423 12989 11475
internal_count=202483 90807 67544 36653 25928 10725 23263 1702 21561 5138 30891 16423 12989 11475
is_linear=0
shrinkage=0.05


Tree=271
num_leaves=15
num_cat=0
split_feature=0 30 54 25 0 15 54 14 52 3 9 15 12 52
split_gain=18.819 18.4541 27.3901 30.5396 21.5106 35.1091 46.3258 42.2201 46.8974 44.1023 33.9012 33.7154 46.5095 54.9151
threshold=275.20001220703131 25.02689361572266 1.5000000000000002 12.650000095367433 99.799999237060561 100.90000152587892 8.5000000000000018 16.168815612792972 -0.90893998742103566 13.650000095367433 115.40000152587892 82.549999237060561 53.195833206176765 -0.9413962960243224
decision_type=2 8 2 2 2 2 2 2 2 2 2 2 2 2
left_child=1 2 -1 -4 5 6 -3 8 10 -10 11 12 -8 -14
right_child=-2 4 3 -5 -6 -7 7 -9 9 -11 -12 -13 13 -15
leaf_value=0.0031715348834814765 -0.0036361949455540918 0.00011335375209631169 0.0039177425069399354 7.2461760316061208e-06 -0.00069596992622245307 0.00084249236774215923 0.00044245106563321345 -0.0035048256284238855 0.072188239639854254 -0.0029610538894269192 0.016830009823422445 0.0026392579079071127 -0.0059299096379644813 0.010907937204706036
leaf_weight=2347 867 92254 2086 15348 27076 35399 8216 7083 247 5810 334 2936 2175 239
leaf_count=2347 867 92254 2086 15348 27076 35399 8216 7083 247 5810 334 2936 2175 239
internal_value=-1.76607e-05 1.41397e-05 0.00146405 0.000779638 -0.000143718 8.38704e-05 -0.000326477 -0.00214603 -0.000967847 -0.00463573 0.000632638 0.000239393 -0.00107143 -0.00715759
internal_weight=202417 201550 19781 17434 181769 154693 119294 27040 19957 6057 13900 13566 10630 2414
internal_count=202417 201550 19781 17434 181769 154693 119294 27040 19957 6057 13900 13566 10630 2414
is_linear=0
shrinkage=0.05


Tree=272
num_leaves=15
num_cat=0
split_feature=19 12 14 13 37 41 40 27 49 13 53 19 35 12
split_gain=18.6407 40.1684 17.55 28.9562 25.3155 27.6968 20.996 19.6695 20.61 34.3854 25.0365 24.0298 24.6991 23.6985
threshold=11.650000095367433 40.437500000000007 5.3625478744506845 68.262199401855483 33.500000000000007 4.5000000000000009 989.25000000000011 38.250000000000007 -7.4999999999999991 31.107142448425297 -0.33426210284233088 65.549999237060561 36.500000000000007 25.368750572204593
decision_type=2 2 2 2 2 2 2 2 8 2 2 2 2 2
left_child=1 -1 3 4 -2 -6 -7 8 9 10 13 12 -10 -4
right_child=2 -3 7 -5 5 6 -8 -9 11 -11 -12 -13 -14 -15
leaf_value=0.017407532796283799 -0.0029654811699681982 -0.026639200521714104 0.009729710798920696 -0.0073821301857179226 0.0021047034317014531 -0.0016251974752790417 0.0081504598031289233 0.00205840559762292 0.00013923238758795642 -0.00025575729824326294 -0.0073143149641787921 -6.5219975687813575e-06 0.0019237695470066152 -0.0048248486178086034
leaf_weight=678 2043 163 180 433 3392 5082 120 5247 14416 74441 887 81387 13521 678
leaf_count=678 2043 163 180 433 3392 5082 120 5247 14416 74441 887 81387 13521 678
internal_value=-1.08547e-05 0.00737368 -4.19893e-05 -0.00197653 -0.00145346 -0.000261506 -0.0025518 7.03738e-05 -1.50927e-05 -0.000646359 -0.0075641 0.000424845 0.00168981 -0.00144009
internal_weight=202668 841 201827 11070 10637 8594 5202 190757 185510 76186 1745 109324 27937 858
internal_count=202668 841 201827 11070 10637 8594 5202 190757 185510 76186 1745 109324 27937 858
is_linear=0
shrinkage=0.05


Tree=273
num_leaves=15
num_cat=0
split_feature=18 57 24 12 9 40 9 38 23 57 24 41 29 41
split_gain=16.7428 16.9667 38.1668 27.744 22.8698 22.3308 23.795 23.9711 71.4454 56.0522 52.2319 47.6404 38.9998 35.8267
threshold=126.65000152587892 191.76666259765628 9.5000000000000018 162.74097442626956 103.70000076293947 995.04998779296886 240.75000000000003 10.949999809265138 0.33500000834465032 123.45000076293947 1.5000000000000002 1.0000000180025095e-35 6.8500001430511483 99.500000000000014
decision_type=2 2 2 2 2 2 2 2 2 2 2 2 2 2
left_child=1 3 4 5 -3 6 7 8 10 13 -1 -10 -12 -9
right_child=-2 2 -4 -5 -6 -7 -8 9 11 -11 12 -13 -14 -15
leaf_value=0.002835205626012824 -0.00371893537159399 0.0041419270684245777 -0.0034261966873874064 -0.0018667412093311799 0.00074167767792267529 0.0021016549515818135 0.0028471408908712138 0.00027113087242084392 -0.0027522406726375225 0.0034758170277025104 -0.001796118723148446 -0.00038127974320858115 0.0012217804255570453 -0.0012826150288671901
leaf_weight=6846 540 1637 874 3877 3219 2459 1498 114834 13660 4569 8228 14762 8863 16678
leaf_count=6846 540 1637 874 3877 3219 2459 1498 114834 13660 4569 8228 14762 8863 16678
internal_value=7.55354e-05 9.92505e-05 0.00277875 2.08881e-05 0.00451089 0.000105376 4.39594e-05 -6.10241e-06 -0.000915141 0.000343704 0.00109721 -0.00260974 -0.000381557 0.000154347
internal_weight=202544 202004 5730 196274 4856 192397 189938 188440 52359 136081 23937 28422 17091 131512
internal_count=202544 202004 5730 196274 4856 192397 189938 188440 52359 136081 23937 28422 17091 131512
is_linear=0
shrinkage=0.05


Tree=274
num_leaves=15
num_cat=0
split_feature=36 50 45 57 40 38 24 36 10 6 23 25 30 56
split_gain=18.2375 18.2191 16.3558 16.2786 31.9965 45.4529 30.8937 44.3282 26.4323 23.7255 28.077 24.7823 22.838 22.6815
threshold=43.149999618530281 0.98296290636062633 0.37675192952156072 85.149997711181655 972.85000610351574 22.750000000000004 54.500000000000007 25.050000190734867 87.791667938232436 54.750000000000007 0.044999999925494201 15.050000190734865 77.500000000000014 79.049999237060561
decision_type=2 2 2 2 2 2 2 2 2 2 2 2 10 2
left_child=1 3 -2 9 5 -5 7 -6 -8 10 -1 13 -12 -11
right_child=2 -3 -4 4 6 -7 8 -9 -10 11 12 -13 -14 -15
leaf_value=0.070922448208629169 0.0011957751402144558 -0.001536757563252321 -0.0065490624243825096 -0.0052352758747351682 0.00025836953134784695 0.0073194523826348619 -0.00083107713205014886 0.0033971810294061103 -0.0085036903100942363 0.00035303418831190568 0.00080985597895411325 -0.0011600645193456161 -0.00017142099200489621 -0.0023845786607175402
leaf_weight=187 161 8446 261 114 42328 594 1327 3671 625 23759 29831 26515 61205 3138
leaf_count=187 161 8446 261 114 42328 594 1327 3671 625 23759 29831 26515 61205 3138
internal_value=-3.8581e-05 -1.66047e-05 -0.0103009 8.27712e-05 0.000873759 0.011351 0.000716728 0.000978613 -0.00542813 -0.00018338 0.000306632 -0.00102018 0.0002658 4.92437e-05
internal_weight=202162 201740 422 193294 48659 708 47951 45999 1952 144635 91223 53412 91036 26897
internal_count=202162 201740 422 193294 48659 708 47951 45999 1952 144635 91223 53412 91036 26897
is_linear=0
shrinkage=0.05


Tree=275
num_leaves=15
num_cat=0
split_feature=32 18 43 38 15 34 12 13 46 28 54 43 55 52
split_gain=17.5009 22.6383 22.5152 23.4033 71.728 30.2107 26.5933 26.6697 23.8282 29.8016 30.0848 29.08 28.8397 25.6372
threshold=-0.5011233091354369 -63.699998855590813 17.500000000000004 15.949999809265138 149.25000000000003 -0.15000000223517415 55.450695037841804 88.583332061767592 1.0000000180025095e-35 73.500000000000014 3.5000000000000004 787.50000000000011 4.5000000000000009 0.95502296090126049
decision_type=2 2 8 2 2 2 2 2 2 2 2 10 2 2
left_child=2 -2 -1 5 6 -4 -5 -8 9 10 11 -7 13 -10
right_child=1 -3 3 4 -6 8 7 -9 12 -11 -12 -13 -14 -15
leaf_value=0.0012945466964052301 0.0037211654442528721 0.00019346181492032704 -0.001430516045183669 0.00061808625148730082 0.0049549629386251874 0.002845896662069461 -0.0015042824009413184 0.006818676221715299 0.00064065924877560333 -0.0010850891325539182 -5.860387254906369e-05 -0.002475986075415207 -0.0051788004659197306 -0.0040538566257502968
leaf_weight=5637 1730 95030 28655 18689 1736 7162 10833 459 4524 8689 14450 1085 2115 1524
leaf_count=5637 1730 95030 28655 18689 1736 7162 10833 459 4524 8689 14450 1085 2115 1524
internal_value=-4.54707e-05 0.000440219 -0.000490679 -0.000664208 0.000457812 -0.00118597 -0.000115868 -0.00203061 -0.000290073 0.00033603 0.00128925 0.00369686 -0.00269485 -0.000932651
internal_weight=202318 96760 105558 99921 31717 68204 29981 11292 39549 31386 22697 8247 8163 6048
internal_count=202318 96760 105558 99921 31717 68204 29981 11292 39549 31386 22697 8247 8163 6048
is_linear=0
shrinkage=0.05


Tree=276
num_leaves=15
num_cat=0
split_feature=28 0 13 46 52 49 13 14 41 40 51 40 11 53
split_gain=16.8717 29.7604 37.4391 27.6333 28.8966 25.4978 32.4203 40.6718 27.9777 24.5103 23.8352 23.4362 34.2555 29.6856
threshold=58.500000000000007 16.849999427795414 41.716072082519538 19.44999980926514 0.9970000982284547 -7.4999999999999991 28.755059242248539 16.168815612792972 72.500000000000014 972.04998779296886 0.78656607866287243 981.45001220703136 52.014583587646491 -0.99052476882934559
decision_type=2 2 2 2 2 8 2 2 2 2 2 2 2 2
left_child=3 -2 9 4 5 -1 7 -7 11 -3 -4 12 13 -8
right_child=1 2 10 -5 -6 6 8 -9 -10 -11 -12 -13 -14 -15
leaf_value=2.8635136834806452e-05 0.0055022852466050575 0.0080576223964524754 -0.00022289555743871815 -0.0046983057962484594 -0.0031635187772240492 -0.0028474502613106052 0.006136849247919832 0.016387211445345721 0.0040821463798688855 -0.0016285959583075831 0.00071685541936758121 0.0020825105150965649 -0.0024981944485671578 0.00065448838759274853
leaf_weight=37355 1430 183 87203 867 2610 2642 726 253 5310 16804 22937 10327 3376 10223
leaf_count=37355 1430 183 87203 867 2610 2642 726 253 5310 16804 22937 10327 3376 10223
internal_value=3.83178e-05 -0.000307427 -0.000388361 0.000641461 0.000747611 0.000939876 0.00195561 -0.0030895 0.00244395 -0.00257251 -5.12937e-05 0.00173344 0.000423788 0.00178164
internal_weight=202246 128557 127127 73689 72822 70212 32857 2895 29962 16987 110140 24652 14325 10949
internal_count=202246 128557 127127 73689 72822 70212 32857 2895 29962 16987 110140 24652 14325 10949
is_linear=0
shrinkage=0.05


Tree=277
num_leaves=15
num_cat=0
split_feature=0 14 20 14 13 37 41 40 8 56 19 52 31 11
split_gain=18.097 24.412 20.1178 19.566 24.7098 23.6348 26.5047 25.9837 21.4534 26.6322 27.3598 22.6441 31.3729 30.2161
threshold=11.250000000000002 8.9742503166198748 1.0000000180025095e-35 5.3625478744506845 68.262199401855483 33.500000000000007 4.5000000000000009 989.25000000000011 31.849999427795414 35.649999618530281 26.250000000000004 -0.35846811532974238 -3.6157579421997066 20.066666603088382
decision_type=2 2 2 2 2 2 2 2 2 2 2 2 2 2
left_child=1 -1 -3 4 5 -2 -7 -8 -5 11 -11 13 -13 -10
right_child=3 2 -4 8 -6 6 7 -9 9 10 -12 12 -14 -15
leaf_value=0.016764601138969038 -0.0031852213667513509 -0.043477044491272168 0.001860273724135453 0.00079904501789815764 -0.0080015407261280723 0.0019887478952854824 -0.0018182612620792115 0.0065704125943931565 0.0058697739024372968 0.0054424502171623538 7.204369886042728e-05 0.0015669592284273282 -0.0012054051349238593 -0.0022408660993224585
leaf_weight=687 2015 112 903 30682 442 3309 5054 142 174 894 131880 5755 11185 9327
leaf_count=687 2015 112 903 30682 442 3309 5054 142 174 894 131880 5755 11185 9327
internal_value=5.04761e-05 0.00516939 0.000219512 6.84526e-06 -0.00204612 -0.00155271 -0.000396359 -0.00262197 0.000125456 -0.000107866 0.000180745 -0.00155665 -0.000460177 -0.00350909
internal_weight=202561 1702 1015 200859 10962 10520 8505 5196 189897 159215 132774 26441 16940 9501
internal_count=202561 1702 1015 200859 10962 10520 8505 5196 189897 159215 132774 26441 16940 9501
is_linear=0
shrinkage=0.05


Tree=278
num_leaves=15
num_cat=0
split_feature=49 37 27 18 14 49 46 24 53 11 31 27 35 40
split_gain=16.3716 24.65 30.3049 25.3224 22.3663 22.4355 22.7669 27.4475 19.0756 21.9678 18.9386 18.3457 17.689 17.3151
threshold=-7.4999999999999991 28.500000000000004 39.850000381469734 9.3499999046325701 2.5345773696899419 -422.49999999999994 0.15000000223517421 30.500000000000004 -0.22700609266757962 73.295833587646499 -5.3587367534637442 25.349999427795414 27.500000000000004 996.14999389648449
decision_type=8 2 2 2 2 10 2 2 2 2 2 2 2 2
left_child=1 -1 3 4 -3 6 7 12 -8 11 -7 -10 -6 -2
right_child=13 2 -4 -5 5 10 8 -9 9 -11 -12 -13 -14 -15
leaf_value=-0.0034034690605447022 0.00019711625482361219 0.033729881550385893 0.0060096384373141704 -0.0010065100069250918 -0.0022412467207758692 0.00058849305519980842 0.00050132477635610781 -0.00052221990723274919 0.00018278347654564488 0.0021747080761175936 -0.00083055775094581128 -0.0057234542001345264 0.0028191854564665001 0.0026775794745980195
leaf_weight=3110 116947 243 1088 20860 581 11058 7896 3877 741 876 23761 1587 8833 1033
leaf_count=3110 116947 243 1088 20860 581 11058 7896 3877 741 876 23761 1587 8833 1033
internal_value=3.69134e-05 -0.000494256 -0.000327044 -0.000439787 8.6188e-05 2.27964e-05 0.0011854 0.00258063 -0.000486049 -0.00373367 -0.000791725 -0.00626604 0.00403756 0.000417408
internal_weight=202491 84511 81401 80313 59453 59210 24391 13291 11100 3204 34819 2328 9414 117980
internal_count=202491 84511 81401 80313 59453 59210 24391 13291 11100 3204 34819 2328 9414 117980
is_linear=0
shrinkage=0.05


Tree=279
num_leaves=15
num_cat=0
split_feature=36 0 14 53 52 53 54 13 16 24 40 15 18 14
split_gain=18.361 17.171 18.1314 23.3152 25.6539 21.3128 22.6724 59.9466 72.5074 63.8853 43.8523 37.1996 35.756 32.5668
threshold=43.149999618530281 242.60000610351565 54.723276138305671 0.99803557991981517 -0.86976337432861317 0.9993295967578889 11.500000000000002 140.08660888671878 35.45000076293946 1.5000000000000002 992.25000000000011 239.80000305175784 -51.04999923706054 39.830591201782234
decision_type=2 2 2 2 2 2 2 2 2 2 2 2 2 2
left_child=1 2 5 4 -4 6 -1 8 9 12 13 -10 -8 -9
right_child=-2 -3 3 -5 -6 -7 7 10 11 -11 -12 -13 -14 -15
leaf_value=4.9545012501145749e-05 -0.0038469119660077657 -0.0019853427548169782 -0.0064050176210518929 -0.0035838693416440333 0.0022760733494766035 0.0024847946994278783 -0.04054236238716586 0.0047311907424899546 -0.0036205445242912752 -0.0031580979971896992 0.0065778271079616401 0.0050989620102581531 0.0055905364659661451 -0.0022616364151808498
leaf_weight=180106 437 2217 108 598 4142 1841 135 634 7002 1459 715 248 1887 968
leaf_count=180106 437 2217 108 598 4142 1841 135 634 7002 1459 715 248 1887 968
internal_value=-6.17263e-07 2.17746e-05 7.04268e-05 0.00308769 0.00438967 -4.74347e-06 -5.5911e-05 -0.0020677 -0.00364258 0.00228445 0.00521057 -0.0064876 0.00802165 0.00058933
internal_weight=202497 202060 199843 4848 4250 194995 193154 13048 10731 3481 2317 7250 2022 1602
internal_count=202497 202060 199843 4848 4250 194995 193154 13048 10731 3481 2317 7250 2022 1602
is_linear=0
shrinkage=0.05


Tree=280
num_leaves=15
num_cat=0
split_feature=8 15 9 32 8 0 16 12 15 50 16 57 51 53
split_gain=16.0082 24.0892 21.5649 19.4674 27.0395 27.188 26.9512 29.4925 27.3021 26.0848 24.1057 21.1609 20.1979 23.5085
threshold=28.550000190734867 152.94999694824222 22.349999427795414 -0.5011233091354369 57.95000076293946 30.250000000000004 9.4000000953674334 52.120140075683601 131.09999847412112 0.60355338454246532 12.550000190734865 85.950000762939467 1.0000000180025095e-35 -0.69676771759986866
decision_type=2 2 2 2 2 2 2 2 2 2 2 2 2 2
left_child=1 -1 -2 4 6 -6 -4 8 -8 -5 -9 -12 -11 -14
right_child=2 -3 3 9 5 -7 7 10 -10 12 11 -13 13 -15
leaf_value=0.0004957256687956775 -0.0017203579327415676 0.0038623671535882365 -0.0071236251026802217 0.00058046785969642363 0.0034580188066706211 -3.6586948503208178e-05 -0.0001722453292171619 0.017518496149606173 0.014464714146270078 0.00050482912555351869 -0.0026689512152177799 7.5198927546468735e-06 0.000380467009305735 -0.0021291466518468419
leaf_weight=25506 7180 964 1114 58278 2468 46916 20872 99 158 10217 11123 3808 4543 9032
leaf_count=25506 7180 964 1114 58278 2468 46916 20872 99 158 10217 11123 3808 4543 9032
internal_value=1.70549e-05 0.00116314 -0.000155559 -4.12125e-05 -0.000564296 0.000202454 -0.00158267 -0.00134461 -0.000135456 0.000510478 -0.00303524 -0.00320427 -0.000884379 -0.00214759
internal_weight=202278 26470 175808 168628 86558 49384 37174 36060 21030 82070 15030 14931 23792 13575
internal_count=202278 26470 175808 168628 86558 49384 37174 36060 21030 82070 15030 14931 23792 13575
is_linear=0
shrinkage=0.05


Tree=281
num_leaves=15
num_cat=0
split_feature=14 57 16 12 16 54 38 23 52 57 12 37 43 47
split_gain=17.3445 20.0337 31.2575 24.3368 29.306 25.4257 41.2022 81.676 43.2989 41.0445 41.0379 50.1629 41.0247 34.7005
threshold=69.315029144287124 191.76666259765628 73.700000762939467 162.74097442626956 138.55000305175784 1.5000000000000002 9.8499999046325701 0.33500000834465032 -0.2102246284484863 126.8833351135254 117.38611221313478 67.500000000000014 32.500000000000007 4.9756426811218271
decision_type=2 2 2 2 2 2 2 2 2 2 2 2 10 2
left_child=1 3 -3 5 -5 10 7 12 -9 -8 -1 -12 -7 -10
right_child=-2 2 -4 4 -6 6 9 8 13 -11 11 -13 -14 -15
leaf_value=0.0029985169091867551 -0.0026335363750579176 0.0053244438028032083 0.00049219323926839615 -0.002521440365266886 0.001923934564750587 0.0024919022714749218 6.982146890174013e-05 -0.0048006443727987404 0.0012930702767689193 0.002682788522817281 -0.0070041219129983907 0.00041389381094984496 -0.00078552734928043493 -0.0023288747141765797
leaf_weight=5257 1530 899 4100 2918 544 7025 141411 3787 2523 5398 624 4530 10513 11278
leaf_count=5257 1530 899 4100 2918 544 7025 141411 3787 2523 5398 624 4530 10513 11278
internal_value=2.63162e-05 6.68519e-05 0.00318926 -1.30223e-05 -0.00416187 6.18645e-05 -7.57097e-05 -0.00161373 -0.00402034 0.000292367 0.00246378 -0.000706816 0.000800661 -0.00271704
internal_weight=202337 200807 4999 195808 3462 192346 181935 35126 17588 146809 10411 5154 17538 13801
internal_count=202337 200807 4999 195808 3462 192346 181935 35126 17588 146809 10411 5154 17538 13801
is_linear=0
shrinkage=0.05


Tree=282
num_leaves=15
num_cat=0
split_feature=1 23 53 42 43 38 30 36 0 14 38 13 31 53
split_gain=15.6618 22.0641 18.9672 39.0639 37.1462 42.0491 28.9208 28.2181 26.1091 33.4826 24.443 22.6986 21.9198 25.0126
threshold=259.34999084472662 0.66500002145767223 0.98174098134040844 4.4500000476837167 52.500000000000007 9.5500001907348651 1037.5000000000002 16.849999427795414 171.59999847412112 31.084116935729984 11.949999809265138 106.52827072143556 -1.298454701900482 0.93469110131263744
decision_type=2 2 2 2 10 2 8 2 2 2 2 2 2 2
left_child=2 -2 8 4 5 6 11 -5 -1 -10 -6 -4 -11 -14
right_child=1 -3 3 7 10 -7 -8 -9 9 12 -12 -13 13 -15
leaf_value=1.7535359364537208e-06 -0.0078881871866730742 -0.00010670376123449802 -0.0039239292691895453 0.0026744731380666086 0.0037349960080905707 -0.0048082261290692783 -0.0025658894679608936 -0.0030886057053527947 0.0024658600755804172 -0.00082669319968735615 -0.0075013823571591287 0.0015141360471219334 -0.0078832200389171627 -0.0016664274263301423
leaf_weight=184730 485 822 350 4654 1929 796 726 546 729 2399 329 1995 959 1190
leaf_count=184730 485 822 350 4654 1929 796 726 546 729 2399 329 1995 959 1190
internal_value=-1.32002e-05 -0.00544799 2.235e-05 0.00200926 -0.000696822 -0.00366907 -0.000998053 0.00519194 -9.61756e-05 -0.00356062 0.00438713 0.00170913 -0.00515577 -0.00881195
internal_weight=202639 1307 201332 11325 6125 3867 3071 5200 190007 5277 2258 2345 4548 2149
internal_count=202639 1307 201332 11325 6125 3867 3071 5200 190007 5277 2258 2345 4548 2149
is_linear=0
shrinkage=0.05


Tree=283
num_leaves=15
num_cat=0
split_feature=51 49 28 57 19 9 15 52 16 41 9 16 33 52
split_gain=16.3802 24.6576 22.5739 21.3667 29.8133 24.043 26.1625 21.9797 25.6721 20.8424 21.1713 23.0878 27.7522 20.4788
threshold=0.78656607866287243 -12.499999999999998 63.500000000000007 62.883333206176765 60.899999618530281 73.000000000000014 89.299999237060561 0.95752912759780895 64.15000152587892 34.500000000000007 163.6499938964844 68.349998474121108 0.55000001192092907 0.9970000982284547
decision_type=2 10 2 2 2 2 2 2 2 2 2 2 2 2
left_child=1 2 13 4 5 6 -3 8 -5 10 11 -10 -13 -1
right_child=-2 3 -4 7 -6 -7 -8 -9 9 -11 -12 12 -14 -15
leaf_value=5.0939364722074612e-05 0.00051449650041716141 -4.32993361119179e-05 -0.00092340907237302644 0.0015321528624449078 -0.00058987947084997443 0.0034897436278379652 0.0036731155973040702 -0.0055931920352840078 -0.0049002620835193111 0.001298946879706403 -0.0034005112954757139 0.0011761498164600884 -0.0053145872682879838 -0.0038095845899023422
leaf_weight=43067 42141 13072 32360 18317 35317 2994 1426 470 754 4078 1793 4343 492 1596
leaf_count=43067 42141 13072 32360 18317 35317 2994 1426 470 754 4078 1793 4343 492 1596
internal_value=2.39826e-05 -0.000206916 -0.000851259 0.000390653 -0.000216305 0.00147126 0.00062724 0.00145008 0.00162067 -0.000235397 -0.00181953 -0.000299161 0.000975232 -0.000122557
internal_weight=202220 160079 77023 83056 52809 17492 14498 30247 29777 11460 7382 5589 4835 44663
internal_count=202220 160079 77023 83056 52809 17492 14498 30247 29777 11460 7382 5589 4835 44663
is_linear=0
shrinkage=0.05


Tree=284
num_leaves=15
num_cat=0
split_feature=47 50 42 52 47 55 55 52 52 11 22 47 56 40
split_gain=16.7094 44.0077 48.1555 27.289 30.2723 30.225 30.9609 60.4411 30.9361 25.5752 27.3865 27.7673 24.9352 24.9296
threshold=3.9468418359756474 -0.7865660786628722 3.2500000000000004 -0.42957681417465204 1.8763333559036257 1.0000000180025095e-35 3.5000000000000004 -0.54220184683799733 -0.96689236164093006 228.1166687011719 1585.5000000000002 9.7605895996093768 28.750000000000004 976.25000000000011
decision_type=2 2 2 2 2 2 2 2 2 2 2 2 2 2
left_child=1 2 -1 4 -3 8 -7 12 -6 10 -2 -12 -8 -14
right_child=9 3 -4 -5 5 6 7 -9 -10 -11 11 -13 13 -15
leaf_value=-0.0037947487338972742 0.00010435006719857615 -0.0092659870743187489 0.00060526737130098545 0.0017050846956460767 0.0051230589431444443 0.0022533231735026664 -0.0091250142669108691 -0.0065361873457065152 -0.004891432061227538 0.0092908820498199211 -0.00052626434190829218 -0.0042452271760048512 -0.0049289450034573218 0.0021201193177290724
leaf_weight=2099 136381 190 2628 10319 164 3281 203 569 1137 211 40449 2182 222 2294
leaf_count=2099 136381 190 2628 10319 164 3281 203 569 1137 211 40449 2182 222 2294
internal_value=1.96452e-05 0.00128482 -0.00301351 0.00239138 0.000210657 0.00069797 0.00207858 -0.0013493 -0.0062357 -0.000143528 -0.000164505 -0.00127049 0.00176805 0.00314727
internal_weight=202329 23106 4727 18379 8060 7870 6569 3288 1301 179223 179012 42631 2719 2516
internal_count=202329 23106 4727 18379 8060 7870 6569 3288 1301 179223 179012 42631 2719 2516
is_linear=0
shrinkage=0.05


Tree=285
num_leaves=15
num_cat=0
split_feature=21 24 9 49 47 26 52 16 16 52 52 51 52 53
split_gain=15.6377 32.0249 20.4175 19.789 23.7593 35.9638 43.2978 39.7205 43.5341 34.335 30.3696 27.4946 28.2657 27.6847
threshold=1.0000000180025095e-35 13.500000000000002 57.100000381469734 5.0537879467010507 4.3564658164978036 0.90052500367164623 -0.96235975623130787 21.150000572204593 24.750000000000004 0.99552232027053844 0.98213580250740062 -0.37940952181816096 0.5986820161342622 -0.28519998490810389
decision_type=2 2 2 10 2 2 2 2 2 2 2 2 2 2
left_child=1 2 -1 -2 -5 7 -7 -6 -9 -10 11 -8 -13 -14
right_child=3 -3 -4 4 5 6 10 8 9 -11 -12 12 13 -15
leaf_value=-0.0040286504160093493 -0.00016663906042402866 -0.0063390983648989709 0.00043388083674723025 0.001360756684203511 0.002492109059112449 0.0076424465568536298 -0.0044793787197914131 -0.0023574809288637241 0.00050575195732397923 -0.0057398875406973358 0.0049560300412946111 0.00099006707746029932 0.023653335839441292 -0.0065031281371034618
leaf_weight=1240 116415 966 3907 12522 10461 621 5360 4334 40722 612 761 3273 105 1140
leaf_count=1240 116415 966 3907 12522 10461 621 5360 4334 40722 612 761 3273 105 1140
internal_value=3.44531e-05 -0.00245386 -0.000877448 0.000112053 0.000717896 0.000346073 -0.00223159 0.000863482 0.000226586 0.000726829 -0.00298385 -0.00372674 -0.000850265 -0.00723108
internal_weight=202439 6113 5147 196326 79911 67389 11260 56129 45668 41334 10639 9878 4518 1245
internal_count=202439 6113 5147 196326 79911 67389 11260 56129 45668 41334 10639 9878 4518 1245
is_linear=0
shrinkage=0.05


Tree=286
num_leaves=15
num_cat=0
split_feature=31 24 36 40 51 44 41 52 40 33 24 52 38 44
split_gain=16.2517 44.3396 29.6912 47.1333 46.2987 71.7585 44.2972 39.6816 36.0701 34.7349 34.3726 30.38 29.6301 28.7563
threshold=-0.85402169823646534 13.500000000000002 25.44999980926514 980.45001220703136 -0.37940952181816096 -2.136533141136169 28.500000000000004 0.19337368011474612 978.04998779296886 38.149999618530281 195.50000000000003 -0.93545487523078907 9.8499999046325701 -10.662211418151854
decision_type=2 2 2 2 2 2 2 2 2 2 2 2 2 2
left_child=2 13 8 4 5 6 -4 -8 -1 -6 -10 -5 -13 -2
right_child=1 -3 3 11 9 -7 7 -9 10 -11 -12 12 -14 -15
leaf_value=-0.006100478845394346 -0.0038223362727195817 -0.0010052713393484557 -0.00045438855246047739 2.9020830761608553e-05 0.00083041888336062323 0.00092826000111408547 -0.0053937238676990094 0.0028713052342368428 -3.7692301582236205e-05 0.008875593950341213 -0.0091517124812801262 -0.00036206434554044987 0.0037345926416607837 0.00028491158745871519
leaf_weight=1970 1723 40031 4238 4198 27422 7193 4716 597 37692 402 586 1878 8643 60676
leaf_count=1970 1723 40031 4238 4198 27422 7193 4716 597 37692 402 586 1878 8643 60676
internal_value=1.85667e-06 -0.000440258 0.000456829 0.00116827 0.0003578 -0.00171899 -0.00455758 -0.0075944 -0.000591187 0.00160775 -0.000250731 0.00362041 0.00505413 0.000392972
internal_weight=201965 102430 99535 59287 44568 16744 9551 5313 40248 27824 38278 14719 10521 62399
internal_count=201965 102430 99535 59287 44568 16744 9551 5313 40248 27824 38278 14719 10521 62399
is_linear=0
shrinkage=0.05


Tree=287
num_leaves=15
num_cat=0
split_feature=51 33 52 51 57 49 46 52 47 36 15 52 4 49
split_gain=17.3177 25.6295 39.1453 30.0244 29.3608 30.1113 29.0878 31.8912 27.3655 25.3245 35.2528 29.2996 24.8909 22.7663
threshold=0.12940952181816107 0.55000001192092907 0.9970000982284547 -0.6035533845424651 57.95000076293946 2077.5000000000005 0.25000000745058065 0.3903625756502152 7.8898718357086191 34.049999237060554 129.69999694824222 0.22700754553079608 58.149999618530281 -7.4999999999999991
decision_type=2 2 2 2 2 8 2 2 2 2 2 2 2 8
left_child=1 2 3 4 -1 6 7 8 -6 -3 11 -11 13 -2
right_child=12 9 -4 -5 5 -7 -8 -9 -10 10 -12 -13 -14 -15
leaf_value=3.4106401902112009e-05 0.00020351815275544973 -0.0014000317813690655 -0.0040468286444171851 -0.00049562218682771696 0.0021972584742348811 -0.0012442098594962843 -0.00047016494678305822 0.0063118552931570125 -0.0025659278316931739 0.0023527693261115677 -0.008262277464652459 -0.0022218712797815727 -0.00020048915592748366 0.0017095709625865722
leaf_weight=26657 29768 24028 1743 36837 8322 1747 3109 2217 818 3065 314 882 43308 19850
leaf_count=26657 29768 24028 1743 36837 8322 1747 3109 2217 818 3065 314 882 43308 19850
internal_value=-7.27766e-06 -0.000432578 1.78001e-05 0.000180325 0.00107976 0.00275689 0.0035058 0.00467802 0.00336612 -0.00172886 0.00182042 0.00311473 0.000494964 0.00125937
internal_weight=202665 109739 81450 79707 42870 16213 14466 11357 9140 28289 4261 3947 92926 49618
internal_count=202665 109739 81450 79707 42870 16213 14466 11357 9140 28289 4261 3947 92926 49618
is_linear=0
shrinkage=0.05


Tree=288
num_leaves=15
num_cat=0
split_feature=17 6 31 34 23 54 47 15 55 53 16 12 15 16
split_gain=14.8834 21.9536 22.3365 21.7101 19.1792 19.8338 40.714 52.7882 49.1262 45.1819 52.4359 42.3568 52.1641 45.2037
threshold=-28.849999427795407 198.34999847412112 0.37033034861087805 -4.7499999999999991 0.044999999925494201 8.5000000000000018 6.4946656227111825 82.549999237060561 1.5000000000000002 -0.19337245076894757 39.850000381469734 49.894443511962898 102.29999923706056 50.549999237060554
decision_type=2 2 2 2 2 2 2 2 2 2 2 2 2 2
left_child=1 2 3 -1 -2 -6 -7 -8 -9 10 -10 -11 -13 -14
right_child=4 -3 -4 -5 5 6 7 8 9 11 -12 12 13 -15
leaf_value=-0.005912759675060073 0.064132171443868541 -0.0027412211956049336 1.5226275123765912e-05 0.0017522967946035036 9.551754957494164e-05 1.5979503663676731e-05 -0.0036172372940735235 0.0022148238542695508 -0.0059368293191218134 0.0056491830176860535 0.0052970468553351652 -0.0068514852779946057 0.0018596006062564507 -0.0034092576364731621
leaf_weight=345 199 1162 14448 11554 117730 36601 6710 3702 554 277 1111 2438 2005 3459
leaf_count=345 199 1162 14448 11554 117730 36601 6710 3702 554 277 1111 2438 2005 3459
internal_value=-1.51998e-05 0.00106563 0.00136302 0.00296624 -0.000185359 -0.000203469 -0.000970246 -0.00276818 -0.00097005 -0.00281612 0.00467164 -0.00434424 -0.00502401 -0.00230179
internal_weight=202295 27509 26347 11899 174786 174587 56857 20256 13546 9844 1665 8179 7902 5464
internal_count=202295 27509 26347 11899 174786 174587 56857 20256 13546 9844 1665 8179 7902 5464
is_linear=0
shrinkage=0.05


Tree=289
num_leaves=15
num_cat=0
split_feature=0 14 14 29 30 55 31 16 29 36 46 16 38 33
split_gain=16.681 25.0982 24.4011 19.5263 22.7392 22.6782 23.1307 22.3323 22.0289 23.1125 23.5661 21.4095 20.0858 31.0186
threshold=174.85000610351565 29.723573684692386 46.867082595825202 4.6499998569488534 32.500000000000007 5.5000000000000009 -1.4333930015563963 33.250000000000007 8.5500001907348651 22.849999427795414 5.8500001430511483 27.550000190734867 25.050000190734867 15.650000095367433
decision_type=2 2 2 2 8 2 2 2 2 2 2 2 2 2
left_child=2 -2 3 -1 5 7 -7 11 9 -9 -11 -5 13 -6
right_child=1 -3 -4 4 12 6 -8 8 -10 10 -12 -13 -14 -15
leaf_value=-0.00048521458874287718 0.0028628763365582317 -0.0011884191216276819 0.0016049394558975223 0.0023558973938509423 1.7258824809464336e-05 0.0020339550560404241 -0.0051045075943185114 0.00043144235883137914 0.0062862831565918672 0.0043966543865326087 -0.010460518169623812 -0.0035032417507377526 0.00085480932851534632 -0.003251214375890574
leaf_weight=51819 672 9345 6233 1253 104173 592 500 2384 1110 1438 90 937 18061 3620
leaf_count=51819 672 9345 6233 1253 104173 592 500 2384 1110 1438 90 937 18061 3620
internal_value=-1.89135e-05 -0.00200708 8.47987e-05 -1.84153e-05 0.000299997 0.00283257 -0.00385662 0.00384935 0.00568362 0.00390107 0.0086801 -0.000363636 0.000132683 -0.000125924
internal_weight=202227 10017 192210 185977 134158 8304 1092 7212 5022 3912 1528 2190 125854 107793
internal_count=202227 10017 192210 185977 134158 8304 1092 7212 5022 3912 1528 2190 125854 107793
is_linear=0
shrinkage=0.05


Tree=290
num_leaves=15
num_cat=0
split_feature=52 47 52 16 40 46 15 33 56 52 52 23 33 47
split_gain=18.166 55.4331 36.3844 47.1521 36.0657 38.8243 48.0028 35.824 29.6949 32.1613 28.8431 80.3878 79.4647 47.8724
threshold=-0.99763298034667958 7.3688194751739511 -0.97876849770545948 53.95000076293946 978.45001220703136 4.8500001430511483 86.950000762939467 1.0500000119209292 84.65000152587892 -0.99866804480552662 -0.96689236164093006 0.37500000000000006 13.050000190734865 8.6640510559082049
decision_type=2 2 2 2 2 2 2 2 2 2 2 2 2 2
left_child=1 8 3 4 -2 7 -7 -6 9 -1 11 -4 13 -13
right_child=2 -3 10 -5 5 6 -8 -9 -10 -11 -12 12 -14 -15
leaf_value=0.00023135518529377453 -0.0091973688021014278 -0.004153706342299039 -0.0026850327068996902 -0.012618894574600026 0.001192762377059753 -0.0014204162875817022 -0.016053714226463494 -0.0044844843124191023 0.0082049791483806613 0.006870183516150952 2.4913926118222408e-05 0.010745260166680292 -0.020311530886622794 -0.004668154263477514
leaf_weight=1989 645 907 1086 909 5359 1399 540 800 582 815 184685 2010 266 295
leaf_count=1989 645 907 1086 909 5359 1399 540 800 582 815 184685 2010 266 295
internal_value=4.53541e-05 0.00325935 -2.44945e-05 -0.00301697 -0.00188221 -0.00096818 -0.00711904 0.000976657 0.00619847 0.0040334 0.000129014 0.00452004 0.00932778 0.0123218
internal_weight=202287 4293 197994 9652 8743 8098 1939 6159 3386 2804 188342 3657 2571 2305
internal_count=202287 4293 197994 9652 8743 8098 1939 6159 3386 2804 188342 3657 2571 2305
is_linear=0
shrinkage=0.05


Tree=291
num_leaves=15
num_cat=0
split_feature=9 52 44 29 44 36 33 48 49 31 14 15 54 55
split_gain=17.2415 25.3869 21.7976 21.5432 27.3367 32.099 24.3209 24.2358 29.1178 21.1983 20.761 21.3805 50.1849 34.0231
threshold=22.349999427795414 0.3744682669639588 -5.7982335090637198 5.7500000000000009 -9.7065343856811506 30.550000190734867 38.149999618530281 9.8499999046325701 -7.4999999999999991 -2.4704403877258296 2.5345773696899419 100.90000152587892 10.500000000000002 1.5000000000000002
decision_type=2 2 2 2 2 2 2 2 8 2 2 2 2 2
left_child=1 -1 -3 7 5 -5 10 8 -2 -9 -6 12 -12 -14
right_child=3 2 -4 4 6 -7 -8 9 -10 -11 11 -13 13 -15
leaf_value=-0.0025230541612270355 -0.00079830990796690585 0.0036927295736304331 -0.00097324752548952906 -0.0021831945307423358 0.0099343715857613708 0.002405135590707215 0.0068964355154550183 0.00039116288588996741 0.00021349042447612877 -0.004544547683416395 0.00027725454934205053 0.0010002352494367568 0.0013574509224742078 -0.0046638509472597843
leaf_weight=4383 31116 1790 6519 6903 616 1690 593 1253 48955 2421 61446 31774 859 2461
leaf_count=4383 31116 1790 6519 6903 616 1690 593 1253 48955 2421 61446 31774 859 2461
internal_value=-1.93551e-05 -0.00180287 -0.000177305 9.98175e-05 0.000572157 -0.00213007 0.0008099 -0.00049997 -0.000317491 -0.00446526 0.00074769 0.000688762 0.0001675 -0.00581081
internal_weight=202779 12692 8309 190087 106342 8593 97749 83745 80071 3674 97156 96540 64766 3320
internal_count=202779 12692 8309 190087 106342 8593 97749 83745 80071 3674 97156 96540 64766 3320
is_linear=0
shrinkage=0.05


Tree=292
num_leaves=15
num_cat=0
split_feature=8 8 53 54 12 11 13 57 31 55 4 0 32 37
split_gain=17.2352 20.0878 29.7248 50.5437 37.944 53.5985 50.772 32.8345 28.5617 28.5138 31.4045 26.7833 27.6782 24.3499
threshold=31.849999427795414 57.549999237060554 -0.94703993201255787 6.5000000000000009 54.784721374511726 42.235416412353523 80.500595092773452 97.950000762939467 -11.878489494323729 1.0000000180025095e-35 70.65000152587892 70.40000152587892 -0.54727211594581593 16.500000000000004
decision_type=2 2 2 2 2 2 2 2 2 2 2 2 2 2
left_child=-1 11 3 9 5 -5 7 -6 -4 -3 -11 12 -2 -10
right_child=1 2 8 4 6 -7 -8 -9 13 10 -12 -13 -14 -15
leaf_value=0.00058217326323118941 -0.00090951988560025602 -0.0063557105731860686 0.0027313847130767872 0.0065023427560704783 0.0074603559563733218 -0.0069106441172952565 -0.0044069183658514829 -0.005137840185137541 -0.0058709918323407969 0.0014853349289957241 -0.0047849793349110988 -0.0016206738607519755 0.00035757539637615006 -5.571122022344222e-05
leaf_weight=35105 29216 361 2238 619 2493 666 213 124 566 2041 534 13289 29666 85502
leaf_count=35105 29216 361 2238 619 2493 666 213 124 566 2041 534 13289 29666 85502
internal_value=-4.10821e-05 -0.000252182 0.000224134 0.00334584 0.00691515 -0.000212355 0.0101408 0.0120575 -2.54767e-05 -0.00166327 0.000203095 -0.000881465 -0.000423657 -0.000170775
internal_weight=202633 167528 95357 7051 4115 1285 2830 2617 88306 2936 2575 72171 58882 86068
internal_count=202633 167528 95357 7051 4115 1285 2830 2617 88306 2936 2575 72171 58882 86068
is_linear=0
shrinkage=0.05


Tree=293
num_leaves=15
num_cat=0
split_feature=0 15 52 13 13 38 55 15 52 47 41 55 57 54
split_gain=15.4084 33.893 54.1342 30.9719 23.2582 35.0607 31.7103 30.079 24.779 40.2109 33.0533 31.3767 41.0944 56.3904
threshold=85.549999237060561 149.25000000000003 -0.7386675477027892 51.698215484619148 84.409820556640639 15.949999809265138 5.5000000000000009 192.09999847412112 -0.87812310457229603 8.625556945800783 2.5000000000000004 4.5000000000000009 196.05000305175784 11.500000000000002
decision_type=2 2 2 2 2 2 2 2 2 2 2 2 2 2
left_child=1 -1 -3 -4 7 8 -7 -2 9 -6 11 12 -10 -14
right_child=4 2 3 -5 5 6 -8 -9 10 -11 -12 -13 13 -15
leaf_value=0.00010126609542655264 -0.0015000860401400585 0.0067846912309972229 0.011312482855110315 0.00045043310907646463 0.0052945239592279755 0.0035191219620087375 -0.0060065534540766977 0.0026886072328592249 -0.00097946956593327481 -0.0080942818572086617 0.00033336018989975347 -0.0036490234116593415 -0.00094036686584510914 0.0079345924502170709
leaf_weight=142682 17639 1251 228 5543 720 2238 345 795 8377 186 16914 3865 706 567
leaf_count=142682 17639 1251 228 5543 720 2238 345 795 8377 186 16914 3865 706 567
internal_value=7.17587e-05 0.000329962 0.00371871 0.00166494 -0.000666514 0.000110528 0.00569803 -0.00209553 -0.000351731 0.00775109 -0.000595453 -0.00243808 -0.000910973 0.00742401
internal_weight=202056 149704 7022 5771 52352 33918 2583 18434 31335 906 30429 13515 9650 1273
internal_count=202056 149704 7022 5771 52352 33918 2583 18434 31335 906 30429 13515 9650 1273
is_linear=0
shrinkage=0.05


Tree=294
num_leaves=15
num_cat=0
split_feature=18 23 23 30 19 33 46 29 13 22 16 12 32 33
split_gain=16.7925 36.4509 23.6404 22.2272 21.4637 23.7429 31.8134 30.681 21.8537 23.8865 23.6245 26.3681 23.5524 21.5128
threshold=-14.849999904632567 0.044999999925494201 0.085000000894069686 32.500000000000007 47.750000000000007 9.3499999046325701 1.1500000357627871 4.3500001430511483 55.068153381347663 383.50000000000006 69.049999237060561 53.026390075683601 4.5490550994873056 7.5499999523162851
decision_type=2 2 2 8 2 2 2 2 2 2 2 2 2 2
left_child=2 -2 -1 -4 -5 8 7 -7 10 -10 11 -6 13 -13
right_child=1 -3 3 4 5 6 -8 -9 9 -11 -12 12 -14 -15
leaf_value=-0.038972455104830897 0.063631892027123188 -0.00014091256934530491 0.0020364136546300454 0.0016909273892984856 9.7193102347653901e-05 0.0026426200143893383 8.852605716752199e-05 -0.012787799783176027 0.0052496066346257699 0.00038419034173845721 0.01526939805137765 -0.0059318242977104002 0.00073884815685827665 0.0049182494190719251
leaf_weight=152 174 156644 5140 8769 3946 185 1188 699 723 21875 109 2151 662 168
leaf_count=152 174 156644 5140 8769 3946 185 1188 699 723 21875 109 2151 662 168
internal_value=1.54249e-05 -0.000230507 0.000857964 0.000925479 0.000531678 -7.40951e-05 -0.00523535 -0.0123602 0.000288423 0.00104609 -0.00214306 -0.0025191 -0.00605985 -0.00842636
internal_weight=202585 156818 45767 45615 40475 31706 2072 884 29634 22598 7036 6927 2981 2319
internal_count=202585 156818 45767 45615 40475 31706 2072 884 29634 22598 7036 6927 2981 2319
is_linear=0
shrinkage=0.05


Tree=295
num_leaves=15
num_cat=0
split_feature=34 45 56 23 0 17 33 42 52 47 33 38 55 0
split_gain=17.8287 16.2682 15.3633 30.0016 21.8524 24.533 22.9756 21.0711 20.8952 28.151 25.0764 22.6612 22.4562 19.9216
threshold=3.1499999761581425 5.0525195598602304 26.44999980926514 0.044999999925494201 37.549999237060554 9.7500000000000018 10.050000190734865 9.3499999046325701 0.99761915206909191 8.3134236335754412 1.8499999642372134 13.750000000000002 2.5000000000000004 180.90000152587893
decision_type=2 2 2 2 2 2 2 2 2 2 2 2 2 2
left_child=2 -2 3 -1 8 6 13 -7 -4 10 12 -11 -10 -6
right_child=1 -3 4 -5 5 7 -8 -9 9 11 -12 -13 -14 -15
leaf_value=0.057563726042596443 -0.0017607481180595701 0.0016954614389813856 0.0010407350506918434 -0.00085886806005351928 -8.8675990029771231e-05 0.0006586941006255149 -0.0028926509398116643 -0.00075509414191174276 0.0043605089200820348 -0.010978912805158128 0.010182390995429605 -0.0021373875258825924 -0.0092879457314643237 -0.002117559949729115
leaf_weight=176 7234 1045 33239 19831 78701 44473 4096 9290 147 352 233 460 198 2787
leaf_count=176 7234 1045 33239 19831 78701 44473 4096 9290 147 352 233 460 198 2787
internal_value=4.20226e-05 -0.00222886 0.000139051 -0.00117275 0.000289966 1.05843e-05 -0.000515223 0.000847544 0.00141387 -0.00457143 0.00382653 -0.0105231 -0.00471831 -0.000331296
internal_weight=202262 8279 193983 20007 173976 139347 85584 53763 34629 1390 578 812 345 81488
internal_count=202262 8279 193983 20007 173976 139347 85584 53763 34629 1390 578 812 345 81488
is_linear=0
shrinkage=0.05


Tree=296
num_leaves=15
num_cat=0
split_feature=19 55 41 13 52 52 47 53 53 13 52 36 37 52
split_gain=14.979 26.0647 58.7569 40.5799 31.5528 30.0861 27.5633 35.971 45.1197 26.2159 25.5534 25.3034 35.4745 34.9545
threshold=128.75000000000003 4.5000000000000009 26.500000000000004 154.61845397949222 0.81925055384635936 -0.022576250135898587 5.8835270404815683 0.92843842506408703 0.8891749680042268 156.42768096923831 0.98932364583015453 10.250000000000002 89.500000000000014 -0.0053757284767925731
decision_type=2 2 2 2 2 2 2 2 2 2 2 2 2 2
left_child=11 10 3 6 5 -4 -3 8 -8 -7 -2 12 -1 -14
right_child=1 2 4 -5 -6 9 7 -9 -10 -11 -12 -13 13 -15
leaf_value=9.5896447604967852e-05 4.1949174937872674e-05 -8.9989382559215597e-05 -0.00094679124303624564 -0.0077168830448357158 -0.009456126942874685 0.0040127900660236878 -0.0034319024716822524 -0.011348760784836324 0.0092753335436235873 -0.00090689938078934587 -0.0085107735105213363 4.9958974120856148e-05 -0.00017411252418762237 0.005968147718107975
leaf_weight=3233 37480 3229 2510 1109 400 2483 4244 478 157 933 382 143527 784 1515
leaf_count=3233 37480 3229 2510 1109 400 2483 4244 478 157 933 382 143527 784 1515
internal_value=-4.4944e-05 -0.000763362 -0.00248666 -0.00503143 0.00122317 0.00214791 -0.00379404 -0.00616179 -0.00472115 0.00519556 -5.54499e-05 0.000212485 0.00352761 0.00826115
internal_weight=202464 53405 15543 9217 6326 5926 8108 4879 4401 3416 37862 149059 5532 2299
internal_count=202464 53405 15543 9217 6326 5926 8108 4879 4401 3416 37862 149059 5532 2299
is_linear=0
shrinkage=0.05


Tree=297
num_leaves=15
num_cat=0
split_feature=52 55 56 12 52 13 37 37 13 52 12 16 47 56
split_gain=16.0542 55.4839 50.8028 36.2407 34.19 41.7139 38.3912 35.6283 32.1921 28.4997 58.2838 111.743 27.6963 27.3791
threshold=-0.99763298034667958 3.5000000000000004 83.250000000000014 37.685417175292976 -0.97876849770545948 79.000595092773452 40.500000000000007 49.500000000000007 47.003570556640632 -0.96689236164093006 53.195833206176765 40.250000000000007 9.4073624610900897 36.049999237060554
decision_type=2 2 2 2 2 2 2 2 2 2 2 2 2 2
left_child=1 8 3 -3 5 7 -7 -2 13 10 12 -12 -6 -1
right_child=4 2 -4 -5 9 6 -8 -9 -10 -11 11 -13 -14 -15
leaf_value=0.0057236621885293311 -0.0045545908010260509 0.0057585087624922194 0.0042158777413969081 -0.007131577171637999 0.0071714546938344836 0.0052978099600954178 -0.012680054807999976 -0.0001582997374259737 0.0077961311143709168 3.1176285043266193e-05 -0.0067761766937568793 0.0056306767997718566 -0.017595020007770384 -0.0013715930322963589
leaf_weight=348 1197 145 326 1256 1997 97 1148 7213 1340 184791 860 712 59 851
leaf_count=348 1197 145 326 1256 1997 97 1148 7213 1340 184791 860 712 59 851
internal_value=5.58438e-05 0.003087 -0.00381405 -0.00795535 -9.59189e-06 -0.00290998 -0.0114143 -0.00163895 0.00777756 0.000139177 0.00452172 -0.00271808 0.0100436 0.00179901
internal_weight=202340 4266 1727 1401 198074 9655 1245 8410 2539 188419 3628 1572 2056 1199
internal_count=202340 4266 1727 1401 198074 9655 1245 8410 2539 188419 3628 1572 2056 1199
is_linear=0
shrinkage=0.05


Tree=298
num_leaves=15
num_cat=0
split_feature=29 38 40 26 37 47 37 36 53 53 15 55 15 13
split_gain=17.806 17.0328 25.8434 31.6578 65.6126 39.3669 35.4354 35.1869 46.6148 45.2498 32.0091 49.6646 47.7883 47.4109
threshold=21.650000572204593 26.050000190734867 979.75000000000011 0.72713336348533641 84.500000000000014 5.5752775669097909 92.500000000000014 32.250000000000007 0.94066718220710765 0.97062206268310558 100.90000152587892 5.5000000000000009 62.750000000000007 33.926784515380866
decision_type=2 2 2 2 2 2 2 2 2 2 2 2 2 2
left_child=1 2 -1 5 -5 7 10 8 -4 -10 12 -12 13 -7
right_child=-2 -3 3 4 -6 6 -8 -9 9 -11 11 -13 -14 -15
leaf_value=-0.0005214556727243969 0.0031987241330253009 0.00094326683122274439 0.0033184642742826137 -0.0010807088153093655 0.0013225147680816882 -0.0016835028846561831 -0.0018532677201620843 -0.0028518852686341949 -0.0034000738847319318 0.00082930114004933504 0.0017337788038856536 -0.0018532955301774506 -0.0012034886598218221 0.0018966374703498158
leaf_weight=60891 1362 11341 9549 33696 11144 4994 5537 1110 1184 4940 20222 3240 20527 12752
leaf_count=60891 1362 11341 9549 33696 11144 4994 5537 1110 1184 4940 20222 3240 20527 12752
internal_value=4.4815e-05 6.09038e-06 -0.00010643 0.000294597 -0.000778149 0.000866889 0.000326239 0.00303251 0.00364248 0.000236387 0.000670095 0.00212381 -0.000221378 0.00167831
internal_weight=202489 201127 189786 128895 44840 84055 67272 16783 15673 6124 61735 23462 38273 17746
internal_count=202489 201127 189786 128895 44840 84055 67272 16783 15673 6124 61735 23462 38273 17746
is_linear=0
shrinkage=0.05


Tree=299
num_leaves=15
num_cat=0
split_feature=30 0 35 12 52 52 52 53 53 6 25 54 31 36
split_gain=14.6997 27.8915 28.6434 32.3158 26.2222 33.814 29.0077 24.9525 30.5659 23.1681 22.1016 23.477 27.9565 26.6401
threshold=72.500000000000014 62.050001144409187 28.500000000000004 74.649307250976577 -0.97876849770545948 -0.99275806546211232 -0.95244166254997242 -0.99983122944831837 -0.99864786863327015 241.65000152587893 35.350000381469734 1.5000000000000002 -5.8056318759918204 22.750000000000004
decision_type=8 2 2 2 2 2 2 2 2 2 2 2 2 2
left_child=10 2 -2 -4 5 -3 -6 -8 -9 -10 11 -1 13 -13
right_child=1 4 3 -5 6 -7 7 8 9 -11 -12 12 -14 -15
leaf_value=0.0021687537484411136 -0.00096125970646931199 -0.00011662349395018674 0.00011747105477884031 0.0021776163221145866 0.0038963079444648639 -0.0086204946854951583 0.017293489099175222 -0.0078427113034118777 -0.00056156599175487818 -0.0079307422682024474 -0.00071201711266936094 0.00021081571579226432 0.0002075224390955921 0.0036771498737698614
leaf_weight=4002 16790 1060 76333 8021 947 1131 224 676 35473 411 10872 2010 42131 2395
leaf_count=4002 16790 1060 76333 8021 947 1131 224 676 35473 411 10872 2010 42131 2395
internal_value=-7.40792e-06 -0.000288497 0.000153232 0.000528662 -0.00140739 -0.00671286 -0.00109761 -0.00132087 -0.00142467 -0.00122444 0.000638229 0.00107818 0.000761612 0.004547
internal_weight=202476 141066 101144 84354 39922 2191 37731 36784 36560 35884 61410 50538 46536 4405
internal_count=202476 141066 101144 84354 39922 2191 37731 36784 36560 35884 61410 50538 46536 4405
is_linear=0
shrinkage=0.05


Tree=300
num_leaves=15
num_cat=0
split_feature=18 46 28 53 11 50 30 24 29 55 27 9 13 9
split_gain=16.1783 18.4039 25.8571 16.9342 20.5306 19.6145 16.2097 24.8139 23.9767 23.8245 19.5341 26.278 22.1776 26.3512
threshold=77.599998474121108 3.4500000476837163 69.500000000000014 0.99981042742729198 116.15833282470705 0.37940952181816107 47.500000000000007 1.0000000180025095e-35 8.5500001907348651 5.5000000000000009 6.1499998569488534 166.44999694824222 133.27589416503909 233.05000305175784
decision_type=2 2 2 2 2 2 8 2 2 2 2 2 2 2
left_child=3 2 -2 6 -5 -6 7 9 10 -1 -9 -12 13 -13
right_child=1 -3 -4 4 5 -7 -8 8 -10 -11 11 12 -14 -15
leaf_value=0.0044486292259870459 0.0044191189951958533 -0.01309869511256272 -0.0021821395976080018 0.0075302946425982288 0.0025563671376652012 -0.00375995431180928 -0.00013545477279820888 0.0033010684323028549 0.0024239551097276187 -0.0028422231228071417 0.00027339279725402675 -0.0063265921643522356 -0.0003313310024650976 0.0062493370287387108
leaf_weight=1819 485 375 2336 442 375 244 159980 676 3203 370 28474 1099 2062 215
leaf_count=1819 485 375 2336 442 375 244 159980 676 3203 370 28474 1099 2062 215
internal_value=-4.78569e-05 -0.00357143 -0.00216355 8.92099e-06 0.00627918 0.000357711 -2.50116e-05 0.000904345 0.000586894 0.00605957 0.000179801 0 -0.00416421 -0.0092145
internal_weight=202155 3196 2821 198959 1061 619 197898 37918 35729 2189 32526 31850 3376 1314
internal_count=202155 3196 2821 198959 1061 619 197898 37918 35729 2189 32526 31850 3376 1314
is_linear=0
shrinkage=0.05


Tree=301
num_leaves=15
num_cat=0
split_feature=52 47 55 52 13 46 40 13 52 11 52 33 33 15
split_gain=14.4166 54.6039 49.4522 30.7614 36.6918 45.2312 33.8679 33.1625 28.5845 29.8812 25.9361 45.0138 29.2963 30.4491
threshold=-0.99763298034667958 7.396609067916871 5.5000000000000009 -0.97876849770545948 78.009819030761733 0.15000000223517421 978.54998779296886 70.11875152587892 -0.98523971438407887 69.264583587646499 -0.96689236164093006 16.050000190734867 0.45000000298023229 118.15000152587892
decision_type=2 2 2 2 2 2 2 2 2 2 2 2 2 2
left_child=1 2 -1 4 6 -6 -2 8 -8 -10 11 12 13 -5
right_child=3 -3 -4 10 5 -7 7 -9 9 -11 -12 -13 -14 -15
leaf_value=0.0046047631718588947 -0.0075481386833072183 -0.0045138482126071524 -0.0091632565666340867 0.0002878223828191681 -0.0020880532910126618 -0.026481900387186254 0.00025335289147284496 0.0045336441562002557 -0.0011864138445146334 -0.011431306897854482 1.7092022914239752e-05 -0.024639234530431525 0.015417408002710032 0.0088662615938583638
leaf_weight=3031 694 869 376 2240 794 589 4959 670 1334 639 184639 204 765 429
leaf_count=3031 694 869 376 2240 794 589 4959 670 1334 639 184639 204 765 429
internal_value=3.58481e-05 0.00290481 0.00575797 -2.62671e-05 -0.00277376 -0.0102836 -0.00151096 -0.000538623 -0.00157015 -0.00664397 0.000115117 0.00429002 0.00566202 0.00316349
internal_weight=202232 4276 3407 197956 9679 1383 8296 7602 6932 1973 188277 3638 3434 2669
internal_count=202232 4276 3407 197956 9679 1383 8296 7602 6932 1973 188277 3638 3434 2669
is_linear=0
shrinkage=0.05


Tree=302
num_leaves=15
num_cat=0
split_feature=57 24 4 38 47 16 46 7 41 27 41 46 13 14
split_gain=15.2377 36.366 22.6427 27.3939 24.6522 21.7618 20.5683 24.0027 19.9302 19.7485 20.5924 27.7968 18.4788 18.1403
threshold=191.76666259765628 6.5000000000000009 134.35000610351565 8.5500001907348651 5.4560487270355233 133.15000152587893 0.25000000745058065 56.95000076293946 26.500000000000004 21.150000572204593 58.500000000000007 1.5500000119209292 137.45892333984378 32.793992996215827
decision_type=2 2 2 2 2 2 2 2 2 2 2 2 2 2
left_child=2 12 -1 4 -4 6 7 -5 -6 10 11 -8 -2 -9
right_child=1 -3 3 5 8 -7 9 13 -10 -11 -12 -13 -14 -15
leaf_value=2.6730132029605104e-05 0.0046702182737180884 -0.0021039104121495025 -0.00085642220743328422 0.0030924281309612392 -0.007839114832762617 0.0037234176535836661 -0.012252944652373966 0.0014849408724996434 -0.000843658669577941 -0.0088325403073838352 0.0043255787085752029 0.0010282349547825116 0.0011415615426899216 -0.00098695690780911303
leaf_weight=179190 631 1443 3991 1571 1257 455 504 1965 624 571 462 516 3738 5820
leaf_count=179190 631 1443 3991 1571 1257 455 504 1965 624 571 462 516 3738 5820
internal_value=-4.7596e-05 0.00247338 -0.000122121 -0.00182576 -0.00461578 -0.000442142 -0.000873544 0.000122785 -0.00932047 -0.00539263 -0.00231233 -0.00626214 0.00474423 -0.00101668
internal_weight=202738 5812 196926 17736 5872 11864 11409 9356 1881 2053 1482 1020 4369 7785
internal_count=202738 5812 196926 17736 5872 11864 11409 9356 1881 2053 1482 1020 4369 7785
is_linear=0
shrinkage=0.05


Tree=303
num_leaves=15
num_cat=0
split_feature=49 47 26 41 26 37 16 16 52 46 19 37 16 12
split_gain=17.1091 24.3274 29.8335 24.7877 23.743 32.1152 22.9264 42.7417 33.8221 27.1294 22.6742 22.459 23.7535 24.6774
threshold=5.0537879467010507 4.2486445903778085 0.9562889337539674 67.500000000000014 0.70009732246398937 84.500000000000014 21.150000572204593 24.750000000000004 0.98932364583015453 0.15000000223517421 145.55000305175784 85.500000000000014 74.599998474121108 142.11110687255862
decision_type=10 2 2 2 2 2 2 2 2 2 2 2 2 2
left_child=4 3 6 -2 -1 -6 -3 9 -9 -8 -7 12 -4 -14
right_child=1 2 11 -5 5 10 7 8 -10 -11 -12 -13 13 -15
leaf_value=2.4973626854594978e-05 0.00070390122638950507 0.0017603120936583059 -0.0017461777411953566 0.0029310550856539832 -0.0015315834045047051 0.00093461439518711118 -0.0040330869359746892 0.00042607587375254611 -0.0044178107507110908 -8.6428060684775462e-05 -0.0014538517558129939 0.0021100705422666039 0.0072461282997758674 -0.0095013650912956667
leaf_weight=87551 9928 12112 5721 2815 19000 9116 2675 45329 1090 2154 2344 1719 121 905
leaf_count=87551 9928 12112 5721 2815 19000 9116 2675 45329 1090 2154 2344 1719 121 905
internal_value=1.08594e-05 0.000553624 0.00019628 0.00256606 -0.000378111 -0.00158024 0.000568881 0.000106325 0.000572379 -0.00436557 0.000510026 -0.00258966 -0.00388856 -0.0108591
internal_weight=202580 84569 71826 12743 118011 30460 63360 51248 46419 4829 11460 8466 6747 1026
internal_count=202580 84569 71826 12743 118011 30460 63360 51248 46419 4829 11460 8466 6747 1026
is_linear=0
shrinkage=0.05


Tree=304
num_leaves=15
num_cat=0
split_feature=29 27 15 36 38 26 47 16 11 52 13 49 13 0
split_gain=15.9877 14.0886 16.3419 17.1079 15.5115 20.2254 34.241 19.7537 18.4954 17.5248 17.6466 15.4792 28.8735 23.3763
threshold=24.250000000000004 38.250000000000007 119.89999771118165 26.849999427795414 16.94999980926514 0.54265931248664867 10.993142604827883 35.649999618530281 57.522916793823249 0.3744682669639588 31.419047355651859 -12.499999999999998 31.107142448425297 73.000000000000014
decision_type=2 2 2 2 2 2 2 2 2 2 2 8 2 2
left_child=1 11 4 -4 7 6 -6 9 -7 -3 -11 12 -1 -14
right_child=-2 2 3 -5 5 8 -8 -9 -10 10 -12 -13 13 -15
leaf_value=-0.0048586671571702661 0.0036498925278042049 -0.0028581358816296334 -0.0084892780215489131 0.010204130978726043 0.010798063838459108 0.0034128330552160042 -0.0049083812033430957 -0.0063716709449724079 -0.0066008030102146431 0.008386463623329966 4.1308578432643077e-05 0.00012830433884700456 -8.6781362622856403e-06 -0.0010622671346777717
leaf_weight=2131 577 602 56 307 977 282 259 261 245 707 1957 118236 58067 17966
leaf_count=2131 577 602 56 307 977 282 259 261 245 707 1957 118236 58067 17966
internal_value=-1.99862e-05 -4.39219e-05 0.0024148 0.0125335 0.00169811 0.00551325 0.00898876 -0.000219112 -0.00265363 0.000854701 0.0025991 -0.000114811 -0.000660706 -0.000499389
internal_weight=202630 202053 5653 363 5290 1763 1236 3527 527 3266 2664 196400 78164 76033
internal_count=202630 202053 5653 363 5290 1763 1236 3527 527 3266 2664 196400 78164 76033
is_linear=0
shrinkage=0.05


Tree=305
num_leaves=15
num_cat=0
split_feature=38 24 40 38 52 53 23 16 46 52 13 38 15 16
split_gain=18.4056 21.6647 16.4835 31.0027 39.6825 46.1254 46.1332 38.4966 49.4002 37.4008 40.6208 113.205 51.0159 43.7521
threshold=1.7500000000000002 6.5000000000000009 979.85000610351574 15.250000000000002 -0.92923668026924122 -0.27694045007228846 0.6850000023841859 14.449999809265138 1.0000000180025095e-35 -0.17647087574005124 102.5982131958008 9.2500000000000018 95.349998474121108 94.65000152587892
decision_type=2 2 2 2 2 2 2 2 2 2 2 2 2 2
left_child=1 -1 -2 7 5 6 -5 8 -4 10 12 13 -9 -12
right_child=2 -3 3 4 -6 -7 -8 9 -10 -11 11 -13 -14 -15
leaf_value=0.00120088503432223 -0.00027802840358124583 -0.0043045588320382282 -0.00076479145197677623 -0.0070592488956993035 0.0017484471889583739 0.00039590581372936362 0.00306026254784538 -0.0023730900889251632 -0.0063759294125059667 0.00046720249901795413 -0.006568272788543706 -0.00028001435450688981 0.00084650013042429086 0.014894876943458436
leaf_weight=881 72917 1558 5301 1420 21098 14677 372 4268 1889 57044 2342 6154 12591 85
leaf_count=881 72917 1558 5301 1420 21098 14677 372 4268 1889 57044 2342 6154 12591 85
internal_value=-9.74794e-06 -0.00431809 4.29639e-05 0.000386441 0.00159206 -0.000247284 -0.00779689 -0.00011875 -0.003625 0.000187286 -0.00140668 -0.00420498 1.92661e-05 -0.0133258
internal_weight=202597 2439 200158 127241 37567 16469 1792 89674 7190 82484 25440 8581 16859 2427
internal_count=202597 2439 200158 127241 37567 16469 1792 89674 7190 82484 25440 8581 16859 2427
is_linear=0
shrinkage=0.05


Tree=306
num_leaves=15
num_cat=0
split_feature=23 14 23 34 18 15 15 12 15 54 54 8 4 29
split_gain=16.3974 27.1712 24.0676 20.8605 16.4257 16.349 49.912 38.1698 29.7505 27.9622 25.5383 23.6433 20.3398 19.5923
threshold=0.14500000327825549 3.7337752580642705 0.074999999254941954 2.6499999761581425 -13.249999999999998 43.850000381469734 48.45000076293946 42.851388931274421 46.649999618530281 7.5000000000000009 5.5000000000000009 13.650000095367433 33.149999618530281 24.250000000000004
decision_type=2 2 2 2 2 2 2 2 2 2 2 2 2 2
left_child=1 -1 -3 4 -4 12 7 8 9 10 -7 -8 -2 -13
right_child=5 2 3 -5 -6 6 11 -9 -10 -11 -12 13 -14 -15
leaf_value=0.047742133752650712 -0.00032916324099886918 -0.035577733610165356 0.0055214314069565564 -0.010358015981546023 0.00077478855039027697 0.0019498828563825983 0.0030814531550869273 -0.0011703929111663597 0.0064088264330916626 -0.0026838613192295608 0.0085418301374550511 -0.00011271148515624719 -0.0024277068159362261 0.0044562455968740087
leaf_weight=315 12220 171 1062 174 2246 2296 1622 2015 1763 795 780 172707 3841 460
leaf_count=315 12220 171 1062 174 2246 2296 1622 2015 1763 795 780 172707 3841 460
internal_value=-3.61769e-05 0.00314228 0.00190418 0.00282073 0.00372212 -9.98695e-05 3.48044e-05 0.00398551 0.00609497 0.00362664 0.00578419 -0.000138302 -0.00162871 -0.000194743
internal_weight=202467 3968 3653 3482 3308 198499 182438 7649 5634 3871 3076 174789 16061 173167
internal_count=202467 3968 3653 3482 3308 198499 182438 7649 5634 3871 3076 174789 16061 173167
is_linear=0
shrinkage=0.05


Tree=307
num_leaves=15
num_cat=0
split_feature=53 40 23 50 51 50 50 44 42 52 43 24 15 13
split_gain=13.4053 20.3358 16.2343 15.8804 13.8051 98.6827 42.1146 57.3342 38.1996 34.1245 33.9844 33.6588 30.1719 29.9173
threshold=0.99981042742729198 987.14999389648449 0.48499999940395361 0.37940952181816107 0.12940952181816107 0.12940952181816109 0.12940952181816109 -3.1985763311386104 3.5499999523162846 0.9970000982284547 102.50000000000001 13.500000000000002 41.850000381469734 101.99374771118165
decision_type=2 2 2 2 2 2 2 2 2 2 8 2 2 2
left_child=4 -2 -3 -4 6 8 10 9 -6 -8 -1 13 -12 -9
right_child=1 2 3 -5 5 -7 7 11 -10 -11 12 -13 -14 -15
leaf_value=-0.0029203063002183277 -0.0039611104687649768 0.0075122649674543799 0.0026495916078226947 -0.0032367876254694133 -0.00051888995123189894 -0.0007482763425401065 -0.00064029661821202047 0.0028410106714332837 0.0014802466806873489 -0.0086026822532155583 -0.0028302730236202597 -3.5762687978979986e-05 -0.00029852415534411191 0.00022173433937486069
leaf_weight=5122 158 452 384 229 8280 41912 19810 12582 42082 439 3594 11368 50098 5864
leaf_count=5122 158 452 384 229 8280 41912 19810 12582 42082 439 3594 11368 50098 5864
internal_value=5.3858e-05 0.00525142 0.00774419 0.00236758 2.19973e-05 0.000471913 -0.000359317 0.000706469 0.00196339 -0.00134632 -0.00126649 0.00210066 -0.000894753 0.00341894
internal_weight=202374 1223 1065 613 201151 92274 108877 50063 50362 20249 58814 29814 53692 18446
internal_count=202374 1223 1065 613 201151 92274 108877 50063 50362 20249 58814 29814 53692 18446
is_linear=0
shrinkage=0.05


Tree=308
num_leaves=15
num_cat=0
split_feature=19 38 56 36 38 36 16 55 53 38 23 28 14 44
split_gain=16.5274 32.5923 19.0633 16.8243 19.0796 22.3036 19.2168 17.8988 33.9022 20.2646 16.177 15.369 23.4587 26.3503
threshold=11.650000095367433 5.6499998569488534 17.150000572204593 20.050000190734867 24.94999980926514 32.850000381469734 15.750000000000002 1.5000000000000002 -0.074115883558988557 9.7500000000000018 0.21499999612569812 27.500000000000004 24.640974044799808 -4.46856665611267
decision_type=2 2 2 2 2 2 2 2 2 2 2 2 2 2
left_child=1 -1 3 -2 5 7 -6 8 -5 -10 -7 12 13 -4
right_child=2 -3 11 4 6 10 -8 -9 9 -11 -12 -13 -14 -15
leaf_value=-0.012744117990632818 0.0036739657114281733 0.016690243461422078 0.004072140704956379 -0.010740571060013689 0.0041906966322029738 -0.0046188608053038737 -0.0059840770182405193 -0.0066512488980509741 -0.0055038151457955879 0.01225043617807328 0.0014506040369395457 -2.6056889128245333e-05 0.005025862015885319 -0.00033689440468015876
leaf_weight=240 309 606 3297 314 445 492 91 1446 187 207 1122 183911 1405 8566
leaf_count=240 309 606 3297 314 445 492 91 1446 187 207 1122 183911 1405 8566
internal_value=1.80115e-05 0.00695093 -1.13973e-05 -0.00318516 -0.00399861 -0.0052541 0.0047619 -0.00857209 -0.0020195 0.00767327 -0.000800493 6.30106e-05 0.00170583 0.000979112
internal_weight=202638 846 201792 4613 4304 3768 536 2154 708 394 1614 197179 13268 11863
internal_count=202638 846 201792 4613 4304 3768 536 2154 708 394 1614 197179 13268 11863
is_linear=0
shrinkage=0.05


Tree=309
num_leaves=15
num_cat=0
split_feature=18 47 16 24 57 55 52 26 40 43 47 52 53 57
split_gain=16.4746 16.2988 43.6667 34.6427 26.1351 23.8979 23.5392 21.9209 46.0356 27.8386 38.4813 50.3024 39.1553 40.0563
threshold=126.65000152587892 2.9073623418807988 35.549999237060554 4.5000000000000009 196.05000305175784 1.0000000180025095e-35 0.022575936280190948 0.81173244118690502 973.14999389648449 37.500000000000007 4.7173163890838632 -0.96235975623130787 0.99349221587181102 130.48332977294925
decision_type=2 2 2 2 2 2 2 2 2 10 2 2 2 2
left_child=1 2 3 -1 5 6 -4 -3 -9 -10 -11 -12 -13 -14
right_child=-2 7 4 -5 -6 -7 -8 8 9 10 11 12 13 -15
leaf_value=0.0049750861893141643 -0.0038041073800339944 0.00014264158246558926 -0.0087330657716933741 -0.00039773842387440532 0.0039130479497410655 -0.00020360380114325515 0.005546182271129344 0.0037143014207166275 -0.0017219637061299587 0.00064502674699693375 0.0041061084772800131 -0.0021315524799685563 -0.0038933792565235439 0.0069171941722921959
leaf_weight=1388 513 150650 321 757 508 3206 80 1422 7701 14784 1687 18836 267 644
leaf_count=1388 513 150650 321 757 508 3206 80 1422 7701 14784 1687 18836 267 644
internal_value=1.94798e-05 4.23957e-05 0.00255183 0.00831787 -0.000466667 -0.00196986 -0.0133212 -3.78825e-05 -0.00100163 -0.00128901 -0.000708016 -0.00206118 -0.0027699 0.00730185
internal_weight=202764 202251 6260 2145 4115 3607 401 195991 45341 43919 36218 21434 19747 911
internal_count=202764 202251 6260 2145 4115 3607 401 195991 45341 43919 36218 21434 19747 911
is_linear=0
shrinkage=0.05


Tree=310
num_leaves=15
num_cat=0
split_feature=43 40 0 57 28 47 31 37 24 13 14 9 25 8
split_gain=16.8228 18.7616 19.3472 16.268 14.6934 23.361 33.3121 34.3376 30.0682 28.6619 31.4525 26.2172 25.9401 23.958
threshold=12.500000000000002 982.35000610351574 28.44999980926514 157.90000152587893 58.500000000000007 7.9788675308227548 -4.9763572216033927 28.500000000000004 5.5000000000000009 76.513393402099624 13.659291267395021 23.250000000000004 50.049999237060554 65.799999237060561
decision_type=8 2 2 2 2 2 2 2 2 2 2 2 2 2
left_child=1 -1 -3 -4 -2 6 9 -8 11 -6 -11 -9 -10 -7
right_child=4 2 3 -5 5 13 7 8 12 10 -12 -13 -14 -15
leaf_value=-0.0064705319121305229 0.00028279029043593306 0.016147102524178954 0.00074360908501342198 0.0044256883309760258 0.0014928717360730413 -0.0016624124391512994 -0.0053256870670352124 -0.0045721763264269305 -0.00067693769415263507 -0.0094556605472539048 -0.00015994684280885583 0.00039526599362122995 -0.0054300266745232282 5.0334525264661427e-05
leaf_weight=286 73008 186 1951 563 17267 17269 1249 1006 36345 377 4788 35285 1042 11955
leaf_count=286 73008 186 1951 563 17267 17269 1249 1006 36345 377 4788 35285 1042 11955
internal_value=-1.39446e-05 0.00370494 0.005 0.00380349 -6.97642e-05 -0.000395559 -2.33647e-05 -0.000529445 -0.00038948 0.00166652 -0.00159903 0.000635657 -0.00138447 -0.00163508
internal_weight=202577 2986 2700 2514 199591 126583 97359 74927 73678 22432 5165 36291 37387 29224
internal_count=202577 2986 2700 2514 199591 126583 97359 74927 73678 22432 5165 36291 37387 29224
is_linear=0
shrinkage=0.05


Tree=311
num_leaves=15
num_cat=0
split_feature=18 17 8 55 16 0 46 17 13 56 14 55 13 28
split_gain=15.3069 21.1588 19.468 17.8151 15.3336 19.243 29.4915 22.0467 21.4763 20.5575 20.0296 19.3588 21.565 18.6102
threshold=-60.199998855590813 19.94999980926514 261.25000000000006 3.5000000000000004 133.15000152587893 139.00000000000003 0.55000001192092907 14.650000095367433 153.05476379394534 68.349998474121108 53.451593399047859 4.5000000000000009 153.05476379394534 72.500000000000014
decision_type=2 2 2 2 2 2 2 2 2 2 2 2 2 2
left_child=1 -1 4 -4 5 10 7 8 -7 -9 -2 12 -8 -12
right_child=2 -3 3 -5 -6 6 11 9 -10 -11 13 -13 -14 -15
leaf_value=0.00050092619151758386 3.2489208297209474e-06 0.0049657811589590428 -0.00053237118343703598 -0.0081779518006451415 0.0016019123615025916 -0.00031349223200672352 -0.0066527858664228784 -0.0031039031816817498 -0.002583125062394262 0.00064971374852135222 0.0039346591828433508 -0.0099079318204828917 0.0030720585586268057 -0.00075602581613869744
leaf_weight=5409 174923 1103 577 357 1344 3498 747 1041 2470 8094 1193 813 459 568
leaf_count=5409 174923 1103 577 357 1344 3498 747 1041 2470 8094 1193 813 459 568
internal_value=-1.40667e-05 0.00236891 -9.33226e-05 -0.00725636 -5.86698e-05 -9.57093e-05 -0.00169566 -0.000934626 -0.00329542 0.000609623 5.94248e-05 -0.00735584 -0.00328947 0.00535008
internal_weight=202596 6512 196084 934 195150 193806 17122 15103 5968 9135 176684 2019 1206 1761
internal_count=202596 6512 196084 934 195150 193806 17122 15103 5968 9135 176684 2019 1206 1761
is_linear=0
shrinkage=0.05


Tree=312
num_leaves=15
num_cat=0
split_feature=47 56 31 14 49 37 27 14 28 52 47 14 52 14
split_gain=15.3604 24.1922 15.8863 15.1023 14.9034 20.9108 22.4817 19.7709 19.1877 31.8478 27.81 30.3466 27.9292 24.6397
threshold=15.957678318023683 38.549999237060554 -19.575846672058102 25.933835983276371 1.0000000180025095e-35 28.500000000000004 40.850000381469734 2.5345773696899419 70.500000000000014 0.9970000982284547 6.1450805664062509 33.113794326782234 -0.4218058288097381 6.0058143138885507
decision_type=2 2 2 2 8 2 2 2 2 2 2 2 2 2
left_child=2 -2 -1 -3 5 -4 7 -7 9 -6 -10 13 -13 -12
right_child=1 3 4 -5 8 6 -8 -9 10 -11 11 12 -14 -15
leaf_value=0.0046031365142347562 0.0038931581353668686 -0.0081509276693379935 -0.00294084282785215 0.0058047660857210755 0.00079959424268093095 0.029018374171344331 0.0059515539593146928 -0.00023973197111964927 0.00037151582096718128 -0.0028600862620255076 -0.0037777959190916617 0.00061341987472403466 -0.0047170383260725594 -0.00013656312028364516
leaf_weight=689 200 513 3203 81 49058 278 645 86072 30620 2041 2219 993 2526 23506
leaf_count=689 200 513 3203 81 49058 278 645 86072 30620 2041 2219 993 2526 23506
internal_value=-5.6747e-06 -0.00690299 2.17973e-05 -0.0119205 -4.34953e-06 -0.000481665 -0.000335326 -0.00040528 0.000383652 0.00109521 -0.000223803 -0.00132631 -0.00567441 -0.000729551
internal_weight=202644 794 201850 594 201161 90198 86995 86350 110963 51099 59864 29244 3519 25725
internal_count=202644 794 201850 594 201161 90198 86995 86350 110963 51099 59864 29244 3519 25725
is_linear=0
shrinkage=0.05


Tree=313
num_leaves=15
num_cat=0
split_feature=45 41 52 16 38 44 36 52 50 40 38 43 51 24
split_gain=18.727 29.9804 46.0248 38.9195 29.9425 26.7449 40.7526 26.5289 20.4188 18.198 33.2368 43.3523 63.1296 35.4367
threshold=5.0284266471862802 20.500000000000004 -0.5917624533176421 15.750000000000002 13.550000190734865 -0.3704791367053985 32.250000000000007 0.61237135529518139 -1.0000000180025095e-35 980.64999389648449 24.349999427795414 1172.5000000000002 -0.37940952181816096 3.5000000000000004
decision_type=2 2 2 2 2 2 2 2 2 2 2 10 2 2
left_child=9 3 -3 -2 -5 7 8 -6 -7 10 13 12 -12 -1
right_child=1 2 -4 4 5 6 -8 -9 -10 -11 11 -13 -14 -15
leaf_value=-0.0042723058001201495 0.010505142278896358 -0.0045409398641118549 0.00073554451917970181 -0.0018933079973213586 0.0018881430569539699 0.0050056556032863327 -0.0027975185156676116 0.012562627152326518 -8.2097900851448719e-05 0.00010669224901275199 -0.0018603331742156595 0.0037678122617750016 0.00083953998707698855 -0.00072479341957701901
leaf_weight=3919 1010 2539 6896 2149 5820 797 1460 601 990 114294 7203 1971 18315 34327
leaf_count=3919 1010 2539 6896 2149 5820 797 1460 601 990 114294 7203 1971 18315 34327
internal_value=-9.51552e-06 0.00135821 -0.000780836 0.00293098 0.00212015 0.00330647 -0.000391465 0.00517416 0.00466055 -0.000178711 -0.000841509 0.000484563 -6.85522e-05 -0.00179449
internal_weight=202291 22262 9435 12827 11817 9668 3247 6421 1787 180029 65735 27489 25518 38246
internal_count=202291 22262 9435 12827 11817 9668 3247 6421 1787 180029 65735 27489 25518 38246
is_linear=0
shrinkage=0.05


Tree=314
num_leaves=15
num_cat=0
split_feature=30 15 27 4 13 25 9 14 14 12 21 13 12 27
split_gain=14.914 27.6102 22.3081 23.4367 19.0853 33.3352 25.6811 32.2837 38.1668 24.2163 27.479 25.7225 28.4678 23.2015
threshold=72.500000000000014 35.350000381469734 6.6499998569488534 195.80000305175784 137.45892333984378 45.850000381469734 168.80000305175784 44.530014038085945 23.579504013061527 144.38125610351565 1.0000000180025095e-35 105.36130905151369 132.78680419921878 17.650000572204593
decision_type=8 2 2 2 2 2 2 2 2 2 2 2 2 2
left_child=1 -1 -3 4 6 -6 9 8 -8 10 -4 -12 -13 -10
right_child=-2 2 3 -5 5 -7 7 -9 13 -11 11 12 -14 -15
leaf_value=0.015559582757512748 -0.00014606412945565028 0.002305454955302523 -0.002367603380854501 -0.0020618951526169492 0.0025653216041818224 -0.0014262229399734511 0.0021375360176423392 0.0040855479222912383 -0.0062303729555561495 0.0038026018381709507 0.00060232079128567169 -0.0038368554155130564 0.0016509974566307692 0.0079208659480892209
leaf_weight=440 141006 1815 3383 2494 3960 1344 516 405 1453 763 41620 2069 1054 106
leaf_count=440 141006 1815 3383 2494 3960 1344 516 405 1453 763 41620 2069 1054 106
internal_value=9.87957e-06 0.000660079 0.000568927 0.000400916 0.000609971 0.00346255 0.000314817 -0.00463855 -0.00715827 0.000566985 0.000425877 0.000754698 -0.00361475 -0.0110421
internal_weight=202428 61422 60982 59167 56673 5304 51369 2480 2075 48889 48126 44743 3123 1559
internal_count=202428 61422 60982 59167 56673 5304 51369 2480 2075 48889 48126 44743 3123 1559
is_linear=0
shrinkage=0.05


Tree=315
num_leaves=15
num_cat=0
split_feature=0 37 14 47 16 55 16 38 23 26 37 55 40 47
split_gain=14.3466 22.6849 22.617 18.6268 30.8012 29.4094 24.7079 18.8255 21.0977 18.5572 42.1815 60.9454 30.1988 24.1952
threshold=174.85000610351565 65.500000000000014 45.818988800048835 2.9838918447494511 43.600000381469734 4.5000000000000009 46.350000381469734 26.349999427795414 1.0149999856948855 0.81173244118690502 92.500000000000014 1.5000000000000002 973.14999389648449 11.806363582611086
decision_type=2 2 2 2 2 2 2 2 2 2 2 2 2 2
left_child=2 -2 3 4 5 -1 -6 9 -9 -5 12 -12 -11 -14
right_child=1 -3 -4 7 6 -7 -8 8 -10 10 11 -13 13 -15
leaf_value=0.0038090327148059574 -0.0038784260273682079 -0.00027824835911893775 0.0014239448310586281 5.5621929935465412e-05 -0.0052800908476502168 -0.0012823061319935597 0.0004683325964008667 0.0019427351195337062 -0.00052300458529238876 0.0035696999069620389 -0.0039266896629151391 0.0049344281419445475 -0.0012100506154511374 0.011010116234883136
leaf_weight=2056 1578 8443 6750 138128 404 730 1371 4746 2625 854 947 2091 31806 221
leaf_count=2056 1578 8443 6750 138128 404 730 1371 4746 2625 854 947 2091 31806 221
internal_value=2.17005e-05 -0.00182185 0.000117646 1.43826e-05 0.0031667 0.00643777 -0.00197479 -6.50396e-05 0.00240821 -0.000169916 -0.00118219 0.00444554 -0.00170335 -0.00195165
internal_weight=202750 10021 192729 185979 4561 2786 1775 181418 7371 174047 35919 3038 32881 32027
internal_count=202750 10021 192729 185979 4561 2786 1775 181418 7371 174047 35919 3038 32881 32027
is_linear=0
shrinkage=0.05


Tree=316
num_leaves=15
num_cat=0
split_feature=25 53 20 17 31 56 38 53 55 14 40 38 52 13
split_gain=14.6956 24.7655 28.3771 16.1713 15.3192 13.7223 22.0244 17.8472 15.6239 15.4163 13.2086 29.7635 36.2839 40.8452
threshold=5.9500000476837167 0.96407344937324535 1.0000000180025095e-35 -28.849999427795407 -14.784827232360838 14.050000190734865 25.44999980926514 -0.56369942426681507 1.5000000000000002 17.566855430603031 980.75000000000011 15.150000095367433 -0.8940606117248534 63.73601150512696
decision_type=2 2 2 2 2 2 2 2 2 2 2 2 2 2
left_child=1 2 -1 -4 -2 6 7 -6 9 -9 -7 -12 13 -13
right_child=4 -3 3 -5 5 10 -8 8 -10 -11 11 12 -14 -15
leaf_value=-0.037445524393507179 0.002056239206895516 0.052283081088945027 0.0082888167502544914 0.00094192447077829755 -0.011096772949817053 -0.00032247403281627368 0.0052172078320120814 -0.0011848139407186877 -0.0040610149364249618 0.0076734649951810119 -0.00011162195311587714 0.0010546457647738205 0.0018996831875727239 -0.0021118818577508859
leaf_weight=111 2796 222 383 4942 275 76092 174 424 955 105 84536 10983 14611 5401
leaf_count=111 2796 222 383 4942 275 76092 174 424 955 105 84536 10983 14611 5401
internal_value=2.178e-05 0.00253176 0.00184539 0.00238519 -5.06717e-05 -0.000103841 -0.00428461 -0.00597795 -0.00374833 0.00310761 -6.14456e-05 0.000275443 0.00160055 -1.52495e-05
internal_weight=202010 5658 5436 5325 196352 193556 1933 1759 1484 529 191623 115531 30995 16384
internal_count=202010 5658 5436 5325 196352 193556 1933 1759 1484 529 191623 115531 30995 16384
is_linear=0
shrinkage=0.05


Tree=317
num_leaves=15
num_cat=0
split_feature=49 51 50 43 50 19 23 47 42 32 44 45 52 15
split_gain=14.2002 19.4477 39.3341 29.3126 29.1706 33.1879 26.4143 25.2503 25.0784 24.8854 23.114 22.321 21.3879 20.8814
threshold=-7.4999999999999991 0.12940952181816107 0.37940952181816107 17.500000000000004 0.12940952181816109 145.55000305175784 0.15500000119209292 9.8238611221313494 3.5499999523162846 -0.53266167640686024 -3.2270883321762081 9.2685441970825213 -0.79384350776672352 41.850000381469734
decision_type=10 2 2 10 2 2 2 2 2 2 2 2 2 2
left_child=1 4 3 6 7 10 -3 9 -5 -1 11 -6 -10 -9
right_child=-2 2 -4 8 5 -7 -8 13 12 -11 -12 -13 -14 -15
leaf_value=-0.0031563514208990716 0.00024925970468018258 0.0088001080879613561 -0.00083118395971911591 -0.0015267363250811288 -0.0013424091795012994 -0.0022133928039539895 0.0014079843452160278 -0.003251592892020456 0.001993949572152846 -0.00058028380590325625 0.0010501056262040287 0.0065763027639948518 4.5375704864711322e-05 0.0015517926860009537
leaf_weight=8306 93109 618 24114 5180 7767 3924 10136 608 6616 6054 13692 478 18883 2778
leaf_count=8306 93109 618 24114 5180 7767 3924 10136 608 6616 6054 13692 478 18883 2778
internal_value=3.08988e-06 -0.000383826 0.000160547 0.00109488 -0.00120194 -0.000130455 0.00333984 -0.00276245 0.000307113 -0.0036778 0.000627648 -0.00146275 0.000951625 0.00111896
internal_weight=202263 109154 65547 41433 43607 25861 10754 17746 30679 14360 21937 8245 25499 3386
internal_count=202263 109154 65547 41433 43607 25861 10754 17746 30679 14360 21937 8245 25499 3386
is_linear=0
shrinkage=0.05


Tree=318
num_leaves=15
num_cat=0
split_feature=18 47 31 26 24 52 53 15 12 32 52 16 52 49
split_gain=13.9344 23.2109 23.4086 29.8816 46.0167 39.3232 37.7548 28.6002 27.8124 29.3656 27.5656 41.3778 27.2711 24.998
threshold=8.8499999046325701 2.8229968547821049 1.5735748410224917 0.70897960662841808 12.500000000000002 0.5986820161342622 0.93769648671150219 28.44999980926514 52.60625076293946 4.3102247714996347 -0.91597726941108693 26.44999980926514 0.79383251070976268 -2702.4999999999995
decision_type=2 2 2 2 2 2 2 2 2 2 2 2 2 10
left_child=1 -1 -3 4 5 7 -5 -4 10 -10 11 -6 -7 -9
right_child=-2 2 3 6 8 12 -8 13 9 -11 -12 -13 -14 -15
leaf_value=0.0023083605285673355 -0.00032300515878195169 0.00039344541628860908 0.042242277925108221 -0.0021571246833940378 -0.0022307256819705883 0.0065612599594193251 0.0015021504704767015 -0.0019751065353452199 -0.0029362125375553185 0.0010222754654242755 -0.0004709474723325086 0.0069178560165076911 0.0019561176829441889 0.00053089950809284887
leaf_weight=2514 64293 84518 185 11757 453 1603 2371 1669 5538 1648 10823 630 3894 10737
leaf_count=2514 64293 84518 185 11757 453 1603 2371 1669 5538 1648 10823 630 3894 10737
internal_value=-1.85055e-06 0.00028081 0.000192512 -0.000649869 9.41113e-05 0.00190076 -0.00260645 0.000359098 -0.00161763 -0.00407171 -0.000134273 0.00743367 0.00542491 6.04059e-05
internal_weight=202633 138340 135826 51308 37180 18088 14128 12591 19092 7186 11906 1083 5497 12406
internal_count=202633 138340 135826 51308 37180 18088 14128 12591 19092 7186 11906 1083 5497 12406
is_linear=0
shrinkage=0.05


Tree=319
num_leaves=15
num_cat=0
split_feature=43 47 31 19 37 12 43 19 42 16 45 41 16 43
split_gain=14.7815 21.3512 17.7546 23.7488 15.5563 25.7418 26.5508 15.6766 20.8408 17.7607 24.3127 35.2907 25.9843 21.3174
threshold=2557.5000000000005 5.3577349185943612 -2.136533141136169 56.250000000000007 19.500000000000004 48.227083206176765 177.50000000000003 17.750000000000004 6.9500000476837167 14.050000190734865 2.8927400112152104 21.500000000000004 12.949999809265138 22.500000000000004
decision_type=10 2 2 2 2 2 10 2 2 2 2 2 2 10
left_child=4 -2 -3 -4 5 6 -1 8 -6 10 12 13 -9 -12
right_child=1 2 3 -5 7 -7 -8 9 -10 -11 11 -13 -14 -15
leaf_value=0.0016986983806763223 -0.0026610114879355462 0.00597831198823704 0.0038950421150258348 -0.0036065924916562075 0.0078947462594156758 -0.0070300321819447981 -0.0033943173565065959 -0.0012066504466261203 -0.0012080398892969026 3.2232191936265586e-05 -0.0028229800834104059 -0.0025854325410213778 -0.0046103639980761349 0.0085028645217986622
leaf_weight=1567 602 1171 959 677 1216 793 1461 5866 934 182419 222 854 1783 910
leaf_count=1567 602 1171 959 677 1216 793 1461 5866 934 182419 222 854 1783 910
internal_value=-5.70878e-06 0.00325388 0.0050852 0.00170109 -6.1984e-05 -0.00321718 -0.0011027 2.57448e-07 0.00423611 -4.738e-05 -0.00213841 0.00278056 -0.00341755 0.00853765
internal_weight=201434 3409 2807 1636 198025 3821 3028 194204 2150 192054 9635 1986 7649 1132
internal_count=201434 3409 2807 1636 198025 3821 3028 194204 2150 192054 9635 1986 7649 1132
is_linear=0
shrinkage=0.05


Tree=320
num_leaves=15
num_cat=0
split_feature=12 47 18 17 16 15 47 55 12 13 42 55 24 53
split_gain=14.7268 22.3651 14.6451 20.2911 15.8536 23.1565 18.4192 26.9943 36.9295 31.9112 31.8381 31.6034 48.694 39.0367
threshold=19.704860687255863 6.4065942764282235 -60.199998855590813 14.250000000000002 133.15000152587893 316.15000915527349 3.9468418359756474 1.0000000180025095e-35 75.659027099609389 38.906845092773445 4.4500000476837167 5.5000000000000009 5.5000000000000009 0.99249574542045604
decision_type=2 2 2 2 2 2 2 2 2 2 2 2 2 2
left_child=1 -1 3 -2 5 6 7 8 9 -4 -10 -9 13 -13
right_child=2 -3 4 -5 -6 -7 -8 11 10 -11 -12 12 -14 -15
leaf_value=0.0082409357773505342 0.00051049740108246309 -0.00067272440605516549 -0.0082613233150273437 0.0043201300049002878 0.0014729075542904827 -0.0040702608550506501 -0.00014407424321933939 0.0012164716076641551 -0.0042655513275460018 0.0024956659442909729 0.0015933880749478574 0.0037682345479094293 -0.0047707166127865068 -0.0030206069814079865
leaf_weight=410 5223 402 178 1354 1443 879 171805 14903 1460 1545 495 1112 1254 411
leaf_count=410 5223 402 178 1354 1443 879 171805 14903 1460 1545 495 1112 1254 411
internal_value=1.20759e-05 0.006691 -1.50936e-05 0.00230378 -9.32249e-05 -0.000132181 -9.5122e-05 0.00128931 -0.00260304 0.00272649 -0.00729008 0.00210006 -0.00278974 0.00321265
internal_weight=202874 812 202062 6577 195485 194042 193163 21358 3678 1723 1955 17680 2777 1523
internal_count=202874 812 202062 6577 195485 194042 193163 21358 3678 1723 1955 17680 2777 1523
is_linear=0
shrinkage=0.05


Tree=321
num_leaves=15
num_cat=0
split_feature=52 55 56 13 12 40 52 47 53 40 13 56 55 47
split_gain=14.0648 53.3426 42.6053 37.6473 32.9581 26.3551 24.0595 48.9843 41.1168 29.8088 24.9053 23.4322 23.6477 21.9463
threshold=-0.99763298034667958 3.5000000000000004 81.849998474121108 47.204463958740241 37.685417175292976 982.14999389648449 -0.98214942216873158 4.5558481216430673 0.16587474942207339 979.54998779296886 45.851190567016609 36.049999237060554 2.5000000000000004 8.4460496902465838
decision_type=2 2 2 2 2 2 2 2 2 2 2 2 2 2
left_child=1 3 4 11 -3 -6 7 -2 9 10 -9 -1 -13 -11
right_child=6 2 -4 -5 5 -7 -8 8 -10 13 -12 12 -14 -15
leaf_value=0.0050819290919089828 0.0028802338079557772 0.005589776274891961 0.0034881310587971618 0.0073870799111130829 -0.0099536922294488021 -0.0011157296056651445 1.5345247883874481e-05 0.004977876430966444 -0.011936951644368192 -0.001313778610503709 -0.0071679298120855914 -0.0037660876329082015 0.0050135764162492994 0.0049369262944023717
leaf_weight=383 1398 138 343 1304 675 565 189971 183 466 4702 1301 688 203 387
leaf_count=383 1398 138 343 1304 675 565 189971 183 466 4702 1301 688 203 387
internal_value=-2.38017e-05 0.00280227 -0.00400058 0.00734158 -0.00792507 -0.01052 -8.51737e-05 -0.00269622 -0.00439424 -0.00336093 -0.00957162 0.00120717 -0.00324639 -0.00153461
internal_weight=202707 4299 1721 2578 1378 1240 198408 8437 7039 6573 1484 1274 891 5089
internal_count=202707 4299 1721 2578 1378 1240 198408 8437 7039 6573 1484 1274 891 5089
is_linear=0
shrinkage=0.05


Tree=322
num_leaves=15
num_cat=0
split_feature=0 30 15 52 41 13 15 55 12 52 13 16 11 13
split_gain=14.377 25.6977 26.519 35.1163 34.4458 24.865 28.1622 27.0033 41.4287 40.3887 34.1473 34.7659 36.2256 33.6357
threshold=85.549999237060561 47.500000000000007 149.25000000000003 -0.65234524011611927 40.500000000000007 84.409820556640639 178.55000305175784 5.5000000000000009 102.67291641235353 -0.56368473172187794 169.63987731933597 80.000000000000014 198.96875000000003 159.02827453613284
decision_type=2 8 2 2 2 2 2 2 2 2 2 2 2 2
left_child=1 -1 -3 -4 -5 6 -2 9 -9 13 11 -10 -13 -7
right_child=5 2 3 4 -6 7 -8 8 10 -11 -12 12 -14 -15
leaf_value=0.0012542169380418732 -0.0016060169756859811 -7.0233589685178566e-05 0.0047467295717832717 -0.00076959289452405719 0.0040255178105166548 0.0024363392882601176 0.0018841914806941419 -0.0052059814698567804 -0.0017379481985293488 -0.00016691040214600919 -0.0039532726240564904 0.0049659677100424909 -0.004747319228138723 -0.0027798591299217149
leaf_weight=14716 16953 128809 1466 3489 1458 6049 1361 1112 1705 22044 933 1001 340 782
leaf_count=14716 16953 128809 1466 3489 1458 6049 1361 1112 1705 22044 933 1001 340 782
internal_value=-1.18678e-05 0.000237082 2.10749e-05 0.00315662 0.00113476 -0.00072576 -0.00221022 7.5053e-05 -0.00327877 0.000667301 -0.00088368 0.00168521 0.0076795 0.00402353
internal_weight=202218 149938 135222 6413 4947 52280 18314 33966 5091 28875 3979 3046 1341 6831
internal_count=202218 149938 135222 6413 4947 52280 18314 33966 5091 28875 3979 3046 1341 6831
is_linear=0
shrinkage=0.05


Tree=323
num_leaves=15
num_cat=0
split_feature=0 15 23 23 52 38 53 15 47 13 52 52 52 16
split_gain=15.7076 35.8945 34.604 32.1977 32.0771 35.7451 43.9818 36.6641 33.7515 40.0844 37.72 34.173 35.624 33.3638
threshold=105.79999923706056 100.90000152587892 1.4149999618530276 0.57499998807907116 -0.84315016865730275 15.84999990463257 -0.074115883558988557 80.90000152587892 7.2844097614288339 50.542263031005866 -0.92274349927902211 -0.99467751383781422 -0.96235975623130787 50.95000076293946
decision_type=2 2 2 2 2 2 2 2 2 2 2 2 2 2
left_child=1 2 3 4 5 -1 7 -7 9 10 -8 -11 -13 -6
right_child=-2 -3 -4 -5 13 6 8 -9 -10 11 -12 12 -14 -15
leaf_value=-0.0041757527406049016 -0.00040896462997125766 0.00083991569874650738 -0.0027537797535714171 0.00052630996880845 -2.9570931777353483e-05 -0.0012732886780601874 2.3305690330180374e-05 -0.0055158158548637651 -0.0022944600932793325 0.0092376141727867119 -0.012823479775254996 -0.00088243860413658173 0.0043366360804537206 -0.008520646084662643
leaf_weight=1864 35963 41397 2563 49369 55026 6381 2213 2484 1657 698 176 1218 1061 307
leaf_count=1864 35963 41397 2563 49369 55026 6381 2213 2484 1657 698 176 1218 1061 307
internal_value=1.96406e-05 0.000224427 -0.000198157 -7.75738e-05 -0.000743895 -0.00259261 -0.00182098 -0.00416056 0.00113394 0.0030599 -0.00176115 0.00692166 0.00392093 -0.000150426
internal_weight=202377 166414 125017 122454 73085 17752 15888 8865 7023 5366 2389 2977 2279 55333
internal_count=202377 166414 125017 122454 73085 17752 15888 8865 7023 5366 2389 2977 2279 55333
is_linear=0
shrinkage=0.05


Tree=324
num_leaves=15
num_cat=0
split_feature=18 18 0 33 0 1 52 9 38 55 28 44 41 52
split_gain=14.2442 13.4646 32.2987 21.2783 21.1858 19.0512 18.5605 16.5472 16.3636 19.3161 18.1324 28.2451 23.9066 27.7014
threshold=126.65000152587892 -30.55000019073486 9.0500001907348651 9.3499999046325701 9.0500001907348651 33.350000381469734 0.96234640479087841 50.350000381469734 1.7500000000000002 1.5000000000000002 48.500000000000007 -9.1753993034362775 88.500000000000014 0.90162119269371044
decision_type=2 2 2 2 2 2 2 2 2 2 2 2 2 2
left_child=1 3 6 4 -1 7 -3 -5 9 -4 12 -12 -10 -14
right_child=-2 2 8 5 -6 -7 -8 -9 10 -11 11 -13 13 -15
leaf_value=-0.032785731182968694 -0.0037090224484963492 0.032946237204986552 0.0013254658909409912 0.0061228442941160645 0.00098216356183728946 -0.006403578568839891 0.0006353611881198207 -0.0024110633922657279 0.00013173507256709663 -0.0046866580061887628 -0.0017875945906848602 -0.00010479375662730689 0.0034700853284758085 -0.0003475938800269363
leaf_weight=123 522 409 687 274 19697 1034 307 426 38415 1311 10579 121162 4527 3077
leaf_count=123 522 409 687 274 19697 1034 307 426 38415 1311 10579 121162 4527 3077
internal_value=-5.92417e-06 1.55911e-05 -0.000125496 0.00119644 0.00166162 -0.00409977 0.0103994 0.00225352 -0.000167994 -0.00465637 -0.000117286 -0.000415746 0.000737035 0.00329656
internal_weight=202550 202028 180474 21554 19820 1734 716 700 179758 1998 177760 131741 46019 7604
internal_count=202550 202028 180474 21554 19820 1734 716 700 179758 1998 177760 131741 46019 7604
is_linear=0
shrinkage=0.05


Tree=325
num_leaves=15
num_cat=0
split_feature=57 24 13 12 36 54 13 44 13 52 41 42 52 52
split_gain=15.0785 29.0465 22.6397 21.4779 28.2101 21.0709 60.3301 31.0692 29.7513 55.936 71.0517 59.3111 47.4474 36.68
threshold=196.05000305175784 6.5000000000000009 137.45892333984378 162.74097442626956 7.1499998569488534 11.500000000000002 61.531547546386726 6.8768715858459482 88.583332061767592 -0.84315016865730275 1.5000000000000002 10.84999990463257 -0.51297807693481434 -0.80418667197227467
decision_type=2 2 2 2 2 2 2 2 2 2 2 2 2 2
left_child=3 2 -2 4 -1 8 -7 -8 -6 11 13 -10 -12 -11
right_child=1 -3 -4 -5 5 6 7 -9 9 10 12 -13 -14 -15
leaf_value=0.0018973598940923327 0.0051909986178072303 -0.001668155052875836 0.0013588540362418301 -0.001448331195685898 -8.442309025252781e-05 0.011222952829495488 -0.00093105760875948358 -0.0058311281741105477 0.0062281934466948269 -0.0074366205481282048 0.0055387426859109523 -0.0095759760085918563 0.00095857193746323949 -0.0004783083374159669
leaf_weight=2832 491 1277 3306 4267 153183 818 11601 1411 1715 799 2657 228 7784 10208
leaf_count=2832 491 1277 3306 4267 153183 818 11601 1411 1715 799 2657 228 7784 10208
internal_value=2.57914e-05 0.0027144 0.00490544 -4.34149e-05 3.41534e-05 -3.96504e-05 -0.00191835 -0.00274919 0.000107598 0.00176809 0.00102992 0.00986943 0.00398287 -0.00177226
internal_weight=202577 5074 3797 197503 193236 190404 13830 13012 176574 23391 21448 1943 10441 11007
internal_count=202577 5074 3797 197503 193236 190404 13830 13012 176574 23391 21448 1943 10441 11007
is_linear=0
shrinkage=0.05


Tree=326
num_leaves=15
num_cat=0
split_feature=47 50 52 55 26 27 24 55 15 37 52 26 56 24
split_gain=13.6424 38.6523 24.666 30.8358 24.5941 33.179 29.9042 27.6463 48.0302 25.7226 48.0499 27.5316 26.0811 24.7663
threshold=3.9860788583755498 -0.6035533845424651 -0.44504626095294947 1.0000000180025095e-35 0.81173244118690502 20.849999427795414 1.5000000000000002 3.5000000000000004 288.69999694824224 86.500000000000014 -0.2102246284484863 0.69801148772239696 23.550000190734867 22.500000000000004
decision_type=2 2 2 2 2 2 2 2 2 2 2 2 2 2
left_child=1 -1 3 -3 9 6 -6 8 -8 13 11 -11 -12 -2
right_child=4 2 -4 -5 5 -7 7 -9 -10 10 12 -13 -14 -15
leaf_value=-0.00081329146577012186 0.00062154256359194015 -0.0032482891875401975 0.0016247867431729457 0.00066686158014486188 0.00041860262945811591 7.2264592679194281e-05 -0.0044980795267256651 -0.00074566743809903176 0.0065303752942081966 -0.0022414607934459151 -0.0093337803765806693 0.00090755245461420777 0.00076360884188400808 -0.0001803833610030392
leaf_weight=6873 64361 1169 9777 6006 3856 17015 6728 4669 359 12721 192 2257 10642 55565
leaf_count=6873 64361 1169 9777 6006 3856 17015 6728 4669 359 12721 192 2257 10642 55565
internal_value=-1.48368e-05 0.00110866 0.00239064 0.000163535 -0.000164961 -0.00140561 -0.00306939 -0.00432177 -0.00628787 0.000112866 -0.00131864 -0.00315252 0.00121726 0.000421058
internal_weight=202190 23825 16952 7175 178365 32627 15612 11756 7087 145738 25812 14978 10834 119926
internal_count=202190 23825 16952 7175 178365 32627 15612 11756 7087 145738 25812 14978 10834 119926
is_linear=0
shrinkage=0.05


Tree=327
num_leaves=15
num_cat=0
split_feature=32 33 30 23 22 41 51 0 24 52 57 54 46 31
split_gain=14.5141 23.0904 20.8861 30.9932 23.838 21.9786 21.1281 20.9166 30.3554 29.8232 25.5211 24.4346 35.5471 21.8896
threshold=3.0738614797592168 41.149999618530281 77.500000000000014 1.1549999713897707 335.50000000000006 11.500000000000002 -0.37940952181816096 101.59999847412111 5.5000000000000009 0.82414472103118908 196.05000305175784 2.5000000000000004 0.25000000745058065 -5.775092124938964
decision_type=2 2 8 2 2 2 2 2 2 2 2 2 2 2
left_child=2 -2 3 4 -1 6 -5 11 9 10 -9 12 -6 -13
right_child=1 -3 -4 5 7 -7 -8 8 -10 -11 -12 13 -14 -15
leaf_value=0.030875248497248098 0.00044231771862258409 0.010973726094341286 -0.00031175877223612214 0.0064532090977738356 0.0046840100085862035 0.0077215878070474031 -0.0011268036646932705 1.3715981174896686e-05 -0.0017909134995326627 -0.0075647810052516589 0.0022817193405900832 0.002670973917584394 -0.0036823835929326769 0.00011321228645098866
leaf_weight=231 41661 191 104989 428 2595 759 808 12950 7485 353 1787 2685 632 24888
leaf_count=231 41661 191 104989 428 2595 759 808 12950 7485 353 1787 2685 632 24888
internal_value=4.98884e-05 0.000879079 -0.000166252 0.000617234 0.000388876 0.0067207 0.00256822 0.000317973 -0.000837946 0.000453642 0.000801858 0.00116521 0.00527495 0.000682486
internal_weight=202442 41852 160590 55601 53606 1995 1236 53375 22575 15090 14737 30800 3227 27573
internal_count=202442 41852 160590 55601 53606 1995 1236 53375 22575 15090 14737 30800 3227 27573
is_linear=0
shrinkage=0.05


Tree=328
num_leaves=15
num_cat=0
split_feature=4 9 6 17 41 30 55 53 0 24 7 31 1 26
split_gain=16.626 25.0657 24.3825 21.7097 22.9672 27.3348 24.5793 22.9344 27.7598 26.9659 20.9705 20.9062 26.7435 19.8118
threshold=64.40000152587892 86.000000000000014 21.349999427795414 -28.150000572204586 2.5000000000000004 222.50000000000003 1.5000000000000002 0.56191161274909984 123.15000152587892 16.500000000000004 45.000000000000007 2.2025494575500493 73.200000762939467 0.79673466086387645
decision_type=2 2 2 2 2 8 2 2 2 2 2 2 2 2
left_child=1 -1 -3 11 5 10 -7 8 -6 -9 -5 -2 -13 -14
right_child=3 2 -4 4 7 6 -8 9 -10 -11 -12 12 13 -15
leaf_value=4.5641463550269091e-05 0.00091908175689288808 0.018165455950332428 0.0010634473433630152 0.0019869303329064177 -0.00058057215806543445 -0.00012730446660523531 -0.0040462084430122891 0.00022655917623451427 -0.006768056242082621 0.0041505443536131474 -0.00085303300146275527 0.00052027809453609748 -0.00070177040067290685 -0.0037468476184470733
leaf_weight=103728 15468 348 16430 1822 12399 1920 4416 14559 847 1311 19055 6228 2469 1426
leaf_count=103728 15468 348 16430 1822 12399 1920 4416 14559 847 1311 19055 6228 2469 1426
internal_value=5.18682e-06 0.000378788 0.00217119 -0.000544367 -0.00109294 -0.00213698 -0.00501103 -0.000116734 -0.00165208 0.00116499 -0.00126275 0.00066306 -0.00110283 -0.00434699
internal_weight=202426 120506 16778 81920 56329 27213 6336 29116 13246 15870 20877 25591 10123 3895
internal_count=202426 120506 16778 81920 56329 27213 6336 29116 13246 15870 20877 25591 10123 3895
is_linear=0
shrinkage=0.05


Tree=329
num_leaves=15
num_cat=0
split_feature=34 23 14 23 56 0 13 15 52 24 43 14 15 30
split_gain=15.4107 18.1061 21.5334 22.4126 18.3974 18.6862 18.8251 24.9089 37.6057 37.4084 28.4794 24.2151 28.2655 35.2432
threshold=3.1499999761581425 0.14500000327825549 3.0163394212722783 0.074999999254941954 26.44999980926514 37.549999237060554 55.990177154541023 84.200000762939467 -0.99763298034667958 214.50000000000003 1232.5000000000002 7.0702192783355722 71.599998474121108 1.0000000180025095e-35
decision_type=2 2 2 2 2 2 2 2 2 2 10 2 2 10
left_child=1 2 -1 -4 -3 -6 7 -7 10 -10 -9 -8 13 -13
right_child=-2 4 3 -5 5 6 11 8 9 -11 -12 12 -14 -15
leaf_value=0.042244698883781955 -0.0011879480198683985 -0.00081644108401154609 -0.030061697889771977 0.0021182996286310376 0.00079893489094280408 -2.7138406088560511e-05 -0.0026062262901114714 0.004531529629745663 -0.0024024133641179987 0.0015227788809982657 -0.0061328655531607884 -0.0044994562317104388 0.00015366853047058329 0.0034300708432481106
leaf_weight=204 8317 18690 164 3535 33699 32266 2705 920 11934 2401 134 598 83167 3888
leaf_count=204 8317 18690 164 3535 33699 32266 2705 920 11934 2401 134 598 83167 3888
internal_value=3.77532e-05 0.000128014 0.00349476 0.00259504 5.88198e-05 0.000220997 -3.67692e-05 -0.000840764 -0.00249529 -0.00316661 0.00657895 0.000387305 0.000531296 0.00439279
internal_weight=202622 194305 3903 3699 190402 171712 138013 47655 15389 14335 1054 90358 87653 4486
internal_count=202622 194305 3903 3699 190402 171712 138013 47655 15389 14335 1054 90358 87653 4486
is_linear=0
shrinkage=0.05


Tree=330
num_leaves=15
num_cat=0
split_feature=19 13 42 56 16 36 40 33 26 36 43 38 33 15
split_gain=13.8501 27.5 14.9049 14.059 24.3007 27.9847 25.0703 21.8716 20.9866 28.3866 20.0218 23.663 19.4042 27.2502
threshold=11.650000095367433 59.003273010253913 7.9500000476837167 26.050000190734867 20.94999980926514 20.150000572204593 980.54998779296886 43.000000000000007 0.94215503334999096 32.850000381469734 3807.5000000000005 17.94999980926514 22.650000572204593 56.049999237060554
decision_type=2 2 2 2 2 2 2 2 2 2 8 2 2 2
left_child=1 2 -1 4 5 6 -2 12 -7 -10 11 -6 -5 -14
right_child=3 -3 -4 7 10 8 -8 -9 9 -11 -12 -13 13 -15
leaf_value=0.016976918205238358 -0.0077508757453023693 -0.03165640203491444 -0.00090809159949664794 7.6451021962772872e-05 -0.0053584250138748457 -0.00022990829996573649 0.0047035127601584405 0.0063014290660990905 -0.0054587059907256806 0.003448427902591757 0.00073611831078635457 -0.00074148010818793635 0.0019826689469761962 -0.0051771521663876085
leaf_weight=537 130 102 215 178825 1599 12653 1382 297 1908 274 733 1247 782 1836
leaf_count=537 130 102 215 178825 1599 12653 1382 297 1908 274 733 1247 782 1836
internal_value=-9.13445e-06 0.00630787 0.00964567 -3.61967e-05 -0.00129665 -0.000478388 0.00597898 0.000102063 -0.00114011 -0.00565693 -0.00502229 -0.00691527 7.94972e-05 -0.00418569
internal_weight=202520 854 752 201666 19926 16347 1512 181740 14835 2182 3579 2846 181443 2618
internal_count=202520 854 752 201666 19926 16347 1512 181740 14835 2182 3579 2846 181443 2618
is_linear=0
shrinkage=0.05


Tree=331
num_leaves=15
num_cat=0
split_feature=45 16 44 43 40 16 43 37 25 13 26 52 52 53
split_gain=14.6262 21.5917 28.5312 27.0172 18.9859 18.1646 23.1646 17.9079 16.8614 25.3774 38.423 37.0191 38.7329 35.9352
threshold=5.1982948780059823 21.250000000000004 -4.3300583362579337 187.50000000000003 972.25000000000011 22.650000572204593 2557.5000000000005 6.5000000000000009 7.8500001430511483 54.235713958740241 0.61566856503486644 -0.44504626095294947 -0.39826117455959315 -0.99983122944831837
decision_type=2 2 2 10 2 2 10 2 2 2 2 2 2 2
left_child=7 2 4 -3 -2 -5 -7 -1 -9 10 -10 -12 -13 -11
right_child=1 3 -4 5 -6 6 -8 8 9 13 11 12 -14 -15
leaf_value=-0.010879228895991624 -0.0043808813538055063 0.0014561130311958716 0.00043320115915938541 -0.0047171661826456851 0.008665786307381693 -0.00060958872641861395 0.0060367581717547776 0.00085010409573048134 0.00030190299183005553 0.01724014345825824 -0.0020379192322288633 0.0054308478169945917 -0.00063279360355361983 4.4906600364133434e-05
leaf_weight=116 125 6441 2349 476 1808 9207 182 18538 22454 381 18103 569 23784 97794
leaf_count=116 125 6441 2349 476 1808 9207 182 18538 22454 381 18103 569 23784 97794
internal_value=-6.11603e-05 0.00120157 0.00435694 0.000370802 0.00883942 -0.00127342 -0.000784658 -0.000204265 -0.000191182 -0.000353628 -0.00112061 -0.00200513 -0.000731642 0.000153537
internal_weight=202327 20588 4282 16306 1933 9865 9389 181739 181623 163085 64910 42456 24353 98175
internal_count=202327 20588 4282 16306 1933 9865 9389 181739 181623 163085 64910 42456 24353 98175
is_linear=0
shrinkage=0.05


Tree=332
num_leaves=15
num_cat=0
split_feature=4 54 13 16 53 26 55 20 53 44 37 41 54 55
split_gain=14.7756 27.8381 24.3191 28.3357 30.2098 25.99 23.396 23.3875 23.3538 19.4558 19.2095 18.18 40.2388 44.042
threshold=139.00000000000003 1.5000000000000002 135.26428222656253 73.700000762939467 0.99530133605003368 0.6715494990348817 2.5000000000000004 97.649997711181655 0.90438663959503185 -4.3300583362579337 41.500000000000007 99.500000000000014 6.5000000000000009 1.0000000180025095e-35
decision_type=2 2 2 2 2 2 2 2 2 2 2 2 2 2
left_child=1 10 11 4 6 -5 -4 9 -9 -7 -1 -3 -13 -14
right_child=-2 2 3 5 -6 7 -8 8 -10 -11 -12 12 13 -15
leaf_value=0.0092420996947228211 -0.00050224443013210387 6.2153932282301569e-05 -0.0016441287842278553 0.030100841316073282 0.007528508322294767 0.0017378759065667087 0.003878098670675251 0.0091407130401069455 -0.001354194184306297 -0.0072151302311102066 0.0011811083055064066 0.00033047864006117495 -0.0088067637784385918 -0.0014121748752839683
leaf_weight=234 20373 150414 507 98 573 184 986 201 386 709 8003 10426 1424 7903
leaf_count=234 20373 150414 507 98 573 184 986 201 386 709 8003 10426 1424 7903
internal_value=-7.53343e-06 0.000135396 7.19131e-07 0.00403667 0.00787572 -0.00100756 0.00407518 -0.00271812 0.00498325 -0.00777962 0.00297381 -8.59399e-05 -0.00151166 -0.00389579
internal_weight=202421 182048 173811 3644 2066 1578 1493 1480 587 893 8237 170167 19753 9327
internal_count=202421 182048 173811 3644 2066 1578 1493 1480 587 893 8237 170167 19753 9327
is_linear=0
shrinkage=0.05


Tree=333
num_leaves=15
num_cat=0
split_feature=49 37 18 43 36 52 33 45 38 53 53 28 52 52
split_gain=14.7381 23.0821 20.5181 19.7517 26.3331 36.6753 31.5018 30.9789 25.8389 43.3907 27.5487 37.2702 26.8607 24.489
threshold=1.0000000180025095e-35 28.500000000000004 9.3499999046325701 382.50000000000006 33.250000000000007 -0.86976337432861317 1.0000000180025095e-35 -1.0824235081672666 15.84999990463257 0.54759982228279125 0.097680736333131804 63.500000000000007 0.77244481444358837 -0.81429189443588246
decision_type=8 2 2 8 2 2 2 2 2 2 2 2 2 2
left_child=1 -1 -3 -2 6 7 8 -6 10 12 -5 -12 -10 -7
right_child=3 2 -4 4 5 13 -8 -9 9 -11 11 -13 -14 -15
leaf_value=-0.0029512590674904528 0.0007400097774415492 0.00010555614571060857 -0.00076664708679410334 -0.0019071893966237216 0.0012758768191379888 0.0048659251762723458 -0.0013677640716190848 -0.0035037930443395718 0.00017205939908009616 0.0091509831426502281 0.001961389252043999 -0.00040462784709729868 0.0047986202237927994 0.0010563902695192183
leaf_weight=3223 40024 63637 23814 6402 1037 489 18379 1882 5254 524 6370 13550 1175 16662
leaf_count=3223 40024 63637 23814 6402 1037 489 18379 1882 5254 524 6370 13550 1175 16662
internal_value=5.23633e-05 -0.000421243 -0.000267834 0.000436658 -5.99437e-05 0.00147659 -0.000657131 -0.0036958 0.000260628 0.00296927 -0.000455719 0.000461616 0.0018287 0.00235855
internal_weight=202422 90674 87451 111748 71724 20070 51654 2919 33275 6953 26322 19920 6429 17151
internal_count=202422 90674 87451 111748 71724 20070 51654 2919 33275 6953 26322 19920 6429 17151
is_linear=0
shrinkage=0.05


Tree=334
num_leaves=15
num_cat=0
split_feature=4 56 53 51 50 51 53 52 23 9 23 25 19 35
split_gain=15.5455 24.7458 27.3913 29.2359 31.5877 30.8248 24.9651 32.4879 24.3481 24.3142 23.5264 22.9999 22.2116 21.9355
threshold=64.40000152587892 62.300001144409187 -0.99864786863327015 -0.6035533845424651 0.37940952181816107 -0.12940952181816107 0.97062206268310558 -0.26866367459297175 1.6449999809265139 86.000000000000014 0.48499999940395361 9.0500001907348651 107.00000000000001 38.500000000000007
decision_type=2 2 2 2 2 2 2 2 2 2 2 2 2 2
left_child=9 -2 -3 -4 5 -5 7 -7 12 -1 -9 -11 -6 -14
right_child=1 2 3 4 8 6 -8 10 -10 11 -12 -13 13 -15
leaf_value=6.3891709346010697e-05 -0.0012216829320456813 -0.0070509551677739833 0.00094904813711092642 -0.0019466180876609883 7.8821720291082092e-05 0.0010044916284011978 0.0017274947374779416 0.00082566610750542673 0.0037852733936325662 0.0041315065674991181 -0.0018260656249856719 0.00083431712106790679 -0.00079512390963234906 -0.0027685509034522343
leaf_weight=103904 18361 600 14249 3681 6630 11578 4577 2934 502 2379 5034 14331 7246 6428
leaf_count=103904 18361 600 14249 3681 6630 11578 4577 2934 502 2379 5034 14331 7246 6428
internal_value=3.45775e-05 -0.000497373 -2.9542e-05 7.27704e-05 -0.000511107 0.000591429 0.00124208 0.000462774 -0.00198405 0.000395444 -0.00199298 0.00216507 -0.0022546 -0.00340544
internal_weight=202434 81820 63459 62859 48610 27804 24123 19546 20806 120614 7968 16710 20304 13674
internal_count=202434 81820 63459 62859 48610 27804 24123 19546 20806 120614 7968 16710 20304 13674
is_linear=0
shrinkage=0.05


Tree=335
num_leaves=15
num_cat=0
split_feature=38 56 53 12 53 56 43 0 57 47 44 57 26 56
split_gain=15.4188 29.4978 26.9577 36.2947 25.6182 33.2142 24.1375 24.1326 23.8031 18.8745 17.5592 21.1538 18.635 18.0009
threshold=25.250000000000004 115.79999923706056 -0.99938741326332081 53.026390075683601 -0.99983122944831837 44.049999237060554 1382.5000000000002 21.849999427795414 71.816669464111342 4.1784749031066903 1.4337099790573122 41.483333587646491 0.69904670119285595 34.95000076293946
decision_type=2 2 2 2 2 2 10 2 2 2 2 2 2 2
left_child=4 2 3 -2 5 -1 7 -4 10 -10 -9 12 13 -12
right_child=1 -3 6 -5 -6 -7 -8 8 9 -11 11 -13 -14 -15
leaf_value=-0.0016205758356727176 -0.006903747355499164 -0.0073106721364780943 0.0059304770515258764 0.026177468236653637 -0.00011193107827823097 0.010400115352900167 0.0048434100609123041 -3.4676873269774701e-05 -0.0020973004238325254 0.0026675618156896913 -0.0047815200919874498 0.0051719380311340823 0.0036686373012452139 0.00089534170861590371
leaf_weight=312 659 328 945 130 178996 386 581 16032 298 2342 246 964 279 258
leaf_count=312 659 328 945 130 178996 386 581 16032 298 2342 246 964 279 258
internal_value=-1.40556e-05 0.00120276 0.00142015 -0.00760325 -0.00017028 0.00932203 0.00174789 0.00147141 0.00110749 0.0055283 0.000448311 0.00519351 -0.00091425 -0.00661479
internal_weight=202756 23062 22734 789 179694 698 21945 21364 20419 2640 17779 1747 783 504
internal_count=202756 23062 22734 789 179694 698 21945 21364 20419 2640 17779 1747 783 504
is_linear=0
shrinkage=0.05


Tree=336
num_leaves=15
num_cat=0
split_feature=38 15 33 33 15 23 43 25 19 53 40 53 55 43
split_gain=14.0314 28.7159 28.5195 26.5287 27.6169 38.1309 28.5002 28.5541 27.0048 26.4879 22.6264 30.0537 39.4479 31.2203
threshold=25.050000190734867 135.25000000000003 15.650000095367433 31.500000000000004 92.099998474121108 1.1050000190734866 897.50000000000011 10.050000190734865 61.800001144409187 -0.99983122944831837 979.64999389648449 -0.15950992703437802 1.0000000180025095e-35 117.50000000000001
decision_type=2 2 2 2 2 2 10 2 2 2 2 2 2 10
left_child=2 3 9 4 5 -2 7 -6 -7 -1 11 12 13 -11
right_child=1 -3 -4 -5 6 8 -8 -9 -10 10 -12 -13 -14 -15
leaf_value=0.0056343879630388416 0.00069113201357151252 -0.0055982319999475167 -0.0028740522901457679 0.0065950748921464247 0.0048673726952256895 0.0011333796835918003 0.0052555565210878593 0.00023049847451610749 -0.0031473785500196446 -0.00025936773315539884 0.00013957913335945569 -0.0037639442238693757 -4.4008665240444487e-05 -0.0049804329874605291
leaf_weight=644 15778 610 4303 697 822 1060 872 3276 2826 2656 127877 2795 35310 3288
leaf_count=644 15778 610 4303 697 822 1060 872 3276 2826 2656 127877 2795 35310 3288
internal_value=3.08149e-05 0.00111653 -0.000128475 0.00137623 0.00110169 0.000259225 0.00442771 0.00266553 -0.00417094 -2.81029e-05 -6.63037e-05 -0.00104349 -0.000702792 -0.00446758
internal_weight=202814 25941 176873 25331 24634 19664 4970 4098 3886 172570 171926 44049 41254 5944
internal_count=202814 25941 176873 25331 24634 19664 4970 4098 3886 172570 171926 44049 41254 5944
is_linear=0
shrinkage=0.05


Tree=337
num_leaves=15
num_cat=0
split_feature=52 55 13 43 12 25 36 52 40 16 46 19 11 43
split_gain=13.8101 49.2035 25.138 23.9173 22.2871 27.0057 24.1657 19.4612 36.8786 37.7603 33.5377 36.9222 20.8389 20.385
threshold=-0.99763298034667958 3.5000000000000004 47.204463958740241 1212.5000000000002 37.685417175292976 18.250000000000004 31.44999980926514 -0.97876849770545948 978.35000610351574 53.95000076293946 4.8500001430511483 65.099998474121108 45.610416412353523 127.50000000000001
decision_type=2 2 2 10 2 2 2 2 2 2 2 2 2 10
left_child=1 2 -1 -4 -3 -6 -7 8 -2 10 12 -12 13 -10
right_child=7 4 3 -5 5 6 -8 -9 9 -11 11 -13 -14 -15
leaf_value=0.00092837881145975409 -0.0084600857622167819 0.0050275922166265353 0.0076741499841576606 -0.0017277793600126033 -0.0065307202694772238 0.003828821740896922 -0.006134476959223055 3.2554460695341515e-05 0.00054710366973868558 -0.010145440175479307 -0.00023147007852436109 -0.010906603120326734 0.0012643053014323878 -0.0048652882430419717
leaf_weight=1241 636 161 1129 183 1045 423 135 188648 742 904 1162 759 5009 522
leaf_count=1241 636 161 1129 183 1045 423 135 188648 742 904 1162 759 5009 522
internal_value=7.76976e-06 0.00280217 0.00722786 0.0120272 -0.00360767 -0.00540918 0.0034331 -5.31775e-05 -0.00223214 -0.00141085 -0.000335202 -0.00609788 0.00143642 -0.00427786
internal_weight=202699 4317 2553 1312 1764 1603 558 198382 9734 9098 8194 1921 6273 1264
internal_count=202699 4317 2553 1312 1764 1603 558 198382 9734 9098 8194 1921 6273 1264
is_linear=0
shrinkage=0.05


Tree=338
num_leaves=15
num_cat=0
split_feature=38 51 37 23 57 33 46 0 44 41 28 22 13 14
split_gain=14.4918 23.4936 21.9743 21.9582 19.694 18.8158 17.9224 17.4844 15.2802 14.8859 14.7208 24.0826 15.7103 16.9475
threshold=26.349999427795414 -0.37940952181816096 84.500000000000014 0.89499998092651378 46.483333587646491 7.0499999523162851 24.849999427795414 75.549999237060561 -5.3467433452606192 90.500000000000014 18.500000000000004 1367.5000000000002 40.861606597900398 20.617152214050297
decision_type=2 2 2 2 2 2 2 2 2 2 2 2 2 2
left_child=10 3 5 4 8 -3 7 9 -2 -4 11 12 13 -1
right_child=1 2 6 -5 -6 -7 -8 -9 -10 -11 -12 -13 -14 -15
leaf_value=0.00187097544449647 -0.0037440380402277984 0.0045009989427851589 0.001792312286491954 -0.0028388681872239252 0.0047912258090753064 -0.00039605883426948875 0.006528804272499758 -0.0049746859507047774 0.0012687597802388637 -0.0026150899896292424 -7.0891468210965153e-05 0.041228963109654265 -0.00091832164765041089 0.01250133921880024
leaf_weight=3168 321 1682 1355 1490 393 462 255 295 678 607 189060 135 1983 327
leaf_count=3168 321 1682 1355 1490 393 462 255 295 678 607 189060 135 1983 327
internal_value=2.97941e-05 0.00217939 0.00437205 -0.00136584 0.00313837 0.00807799 0.00118953 -0.000253639 -0.000619425 0.00147059 -5.35486e-05 0.00246754 0.00193149 0.00394437
internal_weight=202211 7538 4656 2882 1392 2144 2512 2257 999 1962 194673 5613 5478 3495
internal_count=202211 7538 4656 2882 1392 2144 2512 2257 999 1962 194673 5613 5478 3495
is_linear=0
shrinkage=0.05


Tree=339
num_leaves=15
num_cat=0
split_feature=0 35 47 48 15 0 17 17 8 18 44 53 52 47
split_gain=15.4355 41.5776 27.766 24.6285 29.0714 29.206 21.2507 24.7676 20.8602 20.7852 20.542 19.7864 18.6527 21.7606
threshold=47.049999237060554 30.500000000000004 2.9838918447494511 -0.55000001192092884 41.850000381469734 9.0500001907348651 8.9499998092651385 -16.949999809265133 29.849999427795414 109.79999923706056 11.534390449523928 -0.99864786863327015 0.97112539410591137 7.1494681835174569
decision_type=2 2 2 2 2 2 2 2 2 2 2 2 2 2
left_child=1 8 -3 -4 5 -5 7 11 -1 10 -8 -2 -7 -14
right_child=6 2 3 4 -6 12 9 -9 -10 -11 -12 -13 13 -15
leaf_value=0.00065764061019419067 -0.0080025459814628951 0.0060492226120555164 0.00010263580634707338 0.033387496546444705 0.0016589883095070286 -0.00014645139916039525 0.00031074678959057693 -0.00090167370585828857 -0.0013210699334391951 -0.0029816292059947624 -0.00510139848831174 0.00016709840699486047 -0.010165647421403924 0.00030195779230893092
leaf_weight=5555 317 519 31337 183 22621 4120 53853 40004 14309 903 408 27144 637 479
leaf_count=5555 317 519 31337 183 22621 4120 53853 40004 14309 903 408 27144 637 479
internal_value=1.39576e-05 0.000555347 0.00121273 0.00111093 0.00218717 -0.00110057 -0.000338188 -0.000933309 -0.00142649 0.000389676 0.000515469 0.000222962 -0.00180137 -0.00750444
internal_weight=202389 79760 59896 59377 28040 5419 122629 67465 19864 55164 54261 27461 5236 1116
internal_count=202389 79760 59896 59377 28040 5419 122629 67465 19864 55164 54261 27461 5236 1116
is_linear=0
shrinkage=0.05


Tree=340
num_leaves=15
num_cat=0
split_feature=0 56 5 30 0 21 54 38 32 36 54 16 7 52
split_gain=13.5632 23.1822 22.7889 21.0986 24.2558 21.7497 19.1788 19.01 18.563 21.8927 21.4838 42.672 27.2812 22.3417
threshold=94.200000762939467 47.750000000000007 146.90000152587893 52.500000000000007 22.849999427795414 9.5000000000000018 3.5000000000000004 3.8500000238418584 2.7115507125854497 7.1499998569488534 8.5000000000000018 39.399999618530281 62.050001144409187 -0.91597726941108693
decision_type=2 2 2 8 2 2 2 2 2 2 2 2 2 2
left_child=2 -2 3 4 -1 6 -6 -3 9 -5 -10 -12 -13 -14
right_child=1 7 -4 8 5 -7 -8 -9 10 -11 11 12 13 -15
leaf_value=0.022985676461342766 -0.0031791120422246066 -0.002649759007020669 0.0020987757335721364 0.0054158362850823599 0.0044343834648466751 0.0010959349419747758 -0.00313836522183472 -0.00012230776426471677 0.00087761942398169529 -0.00029417938344084504 -0.0026082864413844047 0.004010800130115579 0.00123706542645384 -0.0056997217422006035
leaf_weight=282 2944 1081 3391 730 491 17720 1948 40377 27324 98380 4900 1482 1207 523
leaf_count=282 2944 1081 3391 730 491 17720 1948 40377 27324 98380 4900 1482 1207 523
internal_value=-9.12274e-06 -0.00078132 0.000207402 0.000118551 0.00161484 0.00140686 -0.00301143 -0.000476271 -0.000108877 -0.000460048 0.000873159 -0.00138513 0.00308814 -0.00117816
internal_weight=202780 44402 158378 154987 20441 20159 2439 41458 134546 99110 35436 8112 3212 1730
internal_count=202780 44402 158378 154987 20441 20159 2439 41458 134546 99110 35436 8112 3212 1730
is_linear=0
shrinkage=0.05


Tree=341
num_leaves=15
num_cat=0
split_feature=38 9 15 33 47 46 13 51 13 15 13 42 43 33
split_gain=13.0196 21.8369 21.4269 17.9365 26.5322 20.1022 35.8861 28.7192 22.2824 23.3968 21.4535 20.565 19.2896 18.1549
threshold=25.650000572204593 29.550000190734867 135.25000000000003 0.35000000894069677 4.1043014526367196 1.9499999880790713 40.57976150512696 -0.37940952181816096 61.531547546386726 65.799999237060561 66.394943237304702 2.3500000238418584 62.500000000000007 12.250000000000002
decision_type=2 2 2 2 2 2 2 2 2 2 2 2 10 2
left_child=-1 -2 3 4 -3 13 -7 11 9 12 -10 -8 -9 -5
right_child=1 2 -4 5 -6 6 7 8 10 -11 -12 -13 -14 -15
leaf_value=-6.5318465971367368e-05 -0.0016753458262860567 -0.0065069667552873668 -0.0062388210769385244 -0.0018476939677185972 0.0027565025027590953 -0.0034421501774563826 0.004784527675935595 -0.004203456556360877 -0.0036451771000756365 0.0060264429357749011 0.0047827934432123345 -0.00072956667994719432 0.0032383971656058 0.0023074946260837823
leaf_weight=185248 2003 209 356 2615 4048 847 240 258 435 1655 293 2332 1228 480
leaf_count=185248 2003 209 356 2615 4048 847 240 258 435 1655 293 2332 1228 480
internal_value=3.33734e-06 0.00132724 0.00198254 0.00227986 0.00500937 0.00115703 0.00258975 0.00386374 0.0065803 0.00840209 -0.00128726 -0.000232378 0.00381016 -0.00221417
internal_weight=202247 16999 14996 14640 4257 10383 7288 6441 3869 3141 728 2572 1486 3095
internal_count=202247 16999 14996 14640 4257 10383 7288 6441 3869 3141 728 2572 1486 3095
is_linear=0
shrinkage=0.05


Tree=342
num_leaves=15
num_cat=0
split_feature=23 6 56 55 36 47 43 40 12 57 16 36 24 38
split_gain=13.0715 31.6575 13.424 15.7899 23.946 18.0318 13.0892 12.7215 33.6886 34.3249 29.4795 27.9406 48.8486 48.1018
threshold=0.044999999925494201 51.750000000000007 17.150000572204593 4.5000000000000009 30.94999980926514 5.205634832382203 102.50000000000001 980.64999389648449 89.537498474121108 85.950000762939467 42.350000381469734 23.250000000000004 4.5000000000000009 11.949999809265138
decision_type=2 2 2 2 2 2 10 2 2 2 2 2 2 2
left_child=1 -1 3 -2 6 -6 -5 8 9 -4 -10 12 -9 -13
right_child=2 -3 7 4 5 -7 -8 11 10 -11 -12 13 -14 -15
leaf_value=0.038375816531473921 -0.00043697143846967157 -0.027942479094141229 -0.00029530802508751235 -0.0017516695524300279 -0.0094948630902963738 0.0019843657323520033 -0.0084100455831072878 0.00047557459202926257 0.0036570971296538187 0.0022028252706360781 -0.0075544276898277182 -0.0009833768653868453 -0.00078957971545651207 0.0014691819679868755
leaf_weight=168 3447 59 73672 320 133 453 506 40864 244 3488 1026 9192 41135 27413
leaf_count=168 3447 59 73672 320 133 453 506 40864 244 3488 1026 9192 41135 27413
internal_value=-2.67155e-05 0.0117089 -4.04897e-05 -0.00263401 -0.00706751 0.000671141 -0.0125 2.35988e-05 -0.000470423 -0.000336918 -0.00851563 0.000350296 -0.000162482 0.0014987
internal_weight=202120 227 201893 4859 1412 586 826 197034 78430 77160 1270 118604 81999 36605
internal_count=202120 227 201893 4859 1412 586 826 197034 78430 77160 1270 118604 81999 36605
is_linear=0
shrinkage=0.05


Tree=343
num_leaves=15
num_cat=0
split_feature=0 14 16 52 12 52 22 53 16 55 47 19 12 3
split_gain=13.4601 26.9595 15.2893 26.9191 36.0839 29.768 26.8597 27.7348 23.8539 22.4042 21.3173 19.6559 18.038 17.3351
threshold=11.250000000000002 8.9742503166198748 14.050000190734865 0.9524284601211549 26.108333587646488 0.98932364583015453 1252.5000000000002 -0.9852197766304015 13.34999990463257 2.5000000000000004 15.957678318023683 98.15000152587892 31.089583396911625 37.899999618530281
decision_type=2 2 2 2 2 2 2 2 2 2 2 2 2 2
left_child=1 -1 3 4 9 12 7 -6 -7 -2 -4 13 -5 -9
right_child=2 -3 10 5 6 8 -8 11 -10 -11 -12 -13 -14 -15
leaf_value=0.013366406854148045 0.0074834766366705663 -0.00061988470546404668 6.2594714989434863e-05 -0.0078041914109496409 -0.0094247806653892929 0.0012092245229812781 -0.0051025089249947756 0.00083131243614357683 -0.0068624521264130187 0.00035513429315043449 -0.0051267286298421685 0.010359801065689702 -0.0027827042857250916 -0.0035745855619381366
leaf_weight=684 829 1011 187731 996 390 1420 1131 3498 386 895 694 313 942 964
leaf_count=684 829 1011 187731 996 390 1420 1131 3498 386 895 694 313 942 964
internal_value=1.90694e-05 0.00444282 -1.86065e-05 -0.0017666 -0.00013076 -0.00526105 -0.00188709 -0.000352657 -0.00063326 0.00625721 9.06148e-05 0.000705329 -0.00954825 -0.00015653
internal_weight=201884 1695 200189 11764 8020 3744 6296 5165 1806 1724 188425 4775 1938 4462
internal_count=201884 1695 200189 11764 8020 3744 6296 5165 1806 1724 188425 4775 1938 4462
is_linear=0
shrinkage=0.05


Tree=344
num_leaves=15
num_cat=0
split_feature=19 12 56 47 52 14 0 13 22 52 47 53 29 13
split_gain=14.0753 23.4462 13.3956 15.3689 14.6857 14.2883 14.2344 19.0304 14.7279 13.7329 14.3516 16.4835 13.6085 24.2375
threshold=11.650000095367433 40.437500000000007 17.150000572204593 15.957678318023683 0.9470459818840028 25.933835983276371 17.650000572204593 48.078273773193366 252.50000000000003 -0.99763298034667958 5.3577349185943612 -0.50557503104209889 15.650000095367433 75.739585876464858
decision_type=2 2 2 2 2 2 2 2 2 2 2 2 2 2
left_child=1 -1 9 6 5 -5 7 -4 -8 -2 11 -11 -10 -14
right_child=2 -3 3 4 -6 -7 8 -9 12 10 -12 -13 13 -15
leaf_value=0.012127236153905541 0.028345941019112017 -0.015713595099233896 0.0007174580578782092 -0.006450050189992014 0.010057748928530811 0.00570074589616498 -0.0024631353709405977 0.0072166126024395989 -1.7374563380562681e-05 0.008063235059326249 -0.00091329580776874572 -0.0067857346607333507 0.00055914595105485481 0.0055012691315954199
leaf_weight=671 51 160 2897 626 72 97 1519 980 185282 63 3734 751 4216 922
leaf_count=671 51 160 2897 626 72 97 1519 980 185282 63 3734 751 4216 922
internal_value=-4.33059e-06 0.00645065 -3.1309e-05 3.11513e-05 -0.00686335 -0.0090382 5.94916e-05 0.00305506 -1.17219e-06 -0.00269581 -0.0030057 -0.00898058 3.80717e-05 0.00257382
internal_weight=202041 831 201210 196611 795 723 195816 3877 191939 4599 4548 814 190420 5138
internal_count=202041 831 201210 196611 795 723 195816 3877 191939 4599 4548 814 190420 5138
is_linear=0
shrinkage=0.05


Tree=345
num_leaves=15
num_cat=0
split_feature=31 23 38 14 36 14 54 26 44 24 44 51 32 16
split_gain=14.1535 23.655 32.6306 30.9858 26.0932 38.9741 26.3628 35.0512 28.8756 21.5692 21.3657 20.3713 20.1946 20.6585
threshold=1.5735748410224917 0.30500000715255743 12.84999990463257 11.335329532623293 25.349999427795414 4.1265993118286142 11.500000000000002 0.70052310824394237 -8.9941005706787092 22.500000000000004 6.8473200798034677 1.0000000180025095e-35 -1.7989584803581236 37.899999618530281
decision_type=2 2 2 2 2 2 2 2 2 2 2 2 2 2
left_child=-1 2 4 -4 5 -2 7 8 -7 -10 -8 -6 13 -9
right_child=1 -3 3 -5 11 6 10 12 9 -11 -12 -13 -14 -15
leaf_value=0.00017851732427183535 0.010871530238384164 -0.00063122426701833767 0.00080361469134732912 -0.0027140600592215933 -0.0022242602358648 -0.0035022389510115273 7.5361076888465225e-05 -0.0001454844819078635 0.0051901994762378612 -0.0010564627701931469 -0.0072658139771024088 0.0028610532997673356 0.0017893944510808926 -0.0052691680598848213
leaf_weight=129507 519 45953 3370 4213 2871 317 3484 2412 4797 636 491 1210 2026 539
leaf_count=129507 519 45953 3370 4213 2871 317 3484 2412 4797 636 491 1210 2026 539
internal_value=2.01379e-05 -0.00053742 0.000640454 -0.00213684 0.00173208 0.00268367 0.00220228 0.00349027 0.00614583 0.00700441 -0.00127353 -0.00181496 0.000416082 -0.00222053
internal_weight=202345 72838 26885 7583 19302 15221 14702 10727 5750 5433 3975 4081 4977 2951
internal_count=202345 72838 26885 7583 19302 15221 14702 10727 5750 5433 3975 4081 4977 2951
is_linear=0
shrinkage=0.05


Tree=346
num_leaves=15
num_cat=0
split_feature=44 49 38 41 45 52 38 42 51 37 50 51 51 38
split_gain=12.4158 29.4057 30.9149 33.1481 24.3346 24.0498 25.478 16.4508 16.1476 13.1421 35.9461 55.9724 39.1271 35.2559
threshold=-10.848529815673826 812.50000000000011 13.750000000000002 1.0000000180025095e-35 -6.41363501548767 0.98932364583015453 16.750000000000004 19.550000190734867 -0.6035533845424651 66.500000000000014 1.0000000180025095e-35 -0.12940952181816107 -0.37940952181816096 13.449999809265138
decision_type=2 8 2 2 2 2 2 2 2 2 2 2 2 2
left_child=1 2 -1 -4 -5 6 7 -6 -8 -2 11 -11 13 -12
right_child=9 -3 3 4 5 -7 8 -9 -10 10 12 -13 -14 -15
leaf_value=-0.0071450887289962982 -0.00018884674698567156 0.0022037156805715108 0.0049276186125458595 0.0043433875107018113 0.0051176788102607835 -0.013590160197349333 -0.0078597532270248734 -0.010493980252688323 -0.0014629726170083167 -0.0011981250551814206 0.0022658065623521783 0.0012408522678365606 -0.00056557986409193079 -9.0727511877151953e-05
leaf_weight=1124 92786 1944 660 498 611 295 1365 63 3124 7063 7090 32144 43962 9739
leaf_count=1124 92786 1944 660 498 611 295 1365 63 3124 7063 7090 32144 43962 9739
internal_value=-2.4694e-06 -0.0017485 -0.00312903 -0.00181859 -0.00300034 -0.00396854 -0.00315581 0.00584795 -0.00451767 8.53242e-05 0.000482961 0.00166318 -0.000278367 0.00177119
internal_weight=202468 9684 7740 6616 5956 5458 5163 674 4489 192784 99998 39207 60791 16829
internal_count=202468 9684 7740 6616 5956 5458 5163 674 4489 192784 99998 39207 60791 16829
is_linear=0
shrinkage=0.05


Tree=347
num_leaves=15
num_cat=0
split_feature=0 21 15 15 9 15 21 16 43 36 44 49 7 28
split_gain=14.6353 26.9748 26.9726 21.4285 19.7996 18.7409 15.691 15.2837 21.1033 24.915 18.7347 17.0979 27.4645 25.5795
threshold=33.149999618530281 48.500000000000007 43.850000381469734 147.85000610351565 104.90000152587892 45.549999237060554 218.50000000000003 14.050000190734865 4207.5000000000009 26.250000000000004 -1.2880276441574094 -22.499999999999996 40.250000000000007 23.500000000000004
decision_type=2 2 2 2 2 2 2 2 8 2 2 8 2 2
left_child=1 4 -2 6 -1 -4 -3 8 9 -7 -11 -9 13 -13
right_child=2 3 5 -5 -6 7 -8 11 -10 10 -12 12 -14 -15
leaf_value=0.0024819124642103301 -0.0020918986323269048 0.00015020625521406373 0.003449175878966679 0.0083043003476583437 0.020374812337386718 -0.0037940490162801073 0.0062690717109691709 -0.00038748624115932838 -0.0077857922754129595 0.0038130139612483171 -0.0045223565098344853 0.011707422104306052 -1.1042683548192351e-05 0.0011138585437620607
leaf_weight=2897 4388 34557 1223 284 252 1432 435 54734 462 1092 460 493 84523 14926
leaf_count=2897 4388 34557 1223 284 252 1432 435 54734 462 1092 460 493 84523 14926
internal_value=2.15168e-05 0.000899571 -0.000184588 0.000503032 0.00532605 -7.79706e-05 0.000389978 -0.000125844 -0.00341435 -0.00185371 0.00252881 -5.23641e-05 0.000336662 0.00227656
internal_weight=202158 38425 163733 35276 3149 159345 34992 158122 3446 2984 1552 154676 99942 15419
internal_count=202158 38425 163733 35276 3149 159345 34992 158122 3446 2984 1552 154676 99942 15419
is_linear=0
shrinkage=0.05


Tree=348
num_leaves=15
num_cat=0
split_feature=19 53 20 56 33 12 55 46 12 41 15 53 52 47
split_gain=13.2154 21.2758 34.9876 15.2335 14.8349 34.6273 34.32 37.2497 24.7409 30.4223 31.7621 28.8106 26.7882 23.5981
threshold=17.750000000000004 0.96407344937324535 5.4500000476837167 35.350000381469734 9.5500001907348651 58.028472900390632 2.5000000000000004 3.6499999761581425 50.809028625488288 74.500000000000014 53.350000381469734 -0.30164489150047297 0.99865421652793895 5.0962250232696542
decision_type=2 2 2 2 2 2 2 2 2 2 2 2 2 2
left_child=1 2 -1 -4 -2 8 -7 -8 12 10 -10 -12 13 -6
right_child=4 -3 3 -5 5 6 7 -9 9 -11 11 -13 -14 -15
leaf_value=-0.0075207781100707144 3.7444925610505278e-05 0.035003851825291088 0.001738515409185798 0.010540409529157703 0.0016411058401564539 0.00092222389798244687 -0.012317901363778758 -0.0015280060486803249 -0.0084440736726832753 -0.0021976967926856982 0.0075885074011818295 -0.0029359652682361482 0.0077346779663982198 -0.0017747368769292643
leaf_weight=557 185937 231 1294 416 1633 943 1179 857 169 907 1138 234 382 6859
leaf_count=557 185937 231 1294 416 1633 943 1179 857 169 907 1138 234 382 6859
internal_value=1.47968e-06 0.00360845 0.00209706 0.00563953 -4.36958e-05 -0.00159493 -0.00638173 -0.0100196 -0.000330921 0.00410903 0.00836557 0.01089 -0.00155898 -0.00214655
internal_weight=202736 2498 2267 1710 200238 14301 2979 2036 11322 2448 1541 1372 8874 8492
internal_count=202736 2498 2267 1710 200238 14301 2979 2036 11322 2448 1541 1372 8874 8492
is_linear=0
shrinkage=0.05


Tree=349
num_leaves=15
num_cat=0
split_feature=49 42 43 44 47 54 41 16 37 16 12 54 16 41
split_gain=14.818 19.6804 27.6554 24.7314 22.9146 34.5074 23.7066 21.8157 23.7898 20.7521 27.0485 36.37 29.8227 30.2798
threshold=1.0000000180025095e-35 3.5499999523162846 22.500000000000004 7.553326129913331 5.9505317211151132 11.500000000000002 1.0000000180025095e-35 122.70000076293947 77.500000000000014 91.599998474121108 78.136806488037124 9.5000000000000018 59.699998855590827 95.500000000000014
decision_type=10 2 8 2 2 2 2 2 2 2 2 2 2 2
left_child=1 7 3 -3 -4 9 -7 8 -1 10 11 -6 -12 -14
right_child=-2 2 4 -5 5 6 -8 -9 -10 -11 12 -13 13 -15
leaf_value=-0.0016277215298553358 0.00024033280937519263 0.0012120735718470844 0.00047657842890395517 0.0089009432742589763 -0.00033442416811189511 -0.0054074212270925574 0.00081003161202490711 -0.0024435556730629613 0.00015553320585169896 -0.0059282148948401545 0.0025093116393854089 -0.0035527901931851126 -0.0023196454146508865 0.0057129888151409803
leaf_weight=11872 87152 5496 22942 350 48291 1411 578 904 10985 746 5613 2847 2619 422
leaf_count=11872 87152 5496 22942 350 48291 1411 578 904 10985 746 5613 2847 2619 422
internal_value=-1.50812e-05 -0.000387536 -5.39283e-05 0.00327015 -0.000281648 -0.00077754 -0.00724112 -0.00166905 -0.0013655 -0.000564015 -0.000459851 -0.000897396 0.00212373 -0.00186005
internal_weight=202228 115076 91315 5846 85469 62527 1989 23761 22857 60538 59792 51138 8654 3041
internal_count=202228 115076 91315 5846 85469 62527 1989 23761 22857 60538 59792 51138 8654 3041
is_linear=0
shrinkage=0.05


Tree=350
num_leaves=15
num_cat=0
split_feature=0 24 12 9 28 56 30 36 50 55 25 26 44 47
split_gain=14.1372 20.2775 20.6177 20.1347 24.1573 19.3193 20.0204 18.0939 17.762 17.0293 20.5062 19.8373 28.4328 36.2457
threshold=85.549999237060561 484.00000000000006 73.247222900390639 126.89999771118165 95.500000000000014 47.45000076293946 77.500000000000014 10.250000000000002 0.37940952181816107 5.5000000000000009 38.350000381469734 0.93815889954566967 -3.1985763311386104 6.5883038043975839
decision_type=2 2 2 2 2 2 8 2 2 2 2 2 2 2
left_child=1 3 -3 -1 -5 -2 9 -6 -8 11 -11 12 -7 -14
right_child=5 2 -4 4 7 6 8 -9 -10 10 -12 -13 13 -15
leaf_value=6.2780099006648493e-05 -0.0024279893391966957 0.0054424062834170636 -0.012714455178151002 0.0019701076253296952 0.0081998005052008223 -0.00050573799693224013 -0.00018561514175602367 -0.016248276600691173 -0.0018870241642326036 -0.00023271089743898447 -0.0033138219475905548 -0.00034192881306862981 0.0028623872423722747 -0.00015738255811151571
leaf_weight=142405 4167 394 51 6786 51 5073 10495 223 6537 2978 1180 11230 6517 3997
leaf_count=142405 4167 394 51 6786 51 5073 10495 223 6537 2978 1180 11230 6517 3997
internal_value=3.81011e-05 0.000284819 0.0108242 0.000252718 0.00285714 -0.000670704 -0.000386842 -0.0114437 -0.00176329 0.00037034 -0.00260317 0.000832184 0.00198596 0.00346826
internal_weight=202084 149910 445 149465 7060 52174 48007 274 17032 30975 4158 26817 15587 10514
internal_count=202084 149910 445 149465 7060 52174 48007 274 17032 30975 4158 26817 15587 10514
is_linear=0
shrinkage=0.05


Tree=351
num_leaves=15
num_cat=0
split_feature=8 6 10 56 16 38 52 46 53 52 55 36 56 53
split_gain=14.1744 17.4717 19.3957 19.0205 24.3714 37.3597 20.9025 30.1721 35.0957 29.4786 22.8255 37.4412 28.1905 20.8813
threshold=31.849999427795414 9.0500001907348651 11.283333301544191 38.95000076293946 11.150000095367433 18.250000000000004 -0.33425341546535486 8.5500001907348651 -0.99465739727020253 -0.39826117455959315 1.0000000180025095e-35 24.849999427795414 14.050000190734865 -0.88620507717132557
decision_type=2 2 2 2 2 2 2 2 2 2 2 2 2 2
left_child=-1 2 -2 6 5 -5 9 10 -9 13 11 -8 -12 -3
right_child=1 3 -4 4 -6 -7 7 8 -10 -11 12 -13 -14 -15
leaf_value=0.00057773201723106409 0.031259711363454026 0.0052551562317048571 -0.0037052305221037586 -0.01002477289855206 0.00011085701779752767 0.0040463391616762162 0.0013318584431747051 -0.005063004316854856 0.0041560408037120827 -0.0062202395246480028 -0.0072915299157593544 -0.0054085502249313416 0.00017634365179059128 -0.0013109417725616025
leaf_weight=35125 219 332 86 519 128477 253 1229 340 1628 667 691 2117 17684 13093
leaf_count=35125 219 332 86 519 128477 253 1229 340 1628 667 691 2117 17684 13093
internal_value=9.38411e-05 -9.78517e-05 0.0116667 -0.000120031 0.00016846 -0.00863171 -0.00110674 -0.000199376 0.00571284 -0.00263083 -0.000737426 -0.0045292 -4.48735e-05 -0.00211574
internal_weight=202460 167335 305 167030 129249 772 37781 23689 1968 14092 21721 3346 18375 13425
internal_count=202460 167335 305 167030 129249 772 37781 23689 1968 14092 21721 3346 18375 13425
is_linear=0
shrinkage=0.05


Tree=352
num_leaves=15
num_cat=0
split_feature=40 12 13 47 52 56 13 42 52 33 37 56 40 12
split_gain=12.4816 45.3292 41.0801 27.8245 23.066 21.9474 20.6576 20.1527 17.0637 15.7815 16.1092 18.3112 14.8219 33.7318
threshold=971.85000610351574 76.131946563720717 76.945831298828139 7.2844097614288339 0.48314048349857336 105.79999923706056 65.286308288574233 3.8500000238418584 0.039769539609551437 1.8499999642372134 16.500000000000004 64.599998474121108 979.85000610351574 86.419445037841811
decision_type=2 2 2 2 2 2 2 2 2 2 2 2 2 2
left_child=1 2 3 4 7 -3 9 -1 -9 10 -5 -12 13 -2
right_child=12 5 -4 6 -6 -7 -8 8 -10 -11 11 -13 -14 -15
leaf_value=-0.0002820472778102601 -0.00026123727060786694 0.0054329393483853548 -0.0048538831751262996 -0.013980221009076206 -0.0051684051169138615 -0.0034608394475138474 0.0030788639161193608 0.0058772350050342011 0.0015357012240108791 -0.0044621780720681984 0.0013063863924593099 -0.006655933951929433 0.00014067218500119771 -0.004905055867990591
leaf_weight=715 65690 579 314 145 212 59 383 1181 768 575 1254 200 128844 1417
leaf_count=715 65690 579 314 145 212 59 383 1181 768 575 1254 200 128844 1417
internal_value=2.71812e-05 0.00220094 0.000786 0.00181426 0.00518018 0.0147377 -0.00197702 0.00645101 0.00907351 -0.00386905 -0.00128962 0.00034153 -4.37587e-05 -0.00064626
internal_weight=202336 6385 5747 5433 2876 638 2557 2664 1949 2174 1599 1454 195951 67107
internal_count=202336 6385 5747 5433 2876 638 2557 2664 1949 2174 1599 1454 195951 67107
is_linear=0
shrinkage=0.05


Tree=353
num_leaves=15
num_cat=0
split_feature=8 15 15 47 46 19 46 47 13 1 13 9 9 19
split_gain=13.2321 20.8803 27.2618 29.1628 21.5094 19.6458 26.3126 15.3661 23.6482 17.6108 20.3594 15.2987 14.3412 28.9721
threshold=28.550000190734867 42.649999618530281 48.45000076293946 5.9505317211151132 0.15000000223517421 237.25000000000003 3.9500000476837163 11.806363582611086 22.687202453613285 26.250000000000004 28.365178108215336 22.349999427795414 40.800001144409187 55.350000381469734
decision_type=2 2 2 2 2 2 2 2 2 2 2 2 2 2
left_child=1 7 3 4 -3 12 -7 8 -1 10 -10 -2 -4 -14
right_child=11 2 5 -5 -6 6 -8 -9 9 -11 -12 -13 13 -15
leaf_value=0.006126803271681372 -0.0013639535137724629 0.0038728023681330842 -0.00036974085542284819 0.0059849489406799397 -0.0046610277985410118 0.0053728895510912651 -0.011436641997503371 -0.0048917619911415166 -0.0052184525672313853 -0.0030776000195622834 0.0020314358189491206 -2.0086738523389382e-05 0.0036524635326992878 -5.430476057228934e-05
leaf_weight=339 7154 343 10058 1991 409 945 155 362 555 1960 2022 168767 2850 4654
leaf_count=339 7154 343 10058 1991 409 945 155 362 555 1960 2022 168767 2850 4654
internal_value=2.64101e-05 0.00106461 0.00175695 0.00640211 -0.0019685 0.00107112 0.00752252 -0.00176258 -0.0010131 -0.00197383 0.000744105 -0.000130875 0.000662987 0.00231568
internal_weight=202564 26643 21405 2743 752 18662 1100 5238 4876 4537 2577 175921 17562 7504
internal_count=202564 26643 21405 2743 752 18662 1100 5238 4876 4537 2577 175921 17562 7504
is_linear=0
shrinkage=0.05


Tree=354
num_leaves=15
num_cat=0
split_feature=0 14 53 43 13 32 17 53 52 13 47 25 19 52
split_gain=13.9742 23.3077 14.5551 18.4459 15.3815 12.4195 20.4259 17.7808 18.1255 60.5987 36.315 30.8036 25.0234 22.5586
threshold=16.849999427795414 2.5345773696899419 0.9543682634830476 182.50000000000003 50.90803527832032 -0.69145217537879933 -136.24999999999997 0.99981042742729198 -0.75015330314636219 88.583332061767592 7.396609067916871 19.349999427795414 56.750000000000007 -0.18492533266544339
decision_type=2 2 2 10 2 2 2 2 2 2 2 2 2 2
left_child=1 -1 3 4 -3 7 -7 8 9 10 11 -2 -11 -10
right_child=5 2 -4 -5 -6 6 -8 -9 13 12 -12 -13 -14 -15
leaf_value=0.027762011781811036 0.0012395243405288845 0.0025693631706949329 -0.027021162851992298 -0.00059631321676797142 0.011016036752772879 0.0063444238100805496 0.00017128495423501258 0.0031801734074008887 -0.0011630871013079747 -0.0059417466159088078 -0.0027566941296760629 -0.001736563287029369 0.0041830185701237253 -0.00018478117004712275
leaf_weight=232 10030 2180 136 2242 318 280 97834 813 19760 153 3763 3693 3104 57642
leaf_count=232 10030 2180 136 2242 318 280 97834 813 19760 153 3763 3693 3104 57642
internal_value=3.88249e-05 0.00261821 0.00186246 0.00233684 0.00528309 -2.81609e-05 0.00037045 -0.000423369 -0.000484693 0.000827591 -0.000340078 0.000853783 0.00707836 -0.000836434
internal_weight=202180 5108 4876 4740 2498 197072 98114 98958 98145 20743 17486 13723 3257 77402
internal_count=202180 5108 4876 4740 2498 197072 98114 98958 98145 20743 17486 13723 3257 77402
is_linear=0
shrinkage=0.05


Tree=355
num_leaves=15
num_cat=0
split_feature=0 35 23 45 15 35 23 31 16 16 19 52 13 10
split_gain=16.0347 25.6041 34.0178 22.0997 22.064 21.7858 19.9633 21.0746 18.5903 42.6392 43.8285 20.7714 20.5221 22.7717
threshold=63.449998855590827 32.500000000000007 0.51499998569488536 -1.5749143362045286 100.90000152587892 28.500000000000004 0.28499999642372137 -12.926080226898192 25.94999980926514 27.44999980926514 124.55000305175783 0.98932364583015453 96.953273773193374 112.04166793823244
decision_type=2 2 2 2 2 2 2 2 2 2 2 2 2 2
left_child=1 2 -1 -4 -3 -2 -6 -8 12 10 -10 -11 13 -7
right_child=5 4 3 -5 6 8 7 -9 9 11 -12 -13 -14 -15
leaf_value=-0.0011287312931145114 0.0006060576966799916 0.00034526378394332535 0.0018684642750242059 -0.00019578714845271407 0.0035614509355670677 -0.0022391104285653567 0.0086728076817669218 0.00080904643098071683 0.0070547691451052254 -0.00035099112614884873 -0.0031208727447449695 -0.0055731072210867582 0.0034249673978662062 -0.011306751326614687
leaf_weight=21246 13981 68479 6590 11897 1892 5186 347 8277 949 62125 363 530 350 368
leaf_count=21246 13981 68479 6590 11897 1892 5186 347 8277 949 62125 363 530 350 368
internal_value=3.80078e-05 0.000411831 -0.00062338 0.000944748 0.000932536 -0.000491283 0.00306384 0.00203845 -0.000851805 -0.000603733 0.0082829 -0.000791111 -0.00353399 -0.0042775
internal_weight=202580 118728 39733 18487 78995 83852 10516 8624 69871 63967 1312 62655 5904 5554
internal_count=202580 118728 39733 18487 78995 83852 10516 8624 69871 63967 1312 62655 5904 5554
is_linear=0
shrinkage=0.05


Tree=356
num_leaves=15
num_cat=0
split_feature=45 41 52 0 34 31 16 43 44 26 53 53 37 38
split_gain=13.4354 26.8519 34.4321 21.9889 19.3365 19.1847 20.0976 25.5959 24.8774 19.6405 35.886 25.8583 19.2612 19.6084
threshold=5.0284266471862802 99.500000000000014 -0.56368473172187794 141.80000305175784 3.1499999761581425 7.5353097915649423 20.550000190734867 172.50000000000003 -5.9462170600891104 0.70172464847564708 0.24997577071189883 -0.69676771759986866 83.500000000000014 23.750000000000004
decision_type=2 2 2 2 2 2 2 10 2 2 2 2 2 2
left_child=4 3 -3 5 -1 6 8 12 -2 10 -9 -11 13 -8
right_child=1 2 -4 -5 -6 -7 7 9 -10 11 -12 -13 -14 -15
leaf_value=7.4708372773357047e-06 0.011507008070597402 -0.0090024210333299378 6.9742334505296102e-07 -0.0026528807127956656 -0.0015039230074609168 -0.0013090296414259859 0.0019931194575515776 -0.0010953300191149568 0.0018823033963351055 0.0054396817430928685 0.0043210760655976775 -0.0033829500215850797 -0.00036835054895188458 0.0063383500590828284
leaf_weight=172683 1109 819 2412 692 7211 1468 3377 6316 2110 894 570 530 1073 928
leaf_count=172683 1109 819 2412 692 7211 1468 3377 6316 2110 894 570 530 1073 928
internal_value=5.06919e-05 0.00120809 -0.00300062 0.00192247 -9.28273e-05 0.0022532 0.0027295 0.00189079 0.00627903 0.00015024 -0.000957077 0.0054742 0.00457498 0.00606605
internal_weight=202192 22298 3231 19067 179894 18375 16907 13688 3219 8310 6886 1424 5378 4305
internal_count=202192 22298 3231 19067 179894 18375 16907 13688 3219 8310 6886 1424 5378 4305
is_linear=0
shrinkage=0.05


Tree=357
num_leaves=15
num_cat=0
split_feature=0 35 53 6 53 55 52 21 24 26 54 43 37 52
split_gain=13.7334 27.8619 21.9558 26.0842 20.3352 34.6003 24.1257 23.6735 23.5302 29.7971 31.4905 26.626 27.1066 23.6146
threshold=44.750000000000007 28.500000000000004 0.74298545718193065 21.349999427795414 -0.4906590580940246 1.5000000000000002 -0.86114627122879017 228.50000000000003 19.500000000000004 0.72713336348533641 3.5000000000000004 1.0000000180025095e-35 83.500000000000014 0.88220161199569713
decision_type=2 2 2 2 2 2 2 2 2 2 2 10 2 2
left_child=1 -1 4 -4 5 -3 -7 8 9 10 13 -12 -13 -6
right_child=-2 2 3 -5 7 6 -8 -9 -10 -11 11 12 -14 -15
leaf_value=-0.00088514752551750871 -0.00016074352715051145 -0.00052155984945562314 0.021485536714550488 0.0026283805979059661 0.00010936736501033774 0.0058339917060276454 0.0014231044317842168 0.0093454277131434244 -0.0012254006686812369 -0.0010165061534147923 -0.0034551876488190026 0.0021524213433592502 -0.0016742093639563135 0.0050406683930241895
leaf_weight=12222 128983 7785 287 2301 969 534 18590 283 11481 7425 1434 5905 2201 2111
leaf_count=12222 128983 7785 287 2301 969 534 18590 283 11481 7425 1434 5905 2201 2111
internal_value=6.78942e-06 0.000552096 0.000986692 0.00548499 0.000787529 0.00179892 0.00294241 -6.83554e-05 -0.000199772 0.000833957 0.00231196 0.000890052 0.00200222 0.00669903
internal_weight=202511 73528 61306 2588 58718 26909 19124 31809 31526 20045 12620 9540 8106 3080
internal_count=202511 73528 61306 2588 58718 26909 19124 31809 31526 20045 12620 9540 8106 3080
is_linear=0
shrinkage=0.05


Tree=358
num_leaves=15
num_cat=0
split_feature=0 46 52 46 46 46 57 38 38 38 12 36 37 56
split_gain=13.723 22.4441 30.2607 31.721 25.0207 26.9508 20.9096 29.6871 25.0547 18.0529 18.025 18.0139 16.4552 16.1356
threshold=139.00000000000003 0.65000000596046459 0.21022171527147296 1.5500000119209292 0.15000000223517421 1.0000000180025095e-35 122.04999923706056 15.150000095367433 21.94999980926514 12.550000190734865 183.12638854980472 5.6499998569488534 81.500000000000014 68.799999237060561
decision_type=2 2 2 2 2 2 2 2 2 2 2 2 2 2
left_child=6 4 3 10 5 13 11 -8 12 -6 -3 -1 -9 -2
right_child=1 2 -4 -5 9 -7 7 8 -10 -11 -12 -13 -14 -15
leaf_value=0.0069554847674917712 -0.0030672792595076272 -0.011551738278431046 -0.010922958228806021 0.0015876470742574368 0.0046348064337260108 -0.014331822038916271 0.0005883175989143119 0.0053435996456271811 -0.03643053348638671 -0.0011177016819468311 0.0055486485167196955 -1.3981376336910657e-05 0.002466711129046284 -0.00011964362408287688
leaf_weight=299 1291 480 652 1191 639 252 10785 694 56 315 56 169995 599 15375
leaf_count=299 1291 480 652 1191 639 252 10785 694 56 315 56 169995 599 15375
internal_value=-6.16708e-07 -0.00123513 -0.00578694 -0.00228843 -0.000626328 -0.00107219 0.000136485 0.00214097 0.00910596 0.00720954 -0.0122711 -6.45904e-06 0.0105718 -0.00082154
internal_weight=202679 20251 2379 1727 17872 16918 182428 12134 1349 954 536 170294 1293 16666
internal_count=202679 20251 2379 1727 17872 16918 182428 12134 1349 954 536 170294 1293 16666
is_linear=0
shrinkage=0.05


Tree=359
num_leaves=15
num_cat=0
split_feature=43 53 0 49 49 29 10 7 57 25 24 52 46 24
split_gain=13.1811 25.2071 21.2399 14.1344 17.1722 18.3932 17.2178 26.1201 24.4436 16.4504 16.9536 20.2173 15.6166 15.4717
threshold=12.500000000000002 0.26659387350082403 30.250000000000004 -7.4999999999999991 -89.97310638427733 3.5499999523162846 79.52500152587892 88.599998474121108 128.56667327880862 51.149999618530281 5.5000000000000009 -0.039770090952515595 18.44999980926514 340.50000000000006
decision_type=8 2 2 8 10 2 2 2 2 2 2 2 2 2
left_child=1 -1 -3 4 6 -6 7 13 12 -5 -11 -12 -8 -2
right_child=3 2 -4 9 5 -7 8 -9 -10 10 11 -13 -14 -15
leaf_value=-0.0032103184637880498 -9.8839182684365431e-05 0.017767599022280801 0.0013129739931942873 0.00019001410494252845 -0.0026162566053856947 -0.00063112110250459629 -0.0018126155337180251 0.0030873178181025449 0.00050819898275180633 -0.0001755968066964736 -0.0010715307059890823 -0.0093383612914448751 -0.015505927385282054 0.0040226532564880003
leaf_weight=422 45248 182 2402 113890 3094 19597 6246 2883 3920 2204 977 427 213 802
leaf_count=422 45248 182 2402 113890 3094 19597 6246 2883 3920 2204 977 427 213 802
internal_value=-6.45625e-05 0.00321618 0.00506939 -0.000114154 -0.00061789 -0.00178737 -0.000170257 0.000222197 -0.00201896 0.000237431 -0.00308181 -0.00735502 -0.0039071 -6.73035e-05
internal_weight=202507 3006 2584 199501 82003 22691 59312 48933 10379 117498 3608 1404 6459 46050
internal_count=202507 3006 2584 199501 82003 22691 59312 48933 10379 117498 3608 1404 6459 46050
is_linear=0
shrinkage=0.05


Tree=360
num_leaves=15
num_cat=0
split_feature=27 47 42 50 55 16 26 53 33 52 43 46 50 8
split_gain=12.0561 13.1396 37.8988 38.4877 28.9668 29.1552 24.4887 38.5158 33.1042 31.4292 28.3506 27.4923 26.433 29.7035
threshold=39.850000381469734 4.1402127742767343 3.8500000238418584 -0.7865660786628722 1.0000000180025095e-35 27.349999427795414 0.81173244118690502 -0.95752304792404164 0.25000000745058065 -0.96235975623130787 207.50000000000003 0.25000000745058065 -0.91597560048103321 24.44999980926514
decision_type=2 2 2 2 2 2 2 2 2 2 10 2 2 2
left_child=1 2 3 -1 5 -5 -3 8 -8 11 -11 -9 -12 -14
right_child=-2 6 -4 4 -6 -7 7 9 -10 10 12 -13 13 -15
leaf_value=-0.002403315894474495 0.001833393363878827 3.738435790860799e-05 0.0013224694801731941 0.0030235367234346042 0.00061514553280873734 -0.0031780206859584551 -0.006260646149679569 -0.0021525230667535865 0.0058113424890880588 -0.00044926429186878045 0.0012046215238913584 0.0050367041260680097 0.0017166133741760234 -0.004015464720206233
leaf_weight=3066 3224 141216 11073 514 10743 1631 299 987 1230 15314 1616 1471 1002 8750
leaf_count=3066 3224 141216 11073 514 10743 1631 299 987 1230 15314 1616 1471 1002 8750
internal_value=1.97877e-06 -4.72547e-05 0.000977364 -0.000582561 0.000616375 -0.00467517 -0.000208412 -0.0014888 0.00622157 -0.00189537 -0.00239398 0.00350486 -0.00428458 -0.00526531
internal_weight=202136 198912 27027 15954 12888 2145 171885 30669 1529 29140 26682 2458 11368 9752
internal_count=202136 198912 27027 15954 12888 2145 171885 30669 1529 29140 26682 2458 11368 9752
is_linear=0
shrinkage=0.05


Tree=361
num_leaves=15
num_cat=0
split_feature=4 57 33 23 5 34 18 37 13 47 21 6 36 54
split_gain=13.9981 25.4694 20.262 23.736 19.4892 21.2476 21.1623 19.4614 19.9287 18.8093 16.8221 18.767 16.2109 15.8537
threshold=105.79999923706056 120.31666946411134 0.45000000298023229 1.6649999618530276 74.599998474121108 -0.45000000298023218 14.050000190734865 87.500000000000014 93.301189422607436 6.6585786342620858 192.50000000000003 241.65000152587893 29.849999427795414 1.5000000000000002
decision_type=2 2 2 2 2 2 2 2 2 2 2 2 2 2
left_child=1 13 3 4 5 -2 -6 8 -3 -8 11 -4 -11 -1
right_child=2 7 10 -5 6 -7 9 -9 -10 12 -12 -13 -14 -15
leaf_value=0.0016435658183388145 0.0027877655580244029 0.0031741927140724602 -0.0011934630287244571 0.0051107950141746974 -0.00010649513380864146 -0.00016661655816340855 -0.00090456602295243378 0.0035311550413308496 -0.00022532110006561192 -0.005524917356891099 -0.014588542510746009 -0.01515704533131218 0.0033179208241431338 -1.1103047871997147e-05
leaf_weight=3642 1816 1057 2194 729 17256 3363 8467 2103 3449 1636 188 206 193 156387
leaf_count=3642 1816 1057 2194 729 17256 3363 8467 2103 3449 1636 188 206 193 156387
internal_value=-1.08537e-05 0.00018242 -0.000904099 -0.000573648 -0.000773495 0.00203796 -0.00130252 0.00322179 0.00136182 -0.00309528 -0.00515781 -0.0039834 -0.0076808 5.67049e-05
internal_weight=202686 166638 36048 33460 32731 5179 27552 6609 4506 10296 2588 2400 1829 160029
internal_count=202686 166638 36048 33460 32731 5179 27552 6609 4506 10296 2588 2400 1829 160029
is_linear=0
shrinkage=0.05


Tree=362
num_leaves=15
num_cat=0
split_feature=43 31 19 43 44 52 53 41 19 41 47 13 23 16
split_gain=12.773 18.4905 26.1169 14.1707 42.6728 43.985 33.002 29.4168 18.6199 18.6164 17.8587 15.4599 14.0415 14.1417
threshold=2597.5000000000005 -2.136533141136169 56.250000000000007 1622.5000000000002 -2.4918224811553951 0.039769539609551437 -0.50557503104209889 2.5000000000000004 69.299999237060561 83.500000000000014 6.5178174972534189 56.910120010375984 0.65500000119209301 39.399999618530281
decision_type=10 2 2 10 2 2 2 2 2 2 2 2 2 2
left_child=3 -2 -3 -1 -5 6 12 11 10 -10 -7 -8 -6 -14
right_child=1 2 -4 4 5 8 7 -9 9 -11 -12 -13 13 -15
leaf_value=3.1041454931392264e-05 0.0045547326013116798 0.0028036430961538017 -0.0037908290862774629 0.0029320380412840297 0.0074060228053205272 -0.0035479687206436553 -0.0023681630725335421 -0.0042667891652633056 -0.00604439261309451 0.0012490146725508398 0.00053128848727319042 0.0059260435726352541 0.0038148633010197941 -0.00090181100325037455
leaf_weight=191018 1258 1024 863 1742 380 946 135 882 1890 270 971 331 183 309
leaf_count=191018 1258 1024 863 1742 380 946 135 882 1890 270 971 331 183 309
internal_value=2.10175e-05 0.0031775 3.95361e-05 -2.90103e-05 -0.00208411 -0.00399952 0.00165919 -0.00324006 -0.00707732 -0.0102535 -0.00346393 0.00682773 0.00918367 0.00348606
internal_weight=202202 3145 1887 199057 8039 6297 2220 1348 4077 2160 1917 466 872 492
internal_count=202202 3145 1887 199057 8039 6297 2220 1348 4077 2160 1917 466 872 492
is_linear=0
shrinkage=0.05


Tree=363
num_leaves=15
num_cat=0
split_feature=0 14 53 52 31 6 17 8 24 14 46 52 15 31
split_gain=13.4503 15.6449 25.918 23.2138 17.0384 14.3594 14.3292 13.7683 20.6142 13.1129 35.7269 32.6259 78.3972 28.6751
threshold=242.60000610351565 54.723276138305671 0.99803557991981517 -0.51297807693481434 0.18843336403369906 109.54999923706056 15.050000190734865 118.15000152587892 5.5000000000000009 33.113794326782234 0.25000000745058065 -0.7386675477027892 144.1499938964844 -6.5663831233978263
decision_type=2 2 2 2 2 2 2 2 2 2 2 2 2 2
left_child=1 9 3 -3 -4 -5 -7 -2 -9 -1 11 12 -11 -13
right_child=7 2 4 5 -6 6 -8 8 -10 10 -12 13 -14 -15
leaf_value=5.6342302023403015e-05 0.0013666450887476701 -0.0015854887543337974 -0.010850763971318077 0.00429528362584703 3.7170686306609374e-05 0.00026090769032674211 0.0037772781520733741 -0.00058901792687719864 -0.0071365021582351293 -0.0059722200351791811 -0.0033551612186888211 0.0038944385363413169 0.0033702405670918314 -0.00071513672474547989
leaf_weight=168430 427 502 246 1071 390 1747 999 1137 630 706 4329 1090 2767 17855
leaf_count=168430 427 502 246 1071 390 1747 999 1137 630 706 4329 1090 2767 17855
internal_value=-4.00324e-05 2.74805e-06 0.00277442 0.00416378 -0.00657895 0.00549386 0.00355588 -0.00392468 -0.00586663 -6.77555e-05 -0.00109597 -0.000292046 0.0041559 -0.00110921
internal_weight=202326 200132 4955 4319 636 3817 2746 2194 1767 195177 26747 22418 3473 18945
internal_count=202326 200132 4955 4319 636 3817 2746 2194 1767 195177 26747 22418 3473 18945
is_linear=0
shrinkage=0.05


Tree=364
num_leaves=15
num_cat=0
split_feature=0 47 42 36 16 51 37 11 11 16 24 13 24 23
split_gain=13.7481 17.6188 36.7518 21.6709 25.4029 22.7758 22.7355 21.3533 21.1205 32.5558 27.1575 18.677 18.4406 26.2774
threshold=215.35000610351565 3.9468418359756474 3.2500000000000004 24.650000572204593 35.549999237060554 -0.6035533845424651 69.500000000000014 219.57291412353518 43.735416412353523 41.149999618530281 5.5000000000000009 66.394943237304702 2.5000000000000004 0.27500000596046453
decision_type=2 2 2 2 2 2 2 2 2 2 2 2 2 2
left_child=1 2 3 4 5 -1 11 -3 10 12 -4 -7 -10 -14
right_child=-2 7 8 -5 -6 6 -8 -9 9 -11 -12 -13 13 -15
leaf_value=0.0055333797288698063 -0.0010852001088255008 -7.2645199504057717e-05 0.0017929652979698494 -0.0020969242310314652 -0.00053723328549522005 0.0029427650312188083 0.0019437149438905539 0.006532143416077405 0.0048378514371473797 0.00074459252963545862 -0.0054729146329211336 -0.0063571094081382121 -0.0027244989544071411 0.0034153986486491262
leaf_weight=581 4241 176412 604 2394 5653 137 1552 365 1168 5546 587 370 456 2248
leaf_count=581 4241 176412 604 2394 5653 137 1552 365 1168 5546 587 370 456 2248
internal_value=-1.5322e-05 4.50569e-05 0.00140336 -0.000666075 0.000544984 0.00458491 0.00209038 -0.000118646 0.00348667 0.0042798 -0.00276853 -0.00701161 0.00779238 0.00549005
internal_weight=202314 198073 21296 10687 8293 2640 2059 176777 10609 9418 1191 507 3872 2704
internal_count=202314 198073 21296 10687 8293 2640 2059 176777 10609 9418 1191 507 3872 2704
is_linear=0
shrinkage=0.05


Tree=365
num_leaves=15
num_cat=0
split_feature=38 55 44 15 49 51 48 49 13 52 44 36 24 48
split_gain=13.5646 21.575 20.6066 26.3317 12.3352 20.3697 18.7127 25.3937 20.0938 20.6211 17.8038 25.8198 39.8291 17.0454
threshold=1.7500000000000002 1.5000000000000002 7.8792846202850351 73.90000152587892 1.0000000180025095e-35 0.12940952181816107 0.75000000000000011 -657.49999999999989 43.658332824707038 -0.99054482579231251 -1.0000000180025095e-35 16.050000190734867 12.500000000000002 -2.6499999761581416
decision_type=2 2 2 2 10 2 2 10 2 2 2 2 2 2
left_child=1 2 3 -1 5 13 7 -7 9 -9 -10 -12 -13 -2
right_child=4 -3 -4 -5 -6 6 -8 8 10 -11 11 12 -14 -15
leaf_value=-0.000669440702520956 1.6041186833093065e-05 -0.0038449190421157966 -0.0044287465143572347 0.013411049696727302 0.00025566319048178079 0.00050045002843014663 0.0010769045416934243 -0.0071826508189450303 0.00026146359733654343 -0.0018588334030301601 -0.0019786757410301331 0.0030880109186351497 -0.0025901728016205269 -0.00094663269648367215
leaf_weight=406 18287 1592 183 227 86097 25027 14027 295 14404 4856 5726 2337 2142 26904
leaf_count=406 18287 1592 183 227 86097 25027 14027 295 14404 4856 5726 2337 2142 26904
internal_value=-2.02449e-05 -0.00374276 0.00284504 0.00711509 2.47361e-05 -0.000316406 0.000225212 -0.000192073 -0.00117904 -0.00401569 -0.000583899 -0.00218062 0.000662731 -0.00114101
internal_weight=202510 2408 816 633 200102 114005 68814 54787 29760 5151 24609 10205 4479 45191
internal_count=202510 2408 816 633 200102 114005 68814 54787 29760 5151 24609 10205 4479 45191
is_linear=0
shrinkage=0.05


Tree=366
num_leaves=15
num_cat=0
split_feature=23 26 18 43 8 18 16 24 38 33 47 53 16 15
split_gain=12.0148 14.5421 22.3072 17.2825 12.4136 12.3452 18.9741 17.6386 14.4928 40.012 27.3011 20.6149 45.2662 31.299
threshold=0.14500000327825549 0.81173244118690502 -53.450000762939446 807.50000000000011 87.90000152587892 -56.04999923706054 26.650000572204593 10.500000000000002 8.4499998092651385 1.0000000180025095e-35 1.8763333559036257 0.9800505042076112 102.90000152587892 155.30000305175784
decision_type=2 2 2 8 2 2 2 2 2 2 2 2 2 2
left_child=1 2 -1 4 -4 6 -2 -8 9 11 -10 13 -13 -7
right_child=5 -3 3 -5 -6 8 7 -9 10 -11 -12 12 -14 -15
leaf_value=-0.019327987234956129 0.0063930721232630869 -0.0001840593171939485 0.011111892822014925 0.0010118123220218039 -0.0016189663637086211 0.00013755420193262147 0.001184115625200101 -0.0020401763404987914 -0.0044264941459158961 -0.0032122959745764902 5.7696743361030294e-05 0.0026503052266173971 -0.00108082632400687 -0.0017138963115237134
leaf_weight=126 709 1988 837 944 125 15165 4806 1656 549 4515 160268 2970 1687 6453
leaf_count=126 709 1988 837 944 125 15165 4806 1656 549 4515 160268 2970 1687 6453
internal_value=1.42992e-05 0.00271712 0.00568071 0.00704593 0.0117284 -4.04954e-05 0.00199485 0.00113566 -0.000116769 -0.00111039 7.35262e-05 -0.000362374 0.0026516 -0.00101258
internal_weight=202798 4020 2032 1906 962 198778 7171 6462 191607 30790 160817 26275 4657 21618
internal_count=202798 4020 2032 1906 962 198778 7171 6462 191607 30790 160817 26275 4657 21618
is_linear=0
shrinkage=0.05


Tree=367
num_leaves=15
num_cat=0
split_feature=57 54 41 37 19 54 13 40 15 47 16 13 15 47
split_gain=13.7313 22.442 27.4247 17.4781 17.5833 16.547 49.448 42.0266 46.8425 34.7187 50.192 28.7842 37.0676 37.9427
threshold=191.76666259765628 11.500000000000002 11.500000000000002 84.500000000000014 144.59999847412112 11.500000000000002 61.531547546386726 991.54998779296886 168.80000305175784 6.797849416732789 94.65000152587892 88.583332061767592 193.94999694824222 2.8229968547821049
decision_type=2 2 2 2 2 2 2 2 2 2 2 2 2 2
left_child=5 3 -3 -2 -5 -1 -7 9 -9 11 -11 -8 13 -13
right_child=1 2 -4 4 -6 6 7 8 -10 10 -12 12 -14 -15
leaf_value=1.7050900871279363e-05 -0.0029433986815966462 0.005484179428097361 0.00018408498291259403 0.0066933266041197181 0.00022381738120962627 0.0096958556941741918 0.0012283774929693616 0.0025896916102955362 -0.001786637374034253 -0.0059526590979500082 0.0084487927853305663 0.0008366417414031658 0.00033022837402554573 -0.005918837430404153
leaf_weight=180994 952 869 778 419 2778 796 1576 2922 2899 1930 134 675 1869 2250
leaf_count=180994 952 869 778 419 2778 796 1576 2922 2899 1930 134 675 1869 2250
internal_value=-2.81148e-05 0.00236824 0.00728727 0.000402741 0.00217493 -9.90793e-05 -0.00169145 -0.00237119 0.000896073 -0.00462459 -0.0102459 -0.00278997 -0.00471482 -0.00821976
internal_weight=201841 5796 1647 4149 3197 196045 15051 14255 5821 8434 2064 6370 4794 2925
internal_count=201841 5796 1647 4149 3197 196045 15051 14255 5821 8434 2064 6370 4794 2925
is_linear=0
shrinkage=0.05


Tree=368
num_leaves=15
num_cat=0
split_feature=49 26 37 57 55 40 55 52 54 52 13 37 54 52
split_gain=11.8207 19.1164 33.3027 25.8651 28.6956 26.2996 25.7417 24.5607 23.4565 38.4972 22.6637 22.5559 40.3576 36.5225
threshold=5.0537879467010507 0.69904670119285595 84.500000000000014 122.04999923706056 3.5000000000000004 987.35000610351574 1.0000000180025095e-35 -0.4218058288097381 11.500000000000002 -0.4218058288097381 128.39910888671878 83.500000000000014 11.500000000000002 -0.2603763341903686
decision_type=8 2 2 2 2 2 2 2 2 2 2 2 2 2
left_child=1 3 8 11 7 -6 -4 -5 10 -10 -3 12 -1 -13
right_child=-2 2 6 4 5 -7 -8 -9 9 -11 -12 13 -14 -15
leaf_value=0.00039184162290422378 0.00016570688741676597 -0.0015359729703814053 -0.0023057725679207098 0.0053100614821233018 0.0040789051613705869 -0.0023585359402076458 0.00074780211912308194 0.00080290561888011211 -0.0045290421388750612 0.0018403027401916934 -0.0040572205937216476 -0.0016738270320998578 -0.004984758783227722 0.00093573344869171129
leaf_weight=38892 108744 14885 1990 1455 423 1536 10132 1665 471 2483 1519 11701 1111 5259
leaf_count=38892 108744 14885 1990 1455 423 1536 10132 1665 471 2483 1519 11701 1111 5259
internal_value=-2.94153e-05 -0.00044156 -0.0014449 6.76852e-05 0.003483 -0.00125698 0.000609957 0.00645367 -0.00273131 0.0013664 -0.0034696 -0.000237393 0.000410492 -0.00176488
internal_weight=202266 93522 31480 62042 5079 1959 12122 3120 19358 2954 16404 56963 40003 16960
internal_count=202266 93522 31480 62042 5079 1959 12122 3120 19358 2954 16404 56963 40003 16960
is_linear=0
shrinkage=0.05


Tree=369
num_leaves=15
num_cat=0
split_feature=50 17 57 52 40 52 36 6 31 52 49 25 12 56
split_gain=12.0723 11.5394 13.9097 28.5737 25.2254 29.6941 22.6815 20.6275 22.0482 22.2596 18.2473 18.0398 17.7831 22.4447
threshold=0.98296290636062633 118.65000152587892 85.950000762939467 -0.99467751383781422 972.85000610351574 0.21022171527147296 30.44999980926514 56.95000076293946 -5.932713270187377 -0.99866804480552662 11.250000000000002 9.2500000000000018 81.113887786865249 48.850000381469734
decision_type=2 2 2 2 2 2 2 2 2 2 10 2 2 2
left_child=1 2 7 -4 5 -5 -6 -1 9 -9 11 -10 -8 -14
right_child=-2 -3 3 4 6 -7 12 8 10 -11 -12 -13 13 -15
leaf_value=0.00018487248687588942 -0.001101191935816262 -0.0021471491732910908 0.0046199828725013324 0.0063345598835371809 0.00032961122920182055 -0.0032640966742310791 -7.7282441647075217e-05 -0.01193155267564585 0.0011619391489496311 0.0006931830737396949 -0.00032939508047959978 -0.00185746472259192 0.0055584016027932729 -0.0072486743303318783
leaf_weight=96401 8377 1056 806 592 44740 106 533 193 1777 11113 23973 12317 53 459
leaf_count=96401 8377 1056 806 592 44740 106 533 193 1777 11113 23973 12317 53 459
internal_value=4.19741e-05 0.000122213 0.00015085 0.000895896 0.000732906 0.0100989 0.000587946 -9.08879e-05 -0.000921876 0.00101626 -0.00149762 -0.0029247 -0.00665877 -0.0132184
internal_weight=202496 194119 193063 47289 46483 698 45785 145774 49373 11306 38067 14094 1045 512
internal_count=202496 194119 193063 47289 46483 698 45785 145774 49373 11306 38067 14094 1045 512
is_linear=0
shrinkage=0.05


Tree=370
num_leaves=15
num_cat=0
split_feature=23 5 32 38 24 52 38 12 47 38 46 12 12 52
split_gain=13.3363 33.4473 12.5577 19.6311 28.7102 31.5281 31.0081 39.7886 30.8849 27.1232 30.9476 26.553 26.986 25.9161
threshold=0.044999999925494201 30.550000190734867 -0.5011233091354369 16.750000000000004 4.5000000000000009 -0.17647087574005124 8.2500000000000018 93.800693511962905 10.401041507720949 9.3499999046325701 0.55000001192092907 102.67291641235353 86.419445037841811 -0.97113886475563038
decision_type=2 2 2 2 2 2 2 2 2 2 2 2 2 2
left_child=1 -1 3 4 5 6 7 8 -2 10 -7 12 -5 -8
right_child=2 -3 -4 11 -6 9 13 -9 -10 -11 -12 -13 -14 -15
leaf_value=0.027629366979111881 0.00034343577054750108 -0.022859333160199124 0.00025957133213343236 0.0004819320059344712 -0.0008672421972967582 0.0016513566030027572 0.02360356950443411 -0.0047096302446973442 -0.15315623323613789 -0.00029865691077727853 -0.0065707356250172327 0.0038426685766932869 -0.0037431591237221673 -0.00015380781021090973
leaf_weight=170 1948 65 96712 26532 45229 10952 126 1351 166 7532 553 1061 1326 8644
leaf_count=170 1948 65 96712 26532 45229 10952 126 1351 166 7532 553 1061 1326 8644
internal_value=7.62191e-05 0.0117347 6.20851e-05 -0.000315375 -0.000734862 0.00042996 -0.00154961 -0.00554676 -0.00124765 0.00170237 0.0032284 0.000794186 0.000496986 3.41686e-05
internal_weight=202367 235 202132 105420 76501 31272 12235 3465 2114 19037 11505 28919 27858 8770
internal_count=202367 235 202132 105420 76501 31272 12235 3465 2114 19037 11505 28919 27858 8770
is_linear=0
shrinkage=0.05


Tree=371
num_leaves=15
num_cat=0
split_feature=4 53 15 36 53 53 14 8 8 16 31 24 26 44
split_gain=12.1641 23.2281 18.1245 15.0848 17.192 21.821 16.1087 15.017 14.8499 14.0791 13.8551 28.5787 34.0044 31.5552
threshold=22.44999980926514 0.96407344937324535 38.250000000000007 32.850000381469734 -0.91595870256423939 -0.60555642843246449 16.4581413269043 44.149999618530281 11.250000000000002 12.150000095367433 -0.85402169823646534 13.500000000000002 0.51122778654098522 -10.662211418151854
decision_type=2 2 2 2 2 2 2 2 2 2 2 2 2 2
left_child=1 3 7 4 9 -6 -5 -2 -4 -1 -10 13 -13 -12
right_child=2 -3 8 6 5 -7 -8 -9 10 -11 11 12 -14 -15
leaf_value=-0.013057980334982769 -0.0023444854340845533 0.02435929230209587 0.0024366029726435997 0.0013327799546304449 0.0046671917324029354 -4.5897979934673985e-05 0.0067641890990164993 0.00077507754960292957 0.00020529127354510792 -0.0013073690847093561 -0.0038140760018616788 0.00048572009795014862 -0.0013925030379655853 0.00016446832130643241
leaf_weight=261 3925 252 1148 2009 1276 7926 495 1232 91164 451 1416 10129 24962 55631
leaf_count=261 3925 252 1148 2009 1276 7926 495 1232 91164 451 1416 10129 24962 55631
internal_value=-1.27294e-05 0.00148659 -0.000112991 0.00117477 0.000297259 0.000879288 0.00463405 -0.00303368 -3.11721e-05 -0.00713296 -6.6826e-05 -0.000499197 -0.00162175 0.000191475
internal_weight=202277 12670 189607 12418 9914 9202 2504 5157 184450 712 183302 92138 35091 57047
internal_count=202277 12670 189607 12418 9914 9202 2504 5157 184450 712 183302 92138 35091 57047
is_linear=0
shrinkage=0.05


Tree=372
num_leaves=15
num_cat=0
split_feature=43 37 53 53 53 43 43 53 23 53 7 11 0 43
split_gain=11.4935 29.4087 20.2289 38.9585 30.2762 28.7523 28.1738 25.6728 37.5745 28.3252 32.7164 33.2452 23.6983 24.0442
threshold=377.50000000000006 92.500000000000014 -0.99864786863327015 -0.99273797869682301 -0.98801845312118519 257.50000000000006 297.50000000000006 -0.98212954401969899 0.69499999284744274 -0.96687281131744374 35.250000000000007 90.843750000000014 28.150000572204593 41.875000000000007
decision_type=10 2 2 2 2 10 10 2 2 2 2 2 2 8
left_child=2 -2 5 6 -5 -1 -4 8 -6 10 -9 -12 13 -11
right_child=1 -3 3 4 7 -7 -8 9 -10 12 11 -13 -14 -15
leaf_value=-0.0039009841668172424 -0.00023794830007318191 -0.0090646354064673369 0.0049727425565176736 -0.0034931984595413888 -0.00056671436475334153 0.0037066515528114173 -0.0011855611262600258 -0.0052136520283768244 0.0079435474084006818 0.0042159942901085047 0.0009566238385415323 -0.0079367178106684172 3.0549295676849529e-05 0.00078191525007922371
leaf_weight=1426 57139 593 1869 1276 698 427 550 922 644 2899 1539 190 118009 14169
leaf_count=1426 57139 593 1869 1276 698 427 550 922 644 2899 1539 190 118009 14169
internal_value=1.35896e-05 -0.000582765 0.00025168 0.000319209 0.000210536 -0.00492485 0.00659737 0.000281133 0.00713757 0.000213812 -0.00489478 -0.000819436 0.000314427 0.00205528
internal_weight=202350 57732 144618 142765 140346 1853 2419 139070 1342 137728 2651 1729 135077 17068
internal_count=202350 57732 144618 142765 140346 1853 2419 139070 1342 137728 2651 1729 135077 17068
is_linear=0
shrinkage=0.05


Tree=373
num_leaves=15
num_cat=0
split_feature=4 13 41 32 12 12 24 23 56 52 37 33 36 55
split_gain=12.397 21.416 50.0663 39.6131 33.2887 44.9764 34.548 30.3676 28.2638 46.7344 29.2829 27.0956 25.3685 21.1162
threshold=134.35000610351565 85.041961669921889 1.5000000000000002 -7.3721792697906485 105.55625152587892 87.165969848632827 1.5000000000000002 1.2749999761581423 95.099998474121108 0.62587949633598339 42.500000000000007 9.5500001907348651 32.549999237060554 5.5000000000000009
decision_type=2 2 2 2 2 2 2 2 2 2 2 2 2 2
left_child=1 4 3 -3 5 -1 -7 11 9 10 -5 -4 -6 -8
right_child=-2 2 7 8 12 6 13 -9 -10 -11 -12 -13 -14 -15
leaf_value=1.0076207938850002e-05 -0.00042417649927685989 0.0042496269460529342 0.0015481866674215308 0.0014810269335172703 0.0052183385738302545 0.0028656282545008256 -0.0053351692443509074 0.0075655248518431036 0.00043827931059386153 0.0048096876169062414 -0.0028475828892654503 -0.0092104152460754998 -0.010601591650378269 0.001003998879912732
leaf_weight=145731 22243 1431 12268 1030 810 644 3022 886 6707 645 5999 221 61 424
leaf_count=145731 22243 1431 12268 1030 810 644 3022 886 6707 645 5999 221 61 424
internal_value=3.14151e-05 0.000169132 0.00140854 -0.000496145 -7.1001e-05 -0.000127978 -0.00529268 0.00365895 -0.00128726 -0.00335763 -0.00454255 0.00301824 0.00961975 -0.0072772
internal_weight=202122 179879 29187 15812 150692 149821 4090 13375 14381 7674 7029 12489 871 3446
internal_count=202122 179879 29187 15812 150692 149821 4090 13375 14381 7674 7029 12489 871 3446
is_linear=0
shrinkage=0.05


Tree=374
num_leaves=15
num_cat=0
split_feature=0 57 38 44 23 46 46 14 13 13 14 57 53 15
split_gain=12.9273 17.1828 27.578 23.5213 21.7295 27.9314 24.0884 22.2046 21.478 27.597 25.5025 19.5773 18.4799 18.4585
threshold=215.35000610351565 126.8833351135254 15.449999809265138 -1.2880276441574094 0.67500001192092907 0.94999998807907116 1.5500000119209292 37.131553649902351 180.56636810302737 110.25743865966798 69.315029144287124 196.05000305175784 0.99988442659378063 143.19999694824222
decision_type=2 2 2 2 2 2 2 2 2 2 2 2 2 2
left_child=1 12 4 -4 5 11 8 -7 9 -6 -11 -3 -1 -8
right_child=-2 2 3 -5 6 7 13 -9 -10 10 -12 -13 -14 -15
leaf_value=-6.2045900155371933e-05 -0.0010085474716722083 0.00094018595107395436 0.0012585231706971599 0.0054689667766296352 -0.0060118118555957112 -0.010756634779459687 -0.00404295886434457 0.00040771639684724915 -0.0057001291067358189 0.00043776101264502641 -0.0075046701396792818 0.0028137650545087883 0.0074755156113351573 0.0087218179664953904
leaf_weight=178450 4294 8338 867 714 918 376 85 511 843 4710 260 1468 244 528
leaf_count=178450 4294 8338 867 714 918 376 85 511 843 4710 260 1468 244 528
internal_value=4.19513e-06 6.30288e-05 0.00146729 0.00777813 0.000910124 0.00234747 -0.00118303 -0.00610368 -0.00205088 -0.000974907 0.000502008 0.00311736 -9.12123e-05 0.00822632
internal_weight=202606 198312 19618 1581 18037 10693 7344 887 6731 5888 4970 9806 178694 613
internal_count=202606 198312 19618 1581 18037 10693 7344 887 6731 5888 4970 9806 178694 613
is_linear=0
shrinkage=0.05


Tree=375
num_leaves=15
num_cat=0
split_feature=47 42 55 13 55 43 24 53 52 16 36 57 14 13
split_gain=12.8266 31.5162 26.8816 34.4189 31.2046 27.229 22.3853 31.1178 21.8164 21.5931 20.197 19.1354 19.0168 18.3262
threshold=3.9468418359756474 3.4500000476837163 1.0000000180025095e-35 57.21815490722657 3.5000000000000004 57.500000000000007 5.5000000000000009 0.99530133605003368 -0.44504626095294947 27.349999427795414 25.349999427795414 77.450000762939467 45.818988800048835 161.83869171142581
decision_type=2 2 2 2 2 10 2 2 2 2 2 2 2 2
left_child=1 2 3 -1 5 10 7 13 -3 -5 12 -7 -4 -6
right_child=-2 8 4 9 6 11 -8 -9 -10 -11 -12 -13 -14 -15
leaf_value=0.0030919963843713486 -6.876434106025745e-05 0.00024362761516978569 0.0010532484234437797 0.0042678441320298521 0.0018439234316101158 0.0013634505972253575 -0.0029393061190341602 -0.004344246176953343 0.0019410866617834241 -0.0045031408647638205 -0.0069881419678580947 0.0052128184073219229 -0.0019655123381649808 -0.0023960312852789657
leaf_weight=409 179406 4589 2490 137 2066 965 2262 622 6089 1478 225 730 600 379
leaf_count=409 179406 4589 2490 137 2066 965 2262 622 6089 1478 225 730 600 379
internal_value=1.22248e-05 0.00112251 -0.000596056 -0.00585054 0.00043724 0.00326693 -0.0022242 0.000560611 0.00311097 -0.00912308 0.00062406 0.00840176 0.00169355 0.00310591
internal_weight=202447 23041 12363 2024 10339 5010 5329 3067 10678 1615 3315 1695 3090 2445
internal_count=202447 23041 12363 2024 10339 5010 5329 3067 10678 1615 3315 1695 3090 2445
is_linear=0
shrinkage=0.05


Tree=376
num_leaves=15
num_cat=0
split_feature=23 5 56 38 43 13 49 26 9 28 52 52 15 33
split_gain=13.1237 30.4975 13.8702 14.2566 19.8857 14.1576 13.6168 21.3583 22.3716 18.6083 27.5798 22.6671 32.4459 26.7685
threshold=0.044999999925494201 30.550000190734867 17.150000572204593 -1.0000000180025095e-35 867.50000000000011 73.60803604125978 1.0000000180025095e-35 0.69904670119285595 142.25000000000003 70.500000000000014 0.9970000982284547 0.3744682669639588 55.000000000000007 2.6499999761581425
decision_type=2 2 2 2 8 2 8 2 2 2 2 2 2 2
left_child=1 -1 5 4 -4 -2 7 8 -5 10 11 12 -8 -13
right_child=2 -3 3 6 -6 -7 9 -9 -10 -11 -12 13 -14 -15
leaf_value=0.025047871728191853 -0.0012952105584781522 -0.020073983517639324 -0.00030452879705080706 -2.8338702787497619e-06 -0.0082618808824430987 -0.014333588975102438 -0.0020364204081290624 -0.00065177047985118816 0.0025293938150856444 -5.9979041457963733e-05 -0.003065408147066614 0.0015836084838773961 0.00049635332827433626 -0.0034094314752480012
leaf_weight=181 4778 65 659 56965 396 92 3019 29505 2252 59346 1625 27056 15691 1063
leaf_count=181 4778 65 659 56965 396 92 3019 29505 2252 59346 1625 27056 15691 1063
internal_value=1.443e-05 0.0113281 1.23483e-07 6.51612e-05 -0.00570423 -0.0026332 9.6422e-05 -0.000362327 0.000185304 0.000473982 0.00120089 0.00142349 7.47863e-05 0.00232056
internal_weight=202693 246 202447 197577 1055 4870 196522 88722 59217 107800 48454 46829 18710 28119
internal_count=202693 246 202447 197577 1055 4870 196522 88722 59217 107800 48454 46829 18710 28119
is_linear=0
shrinkage=0.05


Tree=377
num_leaves=15
num_cat=0
split_feature=24 43 40 0 9 49 9 27 46 14 24 54 13 57
split_gain=13.6167 12.0605 19.2711 15.6744 14.615 13.3727 18.9824 26.6886 21.0413 19.7429 19.3824 21.0591 19.3117 26.4689
threshold=862.00000000000011 12.500000000000002 982.35000610351574 28.44999980926514 36.250000000000007 1.0000000180025095e-35 38.850000381469734 35.250000000000007 1.5500000119209292 5.5804865360260019 1.0000000180025095e-35 1.5000000000000002 48.29137039184571 44.083332061767585
decision_type=2 8 2 2 2 10 2 2 2 2 2 2 2 2
left_child=1 2 -1 -4 -5 -3 8 10 9 -7 11 -8 -12 -14
right_child=-2 5 3 4 -6 6 7 -9 -10 -11 12 -13 13 -15
leaf_value=-0.0060781939839121826 -0.007745473491205382 -0.00021015622656811694 0.011457147601181428 -0.0030671388600590241 0.001516961772435238 -0.0037367967244022367 0.0066387839297891108 0.0051312040827937574 -0.0021232908121142334 0.0003218219038210457 0.0011669262284241492 0.0012227399331320541 -0.0012118361497559871 0.00028516939693966071
leaf_weight=289 285 111712 196 207 2313 782 604 1296 5100 11220 12818 3366 9934 42181
leaf_count=289 285 111712 196 207 2313 782 604 1296 5100 11220 12818 3366 9934 42181
internal_value=-2.82977e-05 -1.2622e-05 0.00312604 0.00443874 0.00333992 -6.01689e-05 0.000403443 0.000767352 -0.00108988 5.41126e-05 0.000633045 0.0040201 0.000425373 -2.39808e-06
internal_weight=202303 202018 3005 2716 2520 199013 87301 70199 17102 12002 68903 3970 64933 52115
internal_count=202303 202018 3005 2716 2520 199013 87301 70199 17102 12002 68903 3970 64933 52115
is_linear=0
shrinkage=0.05


Tree=378
num_leaves=15
num_cat=0
split_feature=49 27 28 15 12 15 47 26 52 43 52 52 52 31
split_gain=12.3055 18.168 17.2144 18.8018 19.2478 25.1582 18.5449 30.7212 23.0333 21.0605 19.4469 30.5559 27.6599 23.2617
threshold=5.0537879467010507 6.6499998569488534 36.500000000000007 100.50000000000001 31.71805572509766 64.849998474121108 4.6853911876678476 0.97471585869789135 -0.87812310457229603 1847.5000000000002 0.49812944233417517 0.52766072750091564 0.46800856292247778 -1.0449801683425901
decision_type=10 2 2 2 2 2 2 2 2 10 2 2 2 2
left_child=-1 -2 3 4 5 -3 9 -8 -9 10 12 -12 13 -4
right_child=1 2 6 -5 -6 -7 7 8 -10 -11 11 -13 -14 -15
leaf_value=-0.00015593431743231545 0.0025886690905870149 0.0020522869631453256 0.0017134974175912238 0.0064412830568754314 -0.0002677484341860492 0.039904432591357807 5.5842915640432621e-05 -0.0074718890916876668 -0.0019158943594093066 -0.0028427940082247846 0.016236443858772674 0.0029054281318501261 -0.013636126926224729 -2.0818977632676429e-05
leaf_weight=118320 1175 1542 5074 778 3395 251 56374 513 4198 750 226 1874 143 7980
leaf_count=118320 1175 1542 5074 778 3395 251 56374 513 4198 750 226 1874 143 7980
internal_value=-5.79952e-06 0.000455905 0.000368196 0.00295348 0.00185648 0.00603161 0.000167872 -0.000229561 -0.004104 0.00167995 0.00208238 0.00654028 0.00136859 0.00161513
internal_weight=202593 84273 83098 5966 5188 1793 77132 61085 4711 16047 15297 2100 13197 13054
internal_count=202593 84273 83098 5966 5188 1793 77132 61085 4711 16047 15297 2100 13197 13054
is_linear=0
shrinkage=0.05


Tree=379
num_leaves=15
num_cat=0
split_feature=31 55 57 52 54 44 52 52 52 15 52 52 15 52
split_gain=11.8329 23.2245 46.1164 32.9637 32.1611 32.0834 28.9308 42.1368 29.3392 46.8826 30.989 26.0959 24.0261 22.5104
threshold=-0.71771451830863942 5.5000000000000009 29.149999618530277 -0.99763298034667958 4.5000000000000009 -2.3337017297744747 0.70290291309356701 0.65233618021011364 0.22700754553079608 124.10000228881837 -0.99763298034667958 -0.45274443924427027 207.25000000000003 -0.84315016865730275
decision_type=2 2 2 2 2 2 2 2 2 2 2 2 2 2
left_child=-1 3 -3 -2 5 -4 7 8 9 10 -6 13 -13 -11
right_child=1 2 4 -5 6 -7 -8 -9 -10 11 -12 12 -14 -15
leaf_value=0.00023030320155892903 0.0032343434339805982 -0.0057160394736001964 -0.0028849857146758476 -0.00010108189216636588 -0.0079852880310642364 0.0024514065865646334 -0.0084617609387801756 0.0082216726471318925 -0.005708774845709072 -0.0014788588325699526 0.0011063964724909983 -0.0028144084033066537 0.003424142944948002 -0.0069026877035411804
leaf_weight=101493 2162 1494 1317 84532 208 3505 488 205 766 590 3856 604 386 967
leaf_count=101493 2162 1494 1317 84532 208 3505 488 205 766 590 3856 604 386 967
internal_value=2.33238e-05 -0.000359581 -0.00221937 -5.07474e-05 -0.00125174 0.00197641 -0.00318069 -0.00241043 -0.00304251 -0.00195967 0.00137457 -0.00726437 -0.0009 -0.0112795
internal_weight=202573 101080 14386 86694 12892 4822 8070 7582 7377 6611 4064 2547 990 1557
internal_count=202573 101080 14386 86694 12892 4822 8070 7582 7377 6611 4064 2547 990 1557
is_linear=0
shrinkage=0.05


Tree=380
num_leaves=15
num_cat=0
split_feature=0 14 20 16 43 46 52 56 52 14 52 56 52 39
split_gain=17.3049 23.359 23.1984 17.7433 24.4036 27.2454 44.0977 27.5747 24.377 18.7842 19.1568 18.001 17.5707 15.0731
threshold=16.849999427795414 2.5345773696899419 5.7500000000000009 14.050000190734865 4207.5000000000009 0.15000000223517421 0.89404821395874035 39.649999618530281 0.86975130438804638 16.563076019287113 0.9524284601211549 34.250000000000007 -0.16799356788396833 0.65000000596046459
decision_type=2 2 2 2 8 2 2 2 2 2 2 2 2 2
left_child=1 -1 -3 4 5 6 8 9 -2 10 -8 -6 13 -7
right_child=3 2 -4 -5 11 12 7 -9 -10 -11 -12 -13 -14 -15
leaf_value=0.02065185173996258 0.0029905231084340921 -0.0021017764418412299 0.0030908147406819523 -1.0656921235080789e-06 -0.0025707988090242261 0.00018179050250261564 0.0032790672018079507 -0.0075571317769005282 0.032732123299843437 0.0061206435932358218 -0.002809939372837739 -0.007182982366128278 -0.0049009821913383045 -0.016973687126288117
leaf_weight=229 1174 1650 3259 187608 1375 1811 633 520 239 333 1165 440 1736 155
leaf_count=229 1174 1650 3259 187608 1375 1811 633 520 239 333 1165 440 1736 155
internal_value=-3.54606e-05 0.00282634 0.00207867 -0.000110168 -0.0022078 -0.000983796 0.00184094 -0.00196355 0.00894238 0.000572163 -0.00146571 -0.00741096 -0.00408136 -0.00083502
internal_weight=202327 5138 4909 197189 9581 7766 4064 2651 1413 2131 1798 1815 3702 1966
internal_count=202327 5138 4909 197189 9581 7766 4064 2651 1413 2131 1798 1815 3702 1966
is_linear=0
shrinkage=0.05


Tree=381
num_leaves=15
num_cat=0
split_feature=28 22 52 13 53 8 14 18 55 47 44 13 0 49
split_gain=13.373 19.232 14.7608 17.8172 14.5928 14.1423 13.5828 13.4358 12.5908 11.782 25.8742 26.2081 25.3863 28.4738
threshold=18.500000000000004 1367.5000000000002 0.95752912759780895 32.586904525756843 -0.33426210284233088 34.649999618530281 5.8001897335052499 -2.0499999523162837 2.5000000000000004 4.1402127742767343 -3.2472704648971553 40.305059432983406 39.549999237060554 17.500000000000004
decision_type=2 2 2 2 2 2 2 2 2 2 2 2 2 10
left_child=1 2 3 6 5 7 -1 -5 -4 10 -2 -12 -13 -14
right_child=9 -3 8 4 -6 -7 -8 -9 -10 -11 11 12 13 -15
leaf_value=-0.0043649258468322349 0.0019673737260075793 0.03974926399835594 0.0015638463899136869 0.0046131078955715448 0.0077636196454723156 -0.0028281475346948583 0.0093350256186493907 -0.00032591035815390595 -0.0057745448112457914 -8.8929752580420998e-05 -0.0034634924054268048 0.0028951650641738883 -0.0005262273727685479 0.0010398353058654311
leaf_weight=144 4186 123 374 773 274 912 1187 1290 546 169949 973 1785 12239 7968
leaf_count=144 4186 123 374 773 274 912 1187 1290 546 169949 973 1785 12239 7968
internal_value=4.32835e-05 0.00244541 0.0019873 0.00314815 0.00114299 0.000108878 0.00799776 0.0023999 -0.00376344 -2.53665e-05 0.000941607 0.000281828 0.000638578 0.000132314
internal_weight=202723 5623 5500 4580 3249 2975 1331 2063 920 197100 27151 22965 21992 20207
internal_count=202723 5623 5500 4580 3249 2975 1331 2063 920 197100 27151 22965 21992 20207
is_linear=0
shrinkage=0.05


Tree=382
num_leaves=15
num_cat=0
split_feature=0 15 6 15 12 24 23 15 25 13 12 25 51 7
split_gain=11.7265 26.8239 29.7201 28.0115 40.2816 43.3842 25.8437 25.35 24.902 24.4532 26.1402 23.2206 21.2084 20.7884
threshold=94.200000762939467 102.29999923706056 63.000000000000007 109.54999923706056 47.608333587646491 26.500000000000004 1.485000014305115 153.90000152587893 15.050000190734865 50.693450927734382 53.026390075683601 8.3499999046325701 -0.7865660786628722 152.05000305175784
decision_type=2 2 2 2 2 2 2 2 2 2 2 2 2 2
left_child=1 2 6 -3 -5 11 -1 -7 9 10 -4 -6 -2 -10
right_child=12 3 8 4 5 7 -8 -9 13 -11 -12 -13 -14 -15
leaf_value=0.00016461191211907084 0.00062581085529408444 0.0023566156626492266 -0.00071970924070460524 0.013089896160724535 0.0075065363810482904 -0.0024000807246974242 -0.0036198396991780069 0.0027409972223027823 -0.0024802342162018212 0.00031262581593898556 -0.0061604637991573763 0.00060715494919897088 -0.00058827265985273997 0.0074256503512857789
leaf_weight=100925 9329 5580 3067 403 712 4340 989 491 8335 11419 1081 20979 35316 207
leaf_count=100925 9329 5580 3067 403 712 4340 989 491 8335 11419 1081 20979 35316 207
internal_value=-2.49775e-05 0.000176614 -0.00015373 0.00145702 0.000788008 0.00054651 0.000219772 -0.00373373 -0.00173204 -0.000540862 -0.00382395 0.00150108 -0.000740679 -0.00389967
internal_weight=203173 158528 126023 32505 26925 26522 101914 4831 24109 15567 4148 21691 44645 8542
internal_count=203173 158528 126023 32505 26925 26522 101914 4831 24109 15567 4148 21691 44645 8542
is_linear=0
shrinkage=0.05


Tree=383
num_leaves=15
num_cat=0
split_feature=23 15 23 45 56 45 16 38 57 31 47 36 40 47
split_gain=13.2057 18.8426 17.0096 13.7423 13.5266 12.5866 18.8765 14.3801 18.6132 11.7386 21.573 44.1298 34.6346 29.5727
threshold=0.12499999627470972 23.750000000000004 0.074999999254941954 -2.4574010372161861 38.250000000000007 -14.369521141052244 17.44999980926514 12.34999990463257 30.416666030883793 1.5735748410224917 4.6853911876678476 25.44999980926514 979.75000000000011 6.3380131721496591
decision_type=2 2 2 2 2 2 2 2 2 2 2 2 2 2
left_child=1 -1 -3 -4 -5 6 -2 8 -8 10 -7 13 -13 -12
right_child=5 2 3 4 -6 9 7 -9 -10 -11 11 12 -14 -15
leaf_value=0.019622343014316115 -0.0026684139442141788 -0.020790472104228588 0.0049715131372081167 -0.0035074305203938397 0.003270549856897809 0.00067635781734861483 0.0081560166655277166 0.0052345885553468424 -0.0043792744257096523 -0.00029051446714884469 0.00025198130997242942 -2.1569849399266651e-05 0.0014476384738311837 -0.0014378981492957994
leaf_weight=250 330 165 677 497 531 24100 122 898 260 70729 14096 44121 19245 26945
leaf_count=250 330 165 677 497 531 24100 122 898 260 70729 14096 44121 19245 26945
internal_value=3.94135e-06 0.00392019 0.00215426 0.00365889 0 -3.75891e-05 0.00435185 0.00709302 -0.00102041 -7.32763e-05 0.000211451 -9.98401e-05 0.000727405 -0.00137695
internal_weight=202966 2120 1870 1705 1028 200846 1610 1280 382 199236 128507 104407 63366 41041
internal_count=202966 2120 1870 1705 1028 200846 1610 1280 382 199236 128507 104407 63366 41041
is_linear=0
shrinkage=0.05


Tree=384
num_leaves=15
num_cat=0
split_feature=0 16 16 16 49 35 53 44 37 32 6 20 54 19
split_gain=13.4021 21.8325 24.544 43.8754 47.9014 20.7157 26.6525 20.6176 27.2729 20.9049 20.2423 19.5031 18.4864 38.5923
threshold=42.199998855590827 17.550000190734867 21.150000572204593 24.750000000000004 -2307.4999999999995 27.500000000000004 0.74298545718193065 -2.3337017297744747 58.500000000000007 3.2858158349990849 21.349999427795414 5.6499998569488534 3.5000000000000004 139.44999694824222
decision_type=2 2 2 2 10 2 2 2 2 2 2 2 2 2
left_child=5 -2 7 4 -4 -1 -7 8 -3 -10 -8 -12 13 -5
right_child=1 2 3 12 -6 6 10 -9 9 -11 11 -13 -14 -15
leaf_value=-0.00091195383956782202 -0.0018258128836622326 0.007868224402254818 0.0037041256635033924 0.0013770068472192601 -0.0031988015468278953 0.00042261818545824147 0.014518963151142011 0.00016097219212873743 0.00327194798024468 -0.004358339327563002 -0.011750020727921091 0.0034060569041833386 -0.000187640693558395 -0.00038997280507969381
leaf_weight=8094 6313 966 930 17560 5383 54994 306 2956 1256 334 161 1780 87194 14018
leaf_count=8094 6313 966 930 17560 5383 54994 306 2956 1256 334 161 1780 87194 14018
internal_value=3.10252e-05 -0.000250146 -0.000111211 -0.000255206 -0.00431362 0.00062017 0.000955005 0.00315103 0.00643024 0.002375 0.00628046 0.00434393 -3.91473e-05 0.000997214
internal_weight=202245 136910 130597 125085 6313 65335 57241 5512 2556 1590 2247 1941 118772 31578
internal_count=202245 136910 130597 125085 6313 65335 57241 5512 2556 1590 2247 1941 118772 31578
is_linear=0
shrinkage=0.05


Tree=385
num_leaves=15
num_cat=0
split_feature=16 0 53 4 53 34 30 28 44 8 57 9 30 16
split_gain=12.3613 19.4149 22.9101 26.5955 17.2142 16.6941 15.8639 18.4923 15.4064 15.2541 22.4496 14.5218 19.2731 13.4939
threshold=133.15000152587893 174.85000610351565 0.94353348016738903 179.50000000000003 0.9974811077117921 2.7500000000000004 57.500000000000007 94.500000000000014 4.9992804527282724 261.25000000000006 228.25000000000003 220.50000000000003 32.500000000000007 100.60000228881837
decision_type=2 2 2 2 2 2 10 2 2 2 2 2 10 2
left_child=1 11 3 13 6 8 9 -8 -2 10 -4 -1 -13 -3
right_child=5 2 4 -5 -6 -7 7 -9 -10 -11 -12 12 -14 -15
leaf_value=2.9635217422774307e-05 0.00087235495949322401 -0.0022128931058333912 0.00045485787511862776 -0.006730168072454374 -0.0023899850326267254 -0.014293423630594472 0.00046225738718982013 -0.0089070810482765658 0.0070229918132496049 -0.0040238145559375969 0.0037374529763837764 0.0045983186002229266 0.00049626862645895666 0.0026317912626726853
leaf_weight=189689 1199 1657 3315 930 1196 55 432 323 268 276 503 618 1579 388
leaf_count=189689 1199 1657 3315 930 1196 55 432 323 268 276 503 618 1579 388
internal_value=2.96387e-05 -4.47948e-06 -0.00227021 -0.00585427 -0.000499587 0.00450392 0.00082836 -0.00578431 0.00556872 0.00205897 0.00288662 0.000102139 0.00413457 -0.0026399
internal_weight=202428 200906 9020 2975 6045 1522 4849 755 1467 4094 3818 191886 2197 2045
internal_count=202428 200906 9020 2975 6045 1522 4849 755 1467 4094 3818 191886 2197 2045
is_linear=0
shrinkage=0.05


Tree=386
num_leaves=15
num_cat=0
split_feature=4 5 17 41 48 31 52 24 13 6 9 13 43 23
split_gain=12.7358 27.903 17.9031 19.7485 23.4457 18.3548 21.0824 17.5009 25.7945 18.0129 17.4989 17.2676 17.2168 22.9428
threshold=63.449998855590827 88.599998474121108 -28.849999427795407 2.5000000000000004 -1.1500000357627866 0.37033034861087805 -0.99630266427993763 11.500000000000002 41.716072082519538 198.34999847412112 49.750000000000007 147.9699401855469 347.50000000000006 0.98500001430511486
decision_type=2 2 2 2 2 2 2 2 2 2 2 2 10 2
left_child=1 12 5 4 11 7 -7 9 10 -2 -9 -4 -1 -14
right_child=2 -3 3 -5 -6 6 -8 8 -10 -11 -12 -13 13 -15
leaf_value=0.00028959775891765908 0.0022765055036250534 0.0017488830721985593 -0.002271562671202093 -5.9548828794735166e-05 -0.00040226509083756968 0.0059549156313381969 -0.00046561047908230126 0.0093643386290353774 -0.00092304983454966842 -0.0017195010952752731 -0.0044250755388812683 0.00084841706478701046 -0.00019029297146849826 -0.0022213093249275452
leaf_weight=75352 6452 6313 8558 30416 18899 289 13297 374 3936 698 71 986 32703 4080
leaf_count=75352 6452 6313 8558 30416 18899 289 13297 374 3936 698 71 986 32703 4080
internal_value=-7.43452e-05 0.000259586 -0.000545329 -0.00102218 -0.00196904 0.000572094 -0.000672992 0.00203838 -0.000449784 0.00356145 0.0108242 -0.00398786 7.73552e-05 -0.000809257
internal_weight=202424 118448 83976 58859 28443 25117 13586 11531 4381 7150 445 9544 112135 36783
internal_count=202424 118448 83976 58859 28443 25117 13586 11531 4381 7150 445 9544 112135 36783
is_linear=0
shrinkage=0.05


Tree=387
num_leaves=15
num_cat=0
split_feature=13 14 0 14 16 23 55 23 55 56 33 16 53 46
split_gain=10.8068 21.6745 20.02 19.9012 18.2756 21.8823 24.416 17.9622 15.4874 14.9911 13.2071 33.3151 40.6431 40.1503
threshold=28.365178108215336 15.581367492675783 17.650000572204593 2.5345773696899419 9.4000000953674334 0.27500000596046453 4.5000000000000009 0.064999999478459372 1.0000000180025095e-35 40.350000381469734 6.8500001430511483 20.44999980926514 -0.013976481743156908 2.2500000000000004
decision_type=2 2 2 2 2 2 2 2 2 2 2 2 2 2
left_child=1 4 3 -2 8 6 -6 -5 -1 -3 -4 12 -12 -13
right_child=2 9 10 7 5 -7 -8 -9 -10 -11 11 13 -14 -15
leaf_value=0.0046156580660814657 0.020765083981085897 0.0066565410848756336 6.2027729440334437e-05 -0.022082011310937042 0.0055356634006255541 -0.0025908732300247124 -0.0056927534579606642 0.001992940208553784 -0.0085411496731440245 -0.0020768758086656294 0.00030124668387688792 -0.0033781823216961051 0.0093487175889159901 3.4633798534695892e-05
leaf_weight=71 199 511 175577 115 604 1643 269 4687 620 269 3999 6447 593 6947
leaf_count=71 199 511 175577 115 604 1643 269 4687 620 269 3999 6447 593 6947
internal_value=1.59211e-05 -0.00255817 6.77329e-05 0.00318799 -0.00437519 -0.0023753 0.00399207 0.00252494 -0.0115193 0.00487342 -1.30442e-05 -0.00130307 0.00236854 -0.00256267
internal_weight=202551 3987 198564 5001 3207 2516 873 4802 691 780 193563 17986 4592 13394
internal_count=202551 3987 198564 5001 3207 2516 873 4802 691 780 193563 17986 4592 13394
is_linear=0
shrinkage=0.05


Tree=388
num_leaves=15
num_cat=0
split_feature=0 14 53 31 44 38 1 45 12 13 23 26 38 12
split_gain=12.8424 18.3212 20.4489 26.3649 17.0725 15.1211 13.8811 12.1173 18.9876 18.661 29.1993 27.1481 43.7127 56.2097
threshold=174.85000610351565 29.723573684692386 0.94353348016738903 -1.1099758744239805 4.6436283588409433 12.449999809265138 204.6499938964844 5.0284266471862802 25.368750572204593 55.283332824707038 0.044999999925494201 0.64611992239952099 15.050000190734865 51.897916793823249
decision_type=2 2 2 2 2 2 2 2 2 2 2 2 2 2
left_child=6 -2 3 4 -3 -4 7 9 -9 10 -1 12 13 -12
right_child=1 2 5 -5 -6 -7 -8 8 -10 -11 11 -13 -14 -15
leaf_value=0.019258280163414333 0.0024380765262300599 0.00025677584252961671 -2.9328445438736583e-05 -0.0055361460468345836 -0.0069754426574043099 -0.0053069703271264842 0.006010483565904905 0.0063270883909543052 0.00054567763169975842 0.00021619189239064363 -0.00027819270922115335 -0.00086580870307732545 0.00097492440546753385 -0.006136119088142278
leaf_weight=161 685 1385 5970 1265 292 337 217 403 21354 88147 15826 43622 20471 2009
leaf_count=161 685 1385 5970 1265 292 337 217 403 21354 88147 15826 43622 20471 2009
internal_value=-2.7207e-06 -0.00175483 -0.00234097 -0.00577575 -0.00164493 -0.000732151 8.79201e-05 7.33061e-05 0.00118413 -6.87241e-05 -0.000611152 -0.000654153 0.0003171 -0.00149201
internal_weight=202144 9934 9249 2942 1677 6307 192210 191993 21757 170236 82089 81928 38306 17835
internal_count=202144 9934 9249 2942 1677 6307 192210 191993 21757 170236 82089 81928 38306 17835
is_linear=0
shrinkage=0.05


Tree=389
num_leaves=15
num_cat=0
split_feature=50 21 28 46 9 44 43 12 56 48 30 14 18 42
split_gain=12.8785 13.343 19.6186 17.1398 26.4971 21.4495 17.617 16.2688 21.433 15.9916 19.6945 19.6575 28.9685 21.1312
threshold=0.98296290636062633 75.500000000000014 63.500000000000007 1.9499999880790713 33.95000076293946 -5.7314250469207755 37.500000000000007 41.310417175292976 54.549999237060554 -2.7499999999999996 77.500000000000014 31.374035835266117 -60.199998855590813 10.34999990463257
decision_type=2 2 2 2 2 2 8 2 2 2 10 2 2 2
left_child=1 9 -3 -4 -5 7 -7 -6 -9 10 -1 -11 -13 -14
right_child=-2 2 3 4 5 6 -8 8 -10 11 -12 12 13 -15
leaf_value=0.00021014103176702042 -0.0011284158765554728 9.048609596567299e-05 -0.0011401061646033356 -0.001870636677235425 0.0025220922048324141 -0.0037664366952229497 0.0021793157054699809 -0.0043960846088295707 0.00070745746696270818 0.00060213937652855922 -0.0025351701403223711 0.0021716311010155365 -0.00037860762293126862 -0.0041161811534877746
leaf_weight=6850 8487 61130 17601 3222 772 459 5675 1634 1576 69900 4511 2919 16294 1303
leaf_count=6850 8487 61130 17601 3222 772 459 5675 1634 1576 69900 4511 2919 16294 1303
internal_value=7.53671e-06 9.1047e-05 -0.000345084 -0.0013708 -1.87294e-05 0.00123938 0.00309245 -0.00161573 -0.00318323 0.000485573 -0.00128177 0.000707761 -0.000652831 -0.00141847
internal_weight=202333 193846 92069 30939 13338 10116 6134 3982 3210 101777 11361 90416 20516 17597
internal_count=202333 193846 92069 30939 13338 10116 6134 3982 3210 101777 11361 90416 20516 17597
is_linear=0
shrinkage=0.05


Tree=390
num_leaves=15
num_cat=0
split_feature=38 54 42 55 47 24 13 14 47 55 46 14 12 26
split_gain=12.0719 35.9507 53.3792 46.2879 37.9647 33.2 35.401 47.8391 36.1854 33.1947 30.8574 29.399 29.1032 28.8542
threshold=17.44999980926514 5.5000000000000009 9.4499998092651385 1.5000000000000002 9.1426410675048846 9.5000000000000018 40.57976150512696 18.070363044738773 5.9505317211151132 2.5000000000000004 16.849999427795414 3.0163394212722783 43.29236030578614 0.71706661581993114
decision_type=2 2 2 2 2 2 2 2 2 2 2 2 2 2
left_child=5 2 3 -2 -3 11 7 12 -9 -6 13 -1 -7 -11
right_child=1 4 -4 -5 9 6 -8 8 -10 10 -12 -13 -14 -15
leaf_value=0.016491241402120018 0.006384532829350459 0.00034020237609217466 0.010060778550110776 -0.0020754879689981105 -0.0033984681792150473 0.00024518788573371642 -0.0012599980158556222 -0.0072700105942641417 0.010516876641842083 -0.0015573104146826195 0.0023819028149477382 0.00014663874688442547 -0.0042113504228563099 0.011045303724007277
leaf_weight=272 1040 64205 1467 2136 4390 15359 35323 216 1173 3552 1690 70385 1032 130
leaf_count=272 1040 64205 1467 2136 4390 15359 35323 216 1173 3552 1690 70385 1032 130
internal_value=-2.4706e-05 0.000459807 0.00472276 0.00106717 0.000191614 -0.000332472 -0.00127699 0.00054244 0.00941744 -0.00271183 -7.43218e-05 0.000377475 -0.000214926 -0.00264085
internal_weight=202370 78610 4643 3176 73967 123760 53103 17780 1389 9762 5372 70657 16391 3682
internal_count=202370 78610 4643 3176 73967 123760 53103 17780 1389 9762 5372 70657 16391 3682
is_linear=0
shrinkage=0.05


Tree=391
num_leaves=15
num_cat=0
split_feature=38 56 33 33 44 13 14 33 43 43 49 19 52 26
split_gain=10.9635 28.8112 24.1079 23.9891 24.3622 22.4093 29.8441 23.4393 42.0997 30.7783 23.8087 21.4713 21.2185 23.0074
threshold=25.050000190734867 115.79999923706056 15.650000095367433 30.150000572204593 1.4337099790573122 55.283332824707038 5.8001897335052499 6.8500001430511483 52.500000000000007 297.50000000000006 -737.49999999999989 23.250000000000004 -0.86114627122879017 0.68448942899703991
decision_type=2 2 2 2 2 2 2 2 10 10 10 2 2 2
left_child=2 3 -1 4 5 11 -7 8 -8 10 -9 -2 13 -13
right_child=1 -3 -4 -5 -6 6 7 9 -10 -11 -12 12 -14 -15
leaf_value=-2.2471530892706484e-05 0.0061205584956617771 -0.006178160992509253 -0.00243870620022274 0.005739861635084666 0.0024887328533535927 -0.0042084172371205653 -0.0030149885834689621 -0.005638139299051834 0.0026470031613395231 -0.0044823935649770056 0.003736410652541133 0.00530078298499298 -0.00080944053303761429 -0.00073506302786161166
leaf_weight=172609 361 361 4379 838 2433 575 552 184 5339 737 984 399 12549 464
leaf_count=172609 361 361 4379 838 2433 575 552 184 5339 737 984 399 12549 464
internal_value=4.9316e-07 0.000963701 -0.000139832 0.00116519 0.00087953 0.000356595 0.0023953 0.00320907 0.00476614 -0.00160574 0.00343803 -0.000883335 -0.0012107 0.00632875
internal_weight=202764 25776 176988 25415 24577 22144 8371 7796 5891 1905 1168 13773 13412 863
internal_count=202764 25776 176988 25415 24577 22144 8371 7796 5891 1905 1168 13773 13412 863
is_linear=0
shrinkage=0.05


Tree=392
num_leaves=15
num_cat=0
split_feature=34 26 16 53 7 16 16 22 18 17 12 14 46 26
split_gain=10.7253 15.4757 14.0744 17.9941 14.1132 13.244 18.7873 21.8625 14.0439 15.8127 13.8796 13.6238 45.0472 32.4705
threshold=3.1499999761581425 0.86135438084602367 63.699998855590827 0.54759982228279125 103.70000076293947 133.15000152587893 122.70000076293947 3789.5000000000005 -60.199998855590813 16.750000000000004 160.37708282470706 33.113794326782234 0.25000000745058065 0.67355105280876171
decision_type=2 2 2 2 2 2 2 2 2 2 2 2 2 2
left_child=5 2 3 4 -2 6 8 10 9 -1 -8 -10 13 -13
right_child=1 -3 -4 -5 -6 -7 7 -9 11 -11 -12 12 -14 -15
leaf_value=0.00061767495489071687 -0.00094318570497342949 -0.0036073355909377993 -0.0045632194899661747 0.0038099793078389069 0.0050625677434382108 0.0013753156936947898 -2.2389812852345592e-05 0.00074739896121148695 9.463050534212758e-05 0.0039286005661298721 -0.0038733491259745016 0.0038464232060942171 -0.0040173240999491575 -0.00028519666196105366
leaf_weight=4568 5642 1310 481 701 270 1501 292 600 157239 1191 781 1666 4280 21760
leaf_count=4568 5642 1310 481 701 270 1501 292 600 157239 1191 781 1666 4280 21760
internal_value=-2.32337e-05 -0.00177086 -0.000844595 -0.000237808 -0.00113982 5.26077e-05 1.59834e-05 -0.00524361 6.23971e-05 0.00249177 -0.00948753 -1.33816e-05 -0.0010355 -0.000172811
internal_weight=202282 8404 7094 6613 5912 193878 192377 1673 190704 5759 1073 184945 27706 23426
internal_count=202282 8404 7094 6613 5912 193878 192377 1673 190704 5759 1073 184945 27706 23426
is_linear=0
shrinkage=0.05


Tree=393
num_leaves=15
num_cat=0
split_feature=45 13 15 19 39 15 36 18 9 36 45 15 23 57
split_gain=11.2942 12.3461 18.3583 18.0813 24.2342 19.6727 15.1384 13.6901 18.0451 13.3236 13.3512 13.2649 21.2604 17.5953
threshold=-14.369521141052244 28.365178108215336 63.699998855590827 17.750000000000004 0.25000000745058065 23.750000000000004 39.250000000000007 -48.850000381469719 63.899999618530281 43.149999618530281 0.37675192952156072 35.350000381469734 0.32500000298023229 21.316666603088382
decision_type=2 2 2 2 2 2 2 2 2 2 2 2 2 2
left_child=-1 2 6 4 7 -5 11 -3 -9 -7 -11 12 13 -2
right_child=1 3 -4 5 -6 9 -8 8 -10 10 -12 -13 -14 -15
leaf_value=0.0021283762953135054 -0.0045740455691328707 -0.010782656532764856 0.0048052822240826857 -0.0089737296212012534 -0.0075101240250217867 2.0916597761162262e-05 0.0054253273484151168 0.0033567794941652186 0.01353517900668082 0.0014137232136918103 -0.0059587860520550181 -0.0035259136320295484 -0.0025560341571099574 0.0079683759998859759
leaf_weight=1638 117 168 489 300 190 194063 168 1379 393 140 242 2391 343 336
leaf_count=1638 117 168 489 300 190 194063 168 1379 393 140 242 2391 343 336
internal_value=3.422e-05 3.73638e-07 -0.00280228 5.52353e-05 0.00462617 5.00629e-06 -0.00412333 0.00630769 0.00760382 2.50701e-05 -0.00918367 -0.00490303 0.000682382 0.00772138
internal_weight=202357 200719 3844 196875 2130 194745 3355 1940 1772 194445 382 3187 796 453
internal_count=202357 200719 3844 196875 2130 194745 3355 1940 1772 194445 382 3187 796 453
is_linear=0
shrinkage=0.05


Tree=394
num_leaves=15
num_cat=0
split_feature=24 25 16 43 45 53 46 11 46 52 56 40 11 26
split_gain=11.6541 10.7102 16.3781 26.8211 26.5266 31.3442 19.1269 16.9394 15.8537 37.1371 19.6166 17.937 15.8797 15.6681
threshold=862.00000000000011 8.9499998092651385 14.050000190734865 4207.5000000000009 3.1089093685150151 0.13185577094554904 44.95000076293946 31.79374980926514 0.15000000223517421 0.89404821395874035 38.549999237060554 981.14999389648449 23.629166603088382 0.24353354424238208
decision_type=2 2 2 8 2 2 2 2 2 2 2 2 2 2
left_child=1 -1 3 4 8 -6 13 -5 9 11 12 -3 -11 -4
right_child=-2 2 6 7 5 -7 -8 -9 -10 10 -12 -13 -14 -15
leaf_value=0.00045858152997004594 -0.006647905746267075 0.0080564411401095049 0.0027882525230419255 -0.0029763316174551257 0.0051663293364287606 -0.0041193968777972099 -0.0052996683740842657 -0.0096082295236704501 -0.0033628026667561388 -0.0042872783117847788 -0.0066296960634484861 0.00069216813466705393 0.0022305922240033085 -1.9837391329268625e-05
leaf_weight=33962 300 437 1044 752 1057 238 389 322 2324 760 532 487 729 159602
leaf_count=33962 300 437 1044 752 1057 238 389 322 2324 760 532 487 729 159602
internal_value=9.7317e-06 2.45503e-05 -0.000138574 -0.00239932 -0.0011941 0.00519157 -3.12025e-05 -0.00968635 -0.00277041 -0.000329949 -0.00412358 0.00792291 -0.00115077 -4.04591e-06
internal_weight=202935 202635 168673 7638 6564 1295 161035 1074 5269 2945 2021 924 1489 160646
internal_count=202935 202635 168673 7638 6564 1295 161035 1074 5269 2945 2021 924 1489 160646
is_linear=0
shrinkage=0.05


Tree=395
num_leaves=15
num_cat=0
split_feature=0 47 16 17 25 13 17 25 19 54 55 38 40 55
split_gain=12.4833 21.5105 20.9267 17.5365 20.6082 33.8094 18.2814 23.0327 16.9232 16.8739 17.3673 15.3596 20.5544 18.0806
threshold=40.45000076293946 2.9838918447494511 17.550000190734867 8.9499998092651385 45.850000381469734 137.45892333984378 -28.150000572204586 12.650000095367433 118.84999847412111 8.5000000000000018 4.5000000000000009 15.949999809265138 990.25000000000011 3.5000000000000004
decision_type=2 2 2 2 2 2 2 2 2 2 2 2 2 2
left_child=1 -1 -2 6 5 -5 7 9 -6 -4 -11 12 13 -7
right_child=2 -3 3 4 8 11 -8 -9 -10 10 -12 -13 -14 -15
leaf_value=0.0048536531249868987 -0.0017586793340414104 0.00031138384025649615 0.00091849917651349417 0.00027285407239156583 0.0062356339791801718 -0.0024203647561391985 -0.00047941955338150769 -1.9413395469730645e-05 -0.001258550892088023 0.0068149365921063784 3.7975272556105279e-07 0.013551782233743254 0.0023090941662411604 0.0030621252959188608
leaf_weight=489 6979 59541 2394 45069 162 752 60257 16885 5133 759 337 273 3033 458
leaf_count=489 6979 59541 2394 45069 162 752 60257 16885 5133 759 337 273 3033 458
internal_value=2.90079e-05 0.000633744 -0.000225788 -8.81776e-05 0.000601202 0.000917935 -0.000557402 0.000737062 -0.00236098 0.00442857 0.00953888 0.00503756 0.00427345 -0.00122951
internal_weight=202521 60030 142491 135512 54880 49585 80632 20375 5295 3490 1096 4516 4243 1210
internal_count=202521 60030 142491 135512 54880 49585 80632 20375 5295 3490 1096 4516 4243 1210
is_linear=0
shrinkage=0.05


Tree=396
num_leaves=15
num_cat=0
split_feature=43 36 16 45 44 36 26 12 16 46 40 26 15 44
split_gain=14.3213 26.0544 30.6285 29.4663 26.6594 27.8408 26.6353 28.4593 43.4844 30.1108 24.8302 29.4603 49.0495 30.4007
threshold=382.50000000000006 32.850000381469734 24.94999980926514 -8.9384560585021955 -3.7468619346618648 19.849999427795414 0.69821891188621532 88.797222137451186 58.850000381469734 10.449999809265138 980.95001220703136 0.66678139567375194 149.25000000000003 3.5196869373321538
decision_type=10 2 2 2 2 2 2 2 2 2 2 2 2 2
left_child=-1 2 4 -4 -2 -6 7 8 -3 -10 -5 12 13 -12
right_child=1 6 3 10 5 -7 -8 -9 9 -11 11 -13 -14 -15
leaf_value=0.0001417888171912525 -0.00037454473513419965 -0.00024778625175241774 0.0046810461902105031 -0.0016801672915698258 0.0063133194312022245 -0.0036659057256926901 0.002051441371152049 -0.0061283572506708912 0.0049237853357934321 -0.011252445096974949 0.0029393337281409695 -0.00040850227505285223 0.0071346784882515557 -0.0028139287339902508
leaf_weight=144780 4133 14592 1007 8074 276 5918 5186 424 741 92 2349 12625 522 1251
leaf_count=144780 4133 14592 1007 8074 276 5918 5186 424 741 92 2349 12625 522 1251
internal_value=1.33677e-05 -0.000656469 -0.00147034 -0.000549578 -0.00377044 -0.005843 0.000742457 -0.000275869 7.93651e-05 0.011121 -0.000891023 0.000207376 0.00387222 0.00177285
internal_weight=201970 57190 36155 25828 10327 6194 21035 15849 15425 833 24821 16747 4122 3600
internal_count=201970 57190 36155 25828 10327 6194 21035 15849 15425 833 24821 16747 4122 3600
is_linear=0
shrinkage=0.05


Tree=397
num_leaves=15
num_cat=0
split_feature=30 0 8 2 9 14 27 53 16 32 52 56 9 14
split_gain=13.1179 20.2213 23.2847 19.5587 18.7681 18.847 18.2819 18.2228 17.6084 15.5448 21.0045 32.5967 19.7826 19.8908
threshold=57.500000000000007 129.69999694824222 57.95000076293946 12.34999990463257 55.850000381469734 31.084116935729984 6.6499998569488534 0.99349221587181102 93.700000762939467 3.0738614797592168 -0.8337765336036681 96.049999237060561 133.40000152587893 7.3314292430877694
decision_type=8 2 2 2 2 2 2 2 2 2 2 2 2 2
left_child=3 9 -3 -1 8 -6 -5 -7 -4 12 11 -11 -2 -14
right_child=1 2 4 6 5 7 -8 -9 -10 10 -12 -13 13 -15
leaf_value=0.013483947038612465 -0.000288378941165407 -0.0067477322673049206 0.0061520328740543627 0.0020537649673429462 0.00029181507259158011 -0.0028053713434198022 0.00022768950330598269 0.00010806367440947046 -0.00070516339659670586 -0.001462490387387716 0.00078039574160877485 0.0043315492637733292 -0.0061499634593761105 0.0015424143370755311
leaf_weight=275 103006 760 321 1628 2503 3174 48170 1270 233 6949 26795 753 311 6353
leaf_count=275 103006 760 321 1628 2503 3174 48170 1270 233 6949 26795 753 311 6353
internal_value=8.27116e-06 -0.000222385 -0.00262665 0.000710321 -0.00177406 -0.00248311 0.00063544 -0.00443422 0.00700355 -8.44448e-05 0.000841134 -0.00145877 -0.000375638 0.00226251
internal_weight=202501 152428 8261 50073 7501 6947 49798 4444 554 144167 34497 7702 109670 6664
internal_count=202501 152428 8261 50073 7501 6947 49798 4444 554 144167 34497 7702 109670 6664
is_linear=0
shrinkage=0.05


Tree=398
num_leaves=15
num_cat=0
split_feature=36 6 13 12 30 38 55 40 57 38 24 41 36 57
split_gain=12.1753 12.346 25.1229 28.2766 33.4866 25.699 19.035 21.1802 18.0933 33.0807 26.8666 31.5162 23.2351 25.6876
threshold=44.399999618530281 54.750000000000007 46.063095092773445 53.026390075683601 167.50000000000003 25.650000572204593 3.5000000000000004 977.45001220703136 126.8833351135254 15.949999809265138 9.5000000000000018 34.500000000000007 15.84999990463257 228.25000000000003
decision_type=2 2 2 2 10 2 2 2 2 2 2 2 2 2
left_child=1 -1 3 -3 -5 8 7 -7 -4 10 12 -12 13 -10
right_child=-2 2 5 4 -6 6 -8 -9 9 -11 11 -13 -14 -15
leaf_value=0.0002278181215503633 -0.0054358875653204887 -0.0008132576363754293 -0.00037098318592090066 -0.0077533431801628293 0.00094285661380520138 0.0015395213185743267 -6.0399397253425165e-05 0.0066198993092712157 -7.4434397771609446e-05 0.0033209799604172322 -0.0039310140939867516 0.0022028888498233979 0.0029528222319320052 0.0020069476256907998
leaf_weight=100547 139 6832 65242 1016 474 2924 2626 577 14428 1357 1863 807 2013 1736
leaf_count=100547 139 6832 65242 1016 474 2924 2626 577 14428 1357 1863 807 2013 1736
internal_value=2.57909e-05 3.63049e-05 -0.000351553 -0.00298248 -0.0092 -0.000117276 0.00301043 0.00541868 -0.000336741 0.000895831 0.000401544 -0.00427239 0.00109006 0.000457524
internal_weight=202581 202442 101895 8322 1490 93573 6127 3501 87446 22204 20847 2670 18177 16164
internal_count=202581 202442 101895 8322 1490 93573 6127 3501 87446 22204 20847 2670 18177 16164
is_linear=0
shrinkage=0.05


Tree=399
num_leaves=15
num_cat=0
split_feature=57 16 13 47 54 40 56 13 47 16 13 57 15 36
split_gain=12.1351 27.2826 21.457 16.0926 13.9867 34.708 43.6918 37.4934 29.1628 46.9299 31.4367 35.6721 29.0299 28.6111
threshold=191.76666259765628 75.549999237060561 120.43690490722658 2.5229671001434331 11.500000000000002 991.64999389648449 155.75000000000003 61.531547546386726 6.797849416732789 94.65000152587892 88.583332061767592 57.95000076293946 204.19999694824222 12.250000000000002
decision_type=2 2 2 2 2 2 2 2 2 2 2 2 2 2
left_child=4 -2 -3 -4 -1 7 -7 -6 10 -10 11 -9 -12 -8
right_child=1 2 3 -5 5 6 13 8 9 -11 12 -13 -14 -15
leaf_value=-1.0465827707877712e-05 0.0039777482629964446 0.0044047085557165763 0.0031435311959370372 -0.00030782575235762392 0.0057992397727724123 0.0016853024045046185 -0.0050815883871654357 -0.0035622429057613316 -0.00570687438257948 0.0090746146606473874 -0.0033250769592598236 0.0030241157122921219 0.00025618729012316584 0.0017683424875654886
leaf_weight=181238 1047 164 277 4429 722 4569 705 487 1954 130 3231 1120 1618 364
leaf_count=181238 1047 164 277 4429 722 4569 705 487 1954 130 3231 1120 1618 364
internal_value=-7.36149e-05 0.00215539 0.00057377 -6.36132e-05 -0.000140965 -0.00161301 0.0014784 -0.00349439 -0.00442105 -0.0095511 -0.00275286 0.00329314 -0.00475921 -0.00757646
internal_weight=202055 5917 4870 4706 196138 14900 5638 9262 8540 2084 6456 1607 4849 1069
internal_count=202055 5917 4870 4706 196138 14900 5638 9262 8540 2084 6456 1607 4849 1069
is_linear=0
shrinkage=0.05


Tree=400
num_leaves=15
num_cat=0
split_feature=4 56 53 40 53 21 53 12 41 52 37 52 13 37
split_gain=12.4401 25.5004 34.4349 23.2745 21.9921 20.606 19.5341 17.7781 24.5312 26.1663 20.083 17.6713 17.4711 16.8481
threshold=105.79999923706056 96.049999237060561 -0.93543598055839527 975.64999389648449 0.99988442659378063 9.5000000000000018 -0.02257579285651445 96.790973663330092 1.5000000000000002 0.61237135529518139 46.500000000000007 -0.99866804480552662 154.61845397949222 63.500000000000007
decision_type=2 2 2 2 2 2 2 2 2 2 2 2 2 2
left_child=1 4 3 -3 5 6 -1 -7 9 12 -11 -4 -9 -14
right_child=-2 2 11 -5 -6 7 -8 8 -10 10 -12 -13 13 -15
leaf_value=-0.003803253241717203 -0.00036723710506235668 -0.00086659649054043756 0.0061075199665278973 -0.0091390339294549518 0.0093904526912962985 8.5836445772463643e-05 -0.00031550432082227411 -0.0041261793864595265 0.00053534954275555465 -0.0039614688296768395 0.0095410011698352452 0.0012214134577317633 -0.0064734686997843065 0.0037910226089313578
leaf_weight=2731 36159 721 213 270 144 138804 3957 2584 2294 104 163 13933 158 288
leaf_count=2731 36159 721 213 270 144 138804 3957 2584 2294 104 163 13933 158 288
internal_value=-4.08575e-05 0.000141849 0.00209778 -0.00686813 -5.40542e-05 -7.32992e-05 -0.00278441 5.24566e-05 -0.00270934 -0.00546568 0.00929603 0.00273029 -0.00679276 0.00230263
internal_weight=202523 166364 15137 991 151227 151083 6688 144395 5591 3297 267 14146 3030 446
internal_count=202523 166364 15137 991 151227 151083 6688 144395 5591 3297 267 14146 3030 446
is_linear=0
shrinkage=0.05


Tree=401
num_leaves=15
num_cat=0
split_feature=57 16 13 34 16 12 36 45 55 49 38 52 38 23
split_gain=12.2555 22.8398 19.0582 17.153 15.8041 29.6992 17.2215 28.409 14.4707 19.9918 17.5402 15.3699 13.3607 45.298
threshold=196.05000305175784 75.549999237060561 120.43690490722658 -0.25000000745058054 144.59999847412112 165.84236145019534 5.6499998569488534 -1.2880276441574094 3.5000000000000004 47.500000000000007 10.34999990463257 -0.12546116113662717 10.949999809265138 0.33500000834465032
decision_type=2 2 2 2 2 2 2 2 2 10 2 2 2 2
left_child=4 -2 -3 -4 5 6 7 -1 9 -7 11 -10 13 -8
right_child=1 2 3 -5 -6 8 12 -9 10 -11 -12 -13 -14 -15
leaf_value=0.0042486220874868334 0.0045074376142572661 0.0042329013171238028 -0.0013217827588895012 0.00093084880414979858 0.002876444459594943 -0.0024497290065119749 0.00045280275484961552 -0.00089447645875419019 0.0052091992139979282 0.0016564664741350926 -0.0085894696354367195 -0.002554623858602978 0.00012933888286651533 -0.0010861202090902799
leaf_weight=754 752 164 1765 2344 420 937 24485 560 109 810 468 1009 137338 30412
leaf_count=754 752 164 1765 2344 420 937 24485 560 109 810 468 1009 137338 30412
internal_value=2.18695e-05 0.0024578 0.00103315 0.000345958 -4.02915e-05 -6.12011e-05 1.95031e-05 0.00570242 -0.00473377 -0.0015794 -0.00817669 -0.00469858 -1.96364e-05 -0.000678875
internal_weight=202327 5025 4273 4109 197302 196882 193549 1314 3333 1747 1586 1118 192235 54897
internal_count=202327 5025 4273 4109 197302 196882 193549 1314 3333 1747 1586 1118 192235 54897
is_linear=0
shrinkage=0.05


Tree=402
num_leaves=15
num_cat=0
split_feature=18 40 12 26 12 40 56 24 26 38 54 40 47 56
split_gain=12.9583 13.4279 29.985 27.7614 21.7689 36.8305 27.0124 44.1947 34.9761 31.0647 27.2022 27.1631 26.4921 24.4819
threshold=126.65000152587892 979.75000000000011 87.165969848632827 0.70399728417396557 68.245140075683608 974.85000610351574 73.700000762939467 34.500000000000007 0.55683630704879772 25.150000572204593 8.5000000000000018 972.45001220703136 9.6395044326782244 67.40000152587892
decision_type=2 2 2 2 2 2 2 2 2 2 2 2 2 2
left_child=1 2 4 -4 6 -6 8 10 -1 -9 11 -8 -7 -10
right_child=-2 -3 3 -5 5 12 7 9 13 -11 -12 -13 -14 -15
leaf_value=0.00076732273890402431 -0.0032006532078318385 0.00016820688876231229 -0.0055085693304949687 0.0049188392790406217 0.0022460670233320525 5.785846953837567e-05 0.0061975151742600827 -0.0057489873264439054 -0.00077491626756348575 -0.00073734232907247781 0.0051838346232314335 -0.0028303258417727039 -0.013877871302223061 0.0025553695895055174
leaf_weight=18514 547 129251 1129 179 3801 3890 254 1807 36927 1136 839 1725 384 1726
leaf_count=18514 547 129251 1129 179 3801 3890 254 1807 36927 1136 839 1725 384 1726
internal_value=3.05513e-05 5.15945e-05 -0.000493978 -0.00796662 -0.000355217 0.0020872 -0.000668912 -0.00392913 -0.000339735 -0.00820352 0.000548091 -0.00265209 -0.00109711 -0.00119559
internal_weight=202109 201562 72311 1308 71003 8075 62928 5761 57167 2943 2818 1979 4274 38653
internal_count=202109 201562 72311 1308 71003 8075 62928 5761 57167 2943 2818 1979 4274 38653
is_linear=0
shrinkage=0.05


Tree=403
num_leaves=15
num_cat=0
split_feature=45 41 15 38 53 55 46 12 55 47 12 13 13 16
split_gain=10.9083 26.3401 30.2037 24.7371 27.9461 30.7471 68.6332 34.4858 31.127 51.3169 30.3024 29.3679 28.8074 28.778
threshold=-1.0365213751792905 1.0000000180025095e-35 38.250000000000007 19.150000572204593 -0.36648371815681452 1.5000000000000002 1.2500000000000002 83.507640838623061 3.5000000000000004 7.919292926788331 39.132638931274421 159.02827453613284 157.71279144287112 40.95000076293946
decision_type=2 2 2 2 2 2 2 2 2 2 2 2 2 2
left_child=1 3 -3 4 10 6 7 -6 9 11 -1 -7 -9 -10
right_child=-2 2 -4 -5 5 8 -8 12 13 -11 -12 -13 -14 -15
leaf_value=-0.00043071792235354901 -0.00016725619931851987 -0.0022683102445814557 0.00071767665333994789 0.0021576621201150727 0.0020585914646251138 -0.0011119497133553189 0.0088288494281870845 -0.0023168866020964935 0.0012507924099325219 -0.0052683641969982044 -0.004704900794063778 0.0037574445474395004 0.0035729550714269781 -0.0012379936996865376
leaf_weight=3401 105672 3154 52976 3098 4341 6018 935 3301 7301 2798 2702 448 562 6040
leaf_count=3401 105672 3154 52976 3098 4341 6018 935 3301 7301 2798 2702 448 562 6040
internal_value=2.55232e-05 0.000408147 0.00111151 -0.000556098 -0.000908022 -0.000311772 0.00213411 0.000663501 -0.00130113 -0.00352599 -0.00400376 -0.00107319 -0.00276917 0.0002453
internal_weight=202747 97075 56130 40945 37847 31744 9139 8204 22605 9264 6103 6466 3863 13341
internal_count=202747 97075 56130 40945 37847 31744 9139 8204 22605 9264 6103 6466 3863 13341
is_linear=0
shrinkage=0.05


Tree=404
num_leaves=15
num_cat=0
split_feature=43 19 42 43 37 47 43 44 38 37 15 29 44 52
split_gain=10.5599 17.2006 13.319 41.8206 30.015 26.3622 26.7655 23.3325 21.2105 37.0484 31.9988 29.8378 27.242 32.9991
threshold=12.500000000000002 29.550000190734867 3.1499999761581425 47.500000000000007 77.500000000000014 4.4252660274505624 22.500000000000004 7.553326129913331 11.949999809265138 78.500000000000014 155.30000305175784 8.2500000000000018 -7.0011050701141349 0.15951094031333926
decision_type=8 2 2 10 2 2 8 2 2 2 2 2 2 2
left_child=1 -1 3 -2 -5 -4 7 -7 11 10 12 -8 13 -10
right_child=2 -3 5 4 -6 6 8 -9 9 -11 -12 -13 -14 -15
leaf_value=0.010089091679134687 -0.0013541097220487104 0.00073143438917273721 0.00079142928740000285 -0.00018777493568786116 0.0028546262330929441 0.0012633483315522777 -0.001103561375165102 0.0075467715141099212 5.0910600739923971e-05 -0.00058266359853136539 0.0028543679701481788 0.00028372995555054069 5.4037247744720407e-05 0.0037286547990147221
leaf_weight=162 13509 2822 19173 12792 3282 4925 29572 375 6044 34200 3407 17901 47885 6288
leaf_count=162 13509 2822 19173 12792 3282 4925 29572 375 6044 34200 3407 17901 47885 6288
internal_value=8.52496e-06 0.00295591 -3.57388e-05 -0.0010146 0.000708779 0.00013488 -8.74793e-05 0.00339925 -0.00021489 0.000205961 0.00091932 -0.00108197 0.000652116 0.00274672
internal_weight=202337 2984 199353 29583 16074 169770 150597 5300 145297 97824 63624 47473 60217 12332
internal_count=202337 2984 199353 29583 16074 169770 150597 5300 145297 97824 63624 47473 60217 12332
is_linear=0
shrinkage=0.05


Tree=405
num_leaves=15
num_cat=0
split_feature=49 13 12 52 13 12 21 52 37 0 26 46 13 15
split_gain=13.607 17.6329 29.1682 23.1057 33.5449 24.2966 23.6763 24.5677 23.6506 20.9207 22.047 21.2828 19.6827 27.2144
threshold=-12.499999999999998 43.658332824707038 26.108333587646488 -0.91597726941108693 37.368154525756843 47.608333587646491 199.50000000000003 0.76140651106834423 34.500000000000007 57.800001144409187 0.51997339725494396 20.94999980926514 31.107142448425297 35.350000381469734
decision_type=8 2 2 2 2 2 2 2 2 2 2 2 2 2
left_child=1 3 -3 4 -1 6 8 -8 -5 10 11 -4 13 -10
right_child=-2 2 9 5 -6 -7 7 -9 12 -11 -12 -13 -14 -15
leaf_value=-0.0063691942557676353 0.00018371096703050235 0.01475102782375028 0.0013526706392055056 -0.0035421072484268235 -0.0007735345776986092 -0.0042470918704773861 -0.00017793690882277752 0.0083916480639147865 0.0055439234030657389 -0.00056112099298919892 1.9439650000848896e-05 0.0057936783732901861 0.00042810437191340947 -0.0057809494920462515
leaf_weight=960 120572 180 6779 2353 1553 1141 633 637 214 27961 29094 419 8502 1126
leaf_count=960 120572 180 6779 2353 1553 1141 633 637 214 27961 29094 419 8502 1126
internal_value=3.16622e-05 -0.000467129 -8.80623e-05 -0.00189299 -0.00631193 -0.0011289 -0.000532468 0.0059375 -0.00121057 -0.000145885 0.00064597 0.00312153 -0.000131953 -0.00574074
internal_weight=202124 81552 64433 17119 2513 14606 13465 1270 12195 64253 36292 7198 9842 1340
internal_count=202124 81552 64433 17119 2513 14606 13465 1270 12195 64253 36292 7198 9842 1340
is_linear=0
shrinkage=0.05


Tree=406
num_leaves=15
num_cat=0
split_feature=40 53 44 24 25 40 26 53 37 53 44 24 53 14
split_gain=11.2938 30.9864 23.8214 21.1871 35.7305 30.8777 28.0843 39.769 29.6315 24.9715 24.0804 49.8492 44.0093 39.608
threshold=979.85000610351574 -0.15950992703437802 6.5973026752471933 1.5000000000000002 29.550000190734867 992.35000610351574 0.69974538683891307 -0.39827153086662287 84.500000000000014 0.68274390697479259 -3.4233622550964351 15.500000000000002 0.92519181966781627 56.45880317687989
decision_type=2 2 2 2 2 2 2 2 2 2 2 2 2 2
left_child=1 -1 -3 4 5 -2 10 -8 -9 -7 -5 12 -12 -14
right_child=3 2 -4 6 -6 9 7 8 -10 -11 11 -13 13 -15
leaf_value=-0.00015557269814064217 0.00089471567055480561 -0.0024874489270490241 -0.012340079377172356 -0.00042965260389349618 -0.0007060868687060462 -0.006896562289082731 0.0068529650826164856 -0.0011978400974609388 0.00054249842449720647 0.0034275235405993561 0.0019398493986100232 -0.00053308669039608546 -0.00095469978050501949 0.0036401643241683436
leaf_weight=70333 12350 3067 182 22435 5687 101 921 27496 8125 2981 23762 18692 5649 595
leaf_count=70333 12350 3067 182 22435 5687 101 921 27496 8125 2981 23762 18692 5649 595
internal_value=-2.49523e-05 -0.000519078 -0.00528536 0.000257368 0.001705 0.00295299 -2.66982e-05 -0.00115315 -0.00141941 0.00742238 0.000552057 0.0011764 0.0024387 -0.00129517
internal_weight=202376 73582 3249 128794 21119 15432 107675 36542 35621 3082 71133 48698 30006 6244
internal_count=202376 73582 3249 128794 21119 15432 107675 36542 35621 3082 71133 48698 30006 6244
is_linear=0
shrinkage=0.05


Tree=407
num_leaves=15
num_cat=0
split_feature=53 13 43 40 36 53 13 15 53 13 40 42 13 15
split_gain=15.4251 32.5295 26.4744 19.7897 19.4831 16.7072 32.1516 26.6975 16.2715 47.4451 47.8863 18.7025 18.3757 30.5988
threshold=0.9993295967578889 169.63987731933597 707.50000000000011 987.14999389648449 12.449999809265138 0.99803557991981517 131.20982360839847 267.75000000000006 0.99530133605003368 173.88780212402347 995.04998779296886 3.4500000476837163 180.56636810302737 239.80000305175784
decision_type=2 2 10 2 2 2 2 2 2 2 2 2 2 2
left_child=5 2 3 4 -2 8 -7 -8 12 10 11 -10 -1 -14
right_child=1 -3 -4 -5 -6 6 7 -9 9 -11 -12 -13 13 -15
leaf_value=6.7555430665361406e-06 -0.0069224927011852346 -0.014552882493262399 -0.01055064771669284 0.002995210571454042 0.0032252413531886764 -0.006513062783856622 0.001405167075756264 -0.0074903024173415406 -0.0043556836879616867 0.0052556686374119425 0.0068852652533060018 0.0001867248016231754 -0.0057476494081267378 -2.6143647169638019e-05
leaf_weight=193913 133 133 74 1874 78 523 867 202 553 579 402 609 950 1732
leaf_count=193913 133 133 74 1874 78 523 867 202 553 579 402 609 950 1732
internal_value=1.38182e-05 0.00408341 0.00559013 0.00667064 -0.00757919 -3.2944e-05 -0.0051186 -0.000115848 8.0504e-06 0.00433117 -0.000222363 -0.00537543 -3.9292e-05 -0.0041419
internal_weight=202622 2292 2159 2085 211 200330 1592 1069 198738 2143 1564 1162 196595 2682
internal_count=202622 2292 2159 2085 211 200330 1592 1069 198738 2143 1564 1162 196595 2682
is_linear=0
shrinkage=0.05


Tree=408
num_leaves=15
num_cat=0
split_feature=31 47 36 53 16 38 42 47 46 11 53 38 25 53
split_gain=11.0086 30.3177 34.5518 40.8097 35.5679 25.2147 38.5365 35.2547 52.185 37.0014 34.16 26.5283 26.412 25.8137
threshold=-0.71771451830863942 4.7512509822845468 25.44999980926514 0.57605713605880748 75.099998474121108 21.94999980926514 6.5499999523162851 9.0901222229003924 16.349999427795414 73.295833587646499 -0.96234029531478871 12.84999990463257 21.550000190734867 0.34840355813503271
decision_type=2 2 2 2 2 2 2 2 2 2 2 2 2 2
left_child=1 -1 -3 4 5 6 13 -7 9 -9 -10 -8 -13 -4
right_child=-2 2 3 -5 -6 7 11 8 10 -11 -12 12 -14 -15
leaf_value=0.0010466468883715246 -0.00015079710029896332 -0.00073097609632959007 -0.00060052184921531864 0.0065727705665658059 -0.0065342466406144717 0.00044915006432032223 0.00075177983814612168 -0.0040079396960310569 0.0047609055267330775 0.0020112016953984374 -0.00096166494494255193 0.0042946684213424303 -0.0008904812872360335 0.0049874341797158071
leaf_weight=15625 100944 32467 7323 486 687 26066 4359 3671 782 430 1688 6083 881 624
leaf_count=15625 100944 32467 7323 486 687 26066 4359 3671 782 430 1688 6083 881 624
internal_value=6.13479e-05 0.000429918 5.99016e-05 0.000845734 0.000710973 0.000861471 0.00229512 1.45496e-05 -0.00325558 -0.00670761 0.00247984 0.00416703 0.00607972 -0.000373885
internal_weight=202116 101172 85547 53080 52594 51907 19270 32637 6571 4101 2470 11323 6964 7947
internal_count=202116 101172 85547 53080 52594 51907 19270 32637 6571 4101 2470 11323 6964 7947
is_linear=0
shrinkage=0.05


Tree=409
num_leaves=15
num_cat=0
split_feature=0 23 9 13 32 0 16 56 37 50 26 52 53 16
split_gain=13.5353 14.1602 13.8283 13.2998 35.8092 22.9896 22.2384 22.6641 28.6963 25.3063 24.8357 23.2179 23.9033 27.5519
threshold=242.60000610351565 0.65500000119209301 206.05000305175784 85.041961669921889 -7.8792846202850333 85.549999237060561 22.849999427795414 81.849998474121108 45.500000000000007 0.37940952181816107 0.69844099879264843 0.61237135529518139 0.98486763238906871 54.600000381469734
decision_type=2 2 2 2 2 2 2 2 2 2 2 2 2 2
left_child=3 2 -2 5 -5 -1 -6 8 10 -9 -8 12 13 -10
right_child=1 -3 -4 4 6 -7 7 9 11 -11 -12 -13 -14 -15
leaf_value=4.0062753121544725e-05 -0.0052505888361793268 -0.00010610646606631358 0.0014579054524990892 0.0035016070585506646 0.0035975504454171013 -0.00096175294089834444 0.0035694883234711826 0.00088326484027497355 -0.0015347032301662124 -0.000243430584327968 -0.00060478953274882292 0.0030988010116477019 0.00094066775573076189 -0.0066288079667701609
leaf_weight=134847 711 1261 195 2482 959 18632 1169 18031 5416 13400 1691 718 1401 1448
leaf_count=134847 711 1261 195 2482 959 18632 1169 18031 5416 13400 1691 718 1401 1448
internal_value=2.82896e-05 -0.00389297 -0.00862445 7.09277e-05 0.000809524 -0.00015392 0.000480867 0.000313049 -0.00155024 0.00101539 0.00280488 -0.0029384 -0.00368882 -0.00490253
internal_weight=202361 2167 906 200194 46715 153479 44233 43274 11843 31431 2860 8983 8265 6864
internal_count=202361 2167 906 200194 46715 153479 44233 43274 11843 31431 2860 8983 8265 6864
is_linear=0
shrinkage=0.05


Tree=410
num_leaves=15
num_cat=0
split_feature=0 35 6 9 8 17 17 34 22 26 16 16 24 13
split_gain=12.5908 21.6148 25.7016 21.3895 15.4351 15.206 21.4277 16.4698 16.3346 15.2781 14.2797 22.3376 19.776 16.4921
threshold=42.199998855590827 30.500000000000004 86.950000762939467 78.799999237060561 93.500000000000014 9.3499999046325701 -18.150000572204586 -4.7499999999999991 2949.0000000000005 0.99743390083312999 31.150000572204593 31.250000000000004 1.0000000180025095e-35 98.349998474121108
decision_type=2 2 2 2 2 2 2 2 2 2 2 2 2 2
left_child=1 -1 3 4 -3 6 7 -2 -8 10 13 -12 -13 -7
right_child=5 2 -4 -5 -6 9 8 -9 -10 -11 11 12 -14 -15
leaf_value=-0.00051794257254656471 -0.0064054289949004133 0.0002915290941410159 0.0048379728313767594 0.0024752616414302365 0.0038727006441720115 -0.00046899893175978981 -0.00053668831402241236 0.00023511239505528693 -0.0023133382841668063 -0.0029790735225114443 0.0059138260121981336 0.0030204887006777602 0.00031848689978382643 0.0026628382325566816
leaf_weight=16370 396 43444 1066 3468 993 19133 46691 29009 3571 677 358 1280 35519 765
leaf_count=16370 396 43444 1066 3468 993 19133 46691 29009 3571 677 358 1280 35519 765
internal_value=4.26634e-05 0.000613992 0.00113973 0.00096786 0.000672149 -0.000229061 -0.000676795 0.000395207 -0.00130391 0.000388798 0.000477964 0.00105672 0.000933875 -0.000602773
internal_weight=202740 65341 48971 47905 44437 137399 79667 29405 50262 57732 57055 37157 36799 19898
internal_count=202740 65341 48971 47905 44437 137399 79667 29405 50262 57732 57055 37157 36799 19898
is_linear=0
shrinkage=0.05


Tree=411
num_leaves=15
num_cat=0
split_feature=38 24 44 29 4 56 47 55 44 24 38 46 38 46
split_gain=11.5216 16.4319 18.3188 11.2253 11.7075 21.4907 18.0859 42.8764 16.5817 46.8099 32.6341 32.7707 27.2969 21.1214
threshold=1.7500000000000002 4.5000000000000009 7.8792846202850351 25.94999980926514 22.44999980926514 25.250000000000004 6.8223612308502206 1.5000000000000002 -9.7065343856811506 12.500000000000002 22.150000572204593 8.2500000000000018 14.550000190734865 0.45000000298023229
decision_type=2 2 2 2 2 2 2 2 2 2 2 2 2 2
left_child=1 2 -1 4 -2 6 7 -6 9 -7 12 13 -11 -12
right_child=3 -3 -4 -5 5 8 -8 -9 -10 10 11 -13 -14 -15
leaf_value=0.0043359671436898175 0.0009666477023121345 -0.0031941625753256183 -0.0053716239794579018 0.0044834419859315243 0.0015545215339701796 -0.003744430735746099 -0.0003277482571346656 -0.0041304451780632022 0.00010287654890693277 -0.0015602786129912507 -0.0019244283007382006 -0.010297280580860636 0.0049448204140275266 0.0020345174900452119
leaf_weight=523 12245 1740 158 362 1376 5072 7039 3280 163924 937 919 1101 2200 1686
leaf_count=523 12245 1740 158 362 1376 5072 7039 3280 163924 937 919 1101 2200 1686
internal_value=1.75246e-05 -0.00340395 0.00314761 5.90804e-05 4.29203e-05 -5.49204e-05 -0.00212943 -0.00454351 8.31679e-05 -0.00171698 0.000981322 -0.00219322 0.00472672 0.000869981
internal_weight=202562 2421 681 200141 199779 187534 11695 4656 175839 11915 6843 3706 3137 2605
internal_count=202562 2421 681 200141 199779 187534 11695 4656 175839 11915 6843 3706 3137 2605
is_linear=0
shrinkage=0.05


Tree=412
num_leaves=15
num_cat=0
split_feature=36 43 31 43 37 52 19 57 36 55 45 19 45 12
split_gain=10.7699 14.6543 17.0617 16.2195 30.0905 21.6283 18.8802 15.8814 14.2044 17.1653 14.0917 13.594 13.2574 13.0737
threshold=43.149999618530281 2557.5000000000005 -2.136533141136169 1622.5000000000002 24.500000000000004 -0.99866804480552662 70.40000152587892 96.983333587646499 29.550000190734867 4.5000000000000009 3.3808432817459111 56.250000000000007 0.37675192952156072 19.704860687255863
decision_type=2 10 2 10 2 2 2 2 2 2 2 2 2 2
left_child=1 3 -3 13 6 -6 10 8 9 -7 -5 -4 -2 -1
right_child=12 2 11 4 5 7 -8 -9 -10 -11 -12 -13 -14 -15
leaf_value=0.0034011229307872345 0.0012076101803456946 0.0041622160218517104 0.0016831767447675235 -0.0027596493928628025 -0.0068005228981742744 -0.004039097193453617 -0.0070597423249483485 -0.016547685378615756 0.00054558415324643095 0.0025218116255008847 0.0069663951954730885 -0.0025341618954749403 -0.0054840348748792789 4.175683276613773e-05
leaf_weight=676 171 1304 1052 850 164 648 853 71 4854 266 235 813 255 190223
leaf_count=676 171 1304 1052 850 164 648 853 71 4854 266 235 813 255 190223
internal_value=5.17424e-05 6.86817e-05 0.00343662 1.48353e-05 -0.00219784 -0.000444869 -0.00759754 7.2662e-05 0.000380755 -0.00530303 -0.00317352 0.00036 -0.00779817 0.000106988
internal_weight=202435 202009 3169 198840 7941 6003 1938 5839 5768 914 1085 1865 426 190899
internal_count=202435 202009 3169 198840 7941 6003 1938 5839 5768 914 1085 1865 426 190899
is_linear=0
shrinkage=0.05


Tree=413
num_leaves=15
num_cat=0
split_feature=25 17 14 53 41 53 15 53 44 13 53 37 13 9
split_gain=13.7128 18.6986 12.4862 18.1474 18.6727 25.7865 39.7329 20.4794 17.3459 16.7632 25.4901 31.4741 18.1901 18.0389
threshold=51.149999618530281 39.649999618530281 46.867082595825202 0.99803557991981517 40.500000000000007 0.9800505042076112 316.15000915527349 0.47369650006294256 -7.8929076194763175 177.52320861816409 0.97461712360382091 93.500000000000014 186.95178985595706 240.75000000000003
decision_type=2 2 2 2 2 2 2 2 2 2 2 2 2 2
left_child=2 -2 9 4 5 7 -7 -4 -6 13 -11 12 -12 -1
right_child=1 -3 3 -5 8 6 -8 -9 -10 10 11 -13 -14 -15
leaf_value=1.5031360017227214e-05 0.00088344875574033479 -0.0021479378739392278 0.0047709999816221652 -0.0025491065520827361 -0.007800370050801881 0.0043474231181359615 -0.008112240674075932 -0.0010703937556054367 0.0025339996638497151 -0.006695111818661087 0.00010318458192359048 -0.0035350624861313243 0.0078796494711916073 0.002550953965902322
leaf_weight=185187 1499 3064 568 943 150 1256 191 3369 3178 806 399 573 281 1099
leaf_count=185187 1499 3064 568 943 150 1256 191 3369 3178 806 399 573 281 1099
internal_value=4.45518e-05 -0.00266237 0.000107065 0.0018598 0.00257395 0.000750834 0.00643445 -0.00134913 0.00551228 1.71219e-05 -0.00445868 1.97941e-05 0.00724638 6.68291e-05
internal_weight=202563 4563 198000 9655 8712 5384 1447 3937 3328 188345 2059 1253 680 186286
internal_count=202563 4563 198000 9655 8712 5384 1447 3937 3328 188345 2059 1253 680 186286
is_linear=0
shrinkage=0.05


Tree=414
num_leaves=15
num_cat=0
split_feature=31 27 7 24 4 23 38 46 36 52 52 14 12 13
split_gain=13.33 19.7195 18.5517 17.9251 27.908 27.4476 35.198 29.7865 26.7854 46.0948 27.4513 26.0432 27.688 26.6586
threshold=1.5735748410224917 39.850000381469734 27.44999980926514 14.500000000000002 102.54999923706056 0.49500000476837164 12.84999990463257 1.0000000180025095e-35 23.94999980926514 -0.0053757284767925731 0.91939014196395885 4.1265993118286142 63.523611068725593 93.301189422607436
decision_type=2 2 2 2 2 2 2 2 2 2 2 2 2 2
left_child=1 -1 -3 4 5 6 7 8 9 11 -10 -2 -13 -14
right_child=3 2 -4 -5 -6 -7 -8 -9 10 -11 -12 12 13 -15
leaf_value=0.00012826409754705532 0.013372161587153953 0.010140832122812943 -0.00034012873259064714 -0.00084767659667498102 -0.00074272566814795609 0.0020671482032482047 -0.0012346671976922311 -0.0029581433162512551 0.0010726928407523068 0.0030379089827946913 -0.0040363616926626595 -0.0031094523837086694 0.0023878305242686182 -0.0008990357123540738
leaf_weight=128299 270 691 485 26577 12285 5676 8727 1801 1778 7777 1488 1561 2242 2766
leaf_count=128299 270 691 485 26577 12285 5676 8727 1801 1778 7777 1488 1561 2242 2766
internal_value=2.30941e-05 0.000327644 0.00674536 -0.000517421 7.60009e-05 0.000812412 0.000177692 0.00134946 0.00196736 0.00288185 -0.00212149 -0.000113155 -0.000748594 0.00106616
internal_weight=202423 129475 1176 72948 46371 34086 28410 19683 17882 14616 3266 6839 6569 5008
internal_count=202423 129475 1176 72948 46371 34086 28410 19683 17882 14616 3266 6839 6569 5008
is_linear=0
shrinkage=0.05


Tree=415
num_leaves=15
num_cat=0
split_feature=0 27 47 13 41 7 9 49 37 45 31 43 31 0
split_gain=12.4676 13.8579 14.895 13.3242 16.6286 13.7795 12.0002 12.2935 13.1487 17.0183 11.6448 11.6123 16.4845 13.2059
threshold=215.35000610351565 7.6499998569488534 10.16823720932007 115.44196701049806 40.500000000000007 161.85000610351565 72.299999237060561 11.250000000000002 68.500000000000014 -1.7598434686660764 -0.32355238497257227 2557.5000000000005 -2.136533141136169 37.549999237060554
decision_type=2 2 2 2 2 2 2 10 2 2 2 10 2 2
left_child=1 2 6 5 -5 -2 -1 8 -8 -10 -6 -3 -13 -14
right_child=3 11 -4 4 10 -7 7 -9 9 -11 -12 12 13 -15
leaf_value=0.0067197886379139291 -0.0010776658711766432 -2.0879955981928379e-05 -0.0065933601002135444 -0.0029060196383581594 0.00099356914554123155 0.0040733681423651856 -0.0042108152568807334 0.0030997436759258147 0.0022676164008869292 -0.00046657530446657234 -0.0017934964992008641 0.0040075792113499252 0.0015437790531932336 -0.0025148453937595678
leaf_weight=393 300 190415 135 1880 1056 266 239 987 1114 1506 754 1364 1211 814
leaf_count=393 300 190415 135 1880 1056 266 239 987 1114 1506 754 1364 1211 814
internal_value=1.3831e-05 7.13969e-05 0.00285128 -0.00266057 -0.00375676 0.00442708 0.00338315 0.00251556 0.000845242 0.00188213 -0.00032967 8.51332e-06 0.00290527 3.6855e-05
internal_weight=202434 198178 4374 4256 3690 566 4239 3846 2859 2620 1810 193804 3389 2025
internal_count=202434 198178 4374 4256 3690 566 4239 3846 2859 2620 1810 193804 3389 2025
is_linear=0
shrinkage=0.05


Tree=416
num_leaves=15
num_cat=0
split_feature=4 56 47 55 53 15 26 38 13 53 1 50 51 54
split_gain=11.4321 18.1803 18.8185 41.9726 25.1161 17.468 17.3867 14.965 13.9039 12.7541 19.9601 12.5093 19.7747 22.5561
threshold=22.44999980926514 25.250000000000004 7.2029855251312265 1.5000000000000002 -0.98212954401969899 32.649999618530281 0.74785310029983532 8.2500000000000018 61.155952453613288 -0.9852197766304015 24.650000572204593 0.78656607866287243 1.0000000180025095e-35 8.5000000000000018
decision_type=2 2 2 2 2 2 2 2 2 2 2 2 2 2
left_child=9 2 3 7 -5 -3 8 -2 -6 10 -1 -7 -13 -14
right_child=1 5 -4 4 6 11 -8 -9 -10 -11 -12 12 13 -15
leaf_value=-0.0092752460836517739 -0.0029396540830090713 -0.0040082651157620913 -8.3044567321606535e-05 0.0060403828716724872 -0.0029340796171182324 0.00013756930563589426 -0.0065768597845010093 0.0028411971431002436 0.0038542895975485882 0.0011023530286939226 0.0080550911330997312 0.00037313016304641356 -0.00027972129183599144 -0.0019294386985687023
leaf_weight=252 454 450 6425 119 1957 139190 1630 1203 229 12389 71 15120 14484 8252
leaf_count=252 454 450 6425 119 1957 139190 1630 1203 229 12389 71 15120 14484 8252
internal_value=2.68252e-05 -7.05719e-05 -0.00195186 -0.00406998 -0.00687579 5.68995e-05 -0.00759279 0.00259448 -0.00464481 0.00147776 -0.00818318 8.21774e-05 -0.000723604 -0.00165524
internal_weight=202225 189513 12017 5592 3935 177496 3816 1657 2186 12712 323 177046 37856 22736
internal_count=202225 189513 12017 5592 3935 177496 3816 1657 2186 12712 323 177046 37856 22736
is_linear=0
shrinkage=0.05


Tree=417
num_leaves=15
num_cat=0
split_feature=51 50 50 44 36 33 26 56 52 47 52 36 56 55
split_gain=12.2349 75.3654 35.706 44.0346 30.489 33.7483 33.2818 38.6865 28.6633 28.0137 26.8737 26.6361 27.4521 25.7113
threshold=0.12940952181816107 -1.0000000180025095e-35 0.12940952181816109 -3.1985763311386104 33.250000000000007 1.1500000357627871 0.70897960662841808 42.45000076293946 0.9970000982284547 6.6341784000396737 -0.86976337432861317 22.550000190734867 155.75000000000003 1.0000000180025095e-35
decision_type=2 2 2 2 2 2 2 2 2 2 2 2 2 2
left_child=2 -2 4 8 5 6 7 -1 -4 -3 -6 12 -9 -12
right_child=1 9 3 -5 10 -7 -8 11 -10 -11 13 -13 -14 -15
leaf_value=-0.0013600320105154108 0.0010306573782966233 0.00016555549886685395 -0.00047447504486457134 0.00096126682375048407 -0.0014018144933349297 -0.0026062279501852127 -0.0018284315267361054 -0.00080304870538886776 -0.0079705808389246482 -0.0012017787059786574 -0.0015815697099557534 0.0021168801339743917 0.0031602004449952158 0.0010482408537238115
leaf_weight=8060 42165 25937 19967 30222 3101 8606 11636 5378 436 24559 2210 6655 444 12914
leaf_count=8060 42165 25937 19967 30222 3101 8606 11636 5378 436 24559 2210 6655 444 12914
internal_value=3.7568e-05 0.0004605 -0.000319914 0.000654192 -0.00115566 -0.00191534 -0.00117065 4.01518e-05 -0.0011402 -0.000842474 0.000544283 0.00178386 -0.000685871 0.00141403
internal_weight=202290 92661 109629 50625 59004 40779 32173 20537 20403 50496 18225 12477 5822 15124
internal_count=202290 92661 109629 50625 59004 40779 32173 20537 20403 50496 18225 12477 5822 15124
is_linear=0
shrinkage=0.05


Tree=418
num_leaves=15
num_cat=0
split_feature=0 15 30 29 23 14 38 24 23 54 36 31 15 15
split_gain=12.5218 23.9203 28.5406 27.2922 23.0953 20.6383 25.1731 43.5652 22.2913 22.3697 28.2501 27.5165 23.3488 37.2113
threshold=94.200000762939467 100.90000152587892 47.500000000000007 15.750000000000002 1.7250000238418581 10.799774169921877 8.4499998092651385 21.500000000000004 0.044999999925494201 10.500000000000002 18.050000190734867 0.71744969487190258 43.850000381469734 48.45000076293946
decision_type=2 2 10 2 2 2 2 2 2 2 2 2 2 2
left_child=1 4 -3 -4 5 8 7 -7 -1 10 11 -10 -12 -14
right_child=-2 2 3 -5 -6 6 -8 -9 9 -11 12 -13 13 -15
leaf_value=0.014765734316677694 -0.00032072346304113378 0.0023078149522249613 0.00019896680183562334 0.0047331951827202599 -0.0038424332286783008 -0.00064858589865103913 -0.0001709538222280871 -0.0072401926178619295 0.00028505341901099453 -0.0021968300382058299 -0.00068856993003009329 0.0045055568345783283 0.0026218317199477345 0.00015123122344374575
leaf_weight=187 44490 5885 27393 1043 612 5627 55083 2077 2586 1703 15213 2747 6870 30900
leaf_count=187 44490 5885 27393 1043 612 5627 55083 2077 2586 1703 15213 2747 6870 30900
internal_value=-7.41012e-07 0.000207996 0.00137558 0.000718906 -0.000116288 -6.76813e-05 -0.000701865 -0.00337698 0.000593696 0.00053849 0.000703803 0.00416901 0.000354292 0.00102038
internal_weight=202416 157926 34321 28436 123605 122993 62787 7704 60206 60019 58316 5333 52983 37770
internal_count=202416 157926 34321 28436 123605 122993 62787 7704 60206 60019 58316 5333 52983 37770
is_linear=0
shrinkage=0.05


Tree=419
num_leaves=15
num_cat=0
split_feature=57 24 42 13 53 55 29 4 52 15 8 44 53 38
split_gain=12.3621 20.7733 15.2297 14.6782 13.6658 23.9651 15.1784 12.7578 22.2666 27.7246 22.7689 22.639 33.4155 23.8773
threshold=196.05000305175784 10.500000000000002 8.4499998092651385 113.4520835876465 0.99530133605003368 4.5000000000000009 1.8499999642372134 109.29999923706056 -0.56368473172187794 144.1499938964844 184.1499938964844 -2.8989554643630977 0.69521084427833568 9.8499999046325701
decision_type=2 2 2 2 2 2 2 2 2 2 2 2 2 2
left_child=7 3 -3 -2 6 -6 -5 -1 9 -9 11 12 -11 -13
right_child=1 2 -4 4 5 -7 -8 8 -10 10 -12 13 -14 -15
leaf_value=7.5530685723186611e-05 0.0048412990258818629 -0.0042562945813053726 0.0045833921682356688 0.0043985679869847178 0.0041681427849886987 -0.0026963445465984764 0.00013684810985325896 -0.0017642999349133774 -0.00078596242610227138 -0.0025032901302229739 -0.0063748993314640887 -0.001399120215347155 0.0053356266407888799 0.0032459311538041214
leaf_weight=167426 159 608 75 552 567 186 2942 2276 21149 1469 322 475 387 3430
leaf_count=167426 159 608 75 552 567 186 2942 2276 21149 1469 322 475 387 3430
internal_value=3.5514e-05 0.00246617 -0.00559163 0.00372509 0.00314188 0.00920708 0.00181221 -2.7419e-05 -0.000985839 0.00119787 0.00295831 0.00368654 -0.000857449 0.00584291
internal_weight=202023 5089 683 4406 4247 753 3494 196934 29508 8359 6083 5761 1856 3905
internal_count=202023 5089 683 4406 4247 753 3494 196934 29508 8359 6083 5761 1856 3905
is_linear=0
shrinkage=0.05


Tree=420
num_leaves=15
num_cat=0
split_feature=29 32 47 11 50 42 57 55 52 52 55 24 9 23
split_gain=11.3678 11.0824 9.86043 22.9429 20.7625 22.3915 21.4324 19.3804 26.0228 30.9773 20.2356 38.2071 29.022 19.1706
threshold=25.94999980926514 -16.612818717956539 3.9860788583755498 228.1166687011719 -0.7865660786628722 2.3500000238418584 91.816669464111342 1.0000000180025095e-35 -0.44504626095294947 -0.96689236164093006 5.5000000000000009 5.5000000000000009 113.04999923706056 1.4950000047683718
decision_type=2 2 2 2 2 2 2 2 2 2 2 2 2 2
left_child=1 -1 4 -4 5 6 -3 8 9 -6 13 12 -12 -9
right_child=-2 2 3 -5 7 -7 -8 10 -10 -11 11 -13 -14 -15
leaf_value=-0.0039690621599595853 0.0035124501888809862 -0.0060861427132461151 -5.4314553435307858e-05 0.0082060031365423069 0.0049031978404929788 9.7274443906608673e-05 -0.00023430248395789265 0.0010698406651544136 0.00068690481306064595 -0.0044435975706588523 0.0049479518546026863 -0.0040131673038325813 -0.0011220361828976799 0.0099688657860933089
leaf_weight=625 394 743 177684 182 168 3439 680 12888 1951 1146 654 1218 700 314
leaf_count=625 394 743 177684 182 168 3439 680 12888 1951 1146 654 1218 700 314
internal_value=3.6983e-05 2.02567e-05 4.10106e-05 -8.71394e-05 0.000994312 -0.00191913 -0.00717027 0.00173894 -0.00176336 -0.00717523 0.00246452 -0.00158792 0.00417889 0.00325462
internal_weight=202786 202392 201767 177866 23901 4862 1423 19039 3265 1314 15774 2572 1354 13202
internal_count=202786 202392 201767 177866 23901 4862 1423 19039 3265 1314 15774 2572 1354 13202
is_linear=0
shrinkage=0.05


Tree=421
num_leaves=15
num_cat=0
split_feature=42 43 57 47 43 54 0 43 53 14 52 44 18 28
split_gain=11.4702 35.9462 26.3198 25.925 22.0535 22.8401 21.2801 20.1794 19.9029 27.0374 36.4025 27.1585 19.9915 19.7114
threshold=3.4500000476837163 52.500000000000007 125.21666336059572 4.1402127742767343 22.500000000000004 4.5000000000000009 129.69999694824222 12.500000000000002 0.9800505042076112 32.110181808471687 -0.4218058288097381 3.0781540870666508 41.350000381469734 90.500000000000014
decision_type=2 10 2 2 8 2 2 8 2 2 2 2 2 2
left_child=1 7 -3 -2 5 -5 -6 -1 9 13 11 -11 -13 -8
right_child=3 2 -4 4 6 -7 8 -9 -10 10 -12 12 -14 -15
leaf_value=0.00071139267420611697 0.00089914155412441845 0.00011323679231102779 0.0040200616770122771 0.0053498287277002517 2.4989995184809822e-05 0.00071788489545249266 -0.0012949791963172267 -0.0013086210459137971 0.00057587893686786578 -0.0016864621501293754 -0.0050986344025222181 0.0055523661205374849 -0.00074117975987428384 0.0026822511931086368
leaf_weight=2394 13328 17260 1449 993 135209 4706 1981 16456 2559 1157 3414 387 264 907
leaf_count=2394 13328 17260 1449 993 135209 4706 1981 16456 2559 1157 3414 387 264 907
internal_value=1.23473e-06 -0.000787218 0.000765265 0.000180851 -5.11258e-06 0.00304344 -0.000124411 -0.00232768 -0.00227315 -0.00348522 -0.00562882 0.000110011 0.00820726 0.000396825
internal_weight=202464 37559 18709 164905 151577 5699 145878 18850 10669 8110 5222 1808 651 2888
internal_count=202464 37559 18709 164905 151577 5699 145878 18850 10669 8110 5222 1808 651 2888
is_linear=0
shrinkage=0.05


Tree=422
num_leaves=15
num_cat=0
split_feature=53 23 53 53 53 55 50 47 41 53 7 12 46 46
split_gain=11.7742 50.4611 44.2804 42.3913 40.0427 68.5399 39.5475 36.2251 26.9527 26.0833 36.3976 44.4611 25.3858 21.4835
threshold=-0.99273797869682301 0.75499999523162853 -0.98801845312118519 -0.99864786863327015 -0.98212954401969899 1.5000000000000002 -0.37940952181816096 13.883463382720949 99.500000000000014 -0.96687281131744374 59.350000381469734 86.419445037841811 1.2500000000000002 20.650000572204593
decision_type=2 2 2 2 2 2 2 2 2 2 2 2 2 2
left_child=1 -1 -2 6 5 -4 -3 8 -5 10 -6 -12 -7 -10
right_child=2 3 4 7 9 12 -8 -9 13 -11 11 -13 -14 -15
leaf_value=0.0045051736619785565 -0.0032492335608090882 0.00086724015995419965 -0.0084665413768056207 0.0044818728532319109 -0.0037190439495198738 0.0025453940515799294 -0.0062301273245614908 -0.0075589519623024959 -0.0035498271338696877 -1.2143547225301755e-05 0.0028323304325502067 -0.0045641195703832755 0.010492838347059894 0.0030331353990291272
leaf_weight=1887 2168 908 267 1989 2650 1008 1515 359 617 185857 1235 392 856 217
leaf_count=1887 2168 908 267 1989 2650 1008 1515 359 617 185857 1235 392 856 217
internal_value=-4.41974e-05 0.00189949 -0.000119187 -0.000485307 -3.88766e-05 0.00676086 -0.00545623 0.00330514 0.00521532 -0.000115439 -0.00397131 0.00190898 0.0101654 -0.00231043
internal_weight=201925 7492 194433 5605 192265 2131 2423 3182 2823 190134 4277 1627 1864 834
internal_count=201925 7492 194433 5605 192265 2131 2423 3182 2823 190134 4277 1627 1864 834
is_linear=0
shrinkage=0.05


Tree=423
num_leaves=15
num_cat=0
split_feature=14 12 55 14 13 55 47 13 46 9 44 57 55 13
split_gain=11.4518 24.064 18.9657 15.1237 14.2331 33.0598 25.6786 21.3277 16.3789 14.9819 13.4226 12.6588 20.22 22.9299
threshold=69.315029144287124 188.99304962158206 3.5000000000000004 56.45880317687989 180.56636810302737 1.5000000000000002 4.5243573188781747 198.18006134033206 1.0000000180025095e-35 240.75000000000003 -0.39887663722038263 154.68333435058597 2.5000000000000004 147.9699401855469
decision_type=2 2 2 2 2 2 2 2 2 2 2 2 2 2
left_child=3 -2 -3 4 9 6 7 -6 -7 11 -8 -1 13 -13
right_child=1 2 -4 -5 5 8 10 -9 -10 -11 -12 12 -14 -15
leaf_value=-6.0210116719934541e-05 -0.0041326739305416775 0.0042442714174683481 -0.002172961156725346 0.001102073023754277 -0.0060367073100565721 -0.0057039884945480034 -0.0021706400687356632 0.0072468001434477436 -0.0013225616278524949 0.0017629468624809812 0.0045355789772257597 -0.0024769414724968887 0.0016579515106781115 0.00091381145133300693
leaf_weight=184685 823 359 394 3899 260 938 59 117 545 1621 428 1668 4255 1717
leaf_count=184685 823 359 394 3899 260 938 59 117 545 1621 428 1668 4255 1717
internal_value=-2.40363e-05 -0.00425599 0.00219528 9.49041e-06 -5.18331e-05 -0.00391387 0.00383295 -0.00587855 -0.00842264 -4.89802e-06 0.0113179 -4.53636e-05 0.00194771 -0.000935199
internal_weight=201768 1576 753 200192 196293 2347 864 377 1483 193946 487 192325 7640 3385
internal_count=201768 1576 753 200192 196293 2347 864 377 1483 193946 487 192325 7640 3385
is_linear=0
shrinkage=0.05


Tree=424
num_leaves=15
num_cat=0
split_feature=0 13 14 52 32 16 37 12 12 13 13 7 32 47
split_gain=12.2956 17.012 24.6152 23.2344 28.8091 24.0186 20.7888 19.7724 21.1148 19.2746 56.728 21.706 20.9542 18.6229
threshold=85.549999237060561 84.409820556640639 31.084116935729984 0.34235194325447088 -1.4329677820205686 35.45000076293946 97.500000000000014 105.55625152587892 88.797222137451186 156.42768096923831 137.45892333984378 140.85000610351565 -2.3411397933959956 5.1521286964416513
decision_type=2 2 2 2 2 2 2 2 2 2 2 2 2 2
left_child=-1 7 9 5 13 -4 -6 8 -2 10 11 12 -3 -5
right_child=1 2 3 4 6 -7 -8 -9 -10 -11 -12 -13 -14 -15
leaf_value=0.00011772018303026211 -0.00079124228329322671 0.0029645214185648476 0.0026678818281232869 -0.0011282126254476923 -0.0012274382579491845 -0.00026528598520482173 0.0073481521310356998 0.0026705568727420901 -0.0039081448387502495 -0.00066282876555624488 0.0056645435546692092 -0.0021091943067509419 -8.2688290564126448e-05 -0.0085173751777832072
leaf_weight=150191 15294 2562 806 505 1391 18738 109 813 2319 2483 1545 1861 3102 777
leaf_count=150191 15294 2562 806 505 1391 18738 109 813 2319 2483 1545 1861 3102 777
internal_value=-1.60489e-05 -0.000676192 -1.10655e-05 -0.00098048 -0.00524713 -0.000370768 -0.000529801 -0.00189846 -0.00225132 0.00186154 0.00292952 0.00113139 0.00267007 -0.0107198
internal_weight=202496 52305 33879 22326 2782 19544 1500 18426 17613 11553 9070 7525 5664 1282
internal_count=202496 52305 33879 22326 2782 19544 1500 18426 17613 11553 9070 7525 5664 1282
is_linear=0
shrinkage=0.05


Tree=425
num_leaves=15
num_cat=0
split_feature=21 0 53 11 36 32 53 23 40 53 52 53 36 53
split_gain=12.5594 20.3942 18.3942 20.7718 26.418 17.4435 16.8699 18.2126 19.8542 19.6461 18.3732 20.6732 26.0548 20.7549
threshold=75.500000000000014 35.95000076293946 -0.99273797869682301 74.299999237060561 31.44999980926514 3.2269843816757207 -0.98801845312118519 0.78499999642372142 993.04998779296886 0.97062206268310558 -0.98803845047950734 -0.68432605266571034 24.94999980926514 0.9783238172531129
decision_type=2 2 2 2 2 2 2 2 2 2 2 2 2 2
left_child=1 5 3 4 -3 -1 -4 -8 10 -10 -9 -12 13 -13
right_child=-2 2 6 -5 -6 -7 7 8 9 -11 11 12 -14 -15
leaf_value=0.00075338520097980037 -0.00021657246890103288 0.00018122742070431354 -0.0036158959099963487 -0.0075216296590072292 0.0064504098455553912 0.0034399109744310988 -0.00014614454085356001 -0.0082903782859761969 0.0011936643445692357 -0.0034777801602541162 -0.00018382342654062745 0.00026551080793110472 0.0040411486562041358 0.0024058506165346746
leaf_weight=11008 96109 893 689 163 874 2526 72597 312 831 1071 5175 5694 3217 1511
leaf_count=11008 96109 893 689 163 874 2526 72597 312 831 1071 5175 5694 3217 1511
internal_value=-3.05901e-05 0.000343198 7.92695e-05 0.00489691 0.00648565 0.00215594 -2.33242e-05 3.64972e-05 0.00146877 -0.00334728 0.0020463 0.00228904 0.00357074 0.00189536
internal_weight=202670 106561 93027 1930 1767 13534 91097 90408 17811 1902 15909 15597 10422 7205
internal_count=202670 106561 93027 1930 1767 13534 91097 90408 17811 1902 15909 15597 10422 7205
is_linear=0
shrinkage=0.05


Tree=426
num_leaves=15
num_cat=0
split_feature=32 45 43 51 43 53 52 46 57 15 38 40 34 41
split_gain=11.1365 24.0489 21.3934 17.5956 21.6949 19.1328 22.5721 21.4833 21.0778 20.3867 18.5062 27.1132 24.057 21.5188
threshold=-0.69145217537879933 -1.0824235081672666 552.50000000000011 0.12940952181816107 22.500000000000004 0.029024410061538223 0.89017060399055492 1.0000000180025095e-35 43.31666564941407 70.90000152587892 17.849999427795414 977.95001220703136 1.0000000180025095e-35 1.5000000000000002
decision_type=2 2 8 2 10 2 2 2 2 2 2 2 2 2
left_child=3 2 -2 -1 5 8 7 -7 -5 -8 13 12 -12 -6
right_child=1 -3 -4 4 10 6 9 -9 -10 -11 11 -13 -14 -15
leaf_value=-0.00049173075208864409 0.00029045275024607579 -0.00012744330161492887 0.0015031888622974783 0.0012462453335430096 -0.0012140505501936072 0.0013290079383663023 0.0066310035772920066 -0.00234988689903822 -0.0031628583939403185 0.00047549721345175184 0.001309321435325002 0.0024770105893250245 -0.0020391112945643184 0.00031889640897986711
leaf_weight=55499 26409 60079 13178 3297 13175 7162 947 774 1535 491 2855 4078 2345 10388
leaf_count=55499 26409 60079 13178 3297 13175 7162 947 774 1535 491 2855 4078 2345 10388
internal_value=9.89012e-06 0.000386251 0.0013429 -0.000355903 0.00035542 0.0019872 0.0033035 0.00225271 -0.000567947 0.00904696 -0.000350826 0.00153962 -0.000854127 -0.00109553
internal_weight=202212 99666 39587 102546 47047 14206 9374 7936 4832 1438 32841 9278 5200 23563
internal_count=202212 99666 39587 102546 47047 14206 9374 7936 4832 1438 32841 9278 5200 23563
is_linear=0
shrinkage=0.05


Tree=427
num_leaves=15
num_cat=0
split_feature=37 47 43 46 40 24 52 52 50 52 51 16 43 26
split_gain=11.5752 35.9821 31.0897 31.5817 35.5191 31.2973 30.0861 46.6252 26.8252 40.2317 35.5575 33.6965 30.7977 28.8608
threshold=66.500000000000014 8.9505810737609881 1152.5000000000002 1.8499999642372134 987.64999389648449 66.500000000000014 0.9996619224548341 0.96234640479087841 1.0000000180025095e-35 0.27694219350814825 -0.12940952181816107 24.94999980926514 52.500000000000007 0.69573572278022777
decision_type=2 2 8 2 2 2 2 2 2 2 2 2 8 2
left_child=-1 8 3 5 -5 -3 7 -4 10 -10 12 -11 -2 -13
right_child=1 2 6 4 -6 -7 -8 -9 9 11 -12 13 -14 -15
leaf_value=-0.00016191218835187178 -0.0061092777229005942 -0.0044751489680787326 0.0002107499874137834 -0.0012325748664412176 0.0037016264708818109 0.0014975106294270073 -0.0066665516023912772 0.0082398008863702726 -0.00026758699856097815 -0.00065114592320229814 0.0011917660764251756 0.0040177581668802281 -0.00038525876677841174 0.00062229704690826011
leaf_weight=95930 375 3338 1740 7684 1171 538 121 610 43228 4038 29010 4245 5706 4165
leaf_count=95930 375 3338 1740 7684 1171 538 121 610 43228 4038 29010 4245 5706 4165
internal_value=8.25867e-05 0.000442776 -0.00180778 -0.00280394 -0.00115341 -0.00656202 0.0033152 0.00459746 0.000819866 0.000137377 0.00190237 0.00264087 -0.00157199 0.00444181
internal_weight=201899 105969 15202 12731 8855 3876 2471 2350 90767 55676 35091 12448 6081 8410
internal_count=201899 105969 15202 12731 8855 3876 2471 2350 90767 55676 35091 12448 6081 8410
is_linear=0
shrinkage=0.05


Tree=428
num_leaves=15
num_cat=0
split_feature=49 43 36 54 13 40 57 23 13 12 13 37 10 13
split_gain=12.2683 18.2178 19.2252 49.6482 27.1096 22.2467 20.4826 19.7408 18.6991 18.0122 21.3156 17.2284 18.4709 19.9874
threshold=5.0537879467010507 462.50000000000006 33.250000000000007 8.5000000000000018 46.671726226806648 981.45001220703136 24.216667175292972 0.20499999821186068 55.56488227844239 89.537498474121108 67.046726226806655 53.500000000000007 78.924999237060561 46.063095092773445
decision_type=10 10 2 2 2 2 2 2 2 2 2 2 2 2
left_child=11 -2 8 5 6 9 -5 -7 -3 10 -4 -1 -13 -14
right_child=1 2 3 4 -6 7 -8 -9 -10 -11 -12 12 13 -15
leaf_value=-0.00072788030521386555 0.00063269845856405533 -0.0013232672097187063 0.00056820659081888473 -0.0072148825172757341 -0.0029323487609364931 -0.0021739539720839474 0.0030553570671613454 0.0062246641531517027 7.667997709540631e-05 -0.0052614105904567089 0.003099472956208005 0.00026290151613891368 -0.0054174080896432723 -0.00034301349395103597
leaf_weight=28341 41153 12470 9539 106 2229 219 550 1312 14909 264 1493 62119 457 27406
leaf_count=28341 41153 12470 9539 106 2229 219 550 1312 14909 264 1493 62119 457 27406
internal_value=2.13499e-05 0.00048247 -0.000236073 0.00115761 -0.0047582 0.00249085 0.00412913 0.00812784 -0.001036 0.00172033 0.00203315 -0.000306973 3.16695e-05 -0.00103774
internal_weight=202567 84244 43091 15712 2885 12827 656 1531 27379 11296 11032 118323 89982 27863
internal_count=202567 84244 43091 15712 2885 12827 656 1531 27379 11296 11032 118323 89982 27863
is_linear=0
shrinkage=0.05


Tree=429
num_leaves=15
num_cat=0
split_feature=45 41 15 26 15 52 52 46 53 53 53 52 56 22
split_gain=10.1459 22.7948 21.8063 23.0466 25.6043 30.8636 33.9932 31.2491 21.6828 26.8269 37.0606 30.3974 29.9201 25.2705
threshold=-1.0365213751792905 1.0000000180025095e-35 41.850000381469734 0.75628590583801281 49.300001144409187 -0.8337765336036681 -0.69057363271713246 1.6500000357627871 0.88522326946258556 0.80290535092353832 0.65720760822296154 -0.66528618335723866 124.10000228881837 2838.0000000000005
decision_type=2 2 2 2 2 2 2 2 2 2 2 2 2 2
left_child=1 -1 -3 4 -4 7 -7 -6 9 10 13 -12 -11 -8
right_child=-2 2 3 -5 5 6 8 -9 -10 12 11 -13 -14 -15
leaf_value=-0.00025211586485695132 -0.00015905998784903204 -0.0013720363710735693 0.003407658852192734 -0.00022867430885954514 0.00041563558012634451 0.0033397641473127391 0.00064492213966570947 -0.0050266736332602148 0.0016912797203569399 -0.0048122412501140233 -0.0083857979953814426 0.0076025433487331151 0.0037239036275298664 -0.0053196434122141263
leaf_weight=40786 105561 4151 3705 14565 3131 2850 17604 1771 4736 1506 163 1158 256 530
leaf_count=40786 105561 4151 3705 14565 3131 2850 17604 1771 4736 1506 163 1158 256 530
internal_value=3.08668e-06 0.000372464 0.00102608 0.0013047 0.00196152 0.00152677 0.00215094 -0.00213762 0.00158013 0.000896264 0.00143206 0.00948535 -0.00499436 0.000840498
internal_weight=202473 96912 56126 51975 37410 33705 28803 4902 25953 21217 19455 1321 1762 18134
internal_count=202473 96912 56126 51975 37410 33705 28803 4902 25953 21217 19455 1321 1762 18134
is_linear=0
shrinkage=0.05


Tree=430
num_leaves=15
num_cat=0
split_feature=24 47 56 11 31 37 57 43 55 12 41 47 8 30
split_gain=11.6141 10.4609 20.703 16.4411 14.0162 10.9837 11.6122 10.4782 22.691 19.7649 17.583 15.3853 10.1052 10.0692
threshold=862.00000000000011 15.957678318023683 33.549999237060554 105.37500000000001 -17.128521919250485 8.5000000000000018 20.583333969116214 2557.5000000000005 1.0000000180025095e-35 46.636112213134773 19.500000000000004 5.7316429615020761 57.95000076293946 25.02689361572266
decision_type=2 2 2 2 2 2 2 10 2 2 2 2 2 8
left_child=1 4 -3 -4 -1 6 -6 13 9 -9 -10 -12 -2 -7
right_child=12 2 3 -5 5 7 -8 8 10 -11 11 -13 -14 -15
leaf_value=0.0027926857523504784 -0.0083798010630004756 0.0053109649292611381 -0.0066756822937812654 0.0063920604620774759 0.00097338696507006869 0.00046308844757126381 -0.010062844486414875 0.0001034504242933415 0.0001848823447402004 -0.012762514754768911 -0.00083370200233365006 0.006562734262367695 0.0039287029410359497 -8.8165063271929004e-05
leaf_weight=1387 214 146 566 102 131 20104 207 322 1221 156 308 1110 69 176398
leaf_count=1387 214 146 566 102 131 20104 207 322 1221 156 308 1110 69 176398
internal_value=-3.54407e-05 -2.10221e-05 -0.0056432 -0.00936578 1.98655e-06 -3.28804e-05 -0.00890805 -1.74073e-05 0.00285417 -0.00706967 0.00467157 0.00843838 -0.00998294 -6.31005e-05
internal_weight=202441 202158 814 668 201344 199957 338 199619 3117 478 2639 1418 283 196502
internal_count=202441 202158 814 668 201344 199957 338 199619 3117 478 2639 1418 283 196502
is_linear=0
shrinkage=0.05


Tree=431
num_leaves=15
num_cat=0
split_feature=0 23 57 53 10 53 38 36 12 16 46 26 54 12
split_gain=12.2244 14.506 10.6342 27.3353 12.4241 12.1495 11.4573 14.8295 11.3274 20.0416 19.2436 23.869 16.8435 26.3265
threshold=275.20001220703131 0.66500002145767223 217.31666564941409 0.93469110131263744 173.29167175292972 0.96407344937324535 10.34999990463257 9.2500000000000018 165.84236145019534 73.700000762939467 1.0000000180025095e-35 0.97099128365516674 1.5000000000000002 114.12847137451173
decision_type=2 2 2 2 2 2 2 2 2 2 2 2 2 2
left_child=2 -2 8 4 -4 -5 7 -7 12 -10 -11 -12 13 -1
right_child=1 -3 3 5 -6 6 -8 -9 9 10 11 -13 -14 -15
leaf_value=0.0020293105571616817 -0.0067988480476315425 -0.00018535030064253044 0.0006173691659367924 0.0040842078358351705 -0.0054357221882979524 0.00029529234908932809 -0.0046712931082120183 0.0042443437025706521 0.0027112949340376965 -0.0019183631771257576 0.0034465029848863866 -0.0067355772857059437 -6.778899113634301e-05 -0.00014696271323655607
leaf_weight=4992 334 528 247 472 296 1038 87 528 540 3100 600 378 182549 6464
leaf_count=4992 334 528 247 472 296 1038 87 528 540 3100 600 378 182549 6464
internal_value=-5.60192e-05 -0.0059633 -3.04271e-05 0.00309933 -0.0068264 0.00565574 0.0035929 0.00460025 -7.26214e-05 -0.00251729 -0.0037182 0.00237854 -1.4303e-05 0.00184458
internal_weight=202153 862 201291 2668 543 2125 1653 1566 198623 4618 4078 978 194005 11456
internal_count=202153 862 201291 2668 543 2125 1653 1566 198623 4618 4078 978 194005 11456
is_linear=0
shrinkage=0.05


Tree=432
num_leaves=15
num_cat=0
split_feature=8 8 6 53 52 12 19 57 43 40 57 44 8 0
split_gain=11.0968 19.0244 25.4839 24.8919 52.9696 25.6154 51.5343 33.196 23.8881 22.3791 21.9162 21.3717 18.8107 18.371
threshold=31.849999427795414 56.149999618530281 80.450000762939467 -0.94703993201255787 0.091259401291608824 54.784721374511726 86.500000000000014 97.950000762939467 52.500000000000007 971.35000610351574 86.549999237060561 2.6879194974899296 42.199998855590827 30.250000000000004
decision_type=2 2 2 2 2 2 2 2 10 2 2 2 2 2
left_child=-1 2 10 4 5 6 -3 8 -7 -6 -2 -10 -4 -5
right_child=1 3 12 13 9 7 -8 -9 11 -11 -12 -13 -14 -15
leaf_value=0.00049592722694925546 -0.00032749901351836479 0.0042500381657297947 -0.0037302468119725755 0.0020687283166355764 0.0023928851065223911 -0.0011116841858621691 -0.0052882989080820265 -0.0035033843595488699 0.0070150432331733048 -0.0027597171685127125 0.0017212075687582332 -7.3536659430888809e-05 -0.000980638279739332 -1.8892441575958654e-05
leaf_weight=35179 57549 1224 2242 4471 400 411 733 186 2374 1973 3716 310 5072 87084
leaf_count=35179 57549 1224 2242 4471 400 411 733 186 2374 1973 3716 310 5072 87084
internal_value=7.44084e-05 -9.49301e-05 -0.000735176 0.000347866 0.00309343 0.00589748 0.00135994 0.00859161 0.00983092 -0.00309484 -0.000401877 0.0115442 -0.00352267 0.000119314
internal_weight=202924 167745 68579 99166 7611 5238 1957 3281 3095 2373 61265 2684 7314 91555
internal_count=202924 167745 68579 99166 7611 5238 1957 3281 3095 2373 61265 2684 7314 91555
is_linear=0
shrinkage=0.05


Tree=433
num_leaves=15
num_cat=0
split_feature=37 25 19 8 13 9 24 20 8 13 14 50 8 36
split_gain=9.89954 9.57559 20.6106 15.1939 15.1964 12.1065 14.5622 11.0616 16.5239 10.8114 18.5705 16.6605 15.5231 12.2392
threshold=6.5000000000000009 5.9500000476837167 45.250000000000007 56.850000381469734 57.21815490722657 84.200000762939467 6.5000000000000009 5.8500001430511483 22.849999427795414 28.365178108215336 15.581367492675783 0.60355338454246532 13.650000095367433 39.95000076293946
decision_type=2 2 2 2 2 2 2 2 2 2 2 2 2 2
left_child=-1 2 3 4 -2 6 -4 -8 -9 10 13 -12 -11 -3
right_child=1 9 5 -5 -6 -7 7 8 -10 12 11 -13 -14 -15
leaf_value=-0.0071777820304257285 0.0022586104571731603 -0.0028533867250550935 -0.0080225023060916164 0.0073545179731225657 -0.010574429614164889 0.0044327523861596753 -0.0033473100260718275 0.0092599097088731427 -0.0010585960074360953 0.0019720237144454479 0.0043414503317892152 -0.0045028430666594569 -3.5896646804917456e-05 0.0053524579327161219
leaf_weight=139 2205 2607 156 727 255 261 677 247 1148 1889 516 226 191688 115
leaf_count=139 2205 2607 156 727 255 261 677 247 1148 1889 516 226 191688 115
internal_value=-3.62308e-05 -2.67601e-05 0.00199613 0.0046528 0.00275304 -0.00141056 -0.00261394 -0.00146494 0.00108541 -8.51302e-05 -0.00284974 0.00412234 -3.55137e-05 -0.00475842
internal_weight=202856 202717 5676 3187 2460 2489 2228 2072 1395 197041 3464 742 193577 2722
internal_count=202856 202717 5676 3187 2460 2489 2228 2072 1395 197041 3464 742 193577 2722
is_linear=0
shrinkage=0.05


Tree=434
num_leaves=15
num_cat=0
split_feature=27 45 41 44 16 52 57 43 49 0 47 52 36 42
split_gain=10.8476 9.96769 20.0554 19.175 12.9872 11.6887 11.7493 10.4421 20.8475 22.7275 20.4955 22.553 20.3043 20.1687
threshold=43.549999237060554 -14.369521141052244 21.500000000000004 5.8001849651336679 18.550000190734867 0.52766072750091564 35.083332061767585 382.50000000000006 11.250000000000002 35.549999237060554 4.9132456779479989 -0.99275806546211232 29.94999980926514 3.7500000000000004
decision_type=2 2 2 2 2 2 2 10 10 2 2 2 2 2
left_child=1 2 3 5 -4 -1 -7 8 13 -10 -11 -12 -13 -3
right_child=-2 7 4 -5 -6 6 -8 -9 9 10 11 12 -14 -15
leaf_value=0.0044114510198787439 0.0041998911067719349 -0.00059285048183442416 -0.00054118406247030822 0.0058028849411081492 0.0049191471356062116 1.1867032067311434e-05 -0.0084277024365224957 -0.00031487367401441331 0.0037457212682861121 0.0014004677430942678 0.003035022147400685 -0.00046686162983677096 0.0018074961852820939 0.00011227165215622198
leaf_weight=66 307 26448 274 87 827 117 223 56954 2431 9250 1167 18822 2814 82998
leaf_count=66 307 26448 274 87 827 117 223 56954 2431 9250 1167 18822 2814 82998
internal_value=-1.49165e-05 -2.93845e-05 0.00389651 -0.00442346 0.00762826 -0.00901442 -0.0127143 -6.07285e-05 0.000166041 0.0012379 0.000883417 7.78065e-05 -0.000288737 -0.000171759
internal_weight=202785 202478 1594 493 1101 406 340 200884 143930 34484 32053 22803 21636 109446
internal_count=202785 202478 1594 493 1101 406 340 200884 143930 34484 32053 22803 21636 109446
is_linear=0
shrinkage=0.05


Tree=435
num_leaves=15
num_cat=0
split_feature=32 52 47 52 16 16 8 52 45 56 4 46 11 52
split_gain=11.7011 18.477 24.0293 23.4243 43.8424 26.0814 20.6178 20.2601 26.1285 22.249 20.0045 20.9967 18.176 19.352
threshold=-0.36053110659122461 -0.99763298034667958 7.4554371833801278 -0.86976337432861317 39.399999618530281 38.45000076293946 79.500000000000014 -0.99054482579231251 -1.7598434686660764 26.44999980926514 76.250000000000014 33.350000381469734 60.143749237060554 -0.98214942216873158
decision_type=2 2 2 2 2 2 2 2 2 2 2 2 2 2
left_child=-1 2 -2 4 5 7 -6 -3 -9 -10 -5 -12 13 -11
right_child=1 3 -4 10 6 -7 -8 8 9 12 11 -13 -14 -15
leaf_value=-0.00017949935362079062 0.0033431339250161543 -0.0044188939381732267 -0.002912479699156405 0.00061800250525685663 0.0017217156022770949 -0.0087978988279841935 -0.0012371895228708621 0.0014026792149103102 -0.0061137681515463817 0.0057948829605879576 -0.00017967510938677461 -0.012640951394529365 -0.0035975193639746664 -0.00086687730117190409
leaf_weight=107453 2028 1749 515 51395 4383 883 2006 2507 736 409 22832 351 1244 3770
leaf_count=107453 2028 1749 515 51395 4383 883 2006 2507 736 409 22832 351 1244 3770
internal_value=-2.78092e-05 0.000377038 0.00457305 0.000260905 -0.00137453 -0.00324549 0.0019339 -0.00253957 -0.00154449 -0.0032947 0.000648898 -0.000570215 -0.00217651 -0.000590833
internal_weight=202261 94808 2543 92265 17687 11298 6389 10415 8666 6159 74578 23183 5423 4179
internal_count=202261 94808 2543 92265 17687 11298 6389 10415 8666 6159 74578 23183 5423 4179
is_linear=0
shrinkage=0.05


Tree=436
num_leaves=15
num_cat=0
split_feature=18 57 56 51 26 46 53 21 43 46 46 46 11 30
split_gain=10.9097 12.5159 22.8439 29.3986 22.7545 44.8626 31.6392 26.2737 24.9129 27.2689 24.4012 22.7536 22.2888 28.5048
threshold=77.599998474121108 86.549999237060561 75.549999237060561 0.60355338454246532 0.55683630704879772 0.35000000894069677 -0.20180761069059369 54.500000000000007 272.50000000000006 3.1499999761581425 15.84999990463257 10.949999809265138 50.727083206176765 3037.5000000000005
decision_type=2 2 2 2 2 2 2 2 10 2 2 2 2 8
left_child=1 2 4 -4 5 -1 7 -7 11 -10 -11 12 -9 -14
right_child=-2 -3 3 -5 -6 6 -8 8 9 10 -12 -13 13 -15
leaf_value=-0.000209825009901201 -0.0012256829260184955 0.0003148738554976119 -0.0001046579017145638 -0.002180638092810272 -0.00014831104576356198 0.005269734191099708 -0.0012150161736762006 0.0036113606792813075 0.0021684638263166937 -0.0027991741393858238 0.0018262938840285558 0.0073536005234973948 0.001312615974772622 -0.010012817913839761
leaf_weight=17974 3197 48008 11367 7279 100711 1311 2280 2764 2232 2022 820 977 1178 298
leaf_count=17974 3197 48008 11367 7279 100711 1311 2280 2764 2232 2022 820 977 1178 298
internal_value=1.65491e-05 6.31177e-05 -0.000160194 -0.00179835 7.03365e-05 0.00123486 0.00336885 0.00442646 0.00357004 0.00107199 -0.00217391 0.00599292 0.00438824 -0.000572005
internal_weight=202418 199221 151213 18646 132567 31856 13882 11602 10291 5074 2842 5217 4240 1476
internal_count=202418 199221 151213 18646 132567 31856 13882 11602 10291 5074 2842 5217 4240 1476
is_linear=0
shrinkage=0.05


Tree=437
num_leaves=15
num_cat=0
split_feature=0 16 16 33 13 12 57 36 13 24 16 16 52 52
split_gain=11.8057 17.5832 18.385 17.4535 31.1632 47.0952 23.4286 23.0272 18.0621 21.7559 22.0719 17.9633 17.0842 25.6337
threshold=38.45000076293946 17.550000190734867 17.150000572204593 9.5500001907348651 46.442558288574226 60.958332061767585 43.583332061767585 32.45000076293946 110.25743865966798 75.500000000000014 60.399999618530281 25.750000000000004 0.91248813271522533 0.86975130438804638
decision_type=2 2 2 2 2 2 2 2 2 2 2 2 2 2
left_child=-1 2 12 -3 -5 6 11 -8 9 -7 -11 -6 13 -2
right_child=1 3 -4 4 5 8 7 -9 -10 10 -12 -13 -14 -15
leaf_value=0.00036441936732525273 -0.00066442803101626486 1.6820195360717215e-05 -0.0075907340156516363 -0.0038516689533437398 0.003264803871440917 -0.0078455282623265243 0.0027865170475657544 0.010651970801812381 0.0017230729110361679 0.0031356869227685841 -0.010651656216045167 -0.0043172527074798904 -0.0033216115008133928 0.0079543073500359055
leaf_weight=54255 3961 133961 618 1689 270 1139 1920 283 290 327 127 713 2557 561
leaf_count=54255 3961 133961 618 1689 270 1139 1920 283 290 327 127 713 2557 561
internal_value=9.74438e-06 -0.000220986 -0.00254639 -9.36197e-05 -0.00257092 -0.000605434 0.00309762 0.00595346 -0.0068542 -0.00893637 0.000323276 -0.00329809 -0.00181619 3.3098e-05
internal_weight=202671 148416 7697 140719 6758 5069 3186 2203 1883 1593 454 983 7079 4522
internal_count=202671 148416 7697 140719 6758 5069 3186 2203 1883 1593 454 983 7079 4522
is_linear=0
shrinkage=0.05


Tree=438
num_leaves=15
num_cat=0
split_feature=0 40 53 53 53 53 33 23 23 40 36 33 53 44
split_gain=10.7002 11.8013 26.1648 22.1911 19.7255 60.6899 42.3477 33.6283 32.6193 35.8306 26.531 21.981 26.3268 21.2481
threshold=215.35000610351565 979.64999389648449 -0.15950992703437802 -0.091258823871612535 -0.37446588277816767 -0.45273527503013605 16.050000190734867 0.46500000357627874 0.85500001907348644 978.04998779296886 31.750000000000004 35.600000381469734 -0.94137725234031666 4.311202049255372
decision_type=2 2 2 2 2 2 2 2 2 2 2 2 2 2
left_child=1 2 4 -4 5 11 8 13 9 -6 -10 -1 -13 -7
right_child=-2 -3 3 -5 6 7 -8 -9 10 -11 -12 12 -14 -15
leaf_value=-0.00016020946122873833 -0.00094306103453311869 0.00017048306876997629 -0.0075519484967883944 -0.00071163897880672372 0.0038427527322215161 -0.0032939896019586906 -0.020448081329030254 -0.0067386062854903261 0.0081333167074403839 -0.0014997191462140182 0.00010234387463224637 0.010174075034411922 0.00064581730000351782 0.0069921969907762813
leaf_weight=59586 4263 126775 1109 1774 2111 1145 217 1087 692 2222 357 256 527 161
leaf_count=59586 4263 126775 1109 1774 2111 1145 217 1087 692 2222 357 256 527 161
internal_value=-2.27394e-05 3.06773e-05 -0.000484183 -0.00514172 -0.000287037 -0.000540846 0.00255393 -0.00833333 0.00344028 0.00151393 0.0113078 -0.000230627 0.00803909 -0.00288754
internal_weight=202282 198019 71244 2883 68361 62762 5599 2393 5382 4333 1049 60369 783 1306
internal_count=202282 198019 71244 2883 68361 62762 5599 2393 5382 4333 1049 60369 783 1306
is_linear=0
shrinkage=0.05


Tree=439
num_leaves=15
num_cat=0
split_feature=31 47 36 53 47 46 7 52 28 15 15 53 23 53
split_gain=11.2452 26.5576 32.4091 39.131 25.2276 26.2229 26.5044 25.5345 23.5832 29.4815 27.9684 24.2267 21.6307 20.5675
threshold=-0.71771451830863942 4.6223611831665048 25.44999980926514 0.56191161274909984 6.3380131721496591 0.25000000745058065 77.40000152587892 -0.91597726941108693 35.500000000000007 135.25000000000003 119.89999771118165 -0.93543598055839527 0.58499997854232799 -0.19337245076894757
decision_type=2 2 2 2 2 2 2 2 2 2 2 2 2 2
left_child=1 13 4 8 -3 6 -6 -7 10 -10 -4 -11 -8 -1
right_child=-2 2 3 -5 5 7 12 -9 9 11 -12 -13 -14 -15
leaf_value=-0.00015062965096068195 -0.00016216346691383388 0.00043733890105429607 0.0015410267053171467 0.00552893547258576 -0.0036774294999708254 -0.0048786653998448498 0.0019312021460429582 0.00020693873068085151 0.00035481524538809041 -0.010543508824226389 0.0090391341354609175 -0.0010616832642407676 -0.0018768884211935928 0.0014145020852101787
leaf_weight=4729 101263 10619 5146 563 6220 1517 1514 10766 45097 644 528 1994 2441 9441
leaf_count=4729 101263 10619 5146 563 6220 1517 1514 10766 45097 644 528 1994 2441 9441
internal_value=3.25939e-05 0.000405269 7.83951e-05 0.000833611 -0.00115378 -0.00210299 -0.00397889 -0.000547059 0.000694041 0.000331448 0.00373856 -0.00479607 -0.000775536 0.00241185
internal_weight=202482 101219 87049 53972 33077 22458 10175 12283 53409 47735 5674 2638 3955 14170
internal_count=202482 101219 87049 53972 33077 22458 10175 12283 53409 47735 5674 2638 3955 14170
is_linear=0
shrinkage=0.05


Tree=440
num_leaves=15
num_cat=0
split_feature=52 33 55 13 36 46 56 42 28 9 13 13 40 10
split_gain=10.6595 32.4803 27.1639 22.8713 21.92 20.0215 18.8338 17.6761 13.4193 26.1263 24.828 28.8966 22.6794 21.9492
threshold=0.9970000982284547 9.8499999046325701 2.5000000000000004 33.008928298950202 22.550000190734867 6.5499999523162851 21.750000000000004 15.250000000000002 63.500000000000007 28.150000572204593 89.780357360839858 101.99374771118165 984.25000000000011 57.208333969116218
decision_type=2 2 2 2 2 2 2 2 2 2 2 2 2 2
left_child=8 2 3 -2 -5 6 -4 -7 10 -10 13 -12 -13 -1
right_child=1 -3 5 4 -6 7 -8 -9 9 -11 11 12 -14 -15
leaf_value=0.00038720873304317965 0.0088595368456205643 0.0072513681693610783 0.00015603160320714628 0.002367631879015575 -0.0037394701298943955 0.0023238873193893151 -0.005837555041177625 -0.019985761278206012 -0.0016247329472914827 -5.2381343370576376e-05 0.0029642897564825634 -0.0074525294785859481 0.00053886708307528401 -0.00064760686689953057
leaf_weight=53882 293 415 418 771 666 492 1715 68 7367 106332 3963 113 6340 19499
leaf_count=53882 293 415 418 771 666 492 1715 68 7367 106332 3963 113 6340 19499
internal_value=-1.45791e-05 -0.00233086 -0.00359238 0.0012931 -0.00133034 -0.00672401 -0.00892441 0.00166667 4.22772e-05 -0.000311541 0.000522331 0.00280549 0.000738821 0.000197913
internal_weight=202334 4838 4423 1730 1437 2693 2133 560 197496 113699 83797 10416 6453 73381
internal_count=202334 4838 4423 1730 1437 2693 2133 560 197496 113699 83797 10416 6453 73381
is_linear=0
shrinkage=0.05


Tree=441
num_leaves=15
num_cat=0
split_feature=49 6 53 43 12 53 43 53 53 46 37 46 12 43
split_gain=10.3345 15.7052 14.9974 27.4589 22.6213 18.4152 27.3761 26.697 17.9711 34.672 27.4684 17.2498 17.0846 16.8125
threshold=1.0000000180025095e-35 233.55000305175784 -0.99864786863327015 257.50000000000006 53.026390075683601 -0.99273797869682301 267.50000000000006 -0.98801845312118519 -0.98212954401969899 1.4499999880790713 52.500000000000007 5.9500000476837167 34.897916793823249 132.50000000000003
decision_type=10 2 2 10 2 2 10 2 2 2 2 2 2 8
left_child=1 2 3 11 -5 6 -4 12 9 -9 -11 -1 -7 -13
right_child=-2 -3 5 4 -6 7 -8 8 -10 10 -12 13 -14 -15
leaf_value=-0.0054793841334503553 0.00019729825266088849 -0.0021208242637067482 0.0040809901419152942 -0.0018095467565572142 0.011799176041973999 0.0033682524414894114 -0.0011280677287419008 -0.00093488069882851569 -0.00015170104476900579 -0.004414692314463493 0.0098606137936998461 -0.012448056224843383 -0.0046103139233805018 0.0021421031965031703
leaf_weight=869 87278 998 1523 380 262 183 982 684 107578 82 549 89 948 290
leaf_count=869 87278 998 1523 380 262 183 982 684 107578 82 549 89 948 290
internal_value=-2.33097e-05 -0.000333761 -0.000278994 -0.00468421 0.00368098 -0.000204596 0.00402584 -0.000301271 -0.000221527 0.00556604 0.0139236 -0.00898251 -0.00790973 -6.42674e-05
internal_weight=202695 115417 114419 1890 642 112529 2505 110024 108893 1315 631 1248 1131 379
internal_count=202695 115417 114419 1890 642 112529 2505 110024 108893 1315 631 1248 1131 379
is_linear=0
shrinkage=0.05


Tree=442
num_leaves=15
num_cat=0
split_feature=0 17 25 17 35 7 23 8 47 45 33 47 8 37
split_gain=10.4068 24.5958 22.7982 22.3986 22.0952 21.8092 21.7483 19.6649 19.3251 18.8547 17.9194 34.0649 15.5611 26.7862
threshold=63.449998855590827 20.94999980926514 54.95000076293946 -105.45000076293944 32.500000000000007 56.750000000000007 0.54500001668930065 30.349999427795414 9.6395044326782244 -2.3558267354965206 15.550000190734865 10.401041507720949 33.250000000000007 36.500000000000007
decision_type=2 2 2 2 2 2 2 2 2 2 2 2 2 2
left_child=4 3 8 -2 6 -6 7 -1 12 -8 -7 -12 -3 -14
right_child=1 2 -4 -5 5 10 9 -9 -10 -11 11 -13 13 -15
leaf_value=0.0003956907916128738 0.0021476659937269271 0.0033681504620517669 -0.0016534346095091108 -0.00059605428517015631 0.00013354360250894415 0.0013451526177582886 0.0018868326602350884 -0.0013709430793385144 -0.0026438967917933932 -0.0001795918985245032 -0.0035048915259949763 0.0085908899371283202 -0.0021003390599501847 0.00069870124414708745
leaf_weight=6121 1519 1363 2456 48940 56950 20808 4823 16762 1933 11989 1279 145 1937 25693
leaf_count=6121 1519 1363 2456 48940 56950 20808 4823 16762 1933 11989 1279 145 1937 25693
internal_value=-1.38116e-05 -0.000440364 0.000612422 -0.00113684 0.000287037 0.000769648 -0.000675608 -0.00167846 0.000981058 0.000689573 0.00209738 -0.00331241 0.00130418 0.00104559
internal_weight=202718 83841 33382 50459 118877 79182 39695 22883 30926 16812 22232 1424 28993 27630
internal_count=202718 83841 33382 50459 118877 79182 39695 22883 30926 16812 22232 1424 28993 27630
is_linear=0
shrinkage=0.05


Tree=443
num_leaves=15
num_cat=0
split_feature=0 15 15 13 23 24 36 24 37 33 54 53 11 44
split_gain=13.1079 20.931 24.9293 24.7919 21.4278 21.3069 24.883 28.8725 22.7188 22.6347 28.6049 21.2709 27.2164 25.7555
threshold=95.099998474121108 102.29999923706056 106.50000000000001 39.147619247436531 1.6250000000000002 25.500000000000004 22.550000190734867 1.5000000000000002 94.500000000000014 0.45000000298023229 7.5000000000000009 0.75438815355300914 152.76041412353518 4.311202049255372
decision_type=2 2 2 2 2 2 2 2 2 2 2 2 2 2
left_child=1 4 -3 -4 -1 6 7 -5 11 -8 -11 13 -13 -9
right_child=-2 2 3 5 -6 -7 9 8 -10 10 -12 12 -14 -15
leaf_value=-2.3338490305566119e-05 -0.00033485300065349833 0.0023803617684021068 0.01281707743240617 0.0018223848901518071 -0.0030509821131747134 -0.00088764041204414531 0.002562700879357397 -0.00053251635838369449 0.0037316648982748226 0.0025215286258872456 -0.0062730748941198181 -0.002242977352641558 0.0040262535609250491 0.0047724203050874148
leaf_weight=124865 43662 3426 278 3821 961 5722 6082 4504 810 736 730 5081 501 1062
leaf_count=124865 43662 3426 278 3821 961 5722 6082 4504 810 736 730 5081 501 1062
internal_value=-1.14956e-05 0.00019973 0.00132543 0.000853018 -9.33755e-05 0.000708042 0.00137871 0.000248591 -0.000960896 0.00373776 -0.00182927 -0.00155046 -0.00372854 0.000636657
internal_weight=202241 158579 32753 29327 125826 29049 23327 15779 11958 7548 1466 11148 5582 5566
internal_count=202241 158579 32753 29327 125826 29049 23327 15779 11958 7548 1466 11148 5582 5566
is_linear=0
shrinkage=0.05


Tree=444
num_leaves=15
num_cat=0
split_feature=0 12 53 16 37 17 17 22 1 54 42 38 24 8
split_gain=10.8662 24.4047 16.032 15.8343 17.0956 18.0854 18.5916 17.1774 14.669 18.3969 13.8055 15.0652 14.4693 22.2123
threshold=44.049999237060554 76.712497711181655 0.96849882602691661 17.550000190734867 16.500000000000004 8.9499998092651385 -16.949999809265133 2949.0000000000005 53.149999618530281 2.5000000000000004 10.84999990463257 12.250000000000002 5.5000000000000009 166.44999694824222
decision_type=2 2 2 2 2 2 2 2 2 2 2 2 2 2
left_child=1 2 8 -2 -5 6 -6 -8 -1 -10 12 -12 -7 -14
right_child=3 -3 -4 4 5 10 7 -9 9 -11 11 -13 13 -15
leaf_value=0.00010595368522633292 -0.0015397917614335132 0.0026921062477011596 0.01379843999621333 -0.0051788274785657708 0.00017213423327974988 0.00078845237268132258 -0.00049013663675759897 -0.002262911260968442 -0.0087487100759466568 0.0041927646832111316 -0.0033632447951373796 -1.0478163568106159e-05 0.0002670011857985044 -0.0024691859684864668
leaf_weight=67398 5854 2823 152 528 28644 20130 39312 3313 126 986 1674 3745 25839 1662
leaf_count=67398 5854 2823 152 528 28644 20130 39312 3313 126 986 1674 3745 25839 1662
internal_value=3.06633e-05 0.000526261 0.000338566 -0.000240416 -0.000121139 -8.26436e-05 -0.000602912 -0.00126481 0.000301372 0.00597148 0.000616283 -0.00177289 0.000888415 0.00014267
internal_weight=202186 71485 68662 130701 124847 124319 71269 42625 68510 1112 53050 5419 47631 27501
internal_count=202186 71485 68662 130701 124847 124319 71269 42625 68510 1112 53050 5419 47631 27501
is_linear=0
shrinkage=0.05


Tree=445
num_leaves=15
num_cat=0
split_feature=18 24 25 46 8 57 38 44 22 36 52 16 46 16
split_gain=9.86512 13.4297 12.892 22.1597 14.2186 10.8584 28.301 19.7604 16.9609 16.8285 15.6621 13.7429 23.9755 25.132
threshold=77.599998474121108 897.00000000000011 45.850000381469734 3.3500000238418584 161.85000610351565 126.8833351135254 15.34999990463257 -2.4722931385040279 1129.5000000000002 5.6499998569488534 -0.67803022265434254 73.700000762939467 1.0000000180025095e-35 51.95000076293946
decision_type=2 2 2 2 2 2 2 2 2 2 2 2 2 2
left_child=1 5 3 4 -2 9 11 8 -8 -1 -9 12 -7 -14
right_child=2 -3 -4 -5 -6 6 7 10 -10 -11 -12 -13 13 -15
leaf_value=0.0049699319302067895 0.0019769307369553847 -0.012535270994847858 -0.0030748633219584601 -0.0099408118022582571 -0.002085839173998788 0.0012677005186384331 0.0051620786132134631 0.0048976753521842937 -0.0021441327998978784 -4.3955949162458044e-05 -0.007410421143468654 -0.00019091953646799346 0.0020680906222043534 -0.010547209926013081
leaf_weight=343 1250 116 1265 324 425 7685 281 873 476 176933 80 11478 423 508
leaf_count=343 1250 116 1265 324 425 7685 281 873 476 176933 80 11478 423 508
internal_value=3.9512e-06 4.86933e-05 -0.00271839 -0.000211548 0.00212166 5.90185e-05 0.00111167 0.00726744 0.001206 -7.05075e-05 0.0120197 0.000584461 0.00209251 -0.00544633
internal_weight=202460 199196 3264 1999 1675 199080 21804 1710 757 177276 953 20094 8616 931
internal_count=202460 199196 3264 1999 1675 199080 21804 1710 757 177276 953 20094 8616 931
is_linear=0
shrinkage=0.05


Tree=446
num_leaves=15
num_cat=0
split_feature=34 16 7 47 9 29 21 28 7 9 5 43 53 53
split_gain=10.8164 13.938 14.7544 14.4364 11.6551 11.0057 9.62817 19.6096 17.1262 32.9107 18.8922 16.4184 16.3527 20.0669
threshold=3.1499999761581425 63.699998855590827 103.70000076293947 5.2828078269958505 108.40000152587892 24.550000190734867 77.500000000000014 82.500000000000014 41.250000000000007 70.40000152587892 84.90000152587892 937.50000000000011 -0.99273797869682301 -0.98801845312118519
decision_type=2 2 2 2 2 2 2 2 2 2 2 10 2 2
left_child=5 2 -2 -3 -4 6 8 -8 9 10 -1 -11 -10 -14
right_child=1 3 4 -5 -6 -7 7 -9 12 11 -12 -13 13 -15
leaf_value=0.00019783996233443542 -0.0010267324732293694 0.0010579335910876995 0.0052455297806795779 -0.0066326663889873022 -0.001900844895854209 0.0034220970895527088 -5.6846098449198085e-05 -0.0013181990491201467 0.0024920289717436737 0.003609765374074746 0.006612428154972272 -0.00045170464383712531 -0.0043658157914084356 2.5852474506760096e-06
leaf_weight=15853 7017 183 445 523 225 515 80081 8114 1826 3667 423 752 595 82280
leaf_count=15853 7017 183 445 523 225 515 80081 8114 1826 3667 423 752 595 82280
internal_value=-1.98757e-05 -0.00177615 -0.00115305 -0.00844972 0.00588235 5.6152e-05 3.65442e-05 -0.000348903 0.000359088 0.00164815 0.000607884 0.00546963 4.3973e-05 -5.94197e-05
internal_weight=202499 8393 7687 706 670 194106 193591 88195 105396 20695 16276 4419 84701 82875
internal_count=202499 8393 7687 706 670 194106 193591 88195 105396 20695 16276 4419 84701 82875
is_linear=0
shrinkage=0.05


Tree=447
num_leaves=15
num_cat=0
split_feature=45 41 50 37 36 37 52 53 46 44 37 52 37 52
split_gain=10.6483 21.9565 21.6843 25.827 20.6947 26.0754 24.2567 28.2145 23.9149 24.5391 23.4207 20.248 17.7366 17.2281
threshold=5.1982948780059823 77.500000000000014 -0.91597560048103321 54.500000000000007 21.349999427795414 49.500000000000007 0.54219430685043346 -0.28519998490810389 1.9499999880790713 -1.8000256419181822 47.500000000000007 -0.57780906558036793 22.500000000000004 -0.92274349927902211
decision_type=2 2 2 2 2 2 2 2 2 2 2 2 2 2
left_child=-1 2 3 -2 5 -4 10 8 9 -8 -6 -3 -11 -5
right_child=1 11 4 13 6 -7 7 -9 -10 12 -12 -13 -14 -15
leaf_value=-5.7723737556186762e-05 -0.0053591935020968129 -0.0059059263977104875 -0.016682620731458427 0.0063272266691153994 -0.00083838965746795176 -0.00015224389573983423 0.018682034064560132 8.1089674666722658e-05 -0.0026281823815622659 0.0082068401259298585 0.0015607235384721601 2.5767560466738452e-07 -0.0025453617057611985 -0.00042352819233481415
leaf_weight=181721 806 1220 183 205 2248 1302 1096 842 176 191 7725 3871 261 600
leaf_count=181721 806 1220 183 205 2248 1302 1096 842 176 191 7725 3871 261 600
internal_value=6.79157e-06 0.00108025 0.00200863 -0.00347008 0.00264002 -0.00292642 0.00330106 0.00762811 0.0112745 0.0132542 0.00218121 -0.00176926 0.00335498 0.00285276
internal_weight=202447 20726 15635 1611 14024 1485 12539 2566 1724 1548 9973 5091 452 805
internal_count=202447 20726 15635 1611 14024 1485 12539 2566 1724 1548 9973 5091 452 805
is_linear=0
shrinkage=0.05


Tree=448
num_leaves=15
num_cat=0
split_feature=49 13 12 53 21 8 15 47 36 47 51 50 50 30
split_gain=12.8971 19.8719 26.6814 19.7595 23.8404 23.7633 23.2622 34.2602 30.0955 22.2634 18.8623 86.135 30.1101 32.9817
threshold=5.0537879467010507 43.658332824707038 26.108333587646488 -0.42958799004554743 225.50000000000003 31.44999980926514 80.90000152587892 6.0392079353332528 22.050000190734867 9.0901222229003924 -0.12940952181816107 -1.0000000180025095e-35 0.12940952181816109 77.500000000000014
decision_type=8 2 2 2 2 2 2 2 2 2 2 2 2 8
left_child=1 3 -3 5 6 -1 7 8 -5 -8 12 -12 -2 -14
right_child=10 2 -4 4 -6 -7 9 -9 -10 -11 11 -13 13 -15
leaf_value=0.0013277230398105069 -0.00045407016455287777 0.014481129809503435 -6.3073077257479179e-05 0.0048209323566611294 0.012346335404790694 -0.0015344043314054557 -0.0064182387809647804 -0.0028837320228283867 -0.0012720802181657007 0.0033899625785330403 0.0017578835814413896 -0.00058285276442466281 0.0016150280913114767 -0.0001722597058971008
leaf_weight=4478 43275 192 74995 1006 132 4350 1131 5246 2108 93 19463 19883 11299 14796
leaf_count=4478 43275 192 74995 1006 132 4350 1131 5246 2108 93 19463 19883 11299 14796
internal_value=-1.00021e-05 -0.000439776 -7.81281e-05 -0.00190525 -0.0034598 -0.000192351 -0.00375756 -0.00280765 0.00134443 -0.0101702 0.000360539 0.00123488 -0.000135486 0.00120571
internal_weight=202447 93731 75187 18544 9716 8828 9584 8360 3114 1224 108716 39346 69370 26095
internal_count=202447 93731 75187 18544 9716 8828 9584 8360 3114 1224 108716 39346 69370 26095
is_linear=0
shrinkage=0.05


Tree=449
num_leaves=15
num_cat=0
split_feature=0 52 43 8 16 43 46 52 38 16 15 13 57 52
split_gain=10.659 20.5944 13.9506 12.7591 12.2008 17.6395 28.0922 32.2987 26.4972 23.6325 21.9256 19.5975 17.9648 22.5759
threshold=17.650000572204593 0.90892735123634349 17.500000000000004 13.650000095367433 14.050000190734865 4207.5000000000009 0.15000000223517421 0.89404821395874035 14.34999990463257 10.050000190734865 28.44999980926514 39.147619247436531 36.650001525878913 0.9524284601211549
decision_type=2 2 8 2 2 8 2 2 2 2 2 2 2 2
left_child=1 2 -1 -2 5 6 7 -5 -8 10 -10 -7 13 -9
right_child=3 -3 -4 4 -6 11 8 12 9 -11 -12 -13 -14 -15
leaf_value=0.012171621597169585 0.001868060474690088 -0.00064157237890836722 0.0027239547032824499 0.004674181724146487 1.5707682418347746e-06 -0.0056689045238312915 -0.0055721619217419041 0.004981400782742236 -0.013535285228701944 -0.0026364631159283025 0.0024757627489783826 -0.00018872469893320144 -0.0052070715538595257 -0.0016137136345457841
leaf_weight=186 1712 2530 3239 1249 185371 970 871 714 82 1584 1066 787 667 1178
leaf_count=186 1712 2530 3239 1249 185371 970 871 714 82 1584 1066 787 667 1178
internal_value=1.75555e-05 0.00209975 0.00462154 -4.57299e-05 -8.3655e-05 -0.00186315 -0.000791672 0.0022001 -0.00395101 -0.00151349 0.00392919 -0.00635257 -0.0010218 0.00147213
internal_weight=202206 5955 3425 196251 194539 9168 7411 3808 3603 2732 1148 1757 2559 1892
internal_count=202206 5955 3425 196251 194539 9168 7411 3808 3603 2732 1148 1757 2559 1892
is_linear=0
shrinkage=0.05


Tree=450
num_leaves=15
num_cat=0
split_feature=49 45 30 13 32 17 15 12 15 23 53 23 13 12
split_gain=10.6384 16.7677 27.3908 22.9722 20.3501 20.8254 19.1438 18.4959 17.7849 17.26 19.5758 17.356 16.6294 28.7448
threshold=1.0000000180025095e-35 -1.0365213751792905 197.50000000000003 156.42768096923831 -0.5011233091354369 -6.6499998569488517 107.00000000000001 68.245140075683608 35.350000381469734 1.1150000095367434 -0.99273797869682301 0.75499999523162853 43.880655288696296 25.368750572204593
decision_type=8 2 8 2 2 2 2 2 2 2 2 2 2 2
left_child=12 4 8 6 5 -2 9 -8 -3 10 11 -4 -1 -14
right_child=1 2 3 -5 -6 -7 7 -9 -10 -11 -12 -13 13 -15
leaf_value=-0.00098925983827344299 0.00096057412462307874 0.0063189924953352822 0.00523919900776053 -0.0021140470963846129 0.0010503847565893731 -0.00035064582658701424 0.0054782801723290324 3.3623484863147536e-05 0.00023743446703484647 -0.0030314709614942779 -0.00090294234179820465 0.00020100706662752322 0.01446554135264665 -5.9151848877075921e-05
leaf_weight=18540 10697 266 459 1404 22247 22736 835 2654 34255 2006 13248 938 172 71995
leaf_count=18540 10697 266 459 1404 22247 22736 835 2654 34255 2006 13248 938 172 71995
internal_value=-6.42096e-06 0.00032012 -0.000290236 -0.00168878 0.000934638 0.000154741 -0.00125558 0.00210775 0.00058281 -0.00196117 -0.00136302 0.00424662 -0.000408689 -6.54641e-05
internal_weight=202452 111745 56065 21544 55680 33433 20140 3489 34521 16651 14645 1397 90707 72167
internal_count=202452 111745 56065 21544 55680 33433 20140 3489 34521 16651 14645 1397 90707 72167
is_linear=0
shrinkage=0.05


Tree=451
num_leaves=15
num_cat=0
split_feature=55 52 52 52 23 54 15 52 52 52 13 16 47 12
split_gain=10.8504 34.6809 43.8721 38.7182 37.9058 37.8312 38.6021 34.199 38.0056 38.3071 36.3017 29.8581 29.0533 27.1746
threshold=5.5000000000000009 0.9470459818840028 0.81428062915802013 0.8522624969482423 0.42499999701976782 4.5000000000000009 118.15000152587892 -0.99763298034667958 0.22700754553079608 0.78325453400611889 40.01250076293946 26.44999980926514 6.0607919692993173 123.54722213745119
decision_type=2 2 2 2 2 2 2 2 2 2 2 2 2 2
left_child=-1 2 5 -4 -3 12 7 -7 10 -10 -9 -5 -2 -8
right_child=1 4 3 11 -6 6 13 8 9 -11 -12 -13 -14 -15
leaf_value=5.0862981923754941e-05 0.0025846044332395765 -0.00029677923229314463 -0.011496056724364465 -0.005687808899962875 0.006101891464511202 -0.0067869888143162809 -0.0036122469623406915 -0.0022441262466833061 -0.0033962568575336195 0.018662164169538881 0.0013610259993436847 0.002510071483337312 -0.0012820820685075175 3.3703866639887992e-05
leaf_weight=173305 2643 1725 677 1253 1158 481 3816 1806 2563 133 8725 773 1493 1618
leaf_count=173305 2643 1725 677 1253 1158 481 3816 1806 2563 133 8725 773 1493 1618
internal_value=-3.5983e-05 -0.000933366 -0.0015111 -0.00752857 0.00426028 -0.00080943 -0.00174655 -0.000331681 0.000149203 -0.00513673 0.00150602 -0.0040275 0.00352147 -0.0053086
internal_weight=202169 28864 25981 2703 2883 23278 19142 13708 13227 2696 10531 2026 4136 5434
internal_count=202169 28864 25981 2703 2883 23278 19142 13708 13227 2696 10531 2026 4136 5434
is_linear=0
shrinkage=0.05


Tree=452
num_leaves=15
num_cat=0
split_feature=31 47 36 40 51 41 43 19 40 46 45 40 56 31
split_gain=10.8126 24.6969 29.1914 32.5385 32.2711 39.509 27.7046 22.5621 22.5441 28.7908 38.9758 27.0951 22.5133 21.937
threshold=-0.85402169823646534 4.6223611831665048 25.44999980926514 979.75000000000011 -0.37940952181816096 96.500000000000014 41.875000000000007 17.750000000000004 977.35000610351574 1.3499999642372134 -1.5749143362045286 974.25000000000011 93.700000762939467 -4.7040352821350089
decision_type=2 2 2 2 2 2 8 2 2 2 2 2 2 2
left_child=1 -1 8 4 5 12 -6 -8 11 -10 -11 -3 -4 -5
right_child=-2 2 3 13 6 -7 7 -9 9 10 -12 -13 -14 -15
leaf_value=0.00092018469457971839 -0.00018237428107969556 0.0050842060919557511 -0.00010276427814131795 0.0023420020671224141 -0.0023544042948497306 -0.0037944499199051534 0.011603276988103381 0.00075812961998822674 -0.0010592771850281232 0.0020904023188138992 -0.0014216648652578129 -0.0075724042409069632 -0.0096865424558917872 0.00033943698532774846
leaf_weight=13704 102586 209 10971 8474 2082 2810 288 21512 20663 6220 4405 1143 320 6971
leaf_count=13704 102586 209 10971 8474 2082 2810 288 21512 20663 6220 4405 1143 320 6971
internal_value=-3.33551e-05 0.000337235 2.32347e-05 0.000742917 -4.40871e-05 -0.00193998 0.00107567 0.00160248 -0.00115467 -0.000880248 0.00123413 -0.00745228 -0.000617202 0.00267713
internal_weight=202358 99772 86068 53428 37983 14101 23882 21800 32640 31288 10625 1352 11291 15445
internal_count=202358 99772 86068 53428 37983 14101 23882 21800 32640 31288 10625 1352 11291 15445
is_linear=0
shrinkage=0.05


Tree=453
num_leaves=15
num_cat=0
split_feature=49 18 37 22 43 0 38 25 52 7 9 54 38 11
split_gain=11.7398 19.3416 22.8841 15.9574 20.5081 26.0628 16.471 15.8867 16.637 14.753 20.4114 21.092 19.0229 23.2764
threshold=-22.499999999999996 9.3499999046325701 38.500000000000007 1446.5000000000002 25.02689361572266 20.849999427795414 8.6500000953674334 23.750000000000004 0.86113432049751293 41.95000076293946 32.549999237060554 2.5000000000000004 10.250000000000002 54.618749618530281
decision_type=8 2 2 2 10 2 2 2 2 2 2 2 2 2
left_child=1 2 -1 4 5 -4 -7 8 -8 -2 11 -11 -13 -14
right_child=9 -3 3 -5 -6 6 7 -9 -10 10 -12 12 13 -15
leaf_value=-0.0017644204779413766 0.00066696021861357719 -0.00090381264757973814 0.0089117277349787926 -0.00079854941010081839 0.00012352066274903123 0.0048022889725713143 -0.00048426171205356102 0.0034859725881313053 0.0070602302275710634 0.0053565067132763716 0.00011248108381363212 -0.005092981881587428 0.00028195691415006991 -0.0027275984599294395
leaf_weight=5456 33940 18811 495 7380 38875 842 3828 814 453 251 83074 1255 4009 2444
leaf_count=5456 33940 18811 495 7380 38875 842 3828 814 453 251 83074 1255 4009 2444
internal_value=4.98918e-05 -0.000435918 1.50465e-05 0.000334459 0.000685725 0.00329867 0.00236674 0.00128795 6.40876e-05 0.000349047 1.72995e-05 -0.00239992 -0.00286991 -0.00176775
internal_weight=201927 76954 58143 52687 45307 6432 5937 5095 4281 124973 91033 7959 7708 6453
internal_count=201927 76954 58143 52687 45307 6432 5937 5095 4281 124973 91033 7959 7708 6453
is_linear=0
shrinkage=0.05


Tree=454
num_leaves=15
num_cat=0
split_feature=14 13 34 29 56 40 50 25 45 13 23 33 40 43
split_gain=11.0495 16.1562 17.8242 17.8745 13.2337 18.005 18.2976 12.0158 10.9259 17.2722 16.7894 22.5732 38.8303 19.7157
threshold=69.315029144287124 117.51011657714845 -0.15000000223517415 4.3500001430511483 248.19999694824222 990.75000000000011 0.60355338454246532 32.350000381469734 5.0284266471862802 48.809226989746101 0.19500000029802325 0.15000000223517421 973.54998779296886 92.500000000000014
decision_type=2 2 2 2 2 2 2 2 2 2 2 2 2 10
left_child=4 -2 -3 7 8 6 -6 -4 -1 10 -10 12 -12 -13
right_child=1 2 3 -5 5 -7 -8 -9 9 -11 11 13 -14 -15
leaf_value=-7.4944600839665625e-05 0.0027670010698411102 -0.0052864320710735054 -0.0011750988301357181 -0.0028332751865504033 -0.0031224919607147797 0.0039306419659475454 0.0031201600318510412 0.0055178797784855354 -0.0042173557897314407 -5.3612130585885788e-05 -0.0025231409014556117 -0.0043036478160251258 0.0043906003757455568 0.0009045572168954537
leaf_weight=177434 163 584 213 376 361 652 237 215 418 12846 619 689 4659 2863
leaf_count=177434 163 584 213 376 361 652 237 215 418 12846 619 689 4659 2863
internal_value=-2.16221e-05 -0.00421204 -0.00597282 -0.00110565 1.09568e-05 0.00511905 -0.00115132 0.00582192 -2.12992e-05 0.00102696 0.00267336 0.00313914 0.00520991 5.61482e-05
internal_weight=202329 1551 1388 804 200778 1250 598 428 199528 22094 9248 8830 5278 3552
internal_count=202329 1551 1388 804 200778 1250 598 428 199528 22094 9248 8830 5278 3552
is_linear=0
shrinkage=0.05


Tree=455
num_leaves=15
num_cat=0
split_feature=0 57 38 44 37 14 40 14 55 44 49 11 23 47
split_gain=10.6031 18.5054 19.9614 18.9334 16.7271 15.0072 15.6679 14.2878 13.8528 13.7124 13.3085 18.935 20.1185 21.5937
threshold=144.59999847412112 126.8833351135254 15.34999990463257 -1.2880276441574094 85.500000000000014 17.430113792419437 983.54998779296886 53.451593399047859 5.5000000000000009 -11.86852979660034 5.0537879467010507 87.750000000000014 0.65500000119209301 8.5853552818298358
decision_type=2 2 2 2 2 2 2 2 2 2 8 2 2 2
left_child=1 7 5 4 -4 8 -7 10 -3 -2 11 12 13 -1
right_child=9 2 3 -5 -6 6 -8 -9 -10 -11 -12 -13 -14 -15
leaf_value=-0.00021212824442491397 -0.0076848243437225294 -0.0047324253444174669 0.0038908908501105346 0.0055465328799212885 -0.0042274123399778435 -0.0044809508726040117 0.00092863626218905946 0.0027113189675547489 0.0040549211103882597 -0.00040877204288627955 0.00019474330273129006 -0.0014498804049957572 0.00045458417596211669 -0.0020783554851861656
leaf_weight=38317 203 612 329 478 223 138 9668 994 151 17545 92218 8483 25544 7225
leaf_count=38317 203 612 329 478 223 138 9668 994 151 17545 92218 8483 25544 7225
internal_value=4.62555e-05 0.000158631 0.00209105 0.00870192 0.00231317 0.00143917 0.00196618 2.8792e-05 -0.00527167 -0.00112062 -5.96634e-06 -0.000479712 -0.000213092 -0.000842993
internal_weight=202128 184380 11599 1030 552 10569 9806 172781 763 17748 171787 79569 71086 45542
internal_count=202128 184380 11599 1030 552 10569 9806 172781 763 17748 171787 79569 71086 45542
is_linear=0
shrinkage=0.05


Tree=456
num_leaves=15
num_cat=0
split_feature=34 0 21 53 33 39 53 18 41 25 45 56 37 44
split_gain=10.7675 10.9481 27.8175 18.189 16.6123 26.9466 14.7318 18.7192 13.8524 13.3286 13.2342 14.1701 15.4169 14.2455
threshold=3.1499999761581425 21.849999427795414 196.50000000000003 0.96849882602691661 4.5499999523162851 0.25000000745058065 0.41202506422996527 -46.850000381469719 4.5000000000000009 7.8500001430511483 -14.369521141052244 24.750000000000004 94.500000000000014 -3.968325018882751
decision_type=2 2 2 2 2 2 2 2 2 2 2 2 2 2
left_child=1 2 3 4 6 8 9 -8 -6 -1 -3 12 13 -12
right_child=-2 10 -4 -5 5 -7 7 -9 -10 -11 11 -13 -14 -15
leaf_value=0.00062246388835211709 -0.00090898211715722827 0.002134901267218603 0.0098745302576602693 0.017217545249052502 0.0070543431001292263 -0.0059798539997544808 -0.018130024231765903 0.004367702316940259 0.0020945570004135884 -0.0018948994577560941 0.00093153732788252568 6.2989598211213302e-05 -0.007901084070851978 -0.001303827376989511
leaf_weight=3334 8361 1402 579 96 517 303 121 1007 1341 3556 2906 170701 222 8268
leaf_count=3334 8361 1402 579 96 517 303 121 1007 1341 3556 2906 170701 222 8268
internal_value=8.04049e-05 0.000156022 0.00169827 0.0010914 0.000875945 0.00475587 -0.00017439 0.00509666 0.00701285 -0.00104348 6.47107e-05 2.73191e-05 -0.00167894 -0.00141273
internal_weight=202714 194353 10854 10275 10179 2161 8018 1128 1858 6890 183499 182097 11396 11174
internal_count=202714 194353 10854 10275 10179 2161 8018 1128 1858 6890 183499 182097 11396 11174
is_linear=0
shrinkage=0.05


Tree=457
num_leaves=15
num_cat=0
split_feature=0 16 27 4 13 45 28 47 53 47 16 36 43 25
split_gain=9.60662 12.2047 9.56167 12.5338 11.4339 16.8351 12.4118 10.9987 26.3845 16.4243 30.5153 25.6929 19.3875 17.2081
threshold=275.20001220703131 86.850002288818374 7.6499998569488534 152.05000305175784 153.05476379394534 -1.6094263792037962 99.500000000000014 1.8763333559036257 0.76002004742622387 2.8229968547821049 42.350000381469734 31.050000190734867 37.500000000000007 29.849999427795414
decision_type=2 2 2 2 2 2 2 2 2 2 2 2 10 2
left_child=2 -2 3 -1 6 -6 -5 8 -4 10 11 12 -9 -12
right_child=1 -3 7 4 5 -7 -8 9 -10 -11 13 -13 -14 -15
leaf_value=0.0019573774672898394 -0.0077569697981725643 -0.00097771399933054286 -0.0082237710397515072 0.0023736165940147951 0.00086355498642381459 -0.00152919586087325 -0.0049843454502184713 0.001648683414112838 0.00018965088270508012 -3.7966580530965356e-05 0.0012466005511500178 -0.0095371436409740981 0.0058164047205608166 -0.0019212065307413471
leaf_weight=2266 139 717 216 854 851 1308 150 1020 497 191132 1051 107 801 1232
leaf_count=2266 139 717 216 854 851 1308 150 1020 497 191132 1051 107 801 1232
internal_value=8.64834e-07 -0.00525404 2.34497e-05 0.00209138 5.51529e-05 -0.00199401 0.00443787 -3.39172e-05 -0.00618949 -1.11337e-05 0.00307392 0.00768834 0.00910705 -0.000839512
internal_weight=202341 856 201485 5429 3163 2159 1004 196056 713 195343 4211 1928 1821 2283
internal_count=202341 856 201485 5429 3163 2159 1004 196056 713 195343 4211 1928 1821 2283
is_linear=0
shrinkage=0.05


Tree=458
num_leaves=15
num_cat=0
split_feature=38 16 44 14 43 41 46 12 36 33 19 1 47 42
split_gain=9.46105 17.797 18.961 17.1372 16.306 18.1802 23.0756 16.5554 12.0691 20.7519 19.4112 14.3182 12.5408 14.7691
threshold=26.050000190734867 57.350000381469734 -0.58465144038200367 6.8311433792114267 767.50000000000011 36.500000000000007 2.9500000476837163 52.338888168334968 30.94999980926514 7.1499998569488534 126.89999771118165 54.549999237060554 8.4126605987548846 6.4500000476837167
decision_type=2 2 2 2 10 2 2 2 2 2 2 2 2 2
left_child=-1 2 4 -3 8 6 7 -6 10 12 -2 -12 13 -10
right_child=1 3 -4 -5 5 -7 -8 -9 9 -11 11 -13 -14 -15
leaf_value=-3.8330978650172322e-05 0.0002867363371160265 -0.0067342540585685791 0.0025140863961804431 0.0043469681092186017 -0.0020274958704195622 -0.0044575983882336303 -0.004296162506296307 0.0038034671200738394 0.0018187949893373745 -0.0032087889968613562 0.00070167517312346307 -0.0043127744953990743 -0.0011190656426436436 0.0062123646804733744
leaf_weight=191104 4718 95 1987 587 164 731 281 252 708 411 226 530 199 493
leaf_count=191104 4718 95 1987 587 164 731 281 252 708 411 226 530 199 493
internal_value=4.69145e-06 0.00140449 0.000901027 0.0091763 -0.000106041 -0.00497218 0.000813296 0.00821596 0.000853324 0.00437946 -0.00031911 -0.00770235 0.0072695 0.00918662
internal_weight=202486 11382 10700 682 8713 1428 697 416 7285 1811 5474 756 1400 1201
internal_count=202486 11382 10700 682 8713 1428 697 416 7285 1811 5474 756 1400 1201
is_linear=0
shrinkage=0.05


Tree=459
num_leaves=15
num_cat=0
split_feature=28 52 13 25 38 34 13 11 52 53 43 24 43 34
split_gain=9.75624 14.6885 33.3394 15.0308 11.2462 9.80294 9.43623 32.4123 30.7932 30.4199 31.3325 30.3021 29.9656 25.4489
threshold=16.500000000000004 0.90162119269371044 32.586904525756843 6.1499998569488534 17.650000572204593 -0.55000001192092884 55.283332824707038 61.649999618530281 -0.99866804480552662 -0.99983122944831837 207.50000000000003 143.50000000000003 1037.5000000000002 1.8499999642372134
decision_type=2 2 2 2 2 2 2 2 2 2 10 2 10 2
left_child=1 2 -1 -3 5 -4 7 -2 12 10 -8 -10 -9 -13
right_child=6 3 4 -5 -6 -7 9 8 11 -11 -12 13 -14 -15
leaf_value=0.013516964840291676 -3.9248059016058073e-05 0.0065512208131538715 0.0045850282568372256 -0.0027870202831138616 0.016612384468032145 -0.0013846913318122545 -0.0048212441625813049 0.004975219251696722 -0.0027989319713235374 0.00010368226117363835 0.034194518620499048 -0.00055995087504251699 -0.0055917935344916413 0.010447739756335256
leaf_weight=806 81662 229 229 1143 208 1332 92 483 7078 106252 268 2037 124 294
leaf_count=806 81662 229 229 1143 208 1332 92 483 7078 106252 268 2037 124 294
internal_value=1.19903e-05 0.00247031 0.00469052 -0.00170043 0.000829117 -0.000652451 -3.70651e-05 -0.000408996 -0.00309196 0.000282775 0.0145946 -0.00379817 0.00773906 0.00114267
internal_weight=202237 3947 2575 1372 1769 1561 198290 91678 10016 106612 360 9409 607 2331
internal_count=202237 3947 2575 1372 1769 1561 198290 91678 10016 106612 360 9409 607 2331
is_linear=0
shrinkage=0.05


Tree=460
num_leaves=15
num_cat=0
split_feature=49 27 28 57 38 38 51 41 57 52 26 33 53 11
split_gain=11.07 17.819 17.7316 16.8335 28.4672 17.694 34.2816 20.532 23.9619 37.5692 15.826 22.0347 20.0673 28.2339
threshold=5.0537879467010507 6.6499998569488534 48.500000000000007 44.349998474121101 11.949999809265138 23.150000572204593 -0.37940952181816096 2.5000000000000004 35.31666564941407 -0.5917624533176421 0.70009732246398937 30.44999980926514 0.93158200383186351 105.37500000000001
decision_type=10 2 2 2 2 2 2 2 2 2 2 2 2 2
left_child=10 -2 -3 4 -4 -6 7 -7 9 -9 -1 12 -12 -14
right_child=1 2 3 -5 5 6 -8 8 -10 -11 11 -13 13 -15
leaf_value=4.2671889210044171e-05 0.0023537457997962734 0.0012249041056201339 -0.0027699099758756369 0.00027836941657437834 0.00069504529460612252 0.0020522759409830173 0.0021727313478827784 -0.0021700951505429708 -0.0035887235020711384 0.0030868246477006424 -0.00098727912554084094 0.0044117670446179261 0.0031314543191362149 -0.00041069485841181783
leaf_weight=87848 1174 12242 4558 46961 9203 719 2745 2594 2986 1269 23593 553 1885 4544
leaf_count=87848 1174 12242 4558 46961 9203 719 2745 2594 2986 1269 23593 553 1885 4544
internal_value=5.964e-05 0.000496975 0.000410328 0.000107326 -0.000967447 -0.000135716 -0.0015572 -0.00329243 -0.0041369 -0.00152982 -0.000252252 -0.00123181 -0.00141516 0.00105995
internal_weight=202874 84451 83277 71035 24074 19516 10313 7568 6849 3863 118423 30575 30022 6429
internal_count=202874 84451 83277 71035 24074 19516 10313 7568 6849 3863 118423 30575 30022 6429
is_linear=0
shrinkage=0.05


Tree=461
num_leaves=15
num_cat=0
split_feature=52 28 6 30 57 18 12 13 52 52 52 38 53 13
split_gain=10.2809 16.7519 15.7565 12.9284 16.1787 11.3272 17.7966 31.3364 33.4802 52.1435 24.4928 22.8717 27.3528 29.9807
threshold=0.9970000982284547 75.500000000000014 33.95000076293946 47.500000000000007 62.150001525878913 0.25000000745058065 41.310417175292976 46.671726226806648 -0.86114627122879017 -0.79384350776672352 0.9937499761581422 24.349999427795414 -0.02257579285651445 79.392856597900405
decision_type=2 2 2 10 2 2 2 2 2 2 2 2 2 2
left_child=5 2 -2 -3 -5 6 -1 8 -8 -10 11 12 13 -9
right_child=1 3 -4 4 -6 -7 7 10 9 -11 -12 -13 -14 -15
leaf_value=0.0010115065201233315 -0.00040196940236270632 -0.0023740803057424606 -0.0037562894284988396 0.0047404590272914909 -0.0072464468283168285 -0.00020903453872117979 0.0014730891000553873 -0.00079305809062733129 -0.012511893659409768 -0.0015503743662747427 0.0063404546933372111 0.0011306835689921968 0.0002810440703450889 -0.0076879347265152928
leaf_weight=18479 2163 286 1695 620 83 99897 1997 14821 647 7959 363 11375 41174 417
leaf_count=18479 2163 286 1695 620 83 99897 1997 14821 647 7959 363 11375 41174 417
internal_value=-7.97085e-05 -0.00235228 -0.00383919 0.00342843 0.00704769 -2.37142e-05 0.000360441 3.2693e-05 -0.00249458 -0.00384749 0.000426203 0.000355842 -5.67155e-05 -0.00186582
internal_weight=201976 4847 3858 989 703 197129 97232 78753 10603 8606 68150 67787 56412 15238
internal_count=201976 4847 3858 989 703 197129 97232 78753 10603 8606 68150 67787 56412 15238
is_linear=0
shrinkage=0.05


Tree=462
num_leaves=15
num_cat=0
split_feature=28 22 40 12 16 46 11 13 16 38 45 13 41 36
split_gain=10.1033 22.0541 11.1648 21.2919 23.6913 42.7366 26.7778 24.9484 23.3454 19.8988 34.9247 36.2491 35.8488 29.3795
threshold=18.500000000000004 1367.5000000000002 979.64999389648449 87.165969848632827 58.850000381469734 19.849999427795414 72.29166412353517 49.395236968994148 42.350000381469734 15.949999809265138 -5.0869722366332999 125.4357147216797 1.5000000000000002 21.550000190734867
decision_type=2 2 2 2 2 2 2 2 2 2 2 2 2 2
left_child=1 -1 3 4 -2 6 -6 -8 -5 -4 -11 12 13 -12
right_child=2 -3 9 8 5 -7 7 -9 -10 10 11 -13 -14 -15
leaf_value=0.00088109964947209046 -0.00032282424644162149 0.0345043143506856 -7.1017581099672153e-05 0.0036854175387776439 -0.0059940773370748936 -0.022201017482271688 -0.0080130859150406939 0.0030538128273888288 -0.0049115113117439635 0.0030133514889816668 -0.0014292279326961867 0.0037408277127176301 -0.00081296526660408215 0.0015827380740880187
leaf_weight=5554 64127 140 95143 228 177 148 83 2343 1059 3840 2655 1060 13537 12802
leaf_count=5554 64127 140 95143 228 177 148 83 2343 1059 3840 2655 1060 13537 12802
internal_value=2.95703e-06 0.00207749 -5.70452e-05 -0.000574624 -0.000451501 0.00408367 0.00559701 0.00697865 -0.00691981 0.000216394 0.00125649 0.000681879 0.000348228 0.00199295
internal_weight=202896 5694 197202 68165 66878 2751 2603 2426 1287 129037 33894 30054 28994 15457
internal_count=202896 5694 197202 68165 66878 2751 2603 2426 1287 129037 33894 30054 28994 15457
is_linear=0
shrinkage=0.05


Tree=463
num_leaves=15
num_cat=0
split_feature=4 9 53 53 17 26 52 19 53 53 18 25 34 23
split_gain=12.894 16.5926 15.6405 25.2156 16.0058 24.1542 23.4103 20.4749 18.9131 24.7618 22.5612 19.0851 18.7467 18.5076
threshold=64.40000152587892 86.000000000000014 -0.99983122944831837 -0.99864786863327015 -28.150000572204586 0.68719995021820079 0.5986820161342622 34.649999618530281 -0.4906590580940246 0.76002004742622387 -7.7499999999999991 18.650000572204593 -3.5499999523162837 0.9350000023841859
decision_type=2 2 2 2 2 2 2 2 2 2 2 2 2 2
left_child=1 -1 -2 -4 5 8 7 -7 11 12 -11 -5 -10 -6
right_child=2 -3 3 4 13 6 -8 -9 9 10 -12 -13 -14 -15
leaf_value=4.1250672048789157e-05 0.00871475961638132 0.00090965663843680386 -0.0052163926880653636 0.00033386571054649862 -0.00061640237579492225 0.0050456042658108885 -0.0030523696992773674 -0.00011039451304136403 -0.031198737179878356 0.0020249964722536986 -0.0044604158764553871 -0.0052750808198367086 0.0030008258626028545 0.00043622234073262132
leaf_weight=103628 154 16649 799 2189 44447 574 2117 13198 70 616 619 424 5599 11320
leaf_count=103628 154 16649 799 2189 44447 574 2117 13198 70 616 619 424 5599 11320
internal_value=-4.07583e-06 0.000325679 -0.000486997 -0.000517797 -0.000430201 0.000609852 -0.00058337 0.000170512 0.0026005 0.00397021 -0.00242972 -0.00101982 0.00536626 -0.000904046
internal_weight=202403 120277 82126 81972 81173 25406 15889 13772 9517 6904 1235 2613 5669 55767
internal_count=202403 120277 82126 81972 81173 25406 15889 13772 9517 6904 1235 2613 5669 55767
is_linear=0
shrinkage=0.05


Tree=464
num_leaves=15
num_cat=0
split_feature=0 21 21 8 53 16 49 47 53 55 13 53 27 13
split_gain=11.2334 24.5345 18.1279 15.1372 18.9989 17.2266 14.162 13.6601 14.3465 36.0101 21.0797 17.5709 23.4377 21.6852
threshold=37.199998855590827 49.500000000000007 223.50000000000003 14.650000095367433 -0.52765738964080799 14.050000190734865 -2307.4999999999995 2.9838918447494511 -0.4906590580940246 2.5000000000000004 36.123809814453132 -0.099822327494621263 32.750000000000007 37.669940948486335
decision_type=2 2 2 2 2 2 10 2 2 2 2 2 2 2
left_child=1 -1 7 4 -2 6 -5 -3 9 -9 -11 12 13 -10
right_child=3 2 -4 5 -6 -7 -8 8 11 10 -12 -13 -14 -15
leaf_value=0.001896747798673626 -0.003546799618593029 0.0041663198453253661 0.0067694795961246064 -0.005653060480429792 0.0041045748949908893 -7.0253516970042451e-05 -0.0013159810109800399 -0.00067738368252925072 -0.0032452401891760493 0.0043075081082632029 0.0008230661573713099 0.00025330139475685524 0.00068326306136708636 -6.9243277650512215e-05
leaf_weight=5559 229 378 421 472 743 147494 2810 8891 4726 2910 7560 14214 3365 2653
leaf_count=5559 229 378 421 472 743 147494 2810 8891 4726 2910 7560 14214 3365 2653
internal_value=3.56905e-05 0.000680155 0.000293609 -0.000179562 0.00600815 -0.000219848 -0.00379708 0.00019516 0.000113357 0.00113443 0.00312023 -0.000678869 -0.00220383 -0.00377927
internal_weight=202425 50677 45118 151748 972 150776 3282 44697 44319 19361 10470 24958 10744 7379
internal_count=202425 50677 45118 151748 972 150776 3282 44697 44319 19361 10470 24958 10744 7379
is_linear=0
shrinkage=0.05


Tree=465
num_leaves=15
num_cat=0
split_feature=42 50 43 57 51 47 24 43 43 57 50 51 0 47
split_gain=9.53372 24.5272 42.6306 30.842 22.9425 20.1303 18.8756 22.5598 26.7927 20.4025 18.6895 57.1404 27.3578 26.0018
threshold=3.6499999761581425 -0.7865660786628722 397.50000000000006 107.8833351135254 -0.37940952181816096 4.45865821838379 44.500000000000007 41.875000000000007 237.50000000000003 26.750000000000004 0.37940952181816107 -0.12940952181816107 85.549999237060561 11.112633228302004
decision_type=2 2 8 2 2 2 2 10 10 2 2 2 2 2
left_child=1 2 3 4 -1 -2 7 9 -9 -3 11 13 -12 -7
right_child=5 6 -4 -5 -6 10 -8 8 -10 -11 12 -13 -14 -15
leaf_value=-0.011722257475185805 0.00073615342564546107 0.0047380626692371756 0.0012570946836204925 0.00053455417505462045 -0.0029619582147720411 -0.00065881705833340529 -0.0011904561001064514 0.0023063822755656216 -6.3250560815920903e-05 -0.00057696274415372441 -0.00010240240889470565 0.00079805981244210832 -0.001610209916929309 0.0014907658921308859
leaf_weight=575 16662 401 1946 1224 3974 37595 5289 6653 8202 13180 43143 49538 10500 3416
leaf_count=575 16662 401 1946 1224 3974 37595 5289 6653 8202 13180 43143 49538 10500 3416
internal_value=-1.73004e-06 -0.00067786 -0.0032184 -0.00537351 -0.00726585 0.000172506 -9.5598e-05 0.000414821 0.00176085 -0.00105769 -1.76835e-05 0.000420444 -0.00075718 -0.000959874
internal_weight=202298 41444 7719 5773 4549 160854 33725 28436 14855 13581 144192 90549 53643 41011
internal_count=202298 41444 7719 5773 4549 160854 33725 28436 14855 13581 144192 90549 53643 41011
is_linear=0
shrinkage=0.05


Tree=466
num_leaves=15
num_cat=0
split_feature=52 55 43 24 37 28 50 56 44 16 56 34 53 1
split_gain=8.76698 26.3901 22.3759 19.2464 17.4204 16.2174 15.2614 15.1691 14.0347 13.1877 12.5224 10.7127 22.8044 31.9595
threshold=0.9970000982284547 2.5000000000000004 3002.5000000000005 38.500000000000007 56.500000000000007 70.500000000000014 -1.0000000180025095e-35 20.650000572204593 -5.3864130973815909 20.150000572204593 22.650000572204593 -2.8500000238418575 -0.70900321006774891 69.049999237060561
decision_type=2 2 8 2 2 2 2 2 2 2 2 2 2 2
left_child=11 2 3 6 -4 7 -2 -3 -8 -7 -6 12 13 -1
right_child=1 5 4 -5 10 9 8 -9 -10 -11 -12 -13 -14 -15
leaf_value=0.0015836050456895373 -0.001444194000866005 0.00031163353424386173 -0.0078151318149216366 0.010206915360692551 0.013474129662943325 0.0032014758862333528 -0.0021147848513253437 -0.0052065643703658798 0.0052279929251575347 -0.0018206029886014006 -0.0019948692858234788 8.2653283144043527e-05 -0.0016336852906823588 -0.0055439831412867459
leaf_weight=4175 523 435 217 254 90 272 138 1731 532 368 261 185402 7610 832
leaf_count=4175 523 435 217 254 90 272 138 1731 532 368 261 185402 7610 832
internal_value=2.9332e-05 -0.00207514 0.00228395 0.00557653 -0.00605536 -0.00520241 0.00284705 -0.00726103 0.00779412 0.00176923 0.000900277 8.067e-05 -0.0013285 0.00129061
internal_weight=202840 4821 2015 1447 568 2806 1193 2166 670 640 351 198019 12617 5007
internal_count=202840 4821 2015 1447 568 2806 1193 2166 670 640 351 198019 12617 5007
is_linear=0
shrinkage=0.05


Tree=467
num_leaves=15
num_cat=0
split_feature=8 39 55 38 9 53 53 13 38 14 53 11 46 24
split_gain=10.65 16.7745 13.9475 25.5619 14.1123 14.6918 32.5277 22.2123 22.1794 22.6925 18.1131 16.1421 15.8228 22.9676
threshold=31.849999427795414 1.7500000000000002 5.5000000000000009 24.849999427795414 129.69999694824222 -0.33426210284233088 -0.26867066323757166 37.946428298950202 16.650000572204593 12.305651664733888 -0.013976481743156908 20.066666603088382 2.4500000476837163 210.50000000000003
decision_type=2 2 2 2 2 2 2 2 2 2 2 2 2 2
left_child=1 2 4 -4 5 12 7 11 10 -10 -8 -7 -1 -14
right_child=-2 -3 3 -5 -6 6 8 -9 9 -11 -12 -13 13 -15
leaf_value=0.0015566774676942119 -6.7067106588568348e-05 0.0045145051161540701 -0.0017646653809018087 0.0038192590208914416 0.0073795994068204113 0.00045046944624245521 -0.0024117392552334333 1.650935990349517e-05 0.0055941664419816191 0.00043582218111738215 0.00058406067886033759 -0.0071302870280100829 0.00014767930476051219 -0.0099484567024729631
leaf_weight=11949 167423 416 4111 645 211 154 3379 502 1144 1777 6175 575 3752 248
leaf_count=11949 167423 416 4111 645 211 154 3379 502 1144 1777 6175 575 3752 248
internal_value=2.63001e-05 0.000818877 0.000697332 -0.00181494 0.00109787 0.00100371 -0.00019685 -0.007917 0.000570685 0.00437564 -0.000595985 -0.0134303 0.0020349 -0.000685786
internal_weight=202461 35038 34622 4756 29866 29655 13706 1231 12475 2921 9554 729 15949 4000
internal_count=202461 35038 34622 4756 29866 29655 13706 1231 12475 2921 9554 729 15949 4000
is_linear=0
shrinkage=0.05


Tree=468
num_leaves=15
num_cat=0
split_feature=0 14 53 31 52 13 13 40 23 43 50 7 40 57
split_gain=10.6565 16.0565 13.032 20.1341 16.0071 15.435 13.3335 15.2301 15.2735 12.9159 11.2455 11.109 11.104 11.0222
threshold=215.35000610351565 53.451593399047859 0.99803557991981517 0.18843336403369906 -0.17647087574005124 137.45892333984378 142.79940032958987 990.64999389648449 0.89499998092651378 37.500000000000007 -0.37940952181816096 91.15000152587892 991.14999389648449 62.883333206176765
decision_type=2 2 2 2 2 2 2 2 2 10 2 2 2 2
left_child=1 -1 4 -4 5 13 -6 -8 9 -9 12 -12 -2 -3
right_child=10 2 3 -5 6 -7 7 8 -10 -11 11 -13 -14 -15
leaf_value=1.8123801257159677e-06 -0.0037458264099002533 -0.0021661632083205709 -0.0096897405855372008 0.0010171223943802501 0.0044909893292977747 -0.0017170683078996662 -0.0017368881941111074 0.00012501771345947501 -0.0029188294129385097 0.0058389979077410632 0.0036438456678400039 -0.0004585363090385035 -5.5958544958312209e-05 0.0022129296387396343
leaf_weight=193780 1036 181 238 372 960 528 552 260 156 604 169 2540 589 993
leaf_count=193780 1036 181 238 372 960 528 552 260 156 604 169 2540 589 993
internal_value=2.11856e-05 7.47606e-05 0.00291512 -0.00387097 0.00389962 0.000146028 0.00641227 0.00353982 0.00713592 0.0097254 -0.00242864 -0.000450533 -0.00570336 0.00333615
internal_weight=202958 198624 4844 610 4234 1702 2532 1572 1020 864 4334 2709 1625 1174
internal_count=202958 198624 4844 610 4234 1702 2532 1572 1020 864 4334 2709 1625 1174
is_linear=0
shrinkage=0.05


Tree=469
num_leaves=15
num_cat=0
split_feature=0 17 23 18 24 53 30 53 21 24 26 12 40 45
split_gain=12.2484 22.0108 18.8836 19.7963 17.4376 20.1443 15.1646 16.2298 17.0081 15.3511 15.2203 20.0892 14.8764 14.8923
threshold=85.549999237060561 21.44999980926514 1.2250000238418581 -60.199998855590813 340.50000000000006 -0.54940786957740773 47.500000000000007 0.42763730883598333 10.500000000000002 4.5000000000000009 0.69336640834808361 84.890972137451186 987.75000000000011 -4.9740147590637198
decision_type=2 2 2 2 2 2 8 2 2 2 2 2 2 2
left_child=4 -2 3 -3 6 -6 7 8 -1 10 11 -9 13 -10
right_child=1 2 -4 -5 5 -7 -8 9 12 -11 -12 -13 -14 -15
leaf_value=-0.0026810961625512737 -0.00065804562489894249 0.0035958025630615413 0.0035601907703523409 -4.4691415698614599e-05 0.004065211157587875 -0.0050864392765729242 1.8459652286229036e-05 0.0034877925237670748 -0.0011467627667422467 1.5157834269471927e-05 0.0051070349195420587 -0.0034823213690860239 -0.0026817629223684701 0.0014632754299277872
leaf_weight=1452 27355 764 1164 22786 1280 291 133407 667 1408 1126 1271 262 821 7781
leaf_count=1452 27355 764 1164 22786 1280 291 133407 667 1408 1126 1271 262 821 7781
internal_value=3.40608e-05 -0.000626452 0.000455023 0.000146435 0.000263727 0.00548703 0.000207989 0.00172658 0.000832462 0.00479616 0.00721719 0.00231629 0.00156687 0.00214425
internal_weight=201835 52069 24714 23550 149766 1571 148195 14788 11462 3326 2200 929 10010 9189
internal_count=201835 52069 24714 23550 149766 1571 148195 14788 11462 3326 2200 929 10010 9189
is_linear=0
shrinkage=0.05


Tree=470
num_leaves=15
num_cat=0
split_feature=36 18 32 7 40 52 52 52 43 33 56 56 46 41
split_gain=10.4132 9.34763 15.1887 15.4998 15.0406 27.431 26.3871 32.5056 24.411 23.7775 19.9195 27.3998 24.5682 24.3169
threshold=44.399999618530281 0.25000000745058065 5.1982948780059823 8.9000000953674334 978.25000000000011 -0.98803845047950734 -0.92274349927902211 -0.87812310457229603 1212.5000000000002 34.149999618530281 51.149999618530281 76.250000000000014 15.84999990463257 99.500000000000014
decision_type=2 2 2 2 2 2 2 2 8 2 2 2 2 2
left_child=1 2 3 -1 5 -3 -7 -8 9 10 -9 12 13 -12
right_child=-2 4 -4 -5 -6 6 7 8 -10 -11 11 -13 -14 -15
leaf_value=0.011887267201607578 -0.0043879493809660889 -0.0060916369375203401 0.0011512969868007674 6.3745064044658242e-05 4.1218520967500893e-05 0.0027782505507355686 -0.0055986524519144164 -0.0021483711741119961 0.00057393433058216539 0.0062227917170056381 0.00047130437454642184 -0.0020801288519639504 0.0051784284082406666 -0.0076653814236838707
leaf_weight=188 133 484 10562 89748 73517 1391 477 9980 6739 281 4969 2843 884 521
leaf_count=188 133 484 10562 89748 73517 1391 477 9980 6739 281 4969 2843 884 521
internal_value=2.62669e-05 3.57859e-05 0.000378079 0.000167323 -0.000301187 -0.00127454 -0.0010687 -0.00141926 -0.00118103 -0.0020782 -0.00229213 -0.000615043 0.00120614 -4.54545e-05
internal_weight=202717 202584 100498 89936 102086 28569 28085 26694 26217 19478 19197 9217 6374 5490
internal_count=202717 202584 100498 89936 102086 28569 28085 26694 26217 19478 19197 9217 6374 5490
is_linear=0
shrinkage=0.05


Tree=471
num_leaves=15
num_cat=0
split_feature=45 32 48 19 45 36 57 51 25 30 33 14 9 40
split_gain=10.6881 17.49 17.4631 19.2846 16.5379 16.0005 14.887 30.0505 19.6793 18.6159 16.3194 15.6933 15.6812 14.947
threshold=-1.0365213751792905 -0.5011233091354369 1.6500000357627871 69.299999237060561 5.0284266471862802 5.6499998569488534 44.616666793823249 0.78656607866287243 31.050000190734867 1477.5000000000002 0.55000001192092907 16.4581413269043 76.250000000000014 985.14999389648449
decision_type=2 2 2 2 2 2 2 2 2 8 2 2 2 2
left_child=1 5 -3 -4 6 -1 7 8 10 -8 -2 12 -12 -9
right_child=4 2 3 -5 -6 -7 9 13 -10 -11 11 -13 -14 -15
leaf_value=0.0023106199614180731 -0.00049211448019552753 0.0002191709333179484 0.0031361361149511804 0.00070091912552826545 0.00041645116204535042 -0.00013879154267934792 5.4913700730790939e-05 0.0013212492823409146 -0.0048778644287395317 -0.0010804961944009539 -0.0025578164455656001 0.0007723982904378143 0.00073079462208211488 0.0068856142886342675
leaf_weight=722 12950 25832 3504 10099 22355 56879 50591 2444 604 7890 6439 1025 737 323
leaf_count=722 12950 25832 3504 10099 22355 56879 50591 2444 604 7890 6439 1025 737 323
internal_value=3.70546e-06 0.000382293 0.00119343 0.00264269 -0.000344981 -0.000173144 -0.000670076 -0.0017039 -0.00232828 -0.000236361 -0.00207103 -0.003815 -0.00464097 0.00319589
internal_weight=202394 97036 39435 13603 105358 57601 83003 24522 21755 58481 21151 8201 7176 2767
internal_count=202394 97036 39435 13603 105358 57601 83003 24522 21755 58481 21151 8201 7176 2767
is_linear=0
shrinkage=0.05


Tree=472
num_leaves=15
num_cat=0
split_feature=0 18 43 38 17 0 18 5 17 47 34 24 25 25
split_gain=10.2493 14.5048 14.7187 12.5188 11.9055 18.2826 13.5217 14.2271 13.3051 15.366 14.3738 13.7243 16.7751 13.6805
threshold=17.650000572204593 1.8499999642372134 32.500000000000007 24.849999427795414 8.9499998092651385 180.90000152587893 -56.04999923706054 232.34999847412112 58.549999237060554 9.9609227180480975 -8.3499999046325666 484.00000000000006 11.34999990463257 54.95000076293946
decision_type=2 2 8 2 2 2 2 2 2 2 2 2 2 2
left_child=1 2 -1 -4 5 -2 -6 8 9 10 -8 -12 -13 -10
right_child=4 -3 3 -5 6 -7 7 -9 13 -11 11 12 -14 -15
leaf_value=0.0072800353151678049 -0.00011858468858270133 -0.0023918061530209343 0.00056884948975121643 0.0058468376759893415 0.0021841346330910083 -0.0017255908174078436 -0.0098669045900970868 0.0026169203133448839 -0.00029010293173399864 -0.0010663588373245048 0.00040728686821092029 -0.012435003590029005 0.0045019805863759392 -0.0022941269171591647
leaf_weight=470 128265 760 4008 649 1978 2866 161 705 8300 4971 46944 81 600 1620
leaf_count=470 128265 760 4008 649 1978 2866 161 705 8300 4971 46944 81 600 1620
internal_value=2.22345e-06 0.00205613 0.00301246 0.00214806 -5.94145e-05 -0.000334182 0.000491816 0.000364399 0.000284349 0.00060028 0.000875596 0.000927364 0.0079233 -0.00139476
internal_weight=202378 5887 5127 4657 196491 131131 65360 63382 62677 52757 47786 47625 681 9920
internal_count=202378 5887 5127 4657 196491 131131 65360 63382 62677 52757 47786 47625 681 9920
is_linear=0
shrinkage=0.05


Tree=473
num_leaves=15
num_cat=0
split_feature=19 47 34 23 5 16 56 43 43 16 38 43 51 50
split_gain=9.44161 15.3509 19.0246 12.6108 10.6952 10.6826 19.4818 22.0849 18.7113 17.7278 16.2625 21.0111 19.0095 14.4904
threshold=17.750000000000004 6.2949359416961679 0.84999999403953563 0.17500000447034839 67.40000152587892 14.050000190734865 46.350000381469734 342.50000000000006 797.50000000000011 13.34999990463257 1.7500000000000002 1007.5000000000001 -0.12940952181816107 -0.37940952181816096
decision_type=2 2 2 2 2 2 2 8 10 2 2 8 2 2
left_child=1 2 -1 -4 -3 6 7 -2 -8 13 11 12 -7 -9
right_child=5 4 3 -5 -6 10 8 9 -10 -11 -12 -13 -14 -15
leaf_value=0.01131874718271283 0.0011587115716851966 -0.00047810563297343223 0.006264449905205572 -0.003356942809239663 0.012593508857496397 0.0052851182800556845 -0.0036582116277718182 0.00074899069343966045 0.01214026266625653 -0.0046700585146965132 4.7110501977880305e-05 -0.0056275875130909619 -0.0027911871931628248 -0.0021985853442724225
leaf_weight=375 4124 1510 253 267 72 269 1635 2022 59 925 186855 604 772 2482
leaf_count=375 4124 1510 253 267 72 269 1635 2022 59 925 186855 604 772 2482
internal_value=4.20305e-06 0.00306594 0.00825967 0.00198113 9.42211e-05 -3.39162e-05 -0.00153016 -0.000650946 -0.0064554 -0.00274407 5.54347e-05 -0.00487915 -0.000547098 -0.00143996
internal_weight=202224 2477 895 520 1582 199747 11247 9553 1694 5429 188500 1645 1041 4504
internal_count=202224 2477 895 520 1582 199747 11247 9553 1694 5429 188500 1645 1041 4504
is_linear=0
shrinkage=0.05


Tree=474
num_leaves=15
num_cat=0
split_feature=49 51 50 19 50 41 44 41 43 41 45 40 38 19
split_gain=10.0335 16.2917 77.1447 31.6726 28.4596 33.0168 29.4669 27.0722 24.9381 23.5503 22.7745 24.0441 22.3344 20.9554
threshold=1.0000000180025095e-35 -0.12940952181816107 -1.0000000180025095e-35 88.599998474121108 -0.6035533845424651 4.5000000000000009 -3.5607949495315547 73.500000000000014 217.50000000000003 45.500000000000007 3.3808432817459111 971.04998779296886 4.0499999523162851 118.84999847412111
decision_type=8 2 2 2 2 2 2 2 8 2 2 2 2 2
left_child=-1 4 3 -3 5 -2 7 10 -8 13 -6 -12 -7 -4
right_child=1 2 9 -5 6 12 8 -9 -10 -11 11 -13 -14 -15
leaf_value=-0.00016653560294202787 -0.0026240486544328537 0.0034342485480622336 -0.00039084753263716467 0.00061257208000033289 -0.0010203632505944138 -0.0065621784460191436 0.0024547587405475526 -0.0023175984941106688 0.00034528735575811779 0.00064173702493191479 -0.010903713595299729 0.0017787859441041635 5.6919603079023943e-05 -0.0024021654518691011
leaf_weight=90409 6837 9281 8827 11328 6172 406 5056 4739 29278 7459 140 4018 13534 4956
leaf_count=90409 6837 9281 8827 11328 6172 406 5056 4739 29278 7459 140 4018 13534 4956
internal_value=5.75451e-05 0.000373747 0.00115442 0.00333309 -9.18934e-05 -0.00164406 0.000561087 -0.00128158 0.00136996 -0.00095991 0.000154739 0.00301104 -0.000247312 -0.00218408
internal_weight=202440 112031 41851 20609 70180 20777 49403 15069 34334 21242 10330 4158 13940 13783
internal_count=202440 112031 41851 20609 70180 20777 49403 15069 34334 21242 10330 4158 13940 13783
is_linear=0
shrinkage=0.05


Tree=475
num_leaves=15
num_cat=0
split_feature=28 22 18 23 40 26 13 40 51 13 13 14 30 0
split_gain=10.6307 19.6858 12.0632 15.273 13.7935 15.9617 19.1058 12.3745 12.7339 11.9868 13.3978 11.9179 11.8176 17.3566
threshold=18.500000000000004 1367.5000000000002 -14.449999809265135 0.044999999925494201 973.04998779296886 0.57688084244728099 70.597618103027358 971.35000610351574 -0.6035533845424651 40.861606597900398 57.779762268066413 20.617152214050297 52.500000000000007 64.40000152587892
decision_type=2 2 2 2 2 2 2 2 2 2 2 2 8 2
left_child=1 9 4 -4 5 7 -7 -2 -9 11 -11 -1 13 -6
right_child=2 -3 3 -5 12 6 -8 8 -10 10 -12 -13 -14 -15
leaf_value=0.0014911631744501887 -0.0022640136390200296 0.030977661546481607 0.010080790187843247 -0.00013009018098892323 0.0028453182225479296 0.0013857092507562696 0.0058727525005576259 -0.0035939627447845153 0.0030130272629009763 -0.001660384513767324 0.0049155739870143881 0.0093321849515183193 1.3402041369862256e-05 0.000313094680851218
leaf_weight=3207 541 144 177 150943 2373 902 508 131 436 1761 231 321 33780 7311
leaf_count=3207 541 144 177 150943 2373 902 508 131 436 1761 231 321 33780 7311
internal_value=3.40277e-05 0.00216778 -2.73956e-05 -0.000243168 0.00068164 0.00427215 0.00778169 -0.000223614 0.00489601 0.00167269 -0.00142358 0.00342001 0.000472696 0.00201155
internal_weight=202766 5664 197102 151120 45982 2518 1410 1108 567 5520 1992 3528 43464 9684
internal_count=202766 5664 197102 151120 45982 2518 1410 1108 567 5520 1992 3528 43464 9684
is_linear=0
shrinkage=0.05


Tree=476
num_leaves=15
num_cat=0
split_feature=49 37 27 44 13 52 52 13 40 12 52 52 33 15
split_gain=10.0491 16.3899 21.4297 14.0392 13.4761 24.962 43.6581 41.7006 34.0365 36.6182 24.9227 24.7355 42.3717 28.9221
threshold=-1.0000000180025095e-35 20.500000000000004 40.850000381469734 -2.3337017297744747 43.658332824707038 -0.90893998742103566 -0.93545487523078907 78.475296020507827 983.45001220703136 53.195833206176765 -0.96689236164093006 -0.97509795427322377 8.4499998092651385 121.29999923706056
decision_type=8 2 2 2 2 2 2 2 2 2 2 2 2 2
left_child=1 -1 4 -4 -3 6 7 8 11 10 -10 13 -13 -6
right_child=-2 2 3 -5 5 -7 -8 -9 9 -11 -12 12 -14 -15
leaf_value=-0.0039292075335747509 0.00016305261404366036 -0.00096228336685899032 0.01291857917869379 -1.8695141387280179e-05 0.00027279631618080811 -0.00024189198607480131 0.0048059101061777828 -0.0076481197680163693 0.0047541188249846577 -0.0029261268427181911 -0.0050505431702060621 0.0061582655239349176 -0.019726373641368613 0.0057431696074659311
leaf_weight=1169 114711 16697 490 342 3516 56870 1728 785 1152 2473 344 1452 122 503
leaf_count=1169 114711 16697 490 342 3516 56870 1728 785 1152 2473 344 1452 122 503
internal_value=4.57097e-05 -0.000357375 -0.000277508 0.00766033 -0.000355508 -4.67696e-05 0.00201696 0.000784494 0.00169766 -0.00184091 0.00431607 0.00420757 0.00950126 0.00211591
internal_weight=202354 87643 86474 832 85642 68945 12075 10347 9562 3969 1496 5593 1574 4019
internal_count=202354 87643 86474 832 85642 68945 12075 10347 9562 3969 1496 5593 1574 4019
is_linear=0
shrinkage=0.05


Tree=477
num_leaves=15
num_cat=0
split_feature=4 56 47 15 53 13 16 53 53 43 53 44 31 37
split_gain=9.44144 16.6217 18.733 17.6223 32.6625 21.9343 34.1376 27.5644 21.7987 20.2243 18.7085 33.233 17.2823 19.7625
threshold=22.44999980926514 38.95000076293946 15.957678318023683 62.750000000000007 0.13185577094554904 54.235713958740241 38.850000381469734 -0.27694045007228846 0.44312302768230444 122.50000000000001 -0.99864786863327015 2.6879194974899296 -1.4465710520744322 31.500000000000004
decision_type=2 2 2 2 2 2 2 2 2 10 2 2 2 2
left_child=-1 12 3 4 5 10 7 -7 9 -6 11 -3 13 -2
right_child=1 2 -4 -5 8 6 -8 -9 -10 -11 -12 -13 -14 -15
leaf_value=0.00079154052115932303 0.0023042096979883232 -0.008139566252099403 -0.0047490110624647088 3.3130822048105249e-05 0.0066862574877992915 0.0045288961433393232 -0.0041466585452835996 -0.0042535910010394213 0.0014507616786139405 -0.0014424567883995669 0.00010044736145375585 0.0067215724375418858 -0.00087719686188836863 -0.00023321282406321665
leaf_weight=12791 3452 394 597 125802 1174 1859 471 340 1896 242 10760 74 24525 18388
leaf_count=12791 3452 394 597 125802 1174 1859 471 340 1896 242 10760 74 24525 18388
internal_value=6.25077e-05 -2.60548e-05 0.000239697 0.00027688 0.001777 0.000711821 0.00477612 0.00739022 0.00623119 0.0109046 -0.000258053 -0.00993724 -0.000849057 0.000173913
internal_weight=202765 189974 143609 143012 17210 13898 2670 2199 3312 1416 11228 468 46365 21840
internal_count=202765 189974 143609 143012 17210 13898 2670 2199 3312 1416 11228 468 46365 21840
is_linear=0
shrinkage=0.05


Tree=478
num_leaves=15
num_cat=0
split_feature=49 26 37 54 43 12 9 24 40 16 14 15 53 38
split_gain=9.28973 15.4456 33.4098 18.372 31.9494 40.8902 28.1938 37.9087 25.2186 22.2871 19.0199 18.5131 35.1451 30.5539
threshold=5.0537879467010507 0.70009732246398937 89.500000000000014 3.5000000000000004 37.500000000000007 68.606941223144545 65.799999237060561 17.500000000000004 985.85000610351574 34.649999618530281 43.304805755615241 149.25000000000003 0.90438663959503185 17.349999427795414
decision_type=10 2 2 2 8 2 2 2 2 2 2 2 2 2
left_child=1 3 -3 4 5 -1 7 -6 -7 -9 -8 13 -13 -5
right_child=-2 2 -4 11 6 8 10 9 -10 -11 -12 12 -14 -15
leaf_value=0.0084680173797804272 0.00020349991213091808 -0.00097355441899385779 0.00070281650033306164 -0.0009809919017043946 0.0028949448318812232 0.0091183798716943047 -0.00073601318135452969 -0.0015835514643460467 -0.00012715434667943533 0.0034059349450882592 0.0029878835201800633 0.0021463635342147147 -0.0012671118869106365 0.00023358719861124035
leaf_weight=1144 84520 23177 7306 28918 4581 193 8643 3428 1776 854 416 4136 2040 31511
leaf_count=1144 84520 23177 7306 28918 4581 193 8643 3428 1776 854 416 4136 2040 31511
internal_value=3.81193e-05 -0.000248237 -0.00121749 8.89903e-05 0.00137681 0.00604387 0.000563239 0.00256678 0.00165488 -0.000815471 -0.00139762 -0.000317871 0.00228742 -0.000584474
internal_weight=202643 118123 30483 87640 21035 3113 17922 8863 1969 4282 9059 66605 6176 60429
internal_count=202643 118123 30483 87640 21035 3113 17922 8863 1969 4282 9059 66605 6176 60429
is_linear=0
shrinkage=0.05


Tree=479
num_leaves=15
num_cat=0
split_feature=6 23 40 7 12 52 55 40 23 33 26 12 28 18
split_gain=9.66781 15.4257 29.1532 26.5538 24.0947 21.6842 22.2284 19.4942 16.0115 17.5573 15.9932 16.2008 15.9513 15.1995
threshold=45.699998855590827 0.63499999046325695 978.04998779296886 58.649999618530281 61.981945037841804 -0.93545487523078907 1.5000000000000002 974.95001220703136 0.82499998807907116 30.349999427795414 0.70052310824394237 48.405555725097663 68.500000000000014 -30.55000019073486
decision_type=2 2 2 2 2 2 2 2 2 2 2 2 2 2
left_child=1 -1 5 4 -4 -3 7 10 -8 -10 11 -7 -6 -2
right_child=13 2 3 -5 12 6 8 -9 9 -11 -12 -13 -14 -15
leaf_value=-1.3743722180556418e-05 0.00038960029153773946 0.0061243443666018256 0.0019776395372549951 0.0062002989692340237 -0.0016935812267108873 -0.0054900994995115528 0.0018450473848497214 -0.0039077984905096343 -0.00081939746950281112 0.0052497551465135409 0.0041328773583247103 0.00056056480657833141 -0.014398943308968605 -0.00024387064344559423
leaf_weight=55735 21667 475 6424 1278 578 423 3549 1631 4686 227 384 732 149 104860
leaf_count=55735 21667 475 6424 1278 578 423 3549 1631 4686 227 384 732 149 104860
internal_value=-4.11719e-05 0.000403443 0.00157452 0.00383043 0.00263581 2.06322e-06 -0.000429479 -0.00399371 0.000908876 -0.000939468 4.84183e-05 -0.002897 -0.00593623 -0.000309198
internal_weight=202798 76271 20536 8429 7151 12107 11632 3170 8462 4913 1539 1155 727 126527
internal_count=202798 76271 20536 8429 7151 12107 11632 3170 8462 4913 1539 1155 727 126527
is_linear=0
shrinkage=0.05


Tree=480
num_leaves=15
num_cat=0
split_feature=53 13 53 13 15 56 49 40 51 26 57 47 16 24
split_gain=10.5174 25.4245 16.4565 29.6508 17.6621 17.4015 16.0508 17.6387 18.0848 19.2584 15.9268 15.2302 20.2281 24.4103
threshold=0.9993295967578889 161.83869171142581 0.99803557991981517 131.20982360839847 267.75000000000006 159.50000000000003 582.50000000000011 987.14999389648449 0.78656607866287243 0.98174703121185314 138.78333282470706 2.8229968547821049 35.549999237060554 6.5000000000000009
decision_type=2 2 2 2 2 2 10 2 2 2 2 2 2 2
left_child=2 6 11 -4 5 -5 7 10 9 -9 -2 12 13 -1
right_child=1 -3 3 4 -6 -7 -8 8 -10 -11 -12 -13 -14 -15
leaf_value=0.003128856763915039 0.0036601992226680119 -0.0068620811591992587 -0.0057434594266699947 0.0033683077206434599 -0.0054490649163853018 -0.0017065776462152884 -0.0071220351515457999 -0.0001360096956514574 0.0054405793201423303 0.004700390722506745 -0.0049469542838997778 -3.5488310102477215e-05 6.2363635305337511e-05 -0.0023782514425166532
leaf_weight=1503 54 211 561 489 203 377 73 792 385 607 154 193851 2994 424
leaf_count=1503 54 211 561 489 203 377 73 792 385 607 154 193851 2994 424
internal_value=-3.94695e-06 0.00336833 -4.24126e-05 -0.00503049 -0.000115848 0.00302511 0.00507229 0.00594406 0.00755295 0.00484386 -0.00756881 -1.25766e-06 0.00274285 0.00672432
internal_weight=202678 2276 200402 1630 1069 866 2065 1992 1784 1399 208 198772 4921 1927
internal_count=202678 2276 200402 1630 1069 866 2065 1992 1784 1399 208 198772 4921 1927
is_linear=0
shrinkage=0.05


Tree=481
num_leaves=15
num_cat=0
split_feature=34 0 45 23 35 40 3 9 34 13 52 15 37 45
split_gain=8.40307 10.5959 9.58209 9.1248 12.6696 16.6755 11.6355 11.536 11.058 11.0289 11.0685 9.88152 10.0634 9.70504
threshold=3.1499999761581425 187.44999694824222 2.5629341602325444 0.14500000327825549 35.500000000000007 986.45001220703136 30.250000000000004 35.95000076293946 -1.6500000357627866 72.496429443359389 -0.4218058288097381 23.750000000000004 81.500000000000014 -14.369521141052244
decision_type=2 2 2 2 2 2 2 2 2 2 2 2 2 2
left_child=3 2 -2 4 6 7 8 -6 -1 -7 -11 12 -5 -13
right_child=1 -3 -4 11 5 9 -8 -9 -10 10 -12 13 -14 -15
leaf_value=-0.0051950987676681343 -0.0012413250918922411 -0.0083341065025727534 0.00066995632485302857 -0.0011626607006611723 0.0041993957722180897 0.0074676594146105228 -0.0021607195438570503 -0.0022277265161293361 0.0031649924435958932 -0.0061680077748229841 0.0052620366115409163 0.0017906012305253351 -0.0099788291881008264 3.660727934256605e-05
leaf_weight=166 6006 119 2260 376 262 860 877 615 740 98 280 1478 110 188039
leaf_count=166 6006 119 2260 376 262 860 877 615 740 98 280 1478 110 188039
internal_value=7.46431e-05 -0.00147409 -0.0012506 0.000141689 0.00253327 0.00514118 -0.000571668 -0.000140924 0.00338428 0.00885417 0.00167526 9.24937e-05 -0.00695565 0.000110934
internal_weight=202286 8385 8266 193901 3898 2115 1783 877 906 1238 378 190003 486 189517
internal_count=202286 8385 8266 193901 3898 2115 1783 877 906 1238 378 190003 486 189517
is_linear=0
shrinkage=0.05


Tree=482
num_leaves=15
num_cat=0
split_feature=21 48 47 0 57 13 0 5 52 16 23 12 36 0
split_gain=8.39324 17.9058 24.4814 21.6959 18.0764 21.2891 17.067 17.7409 19.2576 17.9074 24.5022 25.4399 16.9717 16.3624
threshold=73.500000000000014 -0.55000001192092884 5.1521286964416513 35.95000076293946 44.349998474121101 48.496429443359382 139.00000000000003 156.25000000000003 -0.79384350776672352 67.200000762939467 1.1649999618530276 80.492362976074233 5.6499998569488534 171.59999847412112
decision_type=2 2 2 2 2 2 2 2 2 2 2 2 2 2
left_child=1 2 -1 -3 5 -5 7 9 -9 -2 -11 -12 -4 -6
right_child=6 3 12 4 13 -7 -8 8 -10 10 11 -13 -14 -15
leaf_value=0.00066571846185611145 -0.00011041701444041899 0.0015439852944028024 0.0046939041810227329 0.00025302153423660686 0.00063853782595475099 -0.0013923866663152285 -0.0015681917217992157 0.0056710332670305286 0.00054804514672942845 -0.0035874389700342071 -0.01379324336929777 0.00165578013901182 -0.0010147049215119442 -0.00045885697798912078
leaf_weight=7798 86413 9594 298 10672 40144 7801 2939 522 4682 2294 161 954 21161 7088
leaf_count=7798 86413 9594 298 10672 40144 7801 2939 522 4682 2294 161 954 21161 7088
internal_value=1.78985e-05 0.000329457 -0.000720094 0.000737296 0.000412767 -0.000913001 -0.000314621 -0.000198346 0.00263713 -0.0003629 -0.00391196 0.00215556 -0.00159183 0.000931375
internal_weight=202521 104556 29257 75299 65705 18473 97965 95026 5204 89822 3409 1115 21459 47232
internal_count=202521 104556 29257 75299 65705 18473 97965 95026 5204 89822 3409 1115 21459 47232
is_linear=0
shrinkage=0.05


Tree=483
num_leaves=15
num_cat=0
split_feature=53 13 49 53 53 13 26 44 8 14 47 24 18 5
split_gain=8.47134 21.0087 14.0536 13.2566 19.2967 37.7985 15.9091 17.1408 13.9913 14.5566 11.8259 23.4202 26.6862 18.1258
threshold=0.9993295967578889 169.63987731933597 632.50000000000011 0.9974811077117921 0.99530133605003368 175.55238342285159 0.97835326194763195 -3.968325018882751 85.099998474121108 50.228534698486335 2.8229968547821049 6.5000000000000009 29.250000000000004 99.799999237060561
decision_type=2 2 10 2 2 2 2 2 2 2 2 2 2 2
left_child=3 2 -2 4 10 -6 8 -8 -5 -10 11 13 -13 -1
right_child=1 -3 -4 6 5 -7 7 -9 9 -11 -12 12 -14 -15
leaf_value=0.0026861356252566252 0.0017913346938488021 -0.01172583213043733 -0.0080504887557887022 0.0027705772888368951 0.00020759720702079426 0.0057653455451814502 0.0039969717652490163 -0.0051861988665030277 0.00012905074104758996 -0.0061478526378461488 -5.0706664270130931e-05 0.00060815830648643099 -0.0061491280307616235 0.00052753346328246757
leaf_weight=1523 2139 136 52 271 1198 439 87 712 775 288 192162 848 395 1963
leaf_count=1523 2139 136 52 271 1198 439 87 712 775 288 192162 848 395 1963
internal_value=-8.37447e-06 0.0029846 0.00419128 -4.323e-05 -1.00736e-06 0.00538859 -0.00395474 -0.00948702 -0.000595238 -0.00319199 -4.60892e-05 0.0024214 -0.00345172 0.00451945
internal_weight=202988 2327 2191 200661 198528 1637 2133 799 1334 1063 196891 4729 1243 3486
internal_count=202988 2327 2191 200661 198528 1637 2133 799 1334 1063 196891 4729 1243 3486
is_linear=0
shrinkage=0.05


Tree=484
num_leaves=15
num_cat=0
split_feature=45 41 15 15 44 13 56 46 16 16 55 37 11 47
split_gain=9.62743 21.2385 22.1577 21.9161 20.5471 23.7957 23.3462 24.1792 23.1776 23.9474 22.1636 25.09 22.6244 27.8666
threshold=-1.0365213751792905 1.0000000180025095e-35 38.250000000000007 36.250000000000007 1.4546316862106325 47.003570556640632 36.350000381469734 9.0500001907348651 17.150000572204593 9.4000000953674334 1.5000000000000002 46.500000000000007 145.18958282470706 3.6103807687759404
decision_type=2 2 2 2 2 2 2 2 2 2 2 2 2 2
left_child=1 4 3 -3 5 6 -1 -8 9 -6 -10 -12 -13 -14
right_child=-2 2 -4 -5 8 -7 7 -9 10 -11 11 12 13 -15
leaf_value=0.00073526242050467316 -0.0001483288932016227 -0.00012115469802310743 0.00062826635142261924 -0.0053597210576885159 -0.0035373093508248052 0.0010588739172111201 -0.0037528440848845729 0.010281528923243478 0.00024148458130070495 0.0034427499478712834 0.00011604258095327114 -0.0025377352789722613 -0.010773131168649492 0.0021911701680740248
leaf_weight=2561 105188 2102 52894 965 548 11146 2424 206 6678 1728 4429 9938 106 1000
leaf_count=2561 105188 2102 52894 965 548 11146 2424 206 6678 1728 4429 9938 106 1000
internal_value=2.11714e-05 0.000381196 0.00101347 -0.0031118 -0.00048683 0.000885484 -0.00190829 -0.00520833 -0.00140463 0.0033902 -0.00189861 -0.00293709 -0.00421115 0.00255376
internal_weight=201913 96725 55961 3067 40764 16337 5191 2630 24427 2276 22151 15473 11044 1106
internal_count=201913 96725 55961 3067 40764 16337 5191 2630 24427 2276 22151 15473 11044 1106
is_linear=0
shrinkage=0.05


Tree=485
num_leaves=15
num_cat=0
split_feature=34 4 9 38 24 32 46 13 24 6 16 37 34 57
split_gain=9.31325 16.9961 15.7873 15.5094 18.0409 11.1612 15.2035 10.2495 10.0743 23.7564 20.1861 26.2193 20.1418 14.5402
threshold=-4.7499999999999991 71.599998474121108 109.54999923706056 18.250000000000004 35.500000000000007 3.6750426292419438 2.7500000000000004 55.068153381347663 284.00000000000006 86.250000000000014 35.350000381469734 57.500000000000007 3.8500000238418584 63.983333587646491
decision_type=2 2 2 2 2 2 2 2 2 2 2 2 2 2
left_child=1 3 7 -1 -5 -6 -7 -3 -2 10 11 -10 -12 -11
right_child=8 2 -4 4 5 6 -8 -9 9 13 12 -13 -14 -15
leaf_value=-0.002238103193074509 1.974859484335928e-05 -0.0016043229076563963 0.02266414040260345 -0.0018399192263510084 0.005945271729528941 -0.007578960214228706 0.0033955052344119886 -0.0094394734268341066 0.0025259169316100508 0.0022414566575551633 0.0043845569797585473 -0.0047176129321731585 -0.004540460141041619 -0.0056233373620175392
leaf_weight=2246 193549 308 52 680 466 96 225 494 1029 212 1838 723 125 455
leaf_count=2246 193549 308 52 680 466 96 225 494 1029 212 1838 723 125 455
internal_value=3.95046e-05 -0.0021903 -0.00850694 -0.000718507 0.00326676 0.00837516 0.00113293 -0.0102833 9.10625e-05 0.00245902 0.00402013 0.000113507 0.0074886 -0.00616691
internal_weight=202498 4567 854 3713 1467 787 321 802 197931 4382 3715 1752 1963 667
internal_count=202498 4567 854 3713 1467 787 321 802 197931 4382 3715 1752 1963 667
is_linear=0
shrinkage=0.05


Tree=486
num_leaves=15
num_cat=0
split_feature=23 31 26 23 24 29 44 14 52 14 52 27 52 14
split_gain=9.23736 11.491 16.3604 20.3846 18.9553 22.2857 20.8801 20.9831 20.193 35.314 29.414 24.5237 19.4973 23.4274
threshold=0.14500000327825549 1.5735748410224917 0.70897960662841808 1.6649999618530276 22.500000000000004 4.9500000476837167 -3.968325018882751 33.113794326782234 0.29342973232269293 19.430381774902347 -0.4218058288097381 26.849999427795414 -0.39036798477172846 47.982151031494148
decision_type=2 2 2 2 2 2 2 2 2 2 2 2 2 2
left_child=-1 -2 4 -4 6 -6 7 -3 9 11 -11 -8 -12 -14
right_child=1 2 3 -5 5 -7 8 -9 -10 10 12 -13 13 -15
leaf_value=0.0012874798936310891 0.00010759264163463512 -0.00011227286813157711 -0.00083683113247198663 0.013937533808213533 -0.0025913558967544364 -0.00026512527676493259 -0.001923784087042918 -0.0032660830578939456 0.0017671254479456841 0.0028100509045843832 -0.0053924791406375801 0.0013024011141628657 -0.00046855588900840129 0.0037122366195669223
leaf_weight=3966 128927 6250 19926 101 3722 14725 4821 1617 9571 3586 352 1909 2503 641
leaf_count=3966 128927 6250 19926 101 3722 14725 4821 1617 9571 3586 352 1909 2503 641
internal_value=-9.50021e-06 -5.72583e-05 -0.000574325 -0.00178046 -8.80158e-05 -0.00135856 0.000662188 -0.00156468 0.00141175 0.000188106 0.00265087 -0.00240356 -0.000613234 0.000649968
internal_weight=202617 198651 69724 20027 49697 18447 31250 7867 23383 13812 7082 6730 3496 3144
internal_count=202617 198651 69724 20027 49697 18447 31250 7867 23383 13812 7082 6730 3496 3144
is_linear=0
shrinkage=0.05


Tree=487
num_leaves=15
num_cat=0
split_feature=0 14 34 53 6 12 25 41 38 9 6 13 9 0
split_gain=10.1433 12.5678 17.3232 15.9775 15.6422 15.6004 13.7489 13.0844 15.2863 11.9563 12.9759 28.6846 25.6309 21.1101
threshold=242.60000610351565 46.867082595825202 0.45000000298023229 0.99803557991981517 251.94999694824222 114.12847137451173 58.649999618530281 28.500000000000004 12.750000000000002 240.75000000000003 62.050001144409187 51.289285659790046 56.149999618530281 62.500000000000007
decision_type=2 2 2 2 2 2 2 2 2 2 2 2 2 2
left_child=1 4 3 7 9 -5 -4 -3 -9 10 -1 12 13 -12
right_child=-2 2 6 5 -6 -7 -8 8 -10 -11 11 -13 -14 -15
leaf_value=0.00012520451244785251 -0.0013042132809989934 -0.00041317214396234807 0.0020714079517257962 0.0034001707893632316 -0.0072623540910538523 -0.0062426065071091441 -0.0040684571193499103 0.0018181522047402644 -0.0017376745680602651 0.0015558952564713791 -0.0014094065098790081 -0.00010648670728069035 0.00027619909415432797 -0.0053762247049898735
leaf_weight=114948 2186 3348 3750 70 287 398 102 1851 418 1503 3555 64855 3117 2280
leaf_count=114948 2186 3348 3750 70 287 398 102 1851 418 1503 3555 64855 3117 2280
internal_value=-1.28282e-05 2.41905e-05 0.00175681 9.43396e-05 -6.62538e-05 -0.00868201 0.00437597 0.000839701 0.00376262 -4.83528e-05 -8.38344e-05 -0.000601149 -0.00325262 -0.0052053
internal_weight=202668 200482 9937 6085 190545 468 3852 5617 2269 190258 188755 73807 8952 5835
internal_count=202668 200482 9937 6085 190545 468 3852 5617 2269 190258 188755 73807 8952 5835
is_linear=0
shrinkage=0.05


Tree=488
num_leaves=15
num_cat=0
split_feature=8 20 15 15 52 50 52 16 36 19 7 24 53 15
split_gain=9.05455 13.5975 17.0207 26.4018 23.0691 20.7168 19.9405 19.473 17.8276 22.5288 23.7509 18.5843 18.4208 17.0977
threshold=31.849999427795414 118.85000228881837 72.500000000000014 43.250000000000007 0.98213580250740062 0.37940952181816107 0.99053108692169201 43.600000381469734 27.94999980926514 218.6499938964844 43.850000381469734 11.500000000000002 0.41202506422996527 100.90000152587892
decision_type=2 2 2 2 2 2 2 2 2 2 2 2 2 2
left_child=1 2 3 6 7 -6 -1 -5 11 10 -10 13 -13 -4
right_child=-2 -3 8 4 5 -7 -8 -9 9 -11 -12 12 -14 -15
leaf_value=-0.0011714873523134218 -6.4355206661905609e-05 0.0028528410075798457 -0.0023311155483521765 0.0019411355464475006 0.00087976925512183802 -0.0038769208351884382 0.0044045086502277038 -0.0060167761358012658 0.0012913851499050909 0.0052648066710010702 -0.0029600035249958533 -0.002068845964075903 -0.0081999604566292354 0.0017779253636993491
leaf_weight=6027 167410 613 1766 12919 1764 1071 820 118 3399 669 1039 2544 729 1529
leaf_count=6027 167410 613 1766 12919 1764 1071 820 118 3399 669 1039 2544 729 1529
internal_value=1.34616e-05 0.000744638 0.000611847 0.00140899 0.00252802 -0.00155536 -0.00118492 0.00341649 -0.000939238 0.00127516 -2.2482e-05 -0.00266038 -0.00532288 -7.5643e-06
internal_weight=202417 35007 34394 22719 15872 2835 6847 13037 11675 5107 4438 6568 3273 3295
internal_count=202417 35007 34394 22719 15872 2835 6847 13037 11675 5107 4438 6568 3273 3295
is_linear=0
shrinkage=0.05


Tree=489
num_leaves=15
num_cat=0
split_feature=36 43 37 52 52 45 51 50 50 44 43 24 52 26
split_gain=8.92505 11.392 13.3244 10.2795 11.2954 13.2375 9.44962 54.8734 35.3409 37.0364 27.6568 29.1317 36.0246 30.137
threshold=44.399999618530281 3247.5000000000005 6.5000000000000009 0.97112539410591137 0.70290291309356701 3.631972193717957 0.12940952181816107 -1.0000000180025095e-35 -0.37940952181816096 -3.1985763311386104 687.50000000000011 44.500000000000007 0.2603727281093598 0.70172464847564708
decision_type=2 10 2 2 2 2 2 2 2 2 8 2 2 2
left_child=1 6 -3 4 5 -4 8 -8 -1 -10 11 12 -11 -14
right_child=-2 2 3 -5 -6 -7 7 -9 9 10 -12 -13 13 -15
leaf_value=-0.00068276226556038136 -0.0046682714326514527 -0.0059975220053305302 -0.0035749214950505596 -0.0033518370215803051 0.0057795937423619007 0.0062350391526949014 0.00078752915132553026 -0.00038101987149554708 -0.0005842699929648282 0.00080077919951381806 -9.218952742154064e-05 -0.0014111211306401862 0.0064615434268887025 0.0017187804986481669
leaf_weight=41058 120 113 268 128 750 84 42379 50655 24596 15095 17952 2567 3128 3844
leaf_count=41058 120 113 268 128 750 84 42379 50655 24596 15095 17952 2567 3128 3844
internal_value=1.98523e-05 2.82539e-05 0.00460089 0.00612903 0.00768885 0.000276243 -2.48405e-06 0.000367031 -0.000320092 0.000386207 0.00127829 0.00236569 0.00295217 0.00592237
internal_weight=202737 202617 1343 1230 1102 352 201274 93034 108240 67182 42586 24634 22067 6972
internal_count=202737 202617 1343 1230 1102 352 201274 93034 108240 67182 42586 24634 22067 6972
is_linear=0
shrinkage=0.05


Tree=490
num_leaves=15
num_cat=0
split_feature=0 53 15 20 4 45 26 37 55 36 53 13 12 13
split_gain=9.44567 14.688 14.0103 13.3039 15.0991 9.38641 19.0387 19.7754 34.8126 24.9295 22.4308 17.0673 55.927 31.4797
threshold=17.650000572204593 0.96849882602691661 23.750000000000004 5.8500001430511483 41.649999618530281 -1.0365213751792905 0.70052310824394237 89.500000000000014 1.0000000180025095e-35 32.850000381469734 -0.074115883558988557 125.4357147216797 138.4402770996094 147.9699401855469
decision_type=2 2 2 2 2 2 2 2 2 2 2 2 2 2
left_child=1 3 -2 -1 -5 6 -4 9 -9 11 -11 12 -8 -13
right_child=2 -3 5 4 -6 -7 7 8 -10 10 -12 13 -14 -15
leaf_value=-0.00088292171490778201 -0.0044358414069039015 0.014820805252302095 0.00037634813805395573 0.0011556718592384385 0.006778823901722986 -0.00019500805310354585 -0.0008250622111294543 -0.0039413925145547271 0.0017366366716052462 0.00096418879153917507 0.0053348444946473622 -0.003613572744671634 0.0053300787355307494 5.4875576965246479e-05
leaf_weight=2074 337 93 63820 3269 461 102863 17657 797 4103 1680 301 2302 536 1796
leaf_count=2074 337 93 63820 3269 461 102863 17657 797 4103 1680 301 2302 536 1796
internal_value=-6.12324e-05 0.00190875 -0.000120539 0.00157379 0.00335561 -0.000102749 0.000261285 -0.000796724 0.00209776 -0.00138168 0.00398041 -0.00185978 -0.00120172 -0.00477118
internal_weight=202089 5897 196192 5804 3730 195855 92992 29172 4900 24272 1981 22291 18193 4098
internal_count=202089 5897 196192 5804 3730 195855 92992 29172 4900 24272 1981 22291 18193 4098
is_linear=0
shrinkage=0.05


Tree=491
num_leaves=15
num_cat=0
split_feature=40 12 13 37 47 42 38 36 33 46 55 43 40 12
split_gain=8.70332 31.3918 38.3174 21.7077 15.5795 16.2689 18.0986 21.2165 14.9475 12.8331 12.0064 11.7779 11.0466 28.8787
threshold=971.85000610351574 77.119445800781264 76.945831298828139 12.500000000000002 7.2563300132751474 3.9500000476837163 22.94999980926514 32.850000381469734 6.6499998569488534 0.65000000596046459 1.0000000180025095e-35 1372.5000000000002 979.75000000000011 86.419445037841811
decision_type=2 2 2 2 2 2 2 2 2 2 2 8 2 2
left_child=1 2 3 -1 5 11 7 -7 10 -9 -6 -5 13 -2
right_child=12 -3 -4 4 8 6 -8 9 -10 -11 -12 -13 -14 -15
leaf_value=-0.013502707911905432 -0.00020972458734288548 0.0034449760395343699 -0.0045445396446873636 -0.0012190331257206145 -0.0054876001544189798 -0.005312197084923068 0.0048779541111281938 0.0034824944690128551 -0.0035477445434446697 -0.0095698211603696681 0.0010687620736897524 0.0061745089339040257 0.00010301977647470818 -0.0033837177601422474
leaf_weight=99 64902 589 316 775 348 174 1422 393 407 78 1748 82 129992 1356
leaf_count=99 64902 589 316 775 348 174 1422 393 407 78 1748 82 129992 1356
internal_value=1.96111e-05 0.00182813 0.000709159 0.00168895 0.00212893 0.00460123 0.00699326 3.81679e-05 -0.000766017 0.00556133 0.000949668 -0.00118224 -3.97432e-05 -0.000565129
internal_weight=202681 6431 5842 5526 5427 2924 2067 645 2503 471 2096 857 196250 66258
internal_count=202681 6431 5842 5526 5427 2924 2067 645 2503 471 2096 857 196250 66258
is_linear=0
shrinkage=0.05


Tree=492
num_leaves=15
num_cat=0
split_feature=32 18 23 16 13 13 14 36 33 16 13 33 50 32
split_gain=8.76776 22.5988 18.2837 19.3165 33.3876 25.1433 18.6725 17.7646 17.1986 18.9071 22.1617 17.0033 18.9236 16.0891
threshold=3.6157579421997075 -2.8500000238418575 1.1649999618530276 31.150000572204593 48.809226989746101 44.90089416503907 12.851372718811037 38.049999237060554 2.5499999523162846 17.94999980926514 40.861606597900398 0.15000000223517421 0.37940952181816107 5.923358917236329
decision_type=2 2 2 2 2 2 2 2 2 2 2 2 2 2
left_child=-1 11 3 4 5 8 -4 -6 9 13 -11 12 -2 -3
right_child=1 2 6 -5 7 -7 -8 -9 -10 10 -12 -13 -14 -15
leaf_value=-7.4996244295690026e-05 0.0027860925184641249 0.00076308551965000027 -0.0043139078278224821 0.00079167168268251856 -0.0030158881906074326 0.0039545146975968034 0.00029875308683880445 0.0059209650886007936 -0.0027952416371670417 0.0028108290039072004 -0.0020389734888552093 0.0002064048049186973 0.00028835007619989198 -0.0061936175091593824
leaf_weight=167024 4784 507 1026 9435 2901 1269 818 118 1038 2175 827 7281 2841 668
leaf_count=167024 4784 507 1026 9435 2901 1269 818 118 1038 2175 827 7281 2841 668
internal_value=-3.94629e-06 0.000707323 -0.000358311 0.000105552 -0.00148481 0.000538959 -0.00509709 -0.00581875 -0.001 0.000435873 0.00253984 0.00219228 0.00384086 -0.00491561
internal_weight=202712 35688 20782 18938 9503 6484 1844 3019 5215 4177 3002 14906 7625 1175
internal_count=202712 35688 20782 18938 9503 6484 1844 3019 5215 4177 3002 14906 7625 1175
is_linear=0
shrinkage=0.05


Tree=493
num_leaves=15
num_cat=0
split_feature=37 43 19 13 45 38 11 52 52 44 23 52 26 18
split_gain=10.041 9.60086 15.9872 22.6495 20.2256 18.9378 14.93 13.3174 13.3481 11.8333 14.6467 11.7615 10.1385 9.71518
threshold=8.5000000000000018 17.500000000000004 28.44999980926514 52.127677917480476 -1.6094263792037962 10.750000000000002 33.658332824707038 -0.87812310457229603 -0.84315016865730275 -2.3337017297744747 0.30500000715255743 -0.86976337432861317 0.63543477654457103 126.65000152587892
decision_type=2 8 2 2 2 2 2 2 2 2 2 2 2 2
left_child=-1 2 -2 5 9 6 -4 -6 -9 10 -5 -12 -7 -3
right_child=1 13 3 4 7 12 -8 8 -10 -11 11 -13 -14 -15
leaf_value=-0.0047505718442427056 0.0060840659984469749 -2.768945932311029e-05 -0.0042801862237330877 0.0053032942075500831 0.0026564362764189783 -0.00014472507448148875 0.0058537099734215451 -0.0096565771397419189 7.9135405642757903e-05 0.0045413740881993028 0.0029112392038975277 -0.0051383680686006407 -0.0057045810232440267 -0.0037160409087075939
leaf_weight=348 355 192365 84 110 920 305 205 65 4928 1034 65 201 715 444
leaf_count=348 355 192365 84 110 920 305 205 65 4928 1034 65 201 715 444
internal_value=-1.36035e-05 1.23881e-06 0.00159775 0.00116293 0.00224669 -0.00487111 0.0062709 0.000958129 -6.4961e-05 0.00760563 0 -0.00634058 -0.00805825 -7.32552e-05
internal_weight=202144 201796 8987 8632 7323 1309 289 5913 4993 1410 376 266 1020 192809
internal_count=202144 201796 8987 8632 7323 1309 289 5913 4993 1410 376 266 1020 192809
is_linear=0
shrinkage=0.05


Tree=494
num_leaves=15
num_cat=0
split_feature=42 43 50 24 37 14 38 16 57 41 15 50 16 41
split_gain=9.60462 25.1625 27.3842 30.0108 21.7202 22.2363 21.9054 20.1726 18.7297 17.6542 19.874 17.4437 28.3399 35.4476
threshold=3.5499999523162846 57.500000000000007 0.37940952181816107 8.5000000000000018 77.500000000000014 8.5466232299804705 22.050000190734867 25.150000572204593 243.466667175293 1.5000000000000002 250.05000305175784 0.37940952181816107 67.200000762939467 95.500000000000014
decision_type=2 10 2 2 2 2 2 2 2 2 2 2 2 2
left_child=1 4 7 -4 5 -1 -7 -3 11 10 -6 -2 -13 -14
right_child=8 2 3 -5 9 6 -8 -9 -10 -11 -12 12 13 -15
leaf_value=0.0010020353661919917 0.00022351603462161479 -0.0027407454065259797 0.0035601654200337288 -3.4039698215970749e-07 0.0011852173674654521 -0.001762144204105079 -0.0053763521082835905 0.00011676460411071677 0.002413992241480182 -0.00083132478604660024 -0.0032835893829668006 -0.00012461751138673622 -0.0033152192481319094 0.00065943630437163565
leaf_weight=1531 103060 2705 3058 3437 4374 6500 895 9692 1002 6468 383 53387 4049 1975
leaf_count=1531 103060 2705 3058 3437 4374 6500 895 9692 1002 6468 383 53387 4049 1975
internal_value=-3.23415e-05 -0.000736819 0.000574013 0.00320138 -0.00196543 -0.00380483 -0.00493923 -0.000803982 0.000135947 -0.000500668 0.00180931 9.37033e-05 -0.000588597 -0.00383659
internal_weight=202516 39043 18892 6495 20151 8926 7395 12397 163473 11225 4757 162471 59411 6024
internal_count=202516 39043 18892 6495 20151 8926 7395 12397 163473 11225 4757 162471 59411 6024
is_linear=0
shrinkage=0.05


Tree=495
num_leaves=15
num_cat=0
split_feature=0 21 20 43 53 57 12 14 54 12 53 15 41 13
split_gain=11.1461 10.5253 11.4414 9.655 15.986 10.006 28.0587 16.5539 9.74912 37.5755 53.7759 33.0784 36.2785 32.7845
threshold=275.20001220703131 9.5000000000000018 90.649997711181655 12.500000000000002 0.26659387350082403 157.90000152587893 92.704860687255874 25.319688796997074 11.500000000000002 149.65000152587893 0.99895980954170238 155.30000305175784 3.5000000000000004 94.291069030761733
decision_type=2 2 2 8 2 2 2 2 2 2 2 2 2 2
left_child=3 -2 -3 4 -1 6 -6 -8 -5 11 -11 -10 -13 -14
right_child=1 2 -4 8 5 -7 7 -9 9 10 -12 12 13 -15
leaf_value=-0.0026110700230189536 -0.0037334274713396523 -0.0038422422884996643 0.0032000481590271444 3.1848652284255374e-05 0.002211643881150019 0.0032327068532019155 0.0032431554584815728 -0.0035732899497995687 -3.5470742492258077e-05 0.0019971960705935351 -0.009065762497001242 -0.0042544672986694664 0.0038889281217454443 -0.0016592607762681512
leaf_weight=423 579 101 179 183073 1220 536 185 595 6246 3340 302 2792 541 2349
leaf_count=423 579 101 179 183073 1220 536 185 595 6246 3340 302 2792 541 2349
internal_value=-1.6916e-05 -0.00566743 0.00224138 7.44003e-06 0.00283766 0.00434014 0.00268657 -0.00468354 -3.48598e-05 -0.00123556 0.00320372 -0.00259256 -0.00534961 -0.00141379
internal_weight=202461 859 280 201602 2959 2536 2000 780 198643 15570 3642 11928 5682 2890
internal_count=202461 859 280 201602 2959 2536 2000 780 198643 15570 3642 11928 5682 2890
is_linear=0
shrinkage=0.05


Tree=496
num_leaves=15
num_cat=0
split_feature=29 14 53 39 46 43 15 8 53 23 44 15 46 57
split_gain=8.35943 10.9946 9.56258 8.39158 31.9555 17.7648 16.7879 17.6137 13.6083 13.247 12.381 8.94873 10.1228 12.704
threshold=24.250000000000004 20.029807090759281 -0.46039597690105433 0.45000000298023229 61.250000000000007 92.500000000000014 73.90000152587892 31.44999980926514 -0.99628248810768116 0.78499999642372142 -5.9462170600891104 79.750000000000014 3.1499999761581425 45.083332061767585
decision_type=2 2 2 2 2 8 2 2 2 2 2 2 2 2
left_child=3 2 -2 -1 5 9 7 -7 -9 -5 -10 -8 13 -13
right_child=1 -3 -4 4 -6 6 11 8 10 -11 -12 12 -14 -15
leaf_value=-2.6143163192532404e-05 0.0039183427556365733 0.013031130112818612 -0.0019701999869692318 -0.0077791112474188302 -0.013238769331794293 0.0040754295238954021 0.0076384526879532434 0.01018556744944637 -0.0037037814918862324 0.0027651492572255253 0.00096408795442115699 -0.00081732702365230479 0.0014403880549674676 0.007499001407986274
leaf_weight=196157 140 159 300 317 191 662 470 136 1193 161 1093 163 1392 327
leaf_count=196157 140 159 300 317 191 662 470 136 1193 161 1093 163 1392 327
internal_value=2.10725e-05 0.00587028 0.00166667 3.46069e-06 0.00182747 0.00248987 0.00330518 0.000872657 -0.0011102 -0.00665984 -0.00204704 0.00647756 0.00488901 0.011
internal_weight=202861 599 440 202262 6105 5914 5436 3084 2422 478 2286 2352 1882 490
internal_count=202861 599 440 202262 6105 5914 5436 3084 2422 478 2286 2352 1882 490
is_linear=0
shrinkage=0.05


Tree=497
num_leaves=15
num_cat=0
split_feature=8 15 15 47 47 55 38 52 52 55 38 18 8 52
split_gain=9.85329 14.5366 19.6123 21.491 17.3155 17.0162 31.3626 17.0869 14.6982 13.4474 13.4024 13.1972 14.1529 12.9626
threshold=28.550000190734867 42.649999618530281 48.45000076293946 5.9505317211151132 4.9445626735687265 5.5000000000000009 24.849999427795414 0.9970000982284547 -0.98214942216873158 2.5000000000000004 16.750000000000004 -36.54999923706054 13.650000095367433 0.86113432049751293
decision_type=2 2 2 2 2 2 2 2 2 2 2 2 2 2
left_child=1 -1 3 4 -3 7 8 11 -7 -9 -5 -4 13 -13
right_child=-2 2 5 10 -6 6 -8 9 -10 -11 -12 12 -14 -15
leaf_value=-0.00078796142060205969 -5.32561910210283e-05 0.0021199166902734906 0.0066934139907312536 0.002868240951423723 -0.0052366177784168022 -0.010888849254966009 0.0048041970516130919 0.0015190910080017607 -0.0017920119728087284 -0.0050566469535070152 0.008874579826815044 0.00074511362266071806 0.00068999698930973592 0.010129974928600023
leaf_weight=5217 175867 435 342 1399 298 178 374 339 1967 656 539 676 13666 449
leaf_count=5217 175867 435 342 1399 298 178 374 339 1967 656 539 676 13666 449
internal_value=1.65504e-05 0.000914485 0.00149334 0.00549235 -0.00178331 0.000917886 -0.0028964 0.00151506 -0.00523202 -0.004801 0.00823922 0.00193324 0.00170428 0.00707048
internal_weight=202402 26535 21318 2671 733 18647 2519 16128 2145 995 1938 15133 14791 1125
internal_count=202402 26535 21318 2671 733 18647 2519 16128 2145 995 1938 15133 14791 1125
is_linear=0
shrinkage=0.05


Tree=498
num_leaves=15
num_cat=0
split_feature=31 47 36 38 51 41 38 36 26 39 42 38 13 47
split_gain=8.73067 18.288 23.3947 23.2997 31.1513 32.142 27.4632 23.6651 24.6689 23.0682 22.7749 24.5819 35.3208 25.0458
threshold=1.5735748410224917 4.7173163890838632 25.44999980926514 23.050000190734867 -0.37940952181816096 28.500000000000004 24.550000190734867 31.849999427795414 0.999151110649109 0.45000000298023229 6.6499998569488534 12.84999990463257 49.89464187622071 6.8683569431304941
decision_type=2 2 2 2 2 2 2 2 2 2 2 2 2 2
left_child=1 -1 -3 10 5 6 -5 8 9 -6 -4 13 -13 -12
right_child=-2 2 3 4 7 -7 -8 -9 -10 -11 11 12 -14 -15
leaf_value=0.00058501577203192432 -0.00019829250655248131 -0.00049379180019498703 3.0861049048859505e-05 -0.0018494653186431004 -0.00017721697827395856 -0.0026270811395159265 0.0011715385549804429 0.0026888441550045245 0.0092549276971661595 0.0037734832993496317 -0.0032533449110207172 0.0043592503239401727 0.00052411583694730315 0.0011517553340673282
leaf_weight=24369 72686 41378 13054 2308 16785 6553 4308 2551 267 1157 1362 5444 4819 4701
leaf_count=24369 72686 41378 13054 2308 16785 6553 4308 2551 267 1157 1362 5444 4819 4701
internal_value=2.00742e-05 0.000266918 -2.02967e-05 0.000583948 -0.000308642 -0.00220996 0.000249019 0.00089793 0.000264833 3.62077e-05 0.00161449 0.00285872 0.00434878 0.000333443
internal_weight=201742 129056 104687 63309 33929 13169 6616 20760 18209 17942 29380 16326 10263 6063
internal_count=201742 129056 104687 63309 33929 13169 6616 20760 18209 17942 29380 16326 10263 6063
is_linear=0
shrinkage=0.05


Tree=499
num_leaves=15
num_cat=0
split_feature=40 53 53 23 43 57 34 54 41 47 44 51 53 57
split_gain=8.64472 21.5246 18.4055 17.7884 16.1576 16.109 15.7799 25.5891 27.7722 23.2788 19.4762 23.5013 20.7975 19.0349
threshold=979.75000000000011 -0.15950992703437802 -0.091258823871612535 0.65500000119209301 1192.5000000000002 97.950000762939467 0.35000000894069677 4.5000000000000009 87.500000000000014 9.4637627601623553 2.0077346563339238 -0.37940952181816096 -0.99628248810768116 26.383333206176761
decision_type=2 2 2 2 8 2 2 2 2 2 2 2 2 2
left_child=1 6 -3 4 -4 -5 7 9 -9 -1 11 -10 -13 -8
right_child=-2 2 3 5 -6 -7 13 8 10 -11 -12 12 -14 -15
leaf_value=-0.0068891012695306538 0.00014385505018345776 -0.0064922441881410543 0.0019648280848146454 -0.0074488908518971142 -0.0039875236248520683 0.0025042931255539885 0.0014960846068481958 0.00068513371962331546 -0.003946396149796849 0.0040597952441141288 0.0016315642584331632 0.0068087105190152769 -0.00072226745914236168 -0.00066171570046711032
leaf_weight=1263 129874 1132 1160 329 272 74 2839 27858 2330 294 881 247 3861 29780
leaf_count=1263 129874 1132 1160 329 272 74 2839 27858 2330 294 881 247 3861 29780
internal_value=4.12949e-05 -0.000396792 -0.00455996 -0.00144986 0.00117892 -0.0105932 -0.000218056 0.000492597 0.000770881 -0.00575941 -0.00196821 -0.00292339 -0.000643516 -0.00101827
internal_weight=202194 72320 2967 1835 1432 403 69353 36734 35177 1557 7319 6438 4108 32619
internal_count=202194 72320 2967 1835 1432 403 69353 36734 35177 1557 7319 6438 4108 32619
is_linear=0
shrinkage=0.05


end of trees

feature_importances:
doy_cos=409
doy_sin=406
pm25_now=397
pm25_mean168=352
wind_mean_h=329
dew_point_2m_tgt=252
relative_humidity_2m_tgt=241
boundary_layer_height_tgt=222
pm25_max24=203
pm25_min24=197
precip_cum_h=183
pm25_mean72=179
temperature_2m_tgt=177
wind_u_tgt=167
snaive_3d_mean=167
dust_now=156
pm_coarse_ratio=155
pm10_now=154
surface_pressure_tgt=154
dayofweek=145
blh_diff_tgt=144
pm25_std24=124
aerosol_optical_depth_now=123
hour_sin=112
snaive_1d=109
hour_cos=105
precip_sum24=102
wind_v_tgt=95
relative_humidity_2m_now=88
month=88
pm25_lag1=84
cloud_cover_tgt=82
wind_u_now=79
pm25_trend6=77
pm25_trend24=73
pm25_lag72=70
wind_speed_10m_tgt=69
pm25_lag168=67
sulphur_dioxide_now=58
boundary_layer_height_now=57
pm25_mean24=51
pm25_lag24=47
ozone_now=45
temperature_2m_now=45
temp_diff_tgt=45
wind_v_now=44
temp_change24=36
wind_speed_10m_now=33
pm25_lag6=32
nitrogen_dioxide_now=29
pm25_lag48=25
pm25_mean6=23
carbon_monoxide_now=19
horizon=19
pm25_lag3=16
pm25_lag2=14
pm25_lag12=13
precipitation_tgt=13

parameters:
[boosting: gbdt]
[objective: quantile]
[metric: quantile]
[tree_learner: serial]
[device_type: cpu]
[data_sample_strategy: bagging]
[data: ]
[valid: ]
[num_iterations: 500]
[learning_rate: 0.05]
[num_leaves: 15]
[num_threads: 8]
[seed: 42]
[deterministic: 0]
[force_col_wise: 0]
[force_row_wise: 0]
[histogram_pool_size: -1]
[max_depth: -1]
[min_data_in_leaf: 50]
[min_sum_hessian_in_leaf: 0.001]
[bagging_fraction: 0.7]
[pos_bagging_fraction: 1]
[neg_bagging_fraction: 1]
[bagging_freq: 1]
[bagging_seed: 400]
[bagging_by_query: 0]
[feature_fraction: 0.7]
[feature_fraction_bynode: 1]
[feature_fraction_seed: 30056]
[extra_trees: 0]
[extra_seed: 12879]
[early_stopping_round: 0]
[early_stopping_min_delta: 0]
[first_metric_only: 0]
[max_delta_step: 0]
[lambda_l1: 0]
[lambda_l2: 10]
[linear_lambda: 0]
[min_gain_to_split: 0]
[drop_rate: 0.1]
[max_drop: 50]
[skip_drop: 0.5]
[xgboost_dart_mode: 0]
[uniform_drop: 0]
[drop_seed: 17869]
[top_rate: 0.2]
[other_rate: 0.1]
[min_data_per_group: 100]
[max_cat_threshold: 32]
[cat_l2: 10]
[cat_smooth: 10]
[max_cat_to_onehot: 4]
[top_k: 20]
[monotone_constraints: ]
[monotone_constraints_method: basic]
[monotone_penalty: 0]
[feature_contri: ]
[forcedsplits_filename: ]
[refit_decay_rate: 0.9]
[cegb_tradeoff: 1]
[cegb_penalty_split: 0]
[cegb_penalty_feature_lazy: ]
[cegb_penalty_feature_coupled: ]
[path_smooth: 0]
[interaction_constraints: ]
[verbosity: -1]
[saved_feature_importance_type: 0]
[use_quantized_grad: 0]
[num_grad_quant_bins: 4]
[quant_train_renew_leaf: 0]
[stochastic_rounding: 1]
[linear_tree: 0]
[max_bin: 255]
[max_bin_by_feature: ]
[min_data_in_bin: 3]
[bin_construct_sample_cnt: 200000]
[data_random_seed: 175]
[is_enable_sparse: 1]
[enable_bundle: 1]
[use_missing: 1]
[zero_as_missing: 0]
[feature_pre_filter: 1]
[pre_partition: 0]
[two_round: 0]
[header: 0]
[label_column: ]
[weight_column: ]
[group_column: ]
[ignore_column: ]
[categorical_feature: ]
[forcedbins_filename: ]
[precise_float_parser: 0]
[parser_config_file: ]
[objective_seed: 16083]
[num_class: 1]
[is_unbalance: 0]
[scale_pos_weight: 1]
[sigmoid: 1]
[boost_from_average: 1]
[reg_sqrt: 0]
[alpha: 0.5]
[fair_c: 1]
[poisson_max_delta_step: 0.7]
[tweedie_variance_power: 1.5]
[lambdarank_truncation_level: 30]
[lambdarank_norm: 1]
[label_gain: ]
[lambdarank_position_bias_regularization: 0]
[eval_at: ]
[multi_error_top_k: 1]
[auc_mu_weights: ]
[num_machines: 1]
[local_listen_port: 12400]
[time_out: 120]
[machine_list_filename: ]
[machines: ]
[gpu_platform_id: -1]
[gpu_device_id: -1]
[gpu_device_id_list: ]
[gpu_use_dp: 0]
[num_gpu: 1]

end of parameters

pandas_categorical:[]
